LabVIEW Measurement	
Writer_Version	2
Reader_Version	2
Separator	Tab
Decimal_Separator	.
Multi_Headings	No
X_Columns	One
Time_Pref	Absolute
Operator	twtn4
Date	2023/08/27
Time	14:54:31.9895379499428886667
***End_of_Header***	
	
Notes	X values guaranteed valid only for Dev1/ai2							
Channels	7							
Samples	100	100	100	100	100	100	1	
Date	2023/08/27	2023/08/27	2023/08/27	2023/08/27	2023/08/27	2023/08/27	2023/08/27	
Time	14:54:31.9895379499428886667	14:54:31.9895519495838302866	14:54:31.9895939487394857898	14:54:31.98957994909854417	14:54:31.9895659494576025501	14:54:31.9896079483804274097	14:54:32.0915360450744628906	
Y_Unit_Label	Volts	Volts	Volts	Volts	Volts	Volts		
X_Dimension	Time	Time	Time	Time	Time	Time	Time	
X0	0.0000000000000000E+0	0.0000000000000000E+0	0.0000000000000000E+0	0.0000000000000000E+0	0.0000000000000000E+0	0.0000000000000000E+0	0.0000000000000000E+0	
Delta_X	0.001000	0.001000	0.001000	0.001000	0.001000	0.001000	1.000000	
***End_of_Header***								
X_Value	Dev1/ai2	Dev1/ai3	Dev1/ai17 (Filtered)	Dev1/ai1 (Filtered)	Dev1/ai16	Dev1/ai12 (Filtered)	Untitled	Comment
0.000000	20.460886	0.783196	0.006330	-249.999902	0.195396	-250.001268	0.000000
0.001000	20.465114	1.147520	0.041283	-249.999259	0.230441	-250.008836	
0.002000	20.126857	0.961310	0.134926	-249.997239	0.242123	-250.031383	
0.003000	20.443973	1.017982	0.306266	-249.992914	-0.034348	-250.078578	
0.004000	20.363637	0.953214	0.558287	-249.985410	0.296639	-250.159779	
0.005000	20.456658	0.937022	0.882817	-249.973845	0.214866	-250.284041	
0.006000	20.291758	1.034175	1.264931	-249.957226	0.187608	-250.460113	
0.007000	20.545450	0.823676	1.686157	-249.934448	0.242123	-250.696451	
0.008000	20.359409	0.847965	2.126946	-249.904551	0.199290	-251.001219	
0.009000	20.376322	1.171808	2.568696	-249.866838	0.284957	-251.382293	
0.010000	20.376322	0.872253	2.995194	-249.820654	0.168138	-251.847267	
0.011000	20.587732	0.912733	3.393265	-249.765186	0.039637	-252.403460	
0.012000	20.498940	0.783196	3.752847	-249.699577	0.195396	-253.057915	
0.013000	20.410148	1.026079	4.066982	-249.623097	0.035743	-253.817411	
0.014000	20.456658	0.791292	4.331858	-249.535080	0.105834	-254.688460	
0.015000	20.422832	0.904637	4.546574	-249.434909	-0.123910	-255.677317	
0.016000	20.465114	0.807484	4.712464	-249.322052	0.090259	-256.789982	
0.017000	20.359409	1.050367	4.832378	-249.195976	0.043531	-258.032208	
0.018000	20.372094	0.872253	4.910404	-249.056016	0.203184	-259.409498	
0.019000	20.452430	0.799388	4.951876	-248.901403	0.207078	-260.927119	
0.020000	20.418604	0.742716	4.963152	-248.731518	0.331685	-262.590098	
0.021000	20.317127	0.945118	4.950871	-248.546002	0.168138	-264.403230	
0.022000	20.443973	0.783196	4.921139	-248.344523	0.222654	-266.371085	
0.023000	20.456658	0.904637	4.879284	-248.126596	0.082471	-268.498006	
0.024000	20.473571	0.880349	4.829976	-247.891691	0.168138	-270.788118	
0.025000	20.342496	1.204192	4.777437	-247.639381	0.214866	-273.245331	
0.026000	20.342496	0.937022	4.725514	-247.369282	0.304427	-275.873344	
0.027000	20.274845	0.661755	4.677113	-247.081055	0.008485	-278.675648	
0.028000	20.549678	0.758908	4.633639	-246.774461	0.105834	-281.655531	
0.029000	20.435517	0.726523	4.595526	-246.449243	0.082471	-284.816083	
0.030000	20.372094	0.985598	4.563233	-246.104976	0.199290	-288.160196	
0.031000	20.553907	0.864157	4.537488	-245.741129	0.230441	-291.690563	
0.032000	20.490484	0.945118	4.518720	-245.357355	0.101940	-295.409676	
0.033000	20.452430	0.969406	4.506636	-244.953559	0.121410	-299.319840	
0.034000	20.435517	0.807484	4.500511	-244.529674	0.098047	-303.423191	
0.035000	20.520081	0.564602	4.499671	-244.085488	-0.046030	-307.721707	
0.036000	20.486255	0.750812	4.503595	-243.620741	0.086365	-312.217196	
0.037000	20.536994	0.856061	4.511633	-243.135240	0.218760	-316.911296	
0.038000	20.232563	0.920829	4.522764	-242.628786	0.199290	-321.805483	
0.039000	20.427060	0.928926	4.535688	-242.101218	0.101940	-326.901071	
0.040000	20.389006	0.993694	4.549053	-241.552514	0.234335	-332.199216	
0.041000	20.410148	0.726523	4.561760	-240.982637	0.172032	-337.700920	
0.042000	20.241019	0.775100	4.573259	-240.391360	0.261593	-343.407034	
0.043000	20.625786	0.767004	4.583590	-239.778356	0.257699	-349.318265	
0.044000	20.393235	0.791292	4.592956	-239.143491	0.226548	-355.435172	
0.045000	20.520081	1.017982	4.601156	-238.486883	0.269381	-361.758176	
0.046000	20.405919	0.969406	4.607650	-237.808673	0.168138	-368.287560	
0.047000	20.558135	0.896541	4.612178	-237.108866	0.047425	-375.023459	
0.048000	20.460886	0.864157	4.614983	-236.387417	0.078577	-381.965853	
0.049000	20.490484	1.017982	4.616530	-235.644327	0.210972	-389.114567	
0.050000	20.283301	0.767004	4.617306	-234.879544	0.172032	-396.469306	
0.051000	20.439745	0.783196	4.617607	-234.093058	-0.092758	-404.029685	
0.052000	20.393235	0.686043	4.617335	-233.285012	0.265487	-411.795232	
0.053000	20.511625	0.969406	4.616334	-232.455536	0.027955	-419.765369	
0.054000	20.228334	0.880349	4.614721	-231.604533	0.136986	-427.939409	
0.055000	20.545450	0.888445	4.612729	-230.731810	0.117516	-436.316555	
0.056000	20.359409	0.815580	4.610524	-229.837391	0.129198	-444.895906	
0.057000	20.397463	1.058463	4.608174	-228.921552	0.218760	-453.676457	
0.058000	20.448201	0.686043	4.605830	-227.984592	0.207078	-462.657102	
0.059000	20.431289	0.920829	4.603783	-227.026678	0.082471	-471.836642	
0.060000	20.511625	0.677947	4.602072	-226.047925	0.238229	-481.213780	
0.061000	20.410148	1.131328	4.600334	-225.048465	0.281063	-490.787130	
0.062000	20.295986	0.588890	4.598269	-224.028341	0.164244	-500.555211	
0.063000	20.401691	0.912733	4.595885	-222.987638	0.117516	-510.516437	
0.064000	20.498940	0.702235	4.593382	-221.926629	0.292745	-520.669102	
0.065000	20.410148	0.653659	4.591080	-220.845579	0.160350	-531.011387	
0.066000	20.342496	0.783196	4.589250	-219.744511	0.199290	-541.541381	
0.067000	20.575048	0.831773	4.588014	-218.623344	0.168138	-552.257114	
0.068000	20.456658	0.815580	4.587582	-217.482226	0.148668	-563.156584	
0.069000	20.410148	0.864157	4.588478	-216.321555	0.074683	-574.237760	
0.070000	20.431289	0.815580	4.591166	-215.141742	0.043531	-585.498560	
0.071000	20.435517	0.928926	4.595589	-213.943072	-0.084970	-596.936845	
0.072000	20.460886	0.750812	4.601237	-212.725778	0.140880	-608.550412	
0.073000	20.427060	0.880349	4.607342	-211.490086	0.355048	-620.336995	
0.074000	20.224106	0.823676	4.613202	-210.236107	0.214866	-632.294271	
0.075000	20.460886	0.791292	4.618391	-208.963992	0.125304	-644.419860	
0.076000	20.422832	0.912733	4.622599	-207.674098	0.172032	-656.711329	
0.077000	20.393235	0.637467	4.625456	-206.366774	0.269381	-669.166192	
0.078000	20.147998	0.977502	4.626376	-205.042116	0.207078	-681.781908	
0.079000	20.536994	0.556506	4.624858	-203.700127	0.273275	-694.555862	
0.080000	20.350953	0.767004	4.621231	-202.341047	0.366730	-707.485350	
0.081000	20.435517	0.864157	4.616586	-200.965353	0.195396	-720.567584	
0.082000	20.401691	0.815580	4.612004	-199.573535	0.133092	-733.799711	
0.083000	20.600417	0.677947	4.608169	-198.165970	0.105834	-747.178847	
0.084000	20.443973	0.920829	4.605432	-196.742980	0.027955	-760.702094	
0.085000	20.477799	0.775100	4.603662	-195.304855	0.117516	-774.366559	
0.086000	20.257932	0.645563	4.602334	-193.851745	0.094153	-788.169355	
0.087000	20.410148	0.783196	4.601445	-192.383840	-0.022667	-802.107596	
0.088000	20.452430	0.516025	4.601559	-190.901554	0.269381	-816.178383	
0.089000	20.486255	0.783196	4.602839	-189.405296	0.105834	-830.378792	
0.090000	20.291758	0.742716	4.604935	-187.895218	-0.003197	-844.705871	
0.091000	20.549678	0.767004	4.607398	-186.371373	0.226548	-859.156646	
0.092000	20.367865	0.758908	4.609819	-184.834052	0.156456	-873.728117	
0.093000	20.401691	1.309441	4.611842	-183.283765	0.117516	-888.417266	
0.094000	20.359409	0.758908	4.613243	-181.721041	0.191502	-903.221053	
0.095000	20.414376	0.945118	4.613998	-180.146304	0.191502	-918.136405	
0.096000	20.507396	0.710331	4.614153	-178.559932	0.094153	-933.160180	
0.097000	20.435517	0.993694	4.613795	-176.962255	0.226548	-948.289160	
0.098000	20.325583	0.702235	4.613146	-175.353450	0.261593	-963.520077	
0.099000	20.405919	0.831773	4.612398	-173.733733	0.133092	-978.849642	
0.100000	20.443973	0.702235	4.611642	-172.103546	0.152562	-994.274565	0.000000
0.101000	20.304442	0.864157	4.611094	-170.463328	0.078577	-1009.791579	
0.102000	20.384778	0.758908	4.611072	-168.813261	0.101940	-1025.397456	
0.103000	20.520081	0.823676	4.611952	-167.153435	0.074683	-1041.089005	
0.104000	20.477799	0.839869	4.614188	-165.484167	0.094153	-1056.863075	
0.105000	20.363637	0.977502	4.617770	-163.805982	0.222654	-1072.716538	
0.106000	20.465114	0.669851	4.621933	-162.119414	0.059107	-1088.646273	
0.107000	20.469342	0.783196	4.625812	-160.424905	0.238229	-1104.649156	
0.108000	20.486255	0.823676	4.628859	-158.722844	0.175926	-1120.722065	
0.109000	20.338268	0.993694	4.630702	-157.013561	0.199290	-1136.861878	
0.110000	20.321355	1.074655	4.630914	-155.297223	0.218760	-1153.065474	
0.111000	20.367865	0.767004	4.628883	-153.574043	0.082471	-1169.329724	
0.112000	20.460886	0.750812	4.624299	-151.844468	0.210972	-1185.651462	
0.113000	20.380550	0.402680	4.617632	-150.108945	0.148668	-1202.027463	
0.114000	20.498940	0.839869	4.609906	-148.367668	0.133092	-1218.454454	
0.115000	20.549678	0.710331	4.602221	-146.620743	0.113622	-1234.929138	
0.116000	20.397463	1.034175	4.595321	-144.868489	0.207078	-1251.448214	
0.117000	20.401691	0.937022	4.589489	-143.111421	0.207078	-1268.008413	
0.118000	20.389006	0.969406	4.584837	-141.350068	0.031849	-1284.606523	
0.119000	20.570820	0.726523	4.581689	-139.584873	0.109728	-1301.239396	
0.120000	20.342496	0.750812	4.580597	-137.816229	-0.014879	-1317.903944	
0.121000	20.553907	0.621274	4.581761	-136.044454	0.098047	-1334.597148	
0.122000	20.431289	0.937022	4.584590	-134.269698	0.175926	-1351.316039	
0.123000	20.498940	0.823676	4.588111	-132.492159	0.117516	-1368.057674	
0.124000	20.342496	0.928926	4.591555	-130.712267	0.191502	-1384.819128	
0.125000	20.494712	0.864157	4.594522	-128.930455	0.187608	-1401.597491	
0.126000	20.355181	0.945118	4.596875	-127.146915	0.063001	-1418.389864	
0.127000	20.532766	0.872253	4.598378	-125.361746	0.222654	-1435.193350	
0.128000	20.329812	0.783196	4.598939	-123.575249	0.199290	-1452.005034	
0.129000	20.486255	1.050367	4.599275	-121.787898	0.172032	-1468.821971	
0.130000	20.376322	0.677947	4.600156	-120.000180	0.047425	-1485.641179	
0.131000	20.376322	1.074655	4.601545	-118.212520	0.253805	-1502.459652	
0.132000	20.405919	0.920829	4.603172	-116.425293	0.148668	-1519.274376	
0.133000	20.405919	0.985598	4.604792	-114.638788	0.323897	-1536.082354	
0.134000	20.490484	0.645563	4.605881	-112.853134	0.218760	-1552.880639	
0.135000	20.456658	0.896541	4.606032	-111.068511	0.179820	-1569.666360	
0.136000	20.469342	0.823676	4.605559	-109.285329	0.230441	-1586.436724	
0.137000	20.486255	0.961310	4.605234	-107.504002	0.098047	-1603.189020	
0.138000	20.562363	0.872253	4.605548	-105.724710	-0.073288	-1619.920623	
0.139000	20.456658	0.961310	4.606347	-103.947554	0.168138	-1636.628984	
0.140000	20.473571	0.993694	4.607159	-102.172810	0.098047	-1653.311587	
0.141000	20.359409	0.977502	4.607763	-100.400899	0.140880	-1669.965948	
0.142000	20.515853	0.653659	4.608104	-98.632255	-0.042136	-1686.589605	
0.143000	20.418604	0.847965	4.607654	-96.867266	0.125304	-1703.180108	
0.144000	20.507396	0.791292	4.605181	-95.106271	0.109728	-1719.735000	
0.145000	20.372094	0.993694	4.599636	-93.349498	0.199290	-1736.251798	
0.146000	20.460886	0.758908	4.591205	-91.597017	0.168138	-1752.727988	
0.147000	20.372094	1.026079	4.581196	-89.848964	0.249911	-1769.161027	
0.148000	20.397463	1.001790	4.571243	-88.105714	0.308321	-1785.548364	
0.149000	20.363637	0.847965	4.562777	-86.367648	0.175926	-1801.887456	
0.150000	20.579276	0.839869	4.556715	-84.634928	0.055213	-1818.175803	
0.151000	20.528537	0.904637	4.553147	-82.907640	0.339473	-1834.410973	
0.152000	20.477799	1.058463	4.551672	-81.186020	0.210972	-1850.590617	
0.153000	20.308670	0.823676	4.551981	-79.470421	0.129198	-1866.712468	
0.154000	20.443973	1.026079	4.553888	-77.761210	-0.014879	-1882.774361	
0.155000	20.486255	0.710331	4.557141	-76.058734	0.281063	-1898.774232	
0.156000	20.460886	0.872253	4.561216	-74.363292	0.066895	-1914.710094	
0.157000	20.435517	0.758908	4.565478	-72.675057	0.156456	-1930.580003	
0.158000	20.545450	0.904637	4.569609	-70.994048	0.140880	-1946.382048	
0.159000	20.498940	0.799388	4.573463	-69.320368	0.195396	-1962.114334	
0.160000	20.443973	1.139424	4.576770	-67.654352	0.179820	-1977.774962	
0.161000	20.490484	0.880349	4.579162	-65.996337	0.082471	-1993.362028	
0.162000	20.494712	0.896541	4.580563	-64.346453	-0.038242	-2008.873606	
0.163000	20.439745	0.686043	4.581421	-62.704751	0.105834	-2024.307732	
0.164000	20.346724	0.969406	4.582344	-61.071414	0.277169	-2039.662417	
0.165000	20.410148	0.799388	4.583732	-59.446712	0.168138	-2054.935666	
0.166000	20.359409	0.904637	4.585641	-57.830934	0.074683	-2070.125519	
0.167000	20.507396	0.702235	4.587827	-56.224371	0.246017	-2085.230069	
0.168000	20.435517	0.977502	4.590261	-54.627274	0.316109	-2100.247481	
0.169000	20.397463	1.026079	4.593398	-53.039751	0.222654	-2115.176003	
0.170000	20.579276	0.937022	4.597447	-51.461761	0.140880	-2130.013967	
0.171000	20.435517	0.524121	4.602217	-49.893370	0.117516	-2144.759812	
0.172000	20.397463	1.026079	4.607584	-48.334875	0.191502	-2159.412078	
0.173000	20.503168	0.767004	4.613181	-46.786582	0.047425	-2173.969385	
0.174000	20.591961	0.694139	4.618323	-45.248601	0.012379	-2188.430404	
0.175000	20.545450	0.896541	4.622472	-43.720963	0.242123	-2202.793836	
0.176000	20.482027	0.880349	4.625305	-42.203807	0.195396	-2217.058378	
0.177000	20.270617	0.839869	4.626713	-40.697325	0.121410	-2231.222716	
0.178000	20.393235	0.507929	4.626604	-39.201723	0.059107	-2245.285528	
0.179000	20.448201	0.669851	4.624588	-37.717246	0.234335	-2259.245470	
0.180000	20.452430	0.750812	4.620674	-36.244093	0.082471	-2273.101163	
0.181000	20.317127	0.823676	4.615787	-34.782292	0.094153	-2286.851207	
0.182000	20.608873	0.799388	4.611020	-33.331733	0.094153	-2300.494209	
0.183000	20.363637	0.856061	4.606963	-31.892434	0.281063	-2314.028810	
0.184000	20.422832	0.977502	4.603816	-30.464651	0.207078	-2327.453717	
0.185000	20.283301	0.661755	4.601804	-29.048646	0.187608	-2340.767714	
0.186000	20.515853	0.783196	4.601304	-27.644505	0.094153	-2353.969667	
0.187000	20.452430	0.807484	4.602674	-26.252242	0.172032	-2367.058528	
0.188000	20.418604	0.945118	4.605983	-24.871953	0.136986	-2380.033351	
0.189000	20.346724	0.831773	4.610822	-23.503747	0.218760	-2392.893291	
0.190000	20.498940	0.718427	4.616401	-22.147754	0.012379	-2405.637577	
0.191000	20.477799	0.750812	4.621867	-20.804174	0.273275	-2418.265493	
0.192000	20.494712	0.815580	4.626556	-19.473167	0.238229	-2430.776333	
0.193000	20.287529	0.847965	4.630175	-18.154705	0.144774	-2443.169374	
0.194000	20.558135	0.920829	4.632857	-16.848629	0.210972	-2455.443877	
0.195000	20.448201	0.750812	4.634554	-15.554936	0.136986	-2467.599081	
0.196000	20.439745	1.139424	4.634803	-14.273853	0.207078	-2479.634199	
0.197000	20.460886	0.629370	4.633481	-13.005609	0.059107	-2491.548415	
0.198000	20.549678	0.758908	4.631094	-11.750263	0.043531	-2503.340908	
0.199000	20.528537	0.605082	4.628338	-10.507804	0.113622	-2515.010866	
0.200000	20.334040	1.066559	4.625665	-9.278276	0.273275	-2526.557512	0.000000
0.201000	20.257932	0.758908	4.623064	-8.061700	0.207078	-2537.980130	
0.202000	20.249476	1.123232	4.620490	-6.858120	0.047425	-2549.278088	
0.203000	20.448201	0.475545	4.618583	-5.667687	0.246017	-2560.450834	
0.204000	20.372094	0.856061	4.618372	-4.490520	0.183714	-2571.497904	
0.205000	20.342496	0.775100	4.620136	-3.326528	0.238229	-2582.418930	
0.206000	20.490484	0.799388	4.623111	-2.175500	0.164244	-2593.213635	
0.207000	20.418604	0.783196	4.626264	-1.037397	0.230441	-2603.881804	
0.208000	20.346724	1.147520	4.628862	0.087588	0.183714	-2614.423252	
0.209000	20.427060	0.937022	4.630532	1.199251	0.238229	-2624.837799	
0.210000	20.515853	0.742716	4.631077	2.297547	0.101940	-2635.125249	
0.211000	20.549678	0.613178	4.630409	3.382496	0.082471	-2645.285388	
0.212000	20.431289	0.750812	4.628681	4.454092	0.179820	-2655.317972	
0.213000	20.287529	0.791292	4.626151	5.512392	0.179820	-2665.222724	
0.214000	20.393235	0.661755	4.623062	6.557434	0.004591	-2674.999343	
0.215000	20.443973	0.823676	4.619705	7.589112	0.156456	-2684.647529	
0.216000	20.503168	0.799388	4.616277	8.607348	0.191502	-2694.166987	
0.217000	20.198737	0.928926	4.612869	9.612296	0.144774	-2703.557463	
0.218000	20.427060	0.815580	4.609195	10.604224	0.183714	-2712.818760	
0.219000	20.397463	1.034175	4.604412	11.583202	0.172032	-2721.950757	
0.220000	20.448201	0.847965	4.598086	12.549062	0.323897	-2730.953409	
0.221000	20.321355	0.677947	4.590864	13.501631	0.125304	-2739.826770	
0.222000	20.617330	0.718427	4.583698	14.440883	0.094153	-2748.570986	
0.223000	20.410148	0.953214	4.577123	15.366856	0.144774	-2757.186274	
0.224000	20.448201	0.928926	4.571397	16.279581	0.210972	-2765.672893	
0.225000	20.147998	0.847965	4.566707	17.179182	0.210972	-2774.031120	
0.226000	20.456658	0.856061	4.563118	18.065753	0.109728	-2782.261228	
0.227000	20.456658	0.516025	4.560779	18.939213	0.203184	-2790.363465	
0.228000	20.482027	0.791292	4.560133	19.799501	0.148668	-2798.338053	
0.229000	20.300214	0.928926	4.561321	20.646806	0.144774	-2806.185180	
0.230000	20.680753	0.904637	4.563827	21.481431	0.191502	-2813.904994	
0.231000	20.439745	0.807484	4.567126	22.303467	0.109728	-2821.497617	
0.232000	20.380550	0.993694	4.570948	23.112766	0.105834	-2828.963163	
0.233000	20.414376	0.710331	4.574922	23.909173	0.004591	-2836.301765	
0.234000	20.511625	0.831773	4.578477	24.692667	-0.018773	-2843.513603	
0.235000	20.511625	0.613178	4.581094	25.463296	0.288851	-2850.598918	
0.236000	20.329812	0.912733	4.582747	26.221117	0.144774	-2857.558018	
0.237000	20.228334	0.807484	4.583915	26.966305	0.222654	-2864.391282	
0.238000	20.342496	0.807484	4.585027	27.699001	0.183714	-2871.099187	
0.239000	20.422832	0.928926	4.586109	28.419151	0.121410	-2877.682293	
0.240000	20.334040	0.880349	4.586908	29.126720	0.179820	-2884.141212	
0.241000	20.266388	0.791292	4.587227	29.821928	0.168138	-2890.476578	
0.242000	20.469342	0.831773	4.587084	30.505101	0.230441	-2896.689027	
0.243000	20.414376	0.831773	4.586620	31.176338	0.234335	-2902.779177	
0.244000	20.372094	1.042271	4.585959	31.835499	0.238229	-2908.747617	
0.245000	20.541222	0.726523	4.584989	32.482441	0.055213	-2914.594908	
0.246000	20.562363	0.742716	4.583499	33.117143	0.051319	-2920.321574	
0.247000	20.460886	0.767004	4.581609	33.739648	0.090259	-2925.928089	
0.248000	20.427060	0.839869	4.579794	34.350026	0.133092	-2931.414900	
0.249000	20.253704	0.847965	4.578435	34.948480	0.172032	-2936.782449	
0.250000	20.410148	0.710331	4.577680	35.535180	0.070789	-2942.031202	
0.251000	20.427060	0.807484	4.577696	36.110089	0.113622	-2947.161675	
0.252000	20.515853	0.750812	4.578611	36.673184	0.113622	-2952.174443	
0.253000	20.219878	0.985598	4.580157	37.224705	0.082471	-2957.070142	
0.254000	20.528537	0.686043	4.581692	37.764993	0.230441	-2961.849480	
0.255000	20.317127	1.147520	4.582723	38.294157	0.277169	-2966.513243	
0.256000	20.477799	0.969406	4.583102	38.812080	0.214866	-2971.062286	
0.257000	20.266388	0.912733	4.582804	39.318630	0.078577	-2975.497508	
0.258000	20.520081	0.783196	4.581934	39.813792	0.168138	-2979.819823	
0.259000	20.465114	0.872253	4.580812	40.297605	0.133092	-2984.030132	
0.260000	20.460886	0.815580	4.579437	40.770152	0.339473	-2988.129294	
0.261000	20.295986	0.904637	4.576904	41.231670	0.214866	-2992.118138	
0.262000	20.393235	0.799388	4.572491	41.682357	0.156456	-2995.997460	
0.263000	20.405919	0.856061	4.566757	42.122187	0.249911	-2999.768009	
0.264000	20.469342	0.791292	4.560887	42.551139	0.191502	-3003.430482	
0.265000	20.325583	0.807484	4.555999	42.969456	0.094153	-3006.985551	
0.266000	20.600417	0.856061	4.552905	43.377480	0.109728	-3010.433882	
0.267000	20.469342	0.767004	4.551880	43.775325	0.152562	-3013.776164	
0.268000	20.452430	0.758908	4.552807	44.162888	0.164244	-3017.013142	
0.269000	20.443973	0.718427	4.555622	44.540057	0.055213	-3020.145619	
0.270000	20.503168	0.856061	4.560479	44.906829	0.140880	-3023.174467	
0.271000	20.528537	0.734620	4.567393	45.263250	0.156456	-3026.100620	
0.272000	20.334040	0.937022	4.575883	45.609421	0.082471	-3028.925075	
0.273000	20.279073	0.839869	4.585076	45.945595	0.183714	-3031.648883	
0.274000	20.363637	0.937022	4.594061	46.271991	0.101940	-3034.273125	
0.275000	20.435517	0.823676	4.602189	46.588592	0.172032	-3036.798885	
0.276000	20.355181	0.912733	4.609101	46.895390	0.226548	-3039.227222	
0.277000	20.257932	0.661755	4.614513	47.192628	0.117516	-3041.559148	
0.278000	20.422832	0.864157	4.618182	47.480643	0.210972	-3043.795639	
0.279000	20.435517	1.009886	4.620098	47.759546	0.292745	-3045.937619	
0.280000	20.372094	0.815580	4.620512	48.029238	0.199290	-3047.985957	
0.281000	20.448201	0.799388	4.619845	48.289610	0.059107	-3049.941480	
0.282000	20.486255	0.823676	4.618529	48.540645	0.094153	-3051.804996	
0.283000	20.536994	0.653659	4.616810	48.782381	0.125304	-3053.577312	
0.284000	20.456658	0.864157	4.614779	49.014922	0.175926	-3055.259264	
0.285000	20.439745	0.953214	4.612525	49.238539	0.074683	-3056.851731	
0.286000	20.342496	0.742716	4.610430	49.453456	0.086365	-3058.355651	
0.287000	20.465114	0.775100	4.609151	49.659664	0.187608	-3059.772018	
0.288000	20.443973	0.791292	4.609086	49.857150	0.070789	-3061.101892	
0.289000	20.376322	0.880349	4.610083	50.046146	0.047425	-3062.346398	
0.290000	20.503168	0.572698	4.611644	50.226970	0.222654	-3063.506697	
0.291000	20.405919	0.839869	4.613296	50.399733	0.257699	-3064.583962	
0.292000	20.473571	0.767004	4.614673	50.564362	0.288851	-3065.579354	
0.293000	20.266388	0.945118	4.615424	50.720768	-0.014879	-3066.493999	
0.294000	20.372094	0.888445	4.615382	50.868940	0.242123	-3067.328983	
0.295000	20.372094	1.147520	4.614623	51.008911	0.281063	-3068.085335	
0.296000	20.460886	0.945118	4.613250	51.140792	0.238229	-3068.764022	
0.297000	20.372094	0.799388	4.611360	51.264855	0.292745	-3069.365954	
0.298000	20.452430	0.734620	4.609183	51.381319	0.214866	-3069.892003	
0.299000	20.431289	0.839869	4.607136	51.490166	0.164244	-3070.343028	
0.300000	20.494712	0.734620	4.605791	51.591376	0.109728	-3070.719889	0.000000
0.301000	20.452430	0.807484	4.605620	51.685165	-0.046030	-3071.023484	
0.302000	20.549678	0.985598	4.606708	51.771831	0.113622	-3071.254751	
0.303000	20.346724	0.977502	4.609057	51.851479	0.175926	-3071.414672	
0.304000	20.401691	0.791292	4.612821	51.924048	0.133092	-3071.504282	
0.305000	20.439745	0.702235	4.617800	51.989465	-0.003197	-3071.524688	
0.306000	20.515853	0.791292	4.623183	52.047716	0.183714	-3071.477059	
0.307000	20.494712	0.742716	4.627928	52.098836	0.129198	-3071.362586	
0.308000	20.414376	1.066559	4.631255	52.142952	0.160350	-3071.182457	
0.309000	20.401691	0.920829	4.632914	52.180348	0.140880	-3070.937832	
0.310000	20.410148	0.799388	4.632866	52.211244	0.284957	-3070.629824	
0.311000	20.228334	0.872253	4.630996	52.235625	0.242123	-3070.259496	
0.312000	20.355181	0.807484	4.627408	52.253466	0.358942	-3069.827858	
0.313000	20.642699	0.661755	4.622524	52.264968	-0.026560	-3069.335855	
0.314000	20.511625	0.856061	4.616871	52.270410	0.257699	-3068.784376	
0.315000	20.427060	0.953214	4.610988	52.269897	0.199290	-3068.174269	
0.316000	20.338268	1.066559	4.605322	52.263384	0.133092	-3067.506372	
0.317000	20.431289	0.823676	4.600234	52.250810	-0.010985	-3066.781540	
0.318000	20.376322	0.880349	4.596093	52.232154	0.191502	-3066.000665	
0.319000	20.460886	0.629370	4.593185	52.207441	0.070789	-3065.164676	
0.320000	20.283301	0.880349	4.591836	52.176807	0.218760	-3064.274543	
0.321000	20.579276	0.823676	4.592524	52.140551	0.140880	-3063.331296	
0.322000	20.456658	0.839869	4.595283	52.098892	0.039637	-3062.336034	
0.323000	20.477799	0.977502	4.599348	52.051813	0.179820	-3061.289901	
0.324000	20.418604	0.872253	4.603650	51.999284	0.078577	-3060.194060	
0.325000	20.486255	0.920829	4.607339	51.941489	0.043531	-3059.049661	
0.326000	20.427060	0.799388	4.610006	51.878688	0.090259	-3057.857809	
0.327000	20.367865	0.799388	4.611419	51.810990	0.210972	-3056.619550	
0.328000	20.418604	0.734620	4.611015	51.738386	0.281063	-3055.335877	
0.329000	20.435517	0.839869	4.608202	51.660848	0.082471	-3054.007732	
0.330000	20.503168	0.847965	4.603128	51.578361	0.284957	-3052.635993	
0.331000	20.460886	0.896541	4.596681	51.490952	0.207078	-3051.221470	
0.332000	20.410148	0.815580	4.590004	51.398767	0.308321	-3049.764936	
0.333000	20.452430	0.758908	4.584172	51.302105	0.265487	-3048.267152	
0.334000	20.448201	0.807484	4.579899	51.201165	0.199290	-3046.728902	
0.335000	20.414376	1.042271	4.577792	51.095910	0.082471	-3045.151009	
0.336000	20.579276	0.499833	4.579016	50.986292	-0.030454	-3043.534338	
0.337000	20.570820	0.896541	4.584604	50.872465	0.035743	-3041.879810	
0.338000	20.549678	0.937022	4.594084	50.754659	0.156456	-3040.188408	
0.339000	20.431289	1.107039	4.605711	50.632975	0.148668	-3038.461166	
0.340000	20.380550	0.758908	4.617623	50.507433	0.222654	-3036.699150	
0.341000	20.350953	0.880349	4.628430	50.378033	-0.053818	-3034.903437	
0.342000	20.490484	0.767004	4.637331	50.244757	0.207078	-3033.075078	
0.343000	20.393235	0.904637	4.643935	50.107626	0.230441	-3031.215072	
0.344000	20.443973	0.961310	4.647761	49.966804	0.039637	-3029.324353	
0.345000	20.524309	0.823676	4.648145	49.822598	0.210972	-3027.403801	
0.346000	20.401691	0.896541	4.644956	49.675203	0.140880	-3025.454230	
0.347000	20.342496	1.074655	4.638966	49.524576	0.358942	-3023.476390	
0.348000	20.405919	0.864157	4.631408	49.370663	0.207078	-3021.470974	
0.349000	20.541222	0.742716	4.623574	49.213593	0.063001	-3019.438651	
0.350000	20.435517	0.904637	4.616532	49.053563	0.214866	-3017.380080	
0.351000	20.418604	0.928926	4.610932	48.890668	0.207078	-3015.295942	
0.352000	20.350953	0.880349	4.606865	48.724961	0.316109	-3013.186961	
0.353000	20.558135	0.516025	4.603909	48.556470	0.090259	-3011.053910	
0.354000	20.465114	0.791292	4.601806	48.385171	0.172032	-3008.897612	
0.355000	20.515853	0.710331	4.600695	48.211077	0.078577	-3006.718950	
0.356000	20.300214	0.920829	4.600460	48.034373	0.109728	-3004.518848	
0.357000	20.591961	0.726523	4.600652	47.855383	0.082471	-3002.298253	
0.358000	20.367865	0.847965	4.600875	47.674289	0.214866	-3000.058110	
0.359000	20.507396	0.847965	4.600928	47.491033	0.133092	-2997.799330	
0.360000	20.384778	1.009886	4.600815	47.305541	0.066895	-2995.522775	
0.361000	20.621558	0.742716	4.600642	47.117918	-0.174531	-2993.229251	
0.362000	20.422832	0.807484	4.600401	46.928334	0.117516	-2990.919505	
0.363000	20.536994	1.066559	4.599970	46.736875	0.288851	-2988.594201	
0.364000	20.219878	0.815580	4.599397	46.543604	0.172032	-2986.253935	
0.365000	20.372094	0.831773	4.598991	46.348564	0.035743	-2983.899263	
0.366000	20.418604	0.823676	4.599053	46.151720	0.261593	-2981.530721	
0.367000	20.520081	0.888445	4.599698	45.953079	0.187608	-2979.148839	
0.368000	20.329812	0.783196	4.601043	45.752837	0.172032	-2976.754178	
0.369000	20.604645	0.791292	4.603331	45.551319	0.234335	-2974.347340	
0.370000	20.427060	0.669851	4.606806	45.348688	0.148668	-2971.928980	
0.371000	20.384778	1.058463	4.611573	45.144867	0.098047	-2969.499808	
0.372000	20.490484	0.718427	4.617307	44.939764	0.125304	-2967.060594	
0.373000	20.549678	0.945118	4.623193	44.733449	-0.057712	-2964.612149	
0.374000	20.515853	0.669851	4.628327	44.526057	0.222654	-2962.155295	
0.375000	20.473571	1.017982	4.632077	44.317669	0.168138	-2959.690832	
0.376000	20.317127	0.621274	4.634204	44.108387	0.168138	-2957.219522	
0.377000	20.439745	0.896541	4.634528	43.898290	-0.073288	-2954.742075	
0.378000	20.503168	0.775100	4.632566	43.687344	0.117516	-2952.259150	
0.379000	20.405919	0.775100	4.628047	43.475544	0.109728	-2949.771339	
0.380000	20.253704	0.969406	4.621455	43.263092	0.117516	-2947.279151	
0.381000	20.443973	0.920829	4.613722	43.050312	0.136986	-2944.783026	
0.382000	20.414376	0.742716	4.605768	42.837345	0.253805	-2942.283362	
0.383000	20.317127	1.001790	4.598376	42.624092	0.253805	-2939.780547	
0.384000	20.448201	0.823676	4.592265	42.410442	0.090259	-2937.274983	
0.385000	20.494712	0.920829	4.587879	42.196441	0.012379	-2934.767109	
0.386000	20.494712	0.847965	4.584912	41.982198	0.066895	-2932.257407	
0.387000	20.346724	1.163712	4.582671	41.767788	0.195396	-2929.746396	
0.388000	20.105716	0.896541	4.581080	41.553344	0.160350	-2927.234654	
0.389000	20.443973	0.742716	4.580508	41.338969	0.051319	-2924.722818	
0.390000	20.486255	0.645563	4.580915	41.124617	0.183714	-2922.211560	
0.391000	20.448201	0.580794	4.581894	40.910266	0.156456	-2919.701556	
0.392000	20.283301	0.856061	4.582917	40.696126	0.222654	-2917.193459	
0.393000	20.596189	0.564602	4.583433	40.482522	0.121410	-2914.687874	
0.394000	20.342496	0.961310	4.583184	40.269582	0.074683	-2912.185352	
0.395000	20.418604	1.001790	4.582177	40.057190	0.094153	-2909.686385	
0.396000	20.410148	0.977502	4.580335	39.845217	0.043531	-2907.191396	
0.397000	20.570820	0.435065	4.577662	39.633682	-0.053818	-2904.700735	
0.398000	20.431289	0.823676	4.574513	39.422661	0.101940	-2902.214694	
0.399000	20.456658	0.920829	4.571413	39.212220	0.253805	-2899.733529	
0.400000	20.194509	0.767004	4.568850	39.002502	0.160350	-2897.257488	0.000000
0.401000	20.405919	0.880349	4.567246	38.793619	0.086365	-2894.786850	
0.402000	20.414376	0.815580	4.566975	38.585516	0.355048	-2892.321933	
0.403000	20.439745	0.937022	4.568228	38.378162	0.203184	-2889.863084	
0.404000	20.139542	1.001790	4.570809	38.171764	0.179820	-2887.410694	
0.405000	20.524309	0.694139	4.574225	37.966637	0.183714	-2884.965216	
0.406000	20.418604	0.775100	4.577858	37.762879	0.214866	-2882.527156	
0.407000	20.456658	0.872253	4.581057	37.560346	0.199290	-2880.097053	
0.408000	20.460886	0.847965	4.583409	37.358883	0.179820	-2877.675452	
0.409000	20.524309	0.928926	4.584921	37.158474	0.125304	-2875.262867	
0.410000	20.520081	0.839869	4.585786	36.959163	0.191502	-2872.859757	
0.411000	20.418604	1.058463	4.586146	36.760993	0.277169	-2870.466517	
0.412000	20.190281	0.653659	4.585965	36.564108	0.156456	-2868.083479	
0.413000	20.427060	0.645563	4.585058	36.368624	0.210972	-2865.710910	
0.414000	20.507396	0.596986	4.583443	36.174475	0.168138	-2863.349006	
0.415000	20.448201	0.896541	4.581416	35.981614	0.129198	-2860.997916	
0.416000	20.287529	0.904637	4.579295	35.790244	0.098047	-2858.657763	
0.417000	20.456658	0.920829	4.577464	35.600676	0.086365	-2856.328671	
0.418000	20.465114	0.856061	4.576406	35.412994	0.323897	-2854.010793	
0.419000	20.295986	1.026079	4.576234	35.227039	0.273275	-2851.704321	
0.420000	20.431289	0.993694	4.576623	35.042640	0.199290	-2849.409492	
0.421000	20.477799	0.831773	4.577365	34.859752	0.082471	-2847.126601	
0.422000	20.456658	0.750812	4.578378	34.678388	0.125304	-2844.856002	
0.423000	20.427060	1.050367	4.579357	34.498581	0.214866	-2842.598090	
0.424000	20.257932	0.912733	4.579895	34.320490	0.234335	-2840.353278	
0.425000	20.405919	0.920829	4.579745	34.144241	0.152562	-2838.121975	
0.426000	20.439745	0.847965	4.578954	33.969750	0.218760	-2835.904552	
0.427000	20.473571	0.823676	4.577633	33.796945	0.210972	-2833.701322	
0.428000	20.224106	0.767004	4.575921	33.626014	0.210972	-2831.512541	
0.429000	20.570820	0.686043	4.574341	33.457246	0.074683	-2829.338405	
0.430000	20.465114	0.880349	4.573385	33.290703	0.144774	-2827.179041	
0.431000	20.460886	0.799388	4.573124	33.126216	0.207078	-2825.034510	
0.432000	20.448201	0.945118	4.573550	32.963606	0.055213	-2822.904842	
0.433000	20.532766	0.686043	4.574614	32.802807	0.082471	-2820.790050	
0.434000	20.393235	0.928926	4.576108	32.643808	0.222654	-2818.690154	
0.435000	20.363637	0.961310	4.578014	32.486632	0.210972	-2816.605201	
0.436000	20.202965	0.969406	4.580939	32.331443	0.152562	-2814.535277	
0.437000	20.418604	0.904637	4.585665	32.178367	0.086365	-2812.480518	
0.438000	20.321355	0.872253	4.592141	32.027308	0.265487	-2810.441122	
0.439000	20.532766	0.823676	4.599392	31.878179	0.133092	-2808.417346	
0.440000	20.245247	1.017982	4.606276	31.731150	0.098047	-2806.409481	
0.441000	20.562363	0.799388	4.612057	31.586487	0.265487	-2804.417827	
0.442000	20.350953	0.920829	4.616370	31.444220	0.253805	-2802.442668	
0.443000	20.448201	0.920829	4.618903	31.304157	0.300533	-2800.484244	
0.444000	20.456658	0.686043	4.619256	31.166094	0.063001	-2798.542744	
0.445000	20.524309	0.799388	4.617136	31.029936	0.047425	-2796.618311	
0.446000	20.515853	0.872253	4.612960	30.895640	0.101940	-2794.711018	
0.447000	20.549678	0.977502	4.607802	30.763216	0.039637	-2792.820867	
0.448000	20.228334	0.767004	4.602619	30.632828	0.183714	-2790.947806	
0.449000	20.410148	0.937022	4.597874	30.504602	0.230441	-2789.091752	
0.450000	20.469342	0.791292	4.593551	30.378435	0.101940	-2787.252615	
0.451000	20.456658	0.815580	4.589619	30.254229	0.168138	-2785.430320	
0.452000	20.452430	0.815580	4.586362	30.132144	0.164244	-2783.624832	
0.453000	20.482027	0.993694	4.584251	30.012430	0.288851	-2781.836154	
0.454000	20.482027	0.621274	4.584001	29.895112	0.296639	-2780.064342	
0.455000	20.329812	0.985598	4.586060	29.780002	0.218760	-2778.309513	
0.456000	20.397463	0.791292	4.589986	29.666900	0.031849	-2776.571843	
0.457000	20.431289	0.945118	4.594944	29.555697	0.218760	-2774.851537	
0.458000	20.469342	0.896541	4.600332	29.446335	0.199290	-2773.148798	
0.459000	20.350953	0.937022	4.605676	29.338812	0.343367	-2771.463800	
0.460000	20.376322	0.953214	4.610606	29.233285	0.320003	-2769.796670	
0.461000	20.469342	0.872253	4.614890	29.129870	0.203184	-2768.147491	
0.462000	20.532766	0.880349	4.618103	29.028449	0.242123	-2766.516294	
0.463000	20.410148	0.904637	4.619916	28.928906	0.074683	-2764.903045	
0.464000	20.448201	0.880349	4.620666	28.831377	0.043531	-2763.307637	
0.465000	20.507396	0.888445	4.620958	28.736086	0.086365	-2761.729920	
0.466000	20.448201	0.888445	4.621141	28.643038	0.136986	-2760.169717	
0.467000	20.431289	0.807484	4.621465	28.552041	0.179820	-2758.626856	
0.468000	20.507396	0.767004	4.622327	28.462889	0.074683	-2757.101200	
0.469000	20.410148	0.750812	4.624190	28.375464	0.152562	-2755.592662	
0.470000	20.473571	0.767004	4.627674	28.289697	0.090259	-2754.101194	
0.471000	20.304442	0.823676	4.633462	28.205593	0.304427	-2752.626793	
0.472000	20.367865	1.050367	4.641423	28.123319	0.160350	-2751.169522	
0.473000	20.355181	0.864157	4.650312	28.042992	0.121410	-2749.729489	
0.474000	20.367865	0.977502	4.658754	27.964490	0.226548	-2748.306828	
0.475000	20.469342	0.734620	4.665882	27.887686	0.133092	-2746.901664	
0.476000	20.397463	0.896541	4.670996	27.812699	0.059107	-2745.514091	
0.477000	20.503168	0.686043	4.673342	27.739734	0.242123	-2744.144152	
0.478000	20.384778	1.034175	4.672523	27.668792	0.382306	-2742.791843	
0.479000	20.456658	0.799388	4.668781	27.599692	0.214866	-2741.457103	
0.480000	20.384778	0.872253	4.662859	27.532239	0.066895	-2740.139808	
0.481000	20.545450	0.702235	4.655810	27.466304	0.121410	-2738.839777	
0.482000	20.431289	0.799388	4.648715	27.401808	0.101940	-2737.556784	
0.483000	20.511625	0.661755	4.642285	27.338750	0.133092	-2736.290588	
0.484000	20.384778	0.791292	4.636722	27.277294	0.218760	-2735.040963	
0.485000	20.532766	0.823676	4.632069	27.217555	0.082471	-2733.807728	
0.486000	20.410148	0.961310	4.628634	27.159411	0.156456	-2732.590747	
0.487000	20.414376	1.050367	4.626634	27.102733	0.203184	-2731.389929	
0.488000	20.494712	0.896541	4.625586	27.047625	0.117516	-2730.205244	
0.489000	20.490484	0.977502	4.624813	26.994274	0.191502	-2729.036722	
0.490000	20.431289	0.783196	4.624076	26.942683	0.249911	-2727.884426	
0.491000	20.376322	0.758908	4.623257	26.892693	0.035743	-2726.748430	
0.492000	20.397463	0.742716	4.622136	26.844130	0.074683	-2725.628807	
0.493000	20.486255	0.904637	4.620678	26.796868	0.273275	-2724.525590	
0.494000	20.482027	0.872253	4.618655	26.750823	0.265487	-2723.438758	
0.495000	20.283301	0.985598	4.615125	26.706004	0.269381	-2722.368230	
0.496000	20.452430	0.880349	4.609517	26.662575	0.098047	-2721.313868	
0.497000	20.397463	0.904637	4.602538	26.620631	0.218760	-2720.275471	
0.498000	20.482027	0.702235	4.595400	26.580035	0.327791	-2719.252793	
0.499000	20.435517	0.831773	4.589095	26.540645	0.172032	-2718.245560	
0.500000	20.570820	0.807484	4.584121	26.502543	-0.038242	-2717.253497	0.000000
0.501000	20.507396	0.896541	4.580481	26.465892	-0.014879	-2716.276358	
0.502000	20.422832	1.017982	4.578243	26.430683	0.257699	-2715.313934	
0.503000	20.312899	1.034175	4.577593	26.396774	0.207078	-2714.366059	
0.504000	20.393235	0.718427	4.578245	26.364005	-0.026560	-2713.432623	
0.505000	20.422832	0.815580	4.579653	26.332246	0.261593	-2712.513582	
0.506000	20.507396	0.669851	4.581526	26.301413	0.160350	-2711.608948	
0.507000	20.372094	0.896541	4.583661	26.271531	0.160350	-2710.718755	
0.508000	20.520081	0.904637	4.585756	26.242784	0.246017	-2709.843046	
0.509000	20.401691	0.961310	4.587473	26.215274	0.214866	-2708.981845	
0.510000	20.283301	1.098943	4.588091	26.188864	0.436822	-2708.135132	
0.511000	20.355181	0.896541	4.586320	26.163406	0.214866	-2707.302834	
0.512000	20.570820	0.856061	4.581576	26.138961	0.008485	-2706.484828	
0.513000	20.520081	0.783196	4.574893	26.115664	0.179820	-2705.680929	
0.514000	20.401691	0.945118	4.567786	26.093502	0.281063	-2704.890886	
0.515000	20.422832	0.815580	4.561339	26.072357	0.121410	-2704.114413	
0.516000	20.397463	0.969406	4.556224	26.052091	0.051319	-2703.351214	
0.517000	20.511625	0.742716	4.552685	26.032573	0.246017	-2702.600996	
0.518000	20.401691	0.961310	4.550746	26.013721	0.031849	-2701.863497	
0.519000	20.405919	0.605082	4.550251	25.995583	0.140880	-2701.138494	
0.520000	20.532766	0.758908	4.550593	25.978353	0.242123	-2700.425809	
0.521000	20.465114	0.669851	4.551336	25.962123	0.218760	-2699.725326	
0.522000	20.507396	0.928926	4.552636	25.946751	0.246017	-2699.036999	
0.523000	20.482027	0.605082	4.554459	25.932084	0.101940	-2698.360836	
0.524000	20.536994	0.928926	4.556290	25.918170	-0.018773	-2697.696870	
0.525000	20.477799	0.985598	4.557730	25.905127	0.070789	-2697.045130	
0.526000	20.321355	1.034175	4.558888	25.892957	0.172032	-2696.405606	
0.527000	20.300214	1.009886	4.560057	25.881590	0.168138	-2695.778241	
0.528000	20.308670	0.783196	4.561400	25.870937	0.051319	-2695.162934	
0.529000	20.486255	0.847965	4.563145	25.860871	0.343367	-2694.559535	
0.530000	20.482027	1.082751	4.565346	25.851306	0.214866	-2693.967825	
0.531000	20.359409	1.001790	4.567712	25.842302	0.238229	-2693.387524	
0.532000	20.477799	0.823676	4.570015	25.834064	0.253805	-2692.818321	
0.533000	20.397463	0.969406	4.572231	25.826675	0.203184	-2692.259894	
0.534000	20.443973	0.847965	4.574530	25.819981	0.226548	-2691.711939	
0.535000	20.384778	0.807484	4.576700	25.813820	0.156456	-2691.174195	
0.536000	20.608873	0.718427	4.577708	25.808218	-0.010985	-2690.646451	
0.537000	20.503168	1.009886	4.576967	25.803271	0.191502	-2690.128545	
0.538000	20.596189	0.904637	4.575014	25.798974	0.187608	-2689.620379	
0.539000	20.321355	1.017982	4.572528	25.795275	0.136986	-2689.121924	
0.540000	20.456658	0.799388	4.569827	25.792105	-0.077182	-2688.633198	
0.541000	20.422832	0.847965	4.567122	25.789343	0.129198	-2688.154233	
0.542000	20.482027	0.613178	4.564695	25.786912	0.168138	-2687.685045	
0.543000	20.291758	0.937022	4.562735	25.784894	0.277169	-2687.225608	
0.544000	20.608873	0.758908	4.561113	25.783509	0.172032	-2686.775839	
0.545000	20.393235	0.645563	4.559169	25.782836	0.261593	-2686.335615	
0.546000	20.393235	1.163712	4.555913	25.782721	0.249911	-2685.904758	
0.547000	20.405919	0.823676	4.551159	25.782997	0.187608	-2685.483027	
0.548000	20.558135	0.864157	4.545942	25.783669	0.012379	-2685.070137	
0.549000	20.448201	0.807484	4.541594	25.784809	0.160350	-2684.665772	
0.550000	20.410148	1.042271	4.539081	25.786419	0.055213	-2684.269608	
0.551000	20.338268	0.807484	4.538908	25.788502	0.238229	-2683.881346	
0.552000	20.511625	0.880349	4.541098	25.791038	0.109728	-2683.500745	
0.553000	20.477799	0.669851	4.545282	25.793916	0.183714	-2683.127614	
0.554000	20.486255	0.864157	4.550970	25.797057	0.140880	-2682.761814	
0.555000	20.295986	0.767004	4.557803	25.800569	0.012379	-2682.403270	
0.556000	20.579276	0.847965	4.565368	25.804685	0.055213	-2682.051970	
0.557000	20.443973	0.742716	4.572910	25.809477	0.117516	-2681.707935	
0.558000	20.397463	0.977502	4.579627	25.814783	0.144774	-2681.371197	
0.559000	20.482027	0.726523	4.585208	25.820434	0.156456	-2681.041769	
0.560000	20.596189	0.969406	4.589860	25.826422	0.047425	-2680.719621	
0.561000	20.515853	0.799388	4.593756	25.832808	0.148668	-2680.404677	
0.562000	20.245247	0.969406	4.596647	25.839597	0.316109	-2680.096805	
0.563000	20.279073	0.864157	4.598259	25.846819	0.261593	-2679.795808	
0.564000	20.219878	0.937022	4.598815	25.854476	0.125304	-2679.501435	
0.565000	20.494712	0.791292	4.598911	25.862455	0.296639	-2679.213389	
0.566000	20.448201	0.839869	4.599111	25.870679	0.179820	-2678.931353	
0.567000	20.295986	0.993694	4.599560	25.879287	0.140880	-2678.655011	
0.568000	20.549678	0.758908	4.599923	25.888537	0.129198	-2678.384086	
0.569000	20.380550	0.807484	4.599930	25.898497	0.261593	-2678.118356	
0.570000	20.452430	0.969406	4.600071	25.908987	0.214866	-2677.857654	
0.571000	20.380550	0.758908	4.601484	25.919822	0.105834	-2677.601868	
0.572000	20.528537	0.758908	4.604736	25.930969	0.016273	-2677.350960	
0.573000	20.490484	0.880349	4.609266	25.942464	0.086365	-2677.104943	
0.574000	20.473571	0.864157	4.614225	25.954311	0.195396	-2676.863855	
0.575000	20.215650	0.775100	4.618972	25.966574	0.234335	-2676.627735	
0.576000	20.477799	0.742716	4.622874	25.979294	0.105834	-2676.396602	
0.577000	20.422832	0.750812	4.625457	25.992364	0.218760	-2676.170432	
0.578000	20.524309	0.661755	4.626699	26.005710	0.090259	-2675.949145	
0.579000	20.152227	0.945118	4.626766	26.019490	0.152562	-2675.732604	
0.580000	20.536994	0.758908	4.625707	26.033980	0.238229	-2675.520601	
0.581000	20.367865	0.904637	4.623638	26.049245	0.218760	-2675.312872	
0.582000	20.384778	0.799388	4.620993	26.065102	0.281063	-2675.109120	
0.583000	20.418604	0.823676	4.618326	26.081357	0.172032	-2674.909044	
0.584000	20.591961	0.750812	4.616088	26.097959	0.203184	-2674.712362	
0.585000	20.460886	0.742716	4.614761	26.114918	0.234335	-2674.518834	
0.586000	20.431289	0.993694	4.614907	26.132237	0.222654	-2674.328266	
0.587000	20.173368	0.945118	4.616897	26.150005	0.207078	-2674.140515	
0.588000	20.443973	0.856061	4.620639	26.168277	0.051319	-2673.955513	
0.589000	20.490484	0.556506	4.625436	26.186940	0.179820	-2673.773255	
0.590000	20.498940	0.702235	4.630232	26.205906	0.152562	-2673.593783	
0.591000	20.338268	0.669851	4.634140	26.225343	0.203184	-2673.417157	
0.592000	20.600417	0.856061	4.636707	26.245531	0.160350	-2673.243430	
0.593000	20.397463	0.718427	4.637817	26.266529	0.160350	-2673.072621	
0.594000	20.287529	1.026079	4.637536	26.288150	0.238229	-2672.904700	
0.595000	20.397463	0.742716	4.635859	26.310194	-0.014879	-2672.739590	
0.596000	20.482027	0.920829	4.632454	26.332596	0.059107	-2672.577158	
0.597000	20.477799	0.548410	4.627190	26.355351	0.179820	-2672.417208	
0.598000	20.338268	0.985598	4.620678	26.378464	0.160350	-2672.259482	
0.599000	20.283301	0.726523	4.613840	26.402054	0.191502	-2672.103702	
0.600000	20.338268	0.953214	4.607495	26.426209	0.101940	-2671.949592	0.000000
0.601000	20.465114	0.856061	4.602328	26.450819	0.323897	-2671.796900	
0.602000	20.372094	0.920829	4.598785	26.475790	0.117516	-2671.645416	
0.603000	20.245247	1.139424	4.596890	26.501276	0.175926	-2671.494975	
0.604000	20.443973	0.758908	4.596212	26.527541	0.218760	-2671.345466	
0.605000	20.469342	0.718427	4.596318	26.554615	0.203184	-2671.196851	
0.606000	20.443973	0.758908	4.597030	26.582297	0.234335	-2671.049157	
0.607000	20.498940	0.783196	4.598131	26.610375	0.121410	-2670.902455	
0.608000	20.515853	0.880349	4.599330	26.638766	0.191502	-2670.756837	
0.609000	20.494712	0.945118	4.600357	26.667447	0.086365	-2670.612379	
0.610000	20.418604	0.985598	4.601443	26.696420	0.152562	-2670.469107	
0.611000	20.181824	0.977502	4.603401	26.725820	0.160350	-2670.326997	
0.612000	20.456658	0.783196	4.606110	26.755750	-0.030454	-2670.185980	
0.613000	20.418604	0.815580	4.608320	26.786102	0.129198	-2670.045924	
0.614000	20.494712	0.750812	4.609319	26.816777	0.168138	-2669.906633	
0.615000	20.198737	0.977502	4.609273	26.847939	0.070789	-2669.767865	
0.616000	20.520081	0.839869	4.608443	26.879850	0.152562	-2669.629356	
0.617000	20.355181	0.977502	4.606991	26.912537	0.335579	-2669.490850	
0.618000	20.393235	0.896541	4.605324	26.945799	0.331685	-2669.352123	
0.619000	20.321355	0.864157	4.603737	26.979422	0.024061	-2669.213001	
0.620000	20.549678	0.694139	4.601987	27.013308	0.191502	-2669.073363	
0.621000	20.482027	0.831773	4.600161	27.047417	0.203184	-2668.933150	
0.622000	20.427060	0.920829	4.598773	27.081747	0.281063	-2668.792368	
0.623000	20.236791	0.993694	4.597859	27.116440	0.210972	-2668.651082	
0.624000	20.460886	0.904637	4.597138	27.151599	0.055213	-2668.509398	
0.625000	20.422832	0.847965	4.596461	27.187104	0.218760	-2668.367427	
0.626000	20.503168	0.799388	4.595612	27.222845	0.055213	-2668.225248	
0.627000	20.321355	0.694139	4.594184	27.258971	0.172032	-2668.082894	
0.628000	20.646927	0.677947	4.591797	27.295730	0.168138	-2667.940347	
0.629000	20.473571	0.783196	4.588319	27.333143	0.203184	-2667.797538	
0.630000	20.452430	1.147520	4.584059	27.371012	0.238229	-2667.654337	
0.631000	20.477799	0.888445	4.579806	27.409128	0.059107	-2667.510560	
0.632000	20.452430	0.928926	4.576412	27.447386	0.082471	-2667.365990	
0.633000	20.482027	0.807484	4.574297	27.485732	0.156456	-2667.220392	
0.634000	20.312899	0.985598	4.573398	27.524160	0.226548	-2667.073537	
0.635000	20.291758	0.775100	4.573492	27.562820	0.261593	-2666.925234	
0.636000	20.342496	0.710331	4.574425	27.601822	0.187608	-2666.775351	
0.637000	20.380550	0.767004	4.576053	27.641050	0.335579	-2666.623810	
0.638000	20.418604	0.864157	4.578096	27.680390	0.214866	-2666.470601	
0.639000	20.325583	0.831773	4.580285	27.719988	0.074683	-2666.315777	
0.640000	20.435517	0.839869	4.582467	27.760081	0.242123	-2666.159437	
0.641000	20.435517	0.823676	4.584574	27.800678	0.281063	-2666.001700	
0.642000	20.410148	0.953214	4.586677	27.841575	0.133092	-2665.842683	
0.643000	20.443973	0.791292	4.588662	27.882556	0.035743	-2665.682475	
0.644000	20.545450	0.920829	4.590145	27.923497	0.098047	-2665.521122	
0.645000	20.532766	0.920829	4.590974	27.964330	0.246017	-2665.358623	
0.646000	20.439745	0.839869	4.591309	28.005049	0.238229	-2665.194918	
0.647000	20.325583	0.823676	4.591319	28.045813	0.168138	-2665.029884	
0.648000	20.414376	0.823676	4.591232	28.086742	0.117516	-2664.863347	
0.649000	20.456658	0.864157	4.591313	28.127719	0.253805	-2664.695099	
0.650000	20.443973	0.694139	4.591591	28.168626	0.129198	-2664.524921	
0.651000	20.393235	0.928926	4.592002	28.209595	0.082471	-2664.352618	
0.652000	20.570820	0.767004	4.592694	28.250848	0.144774	-2664.178038	
0.653000	20.372094	0.904637	4.594071	28.292388	0.179820	-2664.001081	
0.654000	20.389006	0.920829	4.596472	28.334024	0.210972	-2663.821702	
0.655000	20.253704	0.831773	4.599866	28.375548	0.074683	-2663.639932	
0.656000	20.524309	0.726523	4.603880	28.416836	0.121410	-2663.455867	
0.657000	20.431289	0.864157	4.607977	28.457814	0.210972	-2663.269632	
0.658000	20.477799	0.815580	4.611685	28.498476	0.277169	-2663.081365	
0.659000	20.376322	0.807484	4.614634	28.538977	0.253805	-2662.891190	
0.660000	20.435517	0.791292	4.616320	28.579426	0.249911	-2662.699199	
0.661000	20.414376	0.750812	4.616287	28.619698	0.175926	-2662.505441	
0.662000	20.443973	0.548410	4.614788	28.659667	0.047425	-2662.309915	
0.663000	20.427060	0.880349	4.612577	28.699450	0.059107	-2662.112559	
0.664000	20.575048	0.548410	4.610151	28.739252	0.152562	-2661.913246	
0.665000	20.389006	0.888445	4.607818	28.779075	0.168138	-2661.711800	
0.666000	20.456658	0.888445	4.605878	28.818747	0.246017	-2661.508024	
0.667000	20.448201	0.807484	4.604308	28.858081	0.047425	-2661.301731	
0.668000	20.549678	0.783196	4.602606	28.896956	0.238229	-2661.092769	
0.669000	20.443973	0.831773	4.600255	28.935302	0.129198	-2660.881027	
0.670000	20.465114	1.074655	4.597094	28.973131	0.265487	-2660.666433	
0.671000	20.418604	0.767004	4.593233	29.010621	0.152562	-2660.448966	
0.672000	20.380550	1.042271	4.589045	29.047889	0.168138	-2660.228680	
0.673000	20.401691	0.791292	4.585027	29.084810	0.253805	-2660.005689	
0.674000	20.427060	0.856061	4.581550	29.121254	0.187608	-2659.780138	
0.675000	20.520081	0.710331	4.578906	29.157319	0.031849	-2659.552182	
0.676000	20.473571	0.783196	4.577158	29.193183	0.187608	-2659.321953	
0.677000	20.452430	0.953214	4.575875	29.228848	0.160350	-2659.089542	
0.678000	20.372094	0.896541	4.574403	29.264161	0.183714	-2658.854992	
0.679000	20.427060	0.815580	4.572450	29.298955	-0.088864	-2658.618301	
0.680000	20.380550	0.839869	4.570236	29.333103	0.281063	-2658.379403	
0.681000	20.490484	0.702235	4.568233	29.366525	0.047425	-2658.138167	
0.682000	20.410148	0.823676	4.566966	29.399246	0.148668	-2657.894424	
0.683000	20.490484	0.807484	4.566692	29.431450	0.129198	-2657.647992	
0.684000	20.367865	0.823676	4.567234	29.463253	0.125304	-2657.398703	
0.685000	20.477799	0.872253	4.568418	29.494537	0.187608	-2657.146431	
0.686000	20.482027	0.904637	4.570296	29.525171	0.230441	-2656.891090	
0.687000	20.524309	0.993694	4.573046	29.555244	-0.038242	-2656.632649	
0.688000	20.452430	0.775100	4.577125	29.584925	0.144774	-2656.371137	
0.689000	20.452430	0.928926	4.582802	29.614219	0.179820	-2656.106645	
0.690000	20.321355	0.758908	4.589471	29.643001	0.175926	-2655.839311	
0.691000	20.363637	0.839869	4.596051	29.671126	0.024061	-2655.569306	
0.692000	20.524309	0.718427	4.601630	29.698476	0.269381	-2655.296798	
0.693000	20.443973	0.920829	4.605526	29.724977	0.187608	-2655.021918	
0.694000	20.376322	0.888445	4.607464	29.750672	0.226548	-2654.744746	
0.695000	20.443973	0.953214	4.607777	29.775758	0.148668	-2654.465317	
0.696000	20.427060	0.718427	4.607035	29.800345	0.152562	-2654.183619	
0.697000	20.439745	0.937022	4.605669	29.824304	0.288851	-2653.899574	
0.698000	20.524309	0.702235	4.604066	29.847496	0.164244	-2653.613053	
0.699000	20.503168	0.896541	4.602542	29.869994	-0.022667	-2653.323902	
0.700000	20.583504	0.823676	4.601090	29.891949	0.168138	-2653.031961	0.000000
0.701000	20.359409	1.066559	4.599585	29.913369	0.249911	-2652.737087	
0.702000	20.439745	0.807484	4.598065	29.934156	0.214866	-2652.439179	
0.703000	20.359409	0.888445	4.596536	29.954197	0.031849	-2652.138187	
0.704000	20.486255	0.742716	4.595043	29.973376	0.207078	-2651.834116	
0.705000	20.376322	0.758908	4.593870	29.991625	0.140880	-2651.527031	
0.706000	20.389006	0.783196	4.593192	30.009006	0.133092	-2651.217056	
0.707000	20.520081	0.767004	4.592813	30.025732	0.246017	-2650.904354	
0.708000	20.401691	0.856061	4.592457	30.041913	0.312215	-2650.589107	
0.709000	20.317127	1.042271	4.591974	30.057424	0.261593	-2650.271484	
0.710000	20.397463	0.945118	4.591209	30.072131	0.257699	-2649.951612	
0.711000	20.448201	0.710331	4.589971	30.086089	0.027955	-2649.629566	
0.712000	20.469342	0.831773	4.588092	30.099427	0.230441	-2649.305372	
0.713000	20.367865	0.977502	4.585484	30.112153	0.277169	-2648.978994	
0.714000	20.359409	0.791292	4.582385	30.124206	0.101940	-2648.650343	
0.715000	20.482027	0.767004	4.579382	30.135504	0.027955	-2648.319296	
0.716000	20.443973	0.912733	4.576935	30.145940	0.179820	-2647.985708	
0.717000	20.473571	0.791292	4.575177	30.155447	0.203184	-2647.649432	
0.718000	20.325583	0.993694	4.574151	30.164112	0.191502	-2647.310340	
0.719000	20.638471	0.378392	4.573970	30.172162	0.199290	-2646.968352	
0.720000	20.397463	0.734620	4.575160	30.179702	0.172032	-2646.623439	
0.721000	20.465114	0.937022	4.578637	30.186596	0.312215	-2646.275632	
0.722000	20.435517	0.953214	4.584575	30.192704	0.086365	-2645.925028	
0.723000	20.553907	0.815580	4.591915	30.198064	-0.034348	-2645.571787	
0.724000	20.414376	1.001790	4.599273	30.202790	0.160350	-2645.216097	
0.725000	20.363637	1.139424	4.605578	30.206900	0.249911	-2644.858142	
0.726000	20.249476	0.864157	4.610016	30.210368	0.214866	-2644.498085	
0.727000	20.414376	0.945118	4.612061	30.213145	-0.030454	-2644.136046	
0.728000	20.443973	0.847965	4.611720	30.215128	0.234335	-2643.772098	
0.729000	20.477799	1.001790	4.609384	30.216251	0.152562	-2643.406257	
0.730000	20.308670	0.856061	4.605504	30.216620	0.125304	-2643.038474	
0.731000	20.541222	0.856061	4.600710	30.216474	0.121410	-2642.668646	
0.732000	20.448201	0.847965	4.595811	30.215908	0.226548	-2642.296636	
0.733000	20.418604	1.001790	4.591416	30.214781	0.226548	-2641.922293	
0.734000	20.456658	0.702235	4.587877	30.212942	0.109728	-2641.545478	
0.735000	20.558135	0.734620	4.585506	30.210416	0.066895	-2641.166092	
0.736000	20.613102	0.564602	4.584534	30.207300	0.133092	-2640.784086	
0.737000	20.486255	1.163712	4.584890	30.203621	0.117516	-2640.399459	
0.738000	20.380550	0.783196	4.586245	30.199408	0.234335	-2640.012274	
0.739000	20.414376	0.694139	4.588266	30.194664	-0.088864	-2639.622665	
0.740000	20.498940	0.783196	4.590725	30.189297	0.269381	-2639.230814	
0.741000	20.393235	0.920829	4.593483	30.183250	0.187608	-2638.836914	
0.742000	20.283301	0.791292	4.596512	30.176665	0.222654	-2638.441152	
0.743000	20.507396	0.872253	4.599765	30.169810	0.156456	-2638.043680	
0.744000	20.431289	0.864157	4.602813	30.162780	0.269381	-2637.644601	
0.745000	20.431289	0.912733	4.604962	30.155429	0.393988	-2637.243977	
0.746000	20.494712	0.807484	4.605829	30.147602	0.234335	-2636.841816	
0.747000	20.545450	0.807484	4.605539	30.139309	0.074683	-2636.438067	
0.748000	20.456658	0.734620	4.604561	30.130624	0.203184	-2636.032619	
0.749000	20.405919	1.009886	4.603554	30.121570	0.230441	-2635.625328	
0.750000	20.253704	0.928926	4.603105	30.112202	0.277169	-2635.216041	
0.751000	20.494712	0.686043	4.603526	30.102542	-0.003197	-2634.804637	
0.752000	20.469342	0.945118	4.604972	30.092493	0.179820	-2634.391037	
0.753000	20.532766	0.807484	4.607529	30.081988	0.043531	-2633.975209	
0.754000	20.334040	0.815580	4.611097	30.071182	0.140880	-2633.557173	
0.755000	20.621558	0.637467	4.615434	30.060356	0.218760	-2633.137013	
0.756000	20.334040	0.993694	4.620118	30.049601	0.133092	-2632.714877	
0.757000	20.465114	0.896541	4.624506	30.038761	0.246017	-2632.290951	
0.758000	20.367865	0.880349	4.628077	30.027667	0.191502	-2631.865434	
0.759000	20.608873	0.783196	4.630737	30.016307	0.066895	-2631.438513	
0.760000	20.384778	0.839869	4.632605	30.004734	0.156456	-2631.010336	
0.761000	20.439745	0.928926	4.633552	29.992973	0.265487	-2630.580996	
0.762000	20.207193	0.864157	4.633262	29.981106	0.288851	-2630.150538	
0.763000	20.334040	0.888445	4.631853	29.969187	0.207078	-2629.718957	
0.764000	20.372094	0.969406	4.629887	29.957120	0.292745	-2629.286182	
0.765000	20.456658	0.880349	4.627901	29.944832	0.214866	-2628.852091	
0.766000	20.295986	0.799388	4.626254	29.932479	0.183714	-2628.416531	
0.767000	20.570820	0.758908	4.625057	29.920335	0.160350	-2627.979352	
0.768000	20.456658	0.750812	4.624277	29.908473	0.160350	-2627.540439	
0.769000	20.418604	1.171808	4.623985	29.896724	0.288851	-2627.099728	
0.770000	20.405919	0.661755	4.624098	29.884910	0.113622	-2626.657205	
0.771000	20.494712	1.009886	4.624069	29.872999	-0.034348	-2626.212910	
0.772000	20.465114	0.653659	4.623531	29.861019	0.074683	-2625.766950	
0.773000	20.384778	0.896541	4.622685	29.848988	0.129198	-2625.319480	
0.774000	20.249476	0.775100	4.621846	29.837015	0.175926	-2624.870690	
0.775000	20.405919	0.669851	4.621388	29.825184	0.094153	-2624.420784	
0.776000	20.520081	0.742716	4.621655	29.813403	0.094153	-2623.969944	
0.777000	20.372094	0.864157	4.622429	29.801603	0.152562	-2623.518306	
0.778000	20.312899	0.945118	4.622939	29.789960	0.207078	-2623.065954	
0.779000	20.507396	1.009886	4.622606	29.778758	0.218760	-2622.612914	
0.780000	20.439745	1.163712	4.621318	29.768063	0.351155	-2622.159149	
0.781000	20.312899	1.026079	4.619201	29.757693	0.234335	-2621.704560	
0.782000	20.456658	0.799388	4.616591	29.747459	0.125304	-2621.249012	
0.783000	20.549678	0.799388	4.614002	29.737307	0.136986	-2620.792357	
0.784000	20.482027	0.791292	4.612142	29.727242	0.284957	-2620.334457	
0.785000	20.401691	0.847965	4.611699	29.717281	0.331685	-2619.875202	
0.786000	20.211422	0.839869	4.613115	29.707548	0.094153	-2619.414535	
0.787000	20.401691	0.629370	4.617063	29.698137	0.183714	-2618.952453	
0.788000	20.431289	0.839869	4.624147	29.688943	0.273275	-2618.489017	
0.789000	20.452430	0.694139	4.633696	29.679879	0.094153	-2618.024352	
0.790000	20.245247	0.823676	4.643866	29.671110	0.066895	-2617.558628	
0.791000	20.630014	0.710331	4.652754	29.662910	0.047425	-2617.092044	
0.792000	20.367865	0.823676	4.658977	29.655330	0.101940	-2616.624795	
0.793000	20.427060	1.001790	4.661733	29.648187	0.234335	-2616.157046	
0.794000	20.342496	0.791292	4.660941	29.641285	0.051319	-2615.688915	
0.795000	20.520081	0.856061	4.657195	29.634561	-0.030454	-2615.220472	
0.796000	20.393235	0.847965	4.650915	29.628007	0.226548	-2614.751727	
0.797000	20.401691	0.896541	4.642239	29.621637	0.249911	-2614.282617	
0.798000	20.207193	0.815580	4.631807	29.615586	0.101940	-2613.813023	
0.799000	20.422832	0.791292	4.620627	29.609956	0.160350	-2613.342804	
0.800000	20.452430	0.823676	4.609514	29.604644	0.253805	-2612.871808	0.000000
0.801000	20.452430	0.985598	4.599113	29.599558	0.308321	-2612.399902	
0.802000	20.232563	1.017982	4.590021	29.594870	0.175926	-2611.926990	
0.803000	20.460886	0.839869	4.582507	29.590846	0.257699	-2611.453026	
0.804000	20.431289	0.702235	4.576418	29.587523	0.327791	-2610.978015	
0.805000	20.490484	0.928926	4.571517	29.584702	0.086365	-2610.502031	
0.806000	20.431289	0.507929	4.567673	29.582174	0.082471	-2610.025220	
0.807000	20.541222	0.799388	4.564773	29.579845	0.082471	-2609.547771	
0.808000	20.562363	0.791292	4.562566	29.577683	0.094153	-2609.069892	
0.809000	20.418604	1.009886	4.560703	29.575695	0.113622	-2608.591773	
0.810000	20.245247	0.839869	4.559052	29.574033	0.179820	-2608.113566	
0.811000	20.334040	1.017982	4.557696	29.572815	0.051319	-2607.635372	
0.812000	20.443973	0.799388	4.556538	29.571932	0.203184	-2607.157246	
0.813000	20.460886	0.613178	4.555356	29.571287	0.144774	-2606.679178	
0.814000	20.241019	0.888445	4.554057	29.571047	0.172032	-2606.201090	
0.815000	20.448201	0.880349	4.552716	29.571472	0.129198	-2605.722855	
0.816000	20.410148	0.888445	4.551577	29.572595	0.234335	-2605.244317	
0.817000	20.338268	0.904637	4.550831	29.574221	0.175926	-2604.765321	
0.818000	20.435517	0.953214	4.550417	29.576145	0.136986	-2604.285741	
0.819000	20.443973	0.791292	4.550202	29.578264	0.105834	-2603.805497	
0.820000	20.482027	0.653659	4.550298	29.580529	0.187608	-2603.324556	
0.821000	20.346724	0.815580	4.551253	29.582938	0.304427	-2602.842935	
0.822000	20.283301	0.896541	4.553639	29.585647	0.230441	-2602.360724	
0.823000	20.452430	0.823676	4.557452	29.588768	0.148668	-2601.878086	
0.824000	20.469342	0.856061	4.562241	29.592189	0.257699	-2601.395219	
0.825000	20.477799	0.710331	4.567603	29.595799	0.078577	-2600.912328	
0.826000	20.321355	0.945118	4.573287	29.599746	0.024061	-2600.429592	
0.827000	20.558135	0.718427	4.579095	29.604269	0.078577	-2599.947144	
0.828000	20.334040	0.920829	4.584723	29.609380	0.261593	-2599.465063	
0.829000	20.427060	0.872253	4.589411	29.614888	0.191502	-2598.983376	
0.830000	20.418604	0.953214	4.592372	29.620588	0.035743	-2598.502052	
0.831000	20.579276	0.953214	4.593612	29.626371	0.179820	-2598.020998	
0.832000	20.397463	0.872253	4.593698	29.632184	0.090259	-2597.540077	
0.833000	20.384778	1.009886	4.593107	29.638035	0.230441	-2597.059124	
0.834000	20.279073	0.864157	4.592062	29.644087	0.238229	-2596.577981	
0.835000	20.393235	0.815580	4.590718	29.650460	0.168138	-2596.096528	
0.836000	20.389006	0.856061	4.589343	29.657039	0.277169	-2595.614694	
0.837000	20.469342	0.920829	4.588292	29.663708	0.273275	-2595.132459	
0.838000	20.431289	0.807484	4.587806	29.670602	0.203184	-2594.649861	
0.839000	20.482027	0.856061	4.587844	29.677947	0.179820	-2594.167008	
0.840000	20.431289	0.880349	4.588123	29.685751	0.253805	-2593.684064	
0.841000	20.410148	0.912733	4.588348	29.693828	0.101940	-2593.201219	
0.842000	20.460886	0.783196	4.588405	29.701974	-0.034348	-2592.718668	
0.843000	20.465114	0.823676	4.588130	29.710070	0.156456	-2592.236576	
0.844000	20.562363	0.686043	4.587297	29.718045	0.117516	-2591.755056	
0.845000	20.414376	1.034175	4.586124	29.725905	0.203184	-2591.274170	
0.846000	20.414376	0.548410	4.585325	29.733822	0.051319	-2590.793925	
0.847000	20.376322	0.799388	4.585428	29.741919	0.136986	-2590.314270	
0.848000	20.507396	0.767004	4.586520	29.750086	0.249911	-2589.835097	
0.849000	20.380550	0.823676	4.588571	29.758208	0.086365	-2589.356257	
0.850000	20.431289	0.864157	4.591526	29.766412	0.125304	-2588.877589	
0.851000	20.473571	0.807484	4.595240	29.774912	0.210972	-2588.398945	
0.852000	20.329812	0.912733	4.599706	29.783719	0.218760	-2587.920212	
0.853000	20.367865	0.872253	4.605263	29.792668	0.191502	-2587.441326	
0.854000	20.439745	1.001790	4.612131	29.801576	0.063001	-2586.962284	
0.855000	20.439745	0.702235	4.619980	29.810324	0.195396	-2586.483153	
0.856000	20.486255	0.937022	4.628093	29.818835	0.273275	-2586.004064	
0.857000	20.380550	0.985598	4.635625	29.827111	0.257699	-2585.525180	
0.858000	20.329812	0.953214	4.641897	29.835315	0.140880	-2585.046686	
0.859000	20.427060	0.791292	4.646593	29.843557	0.152562	-2584.568761	
0.860000	20.465114	0.775100	4.649581	29.851714	0.214866	-2584.091548	
0.861000	20.570820	0.588890	4.650689	29.859658	0.156456	-2583.615141	
0.862000	20.507396	0.767004	4.649628	29.867495	0.098047	-2583.139589	
0.863000	20.579276	0.637467	4.646228	29.875420	0.125304	-2582.664884	
0.864000	20.435517	0.969406	4.640899	29.883435	0.195396	-2582.190953	
0.865000	20.431289	0.888445	4.634625	29.891375	0.175926	-2581.717667	
0.866000	20.367865	0.880349	4.628418	29.899060	0.004591	-2581.244871	
0.867000	20.515853	0.661755	4.622910	29.906369	0.238229	-2580.772409	
0.868000	20.431289	0.718427	4.618377	29.913231	0.125304	-2580.300142	
0.869000	20.427060	0.669851	4.615159	29.919675	0.156456	-2579.827968	
0.870000	20.507396	0.945118	4.613908	29.925889	0.226548	-2579.355835	
0.871000	20.363637	1.017982	4.614984	29.931991	0.191502	-2578.883751	
0.872000	20.312899	0.928926	4.617953	29.937862	0.222654	-2578.411791	
0.873000	20.418604	0.864157	4.621986	29.943375	0.136986	-2577.940092	
0.874000	20.498940	0.775100	4.626329	29.948620	0.113622	-2577.468825	
0.875000	20.498940	0.734620	4.630430	29.953769	0.160350	-2576.998170	
0.876000	20.414376	0.799388	4.633988	29.958831	0.199290	-2576.528289	
0.877000	20.460886	0.993694	4.637027	29.963680	0.222654	-2576.059302	
0.878000	20.536994	0.694139	4.639608	29.968174	-0.077182	-2575.591292	
0.879000	20.473571	0.937022	4.641121	29.972197	0.063001	-2575.124287	
0.880000	20.465114	0.807484	4.640445	29.975679	0.136986	-2574.658247	
0.881000	20.389006	0.961310	4.637199	29.978660	0.144774	-2574.193063	
0.882000	20.545450	0.661755	4.632187	29.981332	0.187608	-2573.728581	
0.883000	20.367865	0.767004	4.626538	29.983809	0.203184	-2573.264633	
0.884000	20.503168	0.961310	4.621048	29.985968	0.304427	-2572.801056	
0.885000	20.427060	0.653659	4.616206	29.987680	0.187608	-2572.337721	
0.886000	20.638471	0.953214	4.612328	29.989027	-0.003197	-2571.874550	
0.887000	20.536994	0.912733	4.609559	29.990166	0.175926	-2571.411511	
0.888000	20.393235	1.171808	4.607895	29.991107	0.156456	-2570.948625	
0.889000	20.253704	0.767004	4.607247	29.991754	0.144774	-2570.485983	
0.890000	20.372094	0.847965	4.607340	29.991993	-0.014879	-2570.023733	
0.891000	20.498940	0.726523	4.607752	29.991711	0.296639	-2569.562055	
0.892000	20.486255	0.831773	4.608239	29.990832	0.195396	-2569.101128	
0.893000	20.401691	0.880349	4.608683	29.989404	0.366730	-2568.641099	
0.894000	20.448201	0.912733	4.608549	29.987626	0.121410	-2568.182064	
0.895000	20.431289	0.694139	4.606925	29.985603	0.172032	-2567.724078	
0.896000	20.482027	0.977502	4.603370	29.983209	0.230441	-2567.267141	
0.897000	20.507396	0.807484	4.598206	29.980306	0.063001	-2566.811189	
0.898000	20.536994	0.750812	4.592080	29.976958	-0.038242	-2566.356099	
0.899000	20.613102	0.645563	4.585903	29.973301	0.109728	-2565.901718	
0.900000	20.405919	0.993694	4.580788	29.969347	0.210972	-2565.447875	0.000000
0.901000	20.418604	0.758908	4.577588	29.965032	0.148668	-2564.994416	
0.902000	20.372094	1.058463	4.576604	29.960271	-0.034348	-2564.541234	
0.903000	20.452430	0.880349	4.577471	29.954961	0.160350	-2564.088268	
0.904000	20.431289	0.767004	4.579430	29.949035	0.121410	-2563.635502	
0.905000	20.338268	0.969406	4.581968	29.942570	0.195396	-2563.182976	
0.906000	20.452430	0.637467	4.584821	29.935789	0.234335	-2562.730792	
0.907000	20.435517	0.872253	4.587606	29.928797	0.288851	-2562.279102	
0.908000	20.405919	0.904637	4.589969	29.921467	0.296639	-2561.828078	
0.909000	20.477799	0.977502	4.591821	29.913657	0.140880	-2561.377890	
0.910000	20.558135	0.775100	4.593151	29.905418	0.055213	-2560.928672	
0.911000	20.460886	0.896541	4.593606	29.896872	0.199290	-2560.480507	
0.912000	20.372094	0.961310	4.592748	29.888037	0.195396	-2560.033424	
0.913000	20.321355	1.034175	4.590893	29.878870	0.281063	-2559.587401	
0.914000	20.558135	0.767004	4.588770	29.869307	0.055213	-2559.142354	
0.915000	20.460886	0.823676	4.586734	29.859243	0.234335	-2558.698155	
0.916000	20.498940	0.758908	4.584953	29.848615	0.152562	-2558.254642	
0.917000	20.350953	0.856061	4.583467	29.837518	0.152562	-2557.811645	
0.918000	20.608873	0.742716	4.582098	29.826185	0.109728	-2557.369019	
0.919000	20.414376	0.775100	4.580898	29.814718	0.172032	-2556.926666	
0.920000	20.511625	1.058463	4.580028	29.802982	0.133092	-2556.484534	
0.921000	20.397463	0.823676	4.579077	29.790836	0.148668	-2556.042625	
0.922000	20.583504	0.888445	4.577525	29.778316	-0.042136	-2555.601005	
0.923000	20.452430	0.815580	4.575408	29.765531	0.129198	-2555.159804	
0.924000	20.427060	1.107039	4.572912	29.752507	0.183714	-2554.719182	
0.925000	20.287529	0.831773	4.570143	29.739252	0.117516	-2554.279312	
0.926000	20.338268	0.888445	4.567352	29.725752	0.035743	-2553.840354	
0.927000	20.448201	0.831773	4.564787	29.711910	0.292745	-2553.402427	
0.928000	20.355181	0.969406	4.562330	29.697657	0.242123	-2552.965594	
0.929000	20.376322	0.864157	4.559971	29.683102	0.090259	-2552.529862	
0.930000	20.575048	0.783196	4.558451	29.668482	0.195396	-2552.095180	
0.931000	20.507396	0.799388	4.558468	29.653888	0.183714	-2551.661443	
0.932000	20.443973	1.050367	4.559936	29.639175	0.261593	-2551.228506	
0.933000	20.469342	0.750812	4.562538	29.624189	0.148668	-2550.796207	
0.934000	20.520081	0.775100	4.566188	29.608944	-0.034348	-2550.364387	
0.935000	20.566591	0.750812	4.570846	29.593527	0.140880	-2549.932921	
0.936000	20.355181	1.066559	4.576248	29.577959	0.133092	-2549.501720	
0.937000	20.329812	0.856061	4.581823	29.562276	0.133092	-2549.070746	
0.938000	20.431289	0.702235	4.586944	29.546486	0.020167	-2548.640022	
0.939000	20.515853	0.710331	4.591264	29.530494	0.195396	-2548.209643	
0.940000	20.456658	0.783196	4.594664	29.514232	0.109728	-2547.779754	
0.941000	20.266388	0.856061	4.596949	29.497833	0.222654	-2547.350518	
0.942000	20.503168	0.969406	4.597825	29.481557	0.195396	-2546.922098	
0.943000	20.389006	1.026079	4.597103	29.465488	0.312215	-2546.494631	
0.944000	20.355181	0.985598	4.594914	29.449470	0.238229	-2546.068205	
0.945000	20.410148	0.864157	4.591728	29.433337	0.144774	-2545.642864	
0.946000	20.545450	0.661755	4.587937	29.417080	0.008485	-2545.218604	
0.947000	20.515853	0.839869	4.583632	29.400754	0.148668	-2544.795355	
0.948000	20.456658	0.856061	4.579032	29.384376	0.210972	-2544.372989	
0.949000	20.219878	0.912733	4.574730	29.368001	0.234335	-2543.951344	
0.950000	20.460886	0.807484	4.571341	29.351657	0.090259	-2543.530252	
0.951000	20.422832	0.823676	4.569202	29.335241	0.234335	-2543.109560	
0.952000	20.507396	0.637467	4.568354	29.318681	0.195396	-2542.689145	
0.953000	20.262160	1.058463	4.568742	29.302129	0.101940	-2542.268931	
0.954000	20.613102	0.702235	4.570703	29.285850	0.129198	-2541.848892	
0.955000	20.384778	0.856061	4.574909	29.269918	0.238229	-2541.429073	
0.956000	20.397463	1.034175	4.581329	29.254171	0.074683	-2541.009584	
0.957000	20.393235	0.985598	4.588936	29.238436	0.059107	-2540.590575	
0.958000	20.553907	0.912733	4.596588	29.222687	0.164244	-2540.172221	
0.959000	20.393235	0.888445	4.603503	29.206965	0.246017	-2539.754684	
0.960000	20.405919	0.961310	4.609110	29.191288	0.226548	-2539.338086	
0.961000	20.202965	0.767004	4.613102	29.175748	0.172032	-2538.922500	
0.962000	20.380550	0.799388	4.615538	29.160407	0.094153	-2538.507959	
0.963000	20.443973	0.807484	4.616541	29.145171	0.355048	-2538.094443	
0.964000	20.397463	0.831773	4.616177	29.129969	0.144774	-2537.681864	
0.965000	20.219878	0.896541	4.614752	29.114970	0.242123	-2537.270076	
0.966000	20.528537	1.098943	4.612924	29.100454	0.265487	-2536.858904	
0.967000	20.422832	0.880349	4.611286	29.086492	0.214866	-2536.448168	
0.968000	20.405919	0.904637	4.609935	29.072905	0.191502	-2536.037715	
0.969000	20.545450	0.864157	4.608672	29.059505	0.024061	-2535.627443	
0.970000	20.520081	0.937022	4.607477	29.046247	0.012379	-2535.217299	
0.971000	20.541222	0.710331	4.606661	29.033146	0.086365	-2534.807283	
0.972000	20.473571	0.864157	4.606602	29.020217	0.172032	-2534.397459	
0.973000	20.198737	0.791292	4.607370	29.007576	0.117516	-2533.987947	
0.974000	20.376322	0.839869	4.608722	28.995310	0.047425	-2533.578910	
0.975000	20.503168	0.710331	4.610361	28.983320	0.218760	-2533.170522	
0.976000	20.405919	0.710331	4.611955	28.971531	0.187608	-2532.762935	
0.977000	20.249476	1.042271	4.613130	28.960118	0.136986	-2532.356258	
0.978000	20.418604	0.807484	4.613663	28.949368	0.191502	-2531.950546	
0.979000	20.443973	0.831773	4.613617	28.939342	0.393988	-2531.545808	
0.980000	20.350953	1.082751	4.613419	28.929861	0.238229	-2531.141994	
0.981000	20.355181	0.864157	4.613534	28.920733	0.082471	-2530.738991	
0.982000	20.503168	0.856061	4.614077	28.911891	0.164244	-2530.336645	
0.983000	20.465114	0.807484	4.615066	28.903330	0.242123	-2529.934777	
0.984000	20.401691	0.831773	4.616631	28.895057	0.168138	-2529.533209	
0.985000	20.198737	0.945118	4.618752	28.887205	0.191502	-2529.131799	
0.986000	20.443973	1.042271	4.621183	28.879875	0.113622	-2528.730459	
0.987000	20.393235	0.839869	4.623911	28.872963	0.105834	-2528.329153	
0.988000	20.477799	0.815580	4.627276	28.866381	0.066895	-2527.927894	
0.989000	20.257932	0.880349	4.631354	28.860296	0.164244	-2527.526763	
0.990000	20.566591	0.613178	4.635630	28.854981	0.059107	-2527.125897	
0.991000	20.389006	0.758908	4.639447	28.850479	0.218760	-2526.725459	
0.992000	20.494712	0.839869	4.642413	28.846599	0.281063	-2526.325620	
0.993000	20.431289	0.847965	4.644181	28.843141	0.082471	-2525.926524	
0.994000	20.617330	1.098943	4.644110	28.840029	0.039637	-2525.528275	
0.995000	20.367865	0.847965	4.641840	28.837246	0.203184	-2525.130924	
0.996000	20.367865	1.074655	4.638140	28.834804	0.238229	-2524.734461	
0.997000	20.177596	0.896541	4.634054	28.832845	0.253805	-2524.338811	
0.998000	20.384778	0.847965	4.629947	28.831474	0.136986	-2523.943842	
0.999000	20.397463	0.856061	4.626033	28.830585	0.284957	-2523.549389	
1.000000	20.443973	0.953214	4.622506	28.830082	0.105834	-2523.155273	0.000000
1.001000	20.295986	0.928926	4.619117	28.830130	0.156456	-2522.761327	
1.002000	20.558135	0.791292	4.615292	28.830999	0.105834	-2522.367427	
1.003000	20.355181	0.750812	4.610815	28.832726	0.238229	-2521.973492	
1.004000	20.380550	1.066559	4.606456	28.835111	0.253805	-2521.579495	
1.005000	20.460886	0.516025	4.603449	28.837941	0.051319	-2521.185477	
1.006000	20.498940	0.742716	4.602315	28.841117	0.113622	-2520.791546	
1.007000	20.545450	0.702235	4.602594	28.844600	0.172032	-2520.397854	
1.008000	20.469342	0.977502	4.603477	28.848395	0.203184	-2520.004574	
1.009000	20.274845	0.799388	4.604290	28.852654	0.109728	-2519.611873	
1.010000	20.401691	0.864157	4.604590	28.857495	0.063001	-2519.219893	
1.011000	20.503168	0.815580	4.604091	28.862808	0.358942	-2518.828722	
1.012000	20.376322	0.937022	4.602735	28.868489	0.172032	-2518.438397	
1.013000	20.342496	0.839869	4.600795	28.874694	0.144774	-2518.048893	
1.014000	20.477799	1.017982	4.598663	28.881675	0.004591	-2517.660119	
1.015000	20.456658	0.847965	4.596685	28.889451	0.175926	-2517.271927	
1.016000	20.334040	0.945118	4.595182	28.897826	0.292745	-2516.884143	
1.017000	20.401691	0.807484	4.594499	28.906590	0.059107	-2516.496593	
1.018000	20.477799	0.758908	4.594972	28.915637	0.152562	-2516.109127	
1.019000	20.541222	0.847965	4.596601	28.924912	0.160350	-2515.721637	
1.020000	20.363637	1.123232	4.599132	28.934408	0.292745	-2515.334057	
1.021000	20.350953	0.823676	4.602528	28.944278	0.179820	-2514.946373	
1.022000	20.439745	0.945118	4.606750	28.954633	0.078577	-2514.558647	
1.023000	20.520081	0.767004	4.611367	28.965354	0.222654	-2514.171005	
1.024000	20.507396	0.726523	4.615711	28.976328	0.121410	-2513.783614	
1.025000	20.376322	0.823676	4.619139	28.987699	0.078577	-2513.396651	
1.026000	20.541222	0.775100	4.621155	28.999705	0.113622	-2513.010279	
1.027000	20.393235	1.026079	4.621374	29.012358	0.222654	-2512.624616	
1.028000	20.456658	0.734620	4.619373	29.025466	0.136986	-2512.239733	
1.029000	20.435517	1.171808	4.614934	29.038823	0.086365	-2511.855649	
1.030000	20.545450	0.799388	4.608410	29.052316	0.121410	-2511.472327	
1.031000	20.367865	0.847965	4.600704	29.065884	0.152562	-2511.089662	
1.032000	20.456658	0.847965	4.592956	29.079529	0.207078	-2510.707499	
1.033000	20.236791	0.872253	4.586136	29.093417	0.300533	-2510.325664	
1.034000	20.355181	0.815580	4.580908	29.107666	0.199290	-2509.943985	
1.035000	20.334040	0.953214	4.577721	29.122158	0.343367	-2509.562320	
1.036000	20.405919	0.677947	4.576699	29.136772	0.296639	-2509.180572	
1.037000	20.384778	0.912733	4.577557	29.151632	0.109728	-2508.798691	
1.038000	20.503168	0.807484	4.579827	29.166954	0.164244	-2508.416682	
1.039000	20.389006	0.872253	4.583029	29.182737	0.191502	-2508.034619	
1.040000	20.443973	0.872253	4.586587	29.198793	0.253805	-2507.652638	
1.041000	20.422832	0.742716	4.589906	29.214916	-0.034348	-2507.270914	
1.042000	20.494712	0.839869	4.592639	29.230985	0.105834	-2506.889628	
1.043000	20.452430	0.726523	4.594705	29.246924	0.179820	-2506.508931	
1.044000	20.469342	1.139424	4.596095	29.262736	0.160350	-2506.128926	
1.045000	20.435517	0.815580	4.596916	29.278593	0.246017	-2505.749664	
1.046000	20.477799	0.669851	4.597412	29.294622	0.195396	-2505.371150	
1.047000	20.397463	0.669851	4.597591	29.310710	0.195396	-2504.993330	
1.048000	20.473571	0.710331	4.597281	29.326739	0.152562	-2504.616083	
1.049000	20.473571	0.783196	4.596633	29.342829	0.059107	-2504.239254	
1.050000	20.465114	0.977502	4.596043	29.359190	0.121410	-2503.862665	
1.051000	20.422832	0.839869	4.595723	29.375831	0.257699	-2503.486142	
1.052000	20.342496	0.767004	4.595663	29.392580	0.292745	-2503.109551	
1.053000	20.422832	0.710331	4.595828	29.409251	0.086365	-2502.732808	
1.054000	20.448201	0.969406	4.596125	29.425721	0.179820	-2502.355883	
1.055000	20.541222	0.783196	4.596463	29.441912	0.051319	-2501.978808	
1.056000	20.427060	0.904637	4.596878	29.457830	0.304427	-2501.601679	
1.057000	20.435517	0.872253	4.597364	29.473639	0.175926	-2501.224640	
1.058000	20.401691	0.904637	4.597789	29.489450	0.109728	-2500.847863	
1.059000	20.498940	0.807484	4.598049	29.505136	0.136986	-2500.471517	
1.060000	20.414376	0.726523	4.598143	29.520568	0.031849	-2500.095740	
1.061000	20.511625	0.686043	4.597693	29.535853	-0.018773	-2499.720622	
1.062000	20.558135	0.645563	4.595941	29.551180	0.113622	-2499.346208	
1.063000	20.498940	0.953214	4.592931	29.566554	0.121410	-2498.972489	
1.064000	20.439745	0.920829	4.589435	29.581814	0.117516	-2498.599393	
1.065000	20.435517	0.937022	4.585899	29.596785	0.000697	-2498.226792	
1.066000	20.486255	0.831773	4.582546	29.611351	0.117516	-2497.854522	
1.067000	20.443973	0.856061	4.579594	29.625442	0.012379	-2497.482406	
1.068000	20.401691	0.864157	4.577274	29.639076	0.152562	-2497.110278	
1.069000	20.405919	0.847965	4.575795	29.652434	0.121410	-2496.738014	
1.070000	20.304442	0.718427	4.575351	29.665629	0.273275	-2496.365546	
1.071000	20.380550	1.131328	4.576390	29.678546	0.335579	-2495.992861	
1.072000	20.427060	0.791292	4.579326	29.691062	0.207078	-2495.620012	
1.073000	20.431289	1.009886	4.583913	29.703277	0.113622	-2495.247116	
1.074000	20.490484	0.702235	4.589297	29.715367	0.109728	-2494.874330	
1.075000	20.334040	0.896541	4.594602	29.727335	0.133092	-2494.501822	
1.076000	20.469342	0.872253	4.599400	29.739042	0.070789	-2494.129747	
1.077000	20.418604	0.661755	4.603578	29.750332	0.047425	-2493.758233	
1.078000	20.541222	0.767004	4.606843	29.761086	0.121410	-2493.387361	
1.079000	20.486255	0.742716	4.608644	29.771234	0.121410	-2493.017163	
1.080000	20.503168	0.985598	4.608559	29.780809	0.160350	-2492.647603	
1.081000	20.452430	0.799388	4.606779	29.790002	0.109728	-2492.278582	
1.082000	20.418604	0.823676	4.604090	29.798927	0.168138	-2491.909953	
1.083000	20.422832	0.799388	4.601305	29.807464	0.070789	-2491.541545	
1.084000	20.456658	0.888445	4.598998	29.815485	0.191502	-2491.173186	
1.085000	20.553907	0.815580	4.597614	29.823077	0.004591	-2490.804732	
1.086000	20.545450	1.058463	4.597396	29.830404	0.066895	-2490.436086	
1.087000	20.422832	1.009886	4.598151	29.837479	0.160350	-2490.067190	
1.088000	20.312899	1.001790	4.599374	29.844194	0.296639	-2489.698044	
1.089000	20.308670	0.888445	4.600778	29.850421	-0.084970	-2489.328718	
1.090000	20.452430	0.961310	4.602278	29.856049	0.320003	-2488.959345	
1.091000	20.486255	0.758908	4.603477	29.861008	0.292745	-2488.590084	
1.092000	20.312899	0.969406	4.603803	29.865347	0.156456	-2488.221097	
1.093000	20.541222	0.799388	4.603062	29.869266	0.113622	-2487.852524	
1.094000	20.405919	1.188000	4.601671	29.872870	0.300533	-2487.484470	
1.095000	20.520081	0.823676	4.600406	29.876031	0.308321	-2487.116996	
1.096000	20.380550	0.888445	4.599647	29.878614	0.078577	-2486.750110	
1.097000	20.591961	0.823676	4.599209	29.880684	0.000697	-2486.383760	
1.098000	20.515853	0.775100	4.598847	29.882380	0.101940	-2486.017828	
1.099000	20.486255	1.001790	4.598479	29.883715	0.242123	-2485.652158	
1.100000	20.363637	0.880349	4.598079	29.884625	0.257699	-2485.286575	0.000000
1.101000	20.427060	0.969406	4.597571	29.885024	-0.077182	-2484.920923	
1.102000	20.482027	0.872253	4.596973	29.884812	0.078577	-2484.555080	
1.103000	20.469342	1.001790	4.596492	29.883924	0.207078	-2484.188967	
1.104000	20.321355	0.661755	4.596390	29.882430	0.300533	-2483.822541	
1.105000	20.452430	1.034175	4.597032	29.880540	0.230441	-2483.455822	
1.106000	20.389006	0.831773	4.598597	29.878357	0.265487	-2483.088900	
1.107000	20.380550	1.155616	4.600657	29.875751	0.316109	-2482.721914	
1.108000	20.465114	0.872253	4.602482	29.872584	0.136986	-2482.355032	
1.109000	20.524309	0.856061	4.603561	29.868908	-0.003197	-2481.988421	
1.110000	20.541222	0.775100	4.603670	29.864847	0.207078	-2481.622217	
1.111000	20.346724	1.107039	4.602670	29.860411	0.242123	-2481.256506	
1.112000	20.283301	0.969406	4.600424	29.855548	0.242123	-2480.891331	
1.113000	20.469342	0.904637	4.596866	29.850184	0.078577	-2480.526686	
1.114000	20.511625	0.807484	4.592193	29.844207	0.218760	-2480.162506	
1.115000	20.482027	0.880349	4.587028	29.837551	0.144774	-2479.798663	
1.116000	20.448201	0.912733	4.582216	29.830310	0.203184	-2479.434999	
1.117000	20.532766	0.839869	4.578285	29.822718	0.168138	-2479.071345	
1.118000	20.448201	0.856061	4.575170	29.814881	0.222654	-2478.707553	
1.119000	20.384778	1.204192	4.572706	29.806670	0.187608	-2478.343516	
1.120000	20.427060	1.090847	4.571246	29.797942	0.055213	-2477.979167	
1.121000	20.443973	0.856061	4.571522	29.788735	0.086365	-2477.614494	
1.122000	20.486255	0.694139	4.573958	29.779156	0.277169	-2477.249547	
1.123000	20.384778	0.985598	4.578279	29.769228	0.273275	-2476.884437	
1.124000	20.346724	0.928926	4.583778	29.758950	0.148668	-2476.519315	
1.125000	20.405919	0.758908	4.589733	29.748300	0.090259	-2476.154355	
1.126000	20.443973	0.937022	4.595582	29.737184	0.234335	-2475.789723	
1.127000	20.452430	0.856061	4.600806	29.725535	0.152562	-2475.425542	
1.128000	20.245247	1.009886	4.604823	29.713464	0.191502	-2475.061881	
1.129000	20.490484	0.912733	4.607175	29.701217	0.183714	-2474.698760	
1.130000	20.376322	0.920829	4.607811	29.688888	0.203184	-2474.336148	
1.131000	20.494712	0.977502	4.607142	29.676329	0.203184	-2473.973950	
1.132000	20.448201	0.726523	4.605812	29.663382	0.105834	-2473.612028	
1.133000	20.630014	0.702235	4.604352	29.650066	-0.030454	-2473.250223	
1.134000	20.465114	0.839869	4.602906	29.636468	0.172032	-2472.888377	
1.135000	20.477799	0.969406	4.601452	29.622609	0.230441	-2472.526351	
1.136000	20.194509	0.742716	4.600363	29.608508	0.094153	-2472.164053	
1.137000	20.473571	0.726523	4.600493	29.594165	-0.042136	-2471.801437	
1.138000	20.541222	0.799388	4.602531	29.579483	0.246017	-2471.438515	
1.139000	20.473571	0.702235	4.606385	29.564394	0.187608	-2471.075362	
1.140000	20.270617	0.888445	4.611189	29.549026	0.288851	-2470.712107	
1.141000	20.532766	0.888445	4.615829	29.533640	0.168138	-2470.348914	
1.142000	20.393235	0.750812	4.619547	29.518326	0.246017	-2469.985951	
1.143000	20.317127	1.050367	4.622194	29.502938	0.210972	-2469.623364	
1.144000	20.401691	0.718427	4.623846	29.487313	0.179820	-2469.261257	
1.145000	20.511625	0.839869	4.624326	29.471448	0.039637	-2468.899685	
1.146000	20.583504	0.758908	4.623519	29.455405	0.148668	-2468.538652	
1.147000	20.372094	0.961310	4.621763	29.439204	0.207078	-2468.178099	
1.148000	20.283301	0.839869	4.619550	29.422897	0.136986	-2467.817912	
1.149000	20.418604	0.977502	4.617281	29.406511	0.016273	-2467.457945	
1.150000	20.490484	0.783196	4.615297	29.389945	0.277169	-2467.098038	
1.151000	20.448201	0.799388	4.613786	29.373133	0.160350	-2466.738033	
1.152000	20.342496	0.726523	4.612767	29.356227	0.152562	-2466.377802	
1.153000	20.663840	0.686043	4.612307	29.339501	0.172032	-2466.017267	
1.154000	20.482027	0.653659	4.612552	29.323034	0.172032	-2465.656399	
1.155000	20.473571	0.896541	4.613521	29.306670	0.144774	-2465.295233	
1.156000	20.591961	0.783196	4.615059	29.290242	0.148668	-2464.933869	
1.157000	20.486255	0.888445	4.616941	29.273739	0.105834	-2464.572456	
1.158000	20.494712	0.912733	4.618896	29.257207	0.207078	-2464.211167	
1.159000	20.393235	0.985598	4.620608	29.240666	0.214866	-2463.850166	
1.160000	20.270617	0.847965	4.621731	29.224197	0.117516	-2463.489583	
1.161000	20.325583	0.694139	4.621965	29.207851	0.098047	-2463.129509	
1.162000	20.448201	0.815580	4.621107	29.191534	0.261593	-2462.769993	
1.163000	20.494712	0.888445	4.619079	29.175176	0.195396	-2462.411026	
1.164000	20.253704	1.058463	4.616060	29.158937	0.199290	-2462.052532	
1.165000	20.507396	0.831773	4.612580	29.143089	0.207078	-2461.694379	
1.166000	20.405919	0.937022	4.609272	29.127697	0.246017	-2461.336403	
1.167000	20.477799	0.888445	4.606620	29.112588	0.183714	-2460.978431	
1.168000	20.452430	0.767004	4.605094	29.097576	0.070789	-2460.620308	
1.169000	20.608873	0.783196	4.604911	29.082621	0.031849	-2460.261926	
1.170000	20.562363	0.896541	4.605354	29.067743	0.222654	-2459.903225	
1.171000	20.511625	0.847965	4.605045	29.052965	0.008485	-2459.544195	
1.172000	20.169140	0.856061	4.603222	29.038417	0.094153	-2459.184888	
1.173000	20.460886	0.653659	4.600176	29.024195	0.035743	-2458.825425	
1.174000	20.427060	0.839869	4.596480	29.010209	0.195396	-2458.465968	
1.175000	20.448201	0.694139	4.592472	28.996384	0.059107	-2458.106687	
1.176000	20.219878	0.758908	4.588353	28.982897	0.179820	-2457.747741	
1.177000	20.558135	0.791292	4.584411	28.970037	0.207078	-2457.389248	
1.178000	20.410148	0.856061	4.581079	28.957868	0.218760	-2457.031282	
1.179000	20.427060	1.115135	4.579046	28.946211	0.222654	-2456.673866	
1.180000	20.312899	0.896541	4.579162	28.934874	0.175926	-2456.316973	
1.181000	20.503168	0.856061	4.581613	28.923797	0.156456	-2455.960508	
1.182000	20.460886	0.758908	4.585719	28.912973	0.160350	-2455.604326	
1.183000	20.410148	0.953214	4.590773	28.902409	0.421246	-2455.248252	
1.184000	20.241019	0.791292	4.596319	28.892235	0.140880	-2454.892112	
1.185000	20.431289	0.888445	4.601917	28.882546	0.129198	-2454.535770	
1.186000	20.520081	0.856061	4.607233	28.873235	0.187608	-2454.179137	
1.187000	20.473571	0.864157	4.612000	28.864217	0.179820	-2453.822169	
1.188000	20.257932	0.823676	4.615979	28.855663	0.105834	-2453.464871	
1.189000	20.422832	0.807484	4.619093	28.847847	0.082471	-2453.107312	
1.190000	20.439745	0.677947	4.621292	28.840815	0.191502	-2452.749624	
1.191000	20.367865	0.937022	4.622453	28.834376	0.148668	-2452.391967	
1.192000	20.486255	0.710331	4.622456	28.828333	0.027955	-2452.034517	
1.193000	20.460886	0.896541	4.621242	28.822610	0.160350	-2451.677434	
1.194000	20.528537	0.710331	4.618868	28.817188	0.296639	-2451.320834	
1.195000	20.359409	0.969406	4.615529	28.812078	0.168138	-2450.964774	
1.196000	20.169140	0.831773	4.611733	28.807431	0.203184	-2450.609260	
1.197000	20.338268	0.937022	4.608099	28.803366	0.136986	-2450.254239	
1.198000	20.422832	0.750812	4.604889	28.799779	0.300533	-2449.899600	
1.199000	20.422832	0.856061	4.602127	28.796573	0.140880	-2449.545189	
1.200000	20.274845	0.896541	4.599798	28.793910	0.148668	-2449.190832	0.000000
1.201000	20.545450	0.750812	4.597707	28.792050	0.199290	-2448.836363	
1.202000	20.410148	0.742716	4.595553	28.791021	0.207078	-2448.481652	
1.203000	20.401691	0.912733	4.593396	28.790624	0.187608	-2448.126620	
1.204000	20.389006	0.702235	4.592197	28.790651	0.136986	-2447.771239	
1.205000	20.524309	0.847965	4.593393	28.791001	0.191502	-2447.415536	
1.206000	20.473571	1.026079	4.597404	28.791631	0.203184	-2447.059601	
1.207000	20.477799	0.872253	4.603168	28.792538	0.140880	-2446.703575	
1.208000	20.279073	0.953214	4.609203	28.793874	0.148668	-2446.347630	
1.209000	20.456658	0.718427	4.614461	28.795755	0.156456	-2445.991940	
1.210000	20.418604	0.904637	4.618290	28.798074	0.218760	-2445.636657	
1.211000	20.422832	0.775100	4.620012	28.800729	0.024061	-2445.281878	
1.212000	20.219878	0.896541	4.618820	28.803877	0.125304	-2444.927652	
1.213000	20.511625	0.710331	4.614482	28.807770	0.101940	-2444.573968	
1.214000	20.414376	0.993694	4.607749	28.812428	0.257699	-2444.220748	
1.215000	20.384778	1.066559	4.599831	28.817653	0.207078	-2443.867860	
1.216000	20.355181	0.880349	4.591844	28.823238	0.027955	-2443.515142	
1.217000	20.541222	0.904637	4.584475	28.829078	0.195396	-2443.162427	
1.218000	20.452430	0.888445	4.578023	28.835119	0.187608	-2442.809562	
1.219000	20.405919	0.953214	4.572854	28.841359	0.187608	-2442.456426	
1.220000	20.334040	0.969406	4.569554	28.847952	0.269381	-2442.102948	
1.221000	20.465114	0.920829	4.569031	28.855007	0.234335	-2441.749110	
1.222000	20.498940	0.742716	4.572340	28.862405	0.277169	-2441.394966	
1.223000	20.503168	0.815580	4.579520	28.870029	0.101940	-2441.040632	
1.224000	20.435517	0.767004	4.589155	28.878025	0.160350	-2440.686269	
1.225000	20.583504	0.839869	4.599491	28.886629	0.078577	-2440.332058	
1.226000	20.443973	0.839869	4.609290	28.895857	0.175926	-2439.978169	
1.227000	20.380550	1.058463	4.617769	28.905519	0.242123	-2439.624735	
1.228000	20.439745	0.920829	4.624446	28.915414	0.059107	-2439.271840	
1.229000	20.401691	0.920829	4.629378	28.925429	0.172032	-2438.919522	
1.230000	20.507396	0.677947	4.633135	28.935505	0.082471	-2438.567756	
1.231000	20.274845	0.904637	4.636032	28.945642	0.187608	-2438.216449	
1.232000	20.338268	0.937022	4.637970	28.956009	0.136986	-2437.865456	
1.233000	20.380550	0.904637	4.638893	28.966729	0.265487	-2437.514614	
1.234000	20.372094	0.880349	4.638896	28.977691	0.098047	-2437.163753	
1.235000	20.405919	0.985598	4.638339	28.988779	0.238229	-2436.812724	
1.236000	20.515853	0.937022	4.637875	29.000127	0.059107	-2436.461423	
1.237000	20.473571	0.807484	4.638157	29.011951	0.191502	-2436.109793	
1.238000	20.448201	0.961310	4.639406	29.024254	0.281063	-2435.757833	
1.239000	20.503168	0.888445	4.641332	29.036846	0.168138	-2435.405613	
1.240000	20.448201	0.888445	4.643408	29.049524	-0.049924	-2435.053271	
1.241000	20.549678	0.799388	4.644989	29.062167	0.187608	-2434.700982	
1.242000	20.448201	1.058463	4.645523	29.074705	0.133092	-2434.348928	
1.243000	20.456658	0.953214	4.644771	29.087143	0.183714	-2433.997267	
1.244000	20.414376	1.017982	4.642591	29.099646	0.063001	-2433.646112	
1.245000	20.443973	0.459353	4.638616	29.112329	0.172032	-2433.295530	
1.246000	20.469342	0.758908	4.632291	29.125075	0.226548	-2432.945544	
1.247000	20.460886	0.726523	4.623465	29.137765	0.082471	-2432.596108	
1.248000	20.498940	0.969406	4.612999	29.150523	0.004591	-2432.247117	
1.249000	20.545450	0.856061	4.602455	29.163562	0.226548	-2431.898420	
1.250000	20.342496	1.098943	4.593229	29.176888	0.296639	-2431.549842	
1.251000	20.427060	0.920829	4.586269	29.190334	0.074683	-2431.201207	
1.252000	20.317127	0.791292	4.582055	29.203711	0.078577	-2430.852381	
1.253000	20.570820	0.872253	4.580603	29.216903	0.203184	-2430.503275	
1.254000	20.380550	0.799388	4.581717	29.229837	0.238229	-2430.153851	
1.255000	20.486255	0.880349	4.585020	29.242526	0.261593	-2429.804120	
1.256000	20.431289	0.791292	4.590056	29.255147	0.226548	-2429.454167	
1.257000	20.427060	0.904637	4.596429	29.267816	0.195396	-2429.104141	
1.258000	20.422832	0.953214	4.603511	29.280409	0.242123	-2428.754219	
1.259000	20.465114	0.750812	4.610485	29.292798	0.074683	-2428.404578	
1.260000	20.486255	0.710331	4.616680	29.305084	0.004591	-2428.055367	
1.261000	20.545450	0.823676	4.621359	29.317454	0.109728	-2427.706689	
1.262000	20.511625	0.588890	4.623729	29.329910	0.230441	-2427.358596	
1.263000	20.456658	0.969406	4.623634	29.342298	0.320003	-2427.011090	
1.264000	20.393235	0.815580	4.621642	29.354448	-0.003197	-2426.664113	
1.265000	20.443973	1.074655	4.618568	29.366244	0.257699	-2426.317546	
1.266000	20.503168	0.775100	4.615261	29.377618	0.210972	-2425.971229	
1.267000	20.321355	0.872253	4.612348	29.388594	0.242123	-2425.624981	
1.268000	20.456658	0.791292	4.610043	29.399358	0.109728	-2425.278631	
1.269000	20.418604	0.888445	4.608325	29.410028	0.226548	-2424.932052	
1.270000	20.465114	0.686043	4.606993	29.420484	0.351155	-2424.585172	
1.271000	20.405919	1.042271	4.605642	29.430600	0.339473	-2424.237972	
1.272000	20.541222	0.872253	4.603968	29.440474	0.063001	-2423.890498	
1.273000	20.469342	0.799388	4.602078	29.450280	0.273275	-2423.542862	
1.274000	20.422832	0.896541	4.600234	29.460022	0.249911	-2423.195214	
1.275000	20.363637	0.807484	4.598568	29.469563	0.242123	-2422.847725	
1.276000	20.448201	0.710331	4.597282	29.478749	-0.081076	-2422.500568	
1.277000	20.507396	0.694139	4.596721	29.487458	0.175926	-2422.153880	
1.278000	20.418604	0.872253	4.597153	29.495615	-0.053818	-2421.807751	
1.279000	20.477799	0.775100	4.598510	29.503255	0.183714	-2421.462219	
1.280000	20.452430	0.815580	4.600219	29.510566	0.105834	-2421.117270	
1.281000	20.346724	0.839869	4.601610	29.517666	0.051319	-2420.772824	
1.282000	20.418604	0.969406	4.602512	29.524433	0.296639	-2420.428743	
1.283000	20.494712	0.629370	4.603096	29.530740	0.129198	-2420.084859	
1.284000	20.498940	0.815580	4.603527	29.536672	0.039637	-2419.741001	
1.285000	20.528537	0.750812	4.603966	29.542394	0.144774	-2419.397022	
1.286000	20.346724	1.042271	4.604777	29.547915	0.355048	-2419.052815	
1.287000	20.418604	0.961310	4.606845	29.553129	0.172032	-2418.708320	
1.288000	20.287529	0.758908	4.610834	29.557909	0.109728	-2418.363540	
1.289000	20.401691	0.783196	4.616249	29.562140	0.273275	-2418.018543	
1.290000	20.405919	0.831773	4.621934	29.565749	0.187608	-2417.673450	
1.291000	20.401691	0.880349	4.626833	29.568787	0.323897	-2417.328411	
1.292000	20.482027	0.872253	4.630239	29.571462	0.175926	-2416.983590	
1.293000	20.435517	0.856061	4.631847	29.573891	0.281063	-2416.639146	
1.294000	20.511625	0.969406	4.631865	29.575951	0.296639	-2416.295202	
1.295000	20.473571	0.605082	4.631127	29.577509	0.031849	-2415.951833	
1.296000	20.541222	0.888445	4.630287	29.578639	-0.069394	-2415.609069	
1.297000	20.494712	0.896541	4.628975	29.579490	0.082471	-2415.266874	
1.298000	20.401691	0.937022	4.626534	29.580073	0.320003	-2414.925143	
1.299000	20.346724	0.920829	4.622955	29.580311	0.218760	-2414.583728	
1.300000	20.452430	0.702235	4.618667	29.580111	-0.026560	-2414.242468	0.000000
1.301000	20.473571	0.945118	4.614059	29.579369	0.164244	-2413.901208	
1.302000	20.498940	0.710331	4.609387	29.578020	0.277169	-2413.559816	
1.303000	20.346724	0.783196	4.605153	29.576132	0.203184	-2413.218204	
1.304000	20.498940	0.758908	4.602108	29.573915	0.187608	-2412.876323	
1.305000	20.363637	1.001790	4.600473	29.571471	0.203184	-2412.534179	
1.306000	20.410148	0.977502	4.599794	29.568670	0.210972	-2412.191847	
1.307000	20.325583	0.856061	4.599496	29.565375	0.117516	-2411.849457	
1.308000	20.579276	0.847965	4.599064	29.561647	-0.003197	-2411.507176	
1.309000	20.469342	0.791292	4.598086	29.557616	0.121410	-2411.165173	
1.310000	20.469342	0.920829	4.596332	29.553290	0.323897	-2410.823593	
1.311000	20.350953	0.831773	4.593649	29.548612	0.246017	-2410.482538	
1.312000	20.452430	0.969406	4.589792	29.543499	-0.042136	-2410.142068	
1.313000	20.452430	0.637467	4.584706	29.537838	0.230441	-2409.802195	
1.314000	20.503168	0.686043	4.578825	29.531559	0.063001	-2409.462860	
1.315000	20.363637	0.920829	4.572833	29.524747	0.210972	-2409.123941	
1.316000	20.642699	0.734620	4.567336	29.517634	0.078577	-2408.785281	
1.317000	20.422832	0.734620	4.562737	29.510327	0.179820	-2408.446716	
1.318000	20.448201	0.969406	4.559212	29.502698	0.230441	-2408.108090	
1.319000	20.359409	0.767004	4.556691	29.494609	0.218760	-2407.769288	
1.320000	20.553907	0.872253	4.555059	29.486107	-0.069394	-2407.430239	
1.321000	20.422832	0.718427	4.554461	29.477308	0.253805	-2407.090918	
1.322000	20.359409	1.155616	4.555167	29.468231	0.281063	-2406.751360	
1.323000	20.422832	0.791292	4.557167	29.458856	0.207078	-2406.411662	
1.324000	20.397463	0.872253	4.560028	29.449141	0.012379	-2406.071973	
1.325000	20.443973	0.686043	4.563124	29.438989	0.265487	-2405.732468	
1.326000	20.401691	0.872253	4.565974	29.428338	0.246017	-2405.393313	
1.327000	20.355181	0.847965	4.568353	29.417294	0.234335	-2405.054636	
1.328000	20.456658	1.131328	4.570216	29.406097	0.249911	-2404.716516	
1.329000	20.498940	0.767004	4.571336	29.394843	0.300533	-2404.378986	
1.330000	20.384778	1.058463	4.571092	29.383389	0.172032	-2404.042031	
1.331000	20.482027	0.637467	4.569261	29.371582	0.175926	-2403.705573	
1.332000	20.596189	0.815580	4.566531	29.359442	0.000697	-2403.369484	
1.333000	20.579276	0.702235	4.563667	29.347062	0.059107	-2403.033609	
1.334000	20.435517	1.074655	4.560928	29.334458	0.156456	-2402.697780	
1.335000	20.308670	0.920829	4.558497	29.321637	0.117516	-2402.361852	
1.336000	20.410148	0.686043	4.556984	29.308579	-0.042136	-2402.025723	
1.337000	20.460886	0.872253	4.557122	29.295188	0.148668	-2401.689339	
1.338000	20.460886	0.524121	4.559028	29.281399	0.148668	-2401.352690	
1.339000	20.300214	0.823676	4.562354	29.267329	0.051319	-2401.015830	
1.340000	20.566591	0.750812	4.566770	29.253228	0.191502	-2400.678879	
1.341000	20.401691	0.928926	4.571852	29.239195	0.265487	-2400.341992	
1.342000	20.401691	1.001790	4.577133	29.225086	0.222654	-2400.005343	
1.343000	20.317127	0.945118	4.582380	29.210748	0.140880	-2399.669085	
1.344000	20.545450	0.775100	4.587757	29.196192	0.129198	-2399.333337	
1.345000	20.486255	1.098943	4.593724	29.181488	0.113622	-2398.998164	
1.346000	20.460886	1.196096	4.600123	29.166647	0.218760	-2398.663579	
1.347000	20.236791	0.864157	4.605868	29.151704	0.183714	-2398.329538	
1.348000	20.427060	0.823676	4.610153	29.136672	-0.010985	-2397.995944	
1.349000	20.456658	0.847965	4.613160	29.121454	0.296639	-2397.662660	
1.350000	20.503168	0.872253	4.615395	29.105985	0.070789	-2397.329525	
1.351000	20.249476	0.945118	4.617052	29.090405	0.148668	-2396.996370	
1.352000	20.621558	0.710331	4.618071	29.074981	0.140880	-2396.663059	
1.353000	20.443973	0.718427	4.618711	29.059798	0.323897	-2396.329503	
1.354000	20.482027	0.969406	4.619864	29.044702	0.078577	-2395.995661	
1.355000	20.524309	0.750812	4.622351	29.029529	0.148668	-2395.661552	
1.356000	20.553907	1.050367	4.626129	29.014272	0.016273	-2395.327264	
1.357000	20.482027	0.904637	4.630480	28.998991	0.160350	-2394.992939	
1.358000	20.372094	1.196096	4.634585	28.983710	0.214866	-2394.658742	
1.359000	20.219878	0.928926	4.637982	28.968505	0.183714	-2394.324837	
1.360000	20.410148	0.888445	4.640635	28.953421	0.043531	-2393.991370	
1.361000	20.405919	0.783196	4.642673	28.938362	0.296639	-2393.658443	
1.362000	20.465114	0.775100	4.644147	28.923259	0.172032	-2393.326107	
1.363000	20.274845	0.880349	4.644882	28.908265	0.187608	-2392.994357	
1.364000	20.520081	0.831773	4.644611	28.893651	0.238229	-2392.663131	
1.365000	20.376322	0.823676	4.643308	28.879490	0.230441	-2392.332306	
1.366000	20.372094	1.082751	4.641281	28.865615	0.269381	-2392.001727	
1.367000	20.477799	0.742716	4.638937	28.851845	0.109728	-2391.671221	
1.368000	20.507396	0.767004	4.636553	28.838148	0.055213	-2391.340630	
1.369000	20.549678	0.726523	4.634259	28.824558	0.144774	-2391.009834	
1.370000	20.393235	0.969406	4.632224	28.811091	0.288851	-2390.678757	
1.371000	20.334040	0.726523	4.630830	28.797837	0.074683	-2390.347375	
1.372000	20.397463	0.904637	4.630504	28.784860	0.047425	-2390.015734	
1.373000	20.443973	0.702235	4.631240	28.772065	0.187608	-2389.683944	
1.374000	20.384778	0.775100	4.632484	28.759383	0.066895	-2389.352156	
1.375000	20.283301	0.864157	4.633543	28.746982	0.144774	-2389.020536	
1.376000	20.549678	0.839869	4.633959	28.735141	0.261593	-2388.689240	
1.377000	20.431289	0.993694	4.633626	28.723928	0.273275	-2388.358397	
1.378000	20.443973	1.082751	4.632620	28.713167	0.164244	-2388.028089	
1.379000	20.460886	1.034175	4.630872	28.702678	0.160350	-2387.698354	
1.380000	20.503168	0.904637	4.628222	28.692418	0.070789	-2387.369183	
1.381000	20.452430	0.823676	4.624671	28.682405	0.152562	-2387.040498	
1.382000	20.418604	0.920829	4.620528	28.672645	0.331685	-2386.712159	
1.383000	20.152227	0.904637	4.616446	28.663238	0.199290	-2386.383994	
1.384000	20.486255	0.823676	4.613084	28.654253	0.125304	-2386.055835	
1.385000	20.503168	0.831773	4.610749	28.645582	0.207078	-2385.727537	
1.386000	20.515853	0.564602	4.609146	28.637141	0.214866	-2385.398995	
1.387000	20.245247	0.856061	4.607284	28.629100	0.187608	-2385.070146	
1.388000	20.591961	0.710331	4.604492	28.621741	0.199290	-2384.740982	
1.389000	20.460886	1.001790	4.601267	28.615121	0.246017	-2384.411565	
1.390000	20.465114	0.880349	4.598445	28.609057	0.195396	-2384.082019	
1.391000	20.367865	0.791292	4.596303	28.603356	0.113622	-2383.752507	
1.392000	20.562363	0.823676	4.594674	28.597956	0.168138	-2383.423210	
1.393000	20.473571	0.872253	4.593369	28.592854	0.168138	-2383.094293	
1.394000	20.456658	0.953214	4.592424	28.588060	0.156456	-2382.765877	
1.395000	20.152227	0.977502	4.591559	28.583699	0.168138	-2382.438033	
1.396000	20.397463	1.123232	4.589647	28.579862	0.078577	-2382.110784	
1.397000	20.372094	0.718427	4.585925	28.576448	0.246017	-2381.784096	
1.398000	20.414376	0.888445	4.581024	28.573368	0.277169	-2381.457863	
1.399000	20.241019	0.823676	4.576080	28.570786	0.191502	-2381.131934	
1.400000	20.579276	0.961310	4.571758	28.568973	0.199290	-2380.806134	0.000000
1.401000	20.452430	0.864157	4.568287	28.567974	0.339473	-2380.480291	
1.402000	20.431289	0.928926	4.565980	28.567600	0.207078	-2380.154269	
1.403000	20.486255	0.807484	4.565216	28.567648	0.133092	-2379.827983	
1.404000	20.452430	0.864157	4.565959	28.568039	0.140880	-2379.501395	
1.405000	20.549678	0.694139	4.567750	28.568751	0.214866	-2379.174522	
1.406000	20.431289	1.228481	4.570239	28.569787	0.288851	-2378.847445	
1.407000	20.355181	0.710331	4.573272	28.571275	0.160350	-2378.520296	
1.408000	20.389006	0.856061	4.576479	28.573316	0.125304	-2378.193248	
1.409000	20.520081	0.726523	4.579299	28.575803	0.175926	-2377.866482	
1.410000	20.431289	0.767004	4.581371	28.578644	0.187608	-2377.540155	
1.411000	20.334040	0.864157	4.582239	28.582007	0.016273	-2377.214372	
1.412000	20.469342	0.815580	4.580927	28.586161	0.249911	-2376.889188	
1.413000	20.376322	0.823676	4.576879	28.591141	0.246017	-2376.564602	
1.414000	20.372094	0.977502	4.570779	28.596748	0.156456	-2376.240546	
1.415000	20.405919	0.815580	4.563915	28.602775	0.113622	-2375.916900	
1.416000	20.460886	0.799388	4.557490	28.609132	0.183714	-2375.593510	
1.417000	20.524309	0.783196	4.552302	28.615782	0.207078	-2375.270205	
1.418000	20.363637	0.928926	4.548638	28.622723	0.125304	-2374.946819	
1.419000	20.207193	1.058463	4.546481	28.630099	0.203184	-2374.623222	
1.420000	20.418604	0.977502	4.545512	28.638021	0.168138	-2374.299338	
1.421000	20.448201	0.629370	4.545274	28.646373	0.242123	-2373.975144	
1.422000	20.452430	0.758908	4.545832	28.655054	0.238229	-2373.650675	
1.423000	20.241019	0.758908	4.547612	28.664220	0.063001	-2373.326035	
1.424000	20.600417	0.661755	4.550602	28.674126	0.249911	-2373.001380	
1.425000	20.469342	0.904637	4.554300	28.684795	0.265487	-2372.676891	
1.426000	20.427060	0.839869	4.557956	28.696033	0.277169	-2372.352745	
1.427000	20.355181	0.864157	4.560819	28.707634	0.121410	-2372.029092	
1.428000	20.608873	1.074655	4.562664	28.719498	0.027955	-2371.706029	
1.429000	20.469342	0.928926	4.563924	28.731576	0.066895	-2371.383600	
1.430000	20.524309	0.775100	4.565043	28.743868	0.140880	-2371.061789	
1.431000	20.215650	0.904637	4.566082	28.756530	0.222654	-2370.740515	
1.432000	20.431289	0.758908	4.567108	28.769680	0.066895	-2370.419644	
1.433000	20.380550	0.969406	4.568415	28.783203	0.284957	-2370.099015	
1.434000	20.380550	0.856061	4.570174	28.796993	0.175926	-2369.778453	
1.435000	20.257932	0.920829	4.572333	28.811196	0.183714	-2369.457800	
1.436000	20.536994	0.896541	4.574861	28.826046	0.144774	-2369.136937	
1.437000	20.401691	0.750812	4.577789	28.841550	0.277169	-2368.815793	
1.438000	20.477799	0.710331	4.581306	28.857501	0.195396	-2368.494356	
1.439000	20.482027	0.896541	4.585705	28.873684	-0.034348	-2368.172689	
1.440000	20.545450	0.686043	4.590710	28.889985	0.140880	-2367.850924	
1.441000	20.511625	0.726523	4.595500	28.906342	0.218760	-2367.529232	
1.442000	20.448201	0.945118	4.599437	28.922753	0.214866	-2367.207793	
1.443000	20.367865	0.831773	4.602350	28.939375	0.226548	-2366.886772	
1.444000	20.422832	0.839869	4.604401	28.956323	0.086365	-2366.566296	
1.445000	20.528537	0.799388	4.605546	28.973480	0.203184	-2366.246440	
1.446000	20.422832	0.742716	4.605193	28.990733	0.024061	-2365.927227	
1.447000	20.435517	0.815580	4.602927	29.008225	0.020167	-2365.608627	
1.448000	20.520081	0.920829	4.599114	29.026190	0.109728	-2365.290544	
1.449000	20.405919	0.920829	4.594625	29.044644	0.273275	-2364.972829	
1.450000	20.342496	1.050367	4.590381	29.063399	0.195396	-2364.655304	
1.451000	20.414376	0.807484	4.587005	29.082254	0.035743	-2364.337796	
1.452000	20.397463	0.856061	4.584627	29.101088	0.199290	-2364.020164	
1.453000	20.448201	0.864157	4.583116	29.119831	0.199290	-2363.702307	
1.454000	20.295986	0.839869	4.582379	29.138479	0.117516	-2363.384170	
1.455000	20.410148	0.856061	4.582226	29.157195	0.148668	-2363.065753	
1.456000	20.401691	0.847965	4.582444	29.176097	0.109728	-2362.747129	
1.457000	20.431289	0.912733	4.582932	29.195067	0.148668	-2362.428438	
1.458000	20.389006	0.888445	4.583540	29.213981	0.129198	-2362.109850	
1.459000	20.486255	0.726523	4.584194	29.232965	0.164244	-2361.791541	
1.460000	20.553907	0.637467	4.584900	29.252235	0.086365	-2361.473668	
1.461000	20.490484	0.823676	4.585487	29.271798	0.207078	-2361.156339	
1.462000	20.452430	0.847965	4.585586	29.291473	0.043531	-2360.839615	
1.463000	20.448201	0.742716	4.584805	29.311067	0.012379	-2360.523515	
1.464000	20.494712	0.864157	4.583041	29.330460	0.199290	-2360.207994	
1.465000	20.397463	0.912733	4.580632	29.349587	0.125304	-2359.892941	
1.466000	20.384778	0.823676	4.578136	29.368454	0.086365	-2359.578196	
1.467000	20.350953	0.823676	4.576019	29.387231	0.109728	-2359.263574	
1.468000	20.435517	0.750812	4.574521	29.406032	0.320003	-2358.948903	
1.469000	20.418604	0.880349	4.573772	29.424741	0.284957	-2358.634049	
1.470000	20.477799	0.872253	4.573941	29.443235	0.168138	-2358.318927	
1.471000	20.414376	0.864157	4.575356	29.461631	0.129198	-2358.003503	
1.472000	20.545450	0.977502	4.578373	29.480125	0.191502	-2357.687802	
1.473000	20.410148	0.961310	4.582984	29.498715	0.136986	-2357.371914	
1.474000	20.427060	0.799388	4.588679	29.517228	0.226548	-2357.055977	
1.475000	20.405919	0.726523	4.594620	29.535474	-0.007091	-2356.740164	
1.476000	20.515853	0.799388	4.600070	29.553328	0.261593	-2356.424651	
1.477000	20.477799	0.767004	4.604647	29.570715	0.203184	-2356.109583	
1.478000	20.477799	1.115135	4.607789	29.587646	0.175926	-2355.795055	
1.479000	20.460886	1.050367	4.608336	29.604298	0.074683	-2355.481117	
1.480000	20.452430	0.920829	4.605388	29.620788	0.168138	-2355.167768	
1.481000	20.473571	0.945118	4.599344	29.636998	0.090259	-2354.854938	
1.482000	20.414376	0.823676	4.591631	29.652810	0.121410	-2354.542496	
1.483000	20.541222	0.710331	4.583733	29.668330	-0.042136	-2354.230279	
1.484000	20.511625	0.969406	4.576721	29.683744	0.168138	-2353.918110	
1.485000	20.410148	0.872253	4.571366	29.699060	0.214866	-2353.605828	
1.486000	20.317127	1.147520	4.568202	29.714138	0.249911	-2353.293313	
1.487000	20.405919	0.896541	4.567239	29.728820	-0.053818	-2352.980500	
1.488000	20.325583	1.017982	4.567984	29.742991	0.257699	-2352.667375	
1.489000	20.384778	0.710331	4.570017	29.756575	0.129198	-2352.353986	
1.490000	20.338268	1.001790	4.573140	29.769599	0.203184	-2352.040436	
1.491000	20.532766	0.847965	4.577019	29.782242	0.191502	-2351.726875	
1.492000	20.372094	0.896541	4.581047	29.794618	0.214866	-2351.413472	
1.493000	20.482027	1.050367	4.584643	29.806604	0.308321	-2351.100394	
1.494000	20.418604	0.815580	4.587564	29.818070	0.222654	-2350.787774	
1.495000	20.553907	0.823676	4.589728	29.829106	0.090259	-2350.475696	
1.496000	20.477799	0.799388	4.590868	29.839883	0.129198	-2350.164194	
1.497000	20.482027	0.977502	4.590813	29.850410	0.320003	-2349.853240	
1.498000	20.312899	0.856061	4.589821	29.860566	0.234335	-2349.542743	
1.499000	20.473571	0.791292	4.588408	29.870211	0.051319	-2349.232564	
1.500000	20.482027	0.872253	4.587117	29.879234	0.078577	-2348.922543	0.000000
1.501000	20.490484	0.831773	4.586391	29.887569	0.175926	-2348.612512	
1.502000	20.397463	0.953214	4.586423	29.895263	0.300533	-2348.302324	
1.503000	20.545450	0.831773	4.587240	29.902515	0.230441	-2347.991876	
1.504000	20.342496	0.864157	4.588829	29.909443	0.234335	-2347.681114	
1.505000	20.439745	0.953214	4.590855	29.915928	0.296639	-2347.370039	
1.506000	20.350953	0.823676	4.592811	29.921841	0.207078	-2347.058719	
1.507000	20.490484	0.920829	4.594415	29.927263	0.078577	-2346.747284	
1.508000	20.524309	0.823676	4.595523	29.932350	0.144774	-2346.435901	
1.509000	20.380550	1.074655	4.596134	29.937108	0.226548	-2346.124745	
1.510000	20.405919	0.864157	4.596387	29.941447	0.277169	-2345.813971	
1.511000	20.338268	0.969406	4.596489	29.945261	-0.026560	-2345.503696	
1.512000	20.507396	0.888445	4.596994	29.948438	0.187608	-2345.193990	
1.513000	20.405919	0.823676	4.598665	29.950906	0.234335	-2344.884866	
1.514000	20.477799	0.928926	4.601548	29.952718	0.226548	-2344.576270	
1.515000	20.503168	0.872253	4.604944	29.954075	0.218760	-2344.268088	
1.516000	20.545450	0.823676	4.608299	29.955080	0.148668	-2343.960171	
1.517000	20.389006	1.017982	4.611242	29.955607	0.160350	-2343.652354	
1.518000	20.456658	0.823676	4.613337	29.955529	0.043531	-2343.344476	
1.519000	20.452430	0.896541	4.614421	29.954913	-0.061606	-2343.036411	
1.520000	20.549678	0.880349	4.614823	29.953901	0.168138	-2342.728078	
1.521000	20.435517	1.034175	4.615219	29.952505	0.300533	-2342.419438	
1.522000	20.346724	0.872253	4.616117	29.950663	0.187608	-2342.110509	
1.523000	20.334040	0.791292	4.617362	29.948289	-0.007091	-2341.801384	
1.524000	20.486255	0.742716	4.618405	29.945279	0.214866	-2341.492212	
1.525000	20.367865	0.920829	4.618785	29.941566	0.199290	-2341.183164	
1.526000	20.342496	0.961310	4.618164	29.937228	0.207078	-2340.874405	
1.527000	20.549678	0.847965	4.616337	29.932493	0.273275	-2340.566072	
1.528000	20.346724	0.953214	4.613178	29.927468	0.195396	-2340.258255	
1.529000	20.532766	0.928926	4.608366	29.922019	0.246017	-2339.950998	
1.530000	20.469342	0.694139	4.601732	29.915999	0.207078	-2339.644297	
1.531000	20.579276	0.580794	4.593808	29.909452	-0.053818	-2339.338085	
1.532000	20.498940	0.767004	4.585599	29.902500	0.199290	-2339.032241	
1.533000	20.477799	1.009886	4.578090	29.895164	0.094153	-2338.726609	
1.534000	20.342496	0.977502	4.571880	29.887419	0.117516	-2338.421019	
1.535000	20.431289	0.847965	4.567247	29.879215	0.066895	-2338.115320	
1.536000	20.405919	0.937022	4.564704	29.870455	0.284957	-2337.809402	
1.537000	20.507396	0.775100	4.565128	29.861072	0.000697	-2337.503199	
1.538000	20.283301	0.945118	4.568892	29.851158	0.101940	-2337.196688	
1.539000	20.642699	0.864157	4.575425	29.840941	0.105834	-2336.889913	
1.540000	20.414376	0.847965	4.583735	29.830520	0.253805	-2336.582984	
1.541000	20.439745	1.163712	4.592720	29.819763	0.242123	-2336.276055	
1.542000	20.355181	0.937022	4.601451	29.808530	0.078577	-2335.969298	
1.543000	20.511625	0.945118	4.609446	29.796856	0.090259	-2335.662882	
1.544000	20.498940	0.686043	4.616313	29.784845	0.160350	-2335.356933	
1.545000	20.469342	1.155616	4.621540	29.772511	0.234335	-2335.051523	
1.546000	20.329812	0.880349	4.624811	29.759845	0.148668	-2334.746679	
1.547000	20.439745	0.872253	4.626084	29.746821	0.129198	-2334.442382	
1.548000	20.528537	0.799388	4.625612	29.733341	0.269381	-2334.138552	
1.549000	20.427060	0.839869	4.624072	29.719337	0.000697	-2333.835054	
1.550000	20.350953	0.726523	4.622282	29.704920	0.094153	-2333.531724	
1.551000	20.553907	0.791292	4.620882	29.690328	0.238229	-2333.228388	
1.552000	20.553907	0.677947	4.620387	29.675656	0.210972	-2332.924903	
1.553000	20.473571	1.042271	4.621326	29.660761	0.187608	-2332.621170	
1.554000	20.524309	0.686043	4.624107	29.645493	0.082471	-2332.317143	
1.555000	20.536994	0.856061	4.628514	29.629873	-0.042136	-2332.012829	
1.556000	20.460886	0.912733	4.633733	29.613991	0.269381	-2331.708304	
1.557000	20.363637	1.074655	4.638838	29.597870	0.136986	-2331.403695	
1.558000	20.279073	0.775100	4.642999	29.581540	0.125304	-2331.099160	
1.559000	20.350953	0.775100	4.645638	29.565003	0.043531	-2330.794869	
1.560000	20.482027	0.686043	4.646358	29.548162	0.187608	-2330.490980	
1.561000	20.359409	0.758908	4.644877	29.530956	0.253805	-2330.187604	
1.562000	20.346724	0.856061	4.641485	29.513519	0.269381	-2329.884802	
1.563000	20.549678	0.872253	4.636953	29.496106	0.281063	-2329.582581	
1.564000	20.384778	0.856061	4.631804	29.478800	0.300533	-2329.280894	
1.565000	20.393235	0.985598	4.626309	29.461446	0.253805	-2328.979626	
1.566000	20.439745	0.799388	4.620864	29.443881	0.051319	-2328.678628	
1.567000	20.532766	0.645563	4.615915	29.426100	-0.057712	-2328.377731	
1.568000	20.507396	0.775100	4.611721	29.408170	0.109728	-2328.076776	
1.569000	20.524309	0.953214	4.608278	29.390111	0.253805	-2327.775632	
1.570000	20.321355	0.823676	4.605639	29.371988	0.234335	-2327.474215	
1.571000	20.524309	0.847965	4.603988	29.353839	-0.127804	-2327.172501	
1.572000	20.372094	0.945118	4.602990	29.335571	0.125304	-2326.870520	
1.573000	20.414376	0.629370	4.602002	29.317119	0.070789	-2326.568362	
1.574000	20.241019	0.872253	4.600862	29.298638	0.105834	-2326.266164	
1.575000	20.608873	0.767004	4.599688	29.280400	0.152562	-2325.964089	
1.576000	20.363637	0.904637	4.598586	29.262491	0.261593	-2325.662305	
1.577000	20.448201	0.928926	4.597685	29.244751	0.203184	-2325.360950	
1.578000	20.389006	0.888445	4.597018	29.227015	0.152562	-2325.060118	
1.579000	20.520081	0.807484	4.596464	29.209268	0.086365	-2324.759859	
1.580000	20.363637	0.985598	4.595688	29.191560	0.304427	-2324.460162	
1.581000	20.498940	0.953214	4.594365	29.173906	0.312215	-2324.160947	
1.582000	20.190281	0.799388	4.592634	29.156370	0.168138	-2323.862078	
1.583000	20.469342	0.750812	4.590931	29.138988	0.086365	-2323.563392	
1.584000	20.486255	0.791292	4.589526	29.121661	0.164244	-2323.264720	
1.585000	20.469342	0.791292	4.588399	29.104316	0.156456	-2322.965905	
1.586000	20.338268	0.880349	4.587202	29.087121	0.160350	-2322.666827	
1.587000	20.558135	0.953214	4.585530	29.070355	0.156456	-2322.367413	
1.588000	20.486255	0.799388	4.584056	29.054088	0.179820	-2322.067645	
1.589000	20.486255	0.937022	4.584575	29.038150	0.136986	-2321.767568	
1.590000	20.422832	0.742716	4.587927	29.022363	0.133092	-2321.467296	
1.591000	20.553907	0.815580	4.593171	29.006696	0.004591	-2321.166991	
1.592000	20.515853	0.758908	4.599013	28.991182	0.183714	-2320.866836	
1.593000	20.393235	1.050367	4.604711	28.975838	0.222654	-2320.567000	
1.594000	20.198737	0.775100	4.609760	28.960764	0.281063	-2320.267613	
1.595000	20.295986	1.066559	4.613454	28.946027	0.214866	-2319.968755	
1.596000	20.490484	0.839869	4.614829	28.931530	0.253805	-2319.670456	
1.597000	20.355181	0.783196	4.613159	28.917199	0.226548	-2319.372686	
1.598000	20.283301	1.042271	4.608654	28.903203	0.047425	-2319.075349	
1.599000	20.524309	1.009886	4.602385	28.889810	0.230441	-2318.778298	
1.600000	20.448201	1.017982	4.595574	28.877071	0.226548	-2318.481364	0.000000
1.601000	20.359409	1.001790	4.589237	28.864801	0.203184	-2318.184375	
1.602000	20.384778	0.920829	4.584055	28.852808	0.203184	-2317.887187	
1.603000	20.528537	0.831773	4.580128	28.841036	0.047425	-2317.589704	
1.604000	20.524309	0.758908	4.577153	28.829487	0.187608	-2317.291878	
1.605000	20.490484	1.107039	4.575067	28.818175	0.265487	-2316.993708	
1.606000	20.338268	0.880349	4.574155	28.807227	0.253805	-2316.695266	
1.607000	20.465114	0.856061	4.574494	28.796739	0.031849	-2316.396692	
1.608000	20.427060	0.831773	4.575706	28.786610	0.226548	-2316.098164	
1.609000	20.443973	0.742716	4.577255	28.776759	0.090259	-2315.799867	
1.610000	20.202965	0.920829	4.578779	28.767359	0.144774	-2315.501959	
1.611000	20.583504	0.669851	4.580116	28.758688	0.234335	-2315.204555	
1.612000	20.448201	0.953214	4.581156	28.750801	0.265487	-2314.907716	
1.613000	20.422832	0.888445	4.581914	28.743514	0.117516	-2314.611453	
1.614000	20.359409	0.872253	4.582519	28.736632	0.210972	-2314.315719	
1.615000	20.498940	0.799388	4.583059	28.730089	0.168138	-2314.020409	
1.616000	20.359409	0.920829	4.583646	28.723880	0.308321	-2313.725373	
1.617000	20.431289	0.928926	4.584529	28.718016	0.179820	-2313.430433	
1.618000	20.186052	0.920829	4.586087	28.712633	0.242123	-2313.135416	
1.619000	20.452430	0.775100	4.588541	28.707834	0.074683	-2312.840185	
1.620000	20.418604	0.847965	4.591666	28.703509	0.273275	-2312.544654	
1.621000	20.418604	0.839869	4.595067	28.699566	0.172032	-2312.248786	
1.622000	20.257932	0.815580	4.598694	28.696170	0.105834	-2311.952601	
1.623000	20.575048	0.831773	4.602657	28.693586	0.121410	-2311.656190	
1.624000	20.414376	0.807484	4.606667	28.691851	0.273275	-2311.359697	
1.625000	20.443973	0.928926	4.610112	28.690773	0.207078	-2311.063297	
1.626000	20.384778	0.775100	4.612433	28.690143	0.094153	-2310.767169	
1.627000	20.528537	0.880349	4.613230	28.689875	0.086365	-2310.471464	
1.628000	20.448201	0.605082	4.612344	28.689938	0.027955	-2310.176286	
1.629000	20.460886	1.050367	4.609875	28.690331	0.140880	-2309.881684	
1.630000	20.257932	0.767004	4.606085	28.691197	0.230441	-2309.587652	
1.631000	20.334040	0.937022	4.601393	28.692641	0.160350	-2309.294123	
1.632000	20.524309	0.823676	4.596399	28.694553	0.284957	-2309.000971	
1.633000	20.338268	0.912733	4.591770	28.696839	0.140880	-2308.708033	
1.634000	20.245247	0.953214	4.588057	28.699664	0.218760	-2308.415129	
1.635000	20.515853	0.928926	4.585724	28.703285	0.210972	-2308.122091	
1.636000	20.498940	0.637467	4.585405	28.707728	0.292745	-2307.828794	
1.637000	20.295986	0.783196	4.587970	28.712793	0.253805	-2307.535164	
1.638000	20.427060	1.017982	4.593962	28.718270	0.129198	-2307.241185	
1.639000	20.486255	0.904637	4.602939	28.724054	0.082471	-2306.946912	
1.640000	20.443973	0.823676	4.613621	28.730093	0.070789	-2306.652458	
1.641000	20.414376	0.920829	4.624478	28.736379	0.207078	-2306.357979	
1.642000	20.380550	0.839869	4.634194	28.743060	0.136986	-2306.063651	
1.643000	20.482027	0.767004	4.641937	28.750250	0.004591	-2305.769648	
1.644000	20.473571	0.767004	4.647337	28.757835	0.168138	-2305.476111	
1.645000	20.469342	0.532217	4.650294	28.765708	0.136986	-2305.183128	
1.646000	20.334040	1.009886	4.650603	28.774028	0.039637	-2304.890740	
1.647000	20.465114	0.726523	4.648027	28.783045	0.140880	-2304.598929	
1.648000	20.397463	0.888445	4.642861	28.792779	0.300533	-2304.307614	
1.649000	20.456658	0.928926	4.636014	28.803036	0.226548	-2304.016652	
1.650000	20.389006	0.888445	4.628585	28.813606	0.156456	-2303.725876	
1.651000	20.503168	0.694139	4.621329	28.824379	0.207078	-2303.435114	
1.652000	20.376322	0.791292	4.614421	28.835298	0.136986	-2303.144216	
1.653000	20.456658	0.872253	4.607883	28.846362	0.238229	-2302.853072	
1.654000	20.266388	0.953214	4.602075	28.857734	0.397882	-2302.561621	
1.655000	20.401691	0.758908	4.597560	28.869527	0.230441	-2302.269856	
1.656000	20.329812	0.847965	4.594642	28.881622	0.355048	-2301.977840	
1.657000	20.469342	0.815580	4.593242	28.893901	0.207078	-2301.685696	
1.658000	20.397463	0.758908	4.593052	28.906497	0.027955	-2301.393584	
1.659000	20.596189	0.694139	4.593793	28.919631	0.172032	-2301.101681	
1.660000	20.452430	0.783196	4.595401	28.933306	0.210972	-2300.810149	
1.661000	20.490484	1.026079	4.597768	28.947327	0.086365	-2300.519113	
1.662000	20.439745	0.928926	4.600348	28.961489	-0.057712	-2300.228651	
1.663000	20.549678	0.920829	4.602395	28.975676	0.195396	-2299.938792	
1.664000	20.414376	0.750812	4.603524	28.989826	0.140880	-2299.649497	
1.665000	20.389006	0.742716	4.603833	29.003946	0.183714	-2299.360660	
1.666000	20.414376	0.669851	4.603707	29.018202	0.284957	-2299.072125	
1.667000	20.435517	0.694139	4.603557	29.032716	0.136986	-2298.783722	
1.668000	20.498940	0.783196	4.603565	29.047374	0.199290	-2298.495281	
1.669000	20.350953	0.888445	4.603662	29.062059	0.175926	-2298.206664	
1.670000	20.291758	0.775100	4.604151	29.076901	0.222654	-2297.917778	
1.671000	20.482027	0.953214	4.606164	29.092112	0.152562	-2297.628572	
1.672000	20.439745	0.839869	4.610648	29.107694	0.277169	-2297.339048	
1.673000	20.473571	0.872253	4.617232	29.123459	0.257699	-2297.049275	
1.674000	20.448201	0.677947	4.624602	29.139210	0.125304	-2296.759393	
1.675000	20.498940	0.864157	4.631443	29.154828	0.218760	-2296.469579	
1.676000	20.524309	0.750812	4.636922	29.170242	0.101940	-2296.180011	
1.677000	20.405919	0.920829	4.640709	29.185458	0.210972	-2295.890841	
1.678000	20.427060	1.090847	4.642816	29.200646	0.113622	-2295.602172	
1.679000	20.486255	0.783196	4.643741	29.215921	0.074683	-2295.314062	
1.680000	20.553907	0.880349	4.644304	29.231163	0.207078	-2295.026516	
1.681000	20.439745	0.677947	4.644656	29.246250	0.117516	-2294.739476	
1.682000	20.486255	0.839869	4.644136	29.261302	0.020167	-2294.452824	
1.683000	20.545450	0.767004	4.642357	29.276523	0.066895	-2294.166408	
1.684000	20.443973	0.977502	4.639390	29.291919	0.316109	-2293.880052	
1.685000	20.393235	0.953214	4.635270	29.307335	0.234335	-2293.593594	
1.686000	20.325583	0.969406	4.630234	29.322594	-0.084970	-2293.306908	
1.687000	20.524309	0.637467	4.624936	29.337579	0.090259	-2293.019915	
1.688000	20.295986	0.767004	4.619832	29.352215	0.316109	-2292.732583	
1.689000	20.460886	0.847965	4.614824	29.366515	0.191502	-2292.444938	
1.690000	20.477799	0.799388	4.609764	29.380658	0.339473	-2292.157077	
1.691000	20.469342	0.880349	4.604706	29.394760	0.273275	-2291.869150	
1.692000	20.372094	1.017982	4.599635	29.408699	0.304427	-2291.581333	
1.693000	20.448201	0.888445	4.594515	29.422349	0.121410	-2291.293796	
1.694000	20.477799	0.912733	4.589490	29.435811	-0.053818	-2291.006679	
1.695000	20.532766	0.726523	4.584572	29.449269	0.059107	-2290.720073	
1.696000	20.393235	0.815580	4.579156	29.462724	0.148668	-2290.434016	
1.697000	20.494712	0.783196	4.572485	29.476022	0.094153	-2290.148501	
1.698000	20.443973	0.856061	4.564695	29.488997	-0.046030	-2289.863457	
1.699000	20.482027	0.880349	4.556794	29.501531	0.214866	-2289.578762	
1.700000	20.410148	0.847965	4.549863	29.513560	0.191502	-2289.294259	0.000000
1.701000	20.397463	0.904637	4.544530	29.525116	0.203184	-2289.009771	
1.702000	20.469342	0.839869	4.540954	29.536389	0.105834	-2288.725139	
1.703000	20.405919	0.872253	4.539228	29.547497	0.234335	-2288.440251	
1.704000	20.418604	0.856061	4.539533	29.558326	0.218760	-2288.155040	
1.705000	20.393235	0.977502	4.541961	29.568751	0.117516	-2287.869498	
1.706000	20.566591	0.904637	4.546414	29.578869	0.074683	-2287.583685	
1.707000	20.418604	0.864157	4.552456	29.588854	0.164244	-2287.297725	
1.708000	20.439745	0.888445	4.559309	29.598713	0.296639	-2287.011776	
1.709000	20.359409	0.928926	4.566223	29.608320	0.277169	-2286.726007	
1.710000	20.431289	0.710331	4.572721	29.617527	0.074683	-2286.440581	
1.711000	20.431289	0.775100	4.578443	29.626216	0.195396	-2286.155624	
1.712000	20.532766	0.596986	4.583090	29.634311	0.175926	-2285.871210	
1.713000	20.384778	0.839869	4.586783	29.641854	0.246017	-2285.587360	
1.714000	20.596189	0.896541	4.590037	29.649042	0.086365	-2285.304036	
1.715000	20.376322	0.823676	4.593129	29.655989	0.320003	-2285.021143	
1.716000	20.494712	0.904637	4.595963	29.662570	0.175926	-2284.738541	
1.717000	20.397463	0.677947	4.598347	29.668655	0.144774	-2284.456065	
1.718000	20.566591	0.694139	4.600141	29.674321	0.055213	-2284.173552	
1.719000	20.494712	0.847965	4.601363	29.679724	0.082471	-2283.890867	
1.720000	20.482027	1.188000	4.602177	29.684869	0.203184	-2283.607915	
1.721000	20.397463	0.856061	4.603060	29.689649	0.168138	-2283.324652	
1.722000	20.393235	0.937022	4.604827	29.693941	-0.003197	-2283.041089	
1.723000	20.456658	0.783196	4.607888	29.697632	0.273275	-2282.757304	
1.724000	20.380550	0.799388	4.611801	29.700655	0.257699	-2282.473432	
1.725000	20.338268	0.847965	4.615677	29.703068	0.226548	-2282.189629	
1.726000	20.490484	0.977502	4.618705	29.705077	0.327791	-2281.906061	
1.727000	20.469342	0.880349	4.620415	29.706787	0.203184	-2281.622874	
1.728000	20.422832	1.066559	4.620600	29.708072	0.300533	-2281.340175	
1.729000	20.477799	0.880349	4.619310	29.708797	0.226548	-2281.058026	
1.730000	20.422832	0.783196	4.616995	29.709031	0.004591	-2280.776442	
1.731000	20.520081	0.580794	4.614170	29.708913	0.125304	-2280.495373	
1.732000	20.389006	0.953214	4.611186	29.708454	0.288851	-2280.214700	
1.733000	20.469342	0.807484	4.608446	29.707577	0.249911	-2279.934269	
1.734000	20.443973	0.815580	4.606281	29.706187	-0.081076	-2279.653916	
1.735000	20.515853	0.750812	4.604786	29.704177	0.172032	-2279.373491	
1.736000	20.452430	0.799388	4.603975	29.701481	0.024061	-2279.092875	
1.737000	20.376322	0.815580	4.603836	29.698174	0.082471	-2278.811989	
1.738000	20.553907	0.904637	4.604812	29.694470	0.218760	-2278.530801	
1.739000	20.431289	0.888445	4.608020	29.690475	0.156456	-2278.249340	
1.740000	20.401691	1.026079	4.613887	29.686064	0.300533	-2277.967701	
1.741000	20.460886	0.920829	4.621387	29.681098	0.152562	-2277.686029	
1.742000	20.553907	0.839869	4.629087	29.675636	0.008485	-2277.404491	
1.743000	20.435517	0.953214	4.635863	29.669806	0.261593	-2277.123257	
1.744000	20.448201	1.066559	4.640962	29.663626	0.246017	-2276.842456	
1.745000	20.283301	0.856061	4.643929	29.657054	0.164244	-2276.562174	
1.746000	20.511625	0.831773	4.644245	29.650023	0.027955	-2276.282455	
1.747000	20.405919	0.880349	4.641511	29.642427	0.101940	-2276.003292	
1.748000	20.389006	0.734620	4.636053	29.634194	0.133092	-2275.724605	
1.749000	20.367865	0.847965	4.628876	29.625403	0.148668	-2275.446259	
1.750000	20.630014	0.613178	4.621149	29.616271	0.121410	-2275.168088	
1.751000	20.465114	0.912733	4.613789	29.606895	0.300533	-2274.889929	
1.752000	20.486255	0.977502	4.607367	29.597140	0.210972	-2274.611636	
1.753000	20.393235	0.710331	4.602222	29.586865	0.020167	-2274.333104	
1.754000	20.600417	0.831773	4.598650	29.576113	0.035743	-2274.054273	
1.755000	20.477799	0.831773	4.597053	29.564996	0.133092	-2273.775138	
1.756000	20.511625	1.115135	4.597675	29.553536	0.113622	-2273.495751	
1.757000	20.350953	0.823676	4.600210	29.541729	0.160350	-2273.216230	
1.758000	20.427060	0.775100	4.603889	29.529550	-0.038242	-2272.936739	
1.759000	20.469342	0.807484	4.607926	29.516904	0.199290	-2272.657455	
1.760000	20.418604	0.839869	4.611874	29.503730	0.191502	-2272.378541	
1.761000	20.232563	0.912733	4.615622	29.490138	0.152562	-2272.100107	
1.762000	20.494712	0.928926	4.619137	29.476373	0.230441	-2271.822217	
1.763000	20.448201	0.710331	4.622193	29.462530	0.316109	-2271.544884	
1.764000	20.469342	1.082751	4.624435	29.448469	0.246017	-2271.268069	
1.765000	20.460886	0.767004	4.625711	29.434038	0.226548	-2270.991671	
1.766000	20.520081	0.864157	4.626224	29.419257	-0.010985	-2270.715547	
1.767000	20.507396	0.702235	4.626343	29.404217	0.242123	-2270.439529	
1.768000	20.414376	1.050367	4.626377	29.388938	0.230441	-2270.163449	
1.769000	20.355181	0.904637	4.626529	29.373444	0.210972	-2269.887163	
1.770000	20.469342	0.880349	4.626873	29.357734	0.012379	-2269.610583	
1.771000	20.579276	0.783196	4.626964	29.341712	0.265487	-2269.333670	
1.772000	20.431289	0.750812	4.625882	29.325319	0.199290	-2269.056436	
1.773000	20.304442	0.912733	4.623286	29.308699	0.152562	-2268.778959	
1.774000	20.515853	0.880349	4.619629	29.292121	0.164244	-2268.501375	
1.775000	20.460886	0.872253	4.615232	29.275675	0.207078	-2268.223856	
1.776000	20.355181	1.163712	4.610052	29.259214	0.210972	-2267.946574	
1.777000	20.439745	0.977502	4.604208	29.242580	0.082471	-2267.669677	
1.778000	20.536994	0.872253	4.598132	29.225778	0.063001	-2267.393272	
1.779000	20.460886	0.864157	4.592323	29.208881	0.187608	-2267.117413	
1.780000	20.431289	1.026079	4.587346	29.191909	0.183714	-2266.842098	
1.781000	20.249476	0.831773	4.583587	29.174910	0.296639	-2266.567262	
1.782000	20.456658	0.767004	4.580977	29.157905	0.082471	-2266.292786	
1.783000	20.367865	0.920829	4.579359	29.140797	0.246017	-2266.018517	
1.784000	20.443973	0.807484	4.578805	29.123519	0.183714	-2265.744278	
1.785000	20.215650	0.896541	4.579568	29.106215	0.222654	-2265.469899	
1.786000	20.642699	0.580794	4.581764	29.089154	0.179820	-2265.195251	
1.787000	20.494712	0.799388	4.584983	29.072416	0.234335	-2264.920256	
1.788000	20.456658	0.856061	4.588360	29.055844	0.273275	-2264.644890	
1.789000	20.439745	0.767004	4.591202	29.039267	0.191502	-2264.369194	
1.790000	20.507396	0.775100	4.593324	29.022680	0.117516	-2264.093283	
1.791000	20.405919	0.904637	4.594730	29.006139	0.156456	-2263.817318	
1.792000	20.443973	1.034175	4.595363	28.989671	0.234335	-2263.541474	
1.793000	20.224106	0.888445	4.595101	28.973351	0.234335	-2263.265922	
1.794000	20.443973	0.791292	4.593820	28.957228	0.152562	-2262.990803	
1.795000	20.473571	0.831773	4.591516	28.941205	0.210972	-2262.716210	
1.796000	20.524309	0.872253	4.588279	28.925215	0.214866	-2262.442185	
1.797000	20.177596	0.872253	4.584140	28.909414	0.218760	-2262.168710	
1.798000	20.532766	1.026079	4.579155	28.894075	0.316109	-2261.895703	
1.799000	20.427060	0.880349	4.573733	28.879265	0.331685	-2261.623025	
1.800000	20.410148	1.017982	4.568608	28.864811	0.238229	-2261.350505	0.000000
1.801000	20.427060	0.645563	4.564400	28.850530	0.164244	-2261.077969	
1.802000	20.473571	0.904637	4.561546	28.836388	0.121410	-2260.805266	
1.803000	20.511625	0.694139	4.560119	28.822412	0.246017	-2260.532290	
1.804000	20.435517	1.066559	4.559473	28.808611	0.222654	-2260.258980	
1.805000	20.279073	0.815580	4.559041	28.795065	0.121410	-2259.985330	
1.806000	20.401691	0.864157	4.558962	28.781824	0.109728	-2259.711404	
1.807000	20.528537	0.702235	4.559503	28.768783	0.191502	-2259.437329	
1.808000	20.405919	0.750812	4.560679	28.755865	0.129198	-2259.163265	
1.809000	20.308670	0.775100	4.562372	28.743243	0.164244	-2258.889387	
1.810000	20.532766	0.831773	4.564523	28.731196	0.086365	-2258.615858	
1.811000	20.439745	0.896541	4.567151	28.719794	0.281063	-2258.342805	
1.812000	20.482027	0.888445	4.570004	28.708859	0.207078	-2258.070301	
1.813000	20.359409	0.912733	4.572382	28.698208	0.109728	-2257.798372	
1.814000	20.494712	0.969406	4.573559	28.687791	0.066895	-2257.526983	
1.815000	20.448201	0.791292	4.573382	28.677622	0.246017	-2257.256034	
1.816000	20.367865	0.856061	4.572393	28.667712	0.281063	-2256.985373	
1.817000	20.245247	0.815580	4.571349	28.658165	0.304427	-2256.714823	
1.818000	20.498940	0.767004	4.570685	28.649052	0.172032	-2256.444215	
1.819000	20.465114	0.912733	4.570464	28.640267	0.335579	-2256.173410	
1.820000	20.435517	0.953214	4.570712	28.631730	0.164244	-2255.902315	
1.821000	20.202965	0.904637	4.571480	28.623608	0.082471	-2255.630881	
1.822000	20.604645	0.580794	4.572752	28.616168	0.191502	-2255.359114	
1.823000	20.443973	0.742716	4.574530	28.609455	0.273275	-2255.087090	
1.824000	20.515853	0.839869	4.576755	28.603278	0.234335	-2254.814946	
1.825000	20.486255	0.920829	4.579157	28.597437	0.055213	-2254.542859	
1.826000	20.575048	0.791292	4.581309	28.591869	0.004591	-2254.271014	
1.827000	20.431289	0.742716	4.582797	28.586575	0.117516	-2253.999576	
1.828000	20.460886	0.847965	4.583382	28.581566	0.055213	-2253.728656	
1.829000	20.152227	0.831773	4.583091	28.576974	0.370624	-2253.458313	
1.830000	20.532766	0.856061	4.582270	28.572899	0.249911	-2253.188554	
1.831000	20.448201	0.767004	4.581331	28.569238	0.249911	-2252.919324	
1.832000	20.469342	0.791292	4.580610	28.565905	0.043531	-2252.650507	
1.833000	20.215650	0.912733	4.580552	28.563073	0.195396	-2252.381944	
1.834000	20.486255	0.880349	4.581478	28.561018	0.051319	-2252.113458	
1.835000	20.422832	0.920829	4.583189	28.559786	0.308321	-2251.844882	
1.836000	20.414376	1.058463	4.585309	28.559182	0.300533	-2251.576082	
1.837000	20.477799	0.645563	4.587720	28.558998	0.152562	-2251.306973	
1.838000	20.507396	0.686043	4.590380	28.559155	0.156456	-2251.037524	
1.839000	20.477799	0.677947	4.593302	28.559630	0.203184	-2250.767762	
1.840000	20.435517	0.920829	4.596623	28.560425	0.172032	-2250.497780	
1.841000	20.329812	0.767004	4.600260	28.561668	0.160350	-2250.227728	
1.842000	20.435517	0.856061	4.603929	28.563457	0.101940	-2249.957786	
1.843000	20.541222	0.710331	4.607378	28.565681	0.117516	-2249.688133	
1.844000	20.405919	0.742716	4.610284	28.568246	0.051319	-2249.418915	
1.845000	20.287529	0.799388	4.612274	28.571317	-0.077182	-2249.150224	
1.846000	20.498940	0.758908	4.613406	28.575157	0.129198	-2248.882103	
1.847000	20.520081	0.791292	4.614377	28.579797	0.160350	-2248.614546	
1.848000	20.397463	1.026079	4.615708	28.585041	0.246017	-2248.347483	
1.849000	20.452430	0.831773	4.617265	28.590684	0.051319	-2248.080785	
1.850000	20.456658	0.839869	4.618916	28.596639	0.183714	-2247.814294	
1.851000	20.439745	0.775100	4.620915	28.602877	0.179820	-2247.547835	
1.852000	20.355181	0.831773	4.623512	28.609400	0.261593	-2247.281243	
1.853000	20.283301	0.677947	4.626179	28.616353	0.191502	-2247.014392	
1.854000	20.460886	0.791292	4.627663	28.623844	0.160350	-2246.747210	
1.855000	20.477799	0.928926	4.627406	28.631759	0.335579	-2246.479681	
1.856000	20.498940	0.969406	4.625959	28.639996	0.203184	-2246.211858	
1.857000	20.321355	1.026079	4.623960	28.648714	0.121410	-2245.943855	
1.858000	20.558135	0.686043	4.621669	28.658167	0.140880	-2245.675830	
1.859000	20.376322	0.872253	4.619147	28.668379	0.160350	-2245.407956	
1.860000	20.520081	0.872253	4.616500	28.679148	0.273275	-2245.140401	
1.861000	20.452430	0.896541	4.613953	28.690262	0.074683	-2244.873296	
1.862000	20.549678	0.839869	4.611730	28.701620	0.090259	-2244.606728	
1.863000	20.405919	0.953214	4.610017	28.713176	0.047425	-2244.340729	
1.864000	20.435517	0.945118	4.608773	28.724933	0.078577	-2244.075273	
1.865000	20.253704	0.920829	4.607856	28.737049	0.113622	-2243.810267	
1.866000	20.473571	0.888445	4.607425	28.749641	0.133092	-2243.545573	
1.867000	20.346724	0.888445	4.607759	28.762598	0.308321	-2243.281022	
1.868000	20.439745	0.799388	4.608858	28.775813	0.105834	-2243.016438	
1.869000	20.317127	0.896541	4.610514	28.789438	0.253805	-2242.751670	
1.870000	20.372094	0.767004	4.612594	28.803722	0.234335	-2242.486615	
1.871000	20.410148	0.847965	4.615083	28.818681	0.261593	-2242.221214	
1.872000	20.520081	1.050367	4.617921	28.834120	0.246017	-2241.955469	
1.873000	20.410148	0.856061	4.620914	28.849829	0.059107	-2241.689451	
1.874000	20.469342	0.896541	4.623725	28.865700	0.226548	-2241.423298	
1.875000	20.456658	0.839869	4.625938	28.881672	0.082471	-2241.157177	
1.876000	20.384778	1.017982	4.627213	28.897737	0.113622	-2240.891258	
1.877000	20.380550	0.775100	4.627440	28.914046	0.222654	-2240.625695	
1.878000	20.494712	0.823676	4.626764	28.930715	0.144774	-2240.360601	
1.879000	20.511625	0.686043	4.625641	28.947630	0.277169	-2240.096046	
1.880000	20.456658	0.758908	4.624785	28.964680	0.156456	-2239.832042	
1.881000	20.334040	0.896541	4.624517	28.982005	0.125304	-2239.568541	
1.882000	20.490484	0.791292	4.624534	28.999841	0.094153	-2239.305430	
1.883000	20.439745	0.945118	4.624588	29.018200	0.218760	-2239.042553	
1.884000	20.418604	1.026079	4.624615	29.036889	0.222654	-2238.779734	
1.885000	20.465114	0.734620	4.624486	29.055704	0.063001	-2238.516805	
1.886000	20.498940	0.775100	4.624138	29.074530	0.133092	-2238.253638	
1.887000	20.545450	0.896541	4.623565	29.093307	0.242123	-2237.990150	
1.888000	20.325583	1.196096	4.622650	29.112038	0.300533	-2237.726302	
1.889000	20.279073	0.961310	4.621311	29.130888	0.238229	-2237.462112	
1.890000	20.435517	0.904637	4.619568	29.149974	0.257699	-2237.197670	
1.891000	20.477799	0.912733	4.617432	29.169173	0.242123	-2236.933118	
1.892000	20.443973	0.847965	4.614812	29.188363	0.133092	-2236.668626	
1.893000	20.401691	0.920829	4.611461	29.207670	0.055213	-2236.404366	
1.894000	20.536994	0.823676	4.607016	29.227310	0.121410	-2236.140483	
1.895000	20.422832	0.928926	4.601161	29.247284	0.156456	-2235.877077	
1.896000	20.503168	0.847965	4.593913	29.267406	0.253805	-2235.614203	
1.897000	20.384778	1.107039	4.585840	29.287472	0.136986	-2235.351864	
1.898000	20.562363	0.864157	4.577849	29.307363	0.187608	-2235.089999	
1.899000	20.376322	0.945118	4.570796	29.327006	0.090259	-2234.828484	
1.900000	20.456658	0.791292	4.565266	29.346411	0.160350	-2234.567159	0.000000
1.901000	20.380550	0.864157	4.561408	29.365752	0.055213	-2234.305849	
1.902000	20.486255	0.775100	4.558974	29.385155	0.253805	-2234.044400	
1.903000	20.410148	0.791292	4.557507	29.404508	0.265487	-2233.782697	
1.904000	20.321355	0.864157	4.556726	29.423693	0.055213	-2233.520667	
1.905000	20.397463	0.969406	4.557175	29.442834	0.129198	-2233.258289	
1.906000	20.456658	0.953214	4.559619	29.462139	0.210972	-2232.995604	
1.907000	20.389006	0.864157	4.563873	29.481614	0.320003	-2232.732718	
1.908000	20.460886	0.912733	4.569106	29.501080	0.273275	-2232.469780	
1.909000	20.482027	0.791292	4.574540	29.520345	0.117516	-2232.206964	
1.910000	20.503168	0.856061	4.579651	29.539284	0.191502	-2231.944443	
1.911000	20.405919	0.823676	4.584088	29.557826	0.191502	-2231.682349	
1.912000	20.359409	1.090847	4.587658	29.575985	0.179820	-2231.420761	
1.913000	20.452430	0.856061	4.590384	29.593937	0.043531	-2231.159710	
1.914000	20.473571	0.710331	4.592092	29.611800	0.175926	-2230.899177	
1.915000	20.439745	0.710331	4.592460	29.629457	0.312215	-2230.639081	
1.916000	20.465114	0.807484	4.591602	29.646784	0.152562	-2230.379291	
1.917000	20.498940	0.775100	4.589951	29.663899	-0.003197	-2230.119649	
1.918000	20.465114	0.904637	4.587757	29.681000	0.117516	-2229.859997	
1.919000	20.456658	0.920829	4.585112	29.698088	0.086365	-2229.600193	
1.920000	20.384778	0.920829	4.582360	29.714997	0.277169	-2229.340136	
1.921000	20.486255	0.767004	4.580103	29.731546	0.074683	-2229.079772	
1.922000	20.431289	0.718427	4.578864	29.747618	0.218760	-2228.819104	
1.923000	20.473571	0.718427	4.578902	29.763144	0.183714	-2228.558196	
1.924000	20.367865	0.953214	4.580074	29.778149	0.261593	-2228.297172	
1.925000	20.384778	0.864157	4.581944	29.792815	0.191502	-2228.036191	
1.926000	20.401691	0.896541	4.584099	29.807262	0.284957	-2227.775423	
1.927000	20.448201	0.928926	4.586286	29.821369	0.195396	-2227.515024	
1.928000	20.397463	0.742716	4.588290	29.835008	0.160350	-2227.255103	
1.929000	20.494712	0.669851	4.589752	29.848280	0.012379	-2226.995722	
1.930000	20.638471	0.661755	4.590350	29.861365	0.218760	-2226.736895	
1.931000	20.460886	0.961310	4.590025	29.874264	0.133092	-2226.478577	
1.932000	20.558135	0.718427	4.588956	29.886828	0.242123	-2226.220666	
1.933000	20.397463	0.977502	4.587552	29.898894	-0.049924	-2225.963022	
1.934000	20.545450	0.823676	4.586417	29.910343	0.086365	-2225.705489	
1.935000	20.427060	0.888445	4.586131	29.921103	0.191502	-2225.447910	
1.936000	20.427060	0.742716	4.586943	29.931205	0.090259	-2225.190149	
1.937000	20.486255	0.686043	4.588759	29.940835	0.121410	-2224.932122	
1.938000	20.515853	0.645563	4.591503	29.950111	0.125304	-2224.673791	
1.939000	20.443973	0.815580	4.595276	29.958917	0.210972	-2224.415178	
1.940000	20.439745	0.767004	4.600005	29.967133	0.210972	-2224.156369	
1.941000	20.473571	0.993694	4.605122	29.974857	-0.003197	-2223.897504	
1.942000	20.460886	0.847965	4.609874	29.982264	0.125304	-2223.638749	
1.943000	20.329812	0.920829	4.613876	29.989365	0.304427	-2223.380264	
1.944000	20.435517	0.839869	4.617139	29.996046	0.187608	-2223.122186	
1.945000	20.532766	0.677947	4.619672	30.002172	0.063001	-2222.864608	
1.946000	20.528537	0.791292	4.621284	30.007629	0.312215	-2222.607586	
1.947000	20.486255	0.912733	4.621726	30.012351	0.160350	-2222.351116	
1.948000	20.435517	1.042271	4.621001	30.016387	0.226548	-2222.095127	
1.949000	20.520081	0.791292	4.619463	30.019941	0.160350	-2221.839492	
1.950000	20.422832	0.823676	4.617568	30.023125	0.199290	-2221.584053	
1.951000	20.490484	0.791292	4.615559	30.025818	0.242123	-2221.328641	
1.952000	20.456658	0.767004	4.613365	30.027888	0.043531	-2221.073102	
1.953000	20.638471	0.588890	4.610791	30.029410	-0.100546	-2220.817319	
1.954000	20.549678	0.750812	4.607811	30.030542	0.055213	-2220.561225	
1.955000	20.524309	0.880349	4.604796	30.031298	0.179820	-2220.304803	
1.956000	20.317127	0.888445	4.602321	30.031592	0.148668	-2220.048099	
1.957000	20.490484	0.823676	4.600715	30.031321	-0.007091	-2219.791222	
1.958000	20.431289	0.758908	4.599918	30.030379	0.288851	-2219.534329	
1.959000	20.448201	0.710331	4.599779	30.028702	0.218760	-2219.277587	
1.960000	20.372094	0.815580	4.600395	30.026350	0.222654	-2219.021153	
1.961000	20.452430	0.847965	4.601872	30.023539	0.125304	-2218.765149	
1.962000	20.435517	0.637467	4.603794	30.020386	0.327791	-2218.509655	
1.963000	20.532766	1.171808	4.605161	30.016768	0.300533	-2218.254710	
1.964000	20.397463	0.791292	4.605011	30.012549	0.214866	-2218.000298	
1.965000	20.490484	1.034175	4.603130	30.007793	0.078577	-2217.746336	
1.966000	20.482027	0.783196	4.600089	30.002636	0.156456	-2217.492689	
1.967000	20.431289	0.993694	4.596751	29.997085	0.152562	-2217.239187	
1.968000	20.443973	0.726523	4.593840	29.991064	0.179820	-2216.985660	
1.969000	20.431289	0.864157	4.591842	29.984478	-0.007091	-2216.731966	
1.970000	20.553907	0.791292	4.590821	29.977221	0.140880	-2216.478013	
1.971000	20.477799	0.839869	4.590354	29.969236	0.074683	-2216.223753	
1.972000	20.287529	0.799388	4.590121	29.960615	0.136986	-2215.969181	
1.973000	20.524309	0.807484	4.590218	29.951587	0.175926	-2215.714361	
1.974000	20.456658	0.750812	4.590795	29.942263	0.238229	-2215.459415	
1.975000	20.418604	0.969406	4.591778	29.932516	0.316109	-2215.204502	
1.976000	20.498940	0.807484	4.592922	29.922212	0.109728	-2214.949793	
1.977000	20.498940	0.993694	4.593900	29.911407	0.039637	-2214.695445	
1.978000	20.482027	0.953214	4.594569	29.900228	0.312215	-2214.441575	
1.979000	20.279073	1.188000	4.595212	29.888693	0.218760	-2214.188244	
1.980000	20.245247	0.807484	4.596105	29.876773	0.277169	-2213.935462	
1.981000	20.422832	0.880349	4.597091	29.864416	-0.034348	-2213.683180	
1.982000	20.490484	0.750812	4.597938	29.851522	0.288851	-2213.431292	
1.983000	20.460886	0.767004	4.598697	29.838025	0.292745	-2213.179646	
1.984000	20.325583	0.928926	4.599480	29.824024	0.152562	-2212.928068	
1.985000	20.583504	0.937022	4.600247	29.809757	0.105834	-2212.676392	
1.986000	20.410148	0.823676	4.601054	29.795329	0.320003	-2212.424487	
1.987000	20.435517	0.831773	4.602504	29.780605	0.175926	-2212.172272	
1.988000	20.456658	0.928926	4.605938	29.765441	0.144774	-2211.919708	
1.989000	20.608873	0.710331	4.612357	29.749873	-0.034348	-2211.666819	
1.990000	20.397463	0.880349	4.621151	29.734008	0.074683	-2211.413694	
1.991000	20.469342	1.009886	4.630624	29.717866	0.195396	-2211.160476	
1.992000	20.300214	0.953214	4.639223	29.701447	0.195396	-2210.907335	
1.993000	20.439745	0.831773	4.645918	29.684731	0.004591	-2210.654449	
1.994000	20.414376	0.839869	4.650087	29.667623	0.265487	-2210.401968	
1.995000	20.393235	0.928926	4.651432	29.650064	0.125304	-2210.149990	
1.996000	20.253704	1.009886	4.649993	29.632172	0.168138	-2209.898554	
1.997000	20.621558	0.961310	4.646136	29.614202	0.218760	-2209.647652	
1.998000	20.372094	1.082751	4.640371	29.596255	0.187608	-2209.397214	
1.999000	20.465114	1.147520	4.633297	29.578190	0.304427	-2209.147114	
2.000000	20.469342	0.896541	4.625693	29.559854	0.249911	-2208.897192	0.000000
2.001000	20.515853	0.880349	4.618295	29.541268	0.012379	-2208.647277	
2.002000	20.486255	0.783196	4.611578	29.522522	0.277169	-2208.397213	
2.003000	20.405919	1.188000	4.605806	29.503634	0.175926	-2208.146876	
2.004000	20.274845	0.823676	4.601061	29.484609	0.199290	-2207.896191	
2.005000	20.355181	0.896541	4.597154	29.465431	0.047425	-2207.645145	
2.006000	20.562363	0.856061	4.593590	29.445993	0.222654	-2207.393791	
2.007000	20.536994	0.775100	4.590002	29.426231	0.109728	-2207.142245	
2.008000	20.321355	0.807484	4.586430	29.406281	0.238229	-2206.890664	
2.009000	20.494712	0.856061	4.583141	29.386406	0.187608	-2206.639224	
2.010000	20.439745	0.839869	4.580666	29.366697	0.109728	-2206.388096	
2.011000	20.367865	1.131328	4.579612	29.347004	0.242123	-2206.137414	
2.012000	20.460886	1.042271	4.580018	29.327166	0.082471	-2205.887261	
2.013000	20.482027	0.912733	4.581217	29.307186	-0.046030	-2205.637675	
2.014000	20.439745	0.993694	4.582422	29.287138	0.133092	-2205.388636	
2.015000	20.401691	1.026079	4.583301	29.267046	0.168138	-2205.140056	
2.016000	20.224106	0.928926	4.583993	29.246971	0.066895	-2204.891791	
2.017000	20.410148	0.904637	4.584877	29.226945	0.199290	-2204.643675	
2.018000	20.469342	0.961310	4.586302	29.206872	0.335579	-2204.395534	
2.019000	20.431289	0.856061	4.588214	29.186684	0.296639	-2204.147217	
2.020000	20.291758	0.799388	4.590264	29.166523	0.288851	-2203.898609	
2.021000	20.587732	0.791292	4.592287	29.146655	0.183714	-2203.649651	
2.022000	20.452430	0.718427	4.594444	29.127157	0.183714	-2203.400339	
2.023000	20.443973	0.985598	4.596958	29.107866	0.156456	-2203.150742	
2.024000	20.427060	0.896541	4.599704	29.088611	0.094153	-2202.900989	
2.025000	20.591961	0.807484	4.602238	29.069381	0.078577	-2202.651256	
2.026000	20.427060	0.904637	4.604202	29.050229	0.004591	-2202.401724	
2.027000	20.427060	1.034175	4.605561	29.031176	0.168138	-2202.152556	
2.028000	20.224106	0.985598	4.606493	29.012303	0.101940	-2201.903870	
2.029000	20.511625	0.767004	4.607435	28.993664	0.012379	-2201.655740	
2.030000	20.469342	0.961310	4.609033	28.975169	0.203184	-2201.408192	
2.031000	20.418604	0.847965	4.611445	28.956751	0.152562	-2201.161187	
2.032000	20.266388	0.977502	4.614177	28.938573	0.175926	-2200.914615	
2.033000	20.558135	0.928926	4.616774	28.920909	0.273275	-2200.668316	
2.034000	20.329812	0.904637	4.619159	28.903829	0.320003	-2200.422108	
2.035000	20.456658	1.050367	4.621398	28.887160	0.304427	-2200.175814	
2.036000	20.452430	0.791292	4.623340	28.870719	0.234335	-2199.929293	
2.037000	20.646927	1.026079	4.624912	28.854470	0.086365	-2199.682453	
2.038000	20.477799	0.742716	4.626469	28.838445	0.296639	-2199.435258	
2.039000	20.418604	1.009886	4.628185	28.822662	0.277169	-2199.187721	
2.040000	20.139542	0.839869	4.629786	28.807215	0.304427	-2198.939926	
2.041000	20.456658	0.856061	4.630928	28.792165	0.094153	-2198.692021	
2.042000	20.545450	0.702235	4.631381	28.777408	0.144774	-2198.444184	
2.043000	20.490484	0.677947	4.631099	28.762863	0.047425	-2198.196594	
2.044000	20.308670	0.621274	4.630131	28.748690	0.187608	-2197.949402	
2.045000	20.621558	0.775100	4.628556	28.735167	0.090259	-2197.702712	
2.046000	20.448201	0.847965	4.626438	28.722352	0.281063	-2197.456581	
2.047000	20.380550	1.017982	4.623673	28.710068	0.269381	-2197.211015	
2.048000	20.367865	0.694139	4.620172	28.698124	0.086365	-2196.965953	
2.049000	20.439745	0.928926	4.616179	28.686472	0.051319	-2196.721275	
2.050000	20.490484	0.750812	4.612238	28.675130	0.144774	-2196.476817	
2.051000	20.367865	0.872253	4.608802	28.664112	0.316109	-2196.232396	
2.052000	20.177596	0.823676	4.605893	28.653529	0.144774	-2195.987841	
2.053000	20.401691	0.856061	4.603351	28.643461	0.179820	-2195.743026	
2.054000	20.608873	0.815580	4.601467	28.633800	0.238229	-2195.497877	
2.055000	20.414376	0.961310	4.600893	28.624462	0.203184	-2195.252366	
2.056000	20.224106	0.953214	4.601777	28.615608	0.207078	-2195.006523	
2.057000	20.427060	0.637467	4.603673	28.607508	0.191502	-2194.760448	
2.058000	20.460886	0.783196	4.606032	28.600211	0.281063	-2194.514293	
2.059000	20.524309	0.742716	4.608331	28.593529	0.218760	-2194.268235	
2.060000	20.469342	0.807484	4.610115	28.587261	0.098047	-2194.022455	
2.061000	20.562363	0.831773	4.611046	28.581340	0.055213	-2193.777101	
2.062000	20.405919	0.823676	4.611093	28.575762	0.175926	-2193.532269	
2.063000	20.460886	1.026079	4.610550	28.570534	0.238229	-2193.288000	
2.064000	20.245247	0.847965	4.609674	28.565785	0.113622	-2193.044275	
2.065000	20.460886	0.426968	4.608625	28.561607	0.031849	-2192.801016	
2.066000	20.448201	0.653659	4.607699	28.557897	0.249911	-2192.558089	
2.067000	20.465114	0.686043	4.607213	28.554565	0.164244	-2192.315324	
2.068000	20.198737	0.945118	4.607206	28.551779	0.226548	-2192.072542	
2.069000	20.575048	0.767004	4.607573	28.549809	0.156456	-2191.829584	
2.070000	20.342496	0.961310	4.608016	28.548695	0.238229	-2191.586333	
2.071000	20.414376	0.823676	4.607680	28.548241	0.269381	-2191.342720	
2.072000	20.507396	0.775100	4.605964	28.548240	0.191502	-2191.098734	
2.073000	20.549678	0.742716	4.603393	28.548611	0.090259	-2190.854433	
2.074000	20.477799	0.621274	4.600749	28.549330	0.172032	-2190.609939	
2.075000	20.427060	1.026079	4.598284	28.550400	0.242123	-2190.365410	
2.076000	20.257932	0.767004	4.595933	28.551950	0.148668	-2190.121027	
2.077000	20.452430	0.888445	4.593473	28.554075	0.207078	-2189.876960	
2.078000	20.439745	0.677947	4.590651	28.556664	0.230441	-2189.633343	
2.079000	20.427060	0.799388	4.587244	28.559623	0.121410	-2189.390252	
2.080000	20.355181	0.572698	4.583008	28.563121	0.168138	-2189.147711	
2.081000	20.532766	0.726523	4.578153	28.567432	0.156456	-2188.905686	
2.082000	20.494712	0.548410	4.573404	28.572596	0.218760	-2188.664075	
2.083000	20.410148	0.985598	4.569346	28.578422	0.113622	-2188.422731	
2.084000	20.452430	0.864157	4.566238	28.584706	0.027955	-2188.181486	
2.085000	20.418604	0.880349	4.563979	28.591361	0.082471	-2187.940168	
2.086000	20.452430	0.783196	4.562157	28.598355	0.078577	-2187.698634	
2.087000	20.312899	0.945118	4.560753	28.605691	0.164244	-2187.456779	
2.088000	20.186052	0.807484	4.560459	28.613516	0.257699	-2187.214544	
2.089000	20.367865	0.839869	4.561809	28.621941	0.172032	-2186.971937	
2.090000	20.520081	0.888445	4.564641	28.630853	0.292745	-2186.729036	
2.091000	20.443973	0.896541	4.568425	28.640150	0.253805	-2186.485980	
2.092000	20.253704	0.912733	4.572583	28.649991	0.207078	-2186.242938	
2.093000	20.494712	0.669851	4.576627	28.660635	0.242123	-2186.000088	
2.094000	20.448201	0.823676	4.580062	28.672109	0.257699	-2185.757580	
2.095000	20.456658	0.694139	4.582853	28.684209	0.210972	-2185.515521	
2.096000	20.528537	0.758908	4.586004	28.696720	0.059107	-2185.273975	
2.097000	20.553907	0.799388	4.590345	28.709540	0.051319	-2185.032954	
2.098000	20.532766	0.888445	4.595323	28.722620	0.101940	-2184.792406	
2.099000	20.469342	0.896541	4.599933	28.735956	0.210972	-2184.552214	
2.100000	20.215650	0.767004	4.603745	28.749697	0.113622	-2184.312225	0.000000
2.101000	20.465114	0.726523	4.606674	28.763958	0.210972	-2184.072268	
2.102000	20.439745	0.775100	4.608648	28.778624	0.129198	-2183.832180	
2.103000	20.490484	0.742716	4.609729	28.793588	0.168138	-2183.591831	
2.104000	20.224106	0.783196	4.610577	28.809002	0.183714	-2183.351137	
2.105000	20.630014	0.953214	4.612242	28.825115	0.086365	-2183.110066	
2.106000	20.363637	0.928926	4.614912	28.841944	0.304427	-2182.868647	
2.107000	20.435517	1.026079	4.617806	28.859290	0.304427	-2182.626982	
2.108000	20.389006	0.856061	4.620161	28.876941	0.047425	-2182.385224	
2.109000	20.528537	0.920829	4.621513	28.894783	0.140880	-2182.143551	
2.110000	20.431289	0.783196	4.621687	28.912756	0.168138	-2181.902136	
2.111000	20.435517	0.993694	4.620857	28.930853	0.144774	-2181.661112	
2.112000	20.380550	0.831773	4.619141	28.949230	0.222654	-2181.420568	
2.113000	20.477799	0.556506	4.616063	28.967998	0.175926	-2181.180551	
2.114000	20.494712	0.750812	4.611050	28.987041	0.265487	-2180.941061	
2.115000	20.410148	0.864157	4.604313	29.006244	0.066895	-2180.702029	
2.116000	20.414376	0.807484	4.596798	29.025748	0.133092	-2180.463327	
2.117000	20.482027	0.864157	4.589756	29.045784	0.121410	-2180.224791	
2.118000	20.465114	0.831773	4.584336	29.066359	0.168138	-2179.986246	
2.119000	20.393235	0.993694	4.581101	29.087279	0.210972	-2179.747540	
2.120000	20.465114	0.750812	4.579958	29.108338	-0.061606	-2179.508565	
2.121000	20.431289	0.993694	4.580509	29.129420	0.148668	-2179.269267	
2.122000	20.460886	0.775100	4.582485	29.150463	0.203184	-2179.029641	
2.123000	20.321355	0.896541	4.585873	29.171466	0.152562	-2178.789741	
2.124000	20.317127	0.864157	4.590608	29.192589	0.218760	-2178.549680	
2.125000	20.304442	0.904637	4.596273	29.213948	0.246017	-2178.309615	
2.126000	20.473571	0.937022	4.602143	29.235422	0.109728	-2178.069719	
2.127000	20.452430	0.904637	4.607350	29.256890	0.265487	-2177.830155	
2.128000	20.410148	0.856061	4.611106	29.278482	0.027955	-2177.591047	
2.129000	20.520081	0.734620	4.613018	29.300417	0.234335	-2177.352468	
2.130000	20.431289	0.912733	4.613088	29.322702	0.218760	-2177.114439	
2.131000	20.427060	0.799388	4.611579	29.345149	0.277169	-2176.876925	
2.132000	20.443973	0.742716	4.608972	29.367555	-0.018773	-2176.639836	
2.133000	20.570820	0.750812	4.605876	29.389799	0.090259	-2176.403035	
2.134000	20.541222	0.888445	4.602893	29.411807	0.063001	-2176.166359	
2.135000	20.490484	0.783196	4.600383	29.433579	0.090259	-2175.929638	
2.136000	20.342496	0.864157	4.598523	29.455282	0.152562	-2175.692737	
2.137000	20.524309	0.588890	4.597655	29.477034	0.172032	-2175.455567	
2.138000	20.486255	0.920829	4.598031	29.498719	0.199290	-2175.218085	
2.139000	20.490484	0.702235	4.599471	29.520221	0.199290	-2174.980295	
2.140000	20.384778	0.629370	4.601693	29.541667	0.059107	-2174.742270	
2.141000	20.515853	0.750812	4.604456	29.563270	0.016273	-2174.504142	
2.142000	20.410148	0.847965	4.607450	29.585034	0.269381	-2174.266072	
2.143000	20.431289	0.904637	4.610533	29.606785	0.210972	-2174.028233	
2.144000	20.431289	0.775100	4.613708	29.628331	0.086365	-2173.790780	
2.145000	20.528537	0.758908	4.616976	29.649550	0.273275	-2173.553827	
2.146000	20.338268	0.815580	4.620421	29.670366	0.136986	-2173.317434	
2.147000	20.414376	0.953214	4.623933	29.690785	0.277169	-2173.081605	
2.148000	20.456658	0.799388	4.627063	29.710977	0.172032	-2172.846280	
2.149000	20.452430	0.791292	4.629454	29.731053	0.183714	-2172.611343	
2.150000	20.507396	0.775100	4.631057	29.750894	0.246017	-2172.376642	
2.151000	20.473571	0.847965	4.632036	29.770374	0.156456	-2172.142010	
2.152000	20.553907	0.726523	4.632815	29.789610	0.016273	-2171.907289	
2.153000	20.520081	0.831773	4.633927	29.808799	0.156456	-2171.672356	
2.154000	20.410148	0.880349	4.635813	29.827949	0.156456	-2171.437128	
2.155000	20.350953	0.912733	4.639090	29.846904	0.320003	-2171.201572	
2.156000	20.515853	0.831773	4.644127	29.865489	0.082471	-2170.965720	
2.157000	20.490484	0.742716	4.650242	29.883586	0.257699	-2170.729673	
2.158000	20.507396	0.750812	4.656123	29.901128	0.101940	-2170.493579	
2.159000	20.376322	0.961310	4.660604	29.918137	0.187608	-2170.257606	
2.160000	20.431289	0.896541	4.662922	29.934800	0.125304	-2170.021919	
2.161000	20.350953	0.904637	4.662775	29.951236	0.269381	-2169.786651	
2.162000	20.435517	0.953214	4.660438	29.967330	0.320003	-2169.551888	
2.163000	20.452430	0.945118	4.656573	29.982958	0.265487	-2169.317669	
2.164000	20.604645	0.783196	4.651593	29.998223	-0.038242	-2169.083978	
2.165000	20.503168	0.572698	4.645565	30.013316	0.273275	-2168.850737	
2.166000	20.427060	0.985598	4.638727	30.028243	0.269381	-2168.617810	
2.167000	20.443973	0.775100	4.631613	30.042859	0.156456	-2168.385032	
2.168000	20.410148	0.864157	4.624773	30.056999	0.055213	-2168.152234	
2.169000	20.528537	0.734620	4.618737	30.070546	0.168138	-2167.919270	
2.170000	20.439745	0.807484	4.614226	30.083426	0.140880	-2167.686026	
2.171000	20.498940	0.702235	4.611781	30.095673	0.253805	-2167.452435	
2.172000	20.418604	0.710331	4.611129	30.107483	0.109728	-2167.218482	
2.173000	20.503168	0.564602	4.611499	30.118981	0.249911	-2166.984225	
2.174000	20.422832	0.969406	4.612185	30.130056	0.168138	-2166.749792	
2.175000	20.460886	0.896541	4.612521	30.140585	0.121410	-2166.515347	
2.176000	20.418604	0.904637	4.611942	30.150663	0.113622	-2166.281073	
2.177000	20.465114	0.977502	4.610211	30.160461	0.113622	-2166.047133	
2.178000	20.372094	0.953214	4.607500	30.169979	0.292745	-2165.813647	
2.179000	20.405919	0.767004	4.604193	30.179088	0.207078	-2165.580684	
2.180000	20.295986	0.653659	4.600528	30.187644	0.012379	-2165.348268	
2.181000	20.477799	0.985598	4.596470	30.195534	0.246017	-2165.116368	
2.182000	20.498940	0.831773	4.592002	30.202689	0.179820	-2164.884887	
2.183000	20.367865	1.017982	4.587410	30.209149	0.144774	-2164.653672	
2.184000	20.465114	0.880349	4.583207	30.215108	0.136986	-2164.422546	
2.185000	20.431289	0.880349	4.579921	30.220677	0.191502	-2164.191335	
2.186000	20.490484	0.750812	4.578015	30.225735	0.238229	-2163.959899	
2.187000	20.477799	0.807484	4.577903	30.230150	0.183714	-2163.728143	
2.188000	20.651156	0.499833	4.579584	30.234005	0.059107	-2163.496022	
2.189000	20.579276	0.823676	4.582350	30.237464	0.207078	-2163.263547	
2.190000	20.431289	0.888445	4.585392	30.240539	0.230441	-2163.030799	
2.191000	20.321355	0.961310	4.588278	30.243136	0.218760	-2162.797915	
2.192000	20.439745	0.791292	4.590753	30.245139	-0.046030	-2162.565070	
2.193000	20.460886	0.775100	4.592590	30.246441	0.175926	-2162.332446	
2.194000	20.477799	0.605082	4.593538	30.246975	0.136986	-2162.100198	
2.195000	20.321355	0.888445	4.593350	30.246799	0.320003	-2161.868431	
2.196000	20.520081	0.937022	4.591726	30.246120	0.152562	-2161.637198	
2.197000	20.435517	0.896541	4.588053	30.245052	0.246017	-2161.406504	
2.198000	20.338268	1.107039	4.581952	30.243474	0.261593	-2161.176290	
2.199000	20.401691	0.839869	4.574098	30.241254	0.164244	-2160.946435	
2.200000	20.562363	0.953214	4.565842	30.238459	0.144774	-2160.716778	0.000000
2.201000	20.477799	0.839869	4.558320	30.235230	0.253805	-2160.487140	
2.202000	20.380550	0.912733	4.552148	30.231578	0.218760	-2160.257352	
2.203000	20.422832	0.742716	4.547716	30.227427	0.242123	-2160.027281	
2.204000	20.376322	0.807484	4.545272	30.222677	-0.046030	-2159.796854	
2.205000	20.507396	0.629370	4.544958	30.217221	0.191502	-2159.566050	
2.206000	20.435517	0.783196	4.547073	30.210994	0.136986	-2159.334901	
2.207000	20.435517	0.807484	4.551758	30.204068	0.070789	-2159.103499	
2.208000	20.524309	0.742716	4.558459	30.196664	0.144774	-2158.871987	
2.209000	20.477799	0.783196	4.566098	30.188889	0.292745	-2158.640538	
2.210000	20.422832	0.937022	4.573637	30.180620	0.207078	-2158.409329	
2.211000	20.477799	0.783196	4.580461	30.171726	0.027955	-2158.178507	
2.212000	20.558135	0.888445	4.585976	30.162271	0.035743	-2157.948171	
2.213000	20.473571	0.815580	4.589309	30.152393	0.113622	-2157.718372	
2.214000	20.380550	1.147520	4.590228	30.142116	0.257699	-2157.489097	
2.215000	20.295986	0.977502	4.589383	30.131399	0.277169	-2157.260264	
2.216000	20.317127	0.839869	4.587604	30.120179	0.051319	-2157.031738	
2.217000	20.443973	0.839869	4.585727	30.108353	0.316109	-2156.803356	
2.218000	20.490484	0.791292	4.584291	30.095855	0.152562	-2156.574942	
2.219000	20.355181	0.953214	4.583126	30.082772	0.113622	-2156.346333	
2.220000	20.503168	0.710331	4.582057	30.069326	0.191502	-2156.117411	
2.221000	20.376322	0.872253	4.581719	30.055612	0.226548	-2155.888109	
2.222000	20.515853	1.001790	4.583011	30.041492	0.242123	-2155.658416	
2.223000	20.443973	0.799388	4.586302	30.026820	0.160350	-2155.428388	
2.224000	20.621558	0.661755	4.591261	30.011629	0.008485	-2155.198148	
2.225000	20.503168	0.767004	4.597042	29.996025	0.094153	-2154.967863	
2.226000	20.528537	0.961310	4.602758	29.980030	0.191502	-2154.737713	
2.227000	20.312899	0.937022	4.607802	29.963652	0.214866	-2154.507872	
2.228000	20.456658	0.758908	4.611822	29.946879	-0.026560	-2154.278478	
2.229000	20.384778	0.839869	4.614628	29.929621	0.195396	-2154.049623	
2.230000	20.452430	0.880349	4.616133	29.911818	0.156456	-2153.821340	
2.231000	20.266388	0.831773	4.616251	29.893583	0.175926	-2153.593601	
2.232000	20.541222	0.815580	4.615079	29.875165	0.152562	-2153.366312	
2.233000	20.418604	0.839869	4.613145	29.856665	0.230441	-2153.139322	
2.234000	20.422832	1.034175	4.611057	29.837949	0.269381	-2152.912459	
2.235000	20.405919	0.783196	4.609166	29.818871	0.117516	-2152.685546	
2.236000	20.575048	0.807484	4.607668	29.799455	0.039637	-2152.458438	
2.237000	20.498940	0.734620	4.606897	29.779797	0.199290	-2152.231032	
2.238000	20.435517	0.864157	4.607481	29.759911	0.366730	-2152.003270	
2.239000	20.350953	0.783196	4.610020	29.739808	0.152562	-2151.775149	
2.240000	20.448201	0.831773	4.614528	29.719471	0.070789	-2151.546743	
2.241000	20.558135	0.580794	4.620310	29.698799	0.230441	-2151.318190	
2.242000	20.482027	0.718427	4.626285	29.677728	0.074683	-2151.089663	
2.243000	20.367865	0.856061	4.631482	29.656381	0.210972	-2150.861342	
2.244000	20.549678	0.880349	4.635383	29.635019	0.152562	-2150.633386	
2.245000	20.435517	0.726523	4.637609	29.613737	0.148668	-2150.405912	
2.246000	20.338268	1.066559	4.637962	29.592389	0.074683	-2150.178983	
2.247000	20.431289	0.742716	4.637218	29.570820	0.078577	-2149.952613	
2.248000	20.583504	0.856061	4.636415	29.549040	0.098047	-2149.726754	
2.249000	20.608873	0.823676	4.635761	29.527133	0.207078	-2149.501299	
2.250000	20.376322	0.969406	4.635142	29.505121	0.277169	-2149.276091	
2.251000	20.274845	0.807484	4.634454	29.483042	0.074683	-2149.050951	
2.252000	20.346724	0.791292	4.633525	29.460905	0.105834	-2148.825708	
2.253000	20.439745	0.856061	4.632314	29.438616	0.288851	-2148.600225	
2.254000	20.460886	0.742716	4.630822	29.416108	0.207078	-2148.374413	
2.255000	20.283301	1.034175	4.628837	29.393523	0.207078	-2148.148227	
2.256000	20.634243	0.669851	4.626102	29.371127	0.070789	-2147.921685	
2.257000	20.431289	0.823676	4.622729	29.349004	0.288851	-2147.694880	
2.258000	20.482027	0.945118	4.619091	29.326998	0.164244	-2147.467961	
2.259000	20.393235	0.831773	4.615310	29.304945	0.175926	-2147.241107	
2.260000	20.562363	0.815580	4.611376	29.282838	0.020167	-2147.014500	
2.261000	20.456658	0.888445	4.607502	29.260735	0.175926	-2146.788288	
2.262000	20.536994	1.098943	4.603786	29.238654	0.226548	-2146.562570	
2.263000	20.245247	0.831773	4.599910	29.216651	0.035743	-2146.337397	
2.264000	20.494712	0.718427	4.595597	29.194760	-0.042136	-2146.112771	
2.265000	20.431289	0.945118	4.590982	29.172887	0.136986	-2145.888631	
2.266000	20.469342	0.734620	4.586474	29.150971	0.207078	-2145.664849	
2.267000	20.219878	0.969406	4.582698	29.129170	0.210972	-2145.441255	
2.268000	20.498940	0.912733	4.580370	29.107759	0.168138	-2145.217664	
2.269000	20.363637	0.961310	4.579945	29.086814	0.257699	-2144.993906	
2.270000	20.477799	1.050367	4.581606	29.066170	0.191502	-2144.769853	
2.271000	20.359409	0.880349	4.585114	29.045655	0.082471	-2144.545426	
2.272000	20.587732	0.912733	4.589572	29.025246	0.074683	-2144.320608	
2.273000	20.414376	0.856061	4.594115	29.004983	0.218760	-2144.095445	
2.274000	20.393235	1.074655	4.598383	28.984876	0.183714	-2143.870047	
2.275000	20.211422	0.864157	4.602130	28.965005	0.347261	-2143.644568	
2.276000	20.418604	0.993694	4.605161	28.945416	0.094153	-2143.419189	
2.277000	20.452430	0.710331	4.607499	28.926008	0.316109	-2143.194082	
2.278000	20.477799	0.783196	4.609122	28.906703	0.195396	-2142.969382	
2.279000	20.270617	0.645563	4.609682	28.887668	0.144774	-2142.745172	
2.280000	20.596189	0.928926	4.608675	28.869179	0.148668	-2142.521488	
2.281000	20.414376	0.783196	4.605816	28.851305	0.246017	-2142.298311	
2.282000	20.380550	1.171808	4.601358	28.833874	0.265487	-2142.075558	
2.283000	20.460886	0.920829	4.596094	28.816704	0.047425	-2141.853089	
2.284000	20.498940	0.920829	4.590934	28.799754	-0.014879	-2141.630741	
2.285000	20.528537	0.734620	4.586458	28.783046	0.195396	-2141.408340	
2.286000	20.384778	0.953214	4.582779	28.766594	0.281063	-2141.185731	
2.287000	20.211422	1.009886	4.579629	28.750509	0.249911	-2140.962806	
2.288000	20.405919	0.856061	4.576892	28.734870	0.210972	-2140.739506	
2.289000	20.427060	0.912733	4.575179	28.719576	0.312215	-2140.515831	
2.290000	20.359409	0.864157	4.575130	28.704548	0.148668	-2140.291844	
2.291000	20.253704	1.017982	4.576440	28.689954	0.284957	-2140.067663	
2.292000	20.536994	0.791292	4.578324	28.676071	0.292745	-2139.843445	
2.293000	20.448201	0.775100	4.580104	28.662956	0.292745	-2139.619362	
2.294000	20.460886	0.823676	4.581240	28.650427	0.277169	-2139.395574	
2.295000	20.583504	0.904637	4.581591	28.638288	0.101940	-2139.172202	
2.296000	20.536994	0.839869	4.581056	28.626481	-0.010985	-2138.949325	
2.297000	20.448201	0.977502	4.578881	28.615005	0.094153	-2138.726969	
2.298000	20.439745	0.945118	4.574574	28.603867	0.183714	-2138.505092	
2.299000	20.274845	0.888445	4.568824	28.593180	0.082471	-2138.283586	
2.300000	20.435517	0.734620	4.562787	28.583025	0.035743	-2138.062305	0.000000
2.301000	20.418604	0.775100	4.557382	28.573299	0.265487	-2137.841084	
2.302000	20.503168	0.694139	4.553020	28.563918	0.039637	-2137.619759	
2.303000	20.215650	0.920829	4.549559	28.555057	0.136986	-2137.398195	
2.304000	20.579276	0.928926	4.546766	28.546992	0.203184	-2137.176305	
2.305000	20.359409	0.945118	4.544904	28.539773	0.269381	-2136.954047	
2.306000	20.460886	0.945118	4.544771	28.533211	0.226548	-2136.731432	
2.307000	20.384778	0.815580	4.546905	28.527106	0.144774	-2136.508543	
2.308000	20.532766	0.831773	4.550927	28.521386	0.066895	-2136.285522	
2.309000	20.448201	0.767004	4.556037	28.516038	0.148668	-2136.062541	
2.310000	20.486255	1.001790	4.561784	28.511062	0.300533	-2135.839772	
2.311000	20.198737	0.896541	4.568009	28.506584	0.327791	-2135.617361	
2.312000	20.473571	0.847965	4.574501	28.502694	0.070789	-2135.395416	
2.313000	20.494712	0.791292	4.581157	28.499283	0.160350	-2135.173996	
2.314000	20.465114	0.726523	4.587821	28.496257	0.140880	-2134.953104	
2.315000	20.279073	0.977502	4.593962	28.493778	0.098047	-2134.732671	
2.316000	20.570820	0.791292	4.599074	28.492115	0.098047	-2134.512569	
2.317000	20.515853	0.734620	4.603036	28.491307	0.226548	-2134.292641	
2.318000	20.443973	1.074655	4.605905	28.491160	0.191502	-2134.072715	
2.319000	20.486255	0.831773	4.607527	28.491471	0.121410	-2133.852638	
2.320000	20.469342	0.718427	4.607698	28.492162	0.101940	-2133.632299	
2.321000	20.536994	0.791292	4.606605	28.493208	0.074683	-2133.411629	
2.322000	20.367865	1.026079	4.604647	28.494614	0.199290	-2133.190600	
2.323000	20.270617	0.677947	4.602130	28.496517	0.133092	-2132.969252	
2.324000	20.393235	0.799388	4.599437	28.499023	0.168138	-2132.747692	
2.325000	20.443973	0.742716	4.596928	28.502023	0.273275	-2132.526081	
2.326000	20.376322	0.872253	4.594731	28.505421	0.140880	-2132.304597	
2.327000	20.300214	0.904637	4.592947	28.509380	0.246017	-2132.083408	
2.328000	20.486255	0.815580	4.591709	28.514164	0.238229	-2131.862645	
2.329000	20.435517	0.856061	4.590947	28.519799	0.191502	-2131.642386	
2.330000	20.405919	1.001790	4.590551	28.526081	0.246017	-2131.422663	
2.331000	20.520081	0.750812	4.590694	28.532797	0.027955	-2131.203458	
2.332000	20.553907	0.815580	4.591610	28.539849	0.179820	-2130.984697	
2.333000	20.524309	0.847965	4.593352	28.547195	0.156456	-2130.766249	
2.334000	20.456658	0.937022	4.595937	28.554834	0.183714	-2130.547949	
2.335000	20.291758	0.807484	4.599242	28.562908	0.125304	-2130.329627	
2.336000	20.422832	0.783196	4.602867	28.571530	0.140880	-2130.111135	
2.337000	20.427060	0.758908	4.606496	28.580586	0.320003	-2129.892375	
2.338000	20.549678	0.742716	4.609995	28.589974	-0.003197	-2129.673291	
2.339000	20.257932	0.888445	4.613140	28.599850	0.004591	-2129.453877	
2.340000	20.625786	0.791292	4.615768	28.610473	0.066895	-2129.234197	
2.341000	20.397463	0.920829	4.617814	28.621873	0.203184	-2129.014372	
2.342000	20.456658	0.937022	4.619111	28.633852	0.172032	-2128.794564	
2.343000	20.317127	0.807484	4.619492	28.646204	0.078577	-2128.574952	
2.344000	20.431289	0.783196	4.618876	28.658822	0.199290	-2128.355696	
2.345000	20.401691	0.880349	4.617282	28.671655	0.199290	-2128.136916	
2.346000	20.541222	1.188000	4.615007	28.684696	0.347261	-2127.918670	
2.347000	20.236791	0.839869	4.612092	28.698091	0.242123	-2127.700971	
2.348000	20.422832	0.872253	4.607909	28.711955	0.066895	-2127.483778	
2.349000	20.452430	0.839869	4.602363	28.726174	0.175926	-2127.266986	
2.350000	20.460886	0.742716	4.596535	28.740641	0.020167	-2127.050449	
2.351000	20.312899	0.791292	4.591564	28.755502	0.125304	-2126.833994	
2.352000	20.562363	0.775100	4.587848	28.770994	0.230441	-2126.617450	
2.353000	20.477799	0.750812	4.585291	28.787128	0.168138	-2126.400680	
2.354000	20.473571	0.961310	4.583620	28.803700	0.168138	-2126.183593	
2.355000	20.465114	0.815580	4.582908	28.820501	0.043531	-2125.966156	
2.356000	20.545450	0.847965	4.583903	28.837424	0.117516	-2125.748393	
2.357000	20.422832	0.605082	4.587149	28.854418	0.078577	-2125.530392	
2.358000	20.389006	0.961310	4.592229	28.871484	0.133092	-2125.312292	
2.359000	20.274845	0.847965	4.598261	28.888782	0.234335	-2125.094256	
2.360000	20.376322	0.937022	4.604401	28.906432	0.156456	-2124.876452	
2.361000	20.422832	0.831773	4.610050	28.924319	0.261593	-2124.659023	
2.362000	20.295986	0.953214	4.614962	28.942335	0.195396	-2124.442066	
2.363000	20.342496	1.034175	4.618932	28.960627	0.043531	-2124.225629	
2.364000	20.536994	0.694139	4.621600	28.979434	0.144774	-2124.009711	
2.365000	20.482027	0.783196	4.622756	28.998770	0.253805	-2123.794241	
2.366000	20.321355	0.945118	4.622579	29.018440	0.257699	-2123.579093	
2.367000	20.477799	0.888445	4.621572	29.038238	0.043531	-2123.364104	
2.368000	20.494712	0.912733	4.620243	29.058045	0.082471	-2123.149108	
2.369000	20.520081	0.750812	4.618799	29.077797	0.230441	-2122.933944	
2.370000	20.460886	0.928926	4.617292	29.097489	0.238229	-2122.718491	
2.371000	20.401691	0.661755	4.616164	29.117282	0.152562	-2122.502675	
2.372000	20.507396	0.831773	4.616525	29.137296	0.234335	-2122.286479	
2.373000	20.439745	0.791292	4.619281	29.157416	0.327791	-2122.069952	
2.374000	20.439745	0.710331	4.624149	29.177531	0.168138	-2121.853201	
2.375000	20.376322	0.937022	4.629958	29.197783	0.125304	-2121.636379	
2.376000	20.575048	0.799388	4.635507	29.218402	0.214866	-2121.419657	
2.377000	20.397463	0.961310	4.639962	29.239403	0.164244	-2121.203200	
2.378000	20.460886	0.839869	4.642822	29.260602	0.195396	-2120.987139	
2.379000	20.401691	0.888445	4.643631	29.281800	0.066895	-2120.771562	
2.380000	20.503168	0.791292	4.641743	29.302884	0.156456	-2120.556509	
2.381000	20.393235	0.928926	4.636826	29.323790	0.144774	-2120.341961	
2.382000	20.431289	1.042271	4.629495	29.344520	0.300533	-2120.127825	
2.383000	20.338268	0.969406	4.621018	29.365237	0.261593	-2119.913953	
2.384000	20.460886	0.775100	4.612735	29.386058	0.117516	-2119.700173	
2.385000	20.456658	0.888445	4.605732	29.406863	0.273275	-2119.486316	
2.386000	20.528537	0.783196	4.600536	29.427532	0.172032	-2119.272234	
2.387000	20.393235	0.920829	4.597065	29.448194	0.187608	-2119.057830	
2.388000	20.553907	0.791292	4.595126	29.469069	0.133092	-2118.843052	
2.389000	20.452430	0.912733	4.594699	29.490167	0.249911	-2118.627904	
2.390000	20.604645	1.017982	4.595699	29.511308	0.187608	-2118.412453	
2.391000	20.405919	0.807484	4.597710	29.532296	0.074683	-2118.196831	
2.392000	20.515853	0.815580	4.599997	29.553018	0.109728	-2117.981209	
2.393000	20.507396	0.677947	4.601808	29.573410	0.027955	-2117.765768	
2.394000	20.469342	1.009886	4.602686	29.593485	0.269381	-2117.550669	
2.395000	20.376322	0.912733	4.602447	29.613423	0.269381	-2117.336029	
2.396000	20.367865	0.872253	4.601103	29.633348	0.152562	-2117.121919	
2.397000	20.376322	0.985598	4.598793	29.653148	0.308321	-2116.908355	
2.398000	20.350953	0.912733	4.595434	29.672701	0.179820	-2116.695292	
2.399000	20.376322	0.856061	4.591050	29.692129	0.195396	-2116.482618	
2.400000	20.520081	0.823676	4.586347	29.711640	0.152562	-2116.270180	0.000000
2.401000	20.473571	0.937022	4.582165	29.731238	0.218760	-2116.057800	
2.402000	20.380550	0.937022	4.578949	29.750747	0.246017	-2115.845306	
2.403000	20.456658	0.831773	4.576738	29.769977	0.105834	-2115.632563	
2.404000	20.465114	0.856061	4.575218	29.788809	0.183714	-2115.419492	
2.405000	20.477799	0.920829	4.574213	29.807170	0.140880	-2115.206055	
2.406000	20.418604	0.896541	4.573934	29.825069	0.152562	-2114.992268	
2.407000	20.507396	0.847965	4.574582	29.842682	0.136986	-2114.778215	
2.408000	20.486255	0.799388	4.576021	29.860130	0.183714	-2114.564043	
2.409000	20.486255	0.985598	4.577828	29.877301	0.210972	-2114.349935	
2.410000	20.431289	0.912733	4.579560	29.894076	0.269381	-2114.136074	
2.411000	20.482027	0.969406	4.580746	29.910573	-0.061606	-2113.922618	
2.412000	20.482027	1.115135	4.580678	29.926991	0.090259	-2113.709674	
2.413000	20.367865	0.945118	4.578509	29.943335	0.140880	-2113.497291	
2.414000	20.439745	0.799388	4.573683	29.959444	0.199290	-2113.285465	
2.415000	20.448201	0.750812	4.566639	29.975144	0.074683	-2113.074127	
2.416000	20.490484	0.734620	4.558865	29.990317	0.156456	-2112.863155	
2.417000	20.405919	0.920829	4.551947	30.004895	0.312215	-2112.652390	
2.418000	20.448201	0.856061	4.546905	30.018895	0.257699	-2112.441653	
2.419000	20.414376	1.001790	4.544172	30.032493	0.136986	-2112.230774	
2.420000	20.393235	0.750812	4.543664	30.045805	0.051319	-2112.019624	
2.421000	20.384778	1.050367	4.544994	30.058713	0.327791	-2111.808127	
2.422000	20.448201	0.686043	4.547738	30.071093	0.152562	-2111.596255	
2.423000	20.494712	0.783196	4.551566	30.083051	0.094153	-2111.384050	
2.424000	20.469342	0.726523	4.556221	30.094778	0.179820	-2111.171628	
2.425000	20.452430	1.058463	4.561328	30.106284	0.133092	-2110.959148	
2.426000	20.503168	0.856061	4.566453	30.117421	0.125304	-2110.746792	
2.427000	20.405919	0.791292	4.571383	30.128022	-0.038242	-2110.534741	
2.428000	20.507396	0.791292	4.576045	30.137973	0.098047	-2110.323142	
2.429000	20.498940	0.629370	4.580218	30.147207	0.020167	-2110.112085	
2.430000	20.422832	0.661755	4.583676	30.155748	0.316109	-2109.901605	
2.431000	20.524309	0.807484	4.586417	30.163779	0.179820	-2109.691683	
2.432000	20.410148	0.864157	4.588519	30.171426	0.214866	-2109.482239	
2.433000	20.427060	0.977502	4.590097	30.178577	0.327791	-2109.273139	
2.434000	20.401691	0.831773	4.591434	30.185115	0.203184	-2109.064212	
2.435000	20.418604	0.758908	4.592748	30.191142	0.039637	-2108.855279	
2.436000	20.456658	0.791292	4.593906	30.196835	0.222654	-2108.646179	
2.437000	20.456658	0.831773	4.594714	30.202198	0.187608	-2108.436791	
2.438000	20.401691	0.847965	4.595574	30.207099	0.253805	-2108.227044	
2.439000	20.486255	0.613178	4.597391	30.211392	0.043531	-2108.016931	
2.440000	20.486255	0.734620	4.600637	30.214965	0.218760	-2107.806517	
2.441000	20.435517	0.839869	4.604973	30.217749	0.160350	-2107.595934	
2.442000	20.380550	0.847965	4.609657	30.219782	0.152562	-2107.385343	
2.443000	20.532766	0.847965	4.614081	30.221256	0.121410	-2107.174923	
2.444000	20.439745	0.920829	4.618003	30.222284	0.136986	-2106.964838	
2.445000	20.473571	1.050367	4.621062	30.222751	0.203184	-2106.755216	
2.446000	20.410148	0.815580	4.622504	30.222534	0.047425	-2106.546134	
2.447000	20.520081	0.856061	4.621775	30.221726	-0.022667	-2106.337618	
2.448000	20.515853	0.799388	4.619067	30.220498	0.070789	-2106.129633	
2.449000	20.486255	1.050367	4.615106	30.218869	0.300533	-2105.922070	
2.450000	20.372094	0.839869	4.610693	30.216742	0.105834	-2105.714775	
2.451000	20.367865	0.791292	4.606524	30.213999	-0.069394	-2105.507570	
2.452000	20.498940	0.669851	4.602977	30.210535	0.249911	-2105.300285	
2.453000	20.376322	0.791292	4.599917	30.206285	0.090259	-2105.092773	
2.454000	20.414376	0.896541	4.597062	30.201305	0.191502	-2104.884930	
2.455000	20.452430	0.872253	4.594318	30.195807	0.172032	-2104.676703	
2.456000	20.452430	0.815580	4.591515	30.189913	0.312215	-2104.468095	
2.457000	20.372094	1.107039	4.588525	30.183505	0.351155	-2104.259183	
2.458000	20.448201	0.750812	4.585502	30.176458	0.078577	-2104.050105	
2.459000	20.532766	0.856061	4.582666	30.168849	-0.014879	-2103.841031	
2.460000	20.570820	0.742716	4.580271	30.160830	0.179820	-2103.632140	
2.461000	20.460886	1.026079	4.578594	30.152408	0.246017	-2103.423585	
2.462000	20.456658	1.001790	4.577766	30.143495	0.156456	-2103.215473	
2.463000	20.418604	0.718427	4.577766	30.133984	0.000697	-2103.007871	
2.464000	20.465114	0.920829	4.578423	30.123772	0.203184	-2102.800795	
2.465000	20.418604	0.847965	4.579458	30.112799	0.246017	-2102.594188	
2.466000	20.389006	0.847965	4.580734	30.101130	0.125304	-2102.387929	
2.467000	20.507396	0.783196	4.582373	30.088974	0.323897	-2102.181854	
2.468000	20.469342	0.920829	4.584516	30.076441	0.191502	-2101.975784	
2.469000	20.452430	1.042271	4.587005	30.063415	0.308321	-2101.769548	
2.470000	20.456658	0.815580	4.589383	30.049775	0.175926	-2101.563017	
2.471000	20.469342	0.677947	4.591653	30.035594	-0.003197	-2101.356112	
2.472000	20.389006	0.864157	4.594697	30.021022	0.175926	-2101.148804	
2.473000	20.443973	0.945118	4.599317	30.006075	0.207078	-2100.941118	
2.474000	20.401691	0.880349	4.605356	29.990684	0.358942	-2100.733146	
2.475000	20.431289	0.750812	4.611894	29.974759	-0.057712	-2100.525039	
2.476000	20.431289	0.896541	4.617835	29.958196	0.195396	-2100.316973	
2.477000	20.515853	0.677947	4.622429	29.940936	0.261593	-2100.109123	
2.478000	20.380550	0.872253	4.625461	29.923068	0.242123	-2099.901629	
2.479000	20.566591	0.758908	4.626874	29.904823	0.098047	-2099.694584	
2.480000	20.363637	1.082751	4.626589	29.886312	0.300533	-2099.488035	
2.481000	20.477799	0.969406	4.624876	29.867410	0.195396	-2099.281977	
2.482000	20.380550	0.937022	4.622285	29.847985	0.086365	-2099.076336	
2.483000	20.604645	0.718427	4.619267	29.828097	0.024061	-2098.870986	
2.484000	20.469342	0.831773	4.616116	29.807878	0.129198	-2098.665766	
2.485000	20.443973	1.042271	4.612971	29.787357	0.316109	-2098.460503	
2.486000	20.325583	0.856061	4.610045	29.766517	0.253805	-2098.255039	
2.487000	20.389006	0.904637	4.607611	29.745321	-0.127804	-2098.049265	
2.488000	20.414376	0.896541	4.605666	29.723679	0.339473	-2097.843117	
2.489000	20.393235	0.904637	4.604146	29.701530	0.094153	-2097.636578	
2.490000	20.291758	0.839869	4.603232	29.678977	0.323897	-2097.429693	
2.491000	20.566591	0.928926	4.603027	29.656262	0.210972	-2097.222575	
2.492000	20.465114	0.823676	4.603266	29.633494	0.378412	-2097.015382	
2.493000	20.439745	1.001790	4.603543	29.610541	0.230441	-2096.808291	
2.494000	20.448201	0.710331	4.603569	29.587261	0.242123	-2096.601474	
2.495000	20.469342	0.977502	4.603114	29.563690	0.066895	-2096.395064	
2.496000	20.549678	0.556506	4.602186	29.539933	0.210972	-2096.189142	
2.497000	20.427060	1.082751	4.601080	29.516009	0.191502	-2095.983734	
2.498000	20.367865	0.985598	4.599901	29.491922	0.160350	-2095.778809	
2.499000	20.477799	0.791292	4.598563	29.467652	-0.061606	-2095.574276	
2.500000	20.549678	0.791292	4.597224	29.443105	0.203184	-2095.370001	0.000000
2.501000	20.410148	0.783196	4.596116	29.418223	0.187608	-2095.165820	
2.502000	20.300214	0.912733	4.595195	29.393124	0.304427	-2094.961562	
2.503000	20.536994	0.872253	4.594401	29.368058	0.234335	-2094.757083	
2.504000	20.393235	0.888445	4.593884	29.343123	0.253805	-2094.552282	
2.505000	20.431289	1.212288	4.593709	29.318180	0.300533	-2094.347107	
2.506000	20.439745	0.726523	4.593853	29.293082	0.195396	-2094.141562	
2.507000	20.549678	0.775100	4.594402	29.267853	0.070789	-2093.935721	
2.508000	20.431289	0.856061	4.595276	29.242587	0.218760	-2093.729721	
2.509000	20.443973	0.928926	4.596130	29.217305	0.374518	-2093.523728	
2.510000	20.249476	1.042271	4.596746	29.192025	0.339473	-2093.317912	
2.511000	20.427060	0.839869	4.597215	29.166742	0.098047	-2093.112425	
2.512000	20.482027	0.937022	4.597479	29.141354	0.246017	-2092.907377	
2.513000	20.490484	0.734620	4.596902	29.115796	0.136986	-2092.702827	
2.514000	20.308670	0.791292	4.594752	29.090192	0.152562	-2092.498779	
2.515000	20.638471	0.758908	4.590903	29.064795	0.191502	-2092.295178	
2.516000	20.427060	0.686043	4.585969	29.039691	0.284957	-2092.091912	
2.517000	20.515853	1.042271	4.580990	29.014727	0.234335	-2091.888832	
2.518000	20.427060	0.912733	4.576888	28.989745	0.133092	-2091.685773	
2.519000	20.562363	0.896541	4.574163	28.964748	0.059107	-2091.482578	
2.520000	20.439745	0.758908	4.572934	28.939811	0.195396	-2091.279126	
2.521000	20.503168	1.009886	4.573102	28.914952	0.179820	-2091.075334	
2.522000	20.283301	0.621274	4.574588	28.890221	0.179820	-2090.871170	
2.523000	20.469342	0.872253	4.577433	28.865641	0.152562	-2090.666662	
2.524000	20.389006	0.524121	4.581501	28.841118	0.253805	-2090.461911	
2.525000	20.410148	0.920829	4.586282	28.816588	0.242123	-2090.257062	
2.526000	20.241019	0.839869	4.591271	28.792197	0.253805	-2090.052277	
2.527000	20.566591	0.896541	4.596339	28.768205	0.210972	-2089.847718	
2.528000	20.443973	0.742716	4.601351	28.744690	0.347261	-2089.643518	
2.529000	20.439745	1.001790	4.605684	28.721488	0.308321	-2089.439768	
2.530000	20.456658	0.783196	4.608526	28.698428	0.113622	-2089.236512	
2.531000	20.473571	0.864157	4.609441	28.675498	-0.026560	-2089.033751	
2.532000	20.541222	0.969406	4.608588	28.652747	0.164244	-2088.831417	
2.533000	20.418604	0.985598	4.606626	28.630181	0.269381	-2088.629381	
2.534000	20.283301	0.807484	4.604357	28.607848	0.269381	-2088.427481	
2.535000	20.465114	0.742716	4.602360	28.585770	0.152562	-2088.225554	
2.536000	20.558135	0.694139	4.600985	28.563844	0.238229	-2088.023455	
2.537000	20.448201	0.912733	4.600551	28.542001	0.024061	-2087.821080	
2.538000	20.232563	0.799388	4.601279	28.520398	0.148668	-2087.618367	
2.539000	20.520081	0.993694	4.603147	28.499310	0.125304	-2087.415305	
2.540000	20.405919	0.896541	4.605931	28.478810	0.316109	-2087.211947	
2.541000	20.380550	1.009886	4.609168	28.458730	0.253805	-2087.008406	
2.542000	20.405919	0.775100	4.612201	28.438892	0.144774	-2086.804835	
2.543000	20.558135	0.710331	4.614491	28.419269	0.051319	-2086.601403	
2.544000	20.452430	0.750812	4.615824	28.399897	0.164244	-2086.398270	
2.545000	20.405919	0.904637	4.616214	28.380787	0.339473	-2086.195557	
2.546000	20.249476	0.856061	4.615691	28.362016	0.308321	-2085.993334	
2.547000	20.376322	0.985598	4.614314	28.343635	-0.010985	-2085.791628	
2.548000	20.482027	0.856061	4.612272	28.325539	0.242123	-2085.590410	
2.549000	20.503168	0.718427	4.609795	28.307653	0.191502	-2085.389584	
2.550000	20.257932	0.831773	4.607178	28.290132	0.175926	-2085.189003	
2.551000	20.596189	0.564602	4.604823	28.273242	0.195396	-2084.988498	
2.552000	20.439745	0.823676	4.603072	28.257048	0.210972	-2084.787900	
2.553000	20.528537	0.953214	4.602090	28.241371	0.218760	-2084.587071	
2.554000	20.439745	0.726523	4.602160	28.226027	0.066895	-2084.385920	
2.555000	20.528537	0.572698	4.603690	28.210975	0.094153	-2084.184402	
2.556000	20.427060	0.799388	4.606625	28.196233	0.234335	-2083.982521	
2.557000	20.515853	0.702235	4.610431	28.181815	0.152562	-2083.780343	
2.558000	20.211422	0.791292	4.614507	28.167824	0.175926	-2083.577996	
2.559000	20.490484	0.872253	4.618213	28.154335	0.172032	-2083.375646	
2.560000	20.405919	0.896541	4.621055	28.141247	0.113622	-2083.173471	
2.561000	20.469342	0.783196	4.622950	28.128484	0.105834	-2082.971622	
2.562000	20.215650	0.864157	4.624005	28.116217	0.195396	-2082.770202	
2.563000	20.486255	0.831773	4.624191	28.104724	0.179820	-2082.569265	
2.564000	20.346724	0.686043	4.623310	28.094061	0.366730	-2082.368813	
2.565000	20.469342	0.888445	4.621241	28.084044	0.277169	-2082.168789	
2.566000	20.376322	0.613178	4.618163	28.074477	0.136986	-2081.969084	
2.567000	20.528537	0.864157	4.614477	28.065303	0.113622	-2081.769552	
2.568000	20.511625	0.815580	4.610620	28.056524	0.066895	-2081.570031	
2.569000	20.401691	1.026079	4.607104	28.048147	0.187608	-2081.370361	
2.570000	20.236791	0.718427	4.604494	28.040287	0.218760	-2081.170417	
2.571000	20.448201	0.985598	4.603154	28.033028	0.156456	-2080.970126	
2.572000	20.532766	0.661755	4.603155	28.026264	0.226548	-2080.769463	
2.573000	20.376322	0.823676	4.604162	28.019909	0.043531	-2080.568457	
2.574000	20.321355	0.815580	4.605512	28.014132	-0.003197	-2080.367203	
2.575000	20.549678	0.864157	4.606545	28.009218	0.218760	-2080.165847	
2.576000	20.477799	0.856061	4.606764	28.005223	0.195396	-2079.964560	
2.577000	20.363637	0.953214	4.605940	28.001961	0.378412	-2079.763512	
2.578000	20.410148	0.831773	4.604144	27.999235	0.078577	-2079.562840	
2.579000	20.486255	0.985598	4.601751	27.996970	0.105834	-2079.362634	
2.580000	20.473571	0.961310	4.599226	27.995150	0.183714	-2079.162935	
2.581000	20.346724	0.896541	4.596489	27.993779	0.292745	-2078.963729	
2.582000	20.295986	0.864157	4.593118	27.992985	0.265487	-2078.764936	
2.583000	20.456658	0.920829	4.589189	27.992861	0.125304	-2078.566429	
2.584000	20.469342	0.831773	4.585176	27.993299	0.351155	-2078.368047	
2.585000	20.410148	0.767004	4.581462	27.994203	0.214866	-2078.169618	
2.586000	20.186052	0.920829	4.578272	27.995738	0.105834	-2077.970987	
2.587000	20.498940	0.710331	4.575713	27.998167	0.214866	-2077.772038	
2.588000	20.465114	0.775100	4.573690	28.001518	0.253805	-2077.572704	
2.589000	20.477799	0.815580	4.572110	28.005589	0.226548	-2077.372974	
2.590000	20.465114	0.937022	4.571242	28.010173	0.105834	-2077.172903	
2.591000	20.575048	0.686043	4.571401	28.015183	0.152562	-2076.972618	
2.592000	20.410148	0.791292	4.572466	28.020588	0.261593	-2076.772286	
2.593000	20.473571	0.807484	4.574209	28.026391	0.129198	-2076.572081	
2.594000	20.198737	0.872253	4.576621	28.032730	0.152562	-2076.372169	
2.595000	20.486255	0.783196	4.579521	28.039711	0.055213	-2076.172675	
2.596000	20.443973	0.993694	4.582409	28.047221	0.304427	-2075.973678	
2.597000	20.452430	0.880349	4.584509	28.055165	0.179820	-2075.775202	
2.598000	20.304442	0.799388	4.584737	28.063710	0.109728	-2075.577214	
2.599000	20.490484	0.969406	4.582725	28.073126	0.047425	-2075.379616	
2.600000	20.367865	0.839869	4.579459	28.083449	0.179820	-2075.182260	0.000000
2.601000	20.473571	1.090847	4.576215	28.094480	0.238229	-2074.984972	
2.602000	20.422832	0.856061	4.573696	28.106002	0.148668	-2074.787578	
2.603000	20.498940	0.961310	4.572202	28.117913	0.265487	-2074.589939	
2.604000	20.443973	0.605082	4.571995	28.130170	0.195396	-2074.391960	
2.605000	20.465114	0.912733	4.573416	28.142767	0.273275	-2074.193592	
2.606000	20.342496	0.750812	4.576857	28.155844	0.183714	-2073.994843	
2.607000	20.503168	0.791292	4.582389	28.169508	0.078577	-2073.795795	
2.608000	20.494712	0.702235	4.589432	28.183642	0.261593	-2073.596590	
2.609000	20.448201	0.969406	4.597061	28.198141	0.105834	-2073.397396	
2.610000	20.338268	0.847965	4.604448	28.213162	0.160350	-2073.198390	
2.611000	20.520081	0.856061	4.610992	28.228960	0.218760	-2072.999730	
2.612000	20.482027	0.847965	4.616122	28.245563	0.195396	-2072.801530	
2.613000	20.414376	1.058463	4.619387	28.262768	0.331685	-2072.603854	
2.614000	20.477799	0.694139	4.620816	28.280363	0.059107	-2072.406716	
2.615000	20.401691	0.945118	4.620791	28.298247	0.168138	-2072.210074	
2.616000	20.473571	1.082751	4.619752	28.316371	0.273275	-2072.013817	
2.617000	20.334040	1.001790	4.618244	28.334731	0.222654	-2071.817787	
2.618000	20.249476	0.937022	4.616774	28.353478	0.195396	-2071.621806	
2.619000	20.469342	0.912733	4.615591	28.372720	0.269381	-2071.425706	
2.620000	20.503168	0.904637	4.614856	28.392338	0.425140	-2071.229359	
2.621000	20.422832	0.872253	4.614731	28.412222	0.316109	-2071.032682	
2.622000	20.308670	0.758908	4.615278	28.432524	0.133092	-2070.835641	
2.623000	20.536994	0.815580	4.616298	28.453491	0.086365	-2070.638258	
2.624000	20.384778	1.131328	4.617376	28.475140	0.179820	-2070.440621	
2.625000	20.498940	0.831773	4.618084	28.497268	0.249911	-2070.242874	
2.626000	20.494712	0.767004	4.618108	28.519662	0.105834	-2070.045193	
2.627000	20.630014	0.677947	4.617517	28.542209	0.160350	-2069.847760	
2.628000	20.482027	0.799388	4.616662	28.564854	0.183714	-2069.650727	
2.629000	20.431289	0.928926	4.615548	28.587598	0.218760	-2069.454192	
2.630000	20.312899	0.864157	4.613653	28.610598	0.101940	-2069.258205	
2.631000	20.439745	0.831773	4.610654	28.633969	0.090259	-2069.062762	
2.632000	20.405919	1.066559	4.606920	28.657594	0.253805	-2068.867795	
2.633000	20.477799	0.831773	4.603184	28.681363	0.160350	-2068.673173	
2.634000	20.334040	0.864157	4.600133	28.705419	0.136986	-2068.478728	
2.635000	20.562363	0.694139	4.598232	28.730002	0.160350	-2068.284284	
2.636000	20.346724	0.856061	4.597527	28.755122	0.234335	-2068.089679	
2.637000	20.418604	1.017982	4.597926	28.780583	0.386200	-2067.894791	
2.638000	20.393235	0.856061	4.599871	28.806172	0.117516	-2067.699548	
2.639000	20.511625	0.904637	4.603856	28.831768	0.253805	-2067.503933	
2.640000	20.418604	0.791292	4.609650	28.857302	0.187608	-2067.307992	
2.641000	20.498940	0.856061	4.616585	28.882770	0.183714	-2067.111833	
2.642000	20.418604	0.734620	4.623794	28.908327	0.090259	-2066.915613	
2.643000	20.469342	0.831773	4.630301	28.934088	0.144774	-2066.719514	
2.644000	20.494712	0.775100	4.635323	28.959932	0.343367	-2066.523709	
2.645000	20.460886	0.831773	4.638370	28.985742	0.066895	-2066.328330	
2.646000	20.456658	0.872253	4.639441	29.011652	0.152562	-2066.133460	
2.647000	20.469342	0.928926	4.638816	29.037886	0.210972	-2065.939132	
2.648000	20.448201	0.856061	4.636179	29.064451	0.226548	-2065.745318	
2.649000	20.384778	0.993694	4.631116	29.091157	0.133092	-2065.551931	
2.650000	20.528537	0.815580	4.624196	29.117802	0.043531	-2065.358832	
2.651000	20.439745	0.896541	4.616522	29.144268	0.074683	-2065.165862	
2.652000	20.448201	0.864157	4.609077	29.170488	0.222654	-2064.972852	
2.653000	20.329812	1.066559	4.602608	29.196465	0.370624	-2064.779647	
2.654000	20.274845	0.839869	4.597366	29.222368	0.140880	-2064.586136	
2.655000	20.312899	0.864157	4.593186	29.248315	0.378412	-2064.392259	
2.656000	20.494712	0.718427	4.590153	29.274183	0.355048	-2064.198012	
2.657000	20.494712	0.726523	4.588605	29.299845	0.234335	-2064.003459	
2.658000	20.414376	0.888445	4.588461	29.325428	0.074683	-2063.808730	
2.659000	20.498940	0.758908	4.589209	29.351145	0.156456	-2063.613989	
2.660000	20.410148	0.888445	4.590337	29.377000	0.339473	-2063.419412	
2.661000	20.456658	0.888445	4.591555	29.402804	0.249911	-2063.225156	
2.662000	20.380550	0.872253	4.592438	29.428358	0.160350	-2063.031340	
2.663000	20.558135	0.605082	4.592133	29.453537	0.156456	-2062.838040	
2.664000	20.528537	0.694139	4.590197	29.478273	0.105834	-2062.645278	
2.665000	20.452430	0.799388	4.586966	29.502573	0.195396	-2062.453007	
2.666000	20.393235	0.928926	4.582977	29.526611	0.160350	-2062.261121	
2.667000	20.465114	0.847965	4.578916	29.550510	0.078577	-2062.069474	
2.668000	20.414376	0.977502	4.575475	29.574156	0.222654	-2061.877896	
2.669000	20.443973	0.864157	4.573106	29.597433	0.207078	-2061.686217	
2.670000	20.376322	0.856061	4.572088	29.620461	-0.018773	-2061.494298	
2.671000	20.570820	0.645563	4.572817	29.643447	0.308321	-2061.302045	
2.672000	20.359409	1.026079	4.575794	29.666393	0.292745	-2061.109415	
2.673000	20.431289	1.001790	4.580686	29.689129	0.238229	-2060.916426	
2.674000	20.435517	0.937022	4.586356	29.711469	0.125304	-2060.723165	
2.675000	20.477799	0.945118	4.591866	29.733296	0.210972	-2060.529775	
2.676000	20.427060	0.880349	4.596588	29.754538	0.226548	-2060.336422	
2.677000	20.389006	0.864157	4.600051	29.775212	0.222654	-2060.143274	
2.678000	20.456658	0.807484	4.601968	29.795501	0.277169	-2059.950470	
2.679000	20.486255	1.001790	4.602156	29.815527	0.144774	-2059.758111	
2.680000	20.498940	0.807484	4.600361	29.835176	0.265487	-2059.566257	
2.681000	20.405919	1.050367	4.596458	29.854330	0.090259	-2059.374914	
2.682000	20.498940	0.758908	4.590783	29.873103	0.070789	-2059.184025	
2.683000	20.414376	0.985598	4.584018	29.891694	0.144774	-2058.993471	
2.684000	20.452430	0.831773	4.577033	29.910113	0.234335	-2058.803093	
2.685000	20.350953	0.904637	4.570605	29.928207	0.226548	-2058.612719	
2.686000	20.490484	0.694139	4.565268	29.945808	0.039637	-2058.422193	
2.687000	20.418604	1.009886	4.561738	29.962800	0.246017	-2058.231402	
2.688000	20.460886	1.074655	4.560917	29.979118	0.125304	-2058.040273	
2.689000	20.355181	0.985598	4.563225	29.994788	0.183714	-2057.848776	
2.690000	20.460886	0.945118	4.568374	30.010001	0.168138	-2057.656947	
2.691000	20.342496	1.034175	4.575458	30.024876	0.257699	-2057.464887	
2.692000	20.439745	0.896541	4.583102	30.039297	0.343367	-2057.272742	
2.693000	20.473571	0.677947	4.590115	30.053137	0.125304	-2057.080680	
2.694000	20.490484	0.888445	4.595917	30.066494	0.133092	-2056.888865	
2.695000	20.532766	0.807484	4.600269	30.079543	0.214866	-2056.697432	
2.696000	20.456658	1.017982	4.602990	30.092291	0.253805	-2056.506465	
2.697000	20.532766	0.896541	4.603983	30.104607	0.226548	-2056.316004	
2.698000	20.397463	0.864157	4.603313	30.116343	0.004591	-2056.126041	
2.699000	20.562363	0.750812	4.601187	30.127383	0.238229	-2055.936500	
2.700000	20.469342	0.750812	4.597979	30.137657	0.160350	-2055.747249	0.000000
2.701000	20.460886	0.783196	4.594240	30.147200	0.148668	-2055.558120	
2.702000	20.477799	0.823676	4.590518	30.156204	0.117516	-2055.368943	
2.703000	20.494712	0.815580	4.587200	30.164784	0.246017	-2055.179574	
2.704000	20.448201	0.937022	4.584666	30.172824	0.226548	-2054.989913	
2.705000	20.520081	0.718427	4.583471	30.180202	0.207078	-2054.799902	
2.706000	20.448201	0.807484	4.584047	30.187009	0.121410	-2054.609537	
2.707000	20.566591	0.613178	4.586311	30.193411	0.261593	-2054.418880	
2.708000	20.393235	0.961310	4.589712	30.199417	0.238229	-2054.228050	
2.709000	20.372094	0.872253	4.593495	30.204916	0.257699	-2054.037204	
2.710000	20.422832	0.831773	4.596962	30.209779	-0.034348	-2053.846518	
2.711000	20.528537	0.904637	4.599640	30.213893	0.214866	-2053.656155	
2.712000	20.405919	0.839869	4.601566	30.217194	0.136986	-2053.466231	
2.713000	20.355181	0.702235	4.603474	30.219738	0.214866	-2053.276807	
2.714000	20.477799	0.653659	4.606073	30.221736	0.168138	-2053.087893	
2.715000	20.443973	0.815580	4.609252	30.223300	0.187608	-2052.899446	
2.716000	20.545450	0.564602	4.612466	30.224310	0.238229	-2052.711366	
2.717000	20.498940	0.888445	4.615357	30.224637	0.242123	-2052.523510	
2.718000	20.655384	0.831773	4.617683	30.224363	0.066895	-2052.335722	
2.719000	20.477799	0.734620	4.619287	30.223645	0.156456	-2052.147846	
2.720000	20.405919	0.969406	4.620239	30.222493	0.203184	-2051.959754	
2.721000	20.287529	0.880349	4.621027	30.220815	0.090259	-2051.771359	
2.722000	20.439745	0.613178	4.622618	30.218503	-0.088864	-2051.582625	
2.723000	20.439745	0.750812	4.625415	30.215449	0.300533	-2051.393568	
2.724000	20.524309	0.807484	4.628818	30.211591	0.168138	-2051.204270	
2.725000	20.304442	0.823676	4.632157	30.206990	0.172032	-2051.014865	
2.726000	20.562363	0.791292	4.634947	30.201851	0.175926	-2050.825515	
2.727000	20.291758	0.856061	4.636780	30.196281	0.277169	-2050.636389	
2.728000	20.427060	1.034175	4.637517	30.190159	0.214866	-2050.447629	
2.729000	20.422832	0.742716	4.637193	30.183351	0.226548	-2050.259329	
2.730000	20.575048	0.734620	4.635558	30.175924	0.133092	-2050.071540	
2.731000	20.498940	0.799388	4.632078	30.168021	0.210972	-2049.884258	
2.732000	20.422832	1.042271	4.626769	30.159656	0.284957	-2049.697415	
2.733000	20.414376	0.823676	4.620508	30.150762	0.257699	-2049.510892	
2.734000	20.469342	0.799388	4.614386	30.141252	0.024061	-2049.324540	
2.735000	20.494712	0.637467	4.609206	30.131020	0.226548	-2049.138200	
2.736000	20.439745	0.783196	4.605517	30.119999	0.094153	-2048.951718	
2.737000	20.410148	0.742716	4.603669	30.108264	0.210972	-2048.764966	
2.738000	20.460886	0.799388	4.603629	30.096031	0.109728	-2048.577865	
2.739000	20.511625	0.758908	4.605185	30.083410	0.125304	-2048.390388	
2.740000	20.422832	1.066559	4.608288	30.070280	0.175926	-2048.202573	
2.741000	20.507396	0.718427	4.612694	30.056509	0.027955	-2048.014526	
2.742000	20.515853	0.856061	4.617739	30.042159	0.098047	-2047.826398	
2.743000	20.460886	0.856061	4.622744	30.027363	0.090259	-2047.638359	
2.744000	20.350953	1.147520	4.627245	30.012138	0.214866	-2047.450568	
2.745000	20.291758	0.839869	4.630941	29.996432	0.160350	-2047.263151	
2.746000	20.384778	0.993694	4.633913	29.980169	0.027955	-2047.076191	
2.747000	20.507396	1.098943	4.636502	29.963247	0.296639	-2046.889729	
2.748000	20.477799	0.758908	4.638588	29.945603	0.148668	-2046.703751	
2.749000	20.236791	0.839869	4.639661	29.927336	0.296639	-2046.518176	
2.750000	20.524309	0.702235	4.639625	29.908685	0.187608	-2046.332863	
2.751000	20.435517	0.823676	4.638809	29.889754	0.273275	-2046.147647	
2.752000	20.460886	0.888445	4.637500	29.870413	0.129198	-2045.962362	
2.753000	20.460886	0.823676	4.635929	29.850523	0.098047	-2045.776862	
2.754000	20.591961	0.839869	4.634434	29.830130	-0.014879	-2045.591044	
2.755000	20.575048	0.710331	4.633422	29.809355	0.156456	-2045.404855	
2.756000	20.477799	0.815580	4.633073	29.788226	0.195396	-2045.218290	
2.757000	20.329812	0.864157	4.633284	29.766730	0.129198	-2045.031415	
2.758000	20.456658	0.734620	4.633858	29.744830	-0.022667	-2044.844365	
2.759000	20.422832	0.920829	4.634457	29.722433	0.191502	-2044.657308	
2.760000	20.498940	0.767004	4.634653	29.699482	0.172032	-2044.470418	
2.761000	20.249476	0.977502	4.634138	29.676092	0.144774	-2044.283846	
2.762000	20.536994	0.702235	4.632832	29.652516	0.105834	-2044.097703	
2.763000	20.384778	0.977502	4.631263	29.628858	0.117516	-2043.912052	
2.764000	20.435517	0.864157	4.630467	29.604980	0.308321	-2043.726909	
2.765000	20.393235	0.694139	4.630824	29.580739	0.172032	-2043.542231	
2.766000	20.566591	0.669851	4.631759	29.556165	0.035743	-2043.357911	
2.767000	20.452430	0.856061	4.632738	29.531358	0.187608	-2043.173800	
2.768000	20.443973	1.074655	4.633679	29.506336	0.277169	-2042.989718	
2.769000	20.300214	0.937022	4.634757	29.481107	0.144774	-2042.805496	
2.770000	20.469342	0.775100	4.636248	29.455654	-0.057712	-2042.621002	
2.771000	20.503168	0.920829	4.638104	29.429878	0.183714	-2042.436159	
2.772000	20.494712	0.945118	4.639435	29.403716	-0.003197	-2042.250932	
2.773000	20.367865	0.872253	4.638910	29.377290	0.214866	-2042.065334	
2.774000	20.553907	1.107039	4.635985	29.350854	0.082471	-2041.879442	
2.775000	20.448201	0.775100	4.631072	29.324505	0.253805	-2041.693392	
2.776000	20.439745	1.074655	4.624805	29.298104	0.257699	-2041.507351	
2.777000	20.498940	0.767004	4.617894	29.271503	0.168138	-2041.321490	
2.778000	20.562363	0.856061	4.610986	29.244722	0.098047	-2041.135959	
2.779000	20.490484	0.653659	4.604399	29.217850	0.140880	-2040.950863	
2.780000	20.380550	1.220385	4.598256	29.190911	0.304427	-2040.766249	
2.781000	20.274845	0.969406	4.592607	29.163938	0.172032	-2040.582111	
2.782000	20.287529	0.872253	4.587506	29.136935	0.144774	-2040.398385	
2.783000	20.503168	0.702235	4.583164	29.109806	0.273275	-2040.214952	
2.784000	20.439745	0.839869	4.579917	29.082484	0.183714	-2040.031653	
2.785000	20.308670	0.847965	4.578060	29.055111	0.316109	-2039.848312	
2.786000	20.553907	0.928926	4.577723	29.027953	0.238229	-2039.664770	
2.787000	20.448201	1.001790	4.578809	29.001103	0.164244	-2039.480906	
2.788000	20.414376	1.107039	4.580847	28.974410	0.175926	-2039.296651	
2.789000	20.456658	0.758908	4.583050	28.947711	0.175926	-2039.111983	
2.790000	20.562363	0.977502	4.584963	28.921010	0.000697	-2038.926945	
2.791000	20.587732	0.815580	4.586675	28.894376	0.140880	-2038.741646	
2.792000	20.465114	0.823676	4.588239	28.867832	0.179820	-2038.556237	
2.793000	20.274845	0.831773	4.589574	28.841435	0.183714	-2038.370896	
2.794000	20.460886	0.896541	4.590668	28.815212	0.066895	-2038.185800	
2.795000	20.456658	0.969406	4.591459	28.789075	0.242123	-2038.001093	
2.796000	20.401691	0.815580	4.591845	28.762955	0.051319	-2037.816864	
2.797000	20.228334	0.912733	4.591938	28.736995	0.105834	-2037.633147	
2.798000	20.558135	0.750812	4.592128	28.711457	0.125304	-2037.449920	
2.799000	20.414376	0.686043	4.592664	28.686419	0.218760	-2037.267099	
2.800000	20.410148	0.750812	4.593467	28.661726	0.288851	-2037.084545	0.000000
2.801000	20.380550	0.977502	4.594253	28.637209	0.242123	-2036.902095	
2.802000	20.570820	0.904637	4.594390	28.612853	0.160350	-2036.719582	
2.803000	20.410148	0.912733	4.593327	28.588708	0.246017	-2036.536856	
2.804000	20.435517	0.880349	4.591387	28.564790	0.195396	-2036.353809	
2.805000	20.109945	0.807484	4.589647	28.541169	0.164244	-2036.170377	
2.806000	20.486255	0.815580	4.589108	28.517887	0.051319	-2035.986559	
2.807000	20.486255	0.831773	4.590047	28.494846	0.234335	-2035.802423	
2.808000	20.532766	0.750812	4.592009	28.471971	0.210972	-2035.618095	
2.809000	20.312899	0.953214	4.594274	28.449413	0.195396	-2035.433738	
2.810000	20.617330	0.872253	4.596271	28.427441	0.047425	-2035.249530	
2.811000	20.384778	0.904637	4.597614	28.406126	0.179820	-2035.065633	
2.812000	20.431289	0.807484	4.598144	28.385299	0.133092	-2034.882170	
2.813000	20.460886	0.443161	4.598140	28.364783	0.191502	-2034.699211	
2.814000	20.617330	0.823676	4.598380	28.344547	0.031849	-2034.516777	
2.815000	20.452430	0.718427	4.599759	28.324627	0.199290	-2034.334829	
2.816000	20.359409	1.131328	4.602446	28.305036	0.292745	-2034.153262	
2.817000	20.262160	0.896541	4.605839	28.285850	0.246017	-2033.971924	
2.818000	20.321355	0.896541	4.609384	28.267117	0.027955	-2033.790644	
2.819000	20.427060	0.742716	4.612788	28.248735	0.230441	-2033.609253	
2.820000	20.414376	0.856061	4.615921	28.230626	0.269381	-2033.427607	
2.821000	20.346724	0.767004	4.618920	28.212941	0.300533	-2033.245603	
2.822000	20.549678	0.588890	4.622015	28.195947	0.308321	-2033.063191	
2.823000	20.410148	0.767004	4.625116	28.179707	0.292745	-2032.880377	
2.824000	20.393235	0.969406	4.627871	28.164046	0.284957	-2032.697244	
2.825000	20.456658	0.742716	4.629922	28.148775	-0.007091	-2032.513939	
2.826000	20.532766	0.831773	4.630927	28.133853	0.039637	-2032.330642	
2.827000	20.524309	0.799388	4.630788	28.119291	0.117516	-2032.147532	
2.828000	20.477799	0.847965	4.629700	28.105091	0.249911	-2031.964763	
2.829000	20.287529	0.686043	4.627551	28.091335	0.148668	-2031.782441	
2.830000	20.486255	0.613178	4.623697	28.078080	0.082471	-2031.600634	
2.831000	20.520081	0.710331	4.617894	28.065224	0.234335	-2031.419360	
2.832000	20.418604	0.904637	4.610846	28.052688	0.078577	-2031.238568	
2.833000	20.257932	0.928926	4.603684	28.040645	0.230441	-2031.058138	
2.834000	20.503168	0.750812	4.597524	28.029371	0.160350	-2030.877909	
2.835000	20.397463	0.815580	4.593050	28.018923	0.351155	-2030.697698	
2.836000	20.427060	0.791292	4.590240	28.009115	0.300533	-2030.517335	
2.837000	20.401691	0.880349	4.588802	27.999755	0.288851	-2030.336687	
2.838000	20.617330	0.653659	4.588588	27.990784	0.094153	-2030.155673	
2.839000	20.494712	0.912733	4.589677	27.982201	0.238229	-2029.974266	
2.840000	20.414376	0.961310	4.592193	27.974013	0.304427	-2029.792497	
2.841000	20.147998	0.920829	4.595844	27.966333	0.292745	-2029.610467	
2.842000	20.448201	0.775100	4.599903	27.959249	0.094153	-2029.428329	
2.843000	20.422832	0.564602	4.603716	27.952651	0.238229	-2029.246260	
2.844000	20.511625	0.726523	4.606889	27.946449	0.253805	-2029.064430	
2.845000	20.266388	0.856061	4.609031	27.940810	0.210972	-2028.882977	
2.846000	20.630014	0.710331	4.609893	27.936008	0.156456	-2028.701992	
2.847000	20.410148	0.969406	4.609877	27.932092	0.168138	-2028.521523	
2.848000	20.456658	0.742716	4.609659	27.928875	0.175926	-2028.341559	
2.849000	20.414376	0.564602	4.609440	27.926160	-0.010985	-2028.162027	
2.850000	20.549678	0.807484	4.609080	27.923879	0.172032	-2027.982797	
2.851000	20.494712	0.710331	4.608553	27.922021	0.195396	-2027.803705	
2.852000	20.422832	0.969406	4.607953	27.920589	0.257699	-2027.624570	
2.853000	20.194509	0.823676	4.607371	27.919711	0.210972	-2027.445234	
2.854000	20.443973	0.864157	4.606940	27.919481	0.101940	-2027.265588	
2.855000	20.279073	0.783196	4.606879	27.919793	0.355048	-2027.085568	
2.856000	20.427060	0.775100	4.607404	27.920557	0.222654	-2026.905163	
2.857000	20.249476	0.985598	4.608557	27.921943	0.136986	-2026.724422	
2.858000	20.549678	0.847965	4.610102	27.924216	0.261593	-2026.543457	
2.859000	20.414376	0.718427	4.611539	27.927412	0.292745	-2026.362422	
2.860000	20.431289	1.009886	4.612348	27.931331	0.172032	-2026.181490	
2.861000	20.494712	0.815580	4.612304	27.935764	0.214866	-2026.000831	
2.862000	20.473571	0.694139	4.611515	27.940623	0.172032	-2025.820579	
2.863000	20.448201	0.726523	4.610173	27.945878	0.136986	-2025.640818	
2.864000	20.456658	0.920829	4.608459	27.951527	0.218760	-2025.461573	
2.865000	20.325583	0.718427	4.606627	27.957700	0.234335	-2025.282808	
2.866000	20.397463	0.839869	4.604894	27.964496	0.086365	-2025.104428	
2.867000	20.482027	0.823676	4.603383	27.971804	0.249911	-2024.926295	
2.868000	20.443973	0.872253	4.602212	27.979531	0.136986	-2024.748246	
2.869000	20.304442	0.815580	4.601510	27.987845	0.214866	-2024.570110	
2.870000	20.503168	0.726523	4.601416	27.997014	0.234335	-2024.391743	
2.871000	20.355181	0.856061	4.601919	28.007072	0.327791	-2024.213044	
2.872000	20.401691	0.969406	4.602678	28.017821	0.269381	-2024.033954	
2.873000	20.350953	0.831773	4.603333	28.029050	0.164244	-2023.854473	
2.874000	20.473571	0.775100	4.603857	28.040662	0.187608	-2023.674676	
2.875000	20.486255	0.823676	4.604290	28.052616	0.203184	-2023.494696	
2.876000	20.435517	0.888445	4.604455	28.064906	0.323897	-2023.314698	
2.877000	20.211422	0.815580	4.604126	28.077674	0.277169	-2023.134854	
2.878000	20.435517	0.694139	4.603080	28.091026	0.292745	-2022.955319	
2.879000	20.452430	0.864157	4.601325	28.104845	0.148668	-2022.776207	
2.880000	20.477799	0.613178	4.599553	28.119025	0.238229	-2022.597581	
2.881000	20.219878	0.831773	4.598498	28.133719	0.082471	-2022.419454	
2.882000	20.638471	0.767004	4.598162	28.149181	0.008485	-2022.241773	
2.883000	20.448201	0.799388	4.598270	28.165433	0.195396	-2022.064424	
2.884000	20.498940	0.815580	4.598687	28.182276	0.117516	-2021.887258	
2.885000	20.397463	0.839869	4.599315	28.199500	0.164244	-2021.710111	
2.886000	20.507396	0.896541	4.600164	28.217006	0.070789	-2021.532827	
2.887000	20.422832	0.945118	4.601373	28.234751	0.191502	-2021.355282	
2.888000	20.439745	0.953214	4.603102	28.252736	0.140880	-2021.177389	
2.889000	20.241019	0.807484	4.605490	28.271116	0.210972	-2020.999114	
2.890000	20.435517	0.912733	4.608451	28.290006	0.109728	-2020.820483	
2.891000	20.380550	0.920829	4.611585	28.309292	0.316109	-2020.641595	
2.892000	20.427060	0.823676	4.614390	28.328867	0.234335	-2020.462598	
2.893000	20.291758	0.888445	4.616462	28.348878	0.129198	-2020.283664	
2.894000	20.507396	0.928926	4.617603	28.369566	0.210972	-2020.104962	
2.895000	20.422832	0.864157	4.617665	28.390940	0.362836	-2019.926629	
2.896000	20.439745	0.977502	4.616211	28.412796	0.136986	-2019.748753	
2.897000	20.536994	0.726523	4.612253	28.434919	0.144774	-2019.571383	
2.898000	20.524309	0.734620	4.605017	28.457197	0.160350	-2019.394518	
2.899000	20.642699	0.775100	4.595154	28.479575	0.218760	-2019.218091	
2.900000	20.443973	0.969406	4.584383	28.502050	0.136986	-2019.041977	0.000000
2.901000	20.401691	0.856061	4.574260	28.524779	0.051319	-2018.866012	
2.902000	20.401691	0.985598	4.565571	28.547875	0.136986	-2018.690029	
2.903000	20.465114	0.750812	4.558426	28.571225	0.187608	-2018.513877	
2.904000	20.325583	0.815580	4.552927	28.594714	0.226548	-2018.337443	
2.905000	20.393235	0.767004	4.549650	28.618489	0.098047	-2018.160661	
2.906000	20.520081	0.864157	4.549369	28.642780	0.172032	-2017.983517	
2.907000	20.465114	0.928926	4.552420	28.667598	0.312215	-2017.806066	
2.908000	20.380550	1.042271	4.558349	28.692751	0.242123	-2017.628427	
2.909000	20.427060	0.912733	4.566113	28.718032	0.136986	-2017.450758	
2.910000	20.427060	0.888445	4.574624	28.743324	0.168138	-2017.273237	
2.911000	20.456658	0.969406	4.583132	28.768559	0.214866	-2017.096027	
2.912000	20.435517	0.823676	4.591145	28.793733	0.261593	-2016.919245	
2.913000	20.342496	0.710331	4.598121	28.819001	0.230441	-2016.742966	
2.914000	20.490484	0.807484	4.603403	28.844481	0.136986	-2016.567221	
2.915000	20.473571	0.945118	4.606442	28.870053	0.242123	-2016.391991	
2.916000	20.414376	0.831773	4.607151	28.895596	0.113622	-2016.217188	
2.917000	20.372094	0.928926	4.606070	28.921243	0.148668	-2016.042671	
2.918000	20.566591	0.783196	4.604001	28.947215	0.063001	-2015.868275	
2.919000	20.486255	0.896541	4.601662	28.973520	0.195396	-2015.693828	
2.920000	20.486255	0.831773	4.599630	28.999970	0.136986	-2015.519187	
2.921000	20.397463	0.864157	4.598001	29.026364	0.000697	-2015.344262	
2.922000	20.520081	0.799388	4.596504	29.052584	0.175926	-2015.169013	
2.923000	20.469342	0.872253	4.595383	29.078562	0.101940	-2014.993451	
2.924000	20.414376	0.928926	4.595213	29.104303	0.210972	-2014.817645	
2.925000	20.308670	0.880349	4.595955	29.129975	0.203184	-2014.641725	
2.926000	20.435517	0.847965	4.597215	29.155700	0.152562	-2014.465855	
2.927000	20.431289	0.758908	4.598959	29.181363	0.234335	-2014.290208	
2.928000	20.422832	0.807484	4.601378	29.206845	0.269381	-2014.114937	
2.929000	20.363637	0.726523	4.604468	29.232277	0.160350	-2013.940149	
2.930000	20.587732	0.839869	4.607959	29.257877	0.230441	-2013.765901	
2.931000	20.460886	0.912733	4.611363	29.283656	0.382306	-2013.592197	
2.932000	20.393235	1.017982	4.614178	29.309429	0.273275	-2013.418976	
2.933000	20.422832	0.831773	4.616229	29.334999	0.117516	-2013.246122	
2.934000	20.524309	0.815580	4.617673	29.360245	0.027955	-2013.073482	
2.935000	20.507396	0.677947	4.618776	29.385096	0.191502	-2012.900884	
2.936000	20.498940	0.799388	4.619801	29.409554	0.129198	-2012.728160	
2.937000	20.507396	0.718427	4.620966	29.433788	0.133092	-2012.555179	
2.938000	20.482027	0.872253	4.622239	29.457918	0.203184	-2012.381867	
2.939000	20.452430	0.904637	4.623238	29.481830	0.253805	-2012.208199	
2.940000	20.372094	0.775100	4.623590	29.505408	0.179820	-2012.034203	
2.941000	20.524309	0.710331	4.623249	29.528778	0.055213	-2011.859973	
2.942000	20.494712	0.767004	4.622252	29.552151	0.148668	-2011.685653	
2.943000	20.452430	0.775100	4.620471	29.575537	0.277169	-2011.511409	
2.944000	20.376322	1.001790	4.617722	29.598766	0.090259	-2011.337408	
2.945000	20.460886	0.953214	4.614013	29.621651	0.035743	-2011.163789	
2.946000	20.393235	0.896541	4.609950	29.644075	0.210972	-2010.990649	
2.947000	20.418604	0.783196	4.606519	29.665969	0.156456	-2010.818029	
2.948000	20.342496	0.977502	4.604084	29.687343	0.304427	-2010.645913	
2.949000	20.507396	0.985598	4.602287	29.708370	0.253805	-2010.474215	
2.950000	20.389006	0.767004	4.600833	29.729171	0.300533	-2010.302801	
2.951000	20.486255	0.856061	4.599672	29.749628	0.362836	-2010.131507	
2.952000	20.456658	0.831773	4.598594	29.769619	0.152562	-2009.960159	
2.953000	20.541222	0.823676	4.597267	29.789258	0.078577	-2009.788603	
2.954000	20.511625	0.758908	4.595639	29.808742	0.121410	-2009.616728	
2.955000	20.443973	1.026079	4.593814	29.828077	0.187608	-2009.444464	
2.956000	20.422832	0.758908	4.592044	29.847100	0.172032	-2009.271798	
2.957000	20.443973	0.718427	4.590913	29.865634	0.043531	-2009.098788	
2.958000	20.566591	0.661755	4.590770	29.883565	0.210972	-2008.925560	
2.959000	20.443973	0.864157	4.591301	29.900826	0.020167	-2008.752276	
2.960000	20.443973	0.896541	4.591961	29.917442	0.179820	-2008.579112	
2.961000	20.405919	0.807484	4.592630	29.933594	0.199290	-2008.406232	
2.962000	20.418604	0.807484	4.593619	29.949405	0.257699	-2008.233763	
2.963000	20.346724	0.888445	4.595037	29.964761	0.432928	-2008.061776	
2.964000	20.503168	0.750812	4.596638	29.979546	0.300533	-2007.890292	
2.965000	20.389006	0.783196	4.598067	29.993868	0.168138	-2007.719275	
2.966000	20.541222	0.629370	4.598952	30.007913	0.230441	-2007.548629	
2.967000	20.427060	1.034175	4.599200	30.021686	0.300533	-2007.378201	
2.968000	20.427060	0.888445	4.599046	30.035042	0.210972	-2007.207821	
2.969000	20.367865	0.896541	4.598617	30.047817	0.055213	-2007.037319	
2.970000	20.486255	0.847965	4.597655	30.059897	0.257699	-2006.866560	
2.971000	20.435517	0.686043	4.595897	30.071213	0.074683	-2006.695447	
2.972000	20.486255	0.783196	4.593881	30.081795	0.078577	-2006.523922	
2.973000	20.473571	0.831773	4.592836	30.091836	0.094153	-2006.351983	
2.974000	20.456658	0.734620	4.593397	30.101455	0.218760	-2006.179705	
2.975000	20.486255	0.937022	4.595154	30.110537	0.230441	-2006.007228	
2.976000	20.456658	0.815580	4.597386	30.118964	0.136986	-2005.834727	
2.977000	20.503168	0.734620	4.599695	30.126834	0.016273	-2005.662385	
2.978000	20.473571	0.864157	4.601964	30.134328	0.156456	-2005.490363	
2.979000	20.431289	0.823676	4.604035	30.141461	0.199290	-2005.318767	
2.980000	20.376322	1.001790	4.605561	30.148118	0.296639	-2005.147653	
2.981000	20.443973	0.847965	4.606082	30.154165	-0.046030	-2004.977030	
2.982000	20.431289	0.920829	4.605412	30.159497	0.257699	-2004.806852	
2.983000	20.410148	0.791292	4.603875	30.164055	0.156456	-2004.637003	
2.984000	20.325583	0.896541	4.602037	30.167891	0.242123	-2004.467324	
2.985000	20.515853	0.815580	4.600461	30.171207	0.187608	-2004.297634	
2.986000	20.367865	0.912733	4.599546	30.174115	0.378412	-2004.127762	
2.987000	20.439745	0.945118	4.599286	30.176494	0.331685	-2003.957572	
2.988000	20.469342	0.880349	4.599329	30.178216	0.175926	-2003.786981	
2.989000	20.630014	0.742716	4.599152	30.179364	0.000697	-2003.615958	
2.990000	20.536994	0.831773	4.598306	30.180099	0.249911	-2003.444537	
2.991000	20.486255	0.993694	4.596728	30.180430	0.284957	-2003.272816	
2.992000	20.380550	0.847965	4.594590	30.180247	0.121410	-2003.100948	
2.993000	20.465114	0.953214	4.592078	30.179423	-0.034348	-2002.929116	
2.994000	20.452430	0.823676	4.589573	30.177848	0.195396	-2002.757502	
2.995000	20.469342	0.896541	4.587538	30.175460	0.210972	-2002.586254	
2.996000	20.410148	1.026079	4.586001	30.172326	0.133092	-2002.415466	
2.997000	20.541222	0.839869	4.584293	30.168665	0.222654	-2002.245183	
2.998000	20.435517	0.815580	4.581598	30.164602	0.273275	-2002.075399	
2.999000	20.418604	1.050367	4.577798	30.160025	0.288851	-2001.906042	
3.000000	20.439745	0.758908	4.573517	30.154811	0.226548	-2001.736978	0.000000
3.001000	20.418604	1.009886	4.569535	30.149040	0.043531	-2001.568040	
3.002000	20.498940	0.856061	4.566379	30.142861	0.191502	-2001.399048	
3.003000	20.443973	1.107039	4.564342	30.136286	0.265487	-2001.229833	
3.004000	20.443973	0.977502	4.563694	30.129221	0.172032	-2001.060271	
3.005000	20.393235	0.896541	4.564648	30.121558	0.101940	-2000.890295	
3.006000	20.532766	0.815580	4.567464	30.113190	0.207078	-2000.719899	
3.007000	20.456658	0.872253	4.572544	30.104053	0.125304	-2000.549139	
3.008000	20.422832	0.961310	4.579748	30.094209	0.125304	-2000.378134	
3.009000	20.528537	0.896541	4.588068	30.083870	0.292745	-2000.207044	
3.010000	20.482027	0.856061	4.596315	30.073147	0.094153	-2000.036053	
3.011000	20.494712	1.058463	4.603665	30.061920	0.257699	-1999.865334	
3.012000	20.460886	0.726523	4.609618	30.050061	0.226548	-1999.695025	
3.013000	20.625786	0.702235	4.613806	30.037641	0.082471	-1999.525216	
3.014000	20.528537	0.702235	4.615916	30.024805	0.136986	-1999.355944	
3.015000	20.418604	0.880349	4.615893	30.011571	0.179820	-1999.187182	
3.016000	20.359409	0.969406	4.614163	29.997883	0.246017	-1999.018832	
3.017000	20.427060	0.750812	4.611528	29.983669	-0.018773	-1998.850750	
3.018000	20.477799	0.928926	4.608792	29.968831	0.335579	-1998.682765	
3.019000	20.443973	0.718427	4.606569	29.953312	0.164244	-1998.514700	
3.020000	20.295986	0.969406	4.605197	29.937196	0.203184	-1998.346401	
3.021000	20.498940	0.750812	4.604668	29.920705	0.323897	-1998.177761	
3.022000	20.401691	0.823676	4.604908	29.903945	0.257699	-1998.008725	
3.023000	20.435517	1.042271	4.606012	29.886790	0.312215	-1997.839296	
3.024000	20.321355	0.839869	4.608022	29.869104	0.257699	-1997.669548	
3.025000	20.617330	0.847965	4.610674	29.850940	-0.030454	-1997.499617	
3.026000	20.524309	0.710331	4.613499	29.832426	0.210972	-1997.329677	
3.027000	20.486255	0.961310	4.616074	29.813574	0.320003	-1997.159909	
3.028000	20.359409	0.880349	4.618037	29.794326	0.203184	-1996.990479	
3.029000	20.469342	0.937022	4.619010	29.774606	-0.018773	-1996.821512	
3.030000	20.431289	0.872253	4.618323	29.754313	0.168138	-1996.653089	
3.031000	20.448201	0.993694	4.614932	29.733391	0.098047	-1996.485225	
3.032000	20.346724	0.856061	4.608435	29.711945	0.156456	-1996.317866	
3.033000	20.591961	0.742716	4.599852	29.690219	0.253805	-1996.150892	
3.034000	20.469342	0.686043	4.590910	29.668328	0.234335	-1995.984146	
3.035000	20.405919	0.969406	4.583007	29.646147	0.253805	-1995.817451	
3.036000	20.448201	0.847965	4.576921	29.623543	0.136986	-1995.650633	
3.037000	20.503168	0.920829	4.573017	29.600562	0.055213	-1995.483559	
3.038000	20.401691	0.677947	4.571394	29.577321	0.277169	-1995.316140	
3.039000	20.384778	1.155616	4.571868	29.553840	0.355048	-1995.148330	
3.040000	20.367865	0.839869	4.574023	29.530101	0.277169	-1994.980144	
3.041000	20.283301	0.815580	4.577408	29.506062	0.082471	-1994.811670	
3.042000	20.528537	0.815580	4.581565	29.481623	0.339473	-1994.643057	
3.043000	20.448201	0.831773	4.585955	29.456723	0.121410	-1994.474480	
3.044000	20.359409	0.839869	4.590176	29.431477	0.203184	-1994.306116	
3.045000	20.549678	0.726523	4.594186	29.406131	0.160350	-1994.138113	
3.046000	20.507396	0.953214	4.598016	29.380785	0.136986	-1993.970572	
3.047000	20.422832	1.147520	4.601167	29.355300	0.335579	-1993.803544	
3.048000	20.473571	0.686043	4.602694	29.329531	0.207078	-1993.637023	
3.049000	20.494712	0.726523	4.602178	29.303513	-0.123910	-1993.470945	
3.050000	20.507396	0.734620	4.600137	29.277357	0.218760	-1993.305187	
3.051000	20.448201	1.026079	4.597482	29.251090	0.195396	-1993.139587	
3.052000	20.295986	0.953214	4.594963	29.224719	0.140880	-1992.973968	
3.053000	20.397463	0.783196	4.593015	29.198227	0.133092	-1992.808169	
3.054000	20.427060	0.823676	4.592058	29.171521	0.281063	-1992.642067	
3.055000	20.439745	0.742716	4.592473	29.144543	0.183714	-1992.475579	
3.056000	20.279073	0.807484	4.594157	29.117419	0.183714	-1992.308670	
3.057000	20.566591	0.710331	4.596718	29.090407	0.195396	-1992.141374	
3.058000	20.452430	1.042271	4.599821	29.063601	0.323897	-1991.973797	
3.059000	20.486255	1.001790	4.603109	29.036858	0.277169	-1991.806095	
3.060000	20.367865	1.001790	4.606147	29.010024	0.304427	-1991.638445	
3.061000	20.532766	0.904637	4.608467	28.983116	0.160350	-1991.471021	
3.062000	20.431289	0.831773	4.609612	28.956216	0.160350	-1991.303962	
3.063000	20.553907	0.912733	4.609303	28.929338	0.273275	-1991.137351	
3.064000	20.270617	0.831773	4.607689	28.902506	0.249911	-1990.971223	
3.065000	20.524309	0.718427	4.605262	28.875720	0.000697	-1990.805566	
3.066000	20.477799	1.163712	4.602483	28.848885	0.281063	-1990.640304	
3.067000	20.422832	0.783196	4.599691	28.821939	0.199290	-1990.475299	
3.068000	20.262160	0.839869	4.597336	28.795018	0.078577	-1990.310380	
3.069000	20.562363	0.864157	4.595983	28.768381	0.191502	-1990.145367	
3.070000	20.435517	0.775100	4.595860	28.742115	0.339473	-1989.980105	
3.071000	20.439745	0.880349	4.596653	28.716069	0.238229	-1989.814480	
3.072000	20.410148	0.888445	4.597997	28.690084	0.144774	-1989.648430	
3.073000	20.553907	0.977502	4.599740	28.664167	0.055213	-1989.481951	
3.074000	20.439745	0.694139	4.601658	28.638392	0.199290	-1989.315109	
3.075000	20.342496	1.098943	4.603310	28.612784	0.308321	-1989.148030	
3.076000	20.262160	0.831773	4.604291	28.587391	0.308321	-1988.980874	
3.077000	20.389006	0.928926	4.604372	28.562237	0.043531	-1988.813817	
3.078000	20.473571	0.710331	4.603458	28.537222	0.300533	-1988.647024	
3.079000	20.431289	1.001790	4.601614	28.512273	0.133092	-1988.480612	
3.080000	20.321355	0.928926	4.599026	28.487527	0.109728	-1988.314650	
3.081000	20.562363	0.686043	4.595592	28.463241	0.246017	-1988.149154	
3.082000	20.452430	0.767004	4.590754	28.439494	0.148668	-1987.984084	
3.083000	20.431289	0.993694	4.584378	28.416123	0.234335	-1987.819334	
3.084000	20.490484	0.775100	4.577355	28.392958	0.113622	-1987.654758	
3.085000	20.498940	0.677947	4.570871	28.369990	0.121410	-1987.490192	
3.086000	20.507396	0.726523	4.565707	28.347271	0.168138	-1987.325472	
3.087000	20.418604	0.993694	4.562226	28.324817	0.238229	-1987.160465	
3.088000	20.334040	1.107039	4.560642	28.302688	0.316109	-1986.995083	
3.089000	20.397463	0.783196	4.561490	28.280919	0.164244	-1986.829294	
3.090000	20.439745	0.856061	4.565577	28.259414	0.331685	-1986.663122	
3.091000	20.435517	0.912733	4.572908	28.238104	0.238229	-1986.496647	
3.092000	20.219878	0.920829	4.582229	28.217146	0.222654	-1986.330005	
3.093000	20.503168	0.758908	4.591962	28.196811	0.183714	-1986.163357	
3.094000	20.443973	0.904637	4.600954	28.177169	0.312215	-1985.996871	
3.095000	20.511625	0.969406	4.608589	28.158048	0.320003	-1985.830688	
3.096000	20.372094	1.066559	4.614526	28.139269	0.195396	-1985.664908	
3.097000	20.524309	0.847965	4.618124	28.120806	0.125304	-1985.499590	
3.098000	20.431289	0.912733	4.618741	28.102695	0.226548	-1985.334739	
3.099000	20.443973	1.026079	4.616558	28.084951	0.269381	-1985.170291	
3.100000	20.198737	0.904637	4.612478	28.067664	0.164244	-1985.006118	0.000000
3.101000	20.503168	0.734620	4.607523	28.050895	0.090259	-1984.842064	
3.102000	20.486255	0.823676	4.602373	28.034541	0.292745	-1984.677964	
3.103000	20.549678	0.718427	4.597289	28.018525	0.168138	-1984.513662	
3.104000	20.186052	0.993694	4.592559	28.003007	0.168138	-1984.349041	
3.105000	20.575048	0.661755	4.588841	27.988262	0.055213	-1984.184029	
3.106000	20.376322	1.042271	4.586992	27.974352	0.246017	-1984.018609	
3.107000	20.452430	1.009886	4.587521	27.961097	0.238229	-1983.852821	
3.108000	20.393235	0.937022	4.590179	27.948311	0.101940	-1983.686774	
3.109000	20.545450	0.880349	4.594166	27.935953	0.160350	-1983.520620	
3.110000	20.431289	0.904637	4.598614	27.924044	0.172032	-1983.354534	
3.111000	20.380550	1.001790	4.602746	27.912590	0.273275	-1983.188680	
3.112000	20.241019	0.864157	4.605889	27.901676	0.207078	-1983.023190	
3.113000	20.376322	0.758908	4.607582	27.891352	0.090259	-1982.858153	
3.114000	20.498940	0.677947	4.607459	27.881507	0.370624	-1982.693607	
3.115000	20.418604	0.823676	4.605303	27.872057	0.249911	-1982.529532	
3.116000	20.266388	0.864157	4.601544	27.863159	0.055213	-1982.365838	
3.117000	20.583504	0.896541	4.597269	27.855079	0.144774	-1982.202388	
3.118000	20.507396	0.718427	4.593572	27.847863	0.179820	-1982.039015	
3.119000	20.448201	0.937022	4.591135	27.841324	0.300533	-1981.875553	
3.120000	20.524309	0.669851	4.590326	27.835265	0.168138	-1981.711863	
3.121000	20.520081	0.937022	4.591247	27.829635	0.218760	-1981.547849	
3.122000	20.545450	0.588890	4.593776	27.824445	0.113622	-1981.383466	
3.123000	20.376322	0.969406	4.597755	27.819699	0.121410	-1981.218713	
3.124000	20.245247	0.823676	4.602998	27.815499	0.207078	-1981.053655	
3.125000	20.443973	0.831773	4.609089	27.811914	0.156456	-1980.888421	
3.126000	20.532766	0.677947	4.615356	27.808838	0.292745	-1980.723182	
3.127000	20.439745	0.791292	4.621085	27.806184	0.195396	-1980.558115	
3.128000	20.236791	0.815580	4.625764	27.804118	0.191502	-1980.393374	
3.129000	20.515853	0.961310	4.628936	27.802912	0.362836	-1980.229073	
3.130000	20.456658	0.937022	4.629839	27.802613	0.249911	-1980.065272	
3.131000	20.427060	0.945118	4.627895	27.803029	0.362836	-1979.901981	
3.132000	20.490484	0.904637	4.623264	27.803952	0.179820	-1979.739151	
3.133000	20.528537	0.767004	4.616722	27.805315	0.031849	-1979.576677	
3.134000	20.503168	0.831773	4.609407	27.807111	0.226548	-1979.414411	
3.135000	20.469342	0.969406	4.602432	27.809344	0.234335	-1979.252180	
3.136000	20.228334	0.872253	4.596649	27.812132	0.191502	-1979.089814	
3.137000	20.486255	0.847965	4.592642	27.815559	0.035743	-1978.927178	
3.138000	20.515853	0.710331	4.590855	27.819516	0.230441	-1978.764189	
3.139000	20.617330	0.775100	4.591942	27.823912	0.082471	-1978.600806	
3.140000	20.249476	0.767004	4.596347	27.828912	0.027955	-1978.437044	
3.141000	20.545450	0.661755	4.603459	27.834792	0.125304	-1978.272990	
3.142000	20.397463	0.758908	4.611813	27.841599	0.082471	-1978.108787	
3.143000	20.482027	0.961310	4.619949	27.849141	0.152562	-1977.944607	
3.144000	20.401691	0.880349	4.626830	27.857213	0.234335	-1977.780625	
3.145000	20.511625	0.896541	4.631813	27.865739	0.140880	-1977.616991	
3.146000	20.456658	0.953214	4.634595	27.874700	0.191502	-1977.453805	
3.147000	20.431289	0.896541	4.635233	27.884095	0.300533	-1977.291112	
3.148000	20.232563	0.807484	4.633925	27.894055	0.296639	-1977.128905	
3.149000	20.460886	0.912733	4.630865	27.904676	0.121410	-1976.967116	
3.150000	20.439745	0.831773	4.626430	27.915849	0.277169	-1976.805623	
3.151000	20.448201	0.904637	4.621294	27.927476	0.172032	-1976.644260	
3.152000	20.232563	0.856061	4.616278	27.939726	0.160350	-1976.482846	
3.153000	20.562363	0.872253	4.612119	27.952866	0.195396	-1976.321212	
3.154000	20.452430	0.596986	4.609010	27.966927	0.121410	-1976.159231	
3.155000	20.482027	1.107039	4.606413	27.981702	0.226548	-1975.996826	
3.156000	20.528537	0.896541	4.603650	27.996974	0.035743	-1975.833980	
3.157000	20.536994	0.880349	4.600504	28.012650	0.144774	-1975.670743	
3.158000	20.524309	0.783196	4.597140	28.028699	0.043531	-1975.507227	
3.159000	20.372094	0.977502	4.593722	28.045119	0.098047	-1975.343590	
3.160000	20.266388	0.807484	4.590316	28.062047	0.246017	-1975.180004	
3.161000	20.414376	0.896541	4.587040	28.079582	0.140880	-1975.016643	
3.162000	20.486255	0.758908	4.584033	28.097612	0.327791	-1974.853648	
3.163000	20.427060	0.775100	4.581001	28.116037	0.168138	-1974.691105	
3.164000	20.228334	0.928926	4.576971	28.135021	0.164244	-1974.529047	
3.165000	20.443973	0.856061	4.571363	28.154826	0.199290	-1974.367457	
3.166000	20.279073	0.839869	4.564834	28.175484	0.277169	-1974.206246	
3.167000	20.342496	1.058463	4.558580	28.196796	0.331685	-1974.045271	
3.168000	20.427060	0.856061	4.553592	28.218547	0.199290	-1973.884363	
3.169000	20.482027	0.823676	4.550371	28.240637	0.179820	-1973.723346	
3.170000	20.473571	0.677947	4.548832	28.263022	0.230441	-1973.562066	
3.171000	20.401691	1.188000	4.548559	28.285696	0.304427	-1973.400408	
3.172000	20.304442	0.904637	4.549211	28.308794	0.191502	-1973.238313	
3.173000	20.477799	0.799388	4.550683	28.332414	0.191502	-1973.075780	
3.174000	20.410148	0.969406	4.553082	28.356431	0.253805	-1972.912882	
3.175000	20.494712	0.669851	4.556524	28.380734	0.121410	-1972.749749	
3.176000	20.300214	0.783196	4.560781	28.405478	0.105834	-1972.586544	
3.177000	20.579276	0.605082	4.565399	28.430917	0.175926	-1972.423446	
3.178000	20.401691	0.904637	4.570125	28.457077	0.242123	-1972.260617	
3.179000	20.473571	0.920829	4.575109	28.483757	0.179820	-1972.098183	
3.180000	20.376322	1.034175	4.580833	28.510744	0.187608	-1971.936221	
3.181000	20.477799	0.953214	4.587343	28.537936	0.098047	-1971.774759	
3.182000	20.355181	0.928926	4.593669	28.565281	0.066895	-1971.613758	
3.183000	20.350953	0.775100	4.598770	28.592774	0.164244	-1971.453109	
3.184000	20.160683	0.823676	4.602397	28.620562	0.218760	-1971.292652	
3.185000	20.460886	0.807484	4.604747	28.648754	0.183714	-1971.132214	
3.186000	20.439745	0.815580	4.606148	28.677231	0.292745	-1970.971627	
3.187000	20.473571	1.026079	4.606928	28.705880	0.125304	-1970.810754	
3.188000	20.198737	0.839869	4.607316	28.734849	0.234335	-1970.649504	
3.189000	20.528537	0.815580	4.607687	28.764378	0.281063	-1970.487830	
3.190000	20.401691	0.839869	4.608615	28.794477	0.331685	-1970.325742	
3.191000	20.452430	0.799388	4.610356	28.824937	0.078577	-1970.163322	
3.192000	20.482027	0.750812	4.612539	28.855544	-0.014879	-1970.000715	
3.193000	20.566591	0.928926	4.614396	28.886185	0.109728	-1969.838106	
3.194000	20.503168	0.831773	4.614980	28.916803	0.129198	-1969.675683	
3.195000	20.384778	0.969406	4.613489	28.947393	0.187608	-1969.513602	
3.196000	20.228334	0.775100	4.609732	28.978109	0.222654	-1969.351971	
3.197000	20.401691	0.864157	4.604048	29.009063	0.183714	-1969.190850	
3.198000	20.524309	0.669851	4.596942	29.040136	0.292745	-1969.030241	
3.199000	20.443973	0.742716	4.589216	29.071213	0.210972	-1968.870080	
3.200000	20.367865	0.823676	4.582022	29.102438	0.024061	-1968.710246	0.000000
3.201000	20.498940	0.953214	4.576258	29.134052	0.175926	-1968.550580	
3.202000	20.401691	0.896541	4.572101	29.166067	0.281063	-1968.390904	
3.203000	20.266388	1.058463	4.569418	29.198284	0.281063	-1968.231052	
3.204000	20.456658	0.791292	4.568250	29.230490	0.090259	-1968.070895	
3.205000	20.494712	0.807484	4.568695	29.262562	0.218760	-1967.910362	
3.206000	20.482027	0.710331	4.570866	29.294435	0.246017	-1967.749431	
3.207000	20.389006	0.937022	4.574880	29.326102	0.238229	-1967.588140	
3.208000	20.270617	0.912733	4.580498	29.357721	0.140880	-1967.426597	
3.209000	20.405919	0.750812	4.587066	29.389401	0.144774	-1967.264963	
3.210000	20.473571	0.888445	4.593891	29.421019	0.195396	-1967.103425	
3.211000	20.435517	0.726523	4.600414	29.452458	0.179820	-1966.942158	
3.212000	20.414376	0.823676	4.606035	29.483854	0.047425	-1966.781302	
3.213000	20.587732	0.588890	4.610297	29.515432	0.109728	-1966.620948	
3.214000	20.443973	0.823676	4.613342	29.547200	0.214866	-1966.461139	
3.215000	20.456658	0.847965	4.615788	29.578966	0.261593	-1966.301863	
3.216000	20.465114	0.912733	4.617991	29.610525	0.101940	-1966.143049	
3.217000	20.507396	0.888445	4.619825	29.641764	0.113622	-1965.984566	
3.218000	20.384778	0.928926	4.621262	29.672624	0.195396	-1965.826245	
3.219000	20.431289	0.847965	4.622608	29.703111	0.179820	-1965.667898	
3.220000	20.287529	0.839869	4.624184	29.733389	0.242123	-1965.509360	
3.221000	20.414376	0.605082	4.626129	29.763577	0.070789	-1965.350515	
3.222000	20.346724	0.847965	4.628529	29.793559	0.253805	-1965.191304	
3.223000	20.528537	0.839869	4.631437	29.823221	0.179820	-1965.031719	
3.224000	20.380550	1.139424	4.634647	29.852698	0.183714	-1964.871820	
3.225000	20.524309	0.783196	4.637653	29.882206	0.234335	-1964.711730	
3.226000	20.393235	0.783196	4.639936	29.911752	0.238229	-1964.551609	
3.227000	20.482027	0.807484	4.641291	29.941148	0.172032	-1964.391633	
3.228000	20.460886	0.710331	4.641810	29.970196	0.113622	-1964.231973	
3.229000	20.583504	0.912733	4.641772	29.998777	0.117516	-1964.072761	
3.230000	20.503168	0.718427	4.641517	30.026825	0.152562	-1963.914079	
3.231000	20.469342	1.009886	4.641257	30.054346	0.039637	-1963.755953	
3.232000	20.317127	0.815580	4.641105	30.081513	0.152562	-1963.598348	
3.233000	20.410148	0.799388	4.641075	30.108452	0.105834	-1963.441165	
3.234000	20.456658	0.742716	4.641039	30.135051	0.195396	-1963.284256	
3.235000	20.482027	0.750812	4.640790	30.161196	0.168138	-1963.127445	
3.236000	20.448201	0.734620	4.639948	30.187018	0.004591	-1962.970556	
3.237000	20.503168	0.928926	4.637987	30.212736	0.191502	-1962.813443	
3.238000	20.397463	0.880349	4.634354	30.238359	0.203184	-1962.656006	
3.239000	20.317127	0.896541	4.628605	30.263716	0.327791	-1962.498192	
3.240000	20.380550	0.847965	4.621131	30.288616	-0.049924	-1962.340009	
3.241000	20.405919	0.896541	4.613240	30.312939	0.308321	-1962.181537	
3.242000	20.507396	0.669851	4.606028	30.336614	0.175926	-1962.022910	
3.243000	20.363637	1.001790	4.599938	30.359648	0.269381	-1961.864291	
3.244000	20.452430	0.815580	4.595162	30.382219	0.265487	-1961.705853	
3.245000	20.435517	0.888445	4.591695	30.404448	0.179820	-1961.547757	
3.246000	20.469342	1.074655	4.589194	30.426218	0.210972	-1961.390118	
3.247000	20.431289	0.799388	4.587164	30.447412	0.090259	-1961.233003	
3.248000	20.524309	0.823676	4.585249	30.468152	0.168138	-1961.076427	
3.249000	20.566591	0.799388	4.583382	30.488646	0.055213	-1960.920335	
3.250000	20.431289	0.888445	4.581808	30.508905	0.191502	-1960.764610	
3.251000	20.418604	0.880349	4.580937	30.528766	0.156456	-1960.609096	
3.252000	20.465114	0.937022	4.581079	30.548049	-0.092758	-1960.453623	
3.253000	20.494712	0.896541	4.582231	30.566645	0.105834	-1960.298032	
3.254000	20.448201	0.864157	4.584045	30.584491	0.148668	-1960.142196	
3.255000	20.363637	0.718427	4.586378	30.601612	0.308321	-1959.986025	
3.256000	20.477799	0.904637	4.589698	30.618192	0.195396	-1959.829482	
3.257000	20.414376	0.815580	4.594491	30.634355	0.210972	-1959.672589	
3.258000	20.376322	1.147520	4.600622	30.649991	0.316109	-1959.515444	
3.259000	20.486255	0.775100	4.607433	30.664984	0.172032	-1959.358191	
3.260000	20.469342	0.993694	4.614011	30.679447	0.121410	-1959.201003	
3.261000	20.520081	0.734620	4.619553	30.693576	0.257699	-1959.044050	
3.262000	20.355181	0.880349	4.623613	30.707383	0.284957	-1958.887467	
3.263000	20.507396	0.839869	4.625944	30.720720	0.246017	-1958.731345	
3.264000	20.401691	0.799388	4.626474	30.733425	0.094153	-1958.575732	
3.265000	20.587732	0.742716	4.625369	30.745383	0.183714	-1958.420626	
3.266000	20.583504	0.896541	4.622962	30.756530	0.168138	-1958.265957	
3.267000	20.473571	1.001790	4.619773	30.766903	0.164244	-1958.111593	
3.268000	20.418604	0.694139	4.616385	30.776705	0.098047	-1957.957369	
3.269000	20.389006	0.912733	4.613212	30.786068	0.152562	-1957.803112	
3.270000	20.427060	0.912733	4.610463	30.794882	0.253805	-1957.648670	
3.271000	20.486255	0.758908	4.608098	30.803028	0.070789	-1957.493924	
3.272000	20.507396	0.767004	4.606016	30.810615	0.101940	-1957.338807	
3.273000	20.503168	0.856061	4.604362	30.817829	0.191502	-1957.183300	
3.274000	20.435517	1.050367	4.603376	30.824684	0.261593	-1957.027452	
3.275000	20.325583	0.896541	4.603074	30.831047	0.214866	-1956.871378	
3.276000	20.338268	0.831773	4.603130	30.836770	0.024061	-1956.715235	
3.277000	20.427060	0.953214	4.603139	30.841744	0.183714	-1956.559203	
3.278000	20.465114	0.791292	4.602920	30.845905	0.195396	-1956.403442	
3.279000	20.427060	0.977502	4.602300	30.849292	0.199290	-1956.248072	
3.280000	20.490484	0.815580	4.601086	30.852105	0.214866	-1956.093162	
3.281000	20.401691	0.937022	4.599365	30.854471	0.230441	-1955.938741	
3.282000	20.494712	0.856061	4.597240	30.856276	0.296639	-1955.784781	
3.283000	20.363637	0.758908	4.594733	30.857394	0.203184	-1955.631193	
3.284000	20.562363	0.839869	4.592139	30.857921	0.047425	-1955.477838	
3.285000	20.520081	0.831773	4.590003	30.858029	0.210972	-1955.324551	
3.286000	20.507396	0.831773	4.588832	30.857731	0.273275	-1955.171161	
3.287000	20.397463	0.993694	4.588783	30.856917	0.179820	-1955.017527	
3.288000	20.503168	0.880349	4.589680	30.855462	-0.014879	-1954.863558	
3.289000	20.528537	0.783196	4.591490	30.853263	0.090259	-1954.709214	
3.290000	20.541222	0.831773	4.594236	30.850261	0.140880	-1954.554504	
3.291000	20.329812	0.783196	4.597502	30.846505	0.300533	-1954.399501	
3.292000	20.431289	0.937022	4.600591	30.842203	0.226548	-1954.244329	
3.293000	20.405919	0.856061	4.602888	30.837476	0.284957	-1954.089153	
3.294000	20.389006	1.050367	4.603869	30.832211	0.230441	-1953.934142	
3.295000	20.401691	0.847965	4.603207	30.826286	0.168138	-1953.779446	
3.296000	20.575048	1.098943	4.601118	30.819793	0.175926	-1953.625176	
3.297000	20.642699	0.847965	4.598323	30.812901	0.230441	-1953.471390	
3.298000	20.405919	1.017982	4.595425	30.805631	0.273275	-1953.318096	
3.299000	20.384778	0.775100	4.592521	30.797887	0.242123	-1953.165232	
3.300000	20.376322	0.896541	4.589653	30.789550	0.035743	-1953.012685	0.000000
3.301000	20.536994	0.718427	4.587188	30.780514	0.281063	-1952.860304	
3.302000	20.490484	0.864157	4.585376	30.770712	0.277169	-1952.707918	
3.303000	20.460886	0.815580	4.584136	30.760195	0.172032	-1952.555360	
3.304000	20.532766	0.831773	4.583560	30.749164	0.117516	-1952.402502	
3.305000	20.448201	0.953214	4.583618	30.737730	0.098047	-1952.249268	
3.306000	20.410148	1.115135	4.583440	30.725778	0.269381	-1952.095632	
3.307000	20.490484	0.718427	4.582073	30.713183	0.183714	-1951.941632	
3.308000	20.587732	1.001790	4.579629	30.700025	0.004591	-1951.787372	
3.309000	20.511625	0.807484	4.576862	30.686455	0.269381	-1951.633004	
3.310000	20.376322	1.082751	4.574267	30.672486	0.214866	-1951.478700	
3.311000	20.414376	0.912733	4.572046	30.658026	0.214866	-1951.324629	
3.312000	20.376322	0.799388	4.570413	30.642967	0.035743	-1951.170933	
3.313000	20.465114	0.880349	4.569919	30.627205	0.304427	-1951.017708	
3.314000	20.435517	0.645563	4.571712	30.610679	0.323897	-1950.864996	
3.315000	20.410148	0.961310	4.576859	30.593459	0.269381	-1950.712776	
3.316000	20.520081	0.775100	4.585136	30.575763	0.230441	-1950.560963	
3.317000	20.431289	0.888445	4.595243	30.557709	0.214866	-1950.409421	
3.318000	20.503168	0.888445	4.605982	30.539178	0.214866	-1950.257988	
3.319000	20.443973	0.710331	4.616485	30.520039	0.242123	-1950.106496	
3.320000	20.621558	0.742716	4.625838	30.500363	0.063001	-1949.954795	
3.321000	20.456658	0.904637	4.633380	30.480291	0.004591	-1949.802781	
3.322000	20.507396	0.637467	4.639172	30.459841	0.059107	-1949.650389	
3.323000	20.317127	0.791292	4.643680	30.438950	0.109728	-1949.497613	
3.324000	20.401691	0.742716	4.647208	30.417542	-0.116122	-1949.344516	
3.325000	20.477799	0.750812	4.649737	30.395520	0.207078	-1949.191225	
3.326000	20.520081	0.710331	4.650972	30.372829	0.168138	-1949.037907	
3.327000	20.346724	0.880349	4.650748	30.349558	0.160350	-1948.884734	
3.328000	20.532766	0.775100	4.649298	30.325939	0.152562	-1948.731867	
3.329000	20.376322	0.953214	4.646910	30.302085	0.172032	-1948.579426	
3.330000	20.384778	1.017982	4.643880	30.277872	0.242123	-1948.427482	
3.331000	20.350953	0.823676	4.640508	30.253168	0.105834	-1948.276054	
3.332000	20.562363	0.864157	4.636435	30.228035	-0.026560	-1948.125112	
3.333000	20.469342	0.742716	4.631099	30.202604	0.234335	-1947.974560	
3.334000	20.443973	0.977502	4.624814	30.176889	0.304427	-1947.824249	
3.335000	20.312899	0.839869	4.618358	30.150850	0.261593	-1947.674007	
3.336000	20.427060	0.920829	4.612171	30.124421	-0.014879	-1947.523662	
3.337000	20.498940	0.694139	4.606291	30.097502	0.281063	-1947.373078	
3.338000	20.431289	0.677947	4.600709	30.070029	0.129198	-1947.222159	
3.339000	20.405919	0.540314	4.595757	30.042093	0.172032	-1947.070852	
3.340000	20.558135	0.767004	4.592199	30.013932	0.144774	-1946.919164	
3.341000	20.469342	0.710331	4.590802	29.985654	0.187608	-1946.767171	
3.342000	20.410148	1.026079	4.591756	29.957136	0.257699	-1946.615015	
3.343000	20.427060	0.686043	4.594519	29.928244	0.191502	-1946.462869	
3.344000	20.520081	0.888445	4.598134	29.899031	-0.049924	-1946.310912	
3.345000	20.528537	0.775100	4.601696	29.869618	0.269381	-1946.159298	
3.346000	20.363637	0.953214	4.604594	29.840028	0.238229	-1946.008131	
3.347000	20.397463	0.702235	4.606681	29.810240	0.257699	-1945.857469	
3.348000	20.393235	0.799388	4.608185	29.780209	0.063001	-1945.707320	
3.349000	20.397463	0.767004	4.609199	29.749840	0.257699	-1945.557634	
3.350000	20.376322	0.839869	4.609643	29.719068	0.207078	-1945.408294	
3.351000	20.338268	0.880349	4.609691	29.688001	0.210972	-1945.259137	
3.352000	20.511625	0.815580	4.609682	29.656879	0.210972	-1945.109983	
3.353000	20.410148	0.799388	4.609797	29.625803	0.277169	-1944.960656	
3.354000	20.443973	0.864157	4.609995	29.594637	0.238229	-1944.811025	
3.355000	20.443973	0.864157	4.610231	29.563233	0.136986	-1944.661010	
3.356000	20.617330	0.734620	4.610826	29.531626	-0.018773	-1944.510586	
3.357000	20.524309	0.815580	4.612343	29.499921	0.195396	-1944.359788	
3.358000	20.414376	1.107039	4.614896	29.468136	0.230441	-1944.208710	
3.359000	20.342496	0.920829	4.617882	29.436268	0.218760	-1944.057499	
3.360000	20.448201	0.767004	4.620538	29.404293	0.117516	-1943.906332	
3.361000	20.473571	0.775100	4.622459	29.372114	0.284957	-1943.755387	
3.362000	20.498940	0.645563	4.623314	29.339675	0.109728	-1943.604812	
3.363000	20.317127	0.418872	4.622579	29.307099	0.226548	-1943.454697	
3.364000	20.570820	0.937022	4.619746	29.274642	0.152562	-1943.305086	
3.365000	20.342496	0.977502	4.614390	29.242407	0.331685	-1943.155965	
3.366000	20.401691	1.131328	4.606654	29.210255	0.331685	-1943.007255	
3.367000	20.355181	0.847965	4.597670	29.178038	0.222654	-1942.858819	
3.368000	20.515853	0.758908	4.588815	29.145777	0.082471	-1942.710488	
3.369000	20.486255	0.864157	4.580935	29.113559	0.296639	-1942.562086	
3.370000	20.490484	0.977502	4.574206	29.081401	0.296639	-1942.413448	
3.371000	20.232563	0.896541	4.568405	29.049328	0.277169	-1942.264456	
3.372000	20.401691	0.783196	4.563762	29.017344	0.055213	-1942.115047	
3.373000	20.452430	1.034175	4.561097	28.985350	0.277169	-1941.965217	
3.374000	20.515853	0.864157	4.560607	28.953278	0.172032	-1941.815021	
3.375000	20.300214	0.710331	4.561597	28.921264	0.238229	-1941.664578	
3.376000	20.630014	0.815580	4.563344	28.889575	0.168138	-1941.514048	
3.377000	20.498940	0.767004	4.565350	28.858306	0.179820	-1941.363613	
3.378000	20.456658	0.977502	4.567108	28.827309	0.136986	-1941.213451	
3.379000	20.435517	0.847965	4.568007	28.796429	0.113622	-1941.063698	
3.380000	20.536994	0.961310	4.567732	28.765675	-0.069394	-1940.914443	
3.381000	20.456658	0.953214	4.566483	28.735118	0.265487	-1940.765717	
3.382000	20.452430	1.058463	4.564630	28.704774	0.226548	-1940.617487	
3.383000	20.304442	0.807484	4.562616	28.674679	0.191502	-1940.469653	
3.384000	20.393235	0.896541	4.561033	28.644842	0.125304	-1940.322070	
3.385000	20.477799	0.791292	4.560457	28.615163	0.226548	-1940.174569	
3.386000	20.338268	0.961310	4.561190	28.585583	0.203184	-1940.026974	
3.387000	20.325583	0.864157	4.563209	28.556254	0.269381	-1939.879132	
3.388000	20.494712	0.872253	4.566413	28.527441	0.148668	-1939.730937	
3.389000	20.380550	0.767004	4.570658	28.499219	0.331685	-1939.582333	
3.390000	20.465114	0.985598	4.575705	28.471424	0.234335	-1939.433323	
3.391000	20.469342	0.839869	4.581317	28.443885	0.043531	-1939.283982	
3.392000	20.566591	0.734620	4.587128	28.416591	-0.003197	-1939.134449	
3.393000	20.528537	0.847965	4.592609	28.389596	0.187608	-1938.984899	
3.394000	20.410148	1.123232	4.597331	28.362912	0.156456	-1938.835514	
3.395000	20.304442	1.034175	4.600938	28.336592	0.160350	-1938.686457	
3.396000	20.410148	0.791292	4.603048	28.310662	0.016273	-1938.537848	
3.397000	20.477799	0.839869	4.603496	28.285023	0.199290	-1938.389759	
3.398000	20.465114	0.629370	4.602379	28.259603	0.090259	-1938.242204	
3.399000	20.334040	0.847965	4.599962	28.234549	0.148668	-1938.095130	
3.400000	20.634243	0.847965	4.596753	28.210129	0.175926	-1937.948420	0.000000
3.401000	20.393235	0.920829	4.593388	28.186418	0.207078	-1937.801917	
3.402000	20.443973	1.115135	4.590361	28.163255	0.284957	-1937.655440	
3.403000	20.414376	0.920829	4.587809	28.140465	0.203184	-1937.508816	
3.404000	20.486255	0.734620	4.585557	28.118025	0.129198	-1937.361910	
3.405000	20.418604	0.872253	4.583942	28.095975	0.136986	-1937.214631	
3.406000	20.469342	0.880349	4.584180	28.074324	0.288851	-1937.066938	
3.407000	20.245247	0.937022	4.587185	28.053135	0.179820	-1936.918849	
3.408000	20.460886	0.847965	4.592703	28.032448	-0.057712	-1936.770460	
3.409000	20.443973	0.888445	4.599750	28.012156	0.331685	-1936.621925	
3.410000	20.498940	0.775100	4.607129	27.992184	0.156456	-1936.473421	
3.411000	20.253704	0.758908	4.613812	27.972684	0.222654	-1936.325120	
3.412000	20.646927	0.856061	4.619154	27.953924	0.187608	-1936.177170	
3.413000	20.507396	0.872253	4.622804	27.935971	0.405670	-1936.029668	
3.414000	20.465114	0.977502	4.624500	27.918648	0.175926	-1935.882665	
3.415000	20.435517	0.912733	4.623871	27.901771	0.187608	-1935.736163	
3.416000	20.579276	0.896541	4.620852	27.885307	0.051319	-1935.590102	
3.417000	20.477799	0.799388	4.616174	27.869287	0.012379	-1935.444355	
3.418000	20.435517	0.977502	4.610890	27.853724	0.284957	-1935.298756	
3.419000	20.211422	0.767004	4.605802	27.838718	0.249911	-1935.153121	
3.420000	20.431289	0.791292	4.601707	27.824340	0.101940	-1935.007289	
3.421000	20.545450	0.677947	4.599380	27.810487	0.288851	-1934.861138	
3.422000	20.469342	0.912733	4.599086	27.797080	0.249911	-1934.714592	
3.423000	20.253704	0.839869	4.600945	27.784282	0.172032	-1934.567625	
3.424000	20.511625	0.937022	4.605104	27.772370	0.172032	-1934.420276	
3.425000	20.443973	0.831773	4.611083	27.761402	0.261593	-1934.272657	
3.426000	20.410148	1.017982	4.617771	27.751194	0.214866	-1934.124922	
3.427000	20.452430	0.750812	4.624188	27.741549	0.210972	-1933.977249	
3.428000	20.498940	0.831773	4.629955	27.732414	0.156456	-1933.829811	
3.429000	20.545450	0.718427	4.634941	27.723794	0.253805	-1933.682749	
3.430000	20.448201	0.831773	4.638680	27.715688	0.249911	-1933.536146	
3.431000	20.334040	0.783196	4.640047	27.708188	0.214866	-1933.390038	
3.432000	20.431289	0.710331	4.637799	27.701356	0.051319	-1933.244410	
3.433000	20.405919	0.775100	4.632070	27.695083	0.261593	-1933.099180	
3.434000	20.418604	0.783196	4.624481	27.689286	0.113622	-1932.954208	
3.435000	20.283301	0.742716	4.616703	27.684133	0.055213	-1932.809319	
3.436000	20.583504	0.880349	4.609721	27.679898	0.136986	-1932.664335	
3.437000	20.448201	0.823676	4.603855	27.676634	0.187608	-1932.519103	
3.438000	20.435517	0.888445	4.599129	27.674151	0.269381	-1932.373517	
3.439000	20.503168	0.904637	4.595778	27.672250	0.082471	-1932.227518	
3.440000	20.452430	0.888445	4.594053	27.670867	0.090259	-1932.081106	
3.441000	20.393235	0.783196	4.593852	27.670002	0.175926	-1931.934345	
3.442000	20.435517	0.937022	4.594836	27.669656	0.164244	-1931.787357	
3.443000	20.257932	0.904637	4.596587	27.669931	0.234335	-1931.640299	
3.444000	20.477799	0.791292	4.598656	27.670900	0.094153	-1931.493351	
3.445000	20.443973	0.872253	4.600656	27.672451	0.358942	-1931.346675	
3.446000	20.443973	0.791292	4.602402	27.674491	0.218760	-1931.200392	
3.447000	20.181824	0.953214	4.603829	27.677182	0.214866	-1931.054571	
3.448000	20.566591	0.775100	4.604925	27.680791	0.230441	-1930.909229	
3.449000	20.372094	0.847965	4.605804	27.685356	0.234335	-1930.764319	
3.450000	20.490484	0.872253	4.606563	27.690680	0.187608	-1930.619731	
3.451000	20.427060	0.815580	4.607294	27.696557	0.179820	-1930.475312	
3.452000	20.579276	0.880349	4.608152	27.702914	0.113622	-1930.330896	
3.453000	20.460886	0.775100	4.609108	27.709738	0.175926	-1930.186319	
3.454000	20.435517	0.864157	4.609876	27.717033	0.230441	-1930.041443	
3.455000	20.131086	0.847965	4.610420	27.724918	0.347261	-1929.896178	
3.456000	20.418604	0.669851	4.611207	27.733481	0.253805	-1929.750482	
3.457000	20.431289	0.799388	4.612587	27.742611	0.269381	-1929.604369	
3.458000	20.477799	1.034175	4.614464	27.752216	0.063001	-1929.457921	
3.459000	20.198737	0.847965	4.616549	27.762462	0.140880	-1929.311274	
3.460000	20.549678	0.904637	4.618510	27.773618	0.183714	-1929.164595	
3.461000	20.456658	0.799388	4.620070	27.785715	0.327791	-1929.018055	
3.462000	20.376322	1.001790	4.620908	27.798552	0.238229	-1928.871797	
3.463000	20.338268	0.799388	4.620512	27.811915	0.078577	-1928.725919	
3.464000	20.507396	0.783196	4.618065	27.825716	0.172032	-1928.580472	
3.465000	20.477799	0.702235	4.612869	27.839923	0.257699	-1928.435458	
3.466000	20.410148	0.928926	4.605164	27.854529	0.320003	-1928.290808	
3.467000	20.321355	0.750812	4.596038	27.869660	0.121410	-1928.146399	
3.468000	20.439745	0.775100	4.586768	27.885409	0.070789	-1928.002080	
3.469000	20.528537	0.799388	4.578295	27.901663	0.246017	-1927.857686	
3.470000	20.359409	0.807484	4.571025	27.918324	0.187608	-1927.713063	
3.471000	20.228334	0.815580	4.565103	27.935553	0.199290	-1927.568090	
3.472000	20.498940	0.904637	4.560739	27.953607	0.101940	-1927.422694	
3.473000	20.473571	0.694139	4.558053	27.972515	0.199290	-1927.276852	
3.474000	20.435517	0.904637	4.556806	27.992073	0.207078	-1927.130607	
3.475000	20.524309	0.880349	4.556581	28.012076	0.222654	-1926.984076	
3.476000	20.452430	0.783196	4.556997	28.032433	0.109728	-1926.837417	
3.477000	20.410148	0.872253	4.557784	28.053112	0.195396	-1926.690808	
3.478000	20.350953	0.985598	4.558943	28.074108	0.277169	-1926.544409	
3.479000	20.266388	0.896541	4.560508	28.095550	0.269381	-1926.398348	
3.480000	20.439745	0.742716	4.562038	28.117531	0.226548	-1926.252706	
3.481000	20.431289	0.775100	4.562673	28.139929	0.238229	-1926.107522	
3.482000	20.469342	0.880349	4.561779	28.162641	0.355048	-1925.962780	
3.483000	20.295986	0.839869	4.559551	28.185828	0.117516	-1925.818400	
3.484000	20.532766	0.791292	4.556866	28.209750	0.148668	-1925.674249	
3.485000	20.422832	0.896541	4.554596	28.234431	0.308321	-1925.530162	
3.486000	20.515853	0.799388	4.553178	28.259666	0.105834	-1925.385968	
3.487000	20.452430	0.831773	4.552773	28.285236	0.179820	-1925.241524	
3.488000	20.613102	0.864157	4.553679	28.311041	0.265487	-1925.096736	
3.489000	20.418604	0.750812	4.556307	28.337040	0.175926	-1924.951558	
3.490000	20.452430	0.839869	4.560737	28.363232	0.172032	-1924.805990	
3.491000	20.224106	0.831773	4.566556	28.389763	0.183714	-1924.660102	
3.492000	20.452430	0.928926	4.573052	28.416740	0.086365	-1924.514023	
3.493000	20.363637	0.945118	4.579457	28.444048	0.347261	-1924.367918	
3.494000	20.418604	0.920829	4.585259	28.471579	0.063001	-1924.221959	
3.495000	20.249476	0.937022	4.590214	28.499487	0.203184	-1924.076299	
3.496000	20.486255	0.686043	4.594074	28.528026	0.172032	-1923.931051	
3.497000	20.427060	0.783196	4.596771	28.557217	0.467974	-1923.786277	
3.498000	20.456658	0.904637	4.598565	28.586852	0.316109	-1923.641992	
3.499000	20.414376	0.758908	4.599641	28.616712	0.191502	-1923.498151	
3.500000	20.503168	0.961310	4.600110	28.646689	0.160350	-1923.354652	0.000000
3.501000	20.482027	0.856061	4.600272	28.676728	0.129198	-1923.211344	
3.502000	20.439745	0.888445	4.600445	28.706822	0.152562	-1923.068054	
3.503000	20.350953	0.718427	4.600821	28.737116	0.218760	-1922.924614	
3.504000	20.477799	0.799388	4.601458	28.767719	0.117516	-1922.780893	
3.505000	20.541222	0.645563	4.602216	28.798513	0.234335	-1922.636812	
3.506000	20.376322	0.880349	4.603032	28.829385	0.039637	-1922.492338	
3.507000	20.338268	0.864157	4.604172	28.860484	0.047425	-1922.347491	
3.508000	20.452430	0.807484	4.605768	28.892055	0.195396	-1922.202357	
3.509000	20.503168	0.750812	4.607349	28.924108	0.218760	-1922.057078	
3.510000	20.448201	0.847965	4.608271	28.956442	0.265487	-1921.911824	
3.511000	20.435517	0.718427	4.608310	28.988845	0.039637	-1921.766771	
3.512000	20.477799	0.823676	4.607645	29.021208	0.144774	-1921.622070	
3.513000	20.532766	0.945118	4.606576	29.053476	0.129198	-1921.477826	
3.514000	20.300214	1.147520	4.605295	29.085650	0.339473	-1921.334085	
3.515000	20.329812	0.937022	4.603732	29.117883	0.273275	-1921.190839	
3.516000	20.469342	0.928926	4.601780	29.150286	0.242123	-1921.048017	
3.517000	20.494712	0.750812	4.599641	29.182737	0.257699	-1920.905492	
3.518000	20.465114	0.783196	4.597701	29.215117	0.152562	-1920.763098	
3.519000	20.397463	0.880349	4.596275	29.247570	0.183714	-1920.620660	
3.520000	20.591961	0.815580	4.595626	29.280326	0.222654	-1920.478021	
3.521000	20.482027	0.726523	4.596238	29.313395	0.308321	-1920.335062	
3.522000	20.456658	0.912733	4.598814	29.346577	0.242123	-1920.191713	
3.523000	20.460886	0.847965	4.603682	29.379659	0.133092	-1920.047958	
3.524000	20.583504	0.629370	4.610494	29.412523	0.214866	-1919.903847	
3.525000	20.422832	0.742716	4.618399	29.445104	0.148668	-1919.759490	
3.526000	20.503168	0.677947	4.626249	29.477404	0.012379	-1919.615045	
3.527000	20.334040	0.815580	4.632920	29.509586	0.144774	-1919.470688	
3.528000	20.503168	0.864157	4.637622	29.541770	0.121410	-1919.326594	
3.529000	20.346724	1.050367	4.640150	29.573843	0.172032	-1919.182898	
3.530000	20.422832	0.783196	4.640639	29.605694	0.191502	-1919.039683	
3.531000	20.334040	0.896541	4.639226	29.637461	0.117516	-1918.896978	
3.532000	20.490484	0.815580	4.636330	29.669375	0.277169	-1918.754762	
3.533000	20.325583	0.839869	4.632588	29.701450	0.316109	-1918.612943	
3.534000	20.498940	0.937022	4.628516	29.733497	0.300533	-1918.471377	
3.535000	20.452430	0.856061	4.624451	29.765311	0.063001	-1918.329896	
3.536000	20.511625	0.856061	4.620449	29.796770	0.207078	-1918.188328	
3.537000	20.422832	0.823676	4.616448	29.827804	0.168138	-1918.046527	
3.538000	20.393235	0.920829	4.612647	29.858409	0.195396	-1917.904381	
3.539000	20.334040	0.864157	4.609465	29.888742	0.300533	-1917.761830	
3.540000	20.507396	0.775100	4.607301	29.918920	0.246017	-1917.618875	
3.541000	20.541222	0.669851	4.606386	29.948822	0.195396	-1917.475588	
3.542000	20.482027	0.856061	4.606593	29.978332	0.152562	-1917.332104	
3.543000	20.427060	0.856061	4.607383	30.007583	0.070789	-1917.188594	
3.544000	20.532766	0.912733	4.608149	30.036794	0.148668	-1917.045239	
3.545000	20.439745	0.961310	4.608469	30.065974	0.187608	-1916.902201	
3.546000	20.401691	1.058463	4.607945	30.094940	0.195396	-1916.759596	
3.547000	20.541222	0.791292	4.606248	30.123496	0.059107	-1916.617494	
3.548000	20.460886	0.605082	4.603348	30.151527	0.288851	-1916.475911	
3.549000	20.536994	0.758908	4.599392	30.178970	0.183714	-1916.334806	
3.550000	20.321355	1.050367	4.594741	30.205839	0.292745	-1916.194066	
3.551000	20.338268	0.864157	4.590166	30.232312	0.230441	-1916.053535	
3.552000	20.346724	0.945118	4.586475	30.258517	0.304427	-1915.913034	
3.553000	20.473571	0.783196	4.584106	30.284337	0.242123	-1915.772389	
3.554000	20.418604	0.775100	4.583068	30.309654	0.203184	-1915.631455	
3.555000	20.469342	0.459353	4.583068	30.334592	0.090259	-1915.490138	
3.556000	20.528537	0.847965	4.583712	30.359361	0.265487	-1915.348397	
3.557000	20.494712	0.945118	4.584545	30.383973	0.288851	-1915.206247	
3.558000	20.473571	0.904637	4.585326	30.408257	0.179820	-1915.063775	
3.559000	20.456658	0.937022	4.586065	30.432033	0.152562	-1914.921132	
3.560000	20.486255	0.750812	4.586640	30.455186	0.156456	-1914.778499	
3.561000	20.469342	0.815580	4.586925	30.477649	0.160350	-1914.636056	
3.562000	20.435517	0.734620	4.587069	30.499434	0.187608	-1914.493948	
3.563000	20.443973	0.896541	4.587155	30.520722	0.214866	-1914.352278	
3.564000	20.460886	0.920829	4.586909	30.541635	0.140880	-1914.211100	
3.565000	20.418604	1.050367	4.585981	30.562064	0.230441	-1914.070417	
3.566000	20.460886	0.864157	4.584286	30.581897	0.284957	-1913.930159	
3.567000	20.367865	0.945118	4.582078	30.601262	0.027955	-1913.790197	
3.568000	20.515853	0.791292	4.579838	30.620366	0.238229	-1913.650365	
3.569000	20.317127	0.953214	4.578017	30.639222	0.281063	-1913.510478	
3.570000	20.443973	0.969406	4.576781	30.657669	0.238229	-1913.370368	
3.571000	20.405919	0.977502	4.576104	30.675528	-0.003197	-1913.229907	
3.572000	20.570820	0.694139	4.576318	30.692682	0.125304	-1913.089027	
3.573000	20.405919	0.856061	4.578256	30.709058	0.226548	-1912.947704	
3.574000	20.422832	0.920829	4.582527	30.724676	0.175926	-1912.805978	
3.575000	20.397463	0.937022	4.588868	30.739717	0.226548	-1912.663956	
3.576000	20.456658	0.686043	4.596214	30.754302	0.327791	-1912.521795	
3.577000	20.452430	0.888445	4.603349	30.768315	0.249911	-1912.379677	
3.578000	20.503168	0.807484	4.609634	30.781639	0.144774	-1912.237779	
3.579000	20.553907	0.799388	4.614951	30.794388	0.055213	-1912.096245	
3.580000	20.600417	0.864157	4.619032	30.806760	0.094153	-1911.955170	
3.581000	20.439745	0.807484	4.621351	30.818770	0.218760	-1911.814598	
3.582000	20.393235	0.896541	4.621596	30.830270	0.281063	-1911.674514	
3.583000	20.405919	0.702235	4.619989	30.841099	0.055213	-1911.534842	
3.584000	20.498940	0.896541	4.617247	30.851146	0.269381	-1911.395448	
3.585000	20.465114	0.758908	4.614094	30.860348	0.207078	-1911.256162	
3.586000	20.389006	0.993694	4.610809	30.868737	0.207078	-1911.116803	
3.587000	20.460886	0.888445	4.607512	30.876505	0.195396	-1910.977213	
3.588000	20.384778	0.815580	4.604559	30.883776	0.331685	-1910.837282	
3.589000	20.473571	0.880349	4.602366	30.890441	0.304427	-1910.696951	
3.590000	20.372094	0.904637	4.601097	30.896380	0.136986	-1910.556212	
3.591000	20.511625	0.872253	4.600689	30.901698	0.027955	-1910.415126	
3.592000	20.443973	0.791292	4.600966	30.906587	0.168138	-1910.273817	
3.593000	20.507396	0.945118	4.601635	30.911055	0.312215	-1910.132445	
3.594000	20.422832	0.880349	4.602443	30.914959	0.269381	-1909.991187	
3.595000	20.532766	0.783196	4.603260	30.918142	0.000697	-1909.850216	
3.596000	20.490484	0.807484	4.603846	30.920492	0.136986	-1909.709669	
3.597000	20.545450	0.750812	4.603715	30.921949	0.195396	-1909.569627	
3.598000	20.473571	0.880349	4.602367	30.922554	0.253805	-1909.430112	
3.599000	20.507396	0.807484	4.599720	30.922501	0.152562	-1909.291088	
3.600000	20.389006	0.726523	4.596266	30.921915	0.172032	-1909.152453	0.000000
3.601000	20.486255	0.856061	4.592792	30.920686	0.246017	-1909.014062	
3.602000	20.490484	0.783196	4.590020	30.918703	0.261593	-1908.875743	
3.603000	20.541222	0.694139	4.588389	30.916076	0.109728	-1908.737326	
3.604000	20.460886	0.694139	4.588045	30.912995	0.226548	-1908.598671	
3.605000	20.418604	1.017982	4.588787	30.909479	0.265487	-1908.459679	
3.606000	20.308670	0.686043	4.590256	30.905410	0.172032	-1908.320299	
3.607000	20.443973	0.896541	4.592477	30.900652	0.043531	-1908.180538	
3.608000	20.524309	0.815580	4.595652	30.895096	0.292745	-1908.040479	
3.609000	20.473571	0.888445	4.599474	30.888680	0.195396	-1907.900259	
3.610000	20.422832	0.726523	4.603240	30.881447	0.199290	-1907.760046	
3.611000	20.460886	0.823676	4.606342	30.873598	0.218760	-1907.620014	
3.612000	20.465114	0.750812	4.608521	30.865251	0.156456	-1907.480318	
3.613000	20.414376	0.799388	4.609897	30.856289	0.277169	-1907.341067	
3.614000	20.439745	0.815580	4.610552	30.846592	0.090259	-1907.202318	
3.615000	20.549678	0.823676	4.610102	30.836256	0.109728	-1907.064076	
3.616000	20.600417	0.791292	4.608205	30.825456	0.222654	-1906.926286	
3.617000	20.384778	0.920829	4.605123	30.814207	0.140880	-1906.788831	
3.618000	20.448201	0.831773	4.601522	30.802404	0.133092	-1906.651556	
3.619000	20.393235	0.839869	4.598152	30.789921	-0.014879	-1906.514295	
3.620000	20.528537	0.831773	4.595489	30.776655	0.195396	-1906.376890	
3.621000	20.422832	0.896541	4.593425	30.762547	0.156456	-1906.239213	
3.622000	20.346724	1.050367	4.591515	30.747653	0.109728	-1906.101175	
3.623000	20.503168	0.823676	4.589590	30.732179	0.164244	-1905.962737	
3.624000	20.405919	0.896541	4.588172	30.716246	0.269381	-1905.823931	
3.625000	20.498940	0.937022	4.587936	30.699739	0.249911	-1905.684861	
3.626000	20.473571	0.888445	4.588887	30.682540	0.086365	-1905.545677	
3.627000	20.515853	0.823676	4.590585	30.664730	0.063001	-1905.406555	
3.628000	20.448201	0.928926	4.592682	30.646472	0.210972	-1905.267668	
3.629000	20.452430	0.953214	4.594980	30.627782	0.246017	-1905.129148	
3.630000	20.401691	0.912733	4.597333	30.608574	0.152562	-1904.991082	
3.631000	20.494712	0.742716	4.599509	30.588740	0.004591	-1904.853517	
3.632000	20.515853	0.686043	4.601099	30.568177	0.234335	-1904.716451	
3.633000	20.608873	0.758908	4.601843	30.546824	0.156456	-1904.579818	
3.634000	20.405919	0.823676	4.601950	30.524751	0.136986	-1904.443486	
3.635000	20.520081	0.815580	4.601891	30.502174	0.179820	-1904.307289	
3.636000	20.401691	0.896541	4.602040	30.479212	0.098047	-1904.171053	
3.637000	20.494712	0.896541	4.602481	30.455749	0.129198	-1904.034622	
3.638000	20.389006	0.823676	4.602901	30.431664	0.164244	-1903.897885	
3.639000	20.672297	0.807484	4.602747	30.407035	-0.022667	-1903.760780	
3.640000	20.456658	0.920829	4.601890	30.382019	0.246017	-1903.623298	
3.641000	20.355181	0.945118	4.600814	30.356638	0.265487	-1903.485493	
3.642000	20.291758	0.920829	4.599848	30.330827	0.152562	-1903.347479	
3.643000	20.372094	0.872253	4.598822	30.304499	0.125304	-1903.209416	
3.644000	20.477799	0.896541	4.597445	30.277550	0.253805	-1903.071478	
3.645000	20.511625	0.937022	4.595509	30.249920	0.160350	-1902.933826	
3.646000	20.405919	0.767004	4.592900	30.221684	0.281063	-1902.796574	
3.647000	20.587732	0.645563	4.589739	30.193065	0.187608	-1902.659791	
3.648000	20.443973	0.904637	4.586337	30.164178	0.187608	-1902.523506	
3.649000	20.452430	0.945118	4.582969	30.134906	0.288851	-1902.387689	
3.650000	20.465114	0.742716	4.579800	30.105126	0.109728	-1902.252249	
3.651000	20.570820	0.937022	4.576976	30.074901	0.027955	-1902.117043	
3.652000	20.587732	0.750812	4.574677	30.044373	0.210972	-1901.981902	
3.653000	20.469342	0.945118	4.573025	30.013566	0.183714	-1901.846655	
3.654000	20.418604	0.750812	4.571935	29.982449	0.086365	-1901.711163	
3.655000	20.431289	0.645563	4.571406	29.950971	0.117516	-1901.575337	
3.656000	20.583504	0.880349	4.571983	29.919043	0.288851	-1901.439140	
3.657000	20.384778	1.066559	4.574253	29.886609	0.133092	-1901.302582	
3.658000	20.236791	0.985598	4.578072	29.853766	0.175926	-1901.165732	
3.659000	20.460886	0.904637	4.582677	29.820750	0.210972	-1901.028718	
3.660000	20.448201	0.791292	4.587126	29.787678	0.269381	-1900.891698	
3.661000	20.312899	0.993694	4.590610	29.754429	0.214866	-1900.754839	
3.662000	20.448201	0.783196	4.592699	29.720872	0.230441	-1900.618290	
3.663000	20.536994	0.864157	4.593179	29.687061	0.148668	-1900.482157	
3.664000	20.482027	0.847965	4.591702	29.653121	0.288851	-1900.346499	
3.665000	20.346724	1.123232	4.588036	29.619068	0.230441	-1900.211319	
3.666000	20.308670	1.034175	4.582498	29.584871	0.109728	-1900.076557	
3.667000	20.435517	0.702235	4.575898	29.550476	-0.018773	-1899.942100	
3.668000	20.515853	0.718427	4.569325	29.515781	0.187608	-1899.807801	
3.669000	20.515853	0.718427	4.563670	29.480725	0.136986	-1899.673495	
3.670000	20.367865	0.856061	4.559240	29.445402	0.214866	-1899.539018	
3.671000	20.617330	0.823676	4.556070	29.410045	0.136986	-1899.404246	
3.672000	20.389006	1.009886	4.554394	29.374765	0.136986	-1899.269103	
3.673000	20.460886	1.034175	4.554744	29.339436	0.300533	-1899.133560	
3.674000	20.422832	1.017982	4.557539	29.303925	0.055213	-1898.997648	
3.675000	20.498940	0.718427	4.562464	29.268278	0.070789	-1898.861463	
3.676000	20.460886	0.831773	4.568500	29.232610	0.168138	-1898.725152	
3.677000	20.460886	0.969406	4.574664	29.196946	0.199290	-1898.588880	
3.678000	20.291758	0.985598	4.580531	29.161285	0.284957	-1898.452811	
3.679000	20.359409	0.969406	4.586026	29.125603	0.105834	-1898.317085	
3.680000	20.473571	1.058463	4.590940	29.089803	0.273275	-1898.181792	
3.681000	20.456658	0.750812	4.594617	29.053818	0.207078	-1898.046973	
3.682000	20.283301	0.686043	4.595999	29.017756	0.203184	-1897.912607	
3.683000	20.545450	0.799388	4.594595	28.981863	0.296639	-1897.778615	
3.684000	20.427060	0.807484	4.591172	28.946242	0.226548	-1897.644864	
3.685000	20.490484	1.042271	4.587033	28.910757	0.214866	-1897.511195	
3.686000	20.494712	0.718427	4.583241	28.875258	0.164244	-1897.377441	
3.687000	20.570820	0.937022	4.580432	28.839770	-0.018773	-1897.243456	
3.688000	20.553907	0.953214	4.578924	28.804386	0.121410	-1897.109132	
3.689000	20.460886	1.090847	4.579017	28.769118	0.094153	-1896.974406	
3.690000	20.287529	0.613178	4.580941	28.733972	0.203184	-1896.839269	
3.691000	20.456658	1.042271	4.584630	28.698934	0.027955	-1896.703779	
3.692000	20.541222	0.758908	4.589669	28.663911	0.222654	-1896.568063	
3.693000	20.443973	0.904637	4.595293	28.628843	0.234335	-1896.432279	
3.694000	20.342496	0.880349	4.600683	28.593851	0.063001	-1896.296599	
3.695000	20.482027	0.815580	4.605150	28.559187	0.136986	-1896.161177	
3.696000	20.439745	0.791292	4.608090	28.524941	0.261593	-1896.026136	
3.697000	20.401691	1.082751	4.609044	28.490968	0.323897	-1895.891547	
3.698000	20.503168	0.831773	4.607616	28.457110	0.160350	-1895.757431	
3.699000	20.549678	1.001790	4.603857	28.423379	0.074683	-1895.623758	
3.700000	20.528537	0.783196	4.598671	28.389847	0.210972	-1895.490432	0.000000
3.701000	20.372094	1.155616	4.593285	28.356530	0.257699	-1895.357311	
3.702000	20.249476	0.799388	4.588622	28.323460	0.133092	-1895.224227	
3.703000	20.422832	0.815580	4.585167	28.290645	0.090259	-1895.091020	
3.704000	20.511625	0.596986	4.583023	28.257983	0.269381	-1894.957558	
3.705000	20.456658	0.734620	4.581989	28.225401	0.210972	-1894.823748	
3.706000	20.338268	0.734620	4.581864	28.193020	0.160350	-1894.689541	
3.707000	20.613102	0.953214	4.582761	28.161090	0.234335	-1894.554947	
3.708000	20.524309	0.912733	4.584816	28.129696	0.156456	-1894.420046	
3.709000	20.405919	0.977502	4.587790	28.098690	0.129198	-1894.284978	
3.710000	20.418604	0.847965	4.591249	28.067916	0.140880	-1894.149912	
3.711000	20.562363	0.686043	4.594838	28.037378	-0.038242	-1894.015026	
3.712000	20.473571	0.823676	4.598289	28.007148	0.207078	-1893.880475	
3.713000	20.482027	0.961310	4.601422	27.977242	0.168138	-1893.746359	
3.714000	20.160683	0.985598	4.604110	27.947691	0.257699	-1893.612732	
3.715000	20.422832	0.904637	4.606297	27.918505	0.148668	-1893.479602	
3.716000	20.367865	0.807484	4.608118	27.889584	0.253805	-1893.346919	
3.717000	20.486255	0.823676	4.609842	27.860864	0.281063	-1893.214567	
3.718000	20.232563	0.953214	4.611766	27.832486	0.300533	-1893.082382	
3.719000	20.583504	0.613178	4.614064	27.804715	0.136986	-1892.950184	
3.720000	20.414376	0.799388	4.616747	27.777628	0.308321	-1892.817801	
3.721000	20.511625	0.993694	4.619858	27.751061	0.218760	-1892.685101	
3.722000	20.477799	0.831773	4.623116	27.724844	-0.022667	-1892.552007	
3.723000	20.600417	0.734620	4.625966	27.698961	-0.026560	-1892.418494	
3.724000	20.482027	0.799388	4.628639	27.673465	0.296639	-1892.284602	
3.725000	20.477799	1.115135	4.631706	27.648372	0.070789	-1892.150428	
3.726000	20.287529	0.831773	4.634931	27.623743	0.098047	-1892.016121	
3.727000	20.439745	0.758908	4.637733	27.599614	0.000697	-1891.881858	
3.728000	20.486255	0.864157	4.639819	27.575886	0.238229	-1891.747819	
3.729000	20.490484	0.864157	4.641102	27.552487	0.101940	-1891.614147	
3.730000	20.207193	0.767004	4.641634	27.529566	0.242123	-1891.480933	
3.731000	20.528537	0.920829	4.641490	27.507389	0.070789	-1891.348219	
3.732000	20.410148	0.888445	4.640542	27.486029	0.312215	-1891.215991	
3.733000	20.389006	0.953214	4.638627	27.465318	0.210972	-1891.084171	
3.734000	20.405919	0.864157	4.635914	27.445077	0.195396	-1890.952620	
3.735000	20.494712	0.839869	4.632882	27.425283	0.113622	-1890.821171	
3.736000	20.498940	0.799388	4.629954	27.405975	0.312215	-1890.689648	
3.737000	20.439745	1.017982	4.627244	27.387165	0.249911	-1890.557887	
3.738000	20.304442	0.596986	4.624743	27.368930	0.230441	-1890.425770	
3.739000	20.401691	0.928926	4.622731	27.351315	0.292745	-1890.293234	
3.740000	20.520081	0.750812	4.621680	27.334216	0.304427	-1890.160273	
3.741000	20.384778	0.726523	4.621639	27.317549	0.246017	-1890.026942	
3.742000	20.342496	0.669851	4.622138	27.301463	0.199290	-1889.893352	
3.743000	20.600417	0.791292	4.622684	27.286223	0.179820	-1889.759660	
3.744000	20.524309	0.831773	4.622873	27.271892	0.210972	-1889.626041	
3.745000	20.418604	0.945118	4.622352	27.258293	0.218760	-1889.492668	
3.746000	20.443973	0.791292	4.620920	27.245243	0.136986	-1889.359674	
3.747000	20.587732	0.823676	4.618492	27.232703	0.055213	-1889.227142	
3.748000	20.524309	0.605082	4.615036	27.220699	0.234335	-1889.095100	
3.749000	20.422832	1.042271	4.610609	27.209241	0.234335	-1888.963513	
3.750000	20.228334	0.928926	4.605448	27.198416	0.222654	-1888.832280	
3.751000	20.431289	0.945118	4.600126	27.188283	0.140880	-1888.701255	
3.752000	20.469342	0.799388	4.595420	27.178739	0.300533	-1888.570273	
3.753000	20.389006	0.823676	4.591907	27.169704	0.284957	-1888.439161	
3.754000	20.211422	0.953214	4.589772	27.161345	0.183714	-1888.307770	
3.755000	20.528537	0.807484	4.588809	27.153938	0.148668	-1888.175992	
3.756000	20.397463	0.896541	4.588660	27.147541	0.351155	-1888.043769	
3.757000	20.473571	1.050367	4.589001	27.141964	0.343367	-1887.911101	
3.758000	20.431289	0.969406	4.589481	27.137010	0.113622	-1887.778063	
3.759000	20.596189	0.718427	4.589721	27.132618	0.082471	-1887.644796	
3.760000	20.465114	0.937022	4.589427	27.128790	0.214866	-1887.511475	
3.761000	20.490484	0.888445	4.588518	27.125527	0.230441	-1887.378280	
3.762000	20.186052	0.969406	4.587083	27.122927	0.121410	-1887.245370	
3.763000	20.507396	0.605082	4.585306	27.121060	0.113622	-1887.112862	
3.764000	20.418604	0.686043	4.583734	27.119819	0.203184	-1886.980828	
3.765000	20.575048	0.880349	4.583224	27.119118	0.187608	-1886.849280	
3.766000	20.270617	0.856061	4.584069	27.119120	0.191502	-1886.718165	
3.767000	20.630014	0.807484	4.585805	27.120097	0.195396	-1886.587366	
3.768000	20.376322	0.888445	4.587937	27.122104	0.207078	-1886.456724	
3.769000	20.439745	1.042271	4.590195	27.124954	0.257699	-1886.326063	
3.770000	20.393235	0.937022	4.592400	27.128449	0.187608	-1886.195213	
3.771000	20.469342	0.880349	4.594421	27.132526	0.207078	-1886.064042	
3.772000	20.482027	0.823676	4.596108	27.137179	0.277169	-1885.932466	
3.773000	20.418604	1.066559	4.597453	27.142406	0.288851	-1885.800445	
3.774000	20.287529	0.864157	4.598814	27.148306	0.261593	-1885.667999	
3.775000	20.334040	0.904637	4.600414	27.154952	0.195396	-1885.535224	
3.776000	20.435517	0.831773	4.601861	27.162227	0.195396	-1885.402276	
3.777000	20.435517	0.839869	4.602552	27.170035	0.105834	-1885.269332	
3.778000	20.274845	0.880349	4.602142	27.178530	0.109728	-1885.136565	
3.779000	20.541222	0.872253	4.600563	27.187975	0.210972	-1885.004120	
3.780000	20.575048	0.847965	4.597911	27.198406	0.187608	-1884.872092	
3.781000	20.456658	0.961310	4.594385	27.209626	0.320003	-1884.740535	
3.782000	20.473571	0.718427	4.590203	27.221429	0.121410	-1884.609451	
3.783000	20.515853	1.050367	4.585635	27.233740	0.090259	-1884.478781	
3.784000	20.511625	0.847965	4.581153	27.246548	0.187608	-1884.348403	
3.785000	20.334040	1.066559	4.577267	27.259855	0.284957	-1884.218154	
3.786000	20.295986	0.912733	4.574205	27.273774	0.144774	-1884.087854	
3.787000	20.338268	0.880349	4.571942	27.288388	0.140880	-1883.957345	
3.788000	20.532766	0.823676	4.570031	27.303584	0.320003	-1883.826510	
3.789000	20.329812	0.920829	4.567339	27.319265	0.183714	-1883.695279	
3.790000	20.177596	0.694139	4.563044	27.335593	0.210972	-1883.563630	
3.791000	20.503168	0.864157	4.557755	27.352829	0.246017	-1883.431609	
3.792000	20.439745	0.937022	4.552738	27.371004	0.242123	-1883.299329	
3.793000	20.405919	0.993694	4.548733	27.389909	0.370624	-1883.166945	
3.794000	20.452430	0.847965	4.545829	27.409329	0.098047	-1883.034635	
3.795000	20.562363	0.661755	4.543869	27.429175	0.117516	-1882.902575	
3.796000	20.532766	0.758908	4.542858	27.449418	0.195396	-1882.770902	
3.797000	20.486255	1.001790	4.542982	27.470055	0.144774	-1882.639700	
3.798000	20.245247	0.872253	4.544295	27.491223	0.288851	-1882.509005	
3.799000	20.515853	0.888445	4.546585	27.513026	0.070789	-1882.378795	
3.800000	20.410148	0.694139	4.549594	27.535351	0.281063	-1882.248987	0.000000
3.801000	20.494712	0.831773	4.553281	27.558097	0.098047	-1882.119440	
3.802000	20.253704	0.775100	4.557730	27.581422	0.055213	-1881.989983	
3.803000	20.608873	0.758908	4.563017	27.605585	0.246017	-1881.860441	
3.804000	20.414376	0.823676	4.569201	27.630613	0.304427	-1881.730667	
3.805000	20.418604	0.880349	4.576437	27.656304	0.086365	-1881.600557	
3.806000	20.384778	0.896541	4.585135	27.682443	0.129198	-1881.470058	
3.807000	20.566591	0.839869	4.595476	27.708936	0.234335	-1881.339175	
3.808000	20.308670	0.920829	4.606935	27.735743	0.152562	-1881.207977	
3.809000	20.490484	0.847965	4.618579	27.762855	0.292745	-1881.076586	
3.810000	20.249476	0.767004	4.629359	27.790408	0.222654	-1880.945161	
3.811000	20.503168	0.718427	4.638263	27.818500	0.113622	-1880.813874	
3.812000	20.431289	0.807484	4.644536	27.847013	0.195396	-1880.682887	
3.813000	20.482027	0.961310	4.647817	27.875838	0.261593	-1880.552318	
3.814000	20.346724	0.945118	4.648383	27.905130	0.261593	-1880.422234	
3.815000	20.575048	0.799388	4.647205	27.935147	0.136986	-1880.292650	
3.816000	20.536994	0.791292	4.645240	27.965912	0.246017	-1880.163520	
3.817000	20.515853	0.783196	4.642963	27.997220	0.210972	-1880.034733	
3.818000	20.515853	0.694139	4.640723	28.028855	0.156456	-1879.906141	
3.819000	20.566591	0.775100	4.638778	28.060714	0.129198	-1879.777578	
3.820000	20.511625	0.807484	4.637181	28.092749	0.090259	-1879.648884	
3.821000	20.397463	1.001790	4.635898	28.124955	0.121410	-1879.519925	
3.822000	20.270617	0.953214	4.634729	28.157472	0.105834	-1879.390610	
3.823000	20.304442	0.880349	4.632986	28.190408	0.144774	-1879.260900	
3.824000	20.452430	0.661755	4.629777	28.223642	0.277169	-1879.130812	
3.825000	20.460886	0.540314	4.625046	28.257065	0.179820	-1879.000428	
3.826000	20.308670	0.718427	4.619632	28.290828	0.207078	-1878.869881	
3.827000	20.469342	0.807484	4.614329	28.325184	0.136986	-1878.739339	
3.828000	20.477799	0.791292	4.609653	28.360150	0.304427	-1878.608969	
3.829000	20.397463	0.953214	4.606010	28.395518	0.265487	-1878.478913	
3.830000	20.486255	0.815580	4.603776	28.431065	0.160350	-1878.349268	
3.831000	20.435517	0.767004	4.603131	28.466678	0.094153	-1878.220083	
3.832000	20.507396	0.677947	4.603555	28.502297	0.187608	-1878.091360	
3.833000	20.469342	0.791292	4.604185	28.537913	0.207078	-1877.963032	
3.834000	20.359409	0.831773	4.604698	28.573675	0.156456	-1877.834974	
3.835000	20.482027	0.864157	4.605419	28.609695	0.133092	-1877.707033	
3.836000	20.494712	0.904637	4.606893	28.645852	0.296639	-1877.579044	
3.837000	20.427060	0.767004	4.609478	28.682036	0.172032	-1877.450852	
3.838000	20.317127	0.856061	4.612995	28.718396	-0.088864	-1877.322336	
3.839000	20.608873	0.516025	4.616806	28.755181	-0.014879	-1877.193423	
3.840000	20.443973	0.767004	4.620479	28.792409	0.327791	-1877.064089	
3.841000	20.460886	0.856061	4.624039	28.829880	0.261593	-1876.934379	
3.842000	20.359409	0.937022	4.627449	28.867383	0.156456	-1876.804408	
3.843000	20.532766	0.791292	4.630312	28.904811	0.136986	-1876.674335	
3.844000	20.372094	1.017982	4.632129	28.942112	0.160350	-1876.544332	
3.845000	20.397463	0.864157	4.632593	28.979281	0.273275	-1876.414558	
3.846000	20.274845	0.742716	4.631587	29.016467	0.277169	-1876.285133	
3.847000	20.490484	0.726523	4.629011	29.053778	0.101940	-1876.156131	
3.848000	20.389006	0.864157	4.624770	29.091090	0.331685	-1876.027584	
3.849000	20.498940	0.823676	4.619094	29.128286	0.109728	-1875.899469	
3.850000	20.359409	0.831773	4.612662	29.165507	0.136986	-1875.771701	
3.851000	20.541222	0.847965	4.606323	29.202987	0.199290	-1875.644141	
3.852000	20.460886	0.847965	4.600829	29.240733	0.226548	-1875.516619	
3.853000	20.469342	0.928926	4.596639	29.278545	0.284957	-1875.388959	
3.854000	20.507396	0.702235	4.593947	29.316209	0.117516	-1875.261019	
3.855000	20.566591	0.799388	4.592724	29.353609	0.187608	-1875.132705	
3.856000	20.469342	0.823676	4.592899	29.390682	0.152562	-1875.003970	
3.857000	20.443973	0.977502	4.594707	29.427429	0.148668	-1874.874814	
3.858000	20.283301	0.750812	4.598299	29.464014	0.183714	-1874.745305	
3.859000	20.384778	0.847965	4.603140	29.500556	0.207078	-1874.615575	
3.860000	20.431289	0.767004	4.608311	29.536940	0.308321	-1874.485786	
3.861000	20.401691	0.791292	4.612980	29.573052	0.148668	-1874.356107	
3.862000	20.422832	0.686043	4.616447	29.609036	0.144774	-1874.226693	
3.863000	20.405919	0.953214	4.618307	29.645126	0.218760	-1874.097655	
3.864000	20.477799	0.767004	4.618592	29.681334	0.296639	-1873.969056	
3.865000	20.405919	0.961310	4.617509	29.717465	0.316109	-1873.840908	
3.866000	20.473571	0.839869	4.615352	29.753312	0.203184	-1873.713163	
3.867000	20.439745	0.896541	4.612577	29.788757	0.207078	-1873.585716	
3.868000	20.486255	0.847965	4.609666	29.823735	0.179820	-1873.458415	
3.869000	20.389006	0.880349	4.607030	29.858242	0.140880	-1873.331087	
3.870000	20.431289	0.742716	4.604974	29.892437	0.226548	-1873.203563	
3.871000	20.473571	0.864157	4.603623	29.926436	0.144774	-1873.075718	
3.872000	20.545450	1.034175	4.602842	29.960123	0.284957	-1872.947476	
3.873000	20.465114	0.726523	4.602405	29.993384	0.117516	-1872.818811	
3.874000	20.401691	0.928926	4.602257	30.026355	0.024061	-1872.689750	
3.875000	20.524309	0.864157	4.602459	30.059263	0.249911	-1872.560384	
3.876000	20.448201	0.896541	4.602950	30.092124	0.288851	-1872.430857	
3.877000	20.452430	0.880349	4.603419	30.124760	0.273275	-1872.301339	
3.878000	20.443973	0.904637	4.603439	30.156983	0.066895	-1872.172005	
3.879000	20.520081	0.953214	4.602752	30.188680	0.175926	-1872.043004	
3.880000	20.460886	0.945118	4.601401	30.219791	0.253805	-1871.914434	
3.881000	20.355181	0.880349	4.599687	30.250328	0.195396	-1871.786339	
3.882000	20.287529	1.001790	4.597725	30.280464	0.269381	-1871.658711	
3.883000	20.422832	0.823676	4.595329	30.310319	0.199290	-1871.531475	
3.884000	20.431289	0.920829	4.592619	30.339775	0.296639	-1871.404502	
3.885000	20.477799	0.880349	4.590032	30.368711	0.195396	-1871.277627	
3.886000	20.418604	1.001790	4.587985	30.397253	0.105834	-1871.150677	
3.887000	20.545450	0.847965	4.586811	30.425616	0.172032	-1871.023496	
3.888000	20.401691	0.920829	4.586696	30.453811	0.226548	-1870.895965	
3.889000	20.490484	0.896541	4.587893	30.481664	0.187608	-1870.768018	
3.890000	20.389006	0.702235	4.590720	30.508988	-0.026560	-1870.639641	
3.891000	20.583504	0.799388	4.595046	30.535665	0.117516	-1870.510890	
3.892000	20.460886	0.823676	4.600220	30.561627	0.035743	-1870.381883	
3.893000	20.452430	0.872253	4.605379	30.586889	0.129198	-1870.252778	
3.894000	20.439745	0.767004	4.609670	30.611628	0.288851	-1870.123755	
3.895000	20.469342	0.912733	4.612449	30.635965	0.214866	-1869.994987	
3.896000	20.469342	0.799388	4.613448	30.659792	0.308321	-1869.866609	
3.897000	20.384778	0.839869	4.612707	30.682995	0.051319	-1869.738700	
3.898000	20.460886	0.839869	4.610000	30.705700	0.195396	-1869.611290	
3.899000	20.486255	0.807484	4.604701	30.728117	0.195396	-1869.484352	
3.900000	20.422832	0.888445	4.596895	30.750262	0.296639	-1869.357794	0.000000
3.901000	20.427060	0.912733	4.587885	30.771972	0.253805	-1869.231467	
3.902000	20.507396	0.823676	4.579106	30.793067	0.218760	-1869.105203	
3.903000	20.460886	0.856061	4.571329	30.813430	0.207078	-1868.978831	
3.904000	20.477799	0.815580	4.565003	30.832993	0.238229	-1868.852204	
3.905000	20.410148	0.969406	4.560514	30.851776	0.296639	-1868.725214	
3.906000	20.579276	0.742716	4.558184	30.869959	0.238229	-1868.597805	
3.907000	20.427060	0.912733	4.558452	30.887663	0.148668	-1868.469982	
3.908000	20.596189	0.694139	4.561499	30.904775	0.187608	-1868.341819	
3.909000	20.477799	0.872253	4.566712	30.921175	0.129198	-1868.213457	
3.910000	20.536994	0.799388	4.572988	30.936978	0.039637	-1868.085070	
3.911000	20.469342	0.783196	4.579405	30.952385	0.172032	-1867.956846	
3.912000	20.482027	0.912733	4.585487	30.967406	0.230441	-1867.828946	
3.913000	20.359409	1.042271	4.590864	30.981892	0.148668	-1867.701487	
3.914000	20.486255	0.831773	4.595021	30.995678	0.059107	-1867.574537	
3.915000	20.579276	0.767004	4.597641	31.008652	0.277169	-1867.448116	
3.916000	20.469342	0.872253	4.598774	31.020751	0.133092	-1867.322179	
3.917000	20.397463	0.767004	4.598695	31.032006	0.136986	-1867.196609	
3.918000	20.355181	0.928926	4.597910	31.042612	0.238229	-1867.071247	
3.919000	20.435517	0.864157	4.597034	31.052693	0.249911	-1866.945912	
3.920000	20.443973	0.969406	4.596500	31.062138	0.281063	-1866.820431	
3.921000	20.460886	0.775100	4.596450	31.070823	0.249911	-1866.694662	
3.922000	20.460886	0.847965	4.596807	31.078850	-0.030454	-1866.568516	
3.923000	20.596189	0.694139	4.597556	31.086400	0.175926	-1866.441956	
3.924000	20.443973	0.961310	4.598867	31.093480	0.226548	-1866.315000	
3.925000	20.520081	0.799388	4.600805	31.099951	0.269381	-1866.187740	
3.926000	20.393235	0.856061	4.603088	31.105656	-0.022667	-1866.060329	
3.927000	20.570820	0.758908	4.605293	31.110479	0.187608	-1865.932950	
3.928000	20.486255	0.815580	4.607206	31.114352	0.183714	-1865.805783	
3.929000	20.422832	0.847965	4.608768	31.117312	0.246017	-1865.678972	
3.930000	20.473571	0.750812	4.609821	31.119552	0.320003	-1865.552615	
3.931000	20.473571	0.847965	4.610084	31.121196	0.125304	-1865.426766	
3.932000	20.456658	0.775100	4.609307	31.122139	0.218760	-1865.301427	
3.933000	20.418604	0.896541	4.607452	31.122265	0.148668	-1865.176530	
3.934000	20.473571	0.961310	4.604842	31.121681	-0.061606	-1865.051942	
3.935000	20.473571	0.872253	4.602094	31.120567	0.136986	-1864.927490	
3.936000	20.363637	0.920829	4.599722	31.118941	0.308321	-1864.802985	
3.937000	20.355181	0.896541	4.597906	31.116699	0.300533	-1864.678255	
3.938000	20.494712	0.807484	4.596718	31.113716	0.082471	-1864.553175	
3.939000	20.549678	0.710331	4.596447	31.109886	0.343367	-1864.427674	
3.940000	20.507396	0.847965	4.597947	31.105145	0.210972	-1864.301734	
3.941000	20.291758	0.953214	4.602535	31.099543	0.121410	-1864.175394	
3.942000	20.477799	0.823676	4.610568	31.093293	0.113622	-1864.048760	
3.943000	20.393235	0.839869	4.620667	31.086520	0.218760	-1863.921988	
3.944000	20.520081	0.831773	4.630995	31.079112	0.222654	-1863.795254	
3.945000	20.477799	0.758908	4.640280	31.070943	0.183714	-1863.668733	
3.946000	20.638471	0.661755	4.647499	31.062101	0.066895	-1863.542566	
3.947000	20.439745	0.629370	4.651819	31.052754	0.059107	-1863.416848	
3.948000	20.422832	0.831773	4.653058	31.042925	0.191502	-1863.291616	
3.949000	20.325583	0.872253	4.651497	31.032528	0.203184	-1863.166852	
3.950000	20.460886	0.799388	4.647537	31.021457	-0.096652	-1863.042472	
3.951000	20.511625	0.775100	4.641878	31.009612	0.257699	-1862.918337	
3.952000	20.439745	0.831773	4.635433	30.996938	0.164244	-1862.794271	
3.953000	20.342496	0.726523	4.629025	30.983506	0.269381	-1862.670091	
3.954000	20.503168	0.920829	4.623298	30.969539	0.246017	-1862.545641	
3.955000	20.350953	0.831773	4.618467	30.955158	0.203184	-1862.420808	
3.956000	20.422832	0.912733	4.614297	30.940248	0.300533	-1862.295528	
3.957000	20.418604	0.831773	4.610739	30.924680	0.203184	-1862.169792	
3.958000	20.511625	0.734620	4.608102	30.908522	0.121410	-1862.043662	
3.959000	20.541222	0.572698	4.606493	30.891919	0.269381	-1861.917270	
3.960000	20.410148	0.880349	4.605607	30.874884	0.269381	-1861.790783	
3.961000	20.422832	0.629370	4.604933	30.857350	0.222654	-1861.664384	
3.962000	20.405919	0.694139	4.604030	30.839233	-0.030454	-1861.538247	
3.963000	20.473571	0.839869	4.602751	30.820433	0.226548	-1861.412504	
3.964000	20.427060	0.815580	4.601092	30.800886	0.160350	-1861.287228	
3.965000	20.439745	0.775100	4.598922	30.780661	0.070789	-1861.162438	
3.966000	20.456658	0.710331	4.596183	30.759972	0.179820	-1861.038091	
3.967000	20.372094	0.718427	4.593195	30.738932	0.210972	-1860.914082	
3.968000	20.405919	0.896541	4.590520	30.717424	0.160350	-1860.790265	
3.969000	20.460886	0.734620	4.588605	30.695328	0.214866	-1860.666467	
3.970000	20.482027	0.912733	4.587599	30.672713	0.000697	-1860.542520	
3.971000	20.443973	0.807484	4.587513	30.649726	0.226548	-1860.418283	
3.972000	20.342496	1.317538	4.588263	30.626382	0.277169	-1860.293655	
3.973000	20.346724	0.864157	4.589467	30.602623	0.261593	-1860.168587	
3.974000	20.372094	0.653659	4.590588	30.578367	-0.084970	-1860.043091	
3.975000	20.490484	0.953214	4.591444	30.553510	0.253805	-1859.917250	
3.976000	20.469342	0.791292	4.592187	30.527989	0.140880	-1859.791207	
3.977000	20.338268	1.001790	4.592922	30.501879	0.230441	-1859.665130	
3.978000	20.558135	0.791292	4.593703	30.475395	0.144774	-1859.539194	
3.979000	20.350953	1.042271	4.594364	30.448640	0.261593	-1859.413551	
3.980000	20.494712	0.726523	4.594335	30.421487	0.296639	-1859.288309	
3.981000	20.465114	0.783196	4.593157	30.393801	0.238229	-1859.163526	
3.982000	20.676525	0.677947	4.590920	30.365645	0.059107	-1859.039210	
3.983000	20.465114	0.823676	4.587991	30.337157	0.168138	-1858.915301	
3.984000	20.435517	0.937022	4.584822	30.308361	0.218760	-1858.791682	
3.985000	20.308670	0.896541	4.582005	30.279210	0.230441	-1858.668194	
3.986000	20.460886	0.839869	4.580110	30.249641	0.059107	-1858.544672	
3.987000	20.405919	0.815580	4.579455	30.219557	0.109728	-1858.420956	
3.988000	20.575048	0.775100	4.580071	30.188899	0.195396	-1858.296919	
3.989000	20.291758	0.912733	4.581855	30.157765	0.304427	-1858.172477	
3.990000	20.570820	1.026079	4.584717	30.126392	0.156456	-1858.047600	
3.991000	20.350953	0.969406	4.588502	30.094888	0.218760	-1857.922328	
3.992000	20.325583	1.147520	4.592843	30.063128	0.191502	-1857.796768	
3.993000	20.443973	0.904637	4.597215	30.030977	0.148668	-1857.671073	
3.994000	20.549678	0.872253	4.601224	29.998478	0.051319	-1857.545419	
3.995000	20.507396	0.637467	4.604811	29.965747	0.179820	-1857.419980	
3.996000	20.414376	1.017982	4.608008	29.932806	0.358942	-1857.294890	
3.997000	20.363637	0.516025	4.610419	29.899643	0.222654	-1857.170239	
3.998000	20.410148	0.864157	4.611349	29.866224	-0.003197	-1857.046078	
3.999000	20.596189	0.702235	4.610643	29.832453	0.187608	-1856.922409	
4.000000	20.389006	0.961310	4.608817	29.798272	0.242123	-1856.799158	0.000000
4.001000	20.393235	0.750812	4.606572	29.763792	0.226548	-1856.676184	
4.002000	20.558135	0.572698	4.604603	29.729261	0.148668	-1856.553319	
4.003000	20.469342	0.807484	4.603399	29.694784	0.222654	-1856.430391	
4.004000	20.439745	1.026079	4.602947	29.660228	0.269381	-1856.307252	
4.005000	20.477799	0.791292	4.602875	29.625454	0.152562	-1856.183798	
4.006000	20.520081	0.896541	4.603113	29.590503	0.066895	-1856.059970	
4.007000	20.435517	0.904637	4.604077	29.555484	0.160350	-1855.935763	
4.008000	20.418604	1.123232	4.606165	29.520416	0.179820	-1855.811232	
4.009000	20.304442	0.839869	4.609280	29.485290	0.230441	-1855.686497	
4.010000	20.350953	0.791292	4.612841	29.450073	0.152562	-1855.561719	
4.011000	20.494712	0.815580	4.616208	29.414666	0.265487	-1855.437073	
4.012000	20.490484	0.767004	4.618883	29.379006	0.199290	-1855.312720	
4.013000	20.359409	1.009886	4.620289	29.343203	0.296639	-1855.188773	
4.014000	20.575048	0.856061	4.620203	29.307500	0.409564	-1855.065302	
4.015000	20.410148	1.123232	4.619267	29.271990	0.257699	-1854.942328	
4.016000	20.469342	0.888445	4.618054	29.236531	0.347261	-1854.819813	
4.017000	20.456658	0.847965	4.616583	29.200972	0.090259	-1854.697662	
4.018000	20.617330	0.686043	4.615039	29.165334	0.063001	-1854.575733	
4.019000	20.532766	0.807484	4.613772	29.129706	0.090259	-1854.453860	
4.020000	20.549678	1.066559	4.612999	29.094110	0.312215	-1854.331877	
4.021000	20.279073	0.872253	4.612904	29.058566	0.105834	-1854.209648	
4.022000	20.389006	0.783196	4.613914	29.023071	0.086365	-1854.087092	
4.023000	20.435517	0.686043	4.616699	28.987533	0.148668	-1853.964171	
4.024000	20.515853	0.718427	4.621475	28.951895	0.179820	-1853.840896	
4.025000	20.257932	1.026079	4.627533	28.916289	0.191502	-1853.717338	
4.026000	20.558135	0.791292	4.633629	28.880985	0.210972	-1853.593627	
4.027000	20.393235	0.912733	4.638614	28.846085	0.191502	-1853.469925	
4.028000	20.410148	1.058463	4.641889	28.811451	0.269381	-1853.346403	
4.029000	20.389006	0.888445	4.643276	28.776930	0.265487	-1853.223209	
4.030000	20.613102	0.896541	4.642600	28.742536	0.055213	-1853.100448	
4.031000	20.494712	0.775100	4.639791	28.708348	0.191502	-1852.978173	
4.032000	20.389006	0.928926	4.635173	28.674383	0.296639	-1852.856383	
4.033000	20.253704	0.694139	4.629213	28.640674	0.249911	-1852.735009	
4.034000	20.498940	0.937022	4.622339	28.607230	0.039637	-1852.613935	
4.035000	20.528537	0.718427	4.615115	28.573952	0.347261	-1852.493011	
4.036000	20.490484	0.937022	4.608080	28.540773	0.164244	-1852.372068	
4.037000	20.317127	0.783196	4.601424	28.507828	0.101940	-1852.250944	
4.038000	20.562363	0.912733	4.595229	28.475380	0.183714	-1852.129513	
4.039000	20.380550	0.783196	4.589487	28.443509	0.140880	-1852.007701	
4.040000	20.422832	1.066559	4.584003	28.412063	0.284957	-1851.885484	
4.041000	20.486255	0.799388	4.579256	28.380878	0.179820	-1851.762900	
4.042000	20.536994	0.847965	4.576207	28.349954	-0.034348	-1851.640060	
4.043000	20.575048	0.904637	4.574975	28.319359	0.304427	-1851.517119	
4.044000	20.372094	0.953214	4.574839	28.289113	0.257699	-1851.394252	
4.045000	20.274845	0.758908	4.574929	28.259268	0.172032	-1851.271622	
4.046000	20.355181	0.945118	4.574791	28.229850	0.203184	-1851.149365	
4.047000	20.439745	0.888445	4.574525	28.200757	0.203184	-1851.027570	
4.048000	20.486255	0.961310	4.574603	28.171917	0.195396	-1850.906271	
4.049000	20.317127	0.961310	4.575763	28.143476	0.261593	-1850.785449	
4.050000	20.600417	0.920829	4.578243	28.115700	0.214866	-1850.665017	
4.051000	20.443973	0.856061	4.581503	28.088670	0.214866	-1850.544839	
4.052000	20.389006	1.050367	4.585206	28.062221	0.207078	-1850.424748	
4.053000	20.435517	0.791292	4.589553	28.036178	0.109728	-1850.304573	
4.054000	20.528537	0.799388	4.594579	28.010519	-0.007091	-1850.184166	
4.055000	20.532766	1.050367	4.599966	27.985290	0.082471	-1850.063420	
4.056000	20.469342	0.977502	4.605318	27.960505	0.253805	-1849.942272	
4.057000	20.257932	0.896541	4.609996	27.936234	0.210972	-1849.820717	
4.058000	20.507396	0.799388	4.613499	27.912519	0.012379	-1849.698822	
4.059000	20.448201	0.783196	4.615872	27.889262	0.191502	-1849.576721	
4.060000	20.456658	0.750812	4.617148	27.866389	0.210972	-1849.454580	
4.061000	20.207193	0.928926	4.617089	27.844047	0.242123	-1849.332571	
4.062000	20.562363	0.872253	4.615325	27.822500	0.273275	-1849.210850	
4.063000	20.304442	0.839869	4.611530	27.801819	0.226548	-1849.089529	
4.064000	20.460886	0.953214	4.605994	27.781833	0.265487	-1848.968677	
4.065000	20.350953	0.686043	4.599886	27.762360	0.249911	-1848.848313	
4.066000	20.570820	0.767004	4.594429	27.743370	0.133092	-1848.728402	
4.067000	20.503168	0.880349	4.590082	27.724895	0.222654	-1848.608845	
4.068000	20.452430	1.074655	4.586816	27.706938	0.366730	-1848.489490	
4.069000	20.190281	0.920829	4.584588	27.689573	0.238229	-1848.370160	
4.070000	20.418604	0.864157	4.583235	27.672844	0.020167	-1848.250683	
4.071000	20.465114	0.864157	4.582367	27.656646	0.284957	-1848.130925	
4.072000	20.414376	0.831773	4.581706	27.640896	0.140880	-1848.010795	
4.073000	20.321355	0.864157	4.581312	27.625745	0.210972	-1847.890251	
4.074000	20.613102	0.880349	4.581474	27.611460	0.121410	-1847.769304	
4.075000	20.490484	0.742716	4.582389	27.598101	0.269381	-1847.648035	
4.076000	20.393235	1.017982	4.583828	27.585488	0.230441	-1847.526583	
4.077000	20.473571	0.718427	4.585360	27.573434	0.090259	-1847.405119	
4.078000	20.553907	0.839869	4.586963	27.561897	0.004591	-1847.283824	
4.079000	20.520081	0.791292	4.588993	27.550898	0.152562	-1847.162854	
4.080000	20.414376	0.864157	4.591470	27.540441	0.335579	-1847.042314	
4.081000	20.224106	0.831773	4.593646	27.530609	0.172032	-1846.922259	
4.082000	20.372094	1.034175	4.594542	27.521456	0.222654	-1846.802697	
4.083000	20.380550	0.710331	4.593804	27.512872	0.374518	-1846.683569	
4.084000	20.334040	0.937022	4.591888	27.504777	0.210972	-1846.564753	
4.085000	20.295986	0.912733	4.589628	27.497332	0.218760	-1846.446084	
4.086000	20.515853	0.831773	4.587694	27.490808	0.355048	-1846.327382	
4.087000	20.477799	0.767004	4.586309	27.485257	0.253805	-1846.208480	
4.088000	20.405919	1.026079	4.585391	27.480491	0.284957	-1846.089254	
4.089000	20.465114	0.839869	4.584757	27.476311	0.230441	-1845.969632	
4.090000	20.553907	0.791292	4.584240	27.472655	0.133092	-1845.849597	
4.091000	20.511625	0.872253	4.583901	27.469523	0.230441	-1845.729190	
4.092000	20.498940	0.953214	4.583966	27.466915	0.218760	-1845.608512	
4.093000	20.308670	0.791292	4.584473	27.464925	0.086365	-1845.487717	
4.094000	20.456658	0.702235	4.585265	27.463622	0.043531	-1845.366986	
4.095000	20.498940	0.750812	4.586338	27.462899	0.199290	-1845.246498	
4.096000	20.469342	0.653659	4.587883	27.462672	0.164244	-1845.126396	
4.097000	20.257932	0.799388	4.589861	27.463106	0.210972	-1845.006768	
4.098000	20.617330	0.677947	4.592143	27.464476	0.273275	-1844.887651	
4.099000	20.329812	0.831773	4.594966	27.466837	0.242123	-1844.769025	
4.100000	20.469342	0.928926	4.598532	27.469999	0.323897	-1844.650803	0.000000
4.101000	20.397463	0.767004	4.602703	27.473760	0.207078	-1844.532851	
4.102000	20.486255	0.702235	4.607238	27.478056	0.140880	-1844.415008	
4.103000	20.460886	0.783196	4.611831	27.482883	0.160350	-1844.297104	
4.104000	20.443973	1.001790	4.616174	27.488237	0.401776	-1844.178980	
4.105000	20.101488	0.726523	4.620092	27.494214	0.331685	-1844.060523	
4.106000	20.473571	0.847965	4.623596	27.500879	0.074683	-1843.941670	
4.107000	20.431289	0.985598	4.626913	27.508111	0.304427	-1843.822417	
4.108000	20.410148	0.629370	4.630349	27.515811	0.094153	-1843.702827	
4.109000	20.291758	0.767004	4.633965	27.524136	0.164244	-1843.583024	
4.110000	20.600417	0.783196	4.637406	27.533344	0.195396	-1843.463175	
4.111000	20.431289	0.880349	4.640226	27.543471	0.273275	-1843.343462	
4.112000	20.460886	1.050367	4.642242	27.554320	0.183714	-1843.224058	
4.113000	20.456658	0.888445	4.643421	27.565682	0.063001	-1843.105093	
4.114000	20.575048	0.847965	4.643561	27.577483	-0.007091	-1842.986650	
4.115000	20.515853	0.653659	4.642185	27.589702	0.078577	-1842.868754	
4.116000	20.482027	0.937022	4.638918	27.602337	0.226548	-1842.751370	
4.117000	20.295986	0.621274	4.634050	27.615510	0.222654	-1842.634394	
4.118000	20.414376	0.872253	4.628457	27.629314	0.257699	-1842.517679	
4.119000	20.460886	0.767004	4.622915	27.643637	0.261593	-1842.401053	
4.120000	20.329812	0.775100	4.617676	27.658385	0.179820	-1842.284340	
4.121000	20.224106	0.961310	4.612727	27.673716	0.195396	-1842.167386	
4.122000	20.469342	1.042271	4.608173	27.689892	0.133092	-1842.050082	
4.123000	20.465114	0.767004	4.604211	27.706941	0.312215	-1841.932374	
4.124000	20.389006	0.864157	4.601105	27.724660	0.195396	-1841.814264	
4.125000	20.469342	0.677947	4.599198	27.742837	0.172032	-1841.695836	
4.126000	20.486255	0.961310	4.598572	27.761384	0.140880	-1841.577236	
4.127000	20.490484	0.807484	4.598844	27.780268	0.136986	-1841.458643	
4.128000	20.422832	0.985598	4.599460	27.799484	0.265487	-1841.340234	
4.129000	20.300214	0.815580	4.600144	27.819162	0.109728	-1841.222164	
4.130000	20.482027	0.702235	4.600900	27.839401	0.090259	-1841.104544	
4.131000	20.532766	0.677947	4.601539	27.860086	0.207078	-1840.987442	
4.132000	20.452430	0.540314	4.601576	27.881121	0.125304	-1840.870870	
4.133000	20.257932	0.880349	4.600617	27.902668	-0.018773	-1840.754770	
4.134000	20.553907	0.920829	4.598760	27.924989	0.214866	-1840.639023	
4.135000	20.410148	0.880349	4.596602	27.948111	0.210972	-1840.523465	
4.136000	20.418604	0.920829	4.594665	27.971830	0.378412	-1840.407910	
4.137000	20.422832	0.823676	4.593009	27.995934	0.195396	-1840.292183	
4.138000	20.490484	0.726523	4.591446	28.020330	0.051319	-1840.176151	
4.139000	20.414376	0.856061	4.589879	28.044984	0.304427	-1840.059729	
4.140000	20.427060	0.961310	4.588501	28.069895	0.246017	-1839.942880	
4.141000	20.232563	1.026079	4.587734	28.095199	0.343367	-1839.825630	
4.142000	20.414376	0.839869	4.587801	28.121001	0.168138	-1839.708075	
4.143000	20.376322	0.864157	4.588460	28.147181	0.467974	-1839.590365	
4.144000	20.536994	0.718427	4.589348	28.173633	0.059107	-1839.472671	
4.145000	20.241019	0.831773	4.590243	28.200510	0.199290	-1839.355169	
4.146000	20.600417	0.823676	4.590651	28.228064	0.261593	-1839.238004	
4.147000	20.443973	0.937022	4.589905	28.256309	0.148668	-1839.121273	
4.148000	20.498940	1.090847	4.587804	28.285038	0.210972	-1839.005025	
4.149000	20.401691	0.880349	4.584553	28.314036	0.121410	-1838.889255	
4.150000	20.427060	0.775100	4.580501	28.343200	0.175926	-1838.773894	
4.151000	20.482027	0.677947	4.576132	28.372483	0.179820	-1838.658810	
4.152000	20.486255	0.920829	4.571896	28.401882	0.261593	-1838.543833	
4.153000	20.300214	0.758908	4.568009	28.431541	0.261593	-1838.428781	
4.154000	20.410148	0.888445	4.564750	28.461570	0.136986	-1838.313498	
4.155000	20.435517	0.896541	4.562269	28.491856	0.320003	-1838.197868	
4.156000	20.380550	0.945118	4.560037	28.522296	0.129198	-1838.081822	
4.157000	20.249476	0.750812	4.557694	28.553046	0.144774	-1837.965339	
4.158000	20.520081	0.856061	4.555728	28.584358	0.121410	-1837.848467	
4.159000	20.486255	0.783196	4.554697	28.616250	0.370624	-1837.731316	
4.160000	20.418604	1.001790	4.554676	28.648517	0.160350	-1837.614046	
4.161000	20.482027	0.783196	4.555427	28.680945	0.129198	-1837.496837	
4.162000	20.443973	1.009886	4.556717	28.713427	0.175926	-1837.379867	
4.163000	20.503168	0.791292	4.558464	28.745907	0.199290	-1837.263271	
4.164000	20.380550	0.896541	4.560211	28.778377	0.253805	-1837.147128	
4.165000	20.338268	0.605082	4.560775	28.810981	0.214866	-1837.031463	
4.166000	20.477799	0.815580	4.559386	28.843827	0.144774	-1836.916253	
4.167000	20.562363	0.896541	4.556440	28.876798	0.253805	-1836.801408	
4.168000	20.418604	0.807484	4.552754	28.909785	0.148668	-1836.686793	
4.169000	20.350953	0.985598	4.549013	28.942945	0.117516	-1836.572240	
4.170000	20.524309	0.880349	4.545711	28.976527	0.249911	-1836.457581	
4.171000	20.448201	0.953214	4.543215	29.010549	0.222654	-1836.342669	
4.172000	20.443973	0.880349	4.541928	29.044814	0.210972	-1836.227399	
4.173000	20.401691	0.888445	4.542062	29.079110	0.105834	-1836.111716	
4.174000	20.536994	0.791292	4.543445	29.113330	0.156456	-1835.995622	
4.175000	20.427060	0.920829	4.545873	29.147415	0.164244	-1835.879190	
4.176000	20.376322	1.017982	4.549169	29.181362	0.175926	-1835.762549	
4.177000	20.266388	0.993694	4.552978	29.215321	0.288851	-1835.645865	
4.178000	20.465114	0.920829	4.557084	29.249406	0.226548	-1835.529310	
4.179000	20.401691	0.791292	4.561537	29.283495	0.257699	-1835.413041	
4.180000	20.443973	0.653659	4.566450	29.317478	0.288851	-1835.297167	
4.181000	20.342496	0.904637	4.571862	29.351498	0.098047	-1835.181751	
4.182000	20.575048	0.629370	4.577599	29.385785	0.140880	-1835.066807	
4.183000	20.482027	0.953214	4.583537	29.420348	0.277169	-1834.952288	
4.184000	20.482027	0.945118	4.589646	29.454987	0.253805	-1834.838087	
4.185000	20.414376	0.856061	4.595577	29.489495	0.086365	-1834.724054	
4.186000	20.570820	0.718427	4.600796	29.523761	0.074683	-1834.610025	
4.187000	20.422832	0.661755	4.604941	29.557722	0.179820	-1834.495838	
4.188000	20.507396	0.791292	4.608040	29.591376	0.191502	-1834.381362	
4.189000	20.393235	0.953214	4.610528	29.624880	0.078577	-1834.266514	
4.190000	20.486255	0.896541	4.613030	29.658354	0.234335	-1834.151262	
4.191000	20.418604	0.937022	4.616042	29.691683	0.261593	-1834.035633	
4.192000	20.363637	0.920829	4.619597	29.724760	0.117516	-1833.919717	
4.193000	20.338268	0.823676	4.623201	29.757732	0.074683	-1833.803656	
4.194000	20.452430	0.864157	4.626133	29.790834	0.156456	-1833.687614	
4.195000	20.443973	0.742716	4.627713	29.824076	0.288851	-1833.571756	
4.196000	20.456658	0.993694	4.627358	29.857263	0.203184	-1833.456218	
4.197000	20.494712	0.864157	4.624974	29.890187	0.074683	-1833.341096	
4.198000	20.431289	0.969406	4.620997	29.922732	0.078577	-1833.226440	
4.199000	20.477799	0.864157	4.615459	29.954839	0.172032	-1833.112249	
4.200000	20.376322	1.131328	4.608222	29.986511	0.246017	-1832.998447	0.000000
4.201000	20.401691	0.686043	4.599978	30.017914	0.195396	-1832.884907	
4.202000	20.469342	0.718427	4.592017	30.049165	0.117516	-1832.771469	
4.203000	20.545450	0.734620	4.585567	30.080148	0.316109	-1832.657969	
4.204000	20.465114	0.702235	4.581308	30.110748	0.183714	-1832.544256	
4.205000	20.452430	0.580794	4.579393	30.141107	0.082471	-1832.430220	
4.206000	20.536994	0.856061	4.580034	30.171457	0.129198	-1832.315797	
4.207000	20.469342	0.831773	4.583592	30.201812	0.249911	-1832.200973	
4.208000	20.405919	0.888445	4.589962	30.231986	0.273275	-1832.085795	
4.209000	20.486255	0.750812	4.598335	30.261780	0.113622	-1831.970378	
4.210000	20.494712	0.742716	4.607546	30.291082	0.164244	-1831.854880	
4.211000	20.490484	0.839869	4.616475	30.319835	0.164244	-1831.739475	
4.212000	20.376322	0.993694	4.624390	30.348044	0.277169	-1831.624323	
4.213000	20.355181	0.928926	4.630947	30.375881	0.148668	-1831.509545	
4.214000	20.418604	0.823676	4.635695	30.403465	0.355048	-1831.395216	
4.215000	20.469342	0.896541	4.637802	30.430678	0.351155	-1831.281359	
4.216000	20.405919	0.669851	4.636782	30.457402	0.230441	-1831.167942	
4.217000	20.355181	0.864157	4.633176	30.483762	0.156456	-1831.054868	
4.218000	20.587732	0.775100	4.628129	30.509972	0.063001	-1830.941994	
4.219000	20.469342	0.880349	4.622828	30.536032	0.156456	-1830.829151	
4.220000	20.524309	0.831773	4.618278	30.561757	0.195396	-1830.716171	
4.221000	20.431289	0.864157	4.614941	30.586951	0.043531	-1830.602915	
4.222000	20.617330	0.596986	4.612823	30.611499	0.183714	-1830.489293	
4.223000	20.418604	0.726523	4.612328	30.635340	0.133092	-1830.375257	
4.224000	20.469342	0.637467	4.614361	30.658490	0.226548	-1830.260808	
4.225000	20.431289	0.791292	4.619138	30.681134	0.191502	-1830.146017	
4.226000	20.498940	0.888445	4.625654	30.703403	0.199290	-1830.031018	
4.227000	20.427060	0.945118	4.632496	30.725187	0.331685	-1829.915981	
4.228000	20.427060	0.847965	4.638587	30.746374	0.152562	-1829.801083	
4.229000	20.393235	0.896541	4.643231	30.767094	0.121410	-1829.686477	
4.230000	20.494712	0.872253	4.646048	30.787557	0.210972	-1829.572272	
4.231000	20.338268	0.993694	4.647030	30.807771	0.281063	-1829.458519	
4.232000	20.439745	0.831773	4.646334	30.827565	0.284957	-1829.345218	
4.233000	20.494712	0.775100	4.644102	30.846751	0.117516	-1829.232315	
4.234000	20.503168	0.872253	4.640647	30.865212	0.226548	-1829.119701	
4.235000	20.456658	0.791292	4.636563	30.882881	0.129198	-1829.007223	
4.236000	20.422832	0.928926	4.632383	30.899771	0.253805	-1828.894706	
4.237000	20.465114	0.710331	4.628120	30.916053	0.187608	-1828.781978	
4.238000	20.482027	0.815580	4.623411	30.931848	0.230441	-1828.668906	
4.239000	20.515853	0.904637	4.618258	30.947042	0.331685	-1828.555411	
4.240000	20.528537	0.775100	4.613188	30.961519	0.242123	-1828.441460	
4.241000	20.579276	0.767004	4.608698	30.975402	0.027955	-1828.327086	
4.242000	20.482027	0.767004	4.604961	30.988899	0.238229	-1828.212387	
4.243000	20.418604	0.823676	4.601805	31.002025	0.136986	-1828.097514	
4.244000	20.342496	0.961310	4.598957	31.014630	0.156456	-1827.982643	
4.245000	20.465114	0.718427	4.596408	31.026544	-0.014879	-1827.867948	
4.246000	20.456658	0.856061	4.594251	31.037659	0.378412	-1827.753576	
4.247000	20.486255	0.912733	4.592333	31.047913	0.253805	-1827.639620	
4.248000	20.389006	0.993694	4.590310	31.057331	0.370624	-1827.526119	
4.249000	20.477799	0.880349	4.587914	31.066105	0.226548	-1827.413061	
4.250000	20.350953	0.856061	4.585105	31.074364	0.261593	-1827.300371	
4.251000	20.473571	0.953214	4.582075	31.081995	0.296639	-1827.187913	
4.252000	20.443973	0.767004	4.579247	31.088883	0.269381	-1827.075520	
4.253000	20.503168	0.831773	4.577075	31.095140	0.121410	-1826.963015	
4.254000	20.558135	0.839869	4.575780	31.100966	0.281063	-1826.850240	
4.255000	20.477799	1.066559	4.575386	31.106375	0.269381	-1826.737080	
4.256000	20.469342	1.009886	4.575665	31.111230	0.331685	-1826.623469	
4.257000	20.456658	0.831773	4.576249	31.115377	0.101940	-1826.509398	
4.258000	20.477799	0.758908	4.577120	31.118709	0.230441	-1826.394927	
4.259000	20.469342	0.856061	4.578461	31.121165	0.288851	-1826.280175	
4.260000	20.431289	0.710331	4.580145	31.122783	0.187608	-1826.165300	
4.261000	20.456658	0.807484	4.581882	31.123765	0.249911	-1826.050480	
4.262000	20.477799	0.783196	4.583545	31.124238	0.210972	-1825.935885	
4.263000	20.465114	1.001790	4.585019	31.124099	0.288851	-1825.821647	
4.264000	20.431289	1.009886	4.585974	31.123233	0.101940	-1825.707848	
4.265000	20.460886	0.912733	4.585921	31.121751	0.156456	-1825.594518	
4.266000	20.536994	0.767004	4.584426	31.119842	0.304427	-1825.481629	
4.267000	20.350953	1.017982	4.581485	31.117519	0.304427	-1825.369083	
4.268000	20.435517	0.912733	4.577740	31.114658	0.358942	-1825.256725	
4.269000	20.439745	0.904637	4.574054	31.111114	0.121410	-1825.144384	
4.270000	20.549678	0.856061	4.570942	31.106779	0.273275	-1825.031890	
4.271000	20.418604	0.710331	4.568344	31.101593	0.234335	-1824.919101	
4.272000	20.477799	1.066559	4.566002	31.095600	0.214866	-1824.805913	
4.273000	20.477799	0.823676	4.563964	31.089003	0.195396	-1824.692277	
4.274000	20.439745	0.791292	4.562366	31.081922	0.218760	-1824.578197	
4.275000	20.427060	0.920829	4.561297	31.074243	0.273275	-1824.463750	
4.276000	20.532766	0.856061	4.560905	31.065843	0.156456	-1824.349072	
4.277000	20.604645	0.872253	4.561217	31.056818	-0.030454	-1824.234340	
4.278000	20.575048	0.815580	4.562164	31.047339	0.191502	-1824.119743	
4.279000	20.389006	0.823676	4.563626	31.037424	0.222654	-1824.005444	
4.280000	20.397463	0.912733	4.565074	31.026970	0.043531	-1823.891564	
4.281000	20.490484	0.823676	4.565963	31.015855	0.000697	-1823.778171	
4.282000	20.473571	0.937022	4.566712	31.003977	0.210972	-1823.665282	
4.283000	20.469342	0.823676	4.568029	30.991275	0.246017	-1823.552847	
4.284000	20.329812	1.058463	4.569912	30.977809	0.187608	-1823.440747	
4.285000	20.532766	0.767004	4.572172	30.963794	0.168138	-1823.328825	
4.286000	20.321355	0.896541	4.574627	30.949358	0.238229	-1823.216905	
4.287000	20.439745	1.009886	4.576926	30.934390	0.187608	-1823.104813	
4.288000	20.372094	0.920829	4.579017	30.918767	0.179820	-1822.992410	
4.289000	20.596189	0.783196	4.581145	30.902577	0.043531	-1822.879609	
4.290000	20.460886	0.920829	4.583369	30.885983	0.230441	-1822.766371	
4.291000	20.490484	1.026079	4.585516	30.868997	0.323897	-1822.652719	
4.292000	20.380550	0.977502	4.587404	30.851516	0.210972	-1822.538748	
4.293000	20.507396	0.742716	4.588866	30.833419	-0.038242	-1822.424614	
4.294000	20.490484	0.807484	4.589740	30.814603	0.226548	-1822.310505	
4.295000	20.507396	0.799388	4.589946	30.795006	0.125304	-1822.196600	
4.296000	20.405919	0.880349	4.589440	30.774694	0.281063	-1822.083042	
4.297000	20.541222	0.791292	4.588228	30.753881	0.175926	-1821.969927	
4.298000	20.469342	0.880349	4.586466	30.732691	0.140880	-1821.857311	
4.299000	20.435517	0.977502	4.584413	30.711011	0.218760	-1821.745197	
4.300000	20.498940	0.758908	4.582367	30.688723	0.105834	-1821.633518	0.000000
4.301000	20.503168	0.928926	4.580803	30.665909	0.039637	-1821.522146	
4.302000	20.465114	0.775100	4.580387	30.642732	0.195396	-1821.410916	
4.303000	20.397463	1.074655	4.581700	30.619210	0.230441	-1821.299646	
4.304000	20.350953	0.823676	4.584825	30.595269	0.179820	-1821.188168	
4.305000	20.372094	1.026079	4.589332	30.570814	0.109728	-1821.076356	
4.306000	20.587732	0.621274	4.594756	30.545745	0.362836	-1820.964140	
4.307000	20.401691	0.912733	4.600773	30.520001	0.222654	-1820.851499	
4.308000	20.376322	0.880349	4.607053	30.493657	0.358942	-1820.738478	
4.309000	20.465114	0.799388	4.613012	30.466944	0.281063	-1820.625186	
4.310000	20.469342	0.847965	4.617833	30.439984	0.288851	-1820.511781	
4.311000	20.427060	0.945118	4.621021	30.412658	0.249911	-1820.398442	
4.312000	20.545450	0.758908	4.622669	30.384834	0.086365	-1820.285345	
4.313000	20.600417	0.775100	4.623105	30.356585	-0.014879	-1820.172629	
4.314000	20.575048	0.621274	4.622473	30.328058	0.199290	-1820.060384	
4.315000	20.380550	0.912733	4.620549	30.299273	0.281063	-1819.948647	
4.316000	20.384778	0.888445	4.617097	30.270159	0.300533	-1819.837401	
4.317000	20.435517	0.767004	4.612405	30.240626	-0.096652	-1819.726569	
4.318000	20.498940	0.953214	4.607240	30.210573	0.273275	-1819.616018	
4.319000	20.494712	0.694139	4.602383	30.179943	0.175926	-1819.505577	
4.320000	20.376322	1.009886	4.598228	30.148821	0.183714	-1819.395065	
4.321000	20.524309	0.718427	4.594801	30.117442	0.101940	-1819.284322	
4.322000	20.376322	0.928926	4.591924	30.085926	0.152562	-1819.173239	
4.323000	20.439745	1.034175	4.589285	30.054158	0.261593	-1819.061757	
4.324000	20.355181	1.009886	4.586951	30.022006	0.284957	-1818.949869	
4.325000	20.604645	0.661755	4.585513	29.989537	0.109728	-1818.837642	
4.326000	20.443973	0.847965	4.585342	29.956890	0.288851	-1818.725203	
4.327000	20.448201	0.888445	4.586282	29.924085	0.335579	-1818.612712	
4.328000	20.393235	0.839869	4.588057	29.891066	0.098047	-1818.500344	
4.329000	20.532766	0.661755	4.590515	29.857756	-0.003197	-1818.388267	
4.330000	20.494712	0.669851	4.593262	29.824052	0.160350	-1818.276612	
4.331000	20.528537	0.815580	4.595406	29.789896	0.207078	-1818.165452	
4.332000	20.338268	1.001790	4.596078	29.755378	0.203184	-1818.054804	
4.333000	20.591961	0.799388	4.594871	29.720733	0.218760	-1817.944620	
4.334000	20.422832	0.856061	4.592078	29.686076	0.335579	-1817.834792	
4.335000	20.486255	0.937022	4.588696	29.651289	0.281063	-1817.725167	
4.336000	20.452430	0.750812	4.585838	29.616240	0.090259	-1817.615569	
4.337000	20.604645	0.888445	4.584357	29.580993	0.024061	-1817.505826	
4.338000	20.477799	0.823676	4.584763	29.545682	0.125304	-1817.395800	
4.339000	20.427060	1.034175	4.587333	29.510330	0.257699	-1817.285393	
4.340000	20.253704	0.847965	4.592211	29.474898	0.292745	-1817.174558	
4.341000	20.334040	0.856061	4.599080	29.439324	0.105834	-1817.063308	
4.342000	20.553907	0.726523	4.607184	29.403502	0.288851	-1816.951731	
4.343000	20.465114	0.872253	4.615722	29.367370	0.234335	-1816.839964	
4.344000	20.376322	0.799388	4.623820	29.331022	0.191502	-1816.728172	
4.345000	20.520081	0.880349	4.630667	29.294699	0.187608	-1816.616524	
4.346000	20.422832	0.864157	4.635819	29.258513	0.207078	-1816.505168	
4.347000	20.435517	1.074655	4.639023	29.222333	0.409564	-1816.394206	
4.348000	20.473571	0.807484	4.640110	29.186019	0.273275	-1816.283693	
4.349000	20.570820	0.856061	4.638973	29.149609	0.035743	-1816.173633	
4.350000	20.591961	0.750812	4.635672	29.113215	0.222654	-1816.063961	
4.351000	20.482027	0.953214	4.630816	29.076853	0.222654	-1815.954553	
4.352000	20.367865	0.839869	4.625389	29.040500	0.195396	-1815.845256	
4.353000	20.410148	0.839869	4.620181	29.004109	0.078577	-1815.735906	
4.354000	20.469342	0.767004	4.615664	28.967582	0.160350	-1815.626351	
4.355000	20.367865	0.937022	4.612101	28.930860	0.148668	-1815.516469	
4.356000	20.329812	0.864157	4.609411	28.894053	0.238229	-1815.406178	
4.357000	20.486255	0.613178	4.607339	28.857404	0.187608	-1815.295443	
4.358000	20.439745	0.799388	4.605933	28.821015	0.269381	-1815.184298	
4.359000	20.528537	0.977502	4.605381	28.784751	0.249911	-1815.072847	
4.360000	20.405919	0.896541	4.605527	28.748469	0.160350	-1814.961243	
4.361000	20.579276	0.799388	4.606035	28.712202	0.179820	-1814.849665	
4.362000	20.439745	0.880349	4.606724	28.676049	0.296639	-1814.738282	
4.363000	20.418604	0.904637	4.607475	28.640029	0.265487	-1814.627223	
4.364000	20.287529	0.920829	4.608126	28.604143	0.175926	-1814.516570	
4.365000	20.469342	0.961310	4.608503	28.568369	-0.018773	-1814.406365	
4.366000	20.443973	0.726523	4.608273	28.532611	0.288851	-1814.296605	
4.367000	20.524309	0.945118	4.607167	28.496805	0.238229	-1814.187216	
4.368000	20.312899	0.937022	4.605419	28.461078	0.210972	-1814.078066	
4.369000	20.646927	0.880349	4.603568	28.425690	0.292745	-1813.968993	
4.370000	20.359409	0.961310	4.601877	28.390746	0.183714	-1813.859827	
4.371000	20.452430	0.977502	4.600098	28.356106	0.175926	-1813.750422	
4.372000	20.452430	0.710331	4.598059	28.321620	0.160350	-1813.640676	
4.373000	20.608873	0.750812	4.596090	28.287308	-0.046030	-1813.530535	
4.374000	20.507396	0.896541	4.594481	28.253260	0.304427	-1813.420001	
4.375000	20.435517	1.017982	4.593282	28.219499	0.257699	-1813.309134	
4.376000	20.266388	0.864157	4.592524	28.186055	0.234335	-1813.198058	
4.377000	20.410148	0.896541	4.592099	28.152931	0.133092	-1813.086938	
4.378000	20.389006	0.758908	4.591719	28.120032	0.261593	-1812.975953	
4.379000	20.452430	0.815580	4.591164	28.087288	0.304427	-1812.865258	
4.380000	20.334040	0.718427	4.590331	28.054821	0.172032	-1812.754965	
4.381000	20.553907	0.864157	4.589345	28.022881	0.269381	-1812.645137	
4.382000	20.494712	0.645563	4.589141	27.991554	0.362836	-1812.535788	
4.383000	20.490484	1.082751	4.590949	27.960685	0.281063	-1812.426880	
4.384000	20.431289	0.904637	4.594886	27.930114	0.113622	-1812.318311	
4.385000	20.503168	0.775100	4.600107	27.899844	0.070789	-1812.209940	
4.386000	20.570820	0.775100	4.605796	27.869949	0.316109	-1812.101601	
4.387000	20.448201	1.017982	4.611484	27.840449	0.207078	-1811.993127	
4.388000	20.384778	0.742716	4.617000	27.811394	0.187608	-1811.884383	
4.389000	20.401691	0.896541	4.622135	27.782811	0.008485	-1811.775289	
4.390000	20.515853	0.993694	4.626647	27.754611	0.230441	-1811.665815	
4.391000	20.414376	0.872253	4.630618	27.726726	0.133092	-1811.555981	
4.392000	20.312899	0.783196	4.634155	27.699293	0.242123	-1811.445866	
4.393000	20.520081	0.775100	4.637014	27.672573	0.230441	-1811.335606	
4.394000	20.443973	0.734620	4.638760	27.646647	0.331685	-1811.225368	
4.395000	20.477799	0.912733	4.639005	27.621355	0.323897	-1811.115320	
4.396000	20.431289	0.880349	4.637566	27.596527	0.148668	-1811.005608	
4.397000	20.482027	0.758908	4.634266	27.572152	0.168138	-1810.896337	
4.398000	20.515853	0.904637	4.628603	27.548284	0.187608	-1810.787566	
4.399000	20.435517	1.098943	4.620399	27.524933	0.355048	-1810.679294	
4.400000	20.232563	0.888445	4.610441	27.502151	0.358942	-1810.571451	0.000000
4.401000	20.427060	0.718427	4.599986	27.479962	0.168138	-1810.463914	
4.402000	20.494712	0.831773	4.590155	27.458261	0.277169	-1810.356525	
4.403000	20.507396	0.637467	4.581757	27.436967	0.090259	-1810.249114	
4.404000	20.329812	0.847965	4.575159	27.416219	0.195396	-1810.141517	
4.405000	20.625786	0.783196	4.570320	27.396278	0.129198	-1810.033612	
4.406000	20.456658	0.742716	4.567019	27.377215	0.187608	-1809.925327	
4.407000	20.372094	0.645563	4.565104	27.358861	0.199290	-1809.816640	
4.408000	20.393235	0.807484	4.564649	27.341038	0.109728	-1809.707592	
4.409000	20.558135	0.912733	4.565796	27.323724	0.039637	-1809.598294	
4.410000	20.490484	0.799388	4.568339	27.306957	0.187608	-1809.488904	
4.411000	20.452430	1.001790	4.571770	27.290743	0.160350	-1809.379595	
4.412000	20.202965	0.985598	4.575594	27.275134	0.199290	-1809.270533	
4.413000	20.460886	0.823676	4.579455	27.260159	0.125304	-1809.161857	
4.414000	20.376322	0.928926	4.583003	27.245709	0.168138	-1809.053652	
4.415000	20.338268	0.880349	4.585559	27.231706	0.074683	-1808.945952	
4.416000	20.194509	0.864157	4.586406	27.218298	0.277169	-1808.838727	
4.417000	20.625786	0.783196	4.585490	27.205747	0.183714	-1808.731881	
4.418000	20.405919	0.912733	4.583451	27.194116	0.316109	-1808.625268	
4.419000	20.448201	1.082751	4.580972	27.183226	0.265487	-1808.518715	
4.420000	20.439745	0.783196	4.578448	27.172889	0.133092	-1808.412051	
4.421000	20.541222	0.791292	4.576340	27.163071	0.070789	-1808.305129	
4.422000	20.414376	0.686043	4.574817	27.153796	0.269381	-1808.197846	
4.423000	20.482027	0.993694	4.573299	27.145072	0.242123	-1808.090144	
4.424000	20.300214	0.856061	4.571634	27.136983	0.133092	-1807.982015	
4.425000	20.482027	0.807484	4.570563	27.129586	-0.061606	-1807.873530	
4.426000	20.541222	0.718427	4.570544	27.122778	0.168138	-1807.764825	
4.427000	20.452430	0.815580	4.571344	27.116478	0.144774	-1807.656067	
4.428000	20.274845	0.783196	4.572640	27.110841	0.148668	-1807.547433	
4.429000	20.532766	0.799388	4.574389	27.106136	0.152562	-1807.439083	
4.430000	20.397463	0.823676	4.576580	27.102423	0.253805	-1807.331129	
4.431000	20.355181	1.147520	4.578991	27.099524	0.312215	-1807.223633	
4.432000	20.507396	0.572698	4.581074	27.097244	0.117516	-1807.116611	
4.433000	20.482027	0.872253	4.582098	27.095537	0.129198	-1807.010019	
4.434000	20.494712	0.799388	4.581912	27.094420	0.148668	-1806.903751	
4.435000	20.427060	1.009886	4.581142	27.093889	0.261593	-1806.797650	
4.436000	20.249476	0.856061	4.580457	27.094016	0.226548	-1806.691540	
4.437000	20.367865	0.920829	4.580173	27.094841	0.265487	-1806.585253	
4.438000	20.460886	0.985598	4.580470	27.096243	0.331685	-1806.478655	
4.439000	20.414376	0.888445	4.581496	27.098133	0.175926	-1806.371657	
4.440000	20.224106	0.872253	4.583135	27.100667	0.203184	-1806.264214	
4.441000	20.604645	0.791292	4.584873	27.104111	0.109728	-1806.156340	
4.442000	20.575048	0.864157	4.586218	27.108513	0.160350	-1806.048120	
4.443000	20.473571	0.953214	4.587043	27.113680	0.125304	-1805.939699	
4.444000	20.431289	0.864157	4.587424	27.119415	0.164244	-1805.831255	
4.445000	20.490484	0.847965	4.587513	27.125661	0.090259	-1805.722970	
4.446000	20.452430	0.904637	4.587330	27.132421	0.175926	-1805.614999	
4.447000	20.486255	0.807484	4.586877	27.139699	0.183714	-1805.507440	
4.448000	20.249476	0.888445	4.586298	27.147596	0.327791	-1805.400343	
4.449000	20.469342	0.815580	4.585359	27.156187	0.168138	-1805.293711	
4.450000	20.414376	0.961310	4.583691	27.165364	0.203184	-1805.187482	
4.451000	20.410148	0.767004	4.581631	27.175043	0.175926	-1805.081534	
4.452000	20.122629	0.977502	4.579896	27.185387	0.296639	-1804.975701	
4.453000	20.575048	0.783196	4.578915	27.196666	0.284957	-1804.869800	
4.454000	20.363637	1.001790	4.578838	27.208925	0.292745	-1804.763658	
4.455000	20.482027	0.945118	4.579920	27.221962	0.277169	-1804.657145	
4.456000	20.431289	0.750812	4.583022	27.235570	0.168138	-1804.550189	
4.457000	20.604645	0.742716	4.589177	27.249673	0.024061	-1804.442776	
4.458000	20.460886	0.677947	4.598064	27.264260	0.090259	-1804.334952	
4.459000	20.494712	1.058463	4.608053	27.279321	0.238229	-1804.226825	
4.460000	20.224106	0.993694	4.617615	27.294951	0.207078	-1804.118552	
4.461000	20.528537	0.904637	4.625691	27.311215	0.129198	-1804.010314	
4.462000	20.469342	0.823676	4.631647	27.327995	0.242123	-1803.902288	
4.463000	20.469342	0.718427	4.635302	27.345197	0.133092	-1803.794616	
4.464000	20.257932	0.661755	4.636585	27.362988	0.148668	-1803.687388	
4.465000	20.541222	0.912733	4.635376	27.381638	0.218760	-1803.580645	
4.466000	20.439745	0.872253	4.631835	27.401185	0.335579	-1803.474372	
4.467000	20.376322	1.204192	4.626586	27.421433	0.226548	-1803.368483	
4.468000	20.414376	0.888445	4.620490	27.442172	0.090259	-1803.262837	
4.469000	20.465114	0.912733	4.614323	27.463321	0.210972	-1803.157265	
4.470000	20.448201	0.815580	4.608478	27.484857	0.238229	-1803.051590	
4.471000	20.414376	0.928926	4.603187	27.506773	0.214866	-1802.945654	
4.472000	20.291758	0.775100	4.598760	27.529182	0.253805	-1802.839342	
4.473000	20.363637	0.888445	4.595244	27.552161	0.179820	-1802.732594	
4.474000	20.393235	0.750812	4.592626	27.575591	0.343367	-1802.625403	
4.475000	20.384778	0.888445	4.591166	27.599369	0.246017	-1802.517829	
4.476000	20.300214	0.734620	4.590948	27.623651	0.152562	-1802.409992	
4.477000	20.536994	0.686043	4.591751	27.648699	0.284957	-1802.302054	
4.478000	20.536994	0.532217	4.593337	27.674545	0.296639	-1802.194194	
4.479000	20.498940	0.896541	4.595457	27.700985	0.183714	-1802.086585	
4.480000	20.536994	0.710331	4.597708	27.727808	0.074683	-1801.979362	
4.481000	20.435517	0.896541	4.599665	27.754927	0.210972	-1801.872611	
4.482000	20.515853	0.928926	4.600755	27.782316	0.234335	-1801.766364	
4.483000	20.405919	0.904637	4.599973	27.809973	0.195396	-1801.660584	
4.484000	20.338268	0.815580	4.596907	27.838022	0.234335	-1801.555168	
4.485000	20.427060	0.775100	4.592512	27.866554	0.191502	-1801.449971	
4.486000	20.460886	0.767004	4.588205	27.895454	0.249911	-1801.344824	
4.487000	20.384778	0.758908	4.585000	27.924620	0.125304	-1801.239558	
4.488000	20.186052	0.961310	4.583405	27.954214	0.210972	-1801.134030	
4.489000	20.507396	0.904637	4.583491	27.984496	0.203184	-1801.028141	
4.490000	20.422832	0.904637	4.585001	28.015491	0.296639	-1800.921841	
4.491000	20.431289	0.888445	4.587773	28.046988	0.187608	-1800.815136	
4.492000	20.456658	0.694139	4.591881	28.078767	0.191502	-1800.708105	
4.493000	20.570820	0.718427	4.597151	28.110734	0.261593	-1800.600896	
4.494000	20.473571	0.864157	4.603009	28.142849	0.113622	-1800.493686	
4.495000	20.465114	0.807484	4.608870	28.175107	0.164244	-1800.386654	
4.496000	20.228334	0.920829	4.614324	28.207636	0.070789	-1800.279952	
4.497000	20.460886	0.734620	4.618895	28.240535	0.308321	-1800.173689	
4.498000	20.427060	0.767004	4.621936	28.273684	0.242123	-1800.067926	
4.499000	20.494712	0.564602	4.622980	28.306978	0.183714	-1799.962672	
4.500000	20.156455	0.694139	4.622140	28.340574	0.063001	-1799.857869	0.000000
4.501000	20.613102	0.677947	4.620087	28.374733	0.140880	-1799.753402	
4.502000	20.435517	0.831773	4.617648	28.409482	0.226548	-1799.649113	
4.503000	20.448201	0.945118	4.615365	28.444617	0.269381	-1799.544826	
4.504000	20.372094	0.831773	4.613364	28.479927	0.172032	-1799.440371	
4.505000	20.515853	0.864157	4.611622	28.515313	0.117516	-1799.335618	
4.506000	20.477799	0.807484	4.610490	28.550737	0.362836	-1799.230482	
4.507000	20.405919	0.864157	4.610567	28.586193	0.253805	-1799.124927	
4.508000	20.262160	0.767004	4.611676	28.621824	0.249911	-1799.018983	
4.509000	20.452430	0.912733	4.613046	28.657732	0.191502	-1798.912754	
4.510000	20.460886	0.864157	4.614309	28.693799	0.343367	-1798.806391	
4.511000	20.431289	0.872253	4.615343	28.729918	0.175926	-1798.700068	
4.512000	20.270617	0.864157	4.616045	28.766238	0.218760	-1798.593952	
4.513000	20.545450	0.686043	4.616448	28.803005	0.152562	-1798.488183	
4.514000	20.545450	0.653659	4.616582	28.840233	0.316109	-1798.382850	
4.515000	20.452430	1.042271	4.616295	28.877715	0.203184	-1798.278001	
4.516000	20.528537	0.767004	4.615275	28.915235	0.136986	-1798.173636	
4.517000	20.507396	0.864157	4.613368	28.952691	0.090259	-1798.069691	
4.518000	20.477799	0.710331	4.610849	28.990037	0.168138	-1797.966042	
4.519000	20.384778	1.017982	4.608234	29.027269	0.339473	-1797.862526	
4.520000	20.304442	0.629370	4.606008	29.064535	0.082471	-1797.758966	
4.521000	20.427060	0.750812	4.604486	29.101944	0.292745	-1797.655206	
4.522000	20.575048	0.710331	4.603622	29.139381	0.257699	-1797.551133	
4.523000	20.397463	0.904637	4.603231	29.176741	0.105834	-1797.446678	
4.524000	20.380550	0.904637	4.603358	29.214176	0.257699	-1797.341829	
4.525000	20.397463	0.823676	4.604010	29.251934	0.253805	-1797.236641	
4.526000	20.435517	0.920829	4.604850	29.290026	0.265487	-1797.131228	
4.527000	20.397463	0.847965	4.605437	29.328246	0.261593	-1797.025745	
4.528000	20.477799	0.742716	4.605488	29.366375	0.230441	-1796.920363	
4.529000	20.515853	0.742716	4.604869	29.404303	0.121410	-1796.815252	
4.530000	20.456658	0.864157	4.603702	29.441974	0.113622	-1796.710538	
4.531000	20.435517	0.896541	4.602274	29.479383	0.222654	-1796.606298	
4.532000	20.321355	0.775100	4.600578	29.516679	0.160350	-1796.502556	
4.533000	20.494712	0.831773	4.598291	29.553974	0.074683	-1796.399286	
4.534000	20.482027	0.831773	4.595287	29.591150	0.207078	-1796.296396	
4.535000	20.541222	0.702235	4.591951	29.628098	0.140880	-1796.193743	
4.536000	20.329812	0.847965	4.588932	29.664971	0.078577	-1796.091157	
4.537000	20.591961	0.718427	4.586616	29.702015	0.133092	-1795.988471	
4.538000	20.397463	0.912733	4.584934	29.739251	0.261593	-1795.885543	
4.539000	20.452430	1.042271	4.583546	29.776481	0.214866	-1795.782280	
4.540000	20.431289	0.734620	4.582237	29.813501	0.113622	-1795.678633	
4.541000	20.515853	0.791292	4.581439	29.850204	0.183714	-1795.574605	
4.542000	20.443973	0.815580	4.581723	29.886535	0.234335	-1795.470263	
4.543000	20.427060	0.767004	4.582924	29.922491	0.273275	-1795.365727	
4.544000	20.219878	0.791292	4.584497	29.958230	0.277169	-1795.261151	
4.545000	20.515853	0.847965	4.586069	29.993866	0.172032	-1795.156707	
4.546000	20.427060	0.872253	4.587298	30.029287	0.308321	-1795.052547	
4.547000	20.435517	0.864157	4.587605	30.064380	0.249911	-1794.948778	
4.548000	20.325583	0.823676	4.586279	30.099292	0.172032	-1794.845457	
4.549000	20.536994	0.945118	4.582984	30.134263	0.226548	-1794.742590	
4.550000	20.456658	0.669851	4.578074	30.169308	0.370624	-1794.640116	
4.551000	20.494712	0.888445	4.572425	30.204232	0.265487	-1794.537921	
4.552000	20.456658	0.799388	4.567048	30.238826	0.098047	-1794.435859	
4.553000	20.591961	0.969406	4.562692	30.272981	0.121410	-1794.333769	
4.554000	20.460886	0.831773	4.559623	30.306641	0.121410	-1794.231498	
4.555000	20.372094	0.953214	4.557704	30.339813	0.253805	-1794.128915	
4.556000	20.321355	0.686043	4.556453	30.372663	0.175926	-1794.025939	
4.557000	20.452430	0.783196	4.555277	30.405316	0.121410	-1793.922538	
4.558000	20.532766	0.702235	4.554031	30.437660	0.265487	-1793.818740	
4.559000	20.439745	0.823676	4.552965	30.469591	0.136986	-1793.714643	
4.560000	20.389006	0.896541	4.552182	30.501258	0.109728	-1793.610390	
4.561000	20.494712	0.912733	4.551574	30.532904	0.152562	-1793.506149	
4.562000	20.350953	0.969406	4.551073	30.564544	0.378412	-1793.402084	
4.563000	20.389006	0.904637	4.550823	30.595993	0.249911	-1793.298326	
4.564000	20.456658	0.847965	4.551378	30.627046	0.230441	-1793.194962	
4.565000	20.520081	0.912733	4.553259	30.657588	0.265487	-1793.092037	
4.566000	20.465114	0.864157	4.555803	30.687555	0.292745	-1792.989540	
4.567000	20.443973	1.001790	4.557778	30.716950	0.214866	-1792.887395	
4.568000	20.393235	0.775100	4.558964	30.745936	0.269381	-1792.785475	
4.569000	20.389006	0.945118	4.559816	30.774635	0.230441	-1792.683623	
4.570000	20.490484	0.880349	4.560506	30.802933	0.257699	-1792.581672	
4.571000	20.465114	0.726523	4.560978	30.830713	0.133092	-1792.479474	
4.572000	20.431289	0.783196	4.561457	30.858113	-0.007091	-1792.376919	
4.573000	20.486255	0.831773	4.562376	30.885357	0.133092	-1792.273944	
4.574000	20.452430	0.985598	4.563877	30.912460	0.316109	-1792.170538	
4.575000	20.359409	0.920829	4.565917	30.939243	0.238229	-1792.066758	
4.576000	20.422832	0.920829	4.568512	30.965510	0.086365	-1791.962727	
4.577000	20.469342	0.864157	4.571521	30.991148	0.312215	-1791.858606	
4.578000	20.410148	0.880349	4.574614	31.016094	0.090259	-1791.754565	
4.579000	20.422832	0.799388	4.577510	31.040361	0.175926	-1791.650759	
4.580000	20.346724	0.912733	4.580075	31.064124	0.226548	-1791.547303	
4.581000	20.414376	0.904637	4.582135	31.087507	0.172032	-1791.444270	
4.582000	20.473571	0.880349	4.583485	31.110399	0.397882	-1791.341687	
4.583000	20.460886	0.726523	4.584262	31.132684	0.172032	-1791.239528	
4.584000	20.414376	0.912733	4.584918	31.154492	0.063001	-1791.137698	
4.585000	20.541222	0.775100	4.585882	31.176043	0.277169	-1791.036051	
4.586000	20.410148	0.969406	4.587400	31.197348	0.179820	-1790.934416	
4.587000	20.473571	0.750812	4.589526	31.218228	0.218760	-1790.832625	
4.588000	20.427060	0.896541	4.592382	31.238490	0.086365	-1790.730544	
4.589000	20.553907	0.823676	4.596170	31.258019	0.059107	-1790.628091	
4.590000	20.494712	0.912733	4.600571	31.276749	0.148668	-1790.525228	
4.591000	20.448201	0.856061	4.604564	31.294692	0.226548	-1790.421961	
4.592000	20.321355	0.775100	4.607468	31.312031	0.086365	-1790.318364	
4.593000	20.448201	0.767004	4.609439	31.328896	0.133092	-1790.214575	
4.594000	20.452430	0.799388	4.610744	31.345178	0.191502	-1790.110761	
4.595000	20.465114	0.775100	4.611426	31.360765	0.210972	-1790.007097	
4.596000	20.427060	0.864157	4.611402	31.375783	0.012379	-1789.903734	
4.597000	20.553907	0.694139	4.610662	31.390444	0.203184	-1789.800778	
4.598000	20.401691	0.799388	4.609421	31.404761	0.288851	-1789.698283	
4.599000	20.372094	0.920829	4.607705	31.418571	0.300533	-1789.596251	
4.600000	20.338268	0.758908	4.605363	31.431693	0.074683	-1789.494626	0.000000
4.601000	20.524309	0.904637	4.602706	31.444014	0.246017	-1789.393290	
4.602000	20.511625	0.742716	4.600476	31.455467	0.222654	-1789.292088	
4.603000	20.410148	1.050367	4.599331	31.466071	0.242123	-1789.190847	
4.604000	20.477799	0.839869	4.599569	31.476008	0.152562	-1789.089400	
4.605000	20.405919	0.742716	4.601080	31.485405	0.246017	-1788.987625	
4.606000	20.528537	0.864157	4.603462	31.494150	0.214866	-1788.885447	
4.607000	20.435517	0.904637	4.606360	31.502127	0.066895	-1788.782838	
4.608000	20.575048	0.702235	4.609873	31.509451	0.090259	-1788.679832	
4.609000	20.503168	0.669851	4.614142	31.516328	0.136986	-1788.576531	
4.610000	20.486255	0.791292	4.618654	31.522773	0.226548	-1788.473082	
4.611000	20.414376	0.912733	4.622684	31.528647	0.230441	-1788.369660	
4.612000	20.507396	0.645563	4.625879	31.533797	0.074683	-1788.266444	
4.613000	20.469342	0.856061	4.628127	31.538120	0.265487	-1788.163581	
4.614000	20.439745	0.758908	4.629536	31.541559	0.207078	-1788.061159	
4.615000	20.376322	1.123232	4.630161	31.544148	0.207078	-1787.959212	
4.616000	20.435517	0.742716	4.629395	31.546076	0.249911	-1787.857716	
4.617000	20.380550	0.928926	4.626718	31.547472	0.242123	-1787.756593	
4.618000	20.469342	0.896541	4.622679	31.548226	0.316109	-1787.655708	
4.619000	20.482027	0.920829	4.618290	31.548225	0.168138	-1787.554897	
4.620000	20.532766	0.831773	4.614193	31.547586	0.090259	-1787.453986	
4.621000	20.486255	0.613178	4.610541	31.546505	0.207078	-1787.352818	
4.622000	20.401691	1.228481	4.607411	31.544991	0.207078	-1787.251276	
4.623000	20.486255	0.856061	4.605255	31.542899	0.195396	-1787.149290	
4.624000	20.498940	0.815580	4.604547	31.540066	-0.003197	-1787.046852	
4.625000	20.562363	0.661755	4.605179	31.536382	0.253805	-1786.944022	
4.626000	20.503168	0.831773	4.606636	31.531789	0.203184	-1786.840926	
4.627000	20.477799	0.847965	4.608381	31.526324	0.101940	-1786.737721	
4.628000	20.393235	0.839869	4.609944	31.520187	0.195396	-1786.634580	
4.629000	20.452430	0.775100	4.611135	31.513513	0.269381	-1786.531670	
4.630000	20.384778	1.050367	4.612161	31.506195	0.195396	-1786.429116	
4.631000	20.452430	0.710331	4.613081	31.498123	0.109728	-1786.326993	
4.632000	20.536994	0.985598	4.613518	31.489411	-0.030454	-1786.225321	
4.633000	20.536994	0.823676	4.613152	31.480257	0.136986	-1786.124066	
4.634000	20.393235	1.034175	4.612028	31.470685	0.109728	-1786.023129	
4.635000	20.397463	0.896541	4.610440	31.460575	0.288851	-1785.922362	
4.636000	20.308670	0.912733	4.608751	31.449790	0.051319	-1785.821594	
4.637000	20.511625	0.872253	4.607206	31.438223	0.222654	-1785.720659	
4.638000	20.460886	1.058463	4.605945	31.425811	0.203184	-1785.619412	
4.639000	20.494712	1.131328	4.605031	31.412598	0.183714	-1785.517748	
4.640000	20.486255	0.888445	4.604194	31.398794	0.339473	-1785.415612	
4.641000	20.490484	0.872253	4.602913	31.384534	0.335579	-1785.313014	
4.642000	20.443973	0.750812	4.601110	31.369708	0.397882	-1785.210035	
4.643000	20.477799	0.775100	4.599179	31.354204	0.129198	-1785.106818	
4.644000	20.536994	0.791292	4.597406	31.338128	0.133092	-1785.003535	
4.645000	20.541222	0.847965	4.595860	31.321665	0.191502	-1784.900365	
4.646000	20.469342	0.864157	4.594522	31.304837	0.269381	-1784.797464	
4.647000	20.422832	0.920829	4.593440	31.287530	0.121410	-1784.694945	
4.648000	20.486255	0.791292	4.593002	31.269620	0.039637	-1784.592876	
4.649000	20.460886	1.001790	4.593804	31.251011	0.308321	-1784.491278	
4.650000	20.456658	0.904637	4.595794	31.231647	0.129198	-1784.390103	
4.651000	20.334040	1.026079	4.598113	31.211576	0.226548	-1784.289234	
4.652000	20.477799	0.896541	4.600086	31.191003	0.230441	-1784.188511	
4.653000	20.380550	0.872253	4.601498	31.170059	0.242123	-1784.087756	
4.654000	20.439745	0.985598	4.602123	31.148637	0.249911	-1783.986799	
4.655000	20.384778	0.847965	4.601709	31.126624	0.277169	-1783.885504	
4.656000	20.634243	0.653659	4.600122	31.104123	0.133092	-1783.783790	
4.657000	20.482027	0.783196	4.597297	31.081313	0.214866	-1783.681628	
4.658000	20.389006	1.042271	4.593318	31.058215	0.238229	-1783.579045	
4.659000	20.401691	1.001790	4.588589	31.034725	0.284957	-1783.476133	
4.660000	20.494712	0.864157	4.583679	31.010721	0.051319	-1783.373043	
4.661000	20.507396	0.742716	4.579003	30.986096	0.210972	-1783.269951	
4.662000	20.520081	0.596986	4.574611	30.960790	0.210972	-1783.167035	
4.663000	20.431289	0.799388	4.570272	30.934856	0.238229	-1783.064438	
4.664000	20.608873	0.831773	4.565927	30.908501	0.183714	-1782.962260	
4.665000	20.389006	0.912733	4.561818	30.881848	0.214866	-1782.860557	
4.666000	20.465114	1.115135	4.558151	30.854788	0.292745	-1782.759327	
4.667000	20.427060	0.783196	4.554985	30.827205	0.105834	-1782.658498	
4.668000	20.579276	0.872253	4.552441	30.799191	-0.014879	-1782.557936	
4.669000	20.528537	0.677947	4.550802	30.770917	0.300533	-1782.457474	
4.670000	20.405919	1.074655	4.550300	30.742405	0.390094	-1782.356932	
4.671000	20.405919	0.847965	4.550918	30.713558	0.257699	-1782.256148	
4.672000	20.321355	0.961310	4.552438	30.684259	0.066895	-1782.155010	
4.673000	20.422832	0.799388	4.554504	30.654410	0.234335	-1782.053454	
4.674000	20.350953	0.896541	4.556757	30.623953	0.125304	-1781.951463	
4.675000	20.393235	0.945118	4.559074	30.592947	0.347261	-1781.849075	
4.676000	20.405919	0.742716	4.561509	30.561598	0.168138	-1781.746397	
4.677000	20.473571	0.702235	4.563991	30.530016	0.168138	-1781.643585	
4.678000	20.435517	0.928926	4.566265	30.498084	0.265487	-1781.540817	
4.679000	20.465114	0.726523	4.568036	30.465676	0.117516	-1781.438268	
4.680000	20.532766	0.783196	4.569101	30.432871	-0.049924	-1781.336078	
4.681000	20.498940	0.807484	4.569781	30.399825	0.156456	-1781.234335	
4.682000	20.460886	1.115135	4.571054	30.366561	0.218760	-1781.133074	
4.683000	20.401691	0.847965	4.573484	30.333016	0.121410	-1781.032272	
4.684000	20.401691	0.677947	4.576671	30.299107	-0.116122	-1780.931844	
4.685000	20.558135	0.677947	4.580108	30.264742	0.183714	-1780.831658	
4.686000	20.503168	0.815580	4.583571	30.229865	0.207078	-1780.731548	
4.687000	20.439745	0.872253	4.586801	30.194555	0.249911	-1780.631343	
4.688000	20.473571	0.799388	4.589490	30.159039	0.292745	-1780.530889	
4.689000	20.439745	1.001790	4.591484	30.123435	0.320003	-1780.430081	
4.690000	20.452430	0.872253	4.592885	30.087624	0.246017	-1780.328858	
4.691000	20.418604	0.645563	4.593993	30.051477	-0.003197	-1780.227215	
4.692000	20.604645	0.677947	4.595102	30.015061	0.063001	-1780.125220	
4.693000	20.511625	0.807484	4.596305	29.978515	0.195396	-1780.023003	
4.694000	20.469342	1.009886	4.597476	29.941856	0.323897	-1779.920726	
4.695000	20.367865	1.034175	4.598282	29.905025	0.292745	-1779.818562	
4.696000	20.473571	0.799388	4.598209	29.867940	0.035743	-1779.716674	
4.697000	20.431289	0.791292	4.596628	29.830500	0.300533	-1779.615181	
4.698000	20.486255	0.677947	4.592964	29.792641	0.187608	-1779.514152	
4.699000	20.380550	0.791292	4.587189	29.754446	0.117516	-1779.413601	
4.700000	20.634243	0.661755	4.580104	29.716137	0.125304	-1779.313477	0.000000
4.701000	20.486255	0.985598	4.572836	29.677825	0.210972	-1779.213676	
4.702000	20.456658	0.920829	4.566382	29.639390	0.288851	-1779.114054	
4.703000	20.393235	0.815580	4.561534	29.600704	0.222654	-1779.014446	
4.704000	20.558135	0.831773	4.558688	29.561830	-0.030454	-1778.914689	
4.705000	20.439745	0.750812	4.557828	29.522904	0.160350	-1778.814650	
4.706000	20.469342	0.775100	4.558958	29.483946	0.179820	-1778.714237	
4.707000	20.359409	0.856061	4.562154	29.444914	0.078577	-1778.613406	
4.708000	20.486255	0.783196	4.567120	29.405745	0.063001	-1778.512178	
4.709000	20.435517	0.783196	4.573188	29.366343	0.273275	-1778.410644	
4.710000	20.410148	0.888445	4.579599	29.326649	0.203184	-1778.308947	
4.711000	20.342496	0.969406	4.585747	29.286748	0.277169	-1778.207250	
4.712000	20.579276	0.872253	4.591365	29.246868	0.230441	-1778.105718	
4.713000	20.435517	0.783196	4.596276	29.207110	0.320003	-1778.004489	
4.714000	20.507396	0.864157	4.600170	29.167347	0.312215	-1777.903661	
4.715000	20.482027	0.661755	4.602949	29.127442	0.164244	-1777.803287	
4.716000	20.583504	0.912733	4.604956	29.087448	0.066895	-1777.703375	
4.717000	20.562363	0.718427	4.606454	29.047493	0.027955	-1777.603869	
4.718000	20.443973	1.139424	4.607468	29.007597	0.234335	-1777.504645	
4.719000	20.380550	0.734620	4.608178	28.967734	0.242123	-1777.405545	
4.720000	20.410148	0.750812	4.608839	28.927854	0.074683	-1777.306402	
4.721000	20.520081	0.694139	4.609665	28.887862	0.144774	-1777.207068	
4.722000	20.490484	0.775100	4.610973	28.847702	0.125304	-1777.107428	
4.723000	20.317127	0.799388	4.612950	28.807480	0.265487	-1777.007409	
4.724000	20.545450	0.791292	4.615439	28.767438	0.277169	-1776.906987	
4.725000	20.486255	0.904637	4.618253	28.727690	0.284957	-1776.806204	
4.726000	20.372094	1.139424	4.621283	28.688112	0.277169	-1776.705169	
4.727000	20.410148	0.791292	4.624251	28.648566	0.288851	-1776.604029	
4.728000	20.443973	0.742716	4.626788	28.609096	0.152562	-1776.502956	
4.729000	20.498940	0.718427	4.628696	28.569816	0.230441	-1776.402110	
4.730000	20.435517	1.131328	4.629916	28.530739	0.277169	-1776.301613	
4.731000	20.380550	0.669851	4.630532	28.491839	0.257699	-1776.201541	
4.732000	20.367865	0.945118	4.630793	28.453067	0.066895	-1776.101932	
4.733000	20.473571	0.710331	4.630651	28.414317	0.300533	-1776.002770	
4.734000	20.575048	0.775100	4.629743	28.375525	0.265487	-1775.903969	
4.735000	20.367865	0.677947	4.628092	28.336800	0.187608	-1775.805387	
4.736000	20.604645	0.767004	4.626126	28.298385	0.222654	-1775.706855	
4.737000	20.494712	0.864157	4.624075	28.260379	0.292745	-1775.608202	
4.738000	20.490484	0.993694	4.621898	28.222646	0.242123	-1775.509288	
4.739000	20.410148	0.669851	4.619429	28.185040	0.101940	-1775.410015	
4.740000	20.638471	0.856061	4.616488	28.147595	0.129198	-1775.310334	
4.741000	20.456658	0.823676	4.613379	28.110418	0.222654	-1775.210245	
4.742000	20.503168	1.050367	4.610769	28.073528	0.320003	-1775.109810	
4.743000	20.257932	0.856061	4.608814	28.036916	0.148668	-1775.009152	
4.744000	20.427060	0.799388	4.607133	28.000550	0.016273	-1774.908433	
4.745000	20.473571	0.953214	4.605421	27.964331	0.327791	-1774.807831	
4.746000	20.431289	0.823676	4.603637	27.928196	0.261593	-1774.707501	
4.747000	20.228334	0.993694	4.601830	27.892260	0.296639	-1774.607553	
4.748000	20.541222	0.823676	4.599859	27.856770	0.210972	-1774.508044	
4.749000	20.312899	0.742716	4.597135	27.821819	0.327791	-1774.408983	
4.750000	20.465114	0.953214	4.592941	27.787260	0.164244	-1774.310319	
4.751000	20.397463	0.758908	4.587300	27.752939	0.183714	-1774.211944	
4.752000	20.613102	0.823676	4.581067	27.718878	0.059107	-1774.113712	
4.753000	20.524309	0.856061	4.575094	27.685163	0.277169	-1774.015462	
4.754000	20.498940	1.009886	4.569837	27.651815	0.331685	-1773.917032	
4.755000	20.287529	0.928926	4.565636	27.618858	0.183714	-1773.818298	
4.756000	20.486255	0.888445	4.563137	27.586297	0.012379	-1773.719182	
4.757000	20.490484	0.896541	4.563436	27.554034	0.214866	-1773.619658	
4.758000	20.532766	0.775100	4.567284	27.522000	0.172032	-1773.519749	
4.759000	20.329812	0.993694	4.574158	27.490318	0.253805	-1773.419544	
4.760000	20.579276	0.839869	4.582574	27.459233	0.199290	-1773.319183	
4.761000	20.456658	0.734620	4.591105	27.428834	0.292745	-1773.218836	
4.762000	20.414376	1.017982	4.598944	27.398971	0.296639	-1773.118674	
4.763000	20.405919	0.807484	4.605700	27.369489	0.210972	-1773.018837	
4.764000	20.524309	0.945118	4.610730	27.340397	-0.030454	-1772.919423	
4.765000	20.482027	0.783196	4.612900	27.311773	0.277169	-1772.820477	
4.766000	20.452430	1.163712	4.611608	27.283623	0.323897	-1772.721989	
4.767000	20.325583	0.888445	4.607550	27.255963	0.323897	-1772.623887	
4.768000	20.414376	0.856061	4.601979	27.228783	0.117516	-1772.526047	
4.769000	20.460886	0.742716	4.595977	27.201977	0.296639	-1772.428316	
4.770000	20.448201	0.856061	4.590316	27.175474	0.234335	-1772.330524	
4.771000	20.304442	0.807484	4.585374	27.149403	0.191502	-1772.232510	
4.772000	20.511625	0.807484	4.581389	27.124019	0.249911	-1772.134154	
4.773000	20.460886	0.734620	4.578736	27.099406	0.323897	-1772.035388	
4.774000	20.507396	0.815580	4.577386	27.075405	0.222654	-1771.936196	
4.775000	20.536994	0.783196	4.576488	27.051848	0.105834	-1771.836632	
4.776000	20.524309	0.847965	4.575255	27.028737	-0.022667	-1771.736817	
4.777000	20.520081	0.783196	4.573602	27.006142	0.172032	-1771.636916	
4.778000	20.397463	0.993694	4.571815	26.984076	0.183714	-1771.537105	
4.779000	20.312899	0.831773	4.570172	26.962581	0.195396	-1771.437550	
4.780000	20.410148	0.823676	4.568681	26.941670	0.207078	-1771.338381	
4.781000	20.477799	0.815580	4.567335	26.921242	0.273275	-1771.239681	
4.782000	20.520081	0.823676	4.566328	26.901226	0.183714	-1771.141479	
4.783000	20.198737	0.896541	4.565634	26.881766	0.273275	-1771.043744	
4.784000	20.587732	0.718427	4.565086	26.863131	0.226548	-1770.946386	
4.785000	20.422832	0.977502	4.564863	26.845406	0.351155	-1770.849260	
4.786000	20.448201	0.993694	4.565330	26.828420	0.296639	-1770.752197	
4.787000	20.414376	0.920829	4.566686	26.811997	0.203184	-1770.655024	
4.788000	20.575048	0.807484	4.569027	26.796121	0.094153	-1770.557595	
4.789000	20.482027	0.945118	4.572342	26.780845	0.261593	-1770.459812	
4.790000	20.511625	0.669851	4.576333	26.766169	0.234335	-1770.361621	
4.791000	20.283301	0.969406	4.580552	26.752130	0.183714	-1770.263022	
4.792000	20.558135	0.791292	4.584699	26.738737	0.074683	-1770.164094	
4.793000	20.477799	0.823676	4.588554	26.725877	0.175926	-1770.064975	
4.794000	20.469342	0.726523	4.591814	26.713473	0.098047	-1769.965834	
4.795000	20.241019	0.839869	4.594356	26.701666	0.148668	-1769.866845	
4.796000	20.625786	0.783196	4.596304	26.690724	0.144774	-1769.768164	
4.797000	20.443973	0.775100	4.597771	26.680722	0.195396	-1769.669904	
4.798000	20.443973	0.856061	4.598853	26.671492	0.304427	-1769.572133	
4.799000	20.422832	0.564602	4.599710	26.662857	0.214866	-1769.474868	
4.800000	20.545450	0.758908	4.600453	26.654797	0.047425	-1769.378066	0.000000
4.801000	20.439745	0.767004	4.601057	26.647349	0.253805	-1769.281621	
4.802000	20.410148	0.993694	4.601549	26.640512	0.218760	-1769.185372	
4.803000	20.249476	0.815580	4.602111	26.634325	0.312215	-1769.089140	
4.804000	20.511625	0.783196	4.602927	26.628802	0.082471	-1768.992757	
4.805000	20.494712	0.661755	4.604148	26.623828	0.246017	-1768.896088	
4.806000	20.498940	0.726523	4.605881	26.619321	0.129198	-1768.799047	
4.807000	20.304442	0.839869	4.608139	26.615416	0.101940	-1768.701593	
4.808000	20.536994	0.904637	4.611024	26.612367	0.210972	-1768.603740	
4.809000	20.524309	0.767004	4.614498	26.610230	0.129198	-1768.505570	
4.810000	20.477799	0.969406	4.617995	26.608824	0.304427	-1768.407225	
4.811000	20.545450	0.750812	4.620863	26.607962	0.172032	-1768.308875	
4.812000	20.570820	0.767004	4.622901	26.607613	-0.081076	-1768.210699	
4.813000	20.515853	0.637467	4.624212	26.607814	0.152562	-1768.112850	
4.814000	20.359409	0.839869	4.624768	26.608569	0.164244	-1768.015427	
4.815000	20.295986	0.969406	4.624304	26.609937	0.136986	-1767.918479	
4.816000	20.422832	0.961310	4.622628	26.611948	0.152562	-1767.822006	
4.817000	20.494712	0.669851	4.619902	26.614490	0.234335	-1767.725945	
4.818000	20.427060	0.864157	4.616653	26.617480	0.175926	-1767.630164	
4.819000	20.287529	0.815580	4.613491	26.621064	0.164244	-1767.534497	
4.820000	20.465114	0.799388	4.610756	26.625506	0.144774	-1767.438763	
4.821000	20.427060	0.872253	4.608590	26.630865	0.210972	-1767.342795	
4.822000	20.384778	0.985598	4.607305	26.636955	0.257699	-1767.246469	
4.823000	20.456658	0.758908	4.607348	26.643581	0.160350	-1767.149710	
4.824000	20.456658	0.775100	4.608788	26.650697	0.121410	-1767.052500	
4.825000	20.482027	0.799388	4.611256	26.658324	0.191502	-1766.954887	
4.826000	20.456658	0.815580	4.614337	26.666460	0.144774	-1766.856974	
4.827000	20.283301	0.783196	4.617602	26.675179	0.168138	-1766.758916	
4.828000	20.456658	0.791292	4.620554	26.684527	0.066895	-1766.660892	
4.829000	20.528537	0.928926	4.622751	26.694390	0.203184	-1766.563082	
4.830000	20.465114	0.807484	4.623755	26.704679	0.175926	-1766.465625	
4.831000	20.186052	0.985598	4.623219	26.715542	0.207078	-1766.368606	
4.832000	20.528537	0.945118	4.621063	26.727244	0.105834	-1766.272057	
4.833000	20.384778	0.791292	4.617422	26.739839	0.109728	-1766.175956	
4.834000	20.477799	1.058463	4.612634	26.753142	0.296639	-1766.080219	
4.835000	20.401691	0.888445	4.607279	26.766958	0.156456	-1765.984708	
4.836000	20.532766	0.888445	4.601980	26.781241	0.125304	-1765.889258	
4.837000	20.380550	0.993694	4.597077	26.796005	0.210972	-1765.793696	
4.838000	20.372094	0.977502	4.592602	26.811250	0.218760	-1765.697862	
4.839000	20.131086	1.017982	4.588720	26.827051	0.230441	-1765.601642	
4.840000	20.541222	0.791292	4.586075	26.843456	0.133092	-1765.504971	
4.841000	20.494712	0.856061	4.585387	26.860345	0.425140	-1765.407843	
4.842000	20.477799	0.839869	4.586905	26.877625	0.195396	-1765.310319	
4.843000	20.126857	0.953214	4.590310	26.895442	0.226548	-1765.212523	
4.844000	20.579276	0.904637	4.594817	26.914060	0.222654	-1765.114617	
4.845000	20.405919	0.920829	4.599564	26.933528	0.261593	-1765.016778	
4.846000	20.465114	1.066559	4.603904	26.953653	0.308321	-1764.919169	
4.847000	20.452430	0.669851	4.607424	26.974230	0.156456	-1764.821911	
4.848000	20.630014	0.872253	4.610522	26.995200	0.055213	-1764.725081	
4.849000	20.524309	0.694139	4.614227	27.016570	0.179820	-1764.628704	
4.850000	20.389006	1.026079	4.618723	27.038339	0.242123	-1764.532744	
4.851000	20.202965	0.831773	4.623217	27.060607	0.218760	-1764.437100	
4.852000	20.405919	0.953214	4.627071	27.083440	0.129198	-1764.341621	
4.853000	20.448201	0.872253	4.630045	27.106729	0.207078	-1764.246137	
4.854000	20.422832	0.831773	4.631908	27.130380	0.172032	-1764.150472	
4.855000	20.257932	0.799388	4.632392	27.154552	0.214866	-1764.054481	
4.856000	20.520081	0.799388	4.631262	27.179510	0.257699	-1763.958063	
4.857000	20.393235	1.074655	4.628431	27.205299	0.152562	-1763.861170	
4.858000	20.355181	1.026079	4.624432	27.231722	0.331685	-1763.763810	
4.859000	20.448201	0.896541	4.620076	27.258573	0.238229	-1763.666062	
4.860000	20.443973	0.896541	4.615549	27.285780	0.214866	-1763.568070	
4.861000	20.477799	0.726523	4.610720	27.313334	0.238229	-1763.470005	
4.862000	20.380550	0.969406	4.605796	27.341226	0.203184	-1763.372039	
4.863000	20.300214	0.726523	4.601177	27.369540	0.261593	-1763.274320	
4.864000	20.431289	0.856061	4.597053	27.398337	0.098047	-1763.176961	
4.865000	20.591961	0.928926	4.593492	27.427493	0.249911	-1763.080028	
4.866000	20.452430	1.058463	4.590725	27.456911	0.226548	-1762.983532	
4.867000	20.334040	0.912733	4.588880	27.486742	0.129198	-1762.887414	
4.868000	20.498940	0.653659	4.587810	27.517247	0.098047	-1762.791555	
4.869000	20.465114	0.823676	4.587428	27.548473	0.308321	-1762.695797	
4.870000	20.435517	0.783196	4.587805	27.580220	0.230441	-1762.599970	
4.871000	20.469342	0.686043	4.588859	27.612280	0.156456	-1762.503914	
4.872000	20.608873	0.888445	4.590271	27.644582	0.121410	-1762.407515	
4.873000	20.490484	0.799388	4.592079	27.677114	0.066895	-1762.310699	
4.874000	20.401691	1.058463	4.594908	27.709876	0.331685	-1762.213444	
4.875000	20.156455	0.928926	4.599169	27.742981	0.316109	-1762.115785	
4.876000	20.372094	0.742716	4.604518	27.776505	0.191502	-1762.017830	
4.877000	20.482027	0.839869	4.610124	27.810330	0.261593	-1761.919729	
4.878000	20.473571	0.758908	4.615134	27.844353	0.234335	-1761.821651	
4.879000	20.257932	0.783196	4.619011	27.878730	0.129198	-1761.723763	
4.880000	20.600417	0.734620	4.621632	27.913725	0.199290	-1761.626200	
4.881000	20.477799	0.993694	4.623076	27.949371	0.339473	-1761.529050	
4.882000	20.558135	0.928926	4.623232	27.985463	0.187608	-1761.432358	
4.883000	20.439745	0.767004	4.621906	28.021786	0.183714	-1761.336115	
4.884000	20.591961	0.702235	4.619247	28.058255	0.105834	-1761.240252	
4.885000	20.536994	0.750812	4.615769	28.094845	0.136986	-1761.144640	
4.886000	20.456658	0.775100	4.612090	28.131554	0.156456	-1761.049118	
4.887000	20.241019	0.880349	4.608655	28.168500	0.261593	-1760.953519	
4.888000	20.477799	0.856061	4.605770	28.205774	0.078577	-1760.857702	
4.889000	20.452430	0.888445	4.603786	28.243259	0.210972	-1760.761571	
4.890000	20.524309	0.831773	4.602957	28.280858	0.269381	-1760.665067	
4.891000	20.190281	0.823676	4.603342	28.318730	0.121410	-1760.568179	
4.892000	20.477799	0.718427	4.604917	28.357139	0.246017	-1760.470960	
4.893000	20.460886	0.661755	4.607422	28.396117	0.296639	-1760.373525	
4.894000	20.384778	0.961310	4.610274	28.435458	0.366730	-1760.276031	
4.895000	20.473571	0.750812	4.612783	28.474949	0.164244	-1760.178655	
4.896000	20.511625	0.953214	4.614375	28.514498	0.172032	-1760.081558	
4.897000	20.507396	0.677947	4.614856	28.554070	0.257699	-1759.984861	
4.898000	20.308670	0.993694	4.614629	28.593656	0.253805	-1759.888631	
4.899000	20.304442	0.710331	4.614295	28.633377	0.183714	-1759.792886	
4.900000	20.482027	0.823676	4.614037	28.673320	0.136986	-1759.697591	0.000000
4.901000	20.570820	0.702235	4.613697	28.713367	0.199290	-1759.602650	
4.902000	20.486255	0.750812	4.613240	28.753414	0.055213	-1759.507925	
4.903000	20.325583	0.880349	4.612740	28.793620	0.098047	-1759.413249	
4.904000	20.536994	0.750812	4.612101	28.834243	0.164244	-1759.318461	
4.905000	20.448201	0.726523	4.611318	28.875311	0.207078	-1759.223423	
4.906000	20.443973	0.896541	4.610692	28.916618	0.230441	-1759.128045	
4.907000	20.456658	0.823676	4.610312	28.957951	0.039637	-1759.032283	
4.908000	20.524309	0.807484	4.610024	28.999215	0.136986	-1758.936155	
4.909000	20.532766	0.661755	4.609888	29.040374	0.242123	-1758.839741	
4.910000	20.376322	1.001790	4.609980	29.081428	0.296639	-1758.743173	
4.911000	20.287529	0.888445	4.610191	29.122522	0.226548	-1758.646612	
4.912000	20.338268	0.807484	4.610464	29.163763	0.195396	-1758.550230	
4.913000	20.460886	0.726523	4.610855	29.205035	0.261593	-1758.454173	
4.914000	20.456658	0.847965	4.611454	29.246229	0.234335	-1758.358536	
4.915000	20.300214	0.767004	4.612229	29.287498	0.121410	-1758.263370	
4.916000	20.587732	0.645563	4.612852	29.329098	0.035743	-1758.168673	
4.917000	20.469342	0.888445	4.612925	29.371052	0.214866	-1758.074382	
4.918000	20.448201	0.839869	4.612339	29.413153	0.234335	-1757.980381	
4.919000	20.443973	0.783196	4.611267	29.455186	0.179820	-1757.886519	
4.920000	20.566591	0.694139	4.609963	29.497044	0.031849	-1757.792631	
4.921000	20.498940	0.775100	4.608559	29.538680	0.179820	-1757.698560	
4.922000	20.528537	0.807484	4.607151	29.580085	0.187608	-1757.604180	
4.923000	20.300214	0.750812	4.605993	29.621406	0.055213	-1757.509414	
4.924000	20.486255	0.718427	4.605344	29.662754	0.183714	-1757.414243	
4.925000	20.414376	0.839869	4.605271	29.704015	0.183714	-1757.318709	
4.926000	20.486255	0.783196	4.605598	29.745082	0.195396	-1757.222915	
4.927000	20.253704	0.807484	4.605945	29.786107	0.203184	-1757.127010	
4.928000	20.532766	0.799388	4.605980	29.827343	0.140880	-1757.031156	
4.929000	20.384778	0.783196	4.605503	29.868809	0.222654	-1756.935512	
4.930000	20.443973	0.880349	4.604430	29.910303	0.273275	-1756.840204	
4.931000	20.401691	0.896541	4.602962	29.951613	0.121410	-1756.745314	
4.932000	20.507396	0.718427	4.601378	29.992635	0.230441	-1756.650882	
4.933000	20.490484	0.872253	4.599570	30.033316	0.195396	-1756.556894	
4.934000	20.532766	0.977502	4.597247	30.073653	0.292745	-1756.463267	
4.935000	20.253704	0.726523	4.594485	30.113792	0.207078	-1756.369862	
4.936000	20.431289	0.888445	4.591741	30.153843	0.249911	-1756.276516	
4.937000	20.511625	0.775100	4.589456	30.193687	0.253805	-1756.183061	
4.938000	20.507396	0.823676	4.587940	30.233210	0.136986	-1756.089351	
4.939000	20.448201	0.839869	4.587487	30.272563	0.043531	-1755.995283	
4.940000	20.587732	0.831773	4.588235	30.311990	0.144774	-1755.900803	
4.941000	20.465114	0.605082	4.590119	30.351509	0.172032	-1755.805907	
4.942000	20.452430	0.937022	4.593010	30.390926	0.168138	-1755.710659	
4.943000	20.473571	0.783196	4.596558	30.430035	0.113622	-1755.615183	
4.944000	20.494712	0.823676	4.600082	30.468732	0.179820	-1755.519642	
4.945000	20.524309	0.726523	4.602919	30.506965	0.277169	-1755.424210	
4.946000	20.376322	0.945118	4.604755	30.544740	0.238229	-1755.329043	
4.947000	20.334040	0.767004	4.605362	30.582217	0.203184	-1755.234256	
4.948000	20.342496	0.904637	4.604051	30.619516	0.246017	-1755.139918	
4.949000	20.397463	0.791292	4.599969	30.656525	0.300533	-1755.046053	
4.950000	20.321355	0.904637	4.593133	30.693133	0.191502	-1754.952620	
4.951000	20.380550	0.775100	4.584609	30.729486	0.168138	-1754.859514	
4.952000	20.524309	0.912733	4.575713	30.765821	0.249911	-1754.766583	
4.953000	20.431289	0.864157	4.567521	30.802146	0.253805	-1754.673654	
4.954000	20.435517	0.961310	4.560730	30.838261	0.179820	-1754.580561	
4.955000	20.482027	0.864157	4.555377	30.873955	0.125304	-1754.487173	
4.956000	20.507396	0.864157	4.550886	30.909116	0.183714	-1754.393409	
4.957000	20.452430	0.880349	4.546635	30.943687	-0.084970	-1754.299225	
4.958000	20.431289	0.888445	4.542598	30.977666	0.183714	-1754.204628	
4.959000	20.393235	0.815580	4.539452	31.011212	0.218760	-1754.109692	
4.960000	20.469342	0.823676	4.537938	31.044441	0.179820	-1754.014558	
4.961000	20.482027	0.872253	4.538250	31.077244	0.323897	-1753.919402	
4.962000	20.494712	0.783196	4.540101	31.109513	0.059107	-1753.824402	
4.963000	20.372094	0.937022	4.543121	31.141399	0.144774	-1753.729711	
4.964000	20.507396	0.742716	4.547279	31.173146	0.078577	-1753.635430	
4.965000	20.380550	1.050367	4.552799	31.204772	0.175926	-1753.541609	
4.966000	20.443973	1.066559	4.559481	31.236084	0.187608	-1753.448246	
4.967000	20.448201	0.953214	4.566719	31.266878	0.199290	-1753.355281	
4.968000	20.524309	0.783196	4.574090	31.297043	0.238229	-1753.262596	
4.969000	20.431289	0.904637	4.581343	31.326519	0.281063	-1753.170034	
4.970000	20.431289	0.856061	4.588156	31.355306	0.273275	-1753.077419	
4.971000	20.274845	0.928926	4.594088	31.383567	0.308321	-1752.984585	
4.972000	20.410148	0.920829	4.598803	31.411425	0.144774	-1752.891404	
4.973000	20.384778	0.872253	4.602363	31.438767	0.327791	-1752.797803	
4.974000	20.520081	0.783196	4.605079	31.465480	0.117516	-1752.703755	
4.975000	20.393235	0.791292	4.607120	31.491709	-0.018773	-1752.609301	
4.976000	20.575048	0.799388	4.608492	31.517689	0.172032	-1752.514546	
4.977000	20.520081	0.807484	4.609132	31.543437	0.187608	-1752.419648	
4.978000	20.460886	1.001790	4.609060	31.568773	0.210972	-1752.324790	
4.979000	20.418604	0.937022	4.608567	31.593501	0.086365	-1752.230149	
4.980000	20.503168	0.904637	4.607973	31.617517	0.105834	-1752.135873	
4.981000	20.562363	0.823676	4.607274	31.640769	0.203184	-1752.042056	
4.982000	20.414376	1.123232	4.606068	31.663268	0.136986	-1751.948735	
4.983000	20.338268	0.856061	4.603870	31.685194	0.199290	-1751.855893	
4.984000	20.283301	0.880349	4.600633	31.706677	0.246017	-1751.763453	
4.985000	20.486255	0.864157	4.596871	31.727612	0.440716	-1751.671280	
4.986000	20.334040	0.928926	4.593297	31.747890	0.246017	-1751.579206	
4.987000	20.401691	0.839869	4.590397	31.767654	0.105834	-1751.487053	
4.988000	20.490484	0.888445	4.588460	31.787132	0.133092	-1751.394659	
4.989000	20.486255	0.767004	4.587812	31.806336	0.343367	-1751.301905	
4.990000	20.456658	0.880349	4.588694	31.825085	0.312215	-1751.208724	
4.991000	20.532766	0.726523	4.591019	31.843185	0.179820	-1751.115114	
4.992000	20.443973	0.872253	4.594531	31.860527	0.222654	-1751.021146	
4.993000	20.443973	0.847965	4.599009	31.877050	0.160350	-1750.926955	
4.994000	20.427060	0.953214	4.604131	31.892763	0.288851	-1750.832705	
4.995000	20.460886	0.912733	4.609543	31.907844	0.273275	-1750.738572	
4.996000	20.503168	0.872253	4.615043	31.922420	0.249911	-1750.644723	
4.997000	20.465114	0.767004	4.620270	31.936385	0.226548	-1750.551288	
4.998000	20.528537	0.742716	4.624482	31.949635	0.191502	-1750.458346	
4.999000	20.520081	0.653659	4.626726	31.962313	0.086365	-1750.365924	
5.000000	20.532766	0.677947	4.626386	31.974656	0.101940	-1750.273989	0.000000
5.001000	20.405919	1.074655	4.623717	31.986687	0.331685	-1750.182439	
5.002000	20.405919	0.961310	4.619686	31.998241	0.269381	-1750.091113	
5.003000	20.410148	0.847965	4.615465	32.009134	0.035743	-1749.999831	
5.004000	20.558135	0.758908	4.612006	32.019262	0.238229	-1749.908421	
5.005000	20.410148	0.767004	4.609731	32.028567	0.249911	-1749.816737	
5.006000	20.477799	0.928926	4.608855	32.037063	0.175926	-1749.724678	
5.007000	20.350953	0.791292	4.609704	32.044927	0.269381	-1749.632193	
5.008000	20.410148	0.904637	4.612079	32.052292	0.222654	-1749.539290	
5.009000	20.393235	0.937022	4.615225	32.059052	0.312215	-1749.446050	
5.010000	20.490484	0.742716	4.618520	32.065099	0.121410	-1749.352611	
5.011000	20.418604	0.718427	4.621620	32.070566	0.086365	-1749.259147	
5.012000	20.630014	0.694139	4.624432	32.075676	0.140880	-1749.165835	
5.013000	20.456658	0.864157	4.626871	32.080448	0.218760	-1749.072831	
5.014000	20.473571	0.815580	4.628433	32.084716	0.094153	-1748.980252	
5.015000	20.456658	0.791292	4.628326	32.088300	0.051319	-1748.888168	
5.016000	20.528537	0.880349	4.626141	32.091092	0.164244	-1748.796597	
5.017000	20.401691	0.799388	4.622235	32.093038	0.199290	-1748.705481	
5.018000	20.448201	0.912733	4.617413	32.094164	0.238229	-1748.614692	
5.019000	20.452430	0.783196	4.612530	32.094659	0.273275	-1748.524066	
5.020000	20.435517	0.831773	4.608287	32.094664	0.304427	-1748.433425	
5.021000	20.477799	0.872253	4.604963	32.094077	0.288851	-1748.342602	
5.022000	20.410148	1.058463	4.602240	32.092794	0.164244	-1748.251471	
5.023000	20.376322	0.937022	4.599994	32.090947	0.070789	-1748.159948	
5.024000	20.452430	0.896541	4.599039	32.088749	0.312215	-1748.068000	
5.025000	20.456658	0.839869	4.600153	32.086214	0.296639	-1747.975652	
5.026000	20.435517	0.880349	4.603115	32.083181	0.401776	-1747.882996	
5.027000	20.448201	0.645563	4.607090	32.079477	0.082471	-1747.790184	
5.028000	20.507396	0.904637	4.611179	32.074997	0.288851	-1747.697399	
5.029000	20.524309	0.734620	4.614684	32.069682	0.156456	-1747.604818	
5.030000	20.422832	1.009886	4.617136	32.063556	0.226548	-1747.512584	
5.031000	20.490484	0.864157	4.618229	32.056805	0.152562	-1747.420785	
5.032000	20.418604	0.872253	4.617642	32.049557	0.249911	-1747.329465	
5.033000	20.515853	0.726523	4.614884	32.041703	0.327791	-1747.238611	
5.034000	20.359409	0.750812	4.609698	32.033134	-0.053818	-1747.148149	
5.035000	20.515853	0.831773	4.602547	32.023982	0.121410	-1747.057950	
5.036000	20.498940	0.856061	4.594459	32.014464	0.121410	-1746.967849	
5.037000	20.410148	0.969406	4.586651	32.004607	0.265487	-1746.877671	
5.038000	20.389006	0.920829	4.580304	31.994273	0.308321	-1746.787255	
5.039000	20.376322	0.726523	4.576341	31.983305	0.098047	-1746.696486	
5.040000	20.524309	0.815580	4.575224	31.971601	0.207078	-1746.605296	
5.041000	20.435517	0.767004	4.576923	31.959107	0.277169	-1746.513668	
5.042000	20.363637	0.856061	4.581067	31.945858	0.339473	-1746.421648	
5.043000	20.465114	0.961310	4.587011	31.932053	0.261593	-1746.329354	
5.044000	20.473571	0.872253	4.593776	31.917824	0.246017	-1746.236947	
5.045000	20.359409	1.017982	4.600188	31.903068	0.304427	-1746.144604	
5.046000	20.427060	0.750812	4.605135	31.887674	0.249911	-1746.052487	
5.047000	20.486255	0.880349	4.607918	31.871764	0.004591	-1745.960722	
5.048000	20.566591	0.564602	4.608650	31.855537	0.207078	-1745.869388	
5.049000	20.376322	1.017982	4.608077	31.839010	0.300533	-1745.778510	
5.050000	20.490484	0.937022	4.606716	31.822042	0.222654	-1745.688060	
5.051000	20.465114	0.953214	4.604579	31.804477	-0.042136	-1745.597949	
5.052000	20.536994	0.726523	4.601787	31.786212	0.136986	-1745.508042	
5.053000	20.389006	0.750812	4.598720	31.767191	0.078577	-1745.418174	
5.054000	20.443973	0.799388	4.595690	31.747455	0.129198	-1745.328174	
5.055000	20.460886	0.637467	4.592785	31.727201	0.253805	-1745.237897	
5.056000	20.570820	0.823676	4.589842	31.706558	0.195396	-1745.147245	
5.057000	20.435517	1.009886	4.586848	31.685423	0.448504	-1745.056166	
5.058000	20.439745	0.961310	4.584396	31.663689	0.140880	-1744.964661	
5.059000	20.477799	0.904637	4.583061	31.641472	0.004591	-1744.872805	
5.060000	20.435517	0.880349	4.582717	31.618969	0.113622	-1744.780729	
5.061000	20.414376	0.937022	4.582873	31.596198	0.358942	-1744.688597	
5.062000	20.435517	0.888445	4.583002	31.573035	0.257699	-1744.596579	
5.063000	20.414376	0.750812	4.582607	31.549338	0.113622	-1744.504828	
5.064000	20.494712	0.661755	4.581355	31.525004	0.335579	-1744.413459	
5.065000	20.515853	0.961310	4.578981	31.499974	0.214866	-1744.322534	
5.066000	20.355181	0.928926	4.575255	31.474289	0.144774	-1744.232063	
5.067000	20.511625	0.726523	4.570388	31.448145	0.070789	-1744.141991	
5.068000	20.393235	0.807484	4.565116	31.421664	0.191502	-1744.052207	
5.069000	20.528537	0.791292	4.560154	31.394734	0.144774	-1743.962562	
5.070000	20.460886	0.742716	4.556136	31.367243	0.195396	-1743.872887	
5.071000	20.596189	0.750812	4.553855	31.339299	-0.007091	-1743.783023	
5.072000	20.503168	0.888445	4.553830	31.311094	0.140880	-1743.692844	
5.073000	20.477799	0.904637	4.556098	31.282654	0.207078	-1743.602270	
5.074000	20.422832	0.783196	4.560601	31.253870	0.207078	-1743.511268	
5.075000	20.422832	0.831773	4.567071	31.224617	0.016273	-1743.419870	
5.076000	20.393235	0.872253	4.574746	31.194793	0.300533	-1743.328174	
5.077000	20.469342	0.783196	4.582623	31.164344	0.172032	-1743.236324	
5.078000	20.346724	0.937022	4.589922	31.133317	0.179820	-1743.144489	
5.079000	20.503168	0.888445	4.596393	31.101913	0.168138	-1743.052835	
5.080000	20.397463	0.912733	4.602026	31.070252	0.253805	-1742.961500	
5.081000	20.482027	1.098943	4.606505	31.038219	0.335579	-1742.870577	
5.082000	20.355181	0.629370	4.609266	31.005694	0.281063	-1742.780107	
5.083000	20.532766	0.807484	4.610039	30.972772	0.094153	-1742.690080	
5.084000	20.608873	0.839869	4.608971	30.939627	0.261593	-1742.600421	
5.085000	20.460886	0.904637	4.606477	30.906275	0.339473	-1742.510994	
5.086000	20.486255	0.799388	4.603214	30.872613	0.086365	-1742.421638	
5.087000	20.511625	0.815580	4.599834	30.838522	-0.038242	-1742.332190	
5.088000	20.583504	0.767004	4.596673	30.803902	0.129198	-1742.242503	
5.089000	20.448201	0.807484	4.593652	30.768701	0.152562	-1742.152471	
5.090000	20.355181	0.710331	4.590882	30.732985	0.312215	-1742.062023	
5.091000	20.486255	0.653659	4.589348	30.696968	0.098047	-1741.971143	
5.092000	20.490484	0.775100	4.590224	30.660778	0.222654	-1741.879883	
5.093000	20.469342	0.953214	4.593761	30.624308	0.230441	-1741.788360	
5.094000	20.482027	0.823676	4.599209	30.587444	0.136986	-1741.696735	
5.095000	20.465114	1.026079	4.605486	30.550281	-0.014879	-1741.605188	
5.096000	20.465114	0.758908	4.611794	30.512991	0.210972	-1741.513890	
5.097000	20.300214	0.993694	4.617643	30.475594	0.335579	-1741.422964	
5.098000	20.414376	1.009886	4.622774	30.437998	0.269381	-1741.332481	
5.099000	20.414376	0.856061	4.627256	30.400086	0.012379	-1741.242467	
5.100000	20.570820	0.864157	4.631047	30.361750	0.253805	-1741.152894	0.000000
5.101000	20.439745	0.726523	4.633739	30.322930	0.261593	-1741.063666	
5.102000	20.431289	1.050367	4.635040	30.283693	0.230441	-1740.974637	
5.103000	20.515853	0.767004	4.635093	30.244254	0.191502	-1740.885636	
5.104000	20.422832	0.815580	4.634284	30.204729	0.203184	-1740.796496	
5.105000	20.456658	0.831773	4.632919	30.165001	0.269381	-1740.707073	
5.106000	20.528537	0.896541	4.631294	30.124947	0.105834	-1740.617271	
5.107000	20.562363	0.661755	4.629906	30.084650	-0.038242	-1740.527040	
5.108000	20.486255	0.945118	4.629212	30.044269	0.246017	-1740.436390	
5.109000	20.498940	1.139424	4.629294	30.003831	0.253805	-1740.345398	
5.110000	20.376322	0.993694	4.629841	29.963275	0.265487	-1740.254203	
5.111000	20.477799	0.758908	4.630453	29.922519	-0.116122	-1740.162978	
5.112000	20.380550	0.856061	4.631055	29.881469	0.210972	-1740.071903	
5.113000	20.452430	0.839869	4.631826	29.840069	0.187608	-1739.981129	
5.114000	20.410148	0.945118	4.632985	29.798402	0.234335	-1739.890757	
5.115000	20.553907	0.799388	4.634784	29.756698	0.273275	-1739.800839	
5.116000	20.393235	0.977502	4.637030	29.715078	0.323897	-1739.711381	
5.117000	20.520081	0.920829	4.638968	29.673422	0.308321	-1739.622326	
5.118000	20.418604	0.896541	4.640097	29.631600	0.273275	-1739.533559	
5.119000	20.528537	0.815580	4.640497	29.589679	0.020167	-1739.444927	
5.120000	20.443973	0.758908	4.640432	29.547800	0.273275	-1739.356257	
5.121000	20.443973	1.131328	4.640036	29.505978	0.164244	-1739.267379	
5.122000	20.418604	0.847965	4.639250	29.464153	0.187608	-1739.178163	
5.123000	20.520081	0.864157	4.638097	29.422247	-0.069394	-1739.088538	
5.124000	20.524309	0.742716	4.636762	29.380159	0.179820	-1738.998484	
5.125000	20.524309	0.928926	4.635199	29.337831	0.117516	-1738.908039	
5.126000	20.329812	0.775100	4.633187	29.295348	0.207078	-1738.817296	
5.127000	20.520081	0.937022	4.630669	29.252937	0.109728	-1738.726403	
5.128000	20.443973	0.823676	4.627655	29.210712	0.242123	-1738.635533	
5.129000	20.448201	1.082751	4.624176	29.168552	0.121410	-1738.544856	
5.130000	20.490484	0.823676	4.620366	29.126328	0.222654	-1738.454513	
5.131000	20.528537	1.017982	4.616351	29.084108	0.008485	-1738.364596	
5.132000	20.541222	0.872253	4.612149	29.042032	0.222654	-1738.275154	
5.133000	20.300214	0.937022	4.607759	29.000113	0.331685	-1738.186175	
5.134000	20.312899	0.839869	4.603230	28.958282	0.405670	-1738.097581	
5.135000	20.389006	0.864157	4.598764	28.916444	0.078577	-1738.009242	
5.136000	20.545450	0.896541	4.594759	28.874489	0.421246	-1737.920995	
5.137000	20.435517	0.823676	4.591551	28.832353	0.296639	-1737.832664	
5.138000	20.363637	0.880349	4.589243	28.790129	0.269381	-1737.744087	
5.139000	20.477799	0.904637	4.587831	28.748054	0.063001	-1737.655148	
5.140000	20.520081	0.823676	4.587309	28.706241	0.296639	-1737.565786	
5.141000	20.410148	0.928926	4.587766	28.664568	0.226548	-1737.475994	
5.142000	20.498940	0.799388	4.589321	28.622898	0.164244	-1737.385826	
5.143000	20.587732	0.920829	4.591786	28.581282	0.039637	-1737.295406	
5.144000	20.558135	0.799388	4.594572	28.539845	0.156456	-1737.204898	
5.145000	20.456658	1.082751	4.597066	28.498607	0.152562	-1737.114482	
5.146000	20.376322	0.880349	4.598914	28.457540	0.195396	-1737.024329	
5.147000	20.448201	0.815580	4.599945	28.416595	0.078577	-1736.934576	
5.148000	20.494712	0.872253	4.599771	28.375676	0.078577	-1736.845306	
5.149000	20.490484	0.961310	4.597957	28.334722	0.133092	-1736.756546	
5.150000	20.295986	1.001790	4.595018	28.293828	0.312215	-1736.668259	
5.151000	20.553907	0.605082	4.592090	28.253226	0.261593	-1736.580340	
5.152000	20.359409	0.945118	4.589796	28.213016	0.312215	-1736.492638	
5.153000	20.486255	0.969406	4.588237	28.173067	0.401776	-1736.404980	
5.154000	20.431289	0.799388	4.587291	28.133238	0.187608	-1736.317190	
5.155000	20.558135	0.815580	4.586955	28.093569	-0.014879	-1736.229121	
5.156000	20.460886	0.864157	4.587356	28.054173	0.121410	-1736.140673	
5.157000	20.469342	1.001790	4.588294	28.015068	0.183714	-1736.051791	
5.158000	20.312899	0.888445	4.589422	27.976235	0.203184	-1735.962478	
5.159000	20.562363	0.872253	4.590640	27.937632	0.070789	-1735.872815	
5.160000	20.482027	0.815580	4.591902	27.899156	0.281063	-1735.782952	
5.161000	20.507396	0.645563	4.592934	27.860743	0.074683	-1735.693065	
5.162000	20.380550	0.880349	4.593442	27.822493	0.172032	-1735.603337	
5.163000	20.566591	0.920829	4.593508	27.784648	0.136986	-1735.513926	
5.164000	20.401691	0.969406	4.593395	27.747305	0.117516	-1735.424945	
5.165000	20.482027	0.864157	4.592964	27.710330	0.133092	-1735.336460	
5.166000	20.389006	0.726523	4.591960	27.673575	0.226548	-1735.248481	
5.167000	20.570820	0.815580	4.590607	27.637079	0.020167	-1735.160959	
5.168000	20.443973	0.702235	4.589251	27.600951	0.191502	-1735.073783	
5.169000	20.393235	1.034175	4.588073	27.565210	0.370624	-1734.986794	
5.170000	20.283301	0.799388	4.587342	27.529848	0.222654	-1734.899808	
5.171000	20.338268	0.864157	4.587396	27.494832	0.059107	-1734.812654	
5.172000	20.532766	0.767004	4.588415	27.460060	0.246017	-1734.725196	
5.173000	20.439745	0.742716	4.590036	27.425465	0.195396	-1734.637343	
5.174000	20.389006	0.532217	4.591519	27.391150	0.226548	-1734.549054	
5.175000	20.545450	0.807484	4.592691	27.357358	0.257699	-1734.460350	
5.176000	20.528537	0.710331	4.593867	27.324182	0.226548	-1734.371327	
5.177000	20.422832	0.969406	4.594943	27.291477	0.218760	-1734.282138	
5.178000	20.469342	0.823676	4.595566	27.259085	0.066895	-1734.192963	
5.179000	20.562363	0.767004	4.595730	27.227031	0.035743	-1734.103983	
5.180000	20.625786	0.807484	4.595644	27.195409	0.172032	-1734.015349	
5.181000	20.414376	0.977502	4.595121	27.164228	0.261593	-1733.927158	
5.182000	20.359409	0.677947	4.593460	27.133480	0.152562	-1733.839461	
5.183000	20.405919	0.726523	4.590242	27.103131	0.094153	-1733.752261	
5.184000	20.515853	0.864157	4.585848	27.073079	0.230441	-1733.665495	
5.185000	20.448201	0.815580	4.581097	27.043261	0.168138	-1733.579031	
5.186000	20.266388	0.864157	4.576736	27.013795	0.195396	-1733.492699	
5.187000	20.575048	0.775100	4.573166	26.984939	0.281063	-1733.406310	
5.188000	20.435517	0.750812	4.570649	26.956794	0.210972	-1733.319696	
5.189000	20.401691	0.775100	4.569486	26.929214	0.331685	-1733.232733	
5.190000	20.397463	0.726523	4.569788	26.902041	0.238229	-1733.145349	
5.191000	20.553907	0.864157	4.571562	26.875288	0.047425	-1733.057525	
5.192000	20.494712	0.677947	4.574913	26.849036	0.105834	-1732.969309	
5.193000	20.431289	0.969406	4.579749	26.823294	0.253805	-1732.880809	
5.194000	20.262160	0.872253	4.585557	26.798069	0.284957	-1732.792181	
5.195000	20.473571	0.775100	4.591678	26.773342	0.125304	-1732.703606	
5.196000	20.482027	0.758908	4.597552	26.749005	0.284957	-1732.615266	
5.197000	20.562363	0.710331	4.602637	26.724981	0.187608	-1732.527300	
5.198000	20.334040	0.799388	4.606487	26.701381	0.129198	-1732.439789	
5.199000	20.630014	0.864157	4.608786	26.678448	0.098047	-1732.352762	
5.200000	20.397463	0.767004	4.609215	26.656266	0.129198	-1732.266192	0.000000
5.201000	20.469342	0.904637	4.607845	26.634679	0.304427	-1732.179987	
5.202000	20.465114	0.864157	4.605381	26.613527	0.191502	-1732.094005	
5.203000	20.579276	0.767004	4.602705	26.592815	0.059107	-1732.008083	
5.204000	20.477799	0.686043	4.600436	26.572615	0.140880	-1731.922049	
5.205000	20.393235	1.017982	4.598818	26.552939	0.172032	-1731.835753	
5.206000	20.338268	0.580794	4.598028	26.533807	0.113622	-1731.749084	
5.207000	20.439745	0.977502	4.598487	26.515219	0.024061	-1731.661980	
5.208000	20.443973	0.783196	4.600409	26.497067	0.284957	-1731.574438	
5.209000	20.503168	0.912733	4.603431	26.479275	0.113622	-1731.486520	
5.210000	20.329812	0.847965	4.606980	26.461964	0.304427	-1731.398353	
5.211000	20.566591	0.791292	4.610514	26.445390	0.246017	-1731.310097	
5.212000	20.460886	0.847965	4.613496	26.429634	0.308321	-1731.221928	
5.213000	20.384778	1.098943	4.615493	26.414535	0.300533	-1731.134005	
5.214000	20.465114	0.791292	4.616355	26.399918	0.152562	-1731.046446	
5.215000	20.566591	0.815580	4.616521	26.385773	0.078577	-1730.959321	
5.216000	20.562363	0.888445	4.616737	26.372156	-0.026560	-1730.872651	
5.217000	20.498940	1.009886	4.617077	26.359070	0.273275	-1730.786386	
5.218000	20.325583	0.783196	4.617081	26.346544	0.098047	-1730.700422	
5.219000	20.393235	0.791292	4.616699	26.334581	0.063001	-1730.614616	
5.220000	20.469342	0.791292	4.616157	26.323073	0.253805	-1730.528807	
5.221000	20.448201	0.847965	4.615497	26.311947	0.133092	-1730.442829	
5.222000	20.295986	0.888445	4.614706	26.301335	0.253805	-1730.356537	
5.223000	20.541222	0.977502	4.613865	26.291492	0.125304	-1730.269837	
5.224000	20.486255	0.880349	4.613083	26.282495	0.316109	-1730.182681	
5.225000	20.422832	0.945118	4.612502	26.274176	0.269381	-1730.095084	
5.226000	20.359409	0.726523	4.612234	26.266360	0.187608	-1730.007130	
5.227000	20.503168	0.775100	4.612208	26.259030	0.113622	-1729.918967	
5.228000	20.465114	0.928926	4.612249	26.252234	0.203184	-1729.830765	
5.229000	20.422832	1.058463	4.612231	26.245978	0.168138	-1729.742689	
5.230000	20.249476	0.945118	4.611988	26.240314	0.281063	-1729.654881	
5.231000	20.414376	0.629370	4.611125	26.235266	0.086365	-1729.567441	
5.232000	20.507396	0.904637	4.609278	26.230725	0.156456	-1729.480430	
5.233000	20.486255	0.783196	4.606658	26.226608	0.179820	-1729.393850	
5.234000	20.291758	1.058463	4.603793	26.223045	0.066895	-1729.307638	
5.235000	20.608873	0.872253	4.601015	26.220291	0.121410	-1729.221671	
5.236000	20.384778	0.953214	4.598563	26.218412	0.175926	-1729.135790	
5.237000	20.460886	1.001790	4.596685	26.217237	0.284957	-1729.049827	
5.238000	20.427060	0.880349	4.595511	26.216584	0.043531	-1728.963626	
5.239000	20.676525	0.718427	4.594836	26.216430	-0.007091	-1728.877074	
5.240000	20.456658	0.621274	4.594311	26.216817	0.308321	-1728.790102	
5.241000	20.443973	1.074655	4.594016	26.217754	0.148668	-1728.702689	
5.242000	20.211422	0.880349	4.594292	26.219289	0.292745	-1728.614874	
5.243000	20.384778	0.702235	4.595195	26.221442	0.055213	-1728.526764	
5.244000	20.384778	0.904637	4.596462	26.224099	0.308321	-1728.438510	
5.245000	20.439745	0.839869	4.597787	26.227177	0.218760	-1728.350281	
5.246000	20.304442	0.912733	4.599021	26.230817	0.222654	-1728.262234	
5.247000	20.575048	0.839869	4.600075	26.235276	0.277169	-1728.174495	
5.248000	20.503168	0.758908	4.600492	26.240616	0.343367	-1728.087144	
5.249000	20.498940	1.066559	4.599380	26.246660	0.207078	-1728.000216	
5.250000	20.418604	0.847965	4.596365	26.253220	0.117516	-1727.913693	
5.251000	20.515853	0.839869	4.592107	26.260261	0.101940	-1727.827498	
5.252000	20.532766	0.815580	4.587552	26.267806	0.195396	-1727.741498	
5.253000	20.460886	1.050367	4.583366	26.275851	0.234335	-1727.655528	
5.254000	20.334040	0.799388	4.579901	26.284451	0.156456	-1727.569420	
5.255000	20.414376	0.823676	4.577141	26.293636	0.129198	-1727.483040	
5.256000	20.507396	0.928926	4.574924	26.303296	0.140880	-1727.396297	
5.257000	20.439745	0.953214	4.573542	26.313350	0.008485	-1727.309145	
5.258000	20.325583	0.912733	4.573851	26.323941	0.168138	-1727.221581	
5.259000	20.553907	0.677947	4.576368	26.335329	0.273275	-1727.133669	
5.260000	20.435517	0.815580	4.580589	26.347570	0.323897	-1727.045534	
5.261000	20.418604	0.961310	4.585485	26.360483	0.296639	-1726.957337	
5.262000	20.469342	0.807484	4.590279	26.373875	0.183714	-1726.869251	
5.263000	20.452430	0.847965	4.594546	26.387704	0.160350	-1726.781439	
5.264000	20.494712	0.912733	4.597589	26.401988	0.179820	-1726.694016	
5.265000	20.334040	1.082751	4.598252	26.416726	0.440716	-1726.607044	
5.266000	20.207193	0.969406	4.595943	26.431991	0.191502	-1726.520534	
5.267000	20.431289	0.799388	4.591184	26.447828	0.109728	-1726.434442	
5.268000	20.562363	0.864157	4.585091	26.464121	0.191502	-1726.348667	
5.269000	20.473571	0.742716	4.578927	26.480780	0.129198	-1726.263065	
5.270000	20.283301	0.872253	4.573686	26.497950	0.183714	-1726.177472	
5.271000	20.583504	0.831773	4.569742	26.515889	0.125304	-1726.091722	
5.272000	20.448201	0.993694	4.566967	26.534651	0.238229	-1726.005685	
5.273000	20.515853	0.718427	4.565186	26.554047	0.246017	-1725.919272	
5.274000	20.401691	0.726523	4.564535	26.573879	0.195396	-1725.832446	
5.275000	20.591961	0.694139	4.565206	26.594096	0.070789	-1725.745231	
5.276000	20.465114	0.847965	4.567159	26.614710	0.117516	-1725.657716	
5.277000	20.494712	0.807484	4.570143	26.635724	0.335579	-1725.570049	
5.278000	20.198737	0.985598	4.573804	26.657223	0.175926	-1725.482402	
5.279000	20.427060	0.847965	4.577915	26.679266	0.090259	-1725.394951	
5.280000	20.380550	0.945118	4.582413	26.701741	0.284957	-1725.307841	
5.281000	20.490484	0.767004	4.587110	26.724558	0.117516	-1725.221168	
5.282000	20.211422	0.742716	4.591608	26.747860	0.214866	-1725.134976	
5.283000	20.604645	0.799388	4.595348	26.771904	0.296639	-1725.049258	
5.284000	20.452430	0.686043	4.597898	26.796733	0.323897	-1724.963944	
5.285000	20.465114	0.985598	4.599378	26.822149	0.129198	-1724.878910	
5.286000	20.439745	0.783196	4.600315	26.847948	0.226548	-1724.793998	
5.287000	20.549678	0.864157	4.601107	26.874071	-0.003197	-1724.709042	
5.288000	20.490484	0.605082	4.601801	26.900517	0.242123	-1724.623888	
5.289000	20.482027	0.710331	4.602240	26.927277	0.222654	-1724.538413	
5.290000	20.372094	0.621274	4.602344	26.954418	0.187608	-1724.452544	
5.291000	20.536994	0.742716	4.602330	26.981981	0.101940	-1724.366269	
5.292000	20.498940	0.823676	4.602603	27.009850	0.308321	-1724.279641	
5.293000	20.511625	0.993694	4.603382	27.037938	0.172032	-1724.192779	
5.294000	20.300214	0.750812	4.604524	27.066403	0.156456	-1724.105836	
5.295000	20.570820	0.783196	4.605752	27.095520	0.148668	-1724.018980	
5.296000	20.465114	0.767004	4.606837	27.125346	0.304427	-1723.932372	
5.297000	20.410148	0.985598	4.607552	27.155687	0.347261	-1723.846136	
5.298000	20.465114	0.831773	4.607576	27.186344	0.152562	-1723.760353	
5.299000	20.482027	0.888445	4.606594	27.217254	0.090259	-1723.675059	
5.300000	20.414376	0.807484	4.604699	27.248422	0.222654	-1723.590235	0.000000
5.301000	20.355181	1.082751	4.602431	27.279847	0.218760	-1723.505790	
5.302000	20.198737	0.758908	4.600473	27.311622	0.300533	-1723.421578	
5.303000	20.418604	0.750812	4.599392	27.343811	0.098047	-1723.337430	
5.304000	20.520081	0.742716	4.599363	27.376297	0.249911	-1723.253174	
5.305000	20.410148	0.702235	4.600211	27.408983	0.234335	-1723.168664	
5.306000	20.321355	0.791292	4.602129	27.442023	0.218760	-1723.083799	
5.307000	20.549678	0.839869	4.606002	27.475681	0.090259	-1722.998523	
5.308000	20.490484	0.953214	4.612194	27.510003	0.230441	-1722.912833	
5.309000	20.460886	0.896541	4.619891	27.544792	0.183714	-1722.826794	
5.310000	20.469342	0.710331	4.627988	27.579843	0.090259	-1722.740531	
5.311000	20.570820	0.580794	4.635520	27.615088	0.109728	-1722.654211	
5.312000	20.473571	0.710331	4.641629	27.650523	0.031849	-1722.568011	
5.313000	20.511625	0.904637	4.645693	27.686150	0.199290	-1722.482089	
5.314000	20.207193	1.001790	4.647491	27.722084	0.218760	-1722.396560	
5.315000	20.456658	0.605082	4.647275	27.758408	0.094153	-1722.311490	
5.316000	20.431289	1.017982	4.645317	27.795009	0.203184	-1722.226898	
5.317000	20.503168	0.677947	4.641472	27.831793	0.125304	-1722.142735	
5.318000	20.164911	0.831773	4.635707	27.868918	0.191502	-1722.058887	
5.319000	20.562363	0.702235	4.628624	27.906653	0.195396	-1721.975197	
5.320000	20.418604	0.831773	4.621087	27.945037	0.327791	-1721.891486	
5.321000	20.498940	1.026079	4.613782	27.983870	0.136986	-1721.807586	
5.322000	20.367865	0.904637	4.607152	28.022937	0.179820	-1721.723364	
5.323000	20.469342	0.945118	4.601737	28.062161	0.090259	-1721.638737	
5.324000	20.414376	0.831773	4.598438	28.101517	0.191502	-1721.553670	
5.325000	20.482027	0.750812	4.597953	28.140994	0.238229	-1721.468179	
5.326000	20.143770	0.686043	4.600092	28.180695	0.203184	-1721.382345	
5.327000	20.515853	0.807484	4.603854	28.220698	0.175926	-1721.296316	
5.328000	20.494712	0.750812	4.608086	28.260883	0.164244	-1721.210269	
5.329000	20.452430	0.758908	4.612041	28.301150	0.214866	-1721.124384	
5.330000	20.257932	0.839869	4.615339	28.341657	0.140880	-1721.038810	
5.331000	20.545450	0.928926	4.617510	28.382664	0.082471	-1720.953645	
5.332000	20.443973	0.686043	4.618028	28.424204	0.273275	-1720.868940	
5.333000	20.448201	0.888445	4.617031	28.466072	0.300533	-1720.784691	
5.334000	20.418604	0.694139	4.615201	28.508062	0.187608	-1720.700829	
5.335000	20.511625	0.896541	4.612975	28.550094	0.012379	-1720.617230	
5.336000	20.460886	0.799388	4.610546	28.592149	0.179820	-1720.533734	
5.337000	20.317127	0.985598	4.608144	28.634226	0.230441	-1720.450161	
5.338000	20.249476	0.726523	4.606015	28.676449	0.238229	-1720.366341	
5.339000	20.431289	0.928926	4.604464	28.718906	0.148668	-1720.282149	
5.340000	20.473571	0.483641	4.603914	28.761475	0.273275	-1720.197510	
5.341000	20.367865	0.750812	4.604903	28.804050	0.382306	-1720.112397	
5.342000	20.312899	0.937022	4.608071	28.846785	0.214866	-1720.026848	
5.343000	20.596189	0.742716	4.613478	28.889937	0.148668	-1719.940969	
5.344000	20.494712	0.920829	4.620103	28.933529	0.277169	-1719.854917	
5.345000	20.405919	0.945118	4.626573	28.977353	0.210972	-1719.768870	
5.346000	20.515853	0.880349	4.631823	29.021191	0.098047	-1719.683003	
5.347000	20.558135	0.726523	4.635211	29.064953	0.164244	-1719.597459	
5.348000	20.477799	0.937022	4.636303	29.108606	0.300533	-1719.512330	
5.349000	20.380550	1.131328	4.634440	29.152148	0.191502	-1719.427652	
5.350000	20.300214	1.009886	4.629053	29.195712	0.183714	-1719.343410	
5.351000	20.448201	0.993694	4.620527	29.239401	0.210972	-1719.259527	
5.352000	20.435517	0.888445	4.610181	29.283101	0.214866	-1719.175869	
5.353000	20.405919	0.856061	4.599515	29.326714	0.117516	-1719.092268	
5.354000	20.228334	0.969406	4.589699	29.370401	0.121410	-1719.008544	
5.355000	20.494712	0.799388	4.581435	29.414427	0.175926	-1718.924540	
5.356000	20.397463	1.236577	4.574928	29.458821	0.362836	-1718.840141	
5.357000	20.575048	1.082751	4.570448	29.503376	0.187608	-1718.755286	
5.358000	20.452430	1.017982	4.568883	29.547872	0.210972	-1718.669972	
5.359000	20.515853	0.896541	4.570760	29.592212	0.144774	-1718.584270	
5.360000	20.439745	0.920829	4.575446	29.636354	0.269381	-1718.498310	
5.361000	20.460886	0.807484	4.581778	29.680288	0.323897	-1718.412255	
5.362000	20.211422	0.856061	4.588538	29.724143	0.082471	-1718.326282	
5.363000	20.515853	0.864157	4.594770	29.768017	0.101940	-1718.240559	
5.364000	20.427060	0.783196	4.599853	29.811791	0.253805	-1718.155216	
5.365000	20.570820	0.880349	4.603294	29.855362	0.195396	-1718.070330	
5.366000	20.215650	0.831773	4.605320	29.898892	0.105834	-1717.985928	
5.367000	20.532766	0.856061	4.606838	29.942642	0.129198	-1717.901970	
5.368000	20.414376	0.961310	4.608294	29.986635	0.175926	-1717.818352	
5.369000	20.482027	0.904637	4.609644	30.030669	0.288851	-1717.734921	
5.370000	20.431289	0.888445	4.610965	30.074530	0.199290	-1717.651506	
5.371000	20.515853	0.977502	4.612399	30.118120	0.191502	-1717.567938	
5.372000	20.490484	0.864157	4.613937	30.161401	0.312215	-1717.484078	
5.373000	20.498940	0.864157	4.615364	30.204370	0.117516	-1717.399831	
5.374000	20.253704	0.880349	4.616790	30.247171	0.362836	-1717.315149	
5.375000	20.439745	0.953214	4.619133	30.289907	0.121410	-1717.230044	
5.376000	20.469342	0.823676	4.622926	30.332455	0.327791	-1717.144597	
5.377000	20.452430	0.880349	4.627411	30.374701	0.148668	-1717.058944	
5.378000	20.334040	0.864157	4.631525	30.416793	0.179820	-1716.973256	
5.379000	20.541222	0.856061	4.634617	30.458979	0.133092	-1716.887708	
5.380000	20.503168	0.734620	4.636259	30.501276	0.300533	-1716.802451	
5.381000	20.380550	0.807484	4.635787	30.543480	0.253805	-1716.717594	
5.382000	20.545450	0.758908	4.632308	30.585381	0.059107	-1716.633203	
5.383000	20.448201	0.783196	4.625621	30.626876	0.214866	-1716.549289	
5.384000	20.507396	0.605082	4.616691	30.667915	0.214866	-1716.465794	
5.385000	20.363637	0.856061	4.606987	30.708498	0.187608	-1716.382595	
5.386000	20.338268	0.847965	4.597804	30.748773	0.230441	-1716.299531	
5.387000	20.456658	0.904637	4.590020	30.788854	0.226548	-1716.216434	
5.388000	20.532766	0.920829	4.584015	30.828629	0.292745	-1716.133147	
5.389000	20.410148	0.961310	4.579582	30.867993	0.136986	-1716.049544	
5.390000	20.300214	0.920829	4.576271	30.907104	0.164244	-1715.965546	
5.391000	20.469342	0.767004	4.574161	30.946220	0.284957	-1715.881118	
5.392000	20.389006	0.831773	4.573722	30.985365	0.257699	-1715.796286	
5.393000	20.435517	0.872253	4.574980	31.024340	0.195396	-1715.711149	
5.394000	20.507396	0.888445	4.577462	31.062929	0.094153	-1715.625857	
5.395000	20.520081	0.783196	4.580619	31.101019	0.160350	-1715.540590	
5.396000	20.465114	0.775100	4.584075	31.138554	0.253805	-1715.455524	
5.397000	20.443973	0.823676	4.587700	31.175529	0.191502	-1715.370796	
5.398000	20.312899	0.847965	4.591430	31.212094	0.242123	-1715.286490	
5.399000	20.524309	0.596986	4.595054	31.248361	0.292745	-1715.202649	
5.400000	20.494712	0.791292	4.598232	31.284214	0.288851	-1715.119264	0.000000
5.401000	20.541222	0.847965	4.600724	31.319543	0.172032	-1715.036259	
5.402000	20.372094	0.912733	4.602614	31.354506	0.094153	-1714.953506	
5.403000	20.579276	0.686043	4.604112	31.389356	0.105834	-1714.870843	
5.404000	20.397463	0.912733	4.605259	31.424119	0.242123	-1714.788102	
5.405000	20.448201	0.896541	4.605895	31.458600	0.125304	-1714.705128	
5.406000	20.367865	0.993694	4.605836	31.492593	0.129198	-1714.621814	
5.407000	20.553907	0.880349	4.605394	31.525997	0.140880	-1714.538097	
5.408000	20.393235	0.969406	4.605514	31.558765	0.191502	-1714.453965	
5.409000	20.536994	0.880349	4.606910	31.590902	0.164244	-1714.369470	
5.410000	20.224106	0.896541	4.609427	31.622570	0.312215	-1714.284727	
5.411000	20.372094	0.856061	4.612392	31.653889	0.246017	-1714.199896	
5.412000	20.456658	0.896541	4.615156	31.684749	0.265487	-1714.115152	
5.413000	20.482027	0.896541	4.617384	31.715040	0.156456	-1714.030654	
5.414000	20.308670	0.758908	4.619293	31.744911	0.051319	-1713.946520	
5.415000	20.558135	0.904637	4.621401	31.774603	0.136986	-1713.862819	
5.416000	20.452430	0.669851	4.623676	31.804133	0.292745	-1713.779573	
5.417000	20.494712	0.823676	4.625458	31.833305	0.230441	-1713.696746	
5.418000	20.473571	0.791292	4.626333	31.861912	0.117516	-1713.614244	
5.419000	20.503168	0.799388	4.626437	31.889846	0.105834	-1713.531929	
5.420000	20.494712	0.815580	4.626026	31.917051	0.101940	-1713.449635	
5.421000	20.431289	1.001790	4.625240	31.943532	0.195396	-1713.367190	
5.422000	20.350953	0.710331	4.624160	31.969456	0.195396	-1713.284454	
5.423000	20.443973	0.775100	4.622870	31.994951	0.210972	-1713.201339	
5.424000	20.469342	0.686043	4.621655	32.019912	0.296639	-1713.117805	
5.425000	20.443973	0.823676	4.620937	32.044242	0.121410	-1713.033864	
5.426000	20.312899	0.758908	4.620775	32.068096	0.136986	-1712.949593	
5.427000	20.443973	1.009886	4.620712	32.091719	0.218760	-1712.865124	
5.428000	20.465114	0.791292	4.620148	32.115131	0.390094	-1712.780620	
5.429000	20.346724	0.904637	4.618598	32.138143	0.327791	-1712.696246	
5.430000	20.473571	0.710331	4.615763	32.160559	0.140880	-1712.612152	
5.431000	20.452430	0.856061	4.611912	32.182269	0.207078	-1712.528445	
5.432000	20.515853	0.629370	4.607881	32.203220	0.144774	-1712.445185	
5.433000	20.338268	0.937022	4.604160	32.223417	0.292745	-1712.362372	
5.434000	20.317127	1.155616	4.600672	32.243029	0.168138	-1712.279940	
5.435000	20.456658	0.904637	4.597502	32.262181	0.140880	-1712.197769	
5.436000	20.490484	0.807484	4.594962	32.280762	0.199290	-1712.115706	
5.437000	20.482027	0.880349	4.593177	32.298667	0.136986	-1712.033583	
5.438000	20.448201	0.758908	4.592064	32.316041	0.136986	-1711.951240	
5.439000	20.558135	0.645563	4.591597	32.333120	0.144774	-1711.868556	
5.440000	20.427060	0.880349	4.591987	32.349924	0.156456	-1711.785458	
5.441000	20.317127	0.847965	4.593499	32.366271	0.191502	-1711.701920	
5.442000	20.427060	0.831773	4.596266	32.381970	0.031849	-1711.617983	
5.443000	20.490484	0.750812	4.600134	32.396912	0.160350	-1711.533757	
5.444000	20.469342	0.750812	4.604495	32.411045	0.148668	-1711.449395	
5.445000	20.452430	0.807484	4.608567	32.424382	0.234335	-1711.365065	
5.446000	20.334040	0.791292	4.611643	32.437105	0.308321	-1711.280930	
5.447000	20.439745	0.791292	4.613098	32.449348	0.218760	-1711.197126	
5.448000	20.380550	0.856061	4.612608	32.461009	0.339473	-1711.113740	
5.449000	20.452430	0.847965	4.609894	32.471982	0.191502	-1711.030810	
5.450000	20.355181	0.985598	4.604367	32.482406	0.164244	-1710.948320	
5.451000	20.562363	0.564602	4.596043	32.492508	0.288851	-1710.866187	
5.452000	20.380550	0.856061	4.586146	32.502302	0.210972	-1710.784270	
5.453000	20.515853	0.872253	4.576298	32.511613	0.175926	-1710.702401	
5.454000	20.448201	0.661755	4.567834	32.520254	0.238229	-1710.620416	
5.455000	20.566591	0.750812	4.561631	32.528117	0.140880	-1710.538173	
5.456000	20.473571	0.767004	4.558095	32.535148	0.183714	-1710.455571	
5.457000	20.490484	0.977502	4.557300	32.541365	0.257699	-1710.372546	
5.458000	20.422832	0.783196	4.559064	32.546951	0.140880	-1710.289090	
5.459000	20.456658	0.499833	4.562889	32.552042	0.160350	-1710.205263	
5.460000	20.465114	0.775100	4.568069	32.556535	0.284957	-1710.121194	
5.461000	20.498940	0.856061	4.573863	32.560328	0.086365	-1710.037048	
5.462000	20.414376	0.783196	4.579612	32.563561	-0.022667	-1709.953010	
5.463000	20.498940	0.937022	4.584853	32.566465	0.109728	-1709.869244	
5.464000	20.334040	0.937022	4.589235	32.569060	0.261593	-1709.785870	
5.465000	20.405919	1.139424	4.592336	32.571178	0.238229	-1709.702956	
5.466000	20.410148	0.694139	4.593631	32.572637	-0.018773	-1709.620520	
5.467000	20.482027	0.872253	4.592964	32.573331	0.296639	-1709.538524	
5.468000	20.536994	0.767004	4.590792	32.573202	0.300533	-1709.456865	
5.469000	20.389006	0.985598	4.587774	32.572266	0.218760	-1709.375392	
5.470000	20.418604	0.872253	4.584566	32.570707	0.343367	-1709.293929	
5.471000	20.372094	0.920829	4.581810	32.568659	0.203184	-1709.212309	
5.472000	20.477799	0.839869	4.579931	32.566014	0.281063	-1709.130395	
5.473000	20.477799	0.758908	4.579335	32.562665	0.175926	-1709.048099	
5.474000	20.482027	0.694139	4.581259	32.558744	-0.057712	-1708.965382	
5.475000	20.562363	0.750812	4.587212	32.554474	0.059107	-1708.882262	
5.476000	20.524309	0.880349	4.597076	32.549872	0.094153	-1708.798823	
5.477000	20.410148	0.677947	4.609050	32.544776	0.207078	-1708.715212	
5.478000	20.435517	0.864157	4.621162	32.539012	-0.038242	-1708.631608	
5.479000	20.486255	0.993694	4.632064	32.532479	0.129198	-1708.548196	
5.480000	20.545450	0.847965	4.640917	32.525125	0.207078	-1708.465129	
5.481000	20.460886	0.742716	4.647065	32.516975	0.234335	-1708.382509	
5.482000	20.376322	0.807484	4.650124	32.508225	0.152562	-1708.300387	
5.483000	20.469342	0.856061	4.650209	32.499015	0.191502	-1708.218765	
5.484000	20.376322	0.969406	4.647655	32.489249	0.312215	-1708.137584	
5.485000	20.405919	0.904637	4.642841	32.478823	0.047425	-1708.056720	
5.486000	20.431289	0.920829	4.636467	32.467869	0.086365	-1707.976012	
5.487000	20.528537	0.734620	4.629543	32.456606	0.331685	-1707.895278	
5.488000	20.427060	0.888445	4.622983	32.445046	0.327791	-1707.814346	
5.489000	20.443973	0.694139	4.617290	32.433027	0.261593	-1707.733085	
5.490000	20.376322	0.750812	4.612783	32.420374	-0.077182	-1707.651422	
5.491000	20.549678	0.726523	4.609914	32.406982	0.249911	-1707.569340	
5.492000	20.443973	0.823676	4.608773	32.392798	0.133092	-1707.486877	
5.493000	20.477799	0.920829	4.608846	32.377849	0.129198	-1707.404137	
5.494000	20.448201	0.823676	4.609523	32.362330	0.152562	-1707.321270	
5.495000	20.494712	0.686043	4.610321	32.346375	0.172032	-1707.238451	
5.496000	20.460886	0.864157	4.610888	32.329883	0.300533	-1707.155857	
5.497000	20.545450	0.815580	4.611104	32.312752	0.156456	-1707.073629	
5.498000	20.520081	0.799388	4.611007	32.295115	-0.073288	-1706.991864	
5.499000	20.570820	1.026079	4.610366	32.277185	0.214866	-1706.910607	
5.500000	20.334040	0.985598	4.608650	32.258986	0.210972	-1706.829845	0.000000
5.501000	20.405919	0.888445	4.605758	32.240378	0.136986	-1706.749491	
5.502000	20.397463	0.791292	4.602327	32.221206	0.043531	-1706.669409	
5.503000	20.443973	0.815580	4.599017	32.201368	0.113622	-1706.589433	
5.504000	20.486255	0.807484	4.595993	32.180808	0.222654	-1706.509387	
5.505000	20.427060	1.034175	4.593357	32.159558	0.187608	-1706.429108	
5.506000	20.494712	0.945118	4.591351	32.137812	0.292745	-1706.348475	
5.507000	20.397463	1.058463	4.590113	32.115706	0.288851	-1706.267420	
5.508000	20.431289	0.726523	4.589843	32.093137	0.168138	-1706.185930	
5.509000	20.477799	0.856061	4.590797	32.069992	0.148668	-1706.104064	
5.510000	20.545450	0.645563	4.592855	32.046388	0.063001	-1706.021946	
5.511000	20.545450	0.791292	4.595558	32.022523	0.257699	-1705.939744	
5.512000	20.524309	0.880349	4.598440	31.998413	0.164244	-1705.857638	
5.513000	20.410148	0.953214	4.601229	31.973916	0.199290	-1705.775797	
5.514000	20.431289	0.694139	4.603832	31.948879	-0.046030	-1705.694359	
5.515000	20.469342	0.896541	4.605860	31.923200	0.140880	-1705.613408	
5.516000	20.613102	0.758908	4.606470	31.896825	0.230441	-1705.532968	
5.517000	20.380550	0.847965	4.605184	31.869796	0.269381	-1705.452997	
5.518000	20.583504	0.839869	4.602376	31.842322	0.156456	-1705.373387	
5.519000	20.422832	0.993694	4.598858	31.814544	0.249911	-1705.293984	
5.520000	20.486255	1.155616	4.595369	31.786366	0.246017	-1705.214612	
5.521000	20.350953	0.872253	4.592265	31.757679	0.277169	-1705.135095	
5.522000	20.435517	0.928926	4.589667	31.728602	0.035743	-1705.055286	
5.523000	20.520081	0.928926	4.587944	31.699329	0.160350	-1704.975082	
5.524000	20.494712	0.880349	4.587624	31.669874	0.292745	-1704.894428	
5.525000	20.414376	0.839869	4.588861	31.640103	0.214866	-1704.813322	
5.526000	20.372094	0.961310	4.591369	31.609869	0.043531	-1704.731845	
5.527000	20.520081	0.896541	4.594652	31.579062	0.257699	-1704.650145	
5.528000	20.482027	1.001790	4.597984	31.547624	0.101940	-1704.568397	
5.529000	20.448201	0.904637	4.600435	31.515602	0.156456	-1704.486779	
5.530000	20.498940	0.912733	4.601272	31.483206	0.265487	-1704.405445	
5.531000	20.486255	0.928926	4.600285	31.450570	0.187608	-1704.324507	
5.532000	20.393235	0.839869	4.597542	31.417589	0.226548	-1704.244027	
5.533000	20.422832	0.694139	4.593243	31.384154	0.090259	-1704.164016	
5.534000	20.482027	0.945118	4.587787	31.350377	0.109728	-1704.084424	
5.535000	20.562363	0.847965	4.581684	31.316450	0.148668	-1704.005136	
5.536000	20.380550	1.115135	4.575614	31.282396	0.222654	-1703.925996	
5.537000	20.380550	0.961310	4.570185	31.248098	0.331685	-1703.846820	
5.538000	20.393235	0.856061	4.565679	31.213421	0.008485	-1703.767438	
5.539000	20.490484	0.791292	4.562473	31.178261	0.269381	-1703.687720	
5.540000	20.418604	0.750812	4.561093	31.142562	0.218760	-1703.607580	
5.541000	20.410148	1.090847	4.562183	31.106378	0.133092	-1703.526981	
5.542000	20.494712	0.880349	4.566617	31.069920	0.288851	-1703.445946	
5.543000	20.456658	0.920829	4.574409	31.033325	0.214866	-1703.364575	
5.544000	20.372094	0.953214	4.584145	30.996486	0.187608	-1703.283019	
5.545000	20.439745	0.864157	4.594170	30.959291	0.199290	-1703.201454	
5.546000	20.566591	0.694139	4.603421	30.921838	0.086365	-1703.120056	
5.547000	20.524309	0.839869	4.611310	30.884306	0.133092	-1703.038970	
5.548000	20.507396	0.864157	4.617346	30.846713	0.261593	-1702.958293	
5.549000	20.490484	1.009886	4.620997	30.808961	0.226548	-1702.878073	
5.550000	20.486255	0.864157	4.621970	30.770933	-0.053818	-1702.798309	
5.551000	20.448201	0.807484	4.620484	30.732534	0.129198	-1702.718936	
5.552000	20.498940	0.775100	4.617189	30.693707	0.183714	-1702.639823	
5.553000	20.359409	0.783196	4.612874	30.654505	0.098047	-1702.560804	
5.554000	20.511625	0.742716	4.608277	30.615133	0.230441	-1702.481696	
5.555000	20.389006	0.896541	4.603971	30.575717	0.203184	-1702.402342	
5.556000	20.507396	1.074655	4.600223	30.536148	0.222654	-1702.322626	
5.557000	20.469342	0.726523	4.596981	30.496310	0.164244	-1702.242481	
5.558000	20.536994	0.839869	4.594200	30.456298	0.070789	-1702.161898	
5.559000	20.414376	0.718427	4.592128	30.416283	0.218760	-1702.080933	
5.560000	20.443973	0.888445	4.590985	30.376285	0.238229	-1701.999702	
5.561000	20.393235	0.807484	4.590573	30.336209	0.203184	-1701.918361	
5.562000	20.473571	0.912733	4.590579	30.295941	0.063001	-1701.837086	
5.563000	20.511625	0.758908	4.590958	30.255381	0.281063	-1701.756048	
5.564000	20.503168	0.937022	4.591746	30.214467	0.160350	-1701.675380	
5.565000	20.355181	0.767004	4.592630	30.173255	0.238229	-1701.595161	
5.566000	20.503168	0.742716	4.592836	30.131954	0.362836	-1701.515422	
5.567000	20.520081	0.734620	4.591612	30.090686	0.121410	-1701.436133	
5.568000	20.494712	1.017982	4.588906	30.049337	0.129198	-1701.357203	
5.569000	20.507396	0.669851	4.585380	30.007786	0.086365	-1701.278488	
5.570000	20.528537	0.912733	4.581874	29.966119	-0.092758	-1701.199823	
5.571000	20.558135	0.807484	4.579071	29.924501	0.117516	-1701.121042	
5.572000	20.384778	0.937022	4.577396	29.882959	0.269381	-1701.042003	
5.573000	20.414376	0.847965	4.577102	29.841422	0.281063	-1700.962607	
5.574000	20.393235	1.074655	4.578549	29.799800	0.082471	-1700.882803	
5.575000	20.536994	0.686043	4.582221	29.757996	0.284957	-1700.802597	
5.576000	20.414376	0.880349	4.588114	29.715950	0.082471	-1700.722059	
5.577000	20.367865	0.799388	4.595402	29.673727	0.234335	-1700.641315	
5.578000	20.503168	0.880349	4.602908	29.631545	0.164244	-1700.560530	
5.579000	20.473571	0.815580	4.609687	29.589525	0.156456	-1700.479880	
5.580000	20.422832	0.961310	4.615213	29.547548	0.316109	-1700.399520	
5.581000	20.414376	0.613178	4.619193	29.505486	0.183714	-1700.319557	
5.582000	20.541222	0.896541	4.621675	29.463412	0.144774	-1700.240055	
5.583000	20.553907	0.831773	4.623254	29.421475	0.172032	-1700.161024	
5.584000	20.410148	1.001790	4.624453	29.379686	0.320003	-1700.082410	
5.585000	20.473571	0.969406	4.625327	29.337967	0.214866	-1700.004100	
5.586000	20.503168	0.758908	4.625926	29.296220	0.020167	-1699.925949	
5.587000	20.515853	0.831773	4.626436	29.254341	0.218760	-1699.847793	
5.588000	20.460886	0.645563	4.627114	29.212269	0.207078	-1699.769472	
5.589000	20.355181	0.839869	4.628237	29.170083	0.117516	-1699.690851	
5.590000	20.587732	0.613178	4.629682	29.128012	0.175926	-1699.611844	
5.591000	20.465114	0.758908	4.631098	29.086178	0.351155	-1699.532415	
5.592000	20.498940	0.969406	4.632731	29.044465	0.195396	-1699.452593	
5.593000	20.363637	1.001790	4.634988	29.002745	0.098047	-1699.372470	
5.594000	20.587732	0.710331	4.637549	28.961085	-0.042136	-1699.292195	
5.595000	20.418604	0.758908	4.639720	28.919623	0.027955	-1699.211938	
5.596000	20.435517	0.928926	4.640964	28.878371	0.257699	-1699.131866	
5.597000	20.346724	0.920829	4.640967	28.837255	0.331685	-1699.052114	
5.598000	20.448201	0.750812	4.639920	28.796180	0.086365	-1698.972772	
5.599000	20.503168	0.742716	4.638751	28.755040	0.214866	-1698.893889	
5.600000	20.532766	0.767004	4.638240	28.713773	0.246017	-1698.815458	0.000000
5.601000	20.342496	0.912733	4.638208	28.672463	0.136986	-1698.737401	
5.602000	20.570820	0.694139	4.638160	28.631340	0.191502	-1698.659587	
5.603000	20.448201	0.807484	4.637797	28.590515	0.257699	-1698.581849	
5.604000	20.482027	0.937022	4.636767	28.549861	0.113622	-1698.504016	
5.605000	20.511625	0.823676	4.634781	28.509243	0.101940	-1698.425927	
5.606000	20.498940	0.734620	4.631989	28.468718	0.004591	-1698.347472	
5.607000	20.503168	0.847965	4.628978	28.428417	0.288851	-1698.268589	
5.608000	20.490484	1.050367	4.626414	28.388356	0.074683	-1698.189266	
5.609000	20.422832	0.831773	4.624625	28.348490	0.210972	-1698.109558	
5.610000	20.397463	0.880349	4.623457	28.308755	0.059107	-1698.029587	
5.611000	20.469342	0.799388	4.622496	28.269056	0.331685	-1697.949510	
5.612000	20.439745	0.904637	4.621323	28.229327	0.082471	-1697.869498	
5.613000	20.418604	0.839869	4.619461	28.189649	0.210972	-1697.789706	
5.614000	20.431289	0.928926	4.616435	28.150239	0.281063	-1697.710253	
5.615000	20.486255	0.734620	4.612267	28.111202	0.230441	-1697.631210	
5.616000	20.452430	1.066559	4.607551	28.072409	0.238229	-1697.552599	
5.617000	20.431289	0.807484	4.602786	28.033723	0.246017	-1697.474386	
5.618000	20.473571	0.888445	4.598182	27.995192	0.078577	-1697.396478	
5.619000	20.503168	0.856061	4.594067	27.956935	0.125304	-1697.318728	
5.620000	20.422832	0.920829	4.590892	27.918961	0.195396	-1697.240961	
5.621000	20.431289	0.783196	4.588921	27.881223	0.203184	-1697.163004	
5.622000	20.435517	0.775100	4.588153	27.843656	-0.077182	-1697.084721	
5.623000	20.562363	0.839869	4.588106	27.806157	0.172032	-1697.006026	
5.624000	20.410148	0.629370	4.587859	27.768668	0.101940	-1696.926872	
5.625000	20.321355	0.928926	4.587131	27.731294	0.246017	-1696.847263	
5.626000	20.486255	0.864157	4.586558	27.694281	0.214866	-1696.767269	
5.627000	20.452430	0.864157	4.586591	27.657740	0.125304	-1696.687021	
5.628000	20.477799	0.888445	4.587045	27.621542	0.308321	-1696.606686	
5.629000	20.448201	0.823676	4.587432	27.585548	0.160350	-1696.526439	
5.630000	20.570820	0.872253	4.587312	27.549805	0.098047	-1696.446440	
5.631000	20.460886	0.783196	4.586434	27.514433	0.090259	-1696.366799	
5.632000	20.342496	0.758908	4.584513	27.479445	0.331685	-1696.287575	
5.633000	20.266388	1.098943	4.581259	27.444812	0.362836	-1696.208768	
5.634000	20.520081	0.831773	4.576836	27.410477	0.059107	-1696.130324	
5.635000	20.469342	0.904637	4.571921	27.376334	0.292745	-1696.052128	
5.636000	20.503168	0.750812	4.567312	27.342312	0.195396	-1695.974026	
5.637000	20.304442	0.969406	4.563587	27.308509	0.222654	-1695.895844	
5.638000	20.630014	0.677947	4.560974	27.275157	0.183714	-1695.817413	
5.639000	20.410148	0.928926	4.559365	27.242349	0.335579	-1695.738604	
5.640000	20.456658	1.341826	4.558633	27.209942	0.296639	-1695.659340	
5.641000	20.494712	0.953214	4.559137	27.177785	0.094153	-1695.579591	
5.642000	20.638471	0.904637	4.561671	27.145912	0.117516	-1695.499391	
5.643000	20.511625	0.920829	4.566520	27.114426	0.226548	-1695.418839	
5.644000	20.469342	0.993694	4.572976	27.083345	0.094153	-1695.338087	
5.645000	20.321355	0.791292	4.579999	27.052655	0.160350	-1695.257311	
5.646000	20.469342	0.945118	4.586981	27.022322	0.086365	-1695.176691	
5.647000	20.460886	0.928926	4.593806	26.992244	0.288851	-1695.096376	
5.648000	20.435517	0.993694	4.600324	26.962353	0.144774	-1695.016457	
5.649000	20.279073	0.872253	4.606030	26.932747	0.253805	-1694.936973	
5.650000	20.587732	0.621274	4.610280	26.903662	0.175926	-1694.857909	
5.651000	20.380550	1.017982	4.612714	26.875190	0.331685	-1694.779189	
5.652000	20.435517	1.026079	4.613422	26.847192	0.249911	-1694.700683	
5.653000	20.439745	0.823676	4.612850	26.819517	0.300533	-1694.622229	
5.654000	20.524309	0.977502	4.611715	26.792189	0.012379	-1694.543653	
5.655000	20.498940	0.758908	4.610696	26.765300	0.210972	-1694.464801	
5.656000	20.418604	1.090847	4.609861	26.738860	0.323897	-1694.385553	
5.657000	20.389006	0.758908	4.608609	26.712860	0.335579	-1694.305842	
5.658000	20.515853	0.880349	4.606538	26.687268	0.105834	-1694.225665	
5.659000	20.549678	0.823676	4.603932	26.661976	0.261593	-1694.145090	
5.660000	20.460886	0.831773	4.601180	26.636914	0.207078	-1694.064243	
5.661000	20.363637	0.880349	4.598340	26.612190	0.230441	-1693.983288	
5.662000	20.520081	0.912733	4.595334	26.588046	0.156456	-1693.902404	
5.663000	20.452430	0.864157	4.592224	26.564566	0.203184	-1693.821758	
5.664000	20.439745	1.082751	4.589278	26.541602	0.203184	-1693.741483	
5.665000	20.536994	0.580794	4.586709	26.518996	0.210972	-1693.661660	
5.666000	20.613102	0.815580	4.584436	26.496766	0.059107	-1693.582322	
5.667000	20.443973	0.839869	4.582337	26.475001	0.230441	-1693.503441	
5.668000	20.389006	0.888445	4.580544	26.453715	0.218760	-1693.424919	
5.669000	20.270617	0.920829	4.579398	26.432912	0.238229	-1693.346605	
5.670000	20.439745	0.807484	4.579198	26.412570	0.078577	-1693.268324	
5.671000	20.511625	0.856061	4.579955	26.392583	0.432928	-1693.189905	
5.672000	20.511625	0.661755	4.581466	26.372877	0.226548	-1693.111202	
5.673000	20.253704	0.783196	4.583489	26.353564	0.304427	-1693.032112	
5.674000	20.608873	0.613178	4.585936	26.334889	0.160350	-1692.952583	
5.675000	20.427060	0.872253	4.588964	26.316932	0.246017	-1692.872622	
5.676000	20.469342	0.694139	4.592669	26.299537	0.172032	-1692.792304	
5.677000	20.427060	0.839869	4.596768	26.282536	0.144774	-1692.711767	
5.678000	20.642699	0.775100	4.600828	26.265934	0.012379	-1692.631182	
5.679000	20.528537	0.742716	4.604754	26.249806	0.203184	-1692.550734	
5.680000	20.507396	0.864157	4.608794	26.234169	0.074683	-1692.470581	
5.681000	20.253704	0.831773	4.613036	26.219043	0.160350	-1692.390842	
5.682000	20.405919	1.026079	4.617141	26.204426	0.051319	-1692.311588	
5.683000	20.427060	0.823676	4.620544	26.190214	0.222654	-1692.232837	
5.684000	20.532766	0.880349	4.622732	26.176336	0.269381	-1692.154535	
5.685000	20.198737	0.904637	4.623468	26.162919	0.230441	-1692.076561	
5.686000	20.587732	0.807484	4.622976	26.150215	0.246017	-1691.998750	
5.687000	20.448201	0.839869	4.621749	26.138302	0.257699	-1691.920922	
5.688000	20.401691	1.017982	4.620105	26.127019	0.304427	-1691.842908	
5.689000	20.418604	0.799388	4.618171	26.116197	0.133092	-1691.764572	
5.690000	20.528537	0.904637	4.616020	26.105828	0.004591	-1691.685832	
5.691000	20.452430	0.904637	4.613653	26.095969	0.238229	-1691.606651	
5.692000	20.414376	1.009886	4.611373	26.086623	0.339473	-1691.527047	
5.693000	20.325583	0.580794	4.609803	26.077808	0.327791	-1691.447109	
5.694000	20.452430	0.742716	4.609106	26.069516	0.090259	-1691.366987	
5.695000	20.545450	0.629370	4.608954	26.061637	0.374518	-1691.286867	
5.696000	20.482027	0.742716	4.609074	26.054089	0.273275	-1691.206932	
5.697000	20.308670	0.872253	4.609289	26.046998	0.105834	-1691.127330	
5.698000	20.583504	0.661755	4.609497	26.040618	0.117516	-1691.048155	
5.699000	20.460886	0.791292	4.609726	26.035024	0.226548	-1690.969456	
5.700000	20.477799	0.904637	4.609938	26.030054	0.207078	-1690.891227	0.000000
5.701000	20.477799	0.702235	4.609968	26.025536	0.051319	-1690.813398	
5.702000	20.562363	0.775100	4.609745	26.021461	0.031849	-1690.735845	
5.703000	20.486255	0.783196	4.609467	26.017885	0.133092	-1690.658407	
5.704000	20.372094	1.131328	4.609490	26.014815	0.281063	-1690.580907	
5.705000	20.287529	0.856061	4.610037	26.012289	0.191502	-1690.503178	
5.706000	20.338268	0.734620	4.611127	26.010320	0.063001	-1690.425101	
5.707000	20.520081	0.807484	4.612858	26.008798	0.409564	-1690.346604	
5.708000	20.494712	0.888445	4.615534	26.007640	0.125304	-1690.267666	
5.709000	20.325583	0.847965	4.619375	26.006986	0.218760	-1690.188333	
5.710000	20.646927	0.783196	4.624119	26.007099	0.218760	-1690.108712	
5.711000	20.397463	0.920829	4.628943	26.008051	0.351155	-1690.028962	
5.712000	20.439745	0.977502	4.633028	26.009671	0.242123	-1689.949259	
5.713000	20.465114	0.823676	4.636072	26.011773	0.160350	-1689.869770	
5.714000	20.587732	0.661755	4.638170	26.014332	0.035743	-1689.790633	
5.715000	20.482027	0.637467	4.639368	26.017387	0.199290	-1689.711933	
5.716000	20.591961	0.928926	4.639585	26.020941	0.172032	-1689.633702	
5.717000	20.245247	0.767004	4.638979	26.025043	0.246017	-1689.555920	
5.718000	20.435517	0.750812	4.637924	26.029721	0.156456	-1689.478504	
5.719000	20.448201	0.961310	4.636681	26.034865	0.351155	-1689.401321	
5.720000	20.473571	0.767004	4.635455	26.040393	0.109728	-1689.324200	
5.721000	20.266388	0.928926	4.634560	26.046441	0.273275	-1689.246962	
5.722000	20.583504	0.839869	4.634258	26.053265	0.261593	-1689.169452	
5.723000	20.397463	0.864157	4.634531	26.060931	0.179820	-1689.091563	
5.724000	20.452430	0.977502	4.635216	26.069263	0.242123	-1689.013234	
5.725000	20.363637	0.993694	4.636171	26.078077	0.140880	-1688.934464	
5.726000	20.511625	0.896541	4.637204	26.087342	0.136986	-1688.855319	
5.727000	20.435517	0.912733	4.637968	26.097088	0.230441	-1688.775929	
5.728000	20.469342	0.985598	4.638054	26.107308	0.230441	-1688.696453	
5.729000	20.232563	0.847965	4.637254	26.118048	0.265487	-1688.617062	
5.730000	20.486255	0.912733	4.635605	26.129326	0.140880	-1688.537920	
5.731000	20.528537	0.831773	4.633142	26.141026	0.246017	-1688.459152	
5.732000	20.473571	0.928926	4.629550	26.153061	0.261593	-1688.380832	
5.733000	20.215650	1.026079	4.624178	26.165570	0.323897	-1688.302975	
5.734000	20.617330	0.969406	4.616701	26.178810	0.172032	-1688.225533	
5.735000	20.549678	0.847965	4.607661	26.192838	0.164244	-1688.148396	
5.736000	20.435517	1.001790	4.598228	26.207475	0.253805	-1688.071415	
5.737000	20.486255	0.677947	4.589511	26.222533	0.133092	-1687.994421	
5.738000	20.541222	0.856061	4.582240	26.237979	0.051319	-1687.917255	
5.739000	20.507396	0.831773	4.576888	26.253841	0.195396	-1687.839788	
5.740000	20.346724	1.155616	4.573660	26.270128	0.257699	-1687.761930	
5.741000	20.190281	0.807484	4.572508	26.286924	0.284957	-1687.683639	
5.742000	20.389006	1.017982	4.573302	26.304286	0.175926	-1687.604934	
5.743000	20.494712	0.734620	4.575817	26.322105	0.273275	-1687.525905	
5.744000	20.410148	0.791292	4.579570	26.340294	0.218760	-1687.446691	
5.745000	20.346724	0.888445	4.583860	26.358997	0.312215	-1687.367457	
5.746000	20.515853	1.017982	4.587938	26.378468	0.175926	-1687.288374	
5.747000	20.414376	0.904637	4.591211	26.398755	0.292745	-1687.209584	
5.748000	20.435517	1.252769	4.593419	26.419666	0.335579	-1687.131183	
5.749000	20.465114	0.953214	4.594420	26.441000	0.144774	-1687.053223	
5.750000	20.549678	0.710331	4.594010	26.462701	0.101940	-1686.975708	
5.751000	20.465114	0.847965	4.592240	26.484777	0.257699	-1686.898582	
5.752000	20.452430	1.001790	4.589595	26.507225	0.273275	-1686.821720	
5.753000	20.308670	0.969406	4.586648	26.530121	0.199290	-1686.744967	
5.754000	20.460886	0.912733	4.583680	26.553515	0.210972	-1686.668159	
5.755000	20.431289	1.001790	4.580878	26.577297	0.261593	-1686.591144	
5.756000	20.465114	0.783196	4.579065	26.601378	0.047425	-1686.513806	
5.757000	20.304442	0.775100	4.579969	26.625909	0.199290	-1686.436071	
5.758000	20.672297	0.775100	4.585066	26.651155	0.246017	-1686.357916	
5.759000	20.376322	0.945118	4.594168	26.677170	0.172032	-1686.279383	
5.760000	20.431289	1.155616	4.605674	26.703768	0.304427	-1686.200583	
5.761000	20.393235	0.969406	4.617722	26.730753	0.160350	-1686.121666	
5.762000	20.494712	0.831773	4.628784	26.758070	0.136986	-1686.042805	
5.763000	20.452430	1.017982	4.637800	26.785726	0.343367	-1685.964166	
5.764000	20.469342	0.969406	4.644168	26.813717	0.257699	-1685.885873	
5.765000	20.215650	0.831773	4.647379	26.842124	0.401776	-1685.808000	
5.766000	20.427060	0.677947	4.646753	26.871001	0.210972	-1685.730583	
5.767000	20.418604	0.896541	4.642084	26.900230	0.246017	-1685.653610	
5.768000	20.452430	0.912733	4.634225	26.929717	0.101940	-1685.576999	
5.769000	20.253704	0.912733	4.624611	26.959613	0.152562	-1685.500616	
5.770000	20.625786	0.888445	4.614649	26.990178	0.218760	-1685.424293	
5.771000	20.473571	0.767004	4.605341	27.021455	0.234335	-1685.347860	
5.772000	20.507396	0.864157	4.597152	27.053244	0.183714	-1685.271175	
5.773000	20.443973	0.548410	4.590327	27.085340	0.129198	-1685.194138	
5.774000	20.532766	0.856061	4.585332	27.117682	0.148668	-1685.116703	
5.775000	20.490484	0.718427	4.582901	27.150271	0.234335	-1685.038874	
5.776000	20.452430	1.115135	4.583394	27.183108	0.222654	-1684.960716	
5.777000	20.215650	0.847965	4.586310	27.216292	0.160350	-1684.882349	
5.778000	20.410148	0.815580	4.590723	27.249891	0.191502	-1684.803935	
5.779000	20.515853	0.645563	4.595859	27.283790	0.226548	-1684.725647	
5.780000	20.405919	0.767004	4.601237	27.317899	0.214866	-1684.647639	
5.781000	20.232563	0.791292	4.606558	27.352373	0.222654	-1684.570020	
5.782000	20.528537	0.888445	4.611104	27.387479	0.183714	-1684.492854	
5.783000	20.439745	0.928926	4.613295	27.423260	0.358942	-1684.416154	
5.784000	20.401691	1.058463	4.611923	27.459514	0.230441	-1684.339875	
5.785000	20.494712	0.864157	4.607389	27.496032	0.148668	-1684.263911	
5.786000	20.520081	0.783196	4.601023	27.532735	0.144774	-1684.188116	
5.787000	20.549678	0.677947	4.594151	27.569609	0.082471	-1684.112328	
5.788000	20.439745	0.969406	4.587687	27.606641	0.304427	-1684.036382	
5.789000	20.317127	0.823676	4.581870	27.643925	0.238229	-1683.960148	
5.790000	20.414376	0.799388	4.576548	27.681525	0.207078	-1683.883550	
5.791000	20.507396	0.864157	4.571870	27.719324	0.101940	-1683.806557	
5.792000	20.443973	0.799388	4.568726	27.757226	0.066895	-1683.729189	
5.793000	20.257932	0.710331	4.567957	27.795390	0.101940	-1683.651530	
5.794000	20.583504	0.734620	4.569387	27.834084	0.117516	-1683.573718	
5.795000	20.448201	0.847965	4.572330	27.873350	0.222654	-1683.495922	
5.796000	20.401691	0.985598	4.576306	27.912991	0.296639	-1683.418312	
5.797000	20.414376	0.985598	4.581041	27.952798	0.226548	-1683.341031	
5.798000	20.494712	0.621274	4.585870	27.992701	-0.049924	-1683.264180	
5.799000	20.401691	0.896541	4.589435	28.032688	0.265487	-1683.187806	
5.800000	20.465114	0.799388	4.590679	28.072759	0.347261	-1683.111894	0.000000
5.801000	20.190281	0.750812	4.589603	28.113024	0.246017	-1683.036368	
5.802000	20.528537	0.637467	4.586906	28.153565	0.183714	-1682.961097	
5.803000	20.448201	0.831773	4.583542	28.194266	0.292745	-1682.885925	
5.804000	20.460886	0.807484	4.580342	28.235027	0.230441	-1682.810679	
5.805000	20.228334	0.823676	4.577959	28.276004	0.172032	-1682.735201	
5.806000	20.591961	0.799388	4.576943	28.317459	0.152562	-1682.659370	
5.807000	20.380550	0.694139	4.577375	28.359426	0.218760	-1682.583117	
5.808000	20.494712	0.945118	4.579019	28.401705	0.195396	-1682.506422	
5.809000	20.465114	0.677947	4.581888	28.444086	0.027955	-1682.429334	
5.810000	20.490484	0.613178	4.585899	28.486497	0.113622	-1682.351971	
5.811000	20.465114	0.839869	4.590471	28.528919	0.168138	-1682.274494	
5.812000	20.439745	0.904637	4.594909	28.571350	0.156456	-1682.197078	
5.813000	20.215650	0.823676	4.598797	28.613907	0.331685	-1682.119889	
5.814000	20.460886	0.767004	4.601939	28.656674	0.195396	-1682.043056	
5.815000	20.443973	0.750812	4.604076	28.699538	0.226548	-1681.966660	
5.816000	20.469342	0.864157	4.604678	28.742403	0.179820	-1681.890730	
5.817000	20.173368	0.734620	4.603105	28.785431	0.199290	-1681.815241	
5.818000	20.515853	0.718427	4.599337	28.828893	0.140880	-1681.740101	
5.819000	20.397463	0.896541	4.594388	28.872824	0.362836	-1681.665165	
5.820000	20.410148	1.115135	4.589597	28.917020	0.242123	-1681.590261	
5.821000	20.418604	0.742716	4.585857	28.961261	0.191502	-1681.515212	
5.822000	20.498940	0.791292	4.583457	29.005461	0.249911	-1681.439870	
5.823000	20.579276	0.588890	4.582191	29.049592	0.164244	-1681.364133	
5.824000	20.439745	0.985598	4.581663	29.093646	0.203184	-1681.287947	
5.825000	20.270617	0.799388	4.581610	29.137740	0.234335	-1681.211315	
5.826000	20.418604	0.645563	4.581941	29.181957	0.101940	-1681.134314	
5.827000	20.545450	0.750812	4.582556	29.226180	0.246017	-1681.057083	
5.828000	20.443973	0.653659	4.583301	29.270305	0.210972	-1680.979793	
5.829000	20.304442	0.605082	4.584110	29.314493	0.160350	-1680.902622	
5.830000	20.503168	0.783196	4.584977	29.359005	0.207078	-1680.825726	
5.831000	20.507396	0.588890	4.585708	29.403877	0.273275	-1680.749225	
5.832000	20.405919	0.961310	4.585967	29.448904	0.413458	-1680.673187	
5.833000	20.473571	0.864157	4.585454	29.493876	0.226548	-1680.597628	
5.834000	20.486255	0.953214	4.583972	29.538707	0.027955	-1680.522504	
5.835000	20.439745	0.807484	4.581715	29.583366	0.164244	-1680.447705	
5.836000	20.329812	0.880349	4.579329	29.627845	0.378412	-1680.373071	
5.837000	20.253704	0.791292	4.577455	29.672266	0.265487	-1680.298421	
5.838000	20.465114	0.815580	4.576501	29.716718	0.183714	-1680.223586	
5.839000	20.490484	0.961310	4.576660	29.761081	0.288851	-1680.148432	
5.840000	20.427060	0.742716	4.577859	29.805254	0.214866	-1680.072872	
5.841000	20.287529	0.928926	4.579826	29.849395	0.129198	-1679.996864	
5.842000	20.503168	0.686043	4.582163	29.893763	0.230441	-1679.920422	
5.843000	20.456658	0.815580	4.584528	29.938386	0.366730	-1679.843626	
5.844000	20.494712	0.758908	4.586745	29.983055	0.175926	-1679.766617	
5.845000	20.498940	0.831773	4.588646	30.027553	0.156456	-1679.689568	
5.846000	20.630014	0.839869	4.590005	30.071788	0.070789	-1679.612666	
5.847000	20.439745	0.775100	4.590684	30.115727	0.055213	-1679.536069	
5.848000	20.414376	0.888445	4.590935	30.159369	0.249911	-1679.459883	
5.849000	20.194509	0.831773	4.591238	30.202860	0.261593	-1679.384164	
5.850000	20.460886	0.718427	4.591631	30.246305	0.047425	-1679.308912	
5.851000	20.452430	0.742716	4.591761	30.289595	0.230441	-1679.234062	
5.852000	20.490484	0.791292	4.591498	30.332629	0.148668	-1679.159486	
5.853000	20.253704	0.904637	4.591132	30.375572	0.246017	-1679.085021	
5.854000	20.545450	0.823676	4.590999	30.418690	0.300533	-1679.010491	
5.855000	20.359409	0.928926	4.591208	30.462016	0.327791	-1678.935731	
5.856000	20.389006	0.945118	4.591935	30.505345	0.156456	-1678.860616	
5.857000	20.427060	0.661755	4.593603	30.548459	0.222654	-1678.785072	
5.858000	20.490484	0.694139	4.596592	30.591257	0.234335	-1678.709081	
5.859000	20.473571	0.734620	4.600886	30.633694	0.152562	-1678.632692	
5.860000	20.460886	1.050367	4.605982	30.675761	0.210972	-1678.556013	
5.861000	20.295986	0.823676	4.611100	30.717589	0.175926	-1678.479204	
5.862000	20.473571	0.864157	4.615496	30.759280	0.113622	-1678.402449	
5.863000	20.507396	0.807484	4.618769	30.800716	0.144774	-1678.325925	
5.864000	20.473571	0.880349	4.620964	30.841793	0.249911	-1678.249771	
5.865000	20.338268	0.702235	4.622012	30.882668	0.156456	-1678.174072	
5.866000	20.579276	0.904637	4.621336	30.923597	0.273275	-1678.098864	
5.867000	20.477799	0.791292	4.618593	30.964608	0.168138	-1678.024127	
5.868000	20.427060	1.260865	4.614252	31.005502	0.316109	-1677.949780	
5.869000	20.507396	0.904637	4.609178	31.046071	0.187608	-1677.875687	
5.870000	20.422832	1.050367	4.604157	31.086221	0.136986	-1677.801683	
5.871000	20.486255	0.864157	4.599798	31.125910	0.257699	-1677.727591	
5.872000	20.389006	0.920829	4.596538	31.165135	0.222654	-1677.653251	
5.873000	20.177596	0.937022	4.594467	31.204040	0.273275	-1677.578546	
5.874000	20.405919	0.888445	4.593358	31.242728	0.179820	-1677.503417	
5.875000	20.494712	0.847965	4.593229	31.281079	0.296639	-1677.427859	
5.876000	20.350953	0.937022	4.594421	31.318985	0.238229	-1677.351940	
5.877000	20.274845	0.928926	4.596934	31.356602	0.074683	-1677.275786	
5.878000	20.515853	0.847965	4.600200	31.394181	0.152562	-1677.199559	
5.879000	20.448201	0.864157	4.603516	31.431741	0.210972	-1677.123436	
5.880000	20.511625	0.945118	4.606350	31.469077	0.257699	-1677.047581	
5.881000	20.507396	0.686043	4.608193	31.505973	0.094153	-1676.972120	
5.882000	20.723035	0.831773	4.608495	31.542324	0.152562	-1676.897136	
5.883000	20.545450	0.702235	4.607343	31.578084	0.070789	-1676.822659	
5.884000	20.418604	0.758908	4.605500	31.613255	0.218760	-1676.748648	
5.885000	20.321355	0.864157	4.603607	31.647992	0.136986	-1676.674994	
5.886000	20.448201	0.726523	4.602074	31.682412	0.187608	-1676.601547	
5.887000	20.418604	0.831773	4.601181	31.716405	0.253805	-1676.528131	
5.888000	20.494712	0.799388	4.601041	31.749867	0.129198	-1676.454575	
5.889000	20.283301	0.937022	4.601782	31.782958	0.199290	-1676.380734	
5.890000	20.562363	0.750812	4.603615	31.815932	0.265487	-1676.306514	
5.891000	20.321355	0.920829	4.606577	31.848813	0.261593	-1676.231866	
5.892000	20.389006	0.896541	4.610155	31.881408	0.257699	-1676.156798	
5.893000	20.482027	0.928926	4.613683	31.913512	0.129198	-1676.081387	
5.894000	20.558135	0.823676	4.616900	31.945020	0.164244	-1676.005773	
5.895000	20.456658	0.783196	4.619713	31.975882	0.172032	-1675.930125	
5.896000	20.460886	1.026079	4.622084	32.006098	0.257699	-1675.854617	
5.897000	20.325583	0.961310	4.624177	32.035821	0.168138	-1675.779396	
5.898000	20.511625	0.750812	4.626304	32.065167	0.210972	-1675.704571	
5.899000	20.503168	0.823676	4.628667	32.094027	0.226548	-1675.630204	
5.900000	20.465114	0.856061	4.630979	32.122298	0.152562	-1675.556302	0.000000
5.901000	20.414376	0.734620	4.632662	32.150134	0.098047	-1675.482801	
5.902000	20.579276	0.791292	4.633477	32.177786	0.160350	-1675.409573	
5.903000	20.486255	0.767004	4.633611	32.205275	0.175926	-1675.336452	
5.904000	20.431289	0.977502	4.633194	32.232408	0.152562	-1675.263262	
5.905000	20.456658	0.847965	4.631871	32.258987	-0.007091	-1675.189842	
5.906000	20.536994	0.953214	4.629121	32.284913	0.175926	-1675.116073	
5.907000	20.452430	0.815580	4.624975	32.310141	0.238229	-1675.041871	
5.908000	20.376322	0.953214	4.620186	32.334677	0.214866	-1674.967202	
5.909000	20.321355	0.767004	4.615602	32.358688	0.296639	-1674.892092	
5.910000	20.350953	0.758908	4.611552	32.382298	0.218760	-1674.816645	
5.911000	20.503168	0.896541	4.607909	32.405400	0.179820	-1674.741014	
5.912000	20.414376	0.993694	4.604377	32.427890	0.242123	-1674.665375	
5.913000	20.350953	0.839869	4.600662	32.449921	0.136986	-1674.589897	
5.914000	20.435517	0.815580	4.596672	32.471736	0.281063	-1674.514716	
5.915000	20.439745	1.098943	4.592615	32.493355	0.331685	-1674.439914	
5.916000	20.494712	0.831773	4.588636	32.514586	0.238229	-1674.365526	
5.917000	20.482027	0.807484	4.584458	32.535225	0.179820	-1674.291540	
5.918000	20.570820	0.985598	4.579869	32.555166	0.133092	-1674.217883	
5.919000	20.524309	0.928926	4.575239	32.574353	0.187608	-1674.144429	
5.920000	20.460886	0.694139	4.571180	32.592796	0.070789	-1674.071013	
5.921000	20.300214	0.904637	4.568098	32.610662	0.300533	-1673.997464	
5.922000	20.435517	0.750812	4.566204	32.628080	0.156456	-1673.923632	
5.923000	20.477799	0.718427	4.565564	32.644943	0.183714	-1673.849409	
5.924000	20.486255	0.637467	4.566154	32.661149	0.191502	-1673.774736	
5.925000	20.342496	0.945118	4.567988	32.676849	0.222654	-1673.699608	
5.926000	20.558135	0.823676	4.571018	32.692290	0.203184	-1673.624088	
5.927000	20.380550	0.896541	4.574917	32.707495	0.347261	-1673.548295	
5.928000	20.363637	0.880349	4.579110	32.722282	0.207078	-1673.472389	
5.929000	20.312899	0.872253	4.583053	32.736455	0.094153	-1673.396546	
5.930000	20.562363	0.783196	4.586395	32.749906	0.168138	-1673.320928	
5.931000	20.477799	0.775100	4.588745	32.762577	0.230441	-1673.245655	
5.932000	20.545450	0.920829	4.589636	32.774475	0.347261	-1673.170793	
5.933000	20.342496	0.904637	4.589166	32.785774	0.323897	-1673.096362	
5.934000	20.503168	0.872253	4.588245	32.796606	0.183714	-1673.022332	
5.935000	20.410148	0.815580	4.587611	32.806863	0.234335	-1672.948612	
5.936000	20.443973	0.799388	4.587254	32.816442	0.253805	-1672.875061	
5.937000	20.427060	0.864157	4.586957	32.825489	0.109728	-1672.801509	
5.938000	20.617330	0.807484	4.586698	32.834243	0.059107	-1672.727789	
5.939000	20.452430	0.799388	4.586636	32.842726	0.172032	-1672.653766	
5.940000	20.452430	0.734620	4.586888	32.850760	0.199290	-1672.579351	
5.941000	20.384778	0.718427	4.587166	32.858156	0.047425	-1672.504512	
5.942000	20.482027	0.718427	4.587018	32.864813	0.218760	-1672.429272	
5.943000	20.469342	0.572698	4.586372	32.870682	0.203184	-1672.353714	
5.944000	20.359409	0.904637	4.585364	32.875779	0.242123	-1672.277970	
5.945000	20.342496	0.734620	4.584071	32.880286	0.257699	-1672.202201	
5.946000	20.422832	0.815580	4.582577	32.884338	0.249911	-1672.126578	
5.947000	20.431289	0.831773	4.580961	32.887834	0.300533	-1672.051250	
5.948000	20.401691	1.026079	4.579378	32.890674	0.172032	-1671.976321	
5.949000	20.448201	0.831773	4.577988	32.893009	0.105834	-1671.901845	
5.950000	20.422832	0.888445	4.576786	32.895074	0.335579	-1671.827823	
5.951000	20.393235	0.702235	4.575759	32.896889	0.362836	-1671.754187	
5.952000	20.389006	0.880349	4.575071	32.898281	0.253805	-1671.680813	
5.953000	20.498940	0.815580	4.574982	32.899062	0.039637	-1671.607545	
5.954000	20.503168	0.856061	4.575631	32.899125	0.199290	-1671.534220	
5.955000	20.562363	0.815580	4.576978	32.898414	0.059107	-1671.460686	
5.956000	20.486255	0.718427	4.578800	32.896943	0.234335	-1671.386821	
5.957000	20.507396	0.710331	4.580883	32.894890	0.195396	-1671.312554	
5.958000	20.384778	0.564602	4.583421	32.892390	0.125304	-1671.237866	
5.959000	20.486255	0.750812	4.586735	32.889337	0.300533	-1671.162801	
5.960000	20.482027	0.856061	4.590720	32.885631	0.136986	-1671.087467	
5.961000	20.503168	0.864157	4.594905	32.881420	0.016273	-1671.012020	
5.962000	20.532766	0.831773	4.598752	32.876942	0.144774	-1670.936635	
5.963000	20.414376	0.896541	4.601768	32.872227	0.249911	-1670.861484	
5.964000	20.410148	0.839869	4.603482	32.867107	0.199290	-1670.786699	
5.965000	20.384778	0.758908	4.603665	32.861397	0.172032	-1670.712367	
5.966000	20.465114	0.653659	4.602421	32.854995	0.109728	-1670.638526	
5.967000	20.443973	0.791292	4.599873	32.847847	0.203184	-1670.565158	
5.968000	20.528537	0.928926	4.596271	32.839967	0.362836	-1670.492174	
5.969000	20.414376	0.880349	4.592236	32.831540	0.199290	-1670.419432	
5.970000	20.465114	0.718427	4.588449	32.822704	0.074683	-1670.346768	
5.971000	20.401691	0.912733	4.585266	32.813356	0.226548	-1670.274012	
5.972000	20.498940	0.621274	4.582883	32.803390	0.164244	-1670.201016	
5.973000	20.431289	0.686043	4.581647	32.792944	0.101940	-1670.127672	
5.974000	20.638471	0.807484	4.581854	32.782238	0.230441	-1670.053923	
5.975000	20.465114	0.920829	4.583565	32.771290	0.218760	-1669.979766	
5.976000	20.473571	0.920829	4.586696	32.759935	0.133092	-1669.905267	
5.977000	20.431289	0.815580	4.590878	32.747996	0.027955	-1669.830558	
5.978000	20.562363	0.767004	4.595436	32.735373	0.203184	-1669.755811	
5.979000	20.456658	0.742716	4.599775	32.722010	0.164244	-1669.681207	
5.980000	20.456658	0.904637	4.603640	32.707928	0.183714	-1669.606903	
5.981000	20.367865	0.823676	4.606861	32.693311	0.308321	-1669.533014	
5.982000	20.490484	0.969406	4.608819	32.678293	0.152562	-1669.459608	
5.983000	20.503168	0.977502	4.608649	32.662776	0.304427	-1669.386710	
5.984000	20.372094	0.872253	4.606186	32.646659	0.121410	-1669.314283	
5.985000	20.384778	0.847965	4.602127	32.630080	0.156456	-1669.242226	
5.986000	20.511625	0.856061	4.597460	32.613261	0.269381	-1669.170385	
5.987000	20.448201	0.864157	4.593093	32.596219	0.312215	-1669.098575	
5.988000	20.389006	0.880349	4.589651	32.578788	0.300533	-1669.026619	
5.989000	20.465114	0.767004	4.587503	32.560792	0.063001	-1668.954378	
5.990000	20.520081	0.896541	4.586856	32.542127	0.078577	-1668.881766	
5.991000	20.545450	0.613178	4.587813	32.522742	0.152562	-1668.808747	
5.992000	20.435517	0.928926	4.590324	32.502663	0.156456	-1668.735336	
5.993000	20.435517	0.694139	4.593964	32.482080	0.187608	-1668.661613	
5.994000	20.439745	0.847965	4.598082	32.461123	0.160350	-1668.587720	
5.995000	20.503168	0.710331	4.602209	32.439690	0.214866	-1668.513829	
5.996000	20.443973	0.888445	4.606212	32.417675	0.242123	-1668.440120	
5.997000	20.562363	0.896541	4.609986	32.395217	-0.010985	-1668.366744	
5.998000	20.528537	0.742716	4.613033	32.372537	0.129198	-1668.293808	
5.999000	20.452430	0.677947	4.614425	32.349661	0.109728	-1668.221363	
6.000000	20.393235	0.856061	4.613239	32.326441	0.273275	-1668.149406	0.000000
6.001000	20.452430	0.831773	4.609331	32.302713	0.105834	-1668.077873	
6.002000	20.473571	0.799388	4.603642	32.278377	0.261593	-1668.006642	
6.003000	20.410148	0.945118	4.597559	32.253381	0.179820	-1667.935550	
6.004000	20.443973	0.904637	4.592149	32.227760	0.316109	-1667.864415	
6.005000	20.536994	0.993694	4.587919	32.201707	0.320003	-1667.793065	
6.006000	20.414376	0.775100	4.584965	32.175356	0.261593	-1667.721374	
6.007000	20.507396	0.993694	4.583305	32.148603	0.413458	-1667.649267	
6.008000	20.452430	0.847965	4.583190	32.121339	0.136986	-1667.576718	
6.009000	20.520081	0.775100	4.584982	32.093686	0.078577	-1667.503763	
6.010000	20.591961	0.775100	4.588602	32.065846	0.156456	-1667.430504	
6.011000	20.452430	1.001790	4.593346	32.037838	0.281063	-1667.357093	
6.012000	20.498940	0.880349	4.598397	32.009520	0.199290	-1667.283704	
6.013000	20.473571	0.847965	4.603180	31.980736	0.066895	-1667.210517	
6.014000	20.536994	0.758908	4.607316	31.951387	0.218760	-1667.137683	
6.015000	20.435517	0.823676	4.610771	31.921422	-0.014879	-1667.065292	
6.016000	20.439745	0.888445	4.613663	31.890880	0.020167	-1666.993381	
6.017000	20.452430	0.928926	4.615688	31.859963	0.140880	-1666.921931	
6.018000	20.490484	0.872253	4.616394	31.828810	0.226548	-1666.850858	
6.019000	20.422832	1.034175	4.615753	31.797320	0.355048	-1666.780026	
6.020000	20.456658	0.775100	4.614157	31.765389	0.133092	-1666.709266	
6.021000	20.418604	0.945118	4.612161	31.733137	0.094153	-1666.638404	
6.022000	20.460886	0.945118	4.610278	31.700768	0.172032	-1666.567284	
6.023000	20.431289	0.872253	4.608856	31.668298	0.339473	-1666.495787	
6.024000	20.490484	1.058463	4.608160	31.635585	0.246017	-1666.423842	
6.025000	20.452430	0.791292	4.608450	31.602474	0.051319	-1666.351436	
6.026000	20.579276	0.847965	4.609793	31.568861	0.339473	-1666.278631	
6.027000	20.515853	0.726523	4.611832	31.534690	0.094153	-1666.205554	
6.028000	20.414376	0.904637	4.613896	31.500003	0.246017	-1666.132365	
6.029000	20.473571	0.758908	4.615411	31.465007	0.043531	-1666.059243	
6.030000	20.431289	0.912733	4.616127	31.429837	0.140880	-1665.986355	
6.031000	20.532766	1.050367	4.615905	31.394391	0.191502	-1665.913830	
6.032000	20.431289	0.993694	4.614569	31.358557	0.156456	-1665.841747	
6.033000	20.545450	1.042271	4.611994	31.322453	-0.104440	-1665.770136	
6.034000	20.524309	0.904637	4.608106	31.286277	0.129198	-1665.698966	
6.035000	20.511625	0.807484	4.603156	31.250049	0.269381	-1665.628141	
6.036000	20.359409	0.888445	4.597917	31.213646	0.214866	-1665.557512	
6.037000	20.384778	0.961310	4.593139	31.176924	0.129198	-1665.486910	
6.038000	20.465114	0.896541	4.589134	31.139782	0.327791	-1665.416165	
6.039000	20.477799	0.807484	4.586133	31.102166	0.148668	-1665.345128	
6.040000	20.393235	0.937022	4.584482	31.064121	0.296639	-1665.273696	
6.041000	20.579276	0.823676	4.584489	31.025853	0.199290	-1665.201812	
6.042000	20.380550	1.058463	4.586245	30.987492	0.288851	-1665.129484	
6.043000	20.460886	0.783196	4.589395	30.948932	0.187608	-1665.056789	
6.044000	20.363637	0.807484	4.593164	30.910062	0.172032	-1664.983866	
6.045000	20.536994	0.953214	4.596785	30.870990	0.020167	-1664.910890	
6.046000	20.536994	0.783196	4.599897	30.831902	0.242123	-1664.838040	
6.047000	20.490484	1.009886	4.602500	30.792814	0.323897	-1664.765471	
6.048000	20.536994	0.961310	4.604436	30.753600	0.133092	-1664.693296	
6.049000	20.524309	0.783196	4.605071	30.714120	-0.038242	-1664.621584	
6.050000	20.553907	0.702235	4.603861	30.674275	0.249911	-1664.550356	
6.051000	20.397463	0.839869	4.600924	30.634009	0.035743	-1664.479560	
6.052000	20.418604	0.888445	4.596926	30.593375	0.214866	-1664.409075	
6.053000	20.486255	0.912733	4.592732	30.552576	0.160350	-1664.338735	
6.054000	20.498940	0.815580	4.588930	30.511743	0.203184	-1664.268363	
6.055000	20.427060	1.001790	4.585596	30.470772	0.331685	-1664.197793	
6.056000	20.482027	0.726523	4.582648	30.429556	0.172032	-1664.126894	
6.057000	20.532766	1.001790	4.579940	30.388203	0.047425	-1664.055583	
6.058000	20.477799	0.839869	4.577503	30.346903	0.335579	-1663.983823	
6.059000	20.342496	0.945118	4.576230	30.305677	0.409564	-1663.911641	
6.060000	20.460886	0.961310	4.577028	30.264410	0.230441	-1663.839131	
6.061000	20.439745	0.912733	4.579647	30.222966	-0.022667	-1663.766444	
6.062000	20.553907	0.880349	4.583226	30.181243	0.242123	-1663.693763	
6.063000	20.452430	0.823676	4.587073	30.139183	0.284957	-1663.621265	
6.064000	20.435517	0.904637	4.590617	30.096838	0.207078	-1663.549090	
6.065000	20.507396	0.937022	4.593092	30.054413	0.207078	-1663.477331	
6.066000	20.469342	0.742716	4.593869	30.012031	0.246017	-1663.406033	
6.067000	20.473571	0.896541	4.593071	29.969580	0.269381	-1663.335188	
6.068000	20.566591	0.758908	4.591355	29.926944	0.109728	-1663.264720	
6.069000	20.562363	0.645563	4.589433	29.884220	0.027955	-1663.194501	
6.070000	20.570820	0.775100	4.588001	29.841584	0.117516	-1663.124372	
6.071000	20.490484	0.985598	4.587551	29.799055	0.284957	-1663.054161	
6.072000	20.372094	0.831773	4.588274	29.756528	0.160350	-1662.983714	
6.073000	20.473571	0.807484	4.590052	29.713879	0.129198	-1662.912919	
6.074000	20.397463	0.872253	4.592326	29.671009	0.261593	-1662.841715	
6.075000	20.515853	0.831773	4.594704	29.627863	0.101940	-1662.770085	
6.076000	20.300214	0.920829	4.597469	29.584503	0.218760	-1662.698074	
6.077000	20.503168	0.726523	4.600797	29.541144	0.168138	-1662.625796	
6.078000	20.401691	0.823676	4.604309	29.497912	0.320003	-1662.553408	
6.079000	20.507396	0.969406	4.607574	29.454693	0.327791	-1662.481082	
6.080000	20.397463	0.839869	4.610426	29.411365	0.382306	-1662.408980	
6.081000	20.549678	0.872253	4.612800	29.368011	0.031849	-1662.337228	
6.082000	20.490484	0.734620	4.614567	29.324792	0.082471	-1662.265903	
6.083000	20.456658	0.791292	4.615691	29.281724	0.273275	-1662.195029	
6.084000	20.401691	0.718427	4.616273	29.238723	0.230441	-1662.124578	
6.085000	20.553907	0.750812	4.616476	29.195685	0.012379	-1662.054465	
6.086000	20.498940	0.856061	4.616596	29.152510	0.172032	-1661.984561	
6.087000	20.482027	0.839869	4.616907	29.109139	0.059107	-1661.914701	
6.088000	20.380550	0.856061	4.617464	29.065642	0.230441	-1661.844713	
6.089000	20.532766	0.758908	4.618194	29.022247	0.078577	-1661.774450	
6.090000	20.469342	0.839869	4.619098	28.979079	0.347261	-1661.703814	
6.091000	20.553907	0.775100	4.620554	28.936028	0.355048	-1661.632759	
6.092000	20.452430	0.613178	4.623024	28.892976	0.121410	-1661.561289	
6.093000	20.511625	0.896541	4.626465	28.850007	0.031849	-1661.489480	
6.094000	20.507396	0.702235	4.630377	28.807281	0.168138	-1661.417459	
6.095000	20.325583	1.090847	4.634076	28.764818	0.214866	-1661.345385	
6.096000	20.384778	0.831773	4.636987	28.722541	0.242123	-1661.273422	
6.097000	20.460886	0.847965	4.638826	28.680353	0.078577	-1661.201717	
6.098000	20.532766	0.742716	4.639317	28.638149	0.300533	-1661.130381	
6.099000	20.431289	0.872253	4.637994	28.595864	0.187608	-1661.059475	
6.100000	20.401691	0.864157	4.634579	28.553567	0.121410	-1660.989004	0.000000
6.101000	20.490484	0.556506	4.629358	28.511470	0.210972	-1660.918911	
6.102000	20.515853	0.815580	4.623099	28.469685	0.175926	-1660.849080	
6.103000	20.460886	0.953214	4.616770	28.428088	0.230441	-1660.779361	
6.104000	20.507396	0.807484	4.611211	28.386551	0.144774	-1660.709581	
6.105000	20.625786	0.775100	4.606899	28.345144	-0.030454	-1660.639586	
6.106000	20.562363	0.742716	4.603957	28.304015	0.090259	-1660.569254	
6.107000	20.448201	0.872253	4.602189	28.263179	0.226548	-1660.498508	
6.108000	20.376322	0.621274	4.601031	28.222560	0.175926	-1660.427316	
6.109000	20.473571	0.847965	4.599839	28.182062	-0.053818	-1660.355711	
6.110000	20.528537	0.920829	4.598412	28.141583	0.160350	-1660.283791	
6.111000	20.427060	0.856061	4.596832	28.101063	0.172032	-1660.211697	
6.112000	20.376322	0.937022	4.595060	28.060584	0.234335	-1660.139591	
6.113000	20.549678	0.718427	4.593160	28.020372	0.175926	-1660.067634	
6.114000	20.350953	0.872253	4.591505	27.980545	0.164244	-1659.995963	
6.115000	20.469342	0.969406	4.590353	27.940981	0.358942	-1659.924665	
6.116000	20.384778	1.042271	4.589460	27.901549	0.288851	-1659.853781	
6.117000	20.587732	0.856061	4.588256	27.862310	0.031849	-1659.783301	
6.118000	20.469342	0.702235	4.586468	27.823402	0.191502	-1659.713153	
6.119000	20.490484	0.904637	4.584468	27.784840	0.253805	-1659.643203	
6.120000	20.380550	0.799388	4.582763	27.746562	0.312215	-1659.573289	
6.121000	20.494712	0.629370	4.581523	27.708488	0.082471	-1659.503247	
6.122000	20.465114	0.783196	4.580815	27.670513	0.238229	-1659.432934	
6.123000	20.524309	0.799388	4.580851	27.632574	0.257699	-1659.362240	
6.124000	20.439745	1.074655	4.581811	27.594749	0.261593	-1659.291098	
6.125000	20.575048	0.807484	4.583704	27.557260	0.074683	-1659.219495	
6.126000	20.401691	0.758908	4.586414	27.520214	0.308321	-1659.147487	
6.127000	20.528537	0.880349	4.589676	27.483484	0.140880	-1659.075196	
6.128000	20.469342	0.767004	4.593058	27.446936	0.133092	-1659.002783	
6.129000	20.583504	0.856061	4.596022	27.410628	0.098047	-1658.930427	
6.130000	20.435517	0.904637	4.598072	27.374694	0.214866	-1658.858291	
6.131000	20.410148	1.107039	4.599002	27.339152	0.249911	-1658.786495	
6.132000	20.308670	0.791292	4.598611	27.303962	0.168138	-1658.715107	
6.133000	20.397463	0.912733	4.595939	27.269061	0.168138	-1658.644148	
6.134000	20.541222	0.864157	4.589985	27.234351	0.226548	-1658.573587	
6.135000	20.414376	0.783196	4.581205	27.199768	0.261593	-1658.503326	
6.136000	20.359409	0.888445	4.571181	27.165400	0.261593	-1658.433217	
6.137000	20.536994	0.953214	4.561367	27.131478	0.191502	-1658.363086	
6.138000	20.431289	0.945118	4.552708	27.098105	0.207078	-1658.292761	
6.139000	20.443973	1.026079	4.545824	27.065144	0.238229	-1658.222102	
6.140000	20.545450	0.969406	4.541130	27.032451	0.265487	-1658.151015	
6.141000	20.608873	0.937022	4.538653	27.000071	0.113622	-1658.079456	
6.142000	20.532766	0.831773	4.537974	26.968125	0.172032	-1658.007442	
6.143000	20.372094	1.107039	4.538665	26.936626	0.238229	-1657.935050	
6.144000	20.372094	0.880349	4.540465	26.905527	0.187608	-1657.862421	
6.145000	20.410148	0.912733	4.543058	26.874761	-0.007091	-1657.789733	
6.146000	20.511625	0.823676	4.546126	26.844224	0.203184	-1657.717169	
6.147000	20.460886	0.807484	4.549391	26.813855	0.179820	-1657.644884	
6.148000	20.401691	0.823676	4.552259	26.783753	0.249911	-1657.572979	
6.149000	20.630014	0.864157	4.553865	26.754156	0.273275	-1657.501508	
6.150000	20.469342	0.912733	4.553873	26.725173	0.234335	-1657.430475	
6.151000	20.384778	1.001790	4.552671	26.696670	0.300533	-1657.359823	
6.152000	20.460886	1.098943	4.550890	26.668506	0.214866	-1657.289435	
6.153000	20.570820	0.904637	4.549314	26.640722	0.109728	-1657.219157	
6.154000	20.553907	0.945118	4.548715	26.613430	0.207078	-1657.148814	
6.155000	20.435517	0.937022	4.549568	26.586636	0.273275	-1657.078239	
6.156000	20.393235	0.839869	4.552031	26.560297	0.148668	-1657.007300	
6.157000	20.558135	0.750812	4.555903	26.534348	0.031849	-1656.935927	
6.158000	20.469342	0.823676	4.560665	26.508680	0.207078	-1656.864100	
6.159000	20.511625	0.799388	4.565756	26.483212	0.183714	-1656.791854	
6.160000	20.363637	1.009886	4.570829	26.458023	0.253805	-1656.719282	
6.161000	20.630014	0.815580	4.575648	26.433332	0.152562	-1656.646532	
6.162000	20.397463	0.823676	4.579927	26.409240	0.284957	-1656.573781	
6.163000	20.503168	0.864157	4.583493	26.385612	0.222654	-1656.501201	
6.164000	20.427060	0.856061	4.586308	26.362304	0.105834	-1656.428937	
6.165000	20.680753	0.847965	4.588289	26.339355	0.012379	-1656.357088	
6.166000	20.410148	1.090847	4.589287	26.316876	0.234335	-1656.285702	
6.167000	20.460886	1.042271	4.588959	26.294876	0.296639	-1656.214768	
6.168000	20.279073	0.726523	4.587044	26.273322	0.269381	-1656.144204	
6.169000	20.435517	0.807484	4.583899	26.252157	0.043531	-1656.073877	
6.170000	20.452430	0.758908	4.580388	26.231269	0.281063	-1656.003626	
6.171000	20.553907	0.718427	4.577502	26.210587	0.160350	-1655.933274	
6.172000	20.359409	0.831773	4.575925	26.190210	0.292745	-1655.862659	
6.173000	20.591961	0.864157	4.575497	26.170373	0.234335	-1655.791662	
6.174000	20.346724	0.799388	4.575563	26.151167	0.246017	-1655.720213	
6.175000	20.482027	0.896541	4.576334	26.132440	0.199290	-1655.648301	
6.176000	20.439745	0.758908	4.578650	26.114034	0.257699	-1655.575982	
6.177000	20.621558	0.686043	4.582528	26.095970	0.012379	-1655.503381	
6.178000	20.541222	0.702235	4.587229	26.078343	0.027955	-1655.430663	
6.179000	20.469342	0.993694	4.591929	26.061160	0.183714	-1655.358007	
6.180000	20.359409	0.767004	4.596062	26.044409	0.098047	-1655.285584	
6.181000	20.414376	0.977502	4.599464	26.028054	0.027955	-1655.213527	
6.182000	20.490484	0.928926	4.602202	26.011993	0.164244	-1655.141920	
6.183000	20.435517	0.791292	4.604388	25.996158	0.125304	-1655.070793	
6.184000	20.342496	0.669851	4.606092	25.980667	0.187608	-1655.000109	
6.185000	20.575048	0.783196	4.607346	25.965770	0.140880	-1654.929768	
6.186000	20.486255	0.815580	4.608304	25.951566	0.253805	-1654.859624	
6.187000	20.397463	0.969406	4.609187	25.937908	0.269381	-1654.789506	
6.188000	20.397463	0.928926	4.610118	25.924638	0.101940	-1654.719241	
6.189000	20.490484	0.969406	4.611199	25.911767	0.078577	-1654.648686	
6.190000	20.549678	0.605082	4.612567	25.899372	0.207078	-1654.577742	
6.191000	20.431289	1.026079	4.614280	25.887453	0.261593	-1654.506348	
6.192000	20.325583	0.726523	4.616267	25.876008	0.269381	-1654.434501	
6.193000	20.503168	0.880349	4.618424	25.865014	0.027955	-1654.362275	
6.194000	20.528537	0.758908	4.620563	25.854363	0.355048	-1654.289811	
6.195000	20.460886	0.823676	4.622329	25.843982	0.101940	-1654.217281	
6.196000	20.325583	1.074655	4.623518	25.833986	0.179820	-1654.144860	
6.197000	20.591961	0.734620	4.624301	25.824620	0.164244	-1654.072700	
6.198000	20.443973	0.815580	4.625127	25.815970	0.140880	-1654.000911	
6.199000	20.511625	0.831773	4.626748	25.807881	0.253805	-1653.929560	
6.200000	20.494712	0.564602	4.629522	25.800193	0.094153	-1653.858663	0.000000
6.201000	20.575048	0.734620	4.632775	25.792918	0.059107	-1653.788176	
6.202000	20.460886	0.847965	4.635668	25.786135	0.168138	-1653.717988	
6.203000	20.414376	0.937022	4.637951	25.779856	0.214866	-1653.647943	
6.204000	20.253704	0.977502	4.639698	25.774100	0.273275	-1653.577859	
6.205000	20.448201	0.637467	4.640958	25.768864	0.051319	-1653.507568	
6.206000	20.414376	0.758908	4.641604	25.764042	0.230441	-1653.436936	
6.207000	20.545450	0.815580	4.641567	25.759556	0.183714	-1653.365876	
6.208000	20.291758	0.807484	4.641276	25.755521	0.214866	-1653.294348	
6.209000	20.575048	0.872253	4.641412	25.752180	0.210972	-1653.222369	
6.210000	20.342496	1.001790	4.642160	25.749615	0.362836	-1653.150028	
6.211000	20.452430	1.066559	4.643053	25.747669	0.281063	-1653.077468	
6.212000	20.414376	0.839869	4.643463	25.746171	0.168138	-1653.004861	
6.213000	20.596189	0.645563	4.643056	25.745122	0.059107	-1652.932383	
6.214000	20.498940	0.807484	4.641827	25.744587	0.246017	-1652.860185	
6.215000	20.465114	0.904637	4.639606	25.744572	0.203184	-1652.788363	
6.216000	20.304442	1.001790	4.635902	25.745090	0.187608	-1652.716969	
6.217000	20.401691	0.831773	4.630676	25.746128	0.027955	-1652.646005	
6.218000	20.405919	1.001790	4.624451	25.747575	0.300533	-1652.575408	
6.219000	20.503168	0.839869	4.617779	25.749350	0.249911	-1652.505046	
6.220000	20.338268	0.791292	4.611265	25.751568	0.214866	-1652.434753	
6.221000	20.604645	0.791292	4.605550	25.754466	0.179820	-1652.364348	
6.222000	20.401691	0.847965	4.601170	25.758116	0.238229	-1652.293672	
6.223000	20.405919	1.301345	4.598318	25.762354	0.261593	-1652.222605	
6.224000	20.367865	0.710331	4.596714	25.767010	0.156456	-1652.151074	
6.225000	20.443973	1.026079	4.596168	25.772080	0.105834	-1652.079066	
6.226000	20.503168	0.767004	4.596733	25.777628	0.253805	-1652.006630	
6.227000	20.363637	0.985598	4.598220	25.783649	0.417352	-1651.933878	
6.228000	20.317127	0.799388	4.600165	25.790146	0.323897	-1651.860960	
6.229000	20.401691	0.815580	4.602136	25.797099	0.133092	-1651.788057	
6.230000	20.536994	0.767004	4.603740	25.804393	0.269381	-1651.715341	
6.231000	20.410148	0.823676	4.604540	25.811944	0.105834	-1651.642948	
6.232000	20.401691	0.823676	4.604322	25.819876	0.288851	-1651.570958	
6.233000	20.600417	0.945118	4.603256	25.828435	0.125304	-1651.499404	
6.234000	20.545450	0.791292	4.601534	25.837690	0.226548	-1651.428265	
6.235000	20.448201	1.001790	4.599252	25.847471	0.234335	-1651.357456	
6.236000	20.482027	0.588890	4.596628	25.857603	0.121410	-1651.286843	
6.237000	20.558135	0.823676	4.594030	25.868076	0.086365	-1651.216267	
6.238000	20.524309	0.969406	4.591748	25.878948	0.140880	-1651.145564	
6.239000	20.410148	1.082751	4.589737	25.890217	0.277169	-1651.074588	
6.240000	20.279073	0.928926	4.588026	25.901901	0.226548	-1651.003233	
6.241000	20.376322	0.783196	4.587443	25.913991	0.105834	-1650.931442	
6.242000	20.477799	0.896541	4.588919	25.926372	0.261593	-1650.859220	
6.243000	20.456658	0.702235	4.592402	25.938967	0.125304	-1650.786636	
6.244000	20.253704	0.880349	4.597078	25.951911	0.218760	-1650.713814	
6.245000	20.617330	0.856061	4.601970	25.965464	0.257699	-1650.640916	
6.246000	20.393235	0.977502	4.606268	25.979699	0.331685	-1650.568113	
6.247000	20.482027	1.026079	4.609522	25.994444	0.316109	-1650.495558	
6.248000	20.363637	0.904637	4.611783	26.009515	0.187608	-1650.423363	
6.249000	20.604645	1.017982	4.613522	26.024884	0.086365	-1650.351597	
6.250000	20.596189	0.888445	4.614942	26.040591	0.156456	-1650.280281	
6.251000	20.515853	1.107039	4.615835	26.056635	0.175926	-1650.209368	
6.252000	20.283301	1.115135	4.616247	26.073060	0.218760	-1650.138754	
6.253000	20.494712	0.847965	4.616476	26.089886	0.078577	-1650.068296	
6.254000	20.443973	0.920829	4.616646	26.107006	0.164244	-1649.997834	
6.255000	20.511625	0.783196	4.616624	26.124339	0.086365	-1649.927210	
6.256000	20.257932	0.888445	4.616231	26.142017	0.218760	-1649.856291	
6.257000	20.617330	0.815580	4.615449	26.160294	0.269381	-1649.784992	
6.258000	20.452430	0.985598	4.614272	26.179235	0.277169	-1649.713278	
6.259000	20.456658	1.188000	4.612699	26.198669	0.214866	-1649.641169	
6.260000	20.431289	0.831773	4.610918	26.218412	0.323897	-1649.568756	
6.261000	20.532766	0.928926	4.609106	26.238435	0.031849	-1649.496184	
6.262000	20.384778	0.839869	4.607308	26.258774	0.222654	-1649.423622	
6.263000	20.452430	0.953214	4.605542	26.279431	0.249911	-1649.351234	
6.264000	20.270617	0.710331	4.603694	26.300464	0.214866	-1649.279155	
6.265000	20.439745	0.629370	4.601402	26.321900	0.129198	-1649.207483	
6.266000	20.460886	0.823676	4.598248	26.343622	0.257699	-1649.136273	
6.267000	20.401691	0.872253	4.594203	26.365542	0.125304	-1649.065525	
6.268000	20.270617	0.904637	4.589793	26.387805	0.199290	-1648.995172	
6.269000	20.575048	0.726523	4.585848	26.410672	0.210972	-1648.925087	
6.270000	20.486255	0.758908	4.583084	26.434200	0.261593	-1648.855110	
6.271000	20.469342	0.969406	4.581658	26.458205	0.308321	-1648.785073	
6.272000	20.545450	0.807484	4.581220	26.482494	0.121410	-1648.714823	
6.273000	20.562363	0.807484	4.581597	26.507028	0.047425	-1648.644255	
6.274000	20.545450	0.799388	4.582984	26.531830	0.027955	-1648.573308	
6.275000	20.418604	1.026079	4.585386	26.556900	0.160350	-1648.501964	
6.276000	20.291758	0.823676	4.588546	26.582293	0.164244	-1648.430270	
6.277000	20.376322	0.710331	4.592201	26.608038	0.164244	-1648.358340	
6.278000	20.511625	0.856061	4.596019	26.634023	0.308321	-1648.286330	
6.279000	20.452430	0.880349	4.599692	26.660163	0.172032	-1648.214407	
6.280000	20.232563	0.945118	4.602979	26.686609	0.152562	-1648.142729	
6.281000	20.558135	0.758908	4.605587	26.713631	0.234335	-1648.071417	
6.282000	20.507396	0.880349	4.607457	26.741291	0.296639	-1648.000546	
6.283000	20.410148	1.058463	4.608929	26.769405	0.249911	-1647.930146	
6.284000	20.389006	0.864157	4.610211	26.797775	0.140880	-1647.860190	
6.285000	20.456658	0.710331	4.611215	26.826355	0.078577	-1647.790595	
6.286000	20.469342	0.807484	4.611986	26.855161	0.207078	-1647.721224	
6.287000	20.524309	0.839869	4.612703	26.884187	0.238229	-1647.651911	
6.288000	20.257932	0.920829	4.613450	26.913493	0.172032	-1647.582488	
6.289000	20.486255	0.872253	4.614298	26.943111	0.008485	-1647.512821	
6.290000	20.469342	1.001790	4.615203	26.972924	0.273275	-1647.442819	
6.291000	20.456658	0.686043	4.615955	27.002845	0.179820	-1647.372432	
6.292000	20.228334	0.783196	4.616580	27.033030	0.222654	-1647.301657	
6.293000	20.689209	0.726523	4.617329	27.063751	0.144774	-1647.230554	
6.294000	20.435517	0.799388	4.618202	27.095063	0.199290	-1647.159248	
6.295000	20.503168	1.034175	4.618868	27.126780	0.191502	-1647.087903	
6.296000	20.414376	0.815580	4.618901	27.158712	0.222654	-1647.016694	
6.297000	20.528537	0.864157	4.617963	27.190812	0.144774	-1646.945778	
6.298000	20.431289	0.677947	4.616163	27.223095	0.101940	-1646.875267	
6.299000	20.308670	1.131328	4.614041	27.255559	0.195396	-1646.805217	
6.300000	20.270617	0.807484	4.611876	27.288281	0.300533	-1646.735631	0.000000
6.301000	20.482027	0.799388	4.609560	27.321304	0.156456	-1646.666462	
6.302000	20.503168	0.993694	4.607130	27.354514	0.261593	-1646.597601	
6.303000	20.418604	0.928926	4.604975	27.387820	0.234335	-1646.528899	
6.304000	20.283301	0.823676	4.603533	27.421371	0.187608	-1646.460184	
6.305000	20.524309	0.823676	4.602968	27.455424	0.168138	-1646.391288	
6.306000	20.494712	0.629370	4.603261	27.490021	0.304427	-1646.322077	
6.307000	20.372094	0.710331	4.604293	27.524966	0.179820	-1646.252466	
6.308000	20.515853	0.767004	4.605836	27.560057	0.047425	-1646.182423	
6.309000	20.604645	0.831773	4.607758	27.595236	0.101940	-1646.111978	
6.310000	20.490484	0.734620	4.609942	27.630511	0.183714	-1646.041228	
6.311000	20.418604	0.815580	4.611977	27.665883	0.179820	-1645.970324	
6.312000	20.249476	0.783196	4.613367	27.701442	0.191502	-1645.899438	
6.313000	20.414376	0.783196	4.613880	27.737249	0.218760	-1645.828745	
6.314000	20.482027	0.758908	4.613395	27.773192	0.284957	-1645.758393	
6.315000	20.456658	0.694139	4.611844	27.809176	0.121410	-1645.688474	
6.316000	20.291758	0.896541	4.609300	27.845357	0.218760	-1645.619030	
6.317000	20.579276	0.872253	4.605582	27.882001	0.214866	-1645.550054	
6.318000	20.384778	0.985598	4.600446	27.919158	0.246017	-1645.481473	
6.319000	20.422832	0.831773	4.594289	27.956633	0.242123	-1645.413153	
6.320000	20.422832	0.912733	4.587935	27.994221	0.284957	-1645.344929	
6.321000	20.545450	0.669851	4.582086	28.031856	-0.003197	-1645.276626	
6.322000	20.477799	0.823676	4.577244	28.069533	0.210972	-1645.208085	
6.323000	20.482027	0.775100	4.573524	28.107239	0.378412	-1645.139182	
6.324000	20.211422	0.847965	4.570907	28.145044	0.284957	-1645.069847	
6.325000	20.503168	0.807484	4.570136	28.182987	0.152562	-1645.000066	
6.326000	20.477799	0.888445	4.571965	28.220947	0.277169	-1644.929892	
6.327000	20.486255	0.767004	4.575754	28.258831	0.113622	-1644.859442	
6.328000	20.224106	0.847965	4.580104	28.296789	0.261593	-1644.788867	
6.329000	20.591961	0.734620	4.583998	28.335083	0.265487	-1644.718341	
6.330000	20.435517	0.807484	4.586940	28.373756	0.226548	-1644.648034	
6.331000	20.490484	0.953214	4.588848	28.412614	0.242123	-1644.578078	
6.332000	20.448201	0.856061	4.589830	28.451456	0.144774	-1644.508561	
6.333000	20.473571	0.847965	4.589853	28.490222	0.187608	-1644.439522	
6.334000	20.418604	0.872253	4.588799	28.528913	0.121410	-1644.370943	
6.335000	20.376322	0.945118	4.586794	28.567528	0.323897	-1644.302731	
6.336000	20.131086	0.847965	4.584272	28.606173	0.101940	-1644.234741	
6.337000	20.435517	0.928926	4.581728	28.644922	0.136986	-1644.166805	
6.338000	20.524309	0.702235	4.579437	28.683660	0.393988	-1644.098754	
6.339000	20.473571	0.839869	4.577489	28.722294	0.242123	-1644.030439	
6.340000	20.262160	0.912733	4.575909	28.760974	0.129198	-1643.961758	
6.341000	20.507396	1.026079	4.574035	28.799965	0.175926	-1643.892656	
6.342000	20.443973	0.613178	4.570676	28.839307	0.308321	-1643.823134	
6.343000	20.422832	0.993694	4.565689	28.878801	0.187608	-1643.753266	
6.344000	20.507396	0.783196	4.560095	28.918236	0.242123	-1643.683185	
6.345000	20.570820	0.961310	4.554832	28.957543	0.113622	-1643.613068	
6.346000	20.545450	0.880349	4.550483	28.996712	0.152562	-1643.543099	
6.347000	20.342496	0.993694	4.547418	29.035740	0.160350	-1643.473444	
6.348000	20.228334	0.856061	4.545609	29.074724	0.172032	-1643.404223	
6.349000	20.427060	0.928926	4.544650	29.113731	0.175926	-1643.335508	
6.350000	20.482027	0.726523	4.544389	29.152644	0.296639	-1643.267320	
6.351000	20.443973	0.847965	4.545556	29.191370	0.136986	-1643.199613	
6.352000	20.249476	0.904637	4.548939	29.230068	0.133092	-1643.132273	
6.353000	20.596189	0.864157	4.554422	29.269007	0.152562	-1643.065146	
6.354000	20.405919	0.888445	4.561382	29.308235	0.358942	-1642.998056	
6.355000	20.401691	0.985598	4.569195	29.347557	0.214866	-1642.930832	
6.356000	20.443973	0.896541	4.577435	29.386769	0.187608	-1642.863338	
6.357000	20.630014	0.775100	4.586175	29.425795	0.199290	-1642.795484	
6.358000	20.439745	0.767004	4.595966	29.464621	0.339473	-1642.727231	
6.359000	20.443973	0.961310	4.607032	29.503246	0.187608	-1642.658594	
6.360000	20.283301	0.977502	4.618709	29.541783	0.156456	-1642.589660	
6.361000	20.494712	0.750812	4.629829	29.580314	0.121410	-1642.520580	
6.362000	20.465114	0.767004	4.639264	29.618723	0.288851	-1642.451537	
6.363000	20.486255	0.742716	4.646258	29.656912	0.078577	-1642.382710	
6.364000	20.270617	0.847965	4.650594	29.695038	0.210972	-1642.314245	
6.365000	20.659612	0.799388	4.652396	29.733370	0.121410	-1642.246238	
6.366000	20.465114	0.807484	4.651841	29.771949	0.203184	-1642.178739	
6.367000	20.532766	0.937022	4.649124	29.810580	0.160350	-1642.111746	
6.368000	20.325583	0.815580	4.644569	29.849056	0.043531	-1642.045195	
6.369000	20.562363	0.961310	4.638815	29.887299	0.016273	-1641.978965	
6.370000	20.422832	0.807484	4.632788	29.925292	0.074683	-1641.912894	
6.371000	20.418604	0.993694	4.627245	29.963035	0.316109	-1641.846798	
6.372000	20.232563	0.815580	4.622389	30.000653	0.238229	-1641.780508	
6.373000	20.367865	0.767004	4.618315	30.038239	0.308321	-1641.713897	
6.374000	20.460886	0.880349	4.615539	30.075679	0.316109	-1641.646893	
6.375000	20.456658	1.001790	4.614509	30.112876	0.164244	-1641.579471	
6.376000	20.287529	0.734620	4.615114	30.149991	0.183714	-1641.511674	
6.377000	20.515853	0.839869	4.616861	30.187293	0.156456	-1641.443609	
6.378000	20.477799	0.847965	4.619089	30.224813	0.210972	-1641.375430	
6.379000	20.439745	0.928926	4.621290	30.262348	0.292745	-1641.307309	
6.380000	20.541222	0.831773	4.623241	30.299684	0.214866	-1641.239420	
6.381000	20.549678	0.945118	4.624685	30.336734	0.074683	-1641.171906	
6.382000	20.575048	0.807484	4.625418	30.373473	0.117516	-1641.104859	
6.383000	20.460886	0.694139	4.625617	30.409899	0.269381	-1641.038318	
6.384000	20.283301	0.734620	4.625547	30.446141	0.187608	-1640.972267	
6.385000	20.338268	0.750812	4.625266	30.482293	0.160350	-1640.906624	
6.386000	20.511625	0.750812	4.624855	30.518245	0.105834	-1640.841254	
6.387000	20.477799	0.847965	4.624514	30.553901	0.125304	-1640.775985	
6.388000	20.329812	0.945118	4.624340	30.589430	0.136986	-1640.710636	
6.389000	20.524309	0.961310	4.624289	30.625101	0.199290	-1640.645050	
6.390000	20.414376	0.831773	4.624306	30.660949	0.277169	-1640.579117	
6.391000	20.384778	0.823676	4.624479	30.696777	0.261593	-1640.512773	
6.392000	20.372094	1.009886	4.625138	30.732374	0.156456	-1640.446015	
6.393000	20.625786	0.775100	4.626614	30.767648	0.144774	-1640.378907	
6.394000	20.511625	0.896541	4.628775	30.802563	0.273275	-1640.311573	
6.395000	20.456658	0.864157	4.631011	30.837112	0.246017	-1640.244170	
6.396000	20.257932	0.945118	4.632802	30.871430	0.316109	-1640.176869	
6.397000	20.511625	0.686043	4.633914	30.905618	0.191502	-1640.109836	
6.398000	20.473571	0.726523	4.634301	30.939564	0.382306	-1640.043196	
6.399000	20.528537	0.856061	4.634513	30.973166	0.199290	-1639.977023	
6.400000	20.274845	0.888445	4.635344	31.006584	0.183714	-1639.911336	0.000000
6.401000	20.634243	0.807484	4.636784	31.040077	0.129198	-1639.846087	
6.402000	20.439745	0.839869	4.638267	31.073676	0.160350	-1639.781171	
6.403000	20.494712	0.920829	4.639457	31.107186	0.253805	-1639.716439	
6.404000	20.431289	0.815580	4.640337	31.140401	0.113622	-1639.651726	
6.405000	20.562363	0.839869	4.641107	31.173231	0.191502	-1639.586873	
6.406000	20.448201	0.831773	4.642048	31.205643	0.133092	-1639.521745	
6.407000	20.346724	0.912733	4.643222	31.237639	0.133092	-1639.456247	
6.408000	20.219878	0.969406	4.644543	31.269358	0.214866	-1639.390327	
6.409000	20.431289	0.823676	4.646022	31.300908	0.234335	-1639.323993	
6.410000	20.465114	0.896541	4.647509	31.332179	0.199290	-1639.257329	
6.411000	20.422832	0.823676	4.648477	31.363073	0.183714	-1639.190474	
6.412000	20.338268	0.783196	4.648357	31.393754	0.257699	-1639.123597	
6.413000	20.515853	0.928926	4.646903	31.424487	0.183714	-1639.056866	
6.414000	20.389006	0.864157	4.644209	31.455299	0.288851	-1638.990424	
6.415000	20.460886	1.139424	4.640782	31.485993	0.300533	-1638.924369	
6.416000	20.477799	0.807484	4.637419	31.516352	0.101940	-1638.858756	
6.417000	20.515853	0.896541	4.634426	31.546276	0.183714	-1638.793592	
6.418000	20.528537	0.694139	4.631491	31.575718	0.218760	-1638.728820	
6.419000	20.448201	0.953214	4.628402	31.604678	0.203184	-1638.664317	
6.420000	20.342496	0.791292	4.625202	31.633305	0.183714	-1638.599925	
6.421000	20.329812	0.847965	4.622003	31.661715	0.183714	-1638.535475	
6.422000	20.486255	0.775100	4.619083	31.689797	0.199290	-1638.470810	
6.423000	20.410148	0.742716	4.617095	31.717454	0.109728	-1638.405805	
6.424000	20.312899	0.928926	4.616652	31.744849	0.187608	-1638.340383	
6.425000	20.524309	0.742716	4.617664	31.772246	0.160350	-1638.274519	
6.426000	20.431289	0.847965	4.619632	31.799675	0.370624	-1638.208250	
6.427000	20.482027	0.945118	4.622035	31.826941	0.355048	-1638.141682	
6.428000	20.363637	0.912733	4.624164	31.853833	0.152562	-1638.074965	
6.429000	20.452430	0.839869	4.625315	31.880254	0.199290	-1638.008272	
6.430000	20.448201	0.880349	4.625085	31.906161	0.191502	-1637.941767	
6.431000	20.490484	0.904637	4.623342	31.931554	0.253805	-1637.875576	
6.432000	20.257932	0.847965	4.619683	31.956588	0.374518	-1637.809776	
6.433000	20.498940	0.564602	4.613080	31.981381	0.195396	-1637.744407	
6.434000	20.384778	0.807484	4.602979	32.005822	0.238229	-1637.679456	
6.435000	20.511625	0.791292	4.590377	32.029810	0.140880	-1637.614846	
6.436000	20.279073	0.928926	4.577194	32.053500	0.086365	-1637.550440	
6.437000	20.613102	0.734620	4.565232	32.077149	0.230441	-1637.486069	
6.438000	20.452430	0.661755	4.555751	32.100781	0.242123	-1637.421563	
6.439000	20.486255	0.872253	4.549364	32.124198	0.113622	-1637.356774	
6.440000	20.465114	0.645563	4.545797	32.147196	0.175926	-1637.291603	
6.441000	20.528537	0.807484	4.544180	32.169675	0.101940	-1637.226002	
6.442000	20.422832	0.831773	4.544208	32.191593	0.066895	-1637.159975	
6.443000	20.355181	1.034175	4.546209	32.212952	0.296639	-1637.093583	
6.444000	20.266388	0.888445	4.550086	32.233911	0.105834	-1637.026945	
6.445000	20.435517	0.880349	4.555154	32.254592	0.179820	-1636.960223	
6.446000	20.482027	0.783196	4.560649	32.274888	0.249911	-1636.893593	
6.447000	20.367865	0.775100	4.566021	32.294699	0.121410	-1636.827215	
6.448000	20.321355	0.629370	4.570746	32.314183	0.129198	-1636.761207	
6.449000	20.591961	0.742716	4.574166	32.333594	0.160350	-1636.695638	
6.450000	20.498940	0.888445	4.575972	32.352953	0.316109	-1636.630524	
6.451000	20.376322	0.937022	4.576438	32.372065	0.327791	-1636.565819	
6.452000	20.528537	0.750812	4.576127	32.390726	0.086365	-1636.501418	
6.453000	20.536994	0.896541	4.575734	32.408833	0.086365	-1636.437175	
6.454000	20.536994	0.653659	4.575721	32.426339	0.207078	-1636.372923	
6.455000	20.422832	0.864157	4.576100	32.443249	0.226548	-1636.308494	
6.456000	20.338268	0.856061	4.576857	32.459722	0.125304	-1636.243755	
6.457000	20.494712	0.791292	4.578245	32.475879	0.129198	-1636.178625	
6.458000	20.515853	0.945118	4.581099	32.491616	0.183714	-1636.113067	
6.459000	20.486255	0.726523	4.586779	32.506835	0.125304	-1636.047098	
6.460000	20.334040	0.969406	4.595699	32.521696	0.059107	-1635.980799	
6.461000	20.566591	0.742716	4.606648	32.536455	0.207078	-1635.914308	
6.462000	20.473571	0.904637	4.618030	32.551137	0.277169	-1635.847796	
6.463000	20.431289	0.864157	4.628790	32.565554	0.277169	-1635.781437	
6.464000	20.393235	0.961310	4.638256	32.579502	0.168138	-1635.715380	
6.465000	20.460886	0.686043	4.645741	32.592884	0.199290	-1635.649728	
6.466000	20.422832	0.856061	4.650544	32.605651	0.312215	-1635.584533	
6.467000	20.460886	0.904637	4.652275	32.617810	0.234335	-1635.519787	
6.468000	20.308670	0.888445	4.650986	32.629521	0.281063	-1635.455418	
6.469000	20.498940	0.734620	4.647121	32.640906	0.218760	-1635.391303	
6.470000	20.405919	0.758908	4.641466	32.651860	0.327791	-1635.327284	
6.471000	20.515853	0.750812	4.634927	32.662282	0.121410	-1635.263187	
6.472000	20.329812	0.807484	4.628204	32.672326	0.043531	-1635.198850	
6.473000	20.579276	0.758908	4.621768	32.682239	0.234335	-1635.134150	
6.474000	20.422832	0.807484	4.616167	32.692042	0.214866	-1635.069008	
6.475000	20.515853	0.977502	4.612193	32.701549	0.288851	-1635.003401	
6.476000	20.490484	0.710331	4.610402	32.710562	0.004591	-1634.937379	
6.477000	20.583504	0.758908	4.610573	32.718983	0.027955	-1634.871061	
6.478000	20.456658	0.799388	4.611948	32.726768	0.117516	-1634.804610	
6.479000	20.435517	0.807484	4.613760	32.733927	0.179820	-1634.738201	
6.480000	20.329812	0.856061	4.615475	32.740631	0.210972	-1634.671999	
6.481000	20.439745	0.953214	4.616864	32.747007	0.187608	-1634.606140	
6.482000	20.507396	0.677947	4.618134	32.752952	0.327791	-1634.540705	
6.483000	20.460886	0.758908	4.619713	32.758370	0.222654	-1634.475729	
6.484000	20.367865	0.734620	4.621544	32.763421	0.179820	-1634.411195	
6.485000	20.465114	0.734620	4.623153	32.768355	0.327791	-1634.347022	
6.486000	20.460886	0.831773	4.624405	32.773195	0.421246	-1634.283066	
6.487000	20.427060	1.017982	4.625631	32.777754	0.312215	-1634.219152	
6.488000	20.465114	0.742716	4.627308	32.781835	0.094153	-1634.155103	
6.489000	20.511625	0.710331	4.629669	32.785334	0.059107	-1634.090769	
6.490000	20.553907	0.767004	4.632543	32.788199	0.136986	-1634.026046	
6.491000	20.418604	0.847965	4.635679	32.790438	0.199290	-1633.960876	
6.492000	20.435517	0.888445	4.638876	32.792220	0.136986	-1633.895258	
6.493000	20.405919	0.791292	4.641854	32.793674	0.140880	-1633.829259	
6.494000	20.532766	0.831773	4.644232	32.794695	0.117516	-1633.763011	
6.495000	20.427060	0.823676	4.645546	32.795184	0.098047	-1633.696679	
6.496000	20.376322	0.775100	4.645408	32.795294	0.043531	-1633.630440	
6.497000	20.541222	0.710331	4.643675	32.795273	0.074683	-1633.564459	
6.498000	20.473571	0.920829	4.640458	32.795146	0.156456	-1633.498857	
6.499000	20.482027	0.847965	4.636344	32.794735	0.281063	-1633.433705	
6.500000	20.346724	0.896541	4.632463	32.793850	0.168138	-1633.369021	0.000000
6.501000	20.490484	0.888445	4.629786	32.792393	0.156456	-1633.304767	
6.502000	20.494712	0.888445	4.628502	32.790317	0.300533	-1633.240832	
6.503000	20.401691	0.864157	4.628298	32.787633	0.339473	-1633.177058	
6.504000	20.300214	0.872253	4.628616	32.784519	0.269381	-1633.113264	
6.505000	20.460886	0.896541	4.628483	32.781105	0.140880	-1633.049280	
6.506000	20.401691	0.888445	4.626953	32.777288	0.378412	-1632.984968	
6.507000	20.469342	0.904637	4.623937	32.772965	0.214866	-1632.920240	
6.508000	20.249476	0.847965	4.620451	32.768286	0.086365	-1632.855052	
6.509000	20.579276	0.823676	4.617919	32.763491	0.172032	-1632.789419	
6.510000	20.334040	0.856061	4.617055	32.758600	0.242123	-1632.723423	
6.511000	20.503168	0.807484	4.617543	32.753431	0.284957	-1632.657206	
6.512000	20.494712	0.823676	4.618504	32.747792	0.008485	-1632.590950	
6.513000	20.579276	0.856061	4.618930	32.741579	0.113622	-1632.524843	
6.514000	20.460886	0.758908	4.618189	32.734742	0.133092	-1632.459043	
6.515000	20.401691	0.937022	4.616330	32.727299	0.136986	-1632.393654	
6.516000	20.469342	0.920829	4.613703	32.719430	0.191502	-1632.328725	
6.517000	20.494712	0.896541	4.610436	32.711268	0.133092	-1632.264257	
6.518000	20.422832	0.823676	4.606456	32.702713	0.234335	-1632.200181	
6.519000	20.473571	0.904637	4.601892	32.693666	0.164244	-1632.136369	
6.520000	20.435517	0.783196	4.597223	32.684279	0.086365	-1632.072657	
6.521000	20.418604	0.920829	4.592984	32.674795	0.249911	-1632.008862	
6.522000	20.389006	0.904637	4.589466	32.665236	0.370624	-1631.944813	
6.523000	20.401691	1.171808	4.586792	32.655428	0.277169	-1631.880375	
6.524000	20.435517	0.961310	4.585108	32.645179	0.168138	-1631.815469	
6.525000	20.448201	0.750812	4.584535	32.634384	0.172032	-1631.750072	
6.526000	20.515853	0.799388	4.585002	32.622988	0.066895	-1631.684229	
6.527000	20.355181	0.847965	4.586215	32.611007	0.210972	-1631.618048	
6.528000	20.418604	0.807484	4.587763	32.598624	0.156456	-1631.551687	
6.529000	20.414376	0.888445	4.589317	32.585971	0.273275	-1631.485325	
6.530000	20.511625	0.937022	4.590692	32.572945	0.218760	-1631.419140	
6.531000	20.486255	0.856061	4.591689	32.559444	0.148668	-1631.353270	
6.532000	20.477799	0.694139	4.592047	32.545612	-0.007091	-1631.287806	
6.533000	20.528537	0.686043	4.591507	32.531688	0.199290	-1631.222790	
6.534000	20.486255	0.880349	4.589950	32.517699	0.308321	-1631.158208	
6.535000	20.401691	0.815580	4.587512	32.503486	0.214866	-1631.093981	
6.536000	20.435517	0.961310	4.584593	32.488874	0.105834	-1631.029974	
6.537000	20.469342	0.799388	4.581758	32.473764	0.222654	-1630.966021	
6.538000	20.473571	0.953214	4.579503	32.458102	0.179820	-1630.901941	
6.539000	20.469342	0.799388	4.578106	32.441912	0.316109	-1630.837570	
6.540000	20.295986	1.050367	4.577702	32.425378	0.140880	-1630.772789	
6.541000	20.482027	0.734620	4.578454	32.408638	0.238229	-1630.707538	
6.542000	20.414376	1.107039	4.580529	32.391590	0.273275	-1630.641810	
6.543000	20.469342	0.880349	4.583897	32.374128	0.292745	-1630.575667	
6.544000	20.338268	0.961310	4.588171	32.356386	0.187608	-1630.509236	
6.545000	20.566591	0.847965	4.592701	32.338588	0.175926	-1630.442683	
6.546000	20.431289	0.904637	4.596905	32.320747	0.246017	-1630.376189	
6.547000	20.503168	0.791292	4.600333	32.302690	0.195396	-1630.309926	
6.548000	20.498940	0.953214	4.602514	32.284234	0.008485	-1630.244028	
6.549000	20.600417	0.839869	4.602925	32.265273	0.261593	-1630.178581	
6.550000	20.460886	0.791292	4.600755	32.245753	0.164244	-1630.113616	
6.551000	20.427060	0.928926	4.595171	32.225693	0.207078	-1630.049092	
6.552000	20.372094	0.888445	4.586531	32.205278	0.144774	-1629.984902	
6.553000	20.465114	0.767004	4.576531	32.184641	0.168138	-1629.920896	
6.554000	20.473571	0.767004	4.567011	32.163679	0.335579	-1629.856900	
6.555000	20.498940	0.758908	4.559209	32.142288	0.136986	-1629.792738	
6.556000	20.439745	0.815580	4.553674	32.120610	0.098047	-1629.728266	
6.557000	20.482027	0.847965	4.550404	32.098864	0.160350	-1629.663388	
6.558000	20.380550	0.791292	4.549396	32.077068	0.230441	-1629.598053	
6.559000	20.367865	1.026079	4.551002	32.055059	0.265487	-1629.532265	
6.560000	20.490484	0.653659	4.555330	32.032658	-0.014879	-1629.466103	
6.561000	20.507396	0.750812	4.561694	32.009754	0.172032	-1629.399710	
6.562000	20.477799	0.677947	4.569126	31.986291	0.234335	-1629.333261	
6.563000	20.380550	0.937022	4.576923	31.962295	0.292745	-1629.266935	
6.564000	20.486255	0.791292	4.584494	31.937964	0.238229	-1629.200885	
6.565000	20.414376	0.839869	4.591204	31.913435	0.199290	-1629.135226	
6.566000	20.460886	0.823676	4.596482	31.888604	0.308321	-1629.070021	
6.567000	20.465114	0.799388	4.600008	31.863358	0.226548	-1629.005280	
6.568000	20.680753	0.686043	4.601917	31.837823	-0.014879	-1628.940947	
6.569000	20.549678	0.775100	4.602694	31.812214	0.059107	-1628.876905	
6.570000	20.452430	0.823676	4.602908	31.786557	0.152562	-1628.812997	
6.571000	20.418604	0.904637	4.602922	31.760701	0.094153	-1628.749051	
6.572000	20.443973	0.977502	4.602740	31.734480	0.004591	-1628.684907	
6.573000	20.414376	0.807484	4.602290	31.707789	0.347261	-1628.620443	
6.574000	20.477799	0.888445	4.601774	31.680574	0.148668	-1628.555572	
6.575000	20.397463	0.775100	4.601635	31.652868	0.199290	-1628.490256	
6.576000	20.418604	0.742716	4.602241	31.624874	0.230441	-1628.424521	
6.577000	20.431289	0.410776	4.603642	31.596734	0.164244	-1628.358468	
6.578000	20.443973	0.953214	4.605511	31.568347	0.382306	-1628.292250	
6.579000	20.473571	0.831773	4.607377	31.539604	0.109728	-1628.226041	
6.580000	20.435517	0.937022	4.608892	31.510626	0.101940	-1628.160012	
6.581000	20.558135	0.807484	4.609896	31.481616	0.226548	-1628.094300	
6.582000	20.397463	0.920829	4.610350	31.452586	0.207078	-1628.028988	
6.583000	20.545450	0.791292	4.609947	31.423386	0.288851	-1627.964117	
6.584000	20.422832	0.742716	4.608038	31.393849	-0.065500	-1627.899685	
6.585000	20.553907	0.686043	4.604504	31.363872	0.183714	-1627.835627	
6.586000	20.482027	0.872253	4.600176	31.333395	0.156456	-1627.771819	
6.587000	20.469342	0.807484	4.596073	31.302453	0.109728	-1627.708095	
6.588000	20.405919	0.807484	4.592811	31.271237	0.156456	-1627.644280	
6.589000	20.490484	0.710331	4.590788	31.239880	0.238229	-1627.580221	
6.590000	20.482027	0.864157	4.590167	31.208275	0.129198	-1627.515809	
6.591000	20.494712	0.767004	4.590755	31.176316	0.027955	-1627.450980	
6.592000	20.520081	0.750812	4.592361	31.144125	0.051319	-1627.385728	
6.593000	20.507396	0.937022	4.594858	31.111910	0.179820	-1627.320111	
6.594000	20.435517	0.985598	4.597931	31.079700	0.242123	-1627.254242	
6.595000	20.350953	1.058463	4.601113	31.047364	0.160350	-1627.188275	
6.596000	20.397463	0.839869	4.604010	31.014750	0.129198	-1627.122385	
6.597000	20.511625	0.977502	4.606382	30.981756	0.323897	-1627.056736	
6.598000	20.498940	0.686043	4.608096	30.948320	0.351155	-1626.991451	
6.599000	20.469342	0.920829	4.609058	30.914477	0.203184	-1626.926600	
6.600000	20.473571	0.710331	4.609002	30.880423	0.136986	-1626.862202	0.000000
6.601000	20.401691	0.945118	4.607678	30.846292	0.121410	-1626.798217	
6.602000	20.486255	0.856061	4.605347	30.811979	0.277169	-1626.734544	
6.603000	20.439745	0.783196	4.602702	30.777372	-0.007091	-1626.671035	
6.604000	20.583504	0.750812	4.600288	30.742586	0.035743	-1626.607515	
6.605000	20.570820	0.734620	4.598144	30.707819	0.277169	-1626.543815	
6.606000	20.473571	0.823676	4.596133	30.673089	0.156456	-1626.479798	
6.607000	20.397463	0.945118	4.594582	30.638268	0.191502	-1626.415374	
6.608000	20.427060	0.961310	4.594392	30.603213	-0.018773	-1626.350504	
6.609000	20.435517	0.872253	4.596154	30.567820	0.133092	-1626.285204	
6.610000	20.528537	0.872253	4.599501	30.532033	0.210972	-1626.219551	
6.611000	20.355181	0.880349	4.603540	30.495894	0.172032	-1626.153674	
6.612000	20.498940	0.880349	4.607341	30.459611	0.195396	-1626.087735	
6.613000	20.452430	0.758908	4.610098	30.423322	0.214866	-1626.021908	
6.614000	20.389006	0.969406	4.611254	30.386927	0.366730	-1625.956343	
6.615000	20.452430	0.775100	4.610854	30.350314	0.214866	-1625.891146	
6.616000	20.503168	1.058463	4.609478	30.313594	0.090259	-1625.826371	
6.617000	20.570820	0.710331	4.607337	30.276953	0.199290	-1625.762021	
6.618000	20.393235	1.009886	4.604198	30.240403	0.308321	-1625.698031	
6.619000	20.448201	0.791292	4.600192	30.203812	0.265487	-1625.634276	
6.620000	20.443973	0.872253	4.595908	30.167033	-0.042136	-1625.570605	
6.621000	20.558135	0.710331	4.591890	30.129960	0.160350	-1625.506853	
6.622000	20.490484	0.823676	4.588307	30.092535	0.160350	-1625.442865	
6.623000	20.443973	0.864157	4.585070	30.054801	0.214866	-1625.378514	
6.624000	20.410148	0.831773	4.582640	30.016953	0.136986	-1625.313719	
6.625000	20.384778	0.710331	4.582205	29.979113	0.203184	-1625.248454	
6.626000	20.482027	0.912733	4.584233	29.941173	0.172032	-1625.182757	
6.627000	20.452430	0.702235	4.587875	29.903021	0.156456	-1625.116733	
6.628000	20.515853	0.928926	4.592001	29.864763	0.051319	-1625.050536	
6.629000	20.570820	0.864157	4.595798	29.826583	0.105834	-1624.984345	
6.630000	20.334040	1.188000	4.598823	29.788502	0.331685	-1624.918328	
6.631000	20.439745	1.042271	4.600870	29.750407	0.246017	-1624.852619	
6.632000	20.346724	0.896541	4.601698	29.712171	0.066895	-1624.787307	
6.633000	20.528537	1.042271	4.601036	29.673691	0.125304	-1624.722435	
6.634000	20.494712	0.823676	4.598812	29.634907	0.191502	-1624.657988	
6.635000	20.498940	0.969406	4.595322	29.595860	0.214866	-1624.593881	
6.636000	20.460886	0.856061	4.591187	29.556749	0.269381	-1624.529975	
6.637000	20.384778	1.050367	4.587015	29.517698	0.246017	-1624.466106	
6.638000	20.456658	0.993694	4.583184	29.478596	0.207078	-1624.402105	
6.639000	20.456658	0.839869	4.580080	29.439326	0.164244	-1624.337823	
6.640000	20.608873	0.888445	4.578362	29.399986	0.024061	-1624.273155	
6.641000	20.536994	0.726523	4.578810	29.360753	0.109728	-1624.208046	
6.642000	20.473571	0.904637	4.581749	29.321647	0.230441	-1624.142487	
6.643000	20.405919	1.050367	4.586774	29.282568	0.199290	-1624.076542	
6.644000	20.498940	0.815580	4.593040	29.243401	0.024061	-1624.010341	
6.645000	20.443973	0.977502	4.599515	29.204051	0.136986	-1623.944056	
6.646000	20.465114	0.767004	4.605241	29.164462	0.164244	-1623.877864	
6.647000	20.380550	0.977502	4.609733	29.124690	0.277169	-1623.811923	
6.648000	20.515853	0.694139	4.613067	29.084952	0.187608	-1623.746349	
6.649000	20.460886	0.961310	4.615526	29.045381	0.129198	-1623.681212	
6.650000	20.482027	0.969406	4.617303	29.005875	0.257699	-1623.616537	
6.651000	20.295986	0.880349	4.618426	28.966322	0.238229	-1623.552292	
6.652000	20.532766	0.872253	4.618871	28.926820	0.035743	-1623.488383	
6.653000	20.503168	0.888445	4.618841	28.887546	0.113622	-1623.424666	
6.654000	20.452430	0.945118	4.618536	28.848513	0.304427	-1623.360967	
6.655000	20.389006	0.831773	4.617968	28.809606	0.281063	-1623.297114	
6.656000	20.503168	0.872253	4.617266	28.770692	-0.034348	-1623.232971	
6.657000	20.553907	0.807484	4.616395	28.731665	0.207078	-1623.168455	
6.658000	20.490484	0.937022	4.615164	28.692463	0.203184	-1623.103526	
6.659000	20.372094	0.912733	4.614078	28.653140	0.144774	-1623.038198	
6.660000	20.511625	0.896541	4.613864	28.613902	0.187608	-1622.972548	
6.661000	20.486255	0.799388	4.614387	28.574873	0.156456	-1622.906715	
6.662000	20.435517	0.888445	4.614973	28.535940	0.168138	-1622.840871	
6.663000	20.515853	0.710331	4.615236	28.496987	0.195396	-1622.775192	
6.664000	20.562363	0.823676	4.615188	28.458108	-0.003197	-1622.709834	
6.665000	20.536994	0.791292	4.614740	28.419477	0.183714	-1622.644906	
6.666000	20.460886	0.993694	4.613366	28.381113	0.191502	-1622.580466	
6.667000	20.376322	0.694139	4.610645	28.342915	0.339473	-1622.516515	
6.668000	20.431289	0.937022	4.606828	28.304760	-0.018773	-1622.452996	
6.669000	20.490484	0.734620	4.602609	28.266546	0.187608	-1622.389791	
6.670000	20.384778	0.815580	4.598757	28.228213	0.207078	-1622.326741	
6.671000	20.482027	0.815580	4.595894	28.189826	0.203184	-1622.263663	
6.672000	20.469342	0.920829	4.594306	28.151604	0.172032	-1622.200387	
6.673000	20.456658	0.985598	4.593956	28.113673	0.179820	-1622.136784	
6.674000	20.397463	0.953214	4.594785	28.075921	0.284957	-1622.072778	
6.675000	20.494712	0.847965	4.597210	28.038225	0.226548	-1622.008344	
6.676000	20.566591	0.564602	4.602008	28.000669	0.121410	-1621.943520	
6.677000	20.520081	0.613178	4.609267	27.963415	0.109728	-1621.878408	
6.678000	20.528537	0.953214	4.617978	27.926475	0.265487	-1621.813160	
6.679000	20.473571	0.993694	4.626788	27.889747	0.230441	-1621.747951	
6.680000	20.503168	0.856061	4.634670	27.853111	-0.053818	-1621.682962	
6.681000	20.469342	0.799388	4.641100	27.816463	0.125304	-1621.618344	
6.682000	20.494712	0.645563	4.645787	27.779741	0.109728	-1621.554191	
6.683000	20.405919	0.839869	4.648395	27.743004	0.253805	-1621.490540	
6.684000	20.621558	0.661755	4.648641	27.706462	0.226548	-1621.427370	
6.685000	20.397463	0.775100	4.646543	27.670241	0.222654	-1621.364593	
6.686000	20.465114	1.017982	4.642598	27.634231	0.191502	-1621.302075	
6.687000	20.405919	0.912733	4.637650	27.598310	0.113622	-1621.239646	
6.688000	20.524309	0.823676	4.632466	27.562565	0.055213	-1621.177133	
6.689000	20.410148	0.807484	4.627516	27.527158	0.230441	-1621.114379	
6.690000	20.435517	0.953214	4.623145	27.492099	0.370624	-1621.051261	
6.691000	20.380550	0.815580	4.619945	27.457285	0.230441	-1620.987705	
6.692000	20.498940	0.791292	4.618657	27.422594	0.074683	-1620.923695	
6.693000	20.460886	0.807484	4.619365	27.387917	0.366730	-1620.859289	
6.694000	20.490484	0.823676	4.621300	27.353190	0.179820	-1620.794609	
6.695000	20.384778	0.791292	4.623531	27.318468	0.051319	-1620.729814	
6.696000	20.570820	0.823676	4.625437	27.283959	0.183714	-1620.665078	
6.697000	20.486255	0.742716	4.626751	27.249777	0.323897	-1620.600567	
6.698000	20.503168	0.856061	4.627336	27.215801	0.331685	-1620.536406	
6.699000	20.477799	0.686043	4.626688	27.181908	0.148668	-1620.472672	
6.700000	20.486255	0.977502	4.623867	27.148178	0.125304	-1620.409393	0.000000
6.701000	20.566591	0.823676	4.618366	27.114769	0.160350	-1620.346540	
6.702000	20.431289	1.188000	4.610666	27.081696	0.187608	-1620.284013	
6.703000	20.405919	0.847965	4.601865	27.048878	0.207078	-1620.221661	
6.704000	20.329812	0.969406	4.593194	27.016212	0.000697	-1620.159313	
6.705000	20.448201	0.815580	4.585632	26.983597	0.246017	-1620.096798	
6.706000	20.401691	0.758908	4.579646	26.950973	0.152562	-1620.033967	
6.707000	20.346724	0.750812	4.575398	26.918408	0.175926	-1619.970715	
6.708000	20.532766	0.864157	4.573165	26.886117	0.355048	-1619.906984	
6.709000	20.486255	0.856061	4.573194	26.854215	0.304427	-1619.842773	
6.710000	20.359409	0.928926	4.575239	26.822584	0.207078	-1619.778155	
6.711000	20.443973	0.661755	4.578561	26.791093	0.273275	-1619.713267	
6.712000	20.490484	0.815580	4.582310	26.759816	-0.018773	-1619.648282	
6.713000	20.575048	0.726523	4.585849	26.728902	0.090259	-1619.583379	
6.714000	20.486255	0.977502	4.588808	26.698370	0.191502	-1619.518716	
6.715000	20.427060	0.856061	4.591024	26.668151	0.191502	-1619.454405	
6.716000	20.490484	0.815580	4.592467	26.638156	0.047425	-1619.390518	
6.717000	20.507396	0.815580	4.593252	26.608286	0.195396	-1619.327078	
6.718000	20.418604	0.783196	4.593427	26.578480	0.117516	-1619.264035	
6.719000	20.384778	0.993694	4.592863	26.548805	0.164244	-1619.201270	
6.720000	20.541222	0.742716	4.591642	26.519480	0.172032	-1619.138624	
6.721000	20.422832	0.888445	4.590082	26.490621	0.160350	-1619.075921	
6.722000	20.486255	0.969406	4.588391	26.462107	0.269381	-1619.012995	
6.723000	20.401691	0.993694	4.586715	26.433809	0.226548	-1618.949716	
6.724000	20.651156	0.880349	4.585378	26.405798	0.004591	-1618.886005	
6.725000	20.359409	0.896541	4.584774	26.378221	0.257699	-1618.821833	
6.726000	20.422832	0.961310	4.585000	26.351091	0.269381	-1618.757223	
6.727000	20.350953	0.856061	4.585828	26.324324	0.269381	-1618.692264	
6.728000	20.498940	0.864157	4.586908	26.297815	0.043531	-1618.627102	
6.729000	20.448201	0.856061	4.587819	26.271454	0.269381	-1618.561918	
6.730000	20.482027	0.815580	4.588168	26.245173	0.261593	-1618.496886	
6.731000	20.384778	0.912733	4.587827	26.219047	0.172032	-1618.432146	
6.732000	20.541222	0.694139	4.587018	26.193296	0.140880	-1618.367795	
6.733000	20.410148	0.799388	4.586123	26.168031	0.234335	-1618.303879	
6.734000	20.465114	1.017982	4.585462	26.143125	0.288851	-1618.240398	
6.735000	20.536994	0.783196	4.585184	26.118443	0.191502	-1618.177282	
6.736000	20.591961	0.896541	4.585341	26.094052	0.027955	-1618.114409	
6.737000	20.532766	0.767004	4.585880	26.070093	0.152562	-1618.051620	
6.738000	20.448201	1.107039	4.586601	26.046583	0.148668	-1617.988745	
6.739000	20.393235	0.791292	4.587544	26.023461	0.261593	-1617.925626	
6.740000	20.418604	0.815580	4.588669	26.000643	0.140880	-1617.862152	
6.741000	20.494712	0.993694	4.589143	25.978028	0.300533	-1617.798255	
6.742000	20.435517	0.961310	4.588246	25.955551	0.234335	-1617.733919	
6.743000	20.367865	0.912733	4.586291	25.933291	0.312215	-1617.669189	
6.744000	20.473571	0.880349	4.584020	25.911473	0.284957	-1617.604178	
6.745000	20.507396	0.945118	4.581917	25.890208	0.304427	-1617.539043	
6.746000	20.431289	1.147520	4.580055	25.869364	0.304427	-1617.473961	
6.747000	20.448201	0.864157	4.578155	25.848804	0.164244	-1617.409098	
6.748000	20.482027	0.896541	4.575886	25.828578	0.101940	-1617.344586	
6.749000	20.511625	0.799388	4.573253	25.808815	0.207078	-1617.280505	
6.750000	20.490484	1.155616	4.570484	25.789520	0.370624	-1617.216882	
6.751000	20.456658	0.864157	4.567782	25.770627	0.218760	-1617.153691	
6.752000	20.465114	0.872253	4.565430	25.752047	0.125304	-1617.090850	
6.753000	20.587732	0.847965	4.563859	25.733669	0.199290	-1617.028230	
6.754000	20.469342	0.734620	4.563435	25.715425	0.121410	-1616.965669	
6.755000	20.359409	0.815580	4.564382	25.697395	0.195396	-1616.902997	
6.756000	20.566591	0.661755	4.566900	25.679801	0.172032	-1616.840067	
6.757000	20.507396	0.993694	4.570851	25.662744	-0.014879	-1616.776781	
6.758000	20.486255	1.042271	4.575766	25.646093	0.175926	-1616.713088	
6.759000	20.452430	0.928926	4.581437	25.629710	0.152562	-1616.648989	
6.760000	20.558135	0.775100	4.587850	25.613648	0.043531	-1616.584558	
6.761000	20.465114	0.791292	4.594687	25.598036	0.179820	-1616.519931	
6.762000	20.410148	0.977502	4.601282	25.582884	0.183714	-1616.455268	
6.763000	20.325583	0.864157	4.606977	25.568131	0.269381	-1616.390741	
6.764000	20.490484	0.839869	4.611630	25.553692	0.066895	-1616.326503	
6.765000	20.503168	0.937022	4.615600	25.539453	0.308321	-1616.262670	
6.766000	20.528537	0.839869	4.619547	25.525340	0.191502	-1616.199308	
6.767000	20.329812	0.912733	4.624329	25.511440	0.273275	-1616.136427	
6.768000	20.655384	0.758908	4.630128	25.497974	0.230441	-1616.073974	
6.769000	20.405919	0.815580	4.636179	25.485035	0.296639	-1616.011838	
6.770000	20.507396	0.864157	4.641740	25.472478	0.273275	-1615.949866	
6.771000	20.469342	0.847965	4.646473	25.460156	0.117516	-1615.887887	
6.772000	20.668068	0.799388	4.650292	25.448108	-0.190107	-1615.825734	
6.773000	20.532766	0.726523	4.653309	25.436449	0.063001	-1615.763277	
6.774000	20.397463	0.653659	4.655563	25.425192	0.191502	-1615.700433	
6.775000	20.384778	0.718427	4.657051	25.414298	0.047425	-1615.637173	
6.776000	20.486255	0.888445	4.658156	25.403704	-0.014879	-1615.573528	
6.777000	20.477799	0.742716	4.659300	25.393304	0.242123	-1615.509596	
6.778000	20.422832	0.912733	4.660274	25.383029	0.078577	-1615.445519	
6.779000	20.384778	0.896541	4.660662	25.372960	0.269381	-1615.381462	
6.780000	20.545450	0.912733	4.660473	25.363319	0.148668	-1615.317588	
6.781000	20.443973	0.702235	4.659879	25.354201	0.207078	-1615.254039	
6.782000	20.515853	1.001790	4.658751	25.345466	0.304427	-1615.190907	
6.783000	20.490484	0.823676	4.656679	25.336966	0.074683	-1615.128237	
6.784000	20.532766	0.864157	4.653370	25.328739	0.008485	-1615.066019	
6.785000	20.511625	0.823676	4.648939	25.320894	0.195396	-1615.004175	
6.786000	20.401691	1.115135	4.643862	25.313441	0.273275	-1614.942570	
6.787000	20.367865	0.767004	4.638721	25.306350	0.051319	-1614.881037	
6.788000	20.469342	0.872253	4.633919	25.299567	0.063001	-1614.819408	
6.789000	20.596189	0.726523	4.629520	25.292983	0.175926	-1614.757538	
6.790000	20.482027	0.912733	4.625244	25.286522	0.074683	-1614.695317	
6.791000	20.376322	0.864157	4.620805	25.280276	0.113622	-1614.632678	
6.792000	20.452430	0.799388	4.616307	25.274472	0.078577	-1614.569607	
6.793000	20.482027	0.912733	4.612137	25.269205	0.308321	-1614.506157	
6.794000	20.431289	0.969406	4.608568	25.264332	0.222654	-1614.442450	
6.795000	20.477799	0.969406	4.605608	25.259700	0.125304	-1614.378645	
6.796000	20.541222	0.807484	4.603222	25.255344	0.012379	-1614.314925	
6.797000	20.520081	0.888445	4.601531	25.251367	0.152562	-1614.251455	
6.798000	20.410148	0.977502	4.600597	25.247779	0.343367	-1614.188359	
6.799000	20.279073	1.098943	4.600589	25.244559	0.230441	-1614.125704	
6.800000	20.355181	0.953214	4.601920	25.241662	0.043531	-1614.063516	0.000000
6.801000	20.507396	0.847965	4.604307	25.238979	0.242123	-1614.001764	
6.802000	20.473571	0.953214	4.606855	25.236433	0.269381	-1613.940351	
6.803000	20.350953	0.872253	4.609265	25.234118	0.207078	-1613.879129	
6.804000	20.549678	0.726523	4.611827	25.232269	0.288851	-1613.817924	
6.805000	20.427060	0.969406	4.614904	25.230979	0.187608	-1613.756565	
6.806000	20.477799	0.953214	4.618675	25.230097	0.187608	-1613.694907	
6.807000	20.401691	0.839869	4.623156	25.229464	0.136986	-1613.632853	
6.808000	20.680753	0.767004	4.628864	25.229100	-0.046030	-1613.570356	
6.809000	20.490484	0.896541	4.636589	25.229098	0.164244	-1613.507426	
6.810000	20.520081	0.645563	4.645975	25.229461	0.195396	-1613.444141	
6.811000	20.300214	0.872253	4.655388	25.230171	0.140880	-1613.380639	
6.812000	20.477799	0.783196	4.663149	25.231186	0.039637	-1613.317097	
6.813000	20.452430	0.872253	4.668202	25.232401	0.269381	-1613.253701	
6.814000	20.490484	0.969406	4.670017	25.233746	0.187608	-1613.190608	
6.815000	20.329812	1.196096	4.668288	25.235323	0.234335	-1613.127921	
6.816000	20.570820	0.775100	4.662880	25.237369	0.242123	-1613.065691	
6.817000	20.456658	0.823676	4.654132	25.239975	0.234335	-1613.003921	
6.818000	20.401691	1.042271	4.642943	25.242993	0.281063	-1612.942553	
6.819000	20.401691	0.750812	4.630491	25.246266	0.366730	-1612.881471	
6.820000	20.575048	0.896541	4.618027	25.249812	0.066895	-1612.820520	
6.821000	20.465114	0.864157	4.606545	25.253721	0.234335	-1612.759527	
6.822000	20.393235	1.042271	4.596584	25.257999	0.339473	-1612.698318	
6.823000	20.342496	0.823676	4.588564	25.262631	0.253805	-1612.636754	
6.824000	20.431289	0.702235	4.582810	25.267581	0.047425	-1612.574757	
6.825000	20.532766	0.856061	4.579250	25.272739	0.366730	-1612.512303	
6.826000	20.515853	0.839869	4.577502	25.278030	0.246017	-1612.449423	
6.827000	20.359409	0.831773	4.577162	25.283567	0.140880	-1612.386214	
6.828000	20.562363	0.920829	4.577873	25.289590	0.136986	-1612.322823	
6.829000	20.439745	0.742716	4.579266	25.296184	0.261593	-1612.259427	
6.830000	20.405919	0.985598	4.580874	25.303192	0.210972	-1612.196200	
6.831000	20.469342	0.661755	4.582239	25.310454	0.074683	-1612.133286	
6.832000	20.566591	0.791292	4.582997	25.317982	-0.049924	-1612.070785	
6.833000	20.477799	0.702235	4.582842	25.325858	0.261593	-1612.008746	
6.834000	20.372094	1.066559	4.581712	25.334092	0.253805	-1611.947157	
6.835000	20.241019	0.783196	4.579807	25.342694	0.226548	-1611.885939	
6.836000	20.334040	0.937022	4.577469	25.351642	0.047425	-1611.824961	
6.837000	20.452430	0.823676	4.575225	25.360829	0.316109	-1611.764058	
6.838000	20.460886	0.726523	4.573640	25.370174	0.230441	-1611.703050	
6.839000	20.346724	0.799388	4.572969	25.379778	0.234335	-1611.641766	
6.840000	20.469342	0.904637	4.573047	25.389873	0.246017	-1611.580080	
6.841000	20.443973	0.912733	4.573672	25.400532	0.358942	-1611.517917	
6.842000	20.427060	1.082751	4.574964	25.411596	0.156456	-1611.455262	
6.843000	20.439745	0.953214	4.577094	25.422895	0.246017	-1611.392168	
6.844000	20.566591	0.847965	4.579911	25.434433	0.051319	-1611.328760	
6.845000	20.524309	0.783196	4.582987	25.446279	0.156456	-1611.265205	
6.846000	20.528537	0.920829	4.585846	25.458433	0.203184	-1611.201685	
6.847000	20.380550	0.807484	4.588097	25.470901	0.191502	-1611.138374	
6.848000	20.452430	0.742716	4.589480	25.483665	0.004591	-1611.075414	
6.849000	20.498940	0.888445	4.590038	25.496618	0.292745	-1611.012895	
6.850000	20.465114	0.758908	4.589942	25.509682	0.074683	-1610.950852	
6.851000	20.312899	0.977502	4.588897	25.522962	0.269381	-1610.889252	
6.852000	20.587732	0.880349	4.586654	25.536696	0.078577	-1610.827997	
6.853000	20.342496	0.831773	4.583825	25.550967	0.234335	-1610.766935	
6.854000	20.511625	0.953214	4.581267	25.565619	0.277169	-1610.705887	
6.855000	20.346724	0.872253	4.579438	25.580484	0.183714	-1610.644676	
6.856000	20.566591	0.823676	4.578530	25.595561	0.051319	-1610.583159	
6.857000	20.435517	1.042271	4.578305	25.610919	0.175926	-1610.521236	
6.858000	20.465114	1.066559	4.578172	25.626556	0.207078	-1610.458849	
6.859000	20.262160	0.961310	4.578079	25.642482	0.257699	-1610.395996	
6.860000	20.456658	0.758908	4.578588	25.658681	-0.003197	-1610.332752	
6.861000	20.482027	0.718427	4.579942	25.675042	0.347261	-1610.269257	
6.862000	20.503168	0.783196	4.581904	25.691480	0.195396	-1610.205688	
6.863000	20.346724	0.937022	4.584187	25.708103	0.246017	-1610.142230	
6.864000	20.642699	0.993694	4.586432	25.725148	0.316109	-1610.079049	
6.865000	20.452430	0.815580	4.588139	25.742688	0.253805	-1610.016265	
6.866000	20.431289	1.009886	4.589003	25.760559	0.179820	-1609.953947	
6.867000	20.477799	0.661755	4.589259	25.778589	0.172032	-1609.892112	
6.868000	20.604645	0.702235	4.589331	25.796769	0.070789	-1609.830714	
6.869000	20.532766	0.661755	4.589408	25.815163	0.156456	-1609.769646	
6.870000	20.439745	1.058463	4.589596	25.833779	0.261593	-1609.708750	
6.871000	20.317127	0.807484	4.590010	25.852646	0.183714	-1609.647849	
6.872000	20.393235	0.912733	4.590645	25.871769	0.078577	-1609.586774	
6.873000	20.477799	0.758908	4.591429	25.891040	0.331685	-1609.525390	
6.874000	20.329812	0.783196	4.592247	25.910378	0.230441	-1609.463609	
6.875000	20.312899	0.767004	4.593008	25.929901	0.121410	-1609.401385	
6.876000	20.579276	0.856061	4.594026	25.949849	0.172032	-1609.338731	
6.877000	20.380550	0.742716	4.595775	25.970289	0.203184	-1609.275736	
6.878000	20.414376	1.066559	4.598231	25.991050	0.304427	-1609.212546	
6.879000	20.486255	0.896541	4.601046	26.011951	0.098047	-1609.149339	
6.880000	20.515853	0.783196	4.603933	26.032977	-0.007091	-1609.086295	
6.881000	20.553907	0.775100	4.606594	26.054178	0.175926	-1609.023566	
6.882000	20.452430	0.969406	4.608446	26.075549	0.261593	-1608.961248	
6.883000	20.380550	0.702235	4.608454	26.097104	0.179820	-1608.899391	
6.884000	20.503168	0.791292	4.605837	26.118832	0.027955	-1608.837996	
6.885000	20.473571	0.961310	4.600922	26.140622	0.191502	-1608.777003	
6.886000	20.452430	0.847965	4.594877	26.162401	0.090259	-1608.716289	
6.887000	20.287529	0.953214	4.589029	26.184307	0.094153	-1608.655687	
6.888000	20.608873	0.686043	4.584492	26.206608	0.133092	-1608.595014	
6.889000	20.389006	0.864157	4.581952	26.229382	0.261593	-1608.534100	
6.890000	20.528537	0.750812	4.581644	26.252465	0.152562	-1608.472818	
6.891000	20.498940	0.775100	4.583412	26.275677	0.133092	-1608.411089	
6.892000	20.536994	0.710331	4.586748	26.299003	0.094153	-1608.348893	
6.893000	20.431289	0.904637	4.591003	26.322496	0.133092	-1608.286279	
6.894000	20.490484	1.066559	4.595639	26.346155	0.277169	-1608.223353	
6.895000	20.245247	0.953214	4.600242	26.370006	0.281063	-1608.160268	
6.896000	20.465114	0.767004	4.604482	26.394045	0.098047	-1608.097198	
6.897000	20.448201	0.791292	4.608257	26.418157	0.175926	-1608.034317	
6.898000	20.503168	0.791292	4.611673	26.442258	0.210972	-1607.971759	
6.899000	20.295986	0.807484	4.614599	26.466469	0.136986	-1607.909606	
6.900000	20.659612	1.042271	4.616391	26.491031	0.109728	-1607.847895	0.000000
6.901000	20.465114	0.985598	4.616371	26.516005	0.218760	-1607.786605	
6.902000	20.477799	1.244673	4.614594	26.541213	0.175926	-1607.725654	
6.903000	20.427060	0.783196	4.611849	26.566475	0.226548	-1607.664906	
6.904000	20.596189	0.758908	4.608913	26.591772	0.082471	-1607.604196	
6.905000	20.469342	0.694139	4.606061	26.617153	0.133092	-1607.543356	
6.906000	20.482027	1.042271	4.603391	26.642626	0.191502	-1607.482236	
6.907000	20.312899	0.880349	4.601282	26.668236	0.156456	-1607.420732	
6.908000	20.384778	0.953214	4.600130	26.694006	0.016273	-1607.358792	
6.909000	20.397463	0.880349	4.600018	26.719825	0.308321	-1607.296419	
6.910000	20.287529	0.767004	4.600805	26.745610	0.234335	-1607.233679	
6.911000	20.202965	0.791292	4.602167	26.771488	0.094153	-1607.170691	
6.912000	20.553907	0.775100	4.603643	26.797706	0.238229	-1607.107611	
6.913000	20.520081	0.831773	4.604769	26.824328	0.312215	-1607.044608	
6.914000	20.443973	1.107039	4.605142	26.851178	0.242123	-1606.981837	
6.915000	20.443973	0.694139	4.604385	26.878073	0.257699	-1606.919418	
6.916000	20.575048	0.872253	4.602056	26.904987	0.113622	-1606.857426	
6.917000	20.524309	0.718427	4.597790	26.931960	0.203184	-1606.795881	
6.918000	20.427060	0.920829	4.591774	26.958990	0.203184	-1606.734734	
6.919000	20.317127	0.775100	4.584906	26.986113	0.133092	-1606.673874	
6.920000	20.469342	0.896541	4.578335	27.013340	0.024061	-1606.613155	
6.921000	20.587732	0.839869	4.572942	27.040557	0.191502	-1606.552415	
6.922000	20.439745	0.864157	4.569045	27.067683	0.086365	-1606.491495	
6.923000	20.257932	0.912733	4.566425	27.094852	0.140880	-1606.430261	
6.924000	20.456658	0.856061	4.564655	27.122321	0.218760	-1606.368627	
6.925000	20.600417	0.750812	4.563419	27.150159	0.281063	-1606.306554	
6.926000	20.422832	0.953214	4.562767	27.178191	0.269381	-1606.244056	
6.927000	20.427060	0.953214	4.563049	27.206238	0.199290	-1606.181216	
6.928000	20.566591	0.847965	4.564451	27.234273	0.012379	-1606.118176	
6.929000	20.465114	0.896541	4.566845	27.262334	0.191502	-1606.055112	
6.930000	20.401691	0.977502	4.570016	27.290428	0.273275	-1605.992192	
6.931000	20.245247	0.904637	4.573848	27.318623	0.125304	-1605.929558	
6.932000	20.427060	0.831773	4.578182	27.346956	0.210972	-1605.867307	
6.933000	20.439745	0.856061	4.582592	27.375319	0.273275	-1605.805492	
6.934000	20.524309	0.767004	4.586503	27.403625	0.281063	-1605.744113	
6.935000	20.308670	0.953214	4.589524	27.432013	0.222654	-1605.683100	
6.936000	20.613102	0.775100	4.591670	27.460745	0.172032	-1605.622326	
6.937000	20.439745	0.791292	4.593293	27.489881	0.230441	-1605.561638	
6.938000	20.507396	0.904637	4.594809	27.519241	0.179820	-1605.500866	
6.939000	20.456658	0.767004	4.596569	27.548634	0.105834	-1605.439858	
6.940000	20.575048	0.758908	4.598626	27.578022	-0.092758	-1605.378502	
6.941000	20.427060	0.750812	4.600527	27.607435	0.094153	-1605.316731	
6.942000	20.507396	0.912733	4.602096	27.636875	0.179820	-1605.254526	
6.943000	20.232563	0.799388	4.603908	27.666409	0.308321	-1605.191932	
6.944000	20.515853	0.799388	4.606350	27.696075	0.035743	-1605.129066	
6.945000	20.401691	0.856061	4.609052	27.725763	0.327791	-1605.066090	
6.946000	20.456658	0.937022	4.611420	27.755391	0.051319	-1605.003176	
6.947000	20.236791	0.856061	4.613127	27.785106	0.308321	-1604.940484	
6.948000	20.541222	0.839869	4.614144	27.815168	0.168138	-1604.878136	
6.949000	20.384778	0.928926	4.614570	27.845630	0.242123	-1604.816210	
6.950000	20.524309	1.123232	4.614465	27.876305	0.362836	-1604.754737	
6.951000	20.494712	0.783196	4.613762	27.906999	0.148668	-1604.693699	
6.952000	20.655384	0.912733	4.612483	27.937672	0.086365	-1604.633021	
6.953000	20.469342	0.742716	4.610991	27.968348	0.277169	-1604.572572	
6.954000	20.431289	1.001790	4.609724	27.999026	0.136986	-1604.512184	
6.955000	20.266388	0.661755	4.608996	28.029775	0.175926	-1604.451688	
6.956000	20.482027	0.710331	4.609156	28.060632	0.133092	-1604.390942	
6.957000	20.591961	0.718427	4.610381	28.091483	0.210972	-1604.329857	
6.958000	20.477799	0.912733	4.612504	28.122234	0.063001	-1604.268386	
6.959000	20.334040	0.621274	4.615323	28.153029	0.249911	-1604.206530	
6.960000	20.511625	0.896541	4.618649	28.184133	0.187608	-1604.144356	
6.961000	20.490484	0.750812	4.622108	28.215607	0.253805	-1604.081990	
6.962000	20.427060	0.904637	4.625186	28.247269	0.261593	-1604.019591	
6.963000	20.456658	0.775100	4.627468	28.278924	0.160350	-1603.957327	
6.964000	20.469342	0.969406	4.628773	28.310529	0.027955	-1603.895356	
6.965000	20.553907	1.090847	4.629083	28.342106	0.187608	-1603.833792	
6.966000	20.363637	0.856061	4.628396	28.373660	0.343367	-1603.772698	
6.967000	20.198737	0.880349	4.626544	28.405268	0.144774	-1603.712083	
6.968000	20.384778	0.791292	4.623434	28.436974	0.117516	-1603.651899	
6.969000	20.494712	0.839869	4.619440	28.468660	0.249911	-1603.592039	
6.970000	20.452430	0.823676	4.615266	28.500232	0.144774	-1603.532350	
6.971000	20.300214	0.993694	4.611445	28.531828	0.242123	-1603.472656	
6.972000	20.617330	0.775100	4.608097	28.563706	0.113622	-1603.412792	
6.973000	20.456658	0.726523	4.605322	28.595918	0.168138	-1603.352628	
6.974000	20.553907	0.815580	4.603233	28.628273	0.148668	-1603.292085	
6.975000	20.452430	0.807484	4.601841	28.660576	0.355048	-1603.231128	
6.976000	20.655384	0.702235	4.601766	28.692777	-0.034348	-1603.169779	
6.977000	20.477799	0.726523	4.603753	28.724895	0.117516	-1603.108124	
6.978000	20.482027	0.823676	4.607483	28.756934	0.246017	-1603.046302	
6.979000	20.249476	0.783196	4.611982	28.788967	0.218760	-1602.984480	
6.980000	20.469342	0.750812	4.616225	28.821040	-0.026560	-1602.922834	
6.981000	20.448201	0.880349	4.619324	28.853042	0.316109	-1602.861514	
6.982000	20.435517	0.969406	4.620892	28.884889	0.168138	-1602.800618	
6.983000	20.190281	1.034175	4.620978	28.916739	0.210972	-1602.740186	
6.984000	20.613102	0.815580	4.619656	28.948863	0.105834	-1602.680207	
6.985000	20.312899	0.694139	4.616976	28.981318	0.261593	-1602.620607	
6.986000	20.477799	1.017982	4.613251	29.013914	0.152562	-1602.561259	
6.987000	20.448201	0.864157	4.609139	29.046454	0.242123	-1602.502004	
6.988000	20.600417	0.831773	4.605284	29.078885	0.101940	-1602.442671	
6.989000	20.431289	0.669851	4.601866	29.111220	0.238229	-1602.383105	
6.990000	20.456658	0.961310	4.598653	29.143457	0.343367	-1602.323185	
6.991000	20.279073	0.880349	4.595595	29.175668	0.175926	-1602.262834	
6.992000	20.473571	0.953214	4.593239	29.207897	0.063001	-1602.202036	
6.993000	20.596189	0.823676	4.592246	29.240028	0.284957	-1602.140840	
6.994000	20.515853	0.912733	4.592784	29.271972	0.226548	-1602.079354	
6.995000	20.338268	0.961310	4.594584	29.303887	0.101940	-1602.017733	
6.996000	20.570820	0.775100	4.597143	29.336052	0.168138	-1601.956149	
6.997000	20.469342	0.783196	4.599863	29.368531	0.160350	-1601.894768	
6.998000	20.401691	1.074655	4.602182	29.401136	0.187608	-1601.833724	
6.999000	20.486255	0.839869	4.604031	29.433670	0.144774	-1601.773098	
7.000000	20.498940	0.937022	4.605896	29.466078	0.043531	-1601.712922	0.000000
7.001000	20.532766	0.847965	4.607612	29.498372	0.210972	-1601.653176	
7.002000	20.414376	0.831773	4.608334	29.530555	0.226548	-1601.593765	
7.003000	20.245247	0.880349	4.607893	29.562715	0.222654	-1601.534544	
7.004000	20.346724	0.904637	4.606864	29.594910	0.265487	-1601.475344	
7.005000	20.524309	0.758908	4.605794	29.627028	0.300533	-1601.415992	
7.006000	20.422832	0.928926	4.604874	29.658976	0.281063	-1601.356338	
7.007000	20.257932	0.864157	4.604206	29.690898	0.191502	-1601.296270	
7.008000	20.545450	0.726523	4.604289	29.723056	0.230441	-1601.235729	
7.009000	20.443973	0.807484	4.605663	29.755498	0.308321	-1601.174710	
7.010000	20.494712	0.969406	4.608219	29.788033	0.230441	-1601.113286	
7.011000	20.482027	0.896541	4.611253	29.820459	0.230441	-1601.051589	
7.012000	20.562363	0.815580	4.613930	29.852718	0.164244	-1600.989795	
7.013000	20.520081	0.985598	4.615607	29.884817	0.035743	-1600.928089	
7.014000	20.465114	0.985598	4.615980	29.916752	0.109728	-1600.866631	
7.015000	20.232563	1.115135	4.615212	29.948609	0.187608	-1600.805540	
7.016000	20.435517	0.767004	4.613663	29.980444	0.012379	-1600.744889	
7.017000	20.477799	0.969406	4.611299	30.012148	0.214866	-1600.684702	
7.018000	20.503168	0.864157	4.607888	30.043633	0.172032	-1600.624936	
7.019000	20.317127	1.050367	4.603656	30.075062	0.218760	-1600.565481	
7.020000	20.549678	0.912733	4.599260	30.106709	0.125304	-1600.506180	
7.021000	20.380550	0.945118	4.595227	30.138630	0.323897	-1600.446854	
7.022000	20.418604	1.017982	4.591578	30.170633	0.246017	-1600.387327	
7.023000	20.380550	0.750812	4.587982	30.202515	0.261593	-1600.327460	
7.024000	20.600417	0.686043	4.584053	30.234214	0.179820	-1600.267166	
7.025000	20.503168	0.734620	4.579497	30.265729	0.187608	-1600.206404	
7.026000	20.456658	0.993694	4.574524	30.297058	0.207078	-1600.145189	
7.027000	20.139542	0.937022	4.569854	30.328288	0.199290	-1600.083605	
7.028000	20.482027	1.009886	4.566000	30.359479	0.090259	-1600.021801	
7.029000	20.448201	0.758908	4.563089	30.390513	0.253805	-1599.959956	
7.030000	20.553907	0.767004	4.561126	30.421293	0.175926	-1599.898249	
7.031000	20.325583	0.823676	4.559912	30.451974	0.144774	-1599.836833	
7.032000	20.613102	0.758908	4.559177	30.482824	0.109728	-1599.775813	
7.033000	20.473571	0.823676	4.558963	30.513893	0.187608	-1599.715246	
7.034000	20.418604	1.090847	4.559384	30.544990	0.226548	-1599.655137	
7.035000	20.460886	0.629370	4.560304	30.575916	0.043531	-1599.595423	
7.036000	20.536994	0.904637	4.561578	30.606610	0.156456	-1599.535986	
7.037000	20.498940	0.742716	4.563266	30.637077	0.214866	-1599.476666	
7.038000	20.422832	0.993694	4.565530	30.667321	0.187608	-1599.417285	
7.039000	20.283301	0.807484	4.568556	30.697442	0.109728	-1599.357678	
7.040000	20.355181	0.896541	4.572360	30.727511	0.144774	-1599.297726	
7.041000	20.384778	0.791292	4.576973	30.757414	0.140880	-1599.237358	
7.042000	20.431289	0.839869	4.582853	30.787059	0.136986	-1599.176547	
7.043000	20.262160	1.034175	4.590293	30.816599	0.269381	-1599.115329	
7.044000	20.575048	0.661755	4.598644	30.846298	0.292745	-1599.053805	
7.045000	20.477799	0.775100	4.606672	30.876196	0.265487	-1598.992126	
7.046000	20.452430	0.993694	4.613297	30.906096	0.226548	-1598.930470	
7.047000	20.477799	0.839869	4.617960	30.935790	0.129198	-1598.869013	
7.048000	20.532766	0.831773	4.620742	30.965211	0.148668	-1598.807905	
7.049000	20.541222	0.864157	4.622146	30.994355	0.191502	-1598.747241	
7.050000	20.507396	1.050367	4.622571	31.023219	0.199290	-1598.687061	
7.051000	20.304442	0.726523	4.621893	31.051902	0.133092	-1598.627348	
7.052000	20.566591	0.669851	4.619829	31.080471	0.179820	-1598.568026	
7.053000	20.520081	0.742716	4.616605	31.108814	0.288851	-1598.508967	
7.054000	20.473571	0.767004	4.612806	31.136838	0.136986	-1598.450009	
7.055000	20.249476	0.872253	4.608968	31.164705	0.179820	-1598.390981	
7.056000	20.553907	0.799388	4.605745	31.192685	0.242123	-1598.331729	
7.057000	20.317127	0.969406	4.603785	31.220824	0.409564	-1598.272140	
7.058000	20.498940	0.985598	4.603206	31.248927	0.347261	-1598.212149	
7.059000	20.338268	0.734620	4.603853	31.276789	0.187608	-1598.151745	
7.060000	20.579276	0.677947	4.605722	31.304341	0.125304	-1598.090993	
7.061000	20.473571	0.807484	4.608624	31.331572	0.175926	-1598.030023	
7.062000	20.515853	0.912733	4.612063	31.358475	0.207078	-1597.968994	
7.063000	20.211422	0.896541	4.615501	31.385154	0.207078	-1597.908081	
7.064000	20.410148	0.856061	4.618447	31.411683	0.273275	-1597.847444	
7.065000	20.532766	0.767004	4.620599	31.437949	0.238229	-1597.787207	
7.066000	20.520081	0.499833	4.621771	31.463857	0.253805	-1597.727438	
7.067000	20.321355	0.742716	4.621319	31.489564	0.121410	-1597.668158	
7.068000	20.621558	0.710331	4.618232	31.515337	0.051319	-1597.609326	
7.069000	20.448201	0.823676	4.612409	31.541218	0.164244	-1597.550842	
7.070000	20.469342	0.953214	4.605048	31.567013	0.195396	-1597.492562	
7.071000	20.439745	0.758908	4.597693	31.592520	0.133092	-1597.434318	
7.072000	20.507396	0.888445	4.591540	31.617670	0.094153	-1597.375948	
7.073000	20.511625	0.588890	4.587238	31.642451	0.090259	-1597.317312	
7.074000	20.418604	0.710331	4.585026	31.666866	0.207078	-1597.258314	
7.075000	20.211422	0.742716	4.584926	31.691041	0.179820	-1597.198901	
7.076000	20.414376	0.856061	4.586553	31.715069	0.175926	-1597.139084	
7.077000	20.469342	0.694139	4.589224	31.738842	0.382306	-1597.078946	
7.078000	20.325583	0.945118	4.592380	31.762272	0.284957	-1597.018627	
7.079000	20.241019	0.823676	4.595663	31.785526	0.238229	-1596.958292	
7.080000	20.553907	0.767004	4.598817	31.808880	0.288851	-1596.898110	
7.081000	20.473571	0.734620	4.601695	31.832373	0.269381	-1596.838223	
7.082000	20.410148	1.131328	4.604197	31.855808	0.351155	-1596.778728	
7.083000	20.511625	0.677947	4.606040	31.878976	0.152562	-1596.719682	
7.084000	20.562363	0.888445	4.606910	31.901799	0.035743	-1596.661097	
7.085000	20.570820	0.702235	4.606732	31.924260	0.168138	-1596.602916	
7.086000	20.439745	0.953214	4.605702	31.946355	0.238229	-1596.545020	
7.087000	20.262160	0.758908	4.604376	31.968210	0.183714	-1596.487249	
7.088000	20.498940	0.613178	4.603339	31.989921	0.059107	-1596.429433	
7.089000	20.507396	0.750812	4.602761	32.011381	0.175926	-1596.371414	
7.090000	20.460886	0.694139	4.602588	32.032500	0.051319	-1596.313071	
7.091000	20.266388	0.815580	4.602810	32.053450	0.129198	-1596.254327	
7.092000	20.562363	0.767004	4.603415	32.074505	0.175926	-1596.195159	
7.093000	20.401691	0.831773	4.604495	32.095706	0.199290	-1596.135606	
7.094000	20.427060	0.864157	4.606161	32.116858	0.179820	-1596.075771	
7.095000	20.380550	0.767004	4.608133	32.137756	0.113622	-1596.015800	
7.096000	20.520081	0.710331	4.609877	32.158323	0.160350	-1595.955864	
7.097000	20.427060	0.799388	4.610992	32.178542	0.327791	-1595.896135	
7.098000	20.498940	0.945118	4.611300	32.198414	0.222654	-1595.836742	
7.099000	20.241019	0.961310	4.610588	32.218062	0.214866	-1595.777768	
7.100000	20.393235	0.847965	4.608777	32.237576	0.191502	-1595.719247	0.000000
7.101000	20.397463	0.718427	4.606637	32.256844	0.284957	-1595.661166	
7.102000	20.545450	0.767004	4.605073	32.275771	0.156456	-1595.603441	
7.103000	20.257932	0.726523	4.604177	32.294518	0.144774	-1595.545936	
7.104000	20.604645	0.758908	4.603845	32.313351	0.187608	-1595.488484	
7.105000	20.456658	0.864157	4.604187	32.332308	0.323897	-1595.430913	
7.106000	20.532766	1.107039	4.605326	32.351194	0.214866	-1595.373076	
7.107000	20.482027	0.872253	4.607650	32.369803	0.265487	-1595.314869	
7.108000	20.494712	0.937022	4.612080	32.388057	0.117516	-1595.256242	
7.109000	20.498940	0.669851	4.619211	32.405933	0.121410	-1595.197194	
7.110000	20.443973	0.977502	4.628358	32.423432	0.218760	-1595.137785	
7.111000	20.317127	0.750812	4.637989	32.440686	0.230441	-1595.078139	
7.112000	20.435517	0.945118	4.646553	32.457797	0.160350	-1595.018419	
7.113000	20.473571	0.896541	4.653024	32.474661	0.296639	-1594.958806	
7.114000	20.439745	0.928926	4.657165	32.491188	0.121410	-1594.899461	
7.115000	20.211422	0.945118	4.659239	32.507548	0.234335	-1594.840498	
7.116000	20.494712	1.026079	4.659666	32.524016	0.358942	-1594.781980	
7.117000	20.528537	0.750812	4.658873	32.540632	0.160350	-1594.723917	
7.118000	20.435517	0.993694	4.656973	32.557195	0.234335	-1594.666262	
7.119000	20.566591	0.896541	4.653844	32.573496	0.210972	-1594.608910	
7.120000	20.507396	0.896541	4.649601	32.589448	0.199290	-1594.551720	
7.121000	20.486255	0.888445	4.644619	32.605021	0.207078	-1594.494526	
7.122000	20.427060	0.937022	4.639230	32.620216	0.304427	-1594.437160	
7.123000	20.312899	0.823676	4.633612	32.635171	0.152562	-1594.379482	
7.124000	20.482027	0.694139	4.628006	32.649991	0.160350	-1594.321406	
7.125000	20.549678	0.896541	4.622838	32.664570	0.312215	-1594.262897	
7.126000	20.473571	0.710331	4.618420	32.678816	0.090259	-1594.203975	
7.127000	20.228334	0.961310	4.614836	32.692899	0.121410	-1594.144728	
7.128000	20.596189	0.937022	4.612024	32.707094	0.203184	-1594.085301	
7.129000	20.410148	0.945118	4.609637	32.721438	0.195396	-1594.025866	
7.130000	20.456658	0.985598	4.607125	32.735738	0.335579	-1593.966595	
7.131000	20.401691	0.847965	4.604021	32.749789	0.059107	-1593.907637	
7.132000	20.566591	0.856061	4.599923	32.763510	0.105834	-1593.849096	
7.133000	20.511625	0.969406	4.594599	32.776876	0.121410	-1593.791027	
7.134000	20.367865	1.098943	4.588221	32.789886	0.234335	-1593.733424	
7.135000	20.177596	1.252769	4.581279	32.802673	0.327791	-1593.676215	
7.136000	20.456658	0.977502	4.574511	32.815334	0.121410	-1593.619277	
7.137000	20.414376	0.856061	4.568757	32.827759	0.273275	-1593.562450	
7.138000	20.490484	0.791292	4.564539	32.839849	0.168138	-1593.505561	
7.139000	20.249476	0.807484	4.561883	32.851768	0.246017	-1593.448442	
7.140000	20.625786	0.629370	4.560698	32.863783	0.129198	-1593.390968	
7.141000	20.482027	0.888445	4.560824	32.875929	0.207078	-1593.333064	
7.142000	20.511625	0.961310	4.561610	32.888007	0.199290	-1593.274709	
7.143000	20.443973	0.920829	4.562172	32.899812	0.078577	-1593.215949	
7.144000	20.583504	0.904637	4.562215	32.911258	0.043531	-1593.156899	
7.145000	20.482027	0.791292	4.562048	32.922317	0.117516	-1593.097721	
7.146000	20.473571	0.945118	4.562138	32.932991	0.222654	-1593.038589	
7.147000	20.295986	0.791292	4.562943	32.943424	0.246017	-1592.979673	
7.148000	20.482027	0.969406	4.564625	32.953726	0.168138	-1592.921112	
7.149000	20.486255	0.823676	4.566826	32.963794	0.273275	-1592.862997	
7.150000	20.397463	0.888445	4.568760	32.973536	0.238229	-1592.805368	
7.151000	20.283301	0.775100	4.569651	32.983122	0.144774	-1592.748207	
7.152000	20.477799	1.058463	4.569383	32.992822	0.269381	-1592.691422	
7.153000	20.448201	0.726523	4.568521	33.002673	0.281063	-1592.634864	
7.154000	20.448201	0.945118	4.567905	33.012474	0.207078	-1592.578357	
7.155000	20.549678	0.872253	4.568373	33.022014	0.160350	-1592.521724	
7.156000	20.494712	1.026079	4.570285	33.031200	0.148668	-1592.464815	
7.157000	20.477799	0.710331	4.573361	33.039999	0.043531	-1592.407525	
7.158000	20.325583	0.920829	4.577300	33.048410	0.168138	-1592.349793	
7.159000	20.295986	0.637467	4.582167	33.056577	0.156456	-1592.291612	
7.160000	20.507396	0.856061	4.587995	33.064611	0.113622	-1592.233052	
7.161000	20.545450	0.799388	4.594392	33.072401	0.242123	-1592.174244	
7.162000	20.503168	0.783196	4.600757	33.079848	0.121410	-1592.115357	
7.163000	20.359409	0.799388	4.606710	33.087115	0.144774	-1592.056576	
7.164000	20.562363	0.839869	4.612191	33.094468	0.288851	-1591.998067	
7.165000	20.431289	0.928926	4.617059	33.101942	0.152562	-1591.939958	
7.166000	20.342496	1.009886	4.620890	33.109347	0.308321	-1591.882320	
7.167000	20.473571	0.839869	4.623412	33.116477	0.059107	-1591.825176	
7.168000	20.549678	0.750812	4.624850	33.123242	0.125304	-1591.768485	
7.169000	20.486255	0.928926	4.625599	33.129610	0.125304	-1591.712141	
7.170000	20.452430	0.912733	4.625964	33.135586	0.265487	-1591.655989	
7.171000	20.224106	0.920829	4.626297	33.141325	0.261593	-1591.599847	
7.172000	20.439745	0.718427	4.626902	33.146945	0.117516	-1591.543541	
7.173000	20.418604	0.815580	4.627891	33.152334	0.331685	-1591.486929	
7.174000	20.473571	0.669851	4.629180	33.157391	0.288851	-1591.429915	
7.175000	20.304442	0.872253	4.630806	33.162275	0.175926	-1591.372448	
7.176000	20.579276	0.734620	4.633087	33.167250	0.168138	-1591.314538	
7.177000	20.541222	0.864157	4.636054	33.172345	0.292745	-1591.256268	
7.178000	20.507396	0.831773	4.639133	33.177362	0.199290	-1591.197784	
7.179000	20.427060	0.775100	4.641591	33.182091	0.133092	-1591.139266	
7.180000	20.604645	0.831773	4.642950	33.186435	0.129198	-1591.080905	
7.181000	20.486255	0.677947	4.642978	33.190356	0.105834	-1591.022859	
7.182000	20.448201	0.880349	4.641712	33.193856	0.207078	-1590.965234	
7.183000	20.262160	0.783196	4.639545	33.197093	0.117516	-1590.908087	
7.184000	20.448201	0.775100	4.636762	33.200187	0.187608	-1590.851424	
7.185000	20.498940	0.799388	4.633289	33.203032	0.281063	-1590.795187	
7.186000	20.477799	0.823676	4.629168	33.205529	0.187608	-1590.739256	
7.187000	20.257932	0.758908	4.624738	33.207847	0.218760	-1590.683468	
7.188000	20.490484	0.823676	4.620372	33.210252	0.140880	-1590.627639	
7.189000	20.384778	0.758908	4.616296	33.212779	0.304427	-1590.571594	
7.190000	20.380550	0.799388	4.612554	33.215234	0.218760	-1590.515193	
7.191000	20.507396	0.791292	4.609166	33.217410	0.129198	-1590.458354	
7.192000	20.545450	0.831773	4.606119	33.219206	0.253805	-1590.401051	
7.193000	20.469342	0.758908	4.603180	33.220579	0.152562	-1590.343320	
7.194000	20.393235	0.937022	4.600205	33.221534	0.246017	-1590.285258	
7.195000	20.317127	0.815580	4.597297	33.222226	0.199290	-1590.227013	
7.196000	20.405919	0.718427	4.594603	33.222770	0.105834	-1590.168761	
7.197000	20.486255	0.686043	4.592507	33.223059	0.304427	-1590.110675	
7.198000	20.469342	0.847965	4.591571	33.222990	0.187608	-1590.052896	
7.199000	20.401691	0.807484	4.592214	33.222728	0.121410	-1589.995517	
7.200000	20.511625	0.799388	4.594743	33.222537	0.129198	-1589.938579	0.000000
7.201000	20.452430	0.677947	4.598897	33.222452	0.203184	-1589.882073	
7.202000	20.435517	0.718427	4.603570	33.222282	0.265487	-1589.825920	
7.203000	20.443973	0.758908	4.607710	33.221827	0.086365	-1589.769985	
7.204000	20.532766	0.783196	4.610858	33.220992	0.210972	-1589.714103	
7.205000	20.452430	0.856061	4.612837	33.219738	0.191502	-1589.658094	
7.206000	20.422832	0.823676	4.613506	33.218075	0.175926	-1589.601795	
7.207000	20.241019	0.864157	4.612655	33.216169	0.253805	-1589.545084	
7.208000	20.389006	0.888445	4.610046	33.214144	0.156456	-1589.487894	
7.209000	20.477799	0.912733	4.605980	33.211894	0.316109	-1589.430219	
7.210000	20.401691	0.807484	4.601340	33.209319	0.226548	-1589.372114	
7.211000	20.300214	0.945118	4.596750	33.206577	0.144774	-1589.313702	
7.212000	20.562363	0.718427	4.592332	33.203923	0.249911	-1589.255143	
7.213000	20.410148	0.799388	4.588127	33.201384	0.281063	-1589.196613	
7.214000	20.482027	0.856061	4.584217	33.198768	0.090259	-1589.138281	
7.215000	20.367865	0.726523	4.580616	33.195869	0.136986	-1589.080279	
7.216000	20.558135	0.734620	4.577539	33.192590	0.117516	-1589.022695	
7.217000	20.439745	0.613178	4.575673	33.188888	0.101940	-1588.965557	
7.218000	20.486255	0.961310	4.575412	33.184771	0.183714	-1588.908831	
7.219000	20.224106	0.710331	4.576337	33.180404	0.168138	-1588.852412	
7.220000	20.503168	0.775100	4.578014	33.175913	0.172032	-1588.796158	
7.221000	20.486255	0.864157	4.580346	33.171194	0.210972	-1588.739899	
7.222000	20.507396	0.791292	4.583206	33.166154	0.109728	-1588.683467	
7.223000	20.317127	0.993694	4.586408	33.160957	0.214866	-1588.626720	
7.224000	20.503168	1.074655	4.590106	33.155862	0.055213	-1588.569560	
7.225000	20.350953	0.880349	4.594987	33.150896	0.327791	-1588.511933	
7.226000	20.376322	1.155616	4.601516	33.145873	0.207078	-1588.453842	
7.227000	20.431289	0.880349	4.609145	33.140593	0.210972	-1588.395358	
7.228000	20.511625	1.009886	4.616644	33.134961	0.144774	-1588.336620	
7.229000	20.541222	0.742716	4.622791	33.128931	0.113622	-1588.277799	
7.230000	20.401691	0.937022	4.626771	33.122513	0.214866	-1588.219071	
7.231000	20.312899	0.791292	4.628389	33.115870	0.362836	-1588.160587	
7.232000	20.367865	1.107039	4.627727	33.109127	0.191502	-1588.102458	
7.233000	20.515853	0.815580	4.624703	33.102176	0.351155	-1588.044752	
7.234000	20.486255	0.726523	4.619544	33.094911	0.246017	-1587.987479	
7.235000	20.465114	0.969406	4.612992	33.087490	0.125304	-1587.930585	
7.236000	20.558135	0.839869	4.605809	33.080166	0.156456	-1587.873959	
7.237000	20.490484	0.718427	4.598692	33.072967	0.125304	-1587.817449	
7.238000	20.431289	0.847965	4.592261	33.065710	0.222654	-1587.760887	
7.239000	20.486255	0.783196	4.587004	33.058201	0.070789	-1587.704116	
7.240000	20.477799	0.937022	4.583396	33.050343	0.004591	-1587.647015	
7.241000	20.435517	0.864157	4.581444	33.042092	0.136986	-1587.589510	
7.242000	20.435517	0.961310	4.580498	33.033457	0.246017	-1587.531568	
7.243000	20.338268	0.945118	4.580160	33.024607	0.129198	-1587.473218	
7.244000	20.507396	0.831773	4.580514	33.015674	0.117516	-1587.414559	
7.245000	20.405919	0.864157	4.581427	33.006555	0.269381	-1587.355745	
7.246000	20.439745	0.750812	4.582487	32.997150	0.238229	-1587.296946	
7.247000	20.308670	0.953214	4.583295	32.987612	0.121410	-1587.238331	
7.248000	20.566591	0.710331	4.583614	32.978183	0.218760	-1587.180032	
7.249000	20.414376	0.985598	4.583864	32.968881	0.152562	-1587.122134	
7.250000	20.414376	0.758908	4.585208	32.959522	0.179820	-1587.064677	
7.251000	20.427060	0.896541	4.588292	32.949911	0.039637	-1587.007658	
7.252000	20.545450	0.767004	4.592626	32.939945	0.113622	-1586.951014	
7.253000	20.448201	0.815580	4.597501	32.929573	0.160350	-1586.894620	
7.254000	20.473571	0.904637	4.602527	32.918802	0.082471	-1586.838314	
7.255000	20.372094	0.896541	4.607616	32.907801	0.136986	-1586.781920	
7.256000	20.490484	0.839869	4.612830	32.896699	0.109728	-1586.725288	
7.257000	20.410148	0.920829	4.618109	32.885395	0.156456	-1586.668309	
7.258000	20.460886	0.775100	4.623376	32.873790	0.129198	-1586.610922	
7.259000	20.363637	0.847965	4.628626	32.862040	-0.053818	-1586.553122	
7.260000	20.528537	0.815580	4.633703	32.850392	0.152562	-1586.494968	
7.261000	20.389006	0.904637	4.638236	32.838874	0.222654	-1586.436575	
7.262000	20.405919	1.042271	4.641741	32.827305	0.191502	-1586.378099	
7.263000	20.439745	0.661755	4.643841	32.815491	0.175926	-1586.319711	
7.264000	20.469342	0.791292	4.644434	32.803332	0.218760	-1586.261577	
7.265000	20.520081	0.710331	4.643508	32.790775	0.214866	-1586.203820	
7.266000	20.482027	0.953214	4.641214	32.777829	0.296639	-1586.146512	
7.267000	20.325583	0.831773	4.638047	32.764665	0.136986	-1586.089674	
7.268000	20.405919	0.864157	4.634249	32.751410	0.172032	-1586.033277	
7.269000	20.418604	0.791292	4.629704	32.737959	0.288851	-1585.977227	
7.270000	20.435517	0.847965	4.624651	32.724207	0.175926	-1585.921378	
7.271000	20.477799	0.807484	4.619610	32.710305	0.098047	-1585.865561	
7.272000	20.524309	0.758908	4.615044	32.696505	0.121410	-1585.809608	
7.273000	20.596189	0.839869	4.611493	32.682836	0.296639	-1585.753381	
7.274000	20.443973	1.147520	4.609431	32.669121	0.230441	-1585.696790	
7.275000	20.443973	0.823676	4.608866	32.655165	0.055213	-1585.639795	
7.276000	20.486255	1.098943	4.609513	32.640870	0.144774	-1585.582407	
7.277000	20.473571	0.799388	4.611202	32.626185	0.183714	-1585.524701	
7.278000	20.435517	0.823676	4.613702	32.611124	0.292745	-1585.466805	
7.279000	20.389006	0.750812	4.616484	32.595863	0.144774	-1585.408879	
7.280000	20.397463	0.847965	4.618985	32.580536	0.117516	-1585.351094	
7.281000	20.494712	0.847965	4.620818	32.565043	0.249911	-1585.293601	
7.282000	20.380550	0.758908	4.621676	32.549283	0.152562	-1585.236506	
7.283000	20.359409	0.831773	4.621354	32.533404	0.090259	-1585.179863	
7.284000	20.553907	0.742716	4.619736	32.517642	0.242123	-1585.123674	
7.285000	20.443973	0.985598	4.616729	32.502012	0.238229	-1585.067870	
7.286000	20.477799	0.839869	4.612644	32.486328	0.113622	-1585.012327	
7.287000	20.448201	0.880349	4.608337	32.470399	0.179820	-1584.956887	
7.288000	20.617330	0.815580	4.604564	32.454118	0.098047	-1584.901382	
7.289000	20.469342	0.872253	4.601629	32.437434	0.074683	-1584.845655	
7.290000	20.460886	0.896541	4.599556	32.420359	0.101940	-1584.789578	
7.291000	20.329812	0.847965	4.598690	32.403075	0.269381	-1584.733071	
7.292000	20.507396	1.058463	4.600253	32.385717	0.148668	-1584.676107	
7.293000	20.422832	0.823676	4.605295	32.368183	0.214866	-1584.618722	
7.294000	20.549678	0.726523	4.613268	32.350376	0.183714	-1584.561019	
7.295000	20.380550	0.847965	4.622544	32.332446	0.105834	-1584.503150	
7.296000	20.596189	0.775100	4.631600	32.314636	-0.003197	-1584.445290	
7.297000	20.389006	1.017982	4.639486	32.296970	0.277169	-1584.387607	
7.298000	20.405919	0.896541	4.645728	32.279270	0.347261	-1584.330234	
7.299000	20.422832	0.896541	4.649896	32.261350	0.074683	-1584.273259	
7.300000	20.482027	0.767004	4.651492	32.243108	0.090259	-1584.216724	0.000000
7.301000	20.410148	0.750812	4.650433	32.224497	0.179820	-1584.160616	
7.302000	20.520081	0.856061	4.647134	32.205535	0.246017	-1584.104850	
7.303000	20.363637	0.791292	4.642209	32.186398	0.284957	-1584.049291	
7.304000	20.452430	0.985598	4.636438	32.167222	0.320003	-1583.993773	
7.305000	20.401691	0.872253	4.630558	32.147901	0.386200	-1583.938124	
7.306000	20.439745	0.864157	4.625067	32.128334	0.059107	-1583.882189	
7.307000	20.473571	0.799388	4.620082	32.108666	0.113622	-1583.825854	
7.308000	20.579276	0.726523	4.615427	32.089128	0.203184	-1583.769053	
7.309000	20.498940	0.718427	4.611293	32.069738	0.168138	-1583.711776	
7.310000	20.486255	0.904637	4.608224	32.050319	0.292745	-1583.654081	
7.311000	20.511625	0.823676	4.606326	32.030681	-0.046030	-1583.596097	
7.312000	20.469342	0.847965	4.605201	32.010724	0.207078	-1583.537997	
7.313000	20.486255	0.742716	4.604444	31.990397	0.109728	-1583.479961	
7.314000	20.410148	0.912733	4.603799	31.969721	0.121410	-1583.422149	
7.315000	20.410148	0.726523	4.602941	31.948878	0.125304	-1583.364679	
7.316000	20.376322	0.807484	4.601522	31.928006	0.249911	-1583.307625	
7.317000	20.524309	0.880349	4.599290	31.907007	0.288851	-1583.251013	
7.318000	20.401691	0.985598	4.595922	31.885783	0.164244	-1583.194809	
7.319000	20.367865	0.807484	4.591256	31.864485	0.121410	-1583.138916	
7.320000	20.389006	0.945118	4.585693	31.843356	0.312215	-1583.083185	
7.321000	20.456658	0.945118	4.579994	31.822417	0.308321	-1583.027442	
7.322000	20.422832	0.953214	4.574852	31.801491	0.269381	-1582.971510	
7.323000	20.469342	0.791292	4.570865	31.780386	0.199290	-1582.915250	
7.324000	20.494712	0.661755	4.568938	31.758999	0.257699	-1582.858572	
7.325000	20.439745	0.937022	4.570281	31.737278	0.082471	-1582.801435	
7.326000	20.494712	0.775100	4.575610	31.715242	0.230441	-1582.743843	
7.327000	20.452430	0.953214	4.584403	31.693077	0.207078	-1582.685872	
7.328000	20.456658	0.718427	4.595130	31.670917	0.144774	-1582.627658	
7.329000	20.515853	0.856061	4.606104	31.648664	0.214866	-1582.569369	
7.330000	20.515853	0.564602	4.615974	31.626213	0.175926	-1582.511181	
7.331000	20.443973	0.864157	4.623705	31.603713	0.086365	-1582.453249	
7.332000	20.579276	0.815580	4.628590	31.581404	0.066895	-1582.395686	
7.333000	20.384778	1.009886	4.630468	31.559315	0.257699	-1582.338554	
7.334000	20.477799	0.985598	4.629604	31.537278	0.152562	-1582.281862	
7.335000	20.317127	0.912733	4.626497	31.515109	0.078577	-1582.225558	
7.336000	20.575048	0.807484	4.621936	31.492706	0.105834	-1582.169528	
7.337000	20.435517	0.750812	4.616801	31.470017	0.203184	-1582.113616	
7.338000	20.405919	0.880349	4.611631	31.447060	0.238229	-1582.057646	
7.339000	20.367865	0.977502	4.606479	31.424016	0.148668	-1582.001447	
7.340000	20.477799	0.928926	4.601348	31.401017	0.156456	-1581.944892	
7.341000	20.329812	0.864157	4.596723	31.377958	0.261593	-1581.887903	
7.342000	20.448201	0.847965	4.593628	31.354734	0.195396	-1581.830449	
7.343000	20.431289	0.864157	4.593072	31.331482	0.105834	-1581.772563	
7.344000	20.651156	0.783196	4.595172	31.308427	0.113622	-1581.714343	
7.345000	20.486255	0.726523	4.599044	31.285581	0.273275	-1581.655939	
7.346000	20.486255	0.864157	4.603591	31.262770	0.292745	-1581.597528	
7.347000	20.498940	0.823676	4.607990	31.239811	0.109728	-1581.539291	
7.348000	20.566591	0.847965	4.611675	31.216598	0.121410	-1581.481379	
7.349000	20.435517	0.742716	4.614251	31.193082	0.074683	-1581.423895	
7.350000	20.380550	0.969406	4.615423	31.169286	0.125304	-1581.366884	
7.351000	20.414376	0.564602	4.615151	31.145397	0.035743	-1581.310337	
7.352000	20.482027	0.540314	4.613796	31.121554	0.175926	-1581.254177	
7.353000	20.545450	0.799388	4.611971	31.097655	0.261593	-1581.198274	
7.354000	20.431289	0.888445	4.610218	31.073602	0.133092	-1581.142461	
7.355000	20.439745	0.839869	4.608776	31.049541	0.133092	-1581.086564	
7.356000	20.431289	0.904637	4.607764	31.025703	0.199290	-1581.030424	
7.357000	20.380550	0.864157	4.607284	31.002110	0.207078	-1580.973921	
7.358000	20.456658	1.017982	4.607382	30.978593	0.234335	-1580.916982	
7.359000	20.477799	0.912733	4.608268	30.954964	0.109728	-1580.859596	
7.360000	20.524309	0.856061	4.610095	30.931114	0.246017	-1580.801819	
7.361000	20.545450	0.677947	4.612607	30.906989	0.179820	-1580.743777	
7.362000	20.422832	1.001790	4.615293	30.882609	0.164244	-1580.685628	
7.363000	20.439745	0.888445	4.617647	30.858155	0.195396	-1580.627552	
7.364000	20.422832	0.823676	4.619281	30.833758	0.203184	-1580.569718	
7.365000	20.515853	0.831773	4.619877	30.809310	0.203184	-1580.512258	
7.366000	20.498940	0.605082	4.619296	30.784703	0.199290	-1580.455251	
7.367000	20.448201	0.758908	4.617636	30.760073	-0.010985	-1580.398728	
7.368000	20.532766	0.734620	4.614972	30.735647	0.074683	-1580.342662	
7.369000	20.545450	0.928926	4.611467	30.711447	0.238229	-1580.286959	
7.370000	20.456658	0.912733	4.607633	30.687310	0.148668	-1580.231476	
7.371000	20.452430	0.896541	4.604113	30.663057	0.148668	-1580.176045	
7.372000	20.503168	0.702235	4.601317	30.638587	0.261593	-1580.120495	
7.373000	20.477799	0.823676	4.599341	30.613848	0.242123	-1580.064680	
7.374000	20.486255	0.596986	4.598020	30.588867	0.296639	-1580.008490	
7.375000	20.372094	0.718427	4.596664	30.563837	0.214866	-1579.951866	
7.376000	20.507396	0.880349	4.594212	30.538897	0.160350	-1579.894810	
7.377000	20.439745	1.244673	4.590433	30.513947	0.347261	-1579.837392	
7.378000	20.460886	0.823676	4.586132	30.488880	0.136986	-1579.779740	
7.379000	20.367865	0.896541	4.582071	30.463831	0.027955	-1579.722016	
7.380000	20.553907	0.702235	4.578737	30.439022	0.288851	-1579.664393	
7.381000	20.418604	0.856061	4.576479	30.414472	0.316109	-1579.607023	
7.382000	20.435517	0.710331	4.575180	30.390020	0.164244	-1579.550018	
7.383000	20.439745	0.815580	4.574176	30.365487	0.078577	-1579.493447	
7.384000	20.579276	0.791292	4.572576	30.340770	0.133092	-1579.437328	
7.385000	20.511625	0.807484	4.569762	30.315810	0.230441	-1579.381616	
7.386000	20.435517	0.872253	4.565926	30.290634	0.136986	-1579.326197	
7.387000	20.389006	0.702235	4.561988	30.265432	0.121410	-1579.270915	
7.388000	20.503168	0.758908	4.558904	30.240345	0.195396	-1579.215599	
7.389000	20.511625	0.896541	4.557101	30.215274	0.246017	-1579.160083	
7.390000	20.469342	0.872253	4.556415	30.190116	0.133092	-1579.104236	
7.391000	20.427060	0.864157	4.556542	30.165014	0.140880	-1579.047974	
7.392000	20.528537	0.847965	4.557344	30.140200	0.148668	-1578.991263	
7.393000	20.439745	0.985598	4.558868	30.115703	0.304427	-1578.934125	
7.394000	20.346724	0.888445	4.561297	30.091371	0.172032	-1578.876650	
7.395000	20.465114	0.750812	4.564699	30.067033	0.144774	-1578.818982	
7.396000	20.511625	0.953214	4.568817	30.042583	0.281063	-1578.761297	
7.397000	20.524309	0.783196	4.573182	30.017963	0.281063	-1578.703765	
7.398000	20.397463	1.026079	4.577370	29.993194	0.152562	-1578.646525	
7.399000	20.363637	0.742716	4.581071	29.968467	0.098047	-1578.589671	
7.400000	20.350953	0.823676	4.583827	29.943913	0.191502	-1578.533256	0.000000
7.401000	20.414376	0.775100	4.585008	29.919425	0.347261	-1578.477280	
7.402000	20.431289	0.807484	4.584416	29.894892	0.133092	-1578.421681	
7.403000	20.541222	0.783196	4.582597	29.870440	0.098047	-1578.366334	
7.404000	20.545450	0.872253	4.580316	29.846282	0.191502	-1578.311083	
7.405000	20.456658	0.872253	4.577996	29.822434	0.210972	-1578.255759	
7.406000	20.435517	0.945118	4.575763	29.798744	0.273275	-1578.200206	
7.407000	20.427060	0.888445	4.573789	29.775042	0.144774	-1578.144314	
7.408000	20.477799	0.661755	4.572475	29.751227	0.277169	-1578.088022	
7.409000	20.486255	0.791292	4.572438	29.727240	0.218760	-1578.031315	
7.410000	20.363637	1.090847	4.574140	29.703110	0.222654	-1577.974237	
7.411000	20.367865	0.945118	4.577331	29.679028	0.187608	-1577.916898	
7.412000	20.397463	0.856061	4.581101	29.655132	0.320003	-1577.859451	
7.413000	20.431289	1.026079	4.584608	29.631320	0.343367	-1577.802069	
7.414000	20.503168	0.783196	4.587380	29.607480	0.242123	-1577.744914	
7.415000	20.452430	0.864157	4.589121	29.583737	0.090259	-1577.688113	
7.416000	20.486255	0.677947	4.589717	29.560296	0.246017	-1577.631741	
7.417000	20.359409	1.204192	4.589172	29.537171	0.327791	-1577.575826	
7.418000	20.494712	0.864157	4.587480	29.514207	0.183714	-1577.520341	
7.419000	20.418604	0.815580	4.584863	29.491235	-0.003197	-1577.465203	
7.420000	20.608873	0.807484	4.581928	29.468145	0.031849	-1577.410277	
7.421000	20.448201	0.961310	4.579331	29.444877	0.187608	-1577.355404	
7.422000	20.443973	0.928926	4.577408	29.421459	0.125304	-1577.300412	
7.423000	20.393235	0.839869	4.576191	29.398080	0.207078	-1577.245158	
7.424000	20.401691	0.758908	4.575756	29.374875	0.191502	-1577.189546	
7.425000	20.448201	0.864157	4.576196	29.351740	0.230441	-1577.133525	
7.426000	20.507396	0.734620	4.577214	29.328570	0.039637	-1577.077094	
7.427000	20.490484	0.783196	4.578467	29.305492	0.191502	-1577.020325	
7.428000	20.532766	0.856061	4.579930	29.282717	0.242123	-1576.963351	
7.429000	20.401691	0.961310	4.581513	29.260266	0.277169	-1576.906335	
7.430000	20.410148	0.888445	4.582935	29.237992	0.210972	-1576.849447	
7.431000	20.334040	0.815580	4.584090	29.215733	0.175926	-1576.792839	
7.432000	20.507396	0.831773	4.584881	29.193382	0.448504	-1576.736623	
7.433000	20.465114	0.694139	4.584743	29.170876	0.339473	-1576.680860	
7.434000	20.427060	0.993694	4.583189	29.148241	0.187608	-1576.625555	
7.435000	20.473571	0.645563	4.580334	29.125668	0.094153	-1576.570654	
7.436000	20.456658	0.864157	4.576725	29.103287	0.207078	-1576.516047	
7.437000	20.469342	0.864157	4.573267	29.080988	0.218760	-1576.461587	
7.438000	20.443973	0.937022	4.570909	29.058653	0.133092	-1576.407108	
7.439000	20.541222	0.847965	4.570111	29.036400	0.105834	-1576.352448	
7.440000	20.511625	0.888445	4.570586	29.014428	0.172032	-1576.297482	
7.441000	20.600417	0.904637	4.571845	28.992753	0.316109	-1576.242131	
7.442000	20.422832	0.839869	4.573854	28.971229	0.257699	-1576.186365	
7.443000	20.443973	0.767004	4.576756	28.949701	-0.026560	-1576.130216	
7.444000	20.473571	0.847965	4.580532	28.928065	0.199290	-1576.073783	
7.445000	20.507396	0.831773	4.585014	28.906267	0.004591	-1576.017208	
7.446000	20.410148	0.912733	4.589862	28.884337	0.121410	-1575.960652	
7.447000	20.452430	0.920829	4.594628	28.862472	0.156456	-1575.904274	
7.448000	20.418604	0.920829	4.598829	28.840803	0.156456	-1575.848209	
7.449000	20.486255	0.823676	4.602260	28.819223	0.382306	-1575.792548	
7.450000	20.376322	0.815580	4.605544	28.797619	0.063001	-1575.737338	
7.451000	20.486255	0.928926	4.609528	28.776111	0.059107	-1575.682571	
7.452000	20.482027	0.710331	4.614189	28.754899	0.168138	-1575.628176	
7.453000	20.435517	0.896541	4.618982	28.733991	0.261593	-1575.574018	
7.454000	20.443973	0.831773	4.623663	28.713230	0.210972	-1575.519933	
7.455000	20.465114	0.928926	4.628201	28.692444	0.039637	-1575.465754	
7.456000	20.575048	0.686043	4.632384	28.671524	0.214866	-1575.411334	
7.457000	20.422832	0.742716	4.635982	28.650407	0.273275	-1575.356566	
7.458000	20.490484	0.767004	4.639075	28.629128	0.183714	-1575.301383	
7.459000	20.482027	0.937022	4.642000	28.607880	0.144774	-1575.245769	
7.460000	20.397463	0.758908	4.645100	28.586795	0.277169	-1575.189775	
7.461000	20.418604	0.896541	4.648341	28.565768	0.152562	-1575.133520	
7.462000	20.541222	0.807484	4.651194	28.544692	0.199290	-1575.077161	
7.463000	20.520081	0.799388	4.653033	28.523689	0.090259	-1575.020874	
7.464000	20.591961	0.775100	4.653464	28.502963	0.152562	-1574.964826	
7.465000	20.418604	0.945118	4.652314	28.482532	0.269381	-1574.909142	
7.466000	20.443973	0.985598	4.649284	28.462256	0.187608	-1574.853896	
7.467000	20.384778	0.945118	4.643922	28.441981	0.024061	-1574.799115	
7.468000	20.431289	0.823676	4.636432	28.421601	0.210972	-1574.744775	
7.469000	20.418604	0.831773	4.627873	28.401053	0.074683	-1574.690783	
7.470000	20.473571	0.888445	4.619428	28.380362	0.148668	-1574.636990	
7.471000	20.486255	0.783196	4.612068	28.359710	0.140880	-1574.583222	
7.472000	20.456658	0.831773	4.606461	28.339217	0.222654	-1574.529309	
7.473000	20.452430	0.888445	4.602801	28.318773	0.238229	-1574.475109	
7.474000	20.401691	0.888445	4.600822	28.298263	0.121410	-1574.420523	
7.475000	20.524309	0.742716	4.600418	28.277794	0.105834	-1574.365499	
7.476000	20.570820	0.888445	4.602260	28.257556	0.086365	-1574.310038	
7.477000	20.532766	0.742716	4.606827	28.237556	0.214866	-1574.254206	
7.478000	20.511625	0.677947	4.613376	28.217650	0.121410	-1574.198136	
7.479000	20.469342	0.661755	4.620568	28.197681	-0.057712	-1574.142001	
7.480000	20.469342	0.872253	4.627381	28.177545	0.183714	-1574.085984	
7.481000	20.528537	0.775100	4.633438	28.157184	0.113622	-1574.030248	
7.482000	20.389006	0.920829	4.638707	28.136634	0.207078	-1573.974901	
7.483000	20.498940	0.718427	4.642579	28.116086	0.098047	-1573.919998	
7.484000	20.439745	0.920829	4.643641	28.095667	0.172032	-1573.865545	
7.485000	20.456658	0.969406	4.641095	28.075268	0.168138	-1573.811486	
7.486000	20.435517	0.872253	4.635596	28.054780	0.246017	-1573.757707	
7.487000	20.486255	0.847965	4.628426	28.034315	0.082471	-1573.704054	
7.488000	20.465114	0.912733	4.620721	28.014066	0.249911	-1573.650354	
7.489000	20.473571	1.107039	4.613210	27.994044	0.284957	-1573.596435	
7.490000	20.401691	0.993694	4.606270	27.974111	0.331685	-1573.542160	
7.491000	20.465114	0.880349	4.600132	27.954111	0.043531	-1573.487442	
7.492000	20.469342	0.718427	4.595002	27.933938	0.218760	-1573.432253	
7.493000	20.566591	0.783196	4.591256	27.913531	0.257699	-1573.376625	
7.494000	20.443973	0.823676	4.589208	27.892935	0.214866	-1573.320652	
7.495000	20.490484	0.912733	4.588563	27.872349	0.195396	-1573.264482	
7.496000	20.473571	0.799388	4.588689	27.851903	0.238229	-1573.208290	
7.497000	20.494712	0.945118	4.589259	27.831487	0.374518	-1573.152252	
7.498000	20.448201	0.783196	4.590123	27.810992	0.051319	-1573.096511	
7.499000	20.532766	0.596986	4.590801	27.790529	0.035743	-1573.041164	
7.500000	20.553907	0.864157	4.590378	27.770296	0.203184	-1572.986260	0.000000
7.501000	20.456658	1.050367	4.587954	27.750313	0.175926	-1572.931790	
7.502000	20.448201	0.993694	4.583388	27.730456	0.195396	-1572.877680	
7.503000	20.372094	0.969406	4.577368	27.710583	0.031849	-1572.823805	
7.504000	20.490484	0.912733	4.570771	27.690593	0.281063	-1572.770008	
7.505000	20.338268	1.026079	4.564213	27.670426	0.195396	-1572.716108	
7.506000	20.418604	0.896541	4.558169	27.650123	0.179820	-1572.661937	
7.507000	20.498940	0.767004	4.553239	27.629880	0.277169	-1572.607365	
7.508000	20.465114	0.718427	4.549981	27.609819	0.292745	-1572.552319	
7.509000	20.439745	0.969406	4.548750	27.589828	0.323897	-1572.496783	
7.510000	20.435517	0.831773	4.549799	27.569788	0.257699	-1572.440811	
7.511000	20.482027	1.009886	4.553025	27.549798	0.043531	-1572.384519	
7.512000	20.553907	0.758908	4.557746	27.530035	0.066895	-1572.328064	
7.513000	20.473571	0.920829	4.563031	27.510505	0.199290	-1572.271618	
7.514000	20.469342	0.928926	4.568042	27.491079	0.156456	-1572.215350	
7.515000	20.541222	0.758908	4.572107	27.471611	-0.034348	-1572.159401	
7.516000	20.482027	0.993694	4.574887	27.451997	0.094153	-1572.103865	
7.517000	20.435517	0.904637	4.576797	27.432184	0.164244	-1572.048781	
7.518000	20.410148	0.977502	4.578904	27.412230	0.183714	-1571.994124	
7.519000	20.490484	0.872253	4.581749	27.392340	0.117516	-1571.939796	
7.520000	20.448201	0.969406	4.584962	27.372642	0.308321	-1571.885655	
7.521000	20.439745	0.839869	4.588073	27.353027	0.199290	-1571.831528	
7.522000	20.456658	0.896541	4.590665	27.333379	0.230441	-1571.777240	
7.523000	20.541222	0.815580	4.592424	27.313800	0.047425	-1571.722647	
7.524000	20.410148	0.815580	4.593616	27.294469	0.210972	-1571.667646	
7.525000	20.410148	0.977502	4.594834	27.275401	0.320003	-1571.612178	
7.526000	20.359409	0.985598	4.596364	27.256483	0.281063	-1571.556237	
7.527000	20.528537	0.904637	4.598220	27.237588	0.070789	-1571.499891	
7.528000	20.460886	0.807484	4.600262	27.218611	0.312215	-1571.443273	
7.529000	20.549678	0.726523	4.602133	27.199486	0.164244	-1571.386554	
7.530000	20.410148	0.856061	4.603419	27.180254	0.253805	-1571.329912	
7.531000	20.558135	0.742716	4.603826	27.161113	0.070789	-1571.273511	
7.532000	20.393235	0.961310	4.603136	27.142183	0.253805	-1571.217470	
7.533000	20.448201	0.953214	4.600796	27.123350	0.284957	-1571.161859	
7.534000	20.473571	0.718427	4.595898	27.104492	0.133092	-1571.106694	
7.535000	20.596189	0.815580	4.588376	27.085703	-0.092758	-1571.051930	
7.536000	20.570820	0.750812	4.579485	27.067155	0.222654	-1570.997462	
7.537000	20.490484	0.937022	4.570802	27.048864	0.234335	-1570.943139	
7.538000	20.443973	0.937022	4.563486	27.030713	0.168138	-1570.888793	
7.539000	20.448201	0.993694	4.558237	27.012572	-0.010985	-1570.834259	
7.540000	20.435517	0.856061	4.555543	26.994336	0.261593	-1570.779406	
7.541000	20.465114	0.694139	4.555692	26.975946	0.210972	-1570.724144	
7.542000	20.405919	0.758908	4.558556	26.957463	0.253805	-1570.668422	
7.543000	20.494712	0.823676	4.563624	26.939108	0.253805	-1570.612250	
7.544000	20.422832	0.775100	4.570302	26.921008	0.261593	-1570.555712	
7.545000	20.456658	1.034175	4.577948	26.903048	0.362836	-1570.498952	
7.546000	20.494712	0.823676	4.585748	26.885100	0.121410	-1570.442143	
7.547000	20.482027	0.888445	4.593048	26.867252	0.098047	-1570.385461	
7.548000	20.566591	0.791292	4.599651	26.849668	0.191502	-1570.329055	
7.549000	20.469342	1.026079	4.605560	26.832352	0.370624	-1570.273021	
7.550000	20.515853	0.815580	4.610582	26.815183	0.210972	-1570.217410	
7.551000	20.486255	0.791292	4.614286	26.798023	0.020167	-1570.162228	
7.552000	20.587732	0.726523	4.616383	26.780763	0.351155	-1570.107416	
7.553000	20.477799	0.896541	4.617054	26.763339	0.129198	-1570.052854	
7.554000	20.422832	0.847965	4.616838	26.745800	0.230441	-1569.998384	
7.555000	20.469342	0.912733	4.616334	26.728349	0.214866	-1569.943832	
7.556000	20.439745	0.758908	4.615989	26.711102	0.183714	-1569.889041	
7.557000	20.448201	0.880349	4.615874	26.693942	0.148668	-1569.833889	
7.558000	20.397463	0.686043	4.615692	26.676748	0.101940	-1569.778305	
7.559000	20.536994	0.750812	4.615297	26.659608	0.039637	-1569.722269	
7.560000	20.549678	0.742716	4.614983	26.642688	0.257699	-1569.665827	
7.561000	20.325583	1.042271	4.615026	26.626004	0.358942	-1569.609088	
7.562000	20.397463	0.961310	4.615211	26.609463	0.327791	-1569.552202	
7.563000	20.439745	0.791292	4.615102	26.592952	0.066895	-1569.495341	
7.564000	20.520081	0.783196	4.614446	26.576364	0.265487	-1569.438675	
7.565000	20.469342	0.718427	4.613153	26.559633	0.133092	-1569.382337	
7.566000	20.431289	0.856061	4.611464	26.542816	0.035743	-1569.326406	
7.567000	20.562363	0.864157	4.609876	26.526123	0.179820	-1569.270916	
7.568000	20.410148	0.864157	4.608448	26.509666	0.242123	-1569.215852	
7.569000	20.503168	0.977502	4.606959	26.493323	0.207078	-1569.161134	
7.570000	20.435517	0.815580	4.605601	26.476966	0.140880	-1569.106627	
7.571000	20.642699	0.686043	4.604886	26.460674	0.008485	-1569.052170	
7.572000	20.494712	0.710331	4.605236	26.444605	0.187608	-1568.997597	
7.573000	20.473571	0.758908	4.606818	26.428778	0.226548	-1568.942761	
7.574000	20.431289	0.718427	4.609397	26.413112	0.160350	-1568.887559	
7.575000	20.515853	0.815580	4.612321	26.397507	-0.046030	-1568.831940	
7.576000	20.448201	0.856061	4.615187	26.381861	0.203184	-1568.775908	
7.577000	20.494712	0.839869	4.618185	26.366114	0.281063	-1568.719529	
7.578000	20.355181	0.904637	4.621388	26.350322	0.152562	-1568.662927	
7.579000	20.524309	0.847965	4.624466	26.334689	0.246017	-1568.606256	
7.580000	20.397463	0.783196	4.627177	26.319321	0.320003	-1568.549688	
7.581000	20.494712	0.993694	4.629555	26.304097	0.351155	-1568.493378	
7.582000	20.477799	1.034175	4.631378	26.288886	0.109728	-1568.437440	
7.583000	20.494712	1.009886	4.631903	26.273759	0.090259	-1568.381942	
7.584000	20.503168	0.783196	4.630488	26.258862	0.230441	-1568.326902	
7.585000	20.431289	1.107039	4.627173	26.244206	0.335579	-1568.272271	
7.586000	20.410148	0.686043	4.622575	26.229708	0.246017	-1568.217936	
7.587000	20.465114	0.807484	4.617563	26.215267	0.074683	-1568.163751	
7.588000	20.562363	0.718427	4.612938	26.200774	0.238229	-1568.109550	
7.589000	20.482027	0.783196	4.609227	26.186162	0.160350	-1568.055174	
7.590000	20.431289	0.888445	4.606730	26.171494	0.148668	-1568.000487	
7.591000	20.490484	0.791292	4.605271	26.156990	0.234335	-1567.945404	
7.592000	20.443973	0.791292	4.603982	26.142764	0.323897	-1567.889888	
7.593000	20.405919	0.872253	4.602231	26.128696	0.249911	-1567.833956	
7.594000	20.532766	0.629370	4.600240	26.114656	0.191502	-1567.777691	
7.595000	20.549678	0.823676	4.598331	26.100718	0.008485	-1567.721236	
7.596000	20.507396	0.872253	4.596504	26.087032	0.242123	-1567.664764	
7.597000	20.422832	1.050367	4.594817	26.073613	0.335579	-1567.608446	
7.598000	20.334040	0.880349	4.593512	26.060387	0.269381	-1567.552429	
7.599000	20.376322	0.920829	4.592207	26.047262	-0.038242	-1567.496814	
7.600000	20.490484	0.807484	4.589772	26.034130	0.195396	-1567.441653	0.000000
7.601000	20.418604	0.791292	4.585741	26.020920	0.172032	-1567.386936	
7.602000	20.334040	1.115135	4.580679	26.007692	0.172032	-1567.332585	
7.603000	20.558135	0.839869	4.575411	25.994652	0.226548	-1567.278468	
7.604000	20.452430	0.969406	4.570802	25.981904	0.249911	-1567.224425	
7.605000	20.490484	1.017982	4.567499	25.969317	0.203184	-1567.170288	
7.606000	20.469342	0.864157	4.565716	25.956758	0.218760	-1567.115902	
7.607000	20.617330	0.839869	4.565319	25.944295	0.043531	-1567.061152	
7.608000	20.562363	0.710331	4.565844	25.932073	0.129198	-1567.005972	
7.609000	20.439745	0.864157	4.567052	25.920101	0.070789	-1566.950341	
7.610000	20.376322	0.945118	4.569237	25.908301	0.203184	-1566.894307	
7.611000	20.465114	0.783196	4.572502	25.896575	-0.034348	-1566.837989	
7.612000	20.439745	1.066559	4.576405	25.884817	0.226548	-1566.781554	
7.613000	20.452430	0.839869	4.580293	25.872963	0.238229	-1566.725180	
7.614000	20.274845	0.993694	4.583612	25.861086	0.253805	-1566.669029	
7.615000	20.524309	0.783196	4.586167	25.849404	0.242123	-1566.613224	
7.616000	20.359409	1.115135	4.588002	25.838025	0.214866	-1566.557842	
7.617000	20.431289	1.017982	4.588959	25.826823	0.339473	-1566.502914	
7.618000	20.435517	0.864157	4.588771	25.815664	0.136986	-1566.448419	
7.619000	20.562363	0.961310	4.587530	25.804608	0.035743	-1566.394271	
7.620000	20.435517	0.823676	4.585734	25.793790	0.249911	-1566.340333	
7.621000	20.418604	1.082751	4.583949	25.783223	0.304427	-1566.286431	
7.622000	20.350953	0.847965	4.582470	25.772852	0.172032	-1566.232389	
7.623000	20.486255	0.807484	4.581317	25.762603	0.004591	-1566.178060	
7.624000	20.443973	0.823676	4.580541	25.752369	0.063001	-1566.123348	
7.625000	20.511625	0.831773	4.580347	25.742083	0.113622	-1566.068203	
7.626000	20.456658	0.904637	4.580943	25.731814	0.168138	-1566.012621	
7.627000	20.541222	0.872253	4.582377	25.721778	0.098047	-1565.956670	
7.628000	20.443973	0.694139	4.584419	25.712078	0.218760	-1565.900480	
7.629000	20.405919	1.017982	4.586631	25.702586	0.156456	-1565.844220	
7.630000	20.503168	0.758908	4.588632	25.693165	0.117516	-1565.788070	
7.631000	20.583504	0.864157	4.590177	25.683874	0.000697	-1565.732194	
7.632000	20.545450	1.017982	4.590992	25.674843	0.230441	-1565.676714	
7.633000	20.431289	1.317538	4.590714	25.666090	0.347261	-1565.621699	
7.634000	20.355181	0.734620	4.589089	25.657566	0.312215	-1565.567169	
7.635000	20.367865	0.912733	4.586076	25.649201	0.066895	-1565.513081	
7.636000	20.469342	0.677947	4.582004	25.640892	0.292745	-1565.459333	
7.637000	20.443973	0.864157	4.577654	25.632570	0.277169	-1565.405769	
7.638000	20.422832	0.791292	4.573870	25.624318	0.218760	-1565.352208	
7.639000	20.532766	0.775100	4.571160	25.616370	0.175926	-1565.298477	
7.640000	20.482027	0.961310	4.569689	25.608842	0.148668	-1565.244441	
7.641000	20.431289	0.937022	4.569501	25.601603	0.269381	-1565.190016	
7.642000	20.405919	0.815580	4.570741	25.594511	0.020167	-1565.135169	
7.643000	20.566591	0.718427	4.573499	25.587612	-0.038242	-1565.079926	
7.644000	20.579276	0.856061	4.577536	25.581025	0.210972	-1565.024375	
7.645000	20.465114	0.969406	4.582291	25.574761	0.207078	-1564.968661	
7.646000	20.401691	0.969406	4.587145	25.568772	0.277169	-1564.912960	
7.647000	20.482027	0.767004	4.591777	25.562996	0.070789	-1564.857457	
7.648000	20.494712	0.920829	4.596007	25.557332	0.125304	-1564.802312	
7.649000	20.393235	0.621274	4.599452	25.551712	0.156456	-1564.747628	
7.650000	20.350953	0.888445	4.601902	25.546219	0.351155	-1564.693450	
7.651000	20.553907	0.637467	4.603683	25.541079	0.172032	-1564.639769	
7.652000	20.427060	0.856061	4.605091	25.536397	0.191502	-1564.586510	
7.653000	20.507396	1.017982	4.606100	25.532043	0.226548	-1564.533543	
7.654000	20.342496	0.969406	4.606705	25.527872	0.214866	-1564.480704	
7.655000	20.587732	0.856061	4.606988	25.523931	0.156456	-1564.427816	
7.656000	20.465114	0.831773	4.607223	25.520337	0.168138	-1564.374719	
7.657000	20.482027	1.009886	4.607879	25.517095	0.281063	-1564.321283	
7.658000	20.312899	0.734620	4.609224	25.514154	0.226548	-1564.267431	
7.659000	20.494712	0.799388	4.611284	25.511440	0.078577	-1564.213144	
7.660000	20.486255	0.799388	4.613885	25.508839	0.230441	-1564.158476	
7.661000	20.600417	0.864157	4.616636	25.506274	0.008485	-1564.103540	
7.662000	20.393235	0.904637	4.619061	25.503819	0.172032	-1564.048492	
7.663000	20.604645	0.791292	4.620708	25.501694	0.226548	-1563.993510	
7.664000	20.452430	0.758908	4.621415	25.499999	0.273275	-1563.938766	
7.665000	20.465114	0.937022	4.621377	25.498597	0.242123	-1563.884397	
7.666000	20.469342	0.758908	4.621004	25.497344	-0.018773	-1563.830486	
7.667000	20.617330	0.953214	4.620733	25.496281	0.016273	-1563.777070	
7.668000	20.528537	0.791292	4.620501	25.495523	0.222654	-1563.724129	
7.669000	20.414376	1.204192	4.619839	25.495078	0.168138	-1563.671579	
7.670000	20.355181	0.888445	4.618619	25.494902	0.269381	-1563.619279	
7.671000	20.401691	0.896541	4.617073	25.494929	-0.096652	-1563.567061	
7.672000	20.452430	0.718427	4.615476	25.495048	0.355048	-1563.514748	
7.673000	20.372094	0.847965	4.614299	25.495187	0.203184	-1563.462182	
7.674000	20.401691	0.847965	4.614096	25.495433	0.207078	-1563.409245	
7.675000	20.486255	0.823676	4.614874	25.496015	0.183714	-1563.355869	
7.676000	20.498940	0.742716	4.616213	25.497028	0.226548	-1563.302045	
7.677000	20.367865	1.115135	4.617926	25.498332	0.249911	-1563.247837	
7.678000	20.460886	0.742716	4.619995	25.499775	0.113622	-1563.193376	
7.679000	20.528537	0.742716	4.622191	25.501388	0.000697	-1563.138832	
7.680000	20.553907	0.775100	4.624182	25.503277	0.172032	-1563.084386	
7.681000	20.431289	1.107039	4.625831	25.505443	0.148668	-1563.030199	
7.682000	20.465114	0.580794	4.627005	25.507848	0.156456	-1562.976392	
7.683000	20.507396	0.920829	4.627359	25.510431	-0.018773	-1562.923038	
7.684000	20.545450	0.807484	4.626645	25.513082	0.246017	-1562.870166	
7.685000	20.427060	0.823676	4.624984	25.515725	0.172032	-1562.817735	
7.686000	20.266388	0.839869	4.622671	25.518447	0.172032	-1562.765638	
7.687000	20.545450	0.799388	4.620051	25.521472	0.187608	-1562.713718	
7.688000	20.452430	0.888445	4.617498	25.524896	0.242123	-1562.661793	
7.689000	20.439745	0.969406	4.615288	25.528579	0.218760	-1562.609688	
7.690000	20.431289	0.961310	4.613604	25.532372	0.207078	-1562.557258	
7.691000	20.498940	0.856061	4.612663	25.536310	-0.042136	-1562.504415	
7.692000	20.389006	0.783196	4.612637	25.540500	0.144774	-1562.451116	
7.693000	20.469342	1.082751	4.613365	25.544949	0.261593	-1562.397367	
7.694000	20.257932	0.953214	4.614464	25.549636	0.214866	-1562.343243	
7.695000	20.448201	0.831773	4.615618	25.554511	0.008485	-1562.288883	
7.696000	20.418604	0.856061	4.616535	25.559464	0.300533	-1562.234460	
7.697000	20.566591	0.758908	4.617007	25.564413	0.098047	-1562.180151	
7.698000	20.308670	0.799388	4.616950	25.569456	0.191502	-1562.126105	
7.699000	20.613102	0.669851	4.616364	25.574819	0.160350	-1562.072429	
7.700000	20.422832	0.896541	4.615434	25.580588	0.230441	-1562.019181	0.000000
7.701000	20.469342	1.074655	4.614331	25.586611	0.230441	-1561.966368	
7.702000	20.460886	0.839869	4.612973	25.592729	0.051319	-1561.913929	
7.703000	20.591961	0.799388	4.611294	25.598956	-0.022667	-1561.861744	
7.704000	20.477799	0.815580	4.609466	25.605379	0.144774	-1561.809659	
7.705000	20.515853	0.977502	4.607646	25.612004	0.175926	-1561.757498	
7.706000	20.300214	0.880349	4.605863	25.618814	0.304427	-1561.705101	
7.707000	20.503168	0.847965	4.604251	25.625766	0.105834	-1561.652347	
7.708000	20.405919	1.107039	4.603035	25.632755	0.397882	-1561.599162	
7.709000	20.414376	0.629370	4.602677	25.639708	0.253805	-1561.545520	
7.710000	20.245247	0.758908	4.604023	25.646735	0.199290	-1561.491451	
7.711000	20.575048	0.888445	4.607372	25.654078	0.374518	-1561.437052	
7.712000	20.469342	0.783196	4.611908	25.661822	0.304427	-1561.382476	
7.713000	20.443973	1.034175	4.616571	25.669813	0.300533	-1561.327895	
7.714000	20.435517	0.742716	4.620812	25.677891	0.199290	-1561.273481	
7.715000	20.520081	0.912733	4.624491	25.686073	0.027955	-1561.219376	
7.716000	20.553907	0.767004	4.627388	25.694442	0.136986	-1561.165669	
7.717000	20.405919	1.220385	4.629054	25.703004	0.277169	-1561.112398	
7.718000	20.452430	0.823676	4.629233	25.711762	0.172032	-1561.059546	
7.719000	20.435517	0.945118	4.628083	25.720693	0.031849	-1561.007040	
7.720000	20.549678	0.726523	4.626026	25.729694	0.136986	-1560.954755	
7.721000	20.422832	0.856061	4.623423	25.738687	0.249911	-1560.902531	
7.722000	20.355181	0.856061	4.620327	25.747779	0.148668	-1560.850197	
7.723000	20.532766	0.831773	4.616754	25.757207	0.183714	-1560.797599	
7.724000	20.431289	0.880349	4.612974	25.767053	0.257699	-1560.744625	
7.725000	20.439745	0.888445	4.609522	25.777163	0.218760	-1560.691211	
7.726000	20.460886	0.888445	4.607041	25.787376	0.210972	-1560.637344	
7.727000	20.579276	0.912733	4.605896	25.797705	0.066895	-1560.583086	
7.728000	20.490484	0.718427	4.605939	25.808229	0.195396	-1560.528562	
7.729000	20.367865	0.993694	4.606623	25.818952	0.374518	-1560.473931	
7.730000	20.317127	0.880349	4.607366	25.829864	0.390094	-1560.419361	
7.731000	20.435517	0.888445	4.607897	25.840931	0.047425	-1560.365011	
7.732000	20.536994	0.872253	4.608121	25.852039	0.327791	-1560.311003	
7.733000	20.507396	0.661755	4.607641	25.863111	0.156456	-1560.257405	
7.734000	20.405919	0.775100	4.605707	25.874253	0.175926	-1560.204235	
7.735000	20.630014	0.661755	4.601892	25.885700	0.179820	-1560.151453	
7.736000	20.490484	0.831773	4.596689	25.897526	0.179820	-1560.098961	
7.737000	20.520081	0.928926	4.591204	25.909573	0.257699	-1560.046616	
7.738000	20.456658	0.961310	4.586452	25.921676	0.164244	-1559.994252	
7.739000	20.613102	0.872253	4.583080	25.933843	-0.026560	-1559.941707	
7.740000	20.486255	0.831773	4.581518	25.946152	0.261593	-1559.888851	
7.741000	20.515853	0.718427	4.582210	25.958612	0.086365	-1559.835594	
7.742000	20.321355	0.637467	4.585742	25.971239	0.210972	-1559.781891	
7.743000	20.456658	0.839869	4.592392	25.984024	0.055213	-1559.727759	
7.744000	20.435517	0.928926	4.601451	25.996861	0.246017	-1559.673282	
7.745000	20.456658	0.928926	4.611443	26.009672	0.175926	-1559.618597	
7.746000	20.274845	0.969406	4.620917	26.022563	0.257699	-1559.563863	
7.747000	20.494712	0.815580	4.628996	26.035768	0.249911	-1559.509246	
7.748000	20.427060	0.783196	4.635429	26.049361	0.168138	-1559.454888	
7.749000	20.524309	1.123232	4.640174	26.063180	0.265487	-1559.400890	
7.750000	20.482027	0.718427	4.643072	26.077058	0.249911	-1559.347304	
7.751000	20.651156	0.823676	4.643869	26.090995	0.144774	-1559.294135	
7.752000	20.482027	0.799388	4.642482	26.105061	0.082471	-1559.241330	
7.753000	20.422832	1.147520	4.639342	26.119256	0.230441	-1559.188771	
7.754000	20.359409	0.920829	4.635213	26.133593	0.246017	-1559.136307	
7.755000	20.507396	0.807484	4.630731	26.148060	-0.003197	-1559.083771	
7.756000	20.553907	0.767004	4.626279	26.162549	0.203184	-1559.031014	
7.757000	20.536994	0.945118	4.622084	26.176989	0.125304	-1558.977915	
7.758000	20.283301	0.758908	4.618568	26.191508	0.109728	-1558.924400	
7.759000	20.532766	0.880349	4.616749	26.206370	0.109728	-1558.870440	
7.760000	20.448201	0.831773	4.617594	26.221666	0.144774	-1558.816070	
7.761000	20.414376	1.139424	4.620929	26.237237	0.265487	-1558.761390	
7.762000	20.498940	0.734620	4.625616	26.252913	0.140880	-1558.706543	
7.763000	20.558135	0.912733	4.630459	26.268695	0.082471	-1558.651699	
7.764000	20.553907	0.799388	4.634579	26.284651	0.269381	-1558.597023	
7.765000	20.367865	0.993694	4.637428	26.300784	0.351155	-1558.542646	
7.766000	20.245247	1.042271	4.638538	26.317095	0.222654	-1558.488649	
7.767000	20.427060	0.953214	4.637180	26.333557	0.101940	-1558.435074	
7.768000	20.545450	0.742716	4.632801	26.350054	0.175926	-1558.381911	
7.769000	20.465114	0.758908	4.625770	26.366504	0.179820	-1558.329080	
7.770000	20.295986	0.710331	4.617229	26.383027	0.175926	-1558.276444	
7.771000	20.621558	0.750812	4.608423	26.399874	0.152562	-1558.223837	
7.772000	20.469342	0.791292	4.600217	26.417122	0.187608	-1558.171092	
7.773000	20.507396	0.985598	4.592882	26.434606	0.273275	-1558.118067	
7.774000	20.418604	0.775100	4.586266	26.452155	0.047425	-1558.064659	
7.775000	20.600417	0.880349	4.580467	26.469762	-0.007091	-1558.010815	
7.776000	20.503168	0.920829	4.576125	26.487491	0.090259	-1557.956533	
7.777000	20.448201	0.920829	4.573747	26.505347	0.226548	-1557.901872	
7.778000	20.291758	0.807484	4.573209	26.523357	0.230441	-1557.846953	
7.779000	20.507396	0.775100	4.574086	26.541520	0.000697	-1557.791946	
7.780000	20.460886	0.864157	4.576058	26.559731	0.214866	-1557.737030	
7.781000	20.439745	0.856061	4.578982	26.577913	0.218760	-1557.682367	
7.782000	20.245247	0.920829	4.582693	26.596188	0.238229	-1557.628069	
7.783000	20.621558	0.977502	4.586799	26.614799	0.136986	-1557.574197	
7.784000	20.350953	0.961310	4.590753	26.633818	0.249911	-1557.520764	
7.785000	20.456658	0.864157	4.594092	26.653076	0.273275	-1557.467727	
7.786000	20.460886	0.726523	4.596622	26.672401	0.136986	-1557.414981	
7.787000	20.579276	0.904637	4.598449	26.691783	0.000697	-1557.362380	
7.788000	20.477799	0.896541	4.599750	26.711283	0.226548	-1557.309755	
7.789000	20.439745	1.147520	4.600514	26.730908	0.253805	-1557.256936	
7.790000	20.317127	0.839869	4.600682	26.750694	0.187608	-1557.203784	
7.791000	20.427060	0.734620	4.600392	26.770648	0.000697	-1557.150211	
7.792000	20.549678	0.677947	4.600065	26.790662	0.214866	-1557.096183	
7.793000	20.562363	0.831773	4.600286	26.810655	0.183714	-1557.041714	
7.794000	20.405919	0.888445	4.601349	26.830752	0.133092	-1556.986887	
7.795000	20.532766	0.839869	4.602975	26.851205	0.164244	-1556.931842	
7.796000	20.460886	0.920829	4.604495	26.872089	0.168138	-1556.876751	
7.797000	20.380550	1.082751	4.605196	26.893239	0.136986	-1556.821788	
7.798000	20.503168	0.791292	4.604495	26.914479	0.172032	-1556.767099	
7.799000	20.659612	0.880349	4.602204	26.935795	0.148668	-1556.712790	
7.800000	20.532766	0.839869	4.598815	26.957248	0.113622	-1556.658916	0.000000
7.801000	20.498940	1.163712	4.594984	26.978843	0.226548	-1556.605476	
7.802000	20.257932	0.977502	4.590895	27.000606	0.203184	-1556.552405	
7.803000	20.321355	0.985598	4.586576	27.022537	0.203184	-1556.499584	
7.804000	20.473571	0.985598	4.582339	27.044518	0.304427	-1556.446858	
7.805000	20.448201	0.775100	4.578590	27.066463	0.199290	-1556.394050	
7.806000	20.312899	0.823676	4.575644	27.088490	0.253805	-1556.340990	
7.807000	20.553907	0.710331	4.573794	27.110845	0.203184	-1556.287547	
7.808000	20.515853	0.839869	4.573113	27.133594	0.265487	-1556.233646	
7.809000	20.482027	1.058463	4.573246	27.156562	0.183714	-1556.179263	
7.810000	20.469342	0.912733	4.573687	27.179568	0.222654	-1556.124440	
7.811000	20.680753	0.880349	4.574125	27.202594	0.066895	-1556.069290	
7.812000	20.528537	0.823676	4.574459	27.225690	0.125304	-1556.013971	
7.813000	20.456658	0.896541	4.574732	27.248856	0.230441	-1555.958659	
7.814000	20.266388	0.783196	4.575193	27.272108	0.183714	-1555.903529	
7.815000	20.482027	0.791292	4.576064	27.295443	-0.026560	-1555.848724	
7.816000	20.473571	0.864157	4.577179	27.318745	0.160350	-1555.794345	
7.817000	20.439745	0.807484	4.577838	27.341940	0.351155	-1555.740439	
7.818000	20.181824	1.066559	4.577159	27.365166	0.207078	-1555.686992	
7.819000	20.583504	0.702235	4.574988	27.388693	0.253805	-1555.633919	
7.820000	20.376322	0.856061	4.572094	27.412598	0.390094	-1555.581075	
7.821000	20.431289	0.912733	4.569331	27.436711	0.323897	-1555.528284	
7.822000	20.405919	0.807484	4.567069	27.460852	0.144774	-1555.475368	
7.823000	20.596189	0.888445	4.565325	27.485002	0.129198	-1555.422176	
7.824000	20.494712	0.904637	4.564132	27.509211	0.199290	-1555.368602	
7.825000	20.414376	1.171808	4.563738	27.533479	0.390094	-1555.314584	
7.826000	20.224106	0.718427	4.564564	27.557836	0.284957	-1555.260116	
7.827000	20.431289	0.815580	4.566964	27.582281	0.125304	-1555.205264	
7.828000	20.490484	0.791292	4.570900	27.606700	0.281063	-1555.150160	
7.829000	20.532766	0.767004	4.575871	27.631009	0.148668	-1555.094972	
7.830000	20.342496	0.791292	4.581199	27.655335	0.284957	-1555.039878	
7.831000	20.646927	0.823676	4.586339	27.679926	0.140880	-1554.985046	
7.832000	20.465114	0.783196	4.590910	27.704846	0.152562	-1554.930604	
7.833000	20.418604	0.945118	4.594496	27.729921	0.222654	-1554.876632	
7.834000	20.452430	0.540314	4.596738	27.754968	0.129198	-1554.823152	
7.835000	20.570820	0.758908	4.597895	27.779959	0.195396	-1554.770131	
7.836000	20.545450	0.758908	4.598601	27.804936	0.242123	-1554.717468	
7.837000	20.401691	1.123232	4.599287	27.829900	0.335579	-1554.665011	
7.838000	20.304442	0.799388	4.600359	27.854898	0.210972	-1554.612585	
7.839000	20.397463	0.920829	4.602204	27.879947	0.101940	-1554.560023	
7.840000	20.439745	0.758908	4.604809	27.904935	0.277169	-1554.507188	
7.841000	20.401691	0.799388	4.607779	27.929779	0.098047	-1554.453983	
7.842000	20.295986	0.686043	4.610762	27.954613	0.242123	-1554.400352	
7.843000	20.591961	0.758908	4.613848	27.979690	0.136986	-1554.346295	
7.844000	20.418604	0.985598	4.617308	28.005069	0.261593	-1554.291887	
7.845000	20.460886	1.017982	4.620872	28.030573	0.335579	-1554.237268	
7.846000	20.511625	0.799388	4.623903	28.056010	0.210972	-1554.182615	
7.847000	20.566591	0.726523	4.626033	28.081350	0.105834	-1554.128117	
7.848000	20.507396	0.831773	4.627212	28.106625	0.148668	-1554.073936	
7.849000	20.443973	0.912733	4.627546	28.131833	0.218760	-1554.020183	
7.850000	20.334040	0.912733	4.627169	28.157019	0.257699	-1553.966919	
7.851000	20.448201	0.734620	4.626062	28.182202	-0.018773	-1553.914156	
7.852000	20.566591	0.710331	4.624174	28.207273	0.187608	-1553.861845	
7.853000	20.528537	0.807484	4.621742	28.232156	0.105834	-1553.809871	
7.854000	20.253704	0.783196	4.619259	28.257006	0.113622	-1553.758072	
7.855000	20.587732	0.686043	4.617138	28.282092	0.249911	-1553.706271	
7.856000	20.389006	0.888445	4.615574	28.307484	0.339473	-1553.654296	
7.857000	20.397463	0.864157	4.614676	28.333006	0.288851	-1553.602016	
7.858000	20.376322	0.904637	4.614451	28.358469	0.136986	-1553.549343	
7.859000	20.625786	0.758908	4.614792	28.383840	0.129198	-1553.496248	
7.860000	20.520081	0.904637	4.615702	28.409148	0.183714	-1553.442762	
7.861000	20.515853	1.066559	4.617317	28.434391	0.156456	-1553.388982	
7.862000	20.198737	0.791292	4.619562	28.459623	0.308321	-1553.335055	
7.863000	20.482027	0.783196	4.622022	28.484873	0.133092	-1553.281156	
7.864000	20.452430	0.872253	4.624336	28.510024	0.331685	-1553.227461	
7.865000	20.503168	0.767004	4.626477	28.534990	0.273275	-1553.174109	
7.866000	20.253704	0.686043	4.628665	28.559914	0.129198	-1553.121189	
7.867000	20.625786	0.864157	4.631077	28.585059	0.175926	-1553.068744	
7.868000	20.482027	0.750812	4.633157	28.610487	0.121410	-1553.016767	
7.869000	20.439745	0.928926	4.633900	28.636020	0.172032	-1552.965185	
7.870000	20.422832	0.686043	4.633018	28.661473	0.129198	-1552.913869	
7.871000	20.536994	0.807484	4.630939	28.686812	0.136986	-1552.862658	
7.872000	20.494712	0.775100	4.628148	28.712064	0.148668	-1552.811380	
7.873000	20.469342	1.017982	4.624882	28.737232	0.125304	-1552.759872	
7.874000	20.287529	0.969406	4.621454	28.762390	0.117516	-1552.708016	
7.875000	20.338268	0.937022	4.618636	28.787584	0.016273	-1552.655745	
7.876000	20.473571	0.702235	4.617155	28.812708	0.257699	-1552.603051	
7.877000	20.334040	0.783196	4.617008	28.837680	0.288851	-1552.549985	
7.878000	20.253704	0.896541	4.617660	28.862646	0.234335	-1552.496660	
7.879000	20.549678	0.896541	4.618499	28.887868	0.226548	-1552.443230	
7.880000	20.486255	0.839869	4.619140	28.913400	0.226548	-1552.389868	
7.881000	20.401691	1.090847	4.619613	28.939056	0.179820	-1552.336736	
7.882000	20.490484	0.920829	4.619957	28.964645	0.218760	-1552.283959	
7.883000	20.511625	0.937022	4.619911	28.990126	0.109728	-1552.231622	
7.884000	20.490484	0.621274	4.619127	29.015522	0.140880	-1552.179756	
7.885000	20.435517	1.058463	4.617362	29.040833	0.172032	-1552.128330	
7.886000	20.194509	0.896541	4.614667	29.066132	0.218760	-1552.077244	
7.887000	20.490484	0.799388	4.611460	29.091465	0.086365	-1552.026356	
7.888000	20.490484	0.839869	4.608198	29.116723	0.242123	-1551.975502	
7.889000	20.482027	0.686043	4.605172	29.141822	0.152562	-1551.924515	
7.890000	20.295986	0.775100	4.602826	29.166920	0.133092	-1551.873254	
7.891000	20.562363	1.123232	4.601550	29.192290	0.230441	-1551.821623	
7.892000	20.346724	0.839869	4.601047	29.217996	0.300533	-1551.769568	
7.893000	20.397463	0.904637	4.600799	29.243858	0.117516	-1551.717093	
7.894000	20.452430	1.009886	4.600683	29.269683	0.172032	-1551.664270	
7.895000	20.566591	0.799388	4.600616	29.295426	0.121410	-1551.611236	
7.896000	20.435517	0.896541	4.600289	29.321102	0.140880	-1551.558158	
7.897000	20.486255	0.961310	4.599350	29.346712	0.257699	-1551.505206	
7.898000	20.211422	0.945118	4.597683	29.372333	0.257699	-1551.452526	
7.899000	20.482027	0.937022	4.595280	29.398011	0.121410	-1551.400224	
7.900000	20.405919	0.993694	4.592160	29.423635	0.261593	-1551.348363	0.000000
7.901000	20.460886	0.856061	4.588883	29.449113	0.172032	-1551.296949	
7.902000	20.253704	0.775100	4.586289	29.474591	0.207078	-1551.245924	
7.903000	20.638471	0.807484	4.584768	29.500331	0.175926	-1551.195172	
7.904000	20.486255	0.856061	4.584272	29.526387	0.195396	-1551.144543	
7.905000	20.494712	1.082751	4.584423	29.552573	0.281063	-1551.093872	
7.906000	20.443973	0.839869	4.584572	29.578691	0.136986	-1551.042999	
7.907000	20.528537	0.937022	4.584178	29.604696	0.031849	-1550.991805	
7.908000	20.490484	0.912733	4.583260	29.630599	0.105834	-1550.940217	
7.909000	20.486255	1.260865	4.582509	29.656400	0.207078	-1550.888203	
7.910000	20.283301	0.945118	4.582770	29.682181	0.226548	-1550.835792	
7.911000	20.553907	0.904637	4.584231	29.707995	-0.018773	-1550.783086	
7.912000	20.477799	0.807484	4.586374	29.733736	0.261593	-1550.730240	
7.913000	20.443973	0.896541	4.588614	29.759318	0.277169	-1550.677427	
7.914000	20.224106	0.961310	4.590616	29.784894	0.273275	-1550.624813	
7.915000	20.448201	1.050367	4.592222	29.810728	0.323897	-1550.572529	
7.916000	20.460886	0.799388	4.593300	29.836873	0.339473	-1550.520656	
7.917000	20.456658	1.325634	4.593613	29.863137	0.210972	-1550.469232	
7.918000	20.473571	0.775100	4.593049	29.889319	0.156456	-1550.418247	
7.919000	20.469342	1.001790	4.591716	29.915369	0.090259	-1550.367629	
7.920000	20.465114	0.767004	4.589838	29.941299	0.121410	-1550.317254	
7.921000	20.397463	0.985598	4.587870	29.967108	0.281063	-1550.266957	
7.922000	20.266388	0.856061	4.586230	29.992880	0.160350	-1550.216566	
7.923000	20.431289	0.839869	4.584838	30.018666	0.070789	-1550.165932	
7.924000	20.507396	0.856061	4.583541	30.044354	0.257699	-1550.114950	
7.925000	20.503168	0.750812	4.582692	30.069855	0.152562	-1550.063560	
7.926000	20.338268	0.742716	4.582836	30.095319	0.207078	-1550.011753	
7.927000	20.600417	0.710331	4.584133	30.121017	0.090259	-1549.959584	
7.928000	20.435517	0.839869	4.586205	30.147007	0.207078	-1549.907173	
7.929000	20.486255	0.993694	4.588443	30.173101	0.234335	-1549.854681	
7.930000	20.443973	0.896541	4.590340	30.199101	0.164244	-1549.802280	
7.931000	20.541222	0.839869	4.591518	30.224957	0.129198	-1549.750135	
7.932000	20.486255	0.710331	4.591782	30.250679	0.238229	-1549.698368	
7.933000	20.397463	1.009886	4.591340	30.276265	0.273275	-1549.647045	
7.934000	20.211422	0.823676	4.590598	30.301795	0.218760	-1549.596189	
7.935000	20.503168	0.839869	4.589651	30.327318	0.214866	-1549.545765	
7.936000	20.405919	0.961310	4.588462	30.352718	0.351155	-1549.495679	
7.937000	20.465114	0.758908	4.587410	30.377904	0.129198	-1549.445780	
7.938000	20.236791	0.872253	4.586979	30.403030	0.152562	-1549.395890	
7.939000	20.613102	0.839869	4.587414	30.428352	0.187608	-1549.345835	
7.940000	20.465114	0.791292	4.588911	30.453914	0.273275	-1549.295474	
7.941000	20.532766	1.034175	4.591492	30.479522	0.210972	-1549.244720	
7.942000	20.410148	0.726523	4.594861	30.504976	0.129198	-1549.193533	
7.943000	20.587732	0.839869	4.598740	30.530222	0.008485	-1549.141929	
7.944000	20.460886	0.847965	4.602968	30.555270	0.066895	-1549.089990	
7.945000	20.452430	0.993694	4.607202	30.580119	0.144774	-1549.037847	
7.946000	20.257932	0.775100	4.611007	30.604856	0.222654	-1548.985666	
7.947000	20.486255	0.815580	4.614249	30.629536	0.035743	-1548.933624	
7.948000	20.520081	0.613178	4.616981	30.654049	0.417352	-1548.881877	
7.949000	20.532766	0.856061	4.619102	30.678307	0.152562	-1548.830531	
7.950000	20.224106	0.775100	4.620458	30.702468	0.152562	-1548.779637	
7.951000	20.490484	0.888445	4.621195	30.726801	0.230441	-1548.729193	
7.952000	20.410148	0.613178	4.621611	30.751353	0.273275	-1548.679134	
7.953000	20.422832	0.953214	4.621863	30.775928	0.222654	-1548.629331	
7.954000	20.494712	0.750812	4.622167	30.800323	0.129198	-1548.579625	
7.955000	20.503168	0.742716	4.622744	30.824476	0.121410	-1548.529842	
7.956000	20.498940	0.677947	4.623539	30.848391	0.113622	-1548.479818	
7.957000	20.405919	1.074655	4.624472	30.872066	0.304427	-1548.429424	
7.958000	20.300214	0.783196	4.625478	30.895596	0.238229	-1548.378581	
7.959000	20.393235	0.694139	4.626163	30.919044	0.187608	-1548.327263	
7.960000	20.562363	0.661755	4.626265	30.942296	0.187608	-1548.275509	
7.961000	20.549678	0.847965	4.626063	30.965259	0.187608	-1548.223423	
7.962000	20.372094	0.758908	4.625803	30.988083	0.074683	-1548.171160	
7.963000	20.575048	0.637467	4.625448	31.011038	0.129198	-1548.118901	
7.964000	20.452430	0.799388	4.624986	31.034176	0.199290	-1548.066824	
7.965000	20.435517	1.066559	4.624525	31.057306	0.249911	-1548.015069	
7.966000	20.515853	0.815580	4.623686	31.080231	0.152562	-1547.963729	
7.967000	20.528537	0.726523	4.621218	31.102889	0.195396	-1547.912846	
7.968000	20.490484	0.815580	4.616225	31.125286	0.129198	-1547.862408	
7.969000	20.452430	0.799388	4.609267	31.147421	0.156456	-1547.812330	
7.970000	20.211422	0.880349	4.601712	31.169382	0.238229	-1547.762475	
7.971000	20.401691	0.807484	4.594774	31.191226	0.152562	-1547.712676	
7.972000	20.477799	0.993694	4.589193	31.212838	0.331685	-1547.662760	
7.973000	20.469342	0.823676	4.585419	31.234128	0.249911	-1547.612564	
7.974000	20.207193	0.928926	4.583827	31.255254	0.121410	-1547.561967	
7.975000	20.587732	0.758908	4.584518	31.276490	0.234335	-1547.510897	
7.976000	20.410148	0.807484	4.587023	31.297890	0.199290	-1547.459342	
7.977000	20.532766	0.872253	4.590687	31.319260	0.195396	-1547.407362	
7.978000	20.465114	0.888445	4.595080	31.340397	0.253805	-1547.355090	
7.979000	20.617330	0.799388	4.599774	31.361239	0.031849	-1547.302700	
7.980000	20.465114	0.847965	4.604328	31.381787	0.191502	-1547.250380	
7.981000	20.443973	0.912733	4.608629	31.402044	0.199290	-1547.198299	
7.982000	20.215650	0.726523	4.612821	31.422113	0.207078	-1547.146583	
7.983000	20.486255	0.831773	4.616804	31.442066	0.055213	-1547.095313	
7.984000	20.469342	0.775100	4.620202	31.461792	0.133092	-1547.044523	
7.985000	20.503168	0.807484	4.622747	31.481205	0.253805	-1546.994179	
7.986000	20.181824	1.147520	4.624341	31.500469	0.074683	-1546.944180	
7.987000	20.545450	0.880349	4.625086	31.519859	0.191502	-1546.894369	
7.988000	20.372094	0.928926	4.625180	31.539427	0.253805	-1546.844562	
7.989000	20.363637	0.985598	4.624555	31.558982	0.203184	-1546.794577	
7.990000	20.460886	0.621274	4.623074	31.578320	0.234335	-1546.744264	
7.991000	20.587732	0.588890	4.621033	31.597380	0.043531	-1546.693526	
7.992000	20.490484	0.847965	4.618782	31.616158	0.199290	-1546.642316	
7.993000	20.443973	1.026079	4.616123	31.634654	0.257699	-1546.590638	
7.994000	20.215650	0.864157	4.612914	31.652969	0.230441	-1546.538569	
7.995000	20.384778	0.953214	4.609498	31.671175	0.148668	-1546.486250	
7.996000	20.524309	0.669851	4.606115	31.689158	0.265487	-1546.433862	
7.997000	20.473571	0.710331	4.602886	31.706830	-0.010985	-1546.381585	
7.998000	20.342496	0.742716	4.600167	31.724350	0.164244	-1546.329577	
7.999000	20.587732	0.823676	4.598216	31.741990	0.121410	-1546.277951	
8.000000	20.469342	0.507929	4.596799	31.759799	0.288851	-1546.226774	0.000000
8.001000	20.460886	1.042271	4.595428	31.777587	0.214866	-1546.176058	
8.002000	20.452430	0.847965	4.593758	31.795157	0.133092	-1546.125749	
8.003000	20.507396	0.847965	4.591735	31.812450	0.090259	-1546.075734	
8.004000	20.532766	0.742716	4.589642	31.829471	0.125304	-1546.025855	
8.005000	20.372094	0.969406	4.587825	31.846230	0.164244	-1545.975930	
8.006000	20.279073	0.888445	4.586305	31.862838	0.210972	-1545.925782	
8.007000	20.334040	0.864157	4.584841	31.879372	0.191502	-1545.875280	
8.008000	20.507396	0.912733	4.583667	31.895726	0.199290	-1545.824342	
8.009000	20.473571	0.864157	4.583924	31.911806	0.269381	-1545.772936	
8.010000	20.321355	0.904637	4.586448	31.927765	0.273275	-1545.721085	
8.011000	20.634243	0.758908	4.590789	31.943864	0.191502	-1545.668884	
8.012000	20.431289	0.791292	4.595887	31.960149	0.246017	-1545.616476	
8.013000	20.477799	0.872253	4.600740	31.976428	0.203184	-1545.564036	
8.014000	20.486255	0.791292	4.604632	31.992499	0.156456	-1545.511746	
8.015000	20.583504	0.783196	4.607332	32.008294	0.129198	-1545.459761	
8.016000	20.401691	0.896541	4.608763	32.023807	0.121410	-1545.408186	
8.017000	20.460886	0.702235	4.608495	32.039041	0.284957	-1545.357071	
8.018000	20.236791	0.767004	4.606115	32.054104	0.238229	-1545.306408	
8.019000	20.503168	0.516025	4.601826	32.069076	0.144774	-1545.256130	
8.020000	20.477799	0.775100	4.596316	32.083848	0.257699	-1545.206108	
8.021000	20.503168	0.750812	4.590397	32.098333	0.183714	-1545.156180	
8.022000	20.279073	1.001790	4.584719	32.112698	0.210972	-1545.106168	
8.023000	20.545450	0.888445	4.579676	32.127216	0.105834	-1545.055909	
8.024000	20.283301	0.945118	4.575535	32.141938	0.246017	-1545.005280	
8.025000	20.397463	0.872253	4.572553	32.156673	0.230441	-1544.954207	
8.026000	20.300214	0.872253	4.570937	32.171218	0.210972	-1544.902666	
8.027000	20.634243	0.856061	4.570662	32.185501	0.125304	-1544.850710	
8.028000	20.503168	0.953214	4.571498	32.199511	0.175926	-1544.798454	
8.029000	20.490484	1.066559	4.573092	32.213244	0.312215	-1544.746058	
8.030000	20.177596	0.872253	4.574983	32.226817	0.144774	-1544.693701	
8.031000	20.452430	0.953214	4.576896	32.240314	0.125304	-1544.641557	
8.032000	20.503168	0.807484	4.579058	32.253623	0.265487	-1544.589762	
8.033000	20.536994	0.815580	4.581587	32.266648	0.203184	-1544.538396	
8.034000	20.262160	0.734620	4.584224	32.279548	0.043531	-1544.487491	
8.035000	20.566591	0.799388	4.587191	32.292589	0.109728	-1544.437019	
8.036000	20.524309	0.993694	4.590949	32.305813	0.199290	-1544.386892	
8.037000	20.439745	0.961310	4.595446	32.319028	0.172032	-1544.336973	
8.038000	20.460886	0.839869	4.600384	32.332034	0.199290	-1544.287100	
8.039000	20.515853	0.807484	4.605375	32.344762	0.098047	-1544.237107	
8.040000	20.520081	0.710331	4.609917	32.357201	0.152562	-1544.186848	
8.041000	20.422832	0.888445	4.614041	32.369355	0.323897	-1544.136215	
8.042000	20.300214	0.807484	4.618894	32.381340	0.098047	-1544.085153	
8.043000	20.465114	0.945118	4.625682	32.393245	0.121410	-1544.033665	
8.044000	20.469342	1.058463	4.634313	32.404961	0.308321	-1543.981829	
8.045000	20.342496	0.985598	4.643620	32.416399	0.222654	-1543.929778	
8.046000	20.262160	0.847965	4.652191	32.427723	0.179820	-1543.877672	
8.047000	20.524309	0.896541	4.658962	32.439201	0.257699	-1543.825681	
8.048000	20.456658	0.880349	4.663420	32.450869	0.265487	-1543.773953	
8.049000	20.494712	1.001790	4.665266	32.462529	0.218760	-1543.722596	
8.050000	20.515853	0.839869	4.664116	32.473971	0.125304	-1543.671675	
8.051000	20.553907	0.864157	4.659698	32.485122	0.086365	-1543.621210	
8.052000	20.541222	0.807484	4.652308	32.495966	0.207078	-1543.571158	
8.053000	20.443973	0.880349	4.642941	32.506506	0.144774	-1543.521411	
8.054000	20.274845	0.823676	4.632937	32.516863	0.246017	-1543.471816	
8.055000	20.528537	0.718427	4.623429	32.527128	0.094153	-1543.422207	
8.056000	20.494712	0.726523	4.615088	32.537192	0.082471	-1543.372421	
8.057000	20.503168	0.726523	4.608401	32.546965	0.098047	-1543.322331	
8.058000	20.295986	1.001790	4.603749	32.556616	0.183714	-1543.271853	
8.059000	20.570820	0.847965	4.601091	32.566418	0.253805	-1543.220955	
8.060000	20.372094	0.896541	4.600042	32.576414	0.195396	-1543.169657	
8.061000	20.448201	0.912733	4.600168	32.586414	0.222654	-1543.118046	
8.062000	20.418604	0.856061	4.601003	32.596216	0.090259	-1543.066262	
8.063000	20.528537	0.775100	4.602169	32.605745	0.070789	-1543.014472	
8.064000	20.431289	0.953214	4.603534	32.614981	0.238229	-1542.962847	
8.065000	20.511625	0.953214	4.605020	32.623928	0.226548	-1542.911519	
8.066000	20.236791	0.726523	4.606390	32.632718	0.440716	-1542.860580	
8.067000	20.443973	0.928926	4.607333	32.641451	0.179820	-1542.810081	
8.068000	20.460886	0.783196	4.607714	32.650019	0.269381	-1542.760019	
8.069000	20.507396	0.775100	4.607626	32.658327	0.164244	-1542.710321	
8.070000	20.224106	0.750812	4.607324	32.666538	0.179820	-1542.660853	
8.071000	20.608873	0.799388	4.607197	32.674918	0.136986	-1542.611449	
8.072000	20.465114	0.823676	4.607409	32.683502	0.312215	-1542.561939	
8.073000	20.528537	1.034175	4.607758	32.692093	0.183714	-1542.512172	
8.074000	20.460886	0.767004	4.608078	32.700488	-0.034348	-1542.462037	
8.075000	20.541222	0.605082	4.608342	32.708606	0.140880	-1542.411474	
8.076000	20.482027	0.669851	4.608738	32.716428	0.129198	-1542.360464	
8.077000	20.460886	1.034175	4.609654	32.723958	0.156456	-1542.309051	
8.078000	20.312899	0.726523	4.611122	32.731330	0.273275	-1542.257343	
8.079000	20.422832	0.896541	4.612706	32.738648	0.144774	-1542.205498	
8.080000	20.503168	0.888445	4.613955	32.745809	0.331685	-1542.153690	
8.081000	20.431289	0.920829	4.614659	32.752724	0.183714	-1542.102082	
8.082000	20.152227	0.847965	4.614789	32.759564	0.187608	-1542.050795	
8.083000	20.524309	0.888445	4.614260	32.766603	0.203184	-1541.999900	
8.084000	20.469342	0.985598	4.612328	32.773878	0.331685	-1541.949421	
8.085000	20.367865	0.953214	4.607772	32.781192	0.284957	-1541.899324	
8.086000	20.486255	0.791292	4.600435	32.788338	0.168138	-1541.849520	
8.087000	20.498940	0.880349	4.591682	32.795234	0.160350	-1541.799875	
8.088000	20.549678	0.791292	4.583162	32.801855	0.168138	-1541.750230	
8.089000	20.422832	0.888445	4.575981	32.808207	0.292745	-1541.700417	
8.090000	20.262160	0.799388	4.570759	32.814425	0.148668	-1541.650296	
8.091000	20.456658	0.686043	4.567772	32.820614	0.152562	-1541.599774	
8.092000	20.477799	0.702235	4.566885	32.826661	0.249911	-1541.548808	
8.093000	20.469342	0.815580	4.567748	32.832470	0.105834	-1541.497403	
8.094000	20.329812	0.872253	4.570054	32.838212	0.207078	-1541.445629	
8.095000	20.566591	0.872253	4.573380	32.844160	0.105834	-1541.393614	
8.096000	20.443973	0.888445	4.577122	32.850356	0.230441	-1541.341522	
8.097000	20.401691	1.026079	4.580810	32.856609	0.191502	-1541.289523	
8.098000	20.410148	0.920829	4.584150	32.862713	0.105834	-1541.237769	
8.099000	20.532766	0.783196	4.587082	32.868587	0.098047	-1541.186371	
8.100000	20.418604	0.694139	4.590049	32.874204	0.242123	-1541.135388	0.000000
8.101000	20.393235	0.945118	4.593231	32.879568	0.187608	-1541.084824	
8.102000	20.287529	0.742716	4.595903	32.884817	0.175926	-1541.034622	
8.103000	20.473571	0.767004	4.597499	32.890058	0.140880	-1540.984674	
8.104000	20.414376	0.888445	4.598311	32.895178	0.284957	-1540.934831	
8.105000	20.439745	0.815580	4.598988	32.900080	0.234335	-1540.884925	
8.106000	20.232563	0.953214	4.600020	32.904928	0.144774	-1540.834790	
8.107000	20.613102	0.710331	4.601404	32.909989	0.203184	-1540.784294	
8.108000	20.422832	0.872253	4.602958	32.915296	0.308321	-1540.733356	
8.109000	20.524309	1.066559	4.604824	32.920651	0.222654	-1540.681945	
8.110000	20.486255	0.864157	4.607292	32.925846	0.133092	-1540.630092	
8.111000	20.570820	0.799388	4.610396	32.930795	0.098047	-1540.577902	
8.112000	20.443973	0.710331	4.613839	32.935474	0.214866	-1540.525526	
8.113000	20.469342	0.880349	4.617176	32.939886	0.210972	-1540.473139	
8.114000	20.253704	0.767004	4.620026	32.944167	0.090259	-1540.420909	
8.115000	20.507396	0.750812	4.621997	32.948418	0.109728	-1540.368981	
8.116000	20.498940	1.001790	4.622635	32.952533	0.281063	-1540.317449	
8.117000	20.528537	0.847965	4.621530	32.956422	0.238229	-1540.266361	
8.118000	20.245247	0.920829	4.618514	32.960258	0.086365	-1540.215707	
8.119000	20.456658	0.815580	4.613876	32.964315	0.133092	-1540.165412	
8.120000	20.405919	0.856061	4.608310	32.968631	0.339473	-1540.115339	
8.121000	20.439745	1.026079	4.602536	32.973007	0.257699	-1540.065318	
8.122000	20.482027	0.807484	4.597023	32.977230	0.109728	-1540.015171	
8.123000	20.532766	0.937022	4.592163	32.981211	0.105834	-1539.964746	
8.124000	20.486255	0.864157	4.588330	32.984918	0.113622	-1539.913930	
8.125000	20.524309	1.050367	4.585460	32.988346	0.207078	-1539.862657	
8.126000	20.291758	0.524121	4.583165	32.991634	0.327791	-1539.810914	
8.127000	20.439745	0.912733	4.581380	32.994883	0.172032	-1539.758757	
8.128000	20.575048	0.645563	4.580271	32.997986	0.421246	-1539.706308	
8.129000	20.494712	0.799388	4.579711	33.000844	0.140880	-1539.653726	
8.130000	20.312899	0.686043	4.579365	33.003624	0.152562	-1539.601189	
8.131000	20.524309	0.686043	4.578970	33.006594	0.172032	-1539.548865	
8.132000	20.494712	0.718427	4.578330	33.009790	0.164244	-1539.496888	
8.133000	20.401691	0.937022	4.577569	33.013017	0.288851	-1539.445341	
8.134000	20.405919	0.694139	4.577292	33.016074	0.156456	-1539.394261	
8.135000	20.448201	0.807484	4.577993	33.018875	0.129198	-1539.343628	
8.136000	20.532766	0.847965	4.579662	33.021390	0.156456	-1539.293351	
8.137000	20.427060	0.961310	4.582110	33.023621	0.242123	-1539.243281	
8.138000	20.249476	0.661755	4.585161	33.025707	0.246017	-1539.193244	
8.139000	20.465114	0.864157	4.588599	33.027753	0.070789	-1539.143070	
8.140000	20.562363	0.799388	4.592161	33.029650	0.265487	-1539.092616	
8.141000	20.469342	1.001790	4.595670	33.031300	0.230441	-1539.041782	
8.142000	20.241019	0.880349	4.599146	33.032868	0.175926	-1538.990514	
8.143000	20.630014	0.856061	4.602671	33.034620	0.168138	-1538.938810	
8.144000	20.439745	0.734620	4.606253	33.036587	0.323897	-1538.886740	
8.145000	20.524309	0.750812	4.609719	33.038573	0.273275	-1538.834440	
8.146000	20.503168	0.742716	4.612668	33.040369	0.039637	-1538.782085	
8.147000	20.621558	0.710331	4.614687	33.041886	0.055213	-1538.729867	
8.148000	20.498940	0.758908	4.615526	33.043096	0.222654	-1538.677954	
8.149000	20.401691	0.767004	4.615040	33.044008	0.218760	-1538.626462	
8.150000	20.190281	0.758908	4.613199	33.044769	0.105834	-1538.575455	
8.151000	20.532766	0.702235	4.610096	33.045491	0.090259	-1538.524949	
8.152000	20.494712	0.750812	4.605831	33.046066	0.273275	-1538.474897	
8.153000	20.490484	0.653659	4.600730	33.046403	0.129198	-1538.425189	
8.154000	20.249476	0.718427	4.595624	33.046675	0.156456	-1538.375665	
8.155000	20.600417	0.702235	4.591377	33.047155	0.164244	-1538.326145	
8.156000	20.376322	0.856061	4.588329	33.047882	0.300533	-1538.276455	
8.157000	20.405919	1.098943	4.586499	33.048663	0.218760	-1538.226454	
8.158000	20.389006	0.920829	4.586128	33.049290	0.078577	-1538.176053	
8.159000	20.570820	0.807484	4.587880	33.049667	0.199290	-1538.125212	
8.160000	20.524309	0.686043	4.592172	33.049761	0.121410	-1538.073951	
8.161000	20.427060	0.872253	4.598479	33.049573	0.257699	-1538.022351	
8.162000	20.300214	0.799388	4.605707	33.049250	0.191502	-1537.970555	
8.163000	20.482027	0.847965	4.612899	33.048901	0.133092	-1537.918743	
8.164000	20.490484	0.831773	4.619475	33.048415	0.253805	-1537.867095	
8.165000	20.465114	0.847965	4.625153	33.047695	0.121410	-1537.815762	
8.166000	20.342496	0.564602	4.629573	33.046905	0.074683	-1537.764844	
8.167000	20.638471	0.775100	4.631911	33.046313	0.136986	-1537.714393	
8.168000	20.469342	0.718427	4.631476	33.045956	0.199290	-1537.664410	
8.169000	20.507396	0.969406	4.628503	33.045644	0.172032	-1537.614828	
8.170000	20.498940	0.783196	4.623849	33.045175	0.027955	-1537.565523	
8.171000	20.460886	0.904637	4.618378	33.044460	0.164244	-1537.516339	
8.172000	20.469342	0.872253	4.612669	33.043464	0.175926	-1537.467101	
8.173000	20.384778	0.993694	4.607099	33.042190	0.234335	-1537.417640	
8.174000	20.253704	0.588890	4.602547	33.040787	0.226548	-1537.367825	
8.175000	20.329812	0.856061	4.600816	33.039370	0.222654	-1537.317581	
8.176000	20.515853	0.734620	4.603159	33.037830	0.187608	-1537.266888	
8.177000	20.486255	0.896541	4.608632	33.036070	0.175926	-1537.215791	
8.178000	20.274845	1.009886	4.615236	33.034252	0.179820	-1537.164399	
8.179000	20.477799	0.856061	4.621574	33.032636	0.230441	-1537.112864	
8.180000	20.439745	0.920829	4.626865	33.031249	0.249911	-1537.061357	
8.181000	20.448201	0.823676	4.630648	33.029892	0.144774	-1537.010047	
8.182000	20.511625	0.815580	4.632494	33.028356	0.051319	-1536.959068	
8.183000	20.566591	0.734620	4.632043	33.026546	0.148668	-1536.908511	
8.184000	20.477799	0.969406	4.629254	33.024422	0.024061	-1536.858417	
8.185000	20.477799	0.985598	4.624344	33.021985	0.160350	-1536.808767	
8.186000	20.152227	0.904637	4.617856	33.019391	0.109728	-1536.759475	
8.187000	20.477799	0.856061	4.610657	33.016760	0.090259	-1536.710405	
8.188000	20.435517	0.799388	4.603602	33.013986	0.199290	-1536.661389	
8.189000	20.503168	0.653659	4.597235	33.010974	0.164244	-1536.612251	
8.190000	20.262160	0.864157	4.591798	33.007894	0.117516	-1536.562836	
8.191000	20.642699	0.880349	4.587548	33.005019	0.144774	-1536.513032	
8.192000	20.410148	0.888445	4.584969	33.002390	0.300533	-1536.462775	
8.193000	20.397463	0.920829	4.584501	32.999819	0.323897	-1536.412056	
8.194000	20.317127	1.050367	4.586140	32.997103	0.249911	-1536.360941	
8.195000	20.575048	0.799388	4.589397	32.994148	0.242123	-1536.309562	
8.196000	20.448201	0.750812	4.593544	32.990911	0.261593	-1536.258082	
8.197000	20.465114	0.920829	4.597872	32.987391	0.335579	-1536.206677	
8.198000	20.270617	0.839869	4.601904	32.983743	0.269381	-1536.155506	
8.199000	20.477799	1.098943	4.605227	32.980082	0.179820	-1536.104694	
8.200000	20.490484	0.945118	4.607341	32.976299	0.281063	-1536.054320	0.000000
8.201000	20.465114	1.090847	4.608076	32.972288	0.136986	-1536.004407	
8.202000	20.321355	0.783196	4.607695	32.968211	0.168138	-1535.954913	
8.203000	20.608873	0.864157	4.606561	32.964326	0.098047	-1535.905730	
8.204000	20.498940	0.669851	4.605105	32.960663	0.144774	-1535.856705	
8.205000	20.477799	0.977502	4.603634	32.957030	0.203184	-1535.807665	
8.206000	20.456658	0.791292	4.602107	32.953227	0.113622	-1535.758447	
8.207000	20.507396	0.945118	4.600485	32.949161	0.168138	-1535.708924	
8.208000	20.545450	0.734620	4.599060	32.944794	0.191502	-1535.659011	
8.209000	20.308670	1.001790	4.598286	32.940133	0.242123	-1535.608666	
8.210000	20.300214	0.726523	4.598420	32.935339	0.261593	-1535.557899	
8.211000	20.325583	0.896541	4.599373	32.930531	0.121410	-1535.506798	
8.212000	20.473571	0.799388	4.600796	32.925603	0.316109	-1535.455506	
8.213000	20.397463	0.945118	4.602259	32.920457	0.207078	-1535.404197	
8.214000	20.355181	1.009886	4.603435	32.915254	0.164244	-1535.353048	
8.215000	20.486255	0.985598	4.604246	32.910252	0.284957	-1535.302206	
8.216000	20.435517	1.017982	4.604861	32.905475	0.246017	-1535.251765	
8.217000	20.397463	0.961310	4.605309	32.900724	0.218760	-1535.201774	
8.218000	20.503168	0.839869	4.605350	32.895790	0.086365	-1535.152231	
8.219000	20.498940	0.718427	4.604908	32.890569	0.148668	-1535.103078	
8.220000	20.532766	0.888445	4.604235	32.885017	0.070789	-1535.054196	
8.221000	20.498940	0.920829	4.603698	32.879135	0.273275	-1535.005427	
8.222000	20.308670	1.026079	4.603498	32.873084	0.207078	-1534.956597	
8.223000	20.414376	0.847965	4.603566	32.866987	0.125304	-1534.907550	
8.224000	20.410148	0.847965	4.603764	32.860742	0.331685	-1534.858169	
8.225000	20.482027	0.669851	4.604143	32.854252	0.105834	-1534.808382	
8.226000	20.372094	0.920829	4.605361	32.847686	0.035743	-1534.758169	
8.227000	20.600417	0.710331	4.608380	32.841309	0.148668	-1534.707571	
8.228000	20.401691	0.872253	4.613327	32.835158	0.246017	-1534.656697	
8.229000	20.473571	0.961310	4.619346	32.829044	0.203184	-1534.605701	
8.230000	20.401691	0.904637	4.625440	32.822765	0.207078	-1534.554758	
8.231000	20.469342	0.831773	4.630775	32.816228	0.183714	-1534.504038	
8.232000	20.443973	0.912733	4.634585	32.809395	0.269381	-1534.453670	
8.233000	20.524309	0.750812	4.636575	32.802267	0.327791	-1534.403726	
8.234000	20.287529	0.888445	4.637135	32.795002	0.179820	-1534.354235	
8.235000	20.486255	0.945118	4.636666	32.787720	0.226548	-1534.305176	
8.236000	20.532766	0.945118	4.635266	32.780317	0.323897	-1534.256471	
8.237000	20.460886	0.872253	4.633178	32.772695	0.191502	-1534.207986	
8.238000	20.300214	0.783196	4.630842	32.765016	0.020167	-1534.159553	
8.239000	20.617330	0.686043	4.628579	32.757538	0.129198	-1534.111001	
8.240000	20.460886	0.783196	4.626646	32.750286	0.191502	-1534.062177	
8.241000	20.545450	1.042271	4.625008	32.743068	0.238229	-1534.012979	
8.242000	20.376322	0.799388	4.623085	32.735684	0.078577	-1533.963354	
8.243000	20.566591	1.017982	4.620655	32.728037	0.086365	-1533.913309	
8.244000	20.541222	0.710331	4.618290	32.720086	0.101940	-1533.862919	
8.245000	20.435517	0.953214	4.616452	32.711838	0.226548	-1533.812314	
8.246000	20.283301	0.775100	4.615123	32.703456	0.172032	-1533.761652	
8.247000	20.393235	0.856061	4.614158	32.695068	0.020167	-1533.711107	
8.248000	20.482027	0.726523	4.613401	32.686571	0.175926	-1533.660836	
8.249000	20.405919	0.872253	4.612593	32.677869	0.292745	-1533.610953	
8.250000	20.279073	0.726523	4.611071	32.669124	0.234335	-1533.561523	
8.251000	20.532766	0.928926	4.607771	32.660595	0.109728	-1533.512561	
8.252000	20.490484	0.750812	4.602353	32.652308	0.273275	-1533.464019	
8.253000	20.342496	0.847965	4.595738	32.644070	0.246017	-1533.415784	
8.254000	20.460886	0.734620	4.589220	32.635675	0.070789	-1533.367706	
8.255000	20.503168	0.807484	4.583883	32.627022	0.210972	-1533.319616	
8.256000	20.553907	0.661755	4.580666	32.618065	0.133092	-1533.271352	
8.257000	20.473571	0.920829	4.580207	32.608809	0.226548	-1533.222781	
8.258000	20.393235	0.880349	4.582690	32.599418	0.195396	-1533.173819	
8.259000	20.435517	0.815580	4.587952	32.590017	0.016273	-1533.124433	
8.260000	20.460886	0.807484	4.595433	32.580501	0.187608	-1533.074646	
8.261000	20.435517	0.726523	4.604204	32.570775	0.175926	-1533.024544	
8.262000	20.367865	0.815580	4.613192	32.561001	0.059107	-1532.974270	
8.263000	20.579276	0.734620	4.621384	32.551432	0.210972	-1532.923993	
8.264000	20.498940	0.888445	4.628083	32.542093	0.218760	-1532.873883	
8.265000	20.486255	0.928926	4.632866	32.532798	0.261593	-1532.824084	
8.266000	20.427060	0.985598	4.635367	32.523353	0.105834	-1532.774693	
8.267000	20.473571	0.758908	4.635701	32.513658	0.179820	-1532.725762	
8.268000	20.380550	0.807484	4.634823	32.503666	0.277169	-1532.677284	
8.269000	20.511625	1.042271	4.633684	32.493383	0.253805	-1532.629183	
8.270000	20.287529	0.920829	4.632580	32.482971	0.288851	-1532.581324	
8.271000	20.507396	0.783196	4.631577	32.472556	0.199290	-1532.533543	
8.272000	20.469342	0.912733	4.630705	32.462031	0.288851	-1532.485668	
8.273000	20.490484	0.742716	4.629837	32.451296	0.136986	-1532.437541	
8.274000	20.338268	0.799388	4.629024	32.440510	0.125304	-1532.389043	
8.275000	20.549678	0.499833	4.628955	32.429921	0.117516	-1532.340104	
8.276000	20.498940	0.839869	4.630325	32.419553	0.393988	-1532.290703	
8.277000	20.486255	0.888445	4.632945	32.409217	0.265487	-1532.240883	
8.278000	20.524309	0.928926	4.636021	32.398715	0.156456	-1532.190760	
8.279000	20.587732	0.799388	4.638727	32.387951	0.090259	-1532.140498	
8.280000	20.443973	0.726523	4.640391	32.376884	0.175926	-1532.090281	
8.281000	20.469342	0.839869	4.640590	32.365528	0.136986	-1532.040280	
8.282000	20.346724	0.815580	4.639158	32.354059	0.172032	-1531.990629	
8.283000	20.456658	0.742716	4.636023	32.342609	0.160350	-1531.941409	
8.284000	20.452430	0.961310	4.631470	32.331078	0.257699	-1531.892651	
8.285000	20.494712	0.831773	4.626464	32.319369	0.078577	-1531.844333	
8.286000	20.334040	0.823676	4.621824	32.307639	0.113622	-1531.796367	
8.287000	20.503168	0.888445	4.617685	32.296141	0.183714	-1531.748612	
8.288000	20.465114	0.847965	4.614089	32.284895	0.288851	-1531.700900	
8.289000	20.414376	1.074655	4.611064	32.273715	0.323897	-1531.653053	
8.290000	20.410148	0.831773	4.608422	32.262399	0.113622	-1531.604920	
8.291000	20.439745	0.847965	4.606134	32.250843	0.230441	-1531.556399	
8.292000	20.490484	0.767004	4.604496	32.238997	0.277169	-1531.507433	
8.293000	20.439745	0.961310	4.603727	32.226867	0.288851	-1531.458017	
8.294000	20.291758	0.605082	4.603777	32.214619	0.218760	-1531.408222	
8.295000	20.460886	0.912733	4.604390	32.202380	0.152562	-1531.358181	
8.296000	20.520081	0.750812	4.605119	32.190047	0.129198	-1531.308068	
8.297000	20.452430	0.791292	4.605478	32.177518	0.164244	-1531.258063	
8.298000	20.338268	0.864157	4.605134	32.164950	0.144774	-1531.208327	
8.299000	20.456658	0.888445	4.603968	32.152589	0.218760	-1531.158982	
8.300000	20.473571	0.896541	4.602141	32.140457	0.269381	-1531.110095	0.000000
8.301000	20.460886	0.920829	4.599933	32.128369	0.312215	-1531.061686	
8.302000	20.473571	0.872253	4.597214	32.116131	0.090259	-1531.013715	
8.303000	20.448201	0.977502	4.593742	32.103648	0.257699	-1530.966081	
8.304000	20.486255	0.847965	4.589860	32.090877	0.152562	-1530.918634	
8.305000	20.359409	0.880349	4.586103	32.077836	0.234335	-1530.871192	
8.306000	20.270617	0.920829	4.582697	32.064699	0.327791	-1530.823572	
8.307000	20.469342	0.872253	4.579719	32.051595	0.164244	-1530.775631	
8.308000	20.562363	0.799388	4.577297	32.038417	0.464080	-1530.727277	
8.309000	20.503168	0.596986	4.575580	32.025060	0.226548	-1530.678466	
8.310000	20.295986	0.896541	4.574666	32.011677	0.199290	-1530.629215	
8.311000	20.579276	0.823676	4.574551	31.998512	0.308321	-1530.579607	
8.312000	20.384778	1.017982	4.575021	31.985582	0.242123	-1530.529784	
8.313000	20.532766	0.734620	4.575702	31.972700	0.226548	-1530.479919	
8.314000	20.422832	0.847965	4.576296	31.959667	-0.010985	-1530.430191	
8.315000	20.638471	0.775100	4.576626	31.946378	0.140880	-1530.380757	
8.316000	20.448201	0.953214	4.576832	31.932782	0.140880	-1530.331731	
8.317000	20.503168	0.750812	4.577524	31.918891	0.175926	-1530.283168	
8.318000	20.274845	0.856061	4.578993	31.904881	0.222654	-1530.235072	
8.319000	20.503168	0.742716	4.580851	31.890889	0.172032	-1530.187385	
8.320000	20.422832	0.815580	4.582808	31.876811	0.378412	-1530.139982	
8.321000	20.439745	0.823676	4.584953	31.862548	0.242123	-1530.092700	
8.322000	20.380550	0.847965	4.587313	31.848254	0.074683	-1530.045360	
8.323000	20.570820	0.815580	4.589802	31.834172	0.187608	-1529.997793	
8.324000	20.359409	0.799388	4.592312	31.820326	0.261593	-1529.949872	
8.325000	20.528537	0.961310	4.594345	31.806534	0.300533	-1529.901513	
8.326000	20.401691	0.912733	4.595128	31.792599	0.156456	-1529.852694	
8.327000	20.490484	0.945118	4.594367	31.778416	0.210972	-1529.803455	
8.328000	20.431289	0.872253	4.592475	31.763933	0.234335	-1529.753903	
8.329000	20.448201	0.977502	4.590114	31.749162	0.246017	-1529.704184	
8.330000	20.422832	0.726523	4.587754	31.734278	0.121410	-1529.654469	
8.331000	20.435517	0.872253	4.585707	31.719413	0.191502	-1529.604933	
8.332000	20.532766	0.702235	4.584285	31.704461	0.323897	-1529.555717	
8.333000	20.439745	0.888445	4.583547	31.689320	0.191502	-1529.506916	
8.334000	20.431289	1.050367	4.583174	31.674142	0.027955	-1529.458575	
8.335000	20.524309	0.847965	4.582946	31.659175	0.207078	-1529.410687	
8.336000	20.520081	0.961310	4.583026	31.644443	0.347261	-1529.363173	
8.337000	20.422832	0.799388	4.583742	31.629765	0.218760	-1529.315896	
8.338000	20.515853	0.686043	4.585354	31.614946	0.090259	-1529.268692	
8.339000	20.511625	0.742716	4.587928	31.599883	0.218760	-1529.221392	
8.340000	20.490484	0.815580	4.591471	31.584529	0.109728	-1529.173848	
8.341000	20.397463	1.139424	4.595959	31.568898	0.327791	-1529.125943	
8.342000	20.334040	0.872253	4.601237	31.553164	0.199290	-1529.077606	
8.343000	20.414376	0.880349	4.607199	31.537455	0.246017	-1529.028821	
8.344000	20.520081	0.856061	4.613746	31.521667	0.277169	-1528.979641	
8.345000	20.503168	0.775100	4.620432	31.505693	0.187608	-1528.930182	
8.346000	20.410148	0.799388	4.626606	31.489685	0.172032	-1528.880604	
8.347000	20.503168	0.807484	4.631869	31.473880	0.164244	-1528.831078	
8.348000	20.431289	0.953214	4.636148	31.458300	0.246017	-1528.781767	
8.349000	20.401691	0.985598	4.639456	31.442761	0.234335	-1528.732795	
8.350000	20.473571	0.823676	4.641843	31.427066	0.070789	-1528.684238	
8.351000	20.515853	0.694139	4.643061	31.411109	0.335579	-1528.636125	
8.352000	20.545450	0.758908	4.642273	31.394835	0.183714	-1528.588424	
8.353000	20.520081	0.629370	4.639089	31.378259	0.273275	-1528.541035	
8.354000	20.342496	0.856061	4.634298	31.361558	0.133092	-1528.493813	
8.355000	20.490484	0.726523	4.628989	31.344868	0.105834	-1528.446596	
8.356000	20.418604	0.872253	4.623812	31.328091	0.261593	-1528.399220	
8.357000	20.482027	0.831773	4.619062	31.311126	0.168138	-1528.351547	
8.358000	20.334040	0.888445	4.615027	31.294128	0.105834	-1528.303481	
8.359000	20.579276	0.677947	4.612156	31.277340	0.230441	-1528.254974	
8.360000	20.397463	0.758908	4.610836	31.260784	0.226548	-1528.206032	
8.361000	20.469342	0.912733	4.611143	31.244281	0.148668	-1528.156732	
8.362000	20.380550	0.945118	4.612811	31.227638	0.105834	-1528.107214	
8.363000	20.553907	0.912733	4.615311	31.210752	0.207078	-1528.057653	
8.364000	20.452430	0.912733	4.618005	31.193568	0.195396	-1528.008221	
8.365000	20.405919	0.912733	4.620449	31.176098	0.199290	-1527.959060	
8.366000	20.384778	0.588890	4.622716	31.158517	0.179820	-1527.910267	
8.367000	20.456658	0.880349	4.625062	31.140956	0.004591	-1527.861901	
8.368000	20.524309	0.613178	4.627225	31.123313	0.199290	-1527.813971	
8.369000	20.532766	0.847965	4.628720	31.105485	0.257699	-1527.766421	
8.370000	20.443973	0.880349	4.629584	31.087621	0.055213	-1527.719137	
8.371000	20.591961	0.880349	4.630262	31.069962	0.195396	-1527.671964	
8.372000	20.460886	0.815580	4.631069	31.052536	0.133092	-1527.624729	
8.373000	20.435517	0.928926	4.631939	31.035172	0.207078	-1527.577267	
8.374000	20.469342	0.677947	4.632544	31.017689	-0.065500	-1527.529457	
8.375000	20.498940	0.928926	4.632728	30.999987	0.117516	-1527.481229	
8.376000	20.520081	0.686043	4.633071	30.982016	0.288851	-1527.432561	
8.377000	20.384778	0.945118	4.634731	30.963793	0.284957	-1527.383487	
8.378000	20.295986	0.839869	4.638192	30.945504	0.312215	-1527.334108	
8.379000	20.372094	0.937022	4.642681	30.927285	0.172032	-1527.284568	
8.380000	20.431289	0.791292	4.646986	30.909034	0.316109	-1527.235037	
8.381000	20.431289	0.831773	4.650127	30.890648	0.230441	-1527.185677	
8.382000	20.469342	0.864157	4.651589	30.872274	0.082471	-1527.136617	
8.383000	20.583504	0.864157	4.651239	30.854145	0.117516	-1527.087944	
8.384000	20.435517	0.969406	4.648939	30.836282	0.249911	-1527.039697	
8.385000	20.397463	0.920829	4.644705	30.818512	0.277169	-1526.991862	
8.386000	20.460886	0.669851	4.639045	30.800646	0.098047	-1526.944362	
8.387000	20.532766	0.718427	4.632815	30.782580	0.277169	-1526.897070	
8.388000	20.524309	0.637467	4.626809	30.764261	0.218760	-1526.849822	
8.389000	20.469342	0.864157	4.621466	30.745703	0.265487	-1526.802444	
8.390000	20.490484	0.775100	4.617012	30.727085	0.168138	-1526.754784	
8.391000	20.427060	0.847965	4.613585	30.708541	0.160350	-1526.706739	
8.392000	20.545450	0.977502	4.611252	30.689972	0.222654	-1526.658257	
8.393000	20.443973	0.912733	4.609944	30.671278	0.214866	-1526.609332	
8.394000	20.443973	0.823676	4.609333	30.652607	0.047425	-1526.560028	
8.395000	20.524309	0.710331	4.609000	30.634200	0.148668	-1526.510466	
8.396000	20.427060	0.953214	4.608569	30.616080	0.284957	-1526.460802	
8.397000	20.448201	0.937022	4.607718	30.598076	0.121410	-1526.411207	
8.398000	20.401691	0.839869	4.606288	30.580003	0.055213	-1526.361845	
8.399000	20.494712	0.783196	4.604444	30.561756	0.214866	-1526.312842	
8.400000	20.350953	1.050367	4.602372	30.543284	0.187608	-1526.264274	0.000000
8.401000	20.465114	0.872253	4.599705	30.524603	0.183714	-1526.216156	
8.402000	20.329812	0.783196	4.595917	30.505892	0.253805	-1526.168442	
8.403000	20.511625	0.661755	4.591029	30.487282	0.269381	-1526.121028	
8.404000	20.443973	0.815580	4.585504	30.468665	0.327791	-1526.073768	
8.405000	20.532766	0.799388	4.579973	30.449935	0.226548	-1526.026496	
8.406000	20.456658	0.823676	4.575112	30.431234	0.098047	-1525.979049	
8.407000	20.562363	0.864157	4.571422	30.412795	0.222654	-1525.931292	
8.408000	20.503168	0.831773	4.569041	30.394638	0.347261	-1525.883135	
8.409000	20.507396	0.831773	4.568008	30.376595	0.218760	-1525.834534	
8.410000	20.422832	0.718427	4.568670	30.358485	0.047425	-1525.785505	
8.411000	20.511625	0.791292	4.571221	30.340204	0.051319	-1525.736137	
8.412000	20.520081	0.807484	4.575097	30.321701	0.101940	-1525.686574	
8.413000	20.482027	1.042271	4.579468	30.302995	0.207078	-1525.636984	
8.414000	20.350953	0.872253	4.583742	30.284273	0.277169	-1525.587535	
8.415000	20.384778	0.888445	4.587217	30.265673	0.304427	-1525.538375	
8.416000	20.503168	0.823676	4.589365	30.247096	0.203184	-1525.489603	
8.417000	20.355181	0.912733	4.590532	30.228438	0.090259	-1525.441269	
8.418000	20.473571	0.758908	4.591056	30.209841	0.101940	-1525.393369	
8.419000	20.562363	0.961310	4.590623	30.191537	0.242123	-1525.345837	
8.420000	20.490484	0.888445	4.589161	30.173543	0.214866	-1525.298546	
8.421000	20.367865	0.969406	4.587113	30.155691	0.261593	-1525.251338	
8.422000	20.452430	0.823676	4.584861	30.137792	0.199290	-1525.204046	
8.423000	20.469342	0.807484	4.582531	30.119741	0.187608	-1525.156514	
8.424000	20.570820	0.645563	4.580351	30.101476	0.172032	-1525.108622	
8.425000	20.448201	0.702235	4.578698	30.083012	0.277169	-1525.060296	
8.426000	20.456658	0.710331	4.577396	30.064527	0.191502	-1525.011510	
8.427000	20.477799	0.815580	4.575611	30.046153	0.144774	-1524.962306	
8.428000	20.630014	0.888445	4.572943	30.027789	0.222654	-1524.912797	
8.429000	20.456658	0.783196	4.569774	30.009333	0.191502	-1524.863143	
8.430000	20.452430	0.880349	4.566556	29.990926	0.016273	-1524.813523	
8.431000	20.528537	0.750812	4.563603	29.972797	0.191502	-1524.764107	
8.432000	20.498940	0.856061	4.561248	29.954970	0.265487	-1524.715028	
8.433000	20.405919	0.872253	4.560054	29.937275	0.207078	-1524.666368	
8.434000	20.422832	0.880349	4.560833	29.919534	0.031849	-1524.618168	
8.435000	20.507396	0.847965	4.563857	29.901645	0.090259	-1524.570420	
8.436000	20.367865	0.742716	4.568544	29.883556	0.136986	-1524.523047	
8.437000	20.448201	0.767004	4.574250	29.865287	0.187608	-1524.475906	
8.438000	20.372094	0.920829	4.580756	29.847024	0.296639	-1524.428824	
8.439000	20.469342	0.605082	4.587966	29.828895	0.199290	-1524.381623	
8.440000	20.427060	0.815580	4.595486	29.810793	0.366730	-1524.334147	
8.441000	20.575048	0.694139	4.602758	29.792610	0.195396	-1524.286287	
8.442000	20.473571	0.831773	4.609467	29.774484	0.121410	-1524.237986	
8.443000	20.566591	0.823676	4.615410	29.756638	0.253805	-1524.189244	
8.444000	20.380550	0.880349	4.620351	29.739092	0.304427	-1524.140124	
8.445000	20.494712	0.823676	4.624066	29.721677	0.300533	-1524.090757	
8.446000	20.482027	0.847965	4.626316	29.704214	0.078577	-1524.041309	
8.447000	20.545450	0.791292	4.627025	29.686596	0.160350	-1523.991966	
8.448000	20.448201	0.767004	4.626199	29.668771	0.238229	-1523.942895	
8.449000	20.460886	0.888445	4.623748	29.650764	0.070789	-1523.894219	
8.450000	20.350953	0.596986	4.619796	29.632762	0.172032	-1523.846009	
8.451000	20.418604	0.904637	4.614523	29.614899	0.304427	-1523.798286	
8.452000	20.414376	0.856061	4.607909	29.597074	0.199290	-1523.751009	
8.453000	20.435517	0.896541	4.600303	29.579180	0.187608	-1523.704068	
8.454000	20.418604	0.750812	4.592635	29.561355	0.074683	-1523.657304	
8.455000	20.482027	0.920829	4.585774	29.543825	0.249911	-1523.610538	
8.456000	20.498940	0.799388	4.579994	29.526610	0.351155	-1523.563592	
8.457000	20.414376	1.082751	4.575347	29.509548	0.312215	-1523.516317	
8.458000	20.435517	0.775100	4.572100	29.492459	0.152562	-1523.468621	
8.459000	20.494712	0.856061	4.570377	29.475235	0.136986	-1523.420466	
8.460000	20.469342	0.823676	4.570232	29.457816	0.094153	-1523.371864	
8.461000	20.448201	0.807484	4.571890	29.440215	0.331685	-1523.322894	
8.462000	20.486255	0.775100	4.575255	29.422612	0.238229	-1523.273693	
8.463000	20.482027	0.823676	4.579942	29.405138	0.195396	-1523.224438	
8.464000	20.583504	0.888445	4.585731	29.387684	0.296639	-1523.175315	
8.465000	20.427060	0.718427	4.592351	29.370148	0.063001	-1523.126481	
8.466000	20.418604	0.856061	4.599099	29.352665	0.101940	-1523.078049	
8.467000	20.490484	0.669851	4.605100	29.335457	0.140880	-1523.030075	
8.468000	20.532766	0.953214	4.609806	29.318540	0.214866	-1522.982558	
8.469000	20.422832	0.839869	4.613109	29.301757	0.226548	-1522.935430	
8.470000	20.460886	0.872253	4.615197	29.284935	0.101940	-1522.888564	
8.471000	20.520081	0.985598	4.616457	29.267974	0.055213	-1522.841802	
8.472000	20.473571	0.823676	4.617385	29.250820	0.253805	-1522.794966	
8.473000	20.325583	1.082751	4.618457	29.233501	0.261593	-1522.747884	
8.474000	20.372094	0.872253	4.619979	29.216202	0.335579	-1522.700420	
8.475000	20.452430	0.864157	4.622436	29.199058	0.265487	-1522.652486	
8.476000	20.422832	1.001790	4.626904	29.181962	0.312215	-1522.604047	
8.477000	20.469342	0.742716	4.633979	29.164807	0.183714	-1522.555131	
8.478000	20.460886	1.050367	4.642762	29.147724	0.129198	-1522.505842	
8.479000	20.600417	0.726523	4.651619	29.130929	0.226548	-1522.456337	
8.480000	20.435517	0.880349	4.659144	29.114437	0.249911	-1522.406796	
8.481000	20.494712	0.799388	4.664456	29.098085	0.253805	-1522.357396	
8.482000	20.418604	0.856061	4.667134	29.081695	0.059107	-1522.308284	
8.483000	20.583504	0.888445	4.667091	29.065159	0.164244	-1522.259560	
8.484000	20.384778	0.718427	4.664199	29.048417	0.031849	-1522.211269	
8.485000	20.528537	0.912733	4.657976	29.031497	0.230441	-1522.163398	
8.486000	20.435517	0.831773	4.648449	29.014594	0.160350	-1522.115869	
8.487000	20.473571	0.799388	4.636847	28.997849	0.277169	-1522.068550	
8.488000	20.414376	0.839869	4.624768	28.981161	0.199290	-1522.021277	
8.489000	20.422832	0.937022	4.613441	28.964425	0.160350	-1521.973873	
8.490000	20.448201	0.831773	4.603748	28.947774	0.136986	-1521.926180	
8.491000	20.520081	0.912733	4.596249	28.931428	0.152562	-1521.878081	
8.492000	20.397463	0.969406	4.591058	28.915404	0.284957	-1521.829502	
8.493000	20.431289	0.985598	4.588076	28.899539	0.214866	-1521.780427	
8.494000	20.469342	0.807484	4.587266	28.883650	0.055213	-1521.730914	
8.495000	20.469342	0.856061	4.588395	28.867628	0.183714	-1521.681087	
8.496000	20.456658	0.742716	4.590831	28.851412	0.273275	-1521.631107	
8.497000	20.367865	0.985598	4.593850	28.835027	0.312215	-1521.581150	
8.498000	20.490484	0.702235	4.597016	28.818657	0.179820	-1521.531377	
8.499000	20.448201	0.839869	4.600212	28.802434	0.195396	-1521.481920	
8.500000	20.566591	0.677947	4.603630	28.786251	0.253805	-1521.432859	0.000000
8.501000	20.477799	0.904637	4.607666	28.770001	0.214866	-1521.384228	
8.502000	20.515853	0.791292	4.612112	28.753815	0.125304	-1521.336004	
8.503000	20.520081	0.702235	4.616169	28.737912	0.094153	-1521.288097	
8.504000	20.456658	0.961310	4.619437	28.722313	0.168138	-1521.240365	
8.505000	20.427060	1.058463	4.621941	28.706864	0.191502	-1521.192639	
8.506000	20.507396	0.831773	4.623685	28.691395	0.082471	-1521.144752	
8.507000	20.498940	0.847965	4.624565	28.675803	0.207078	-1521.096569	
8.508000	20.443973	0.775100	4.624330	28.660031	0.175926	-1521.047998	
8.509000	20.452430	0.831773	4.622492	28.644106	0.183714	-1520.998988	
8.510000	20.422832	0.945118	4.618718	28.628219	0.207078	-1520.949543	
8.511000	20.389006	0.831773	4.613480	28.612501	0.273275	-1520.899733	
8.512000	20.473571	0.961310	4.607671	28.596846	0.160350	-1520.849693	
8.513000	20.477799	0.718427	4.601850	28.581143	0.288851	-1520.799586	
8.514000	20.494712	0.775100	4.596283	28.565517	0.098047	-1520.749585	
8.515000	20.553907	0.791292	4.591116	28.550182	0.113622	-1520.699843	
8.516000	20.418604	0.856061	4.586275	28.535155	0.214866	-1520.650470	
8.517000	20.503168	0.621274	4.581361	28.520278	0.300533	-1520.601528	
8.518000	20.473571	1.026079	4.575900	28.505375	0.117516	-1520.553034	
8.519000	20.583504	0.831773	4.570002	28.490338	0.082471	-1520.504944	
8.520000	20.528537	0.799388	4.564541	28.475106	0.195396	-1520.457149	
8.521000	20.477799	0.839869	4.560505	28.459707	0.144774	-1520.409497	
8.522000	20.469342	0.856061	4.558341	28.444332	0.136986	-1520.361817	
8.523000	20.503168	0.783196	4.557987	28.429114	0.074683	-1520.313949	
8.524000	20.435517	1.009886	4.559324	28.413948	0.183714	-1520.265772	
8.525000	20.515853	0.888445	4.562294	28.398726	0.242123	-1520.217209	
8.526000	20.435517	0.880349	4.566637	28.383572	0.090259	-1520.168229	
8.527000	20.477799	0.726523	4.571819	28.368695	0.148668	-1520.118860	
8.528000	20.439745	1.074655	4.577253	28.354111	0.292745	-1520.069190	
8.529000	20.393235	0.831773	4.582414	28.339670	0.273275	-1520.019364	
8.530000	20.498940	0.669851	4.586925	28.325207	0.098047	-1519.969554	
8.531000	20.541222	0.847965	4.590618	28.310612	0.156456	-1519.919936	
8.532000	20.477799	0.807484	4.593348	28.295826	0.199290	-1519.870651	
8.533000	20.350953	1.017982	4.595195	28.280878	0.164244	-1519.821782	
8.534000	20.507396	0.864157	4.596774	28.265964	0.172032	-1519.773370	
8.535000	20.372094	0.928926	4.598723	28.251214	0.101940	-1519.725409	
8.536000	20.558135	0.758908	4.601007	28.236519	0.160350	-1519.677830	
8.537000	20.473571	0.694139	4.603137	28.221765	0.183714	-1519.630512	
8.538000	20.570820	0.815580	4.604922	28.207072	-0.065500	-1519.583303	
8.539000	20.545450	0.847965	4.606615	28.192649	0.055213	-1519.536039	
8.540000	20.465114	0.945118	4.608483	28.178511	0.187608	-1519.488571	
8.541000	20.355181	1.009886	4.610601	28.164512	0.226548	-1519.440787	
8.542000	20.515853	0.548410	4.612915	28.150492	0.070789	-1519.392629	
8.543000	20.587732	0.783196	4.615330	28.136345	0.082471	-1519.344092	
8.544000	20.524309	0.726523	4.617703	28.122010	0.160350	-1519.295236	
8.545000	20.439745	0.758908	4.619773	28.107517	0.191502	-1519.246174	
8.546000	20.435517	0.856061	4.621173	28.093055	0.168138	-1519.197060	
8.547000	20.405919	0.872253	4.621634	28.078758	0.265487	-1519.148066	
8.548000	20.384778	1.034175	4.621159	28.064522	0.331685	-1519.099350	
8.549000	20.486255	0.807484	4.619852	28.050235	0.195396	-1519.051029	
8.550000	20.486255	0.896541	4.617570	28.036017	0.136986	-1519.003173	
8.551000	20.600417	0.564602	4.614341	28.022071	0.129198	-1518.955805	
8.552000	20.435517	0.831773	4.611069	28.008417	0.284957	-1518.908888	
8.553000	20.465114	0.831773	4.608710	27.994916	0.249911	-1518.862329	
8.554000	20.439745	0.880349	4.607367	27.981412	-0.018773	-1518.815990	
8.555000	20.562363	0.888445	4.606765	27.967796	0.152562	-1518.769711	
8.556000	20.448201	0.920829	4.606497	27.954003	0.136986	-1518.723323	
8.557000	20.511625	0.734620	4.606068	27.940055	0.207078	-1518.676680	
8.558000	20.384778	0.702235	4.605261	27.926141	0.086365	-1518.629681	
8.559000	20.524309	0.596986	4.604361	27.912393	0.230441	-1518.582278	
8.560000	20.545450	0.856061	4.604074	27.898709	0.257699	-1518.534481	
8.561000	20.503168	0.815580	4.604944	27.884981	0.074683	-1518.486364	
8.562000	20.469342	0.839869	4.606836	27.871334	0.094153	-1518.438058	
8.563000	20.482027	0.977502	4.609255	27.857971	0.168138	-1518.389725	
8.564000	20.405919	0.920829	4.611921	27.844907	0.273275	-1518.341531	
8.565000	20.456658	0.969406	4.614683	27.831992	0.152562	-1518.293620	
8.566000	20.367865	0.823676	4.616870	27.819062	0.047425	-1518.246101	
8.567000	20.473571	0.856061	4.617124	27.806007	0.207078	-1518.199033	
8.568000	20.515853	0.856061	4.614488	27.792767	0.347261	-1518.152422	
8.569000	20.363637	0.993694	4.609316	27.779369	0.214866	-1518.106204	
8.570000	20.431289	0.880349	4.602692	27.766001	0.242123	-1518.060255	
8.571000	20.393235	0.872253	4.595698	27.752788	0.273275	-1518.014415	
8.572000	20.532766	0.742716	4.589147	27.739623	0.222654	-1517.968511	
8.573000	20.482027	0.669851	4.583496	27.726390	0.296639	-1517.922380	
8.574000	20.587732	0.775100	4.579076	27.713209	-0.053818	-1517.875900	
8.575000	20.490484	0.920829	4.576559	27.700282	0.214866	-1517.828996	
8.576000	20.486255	0.920829	4.577093	27.687624	0.063001	-1517.781641	
8.577000	20.401691	1.001790	4.581388	27.675095	0.246017	-1517.733862	
8.578000	20.503168	0.702235	4.588728	27.662542	0.133092	-1517.685758	
8.579000	20.473571	0.815580	4.597395	27.649860	0.199290	-1517.637484	
8.580000	20.511625	0.677947	4.605822	27.636991	0.199290	-1517.589217	
8.581000	20.448201	0.799388	4.613034	27.623974	0.207078	-1517.541121	
8.582000	20.431289	0.920829	4.618395	27.611012	0.148668	-1517.493331	
8.583000	20.389006	0.953214	4.621332	27.598246	0.378412	-1517.445936	
8.584000	20.443973	1.107039	4.621139	27.585572	0.331685	-1517.398976	
8.585000	20.367865	1.034175	4.617509	27.572880	0.226548	-1517.352436	
8.586000	20.494712	0.872253	4.611205	27.560287	0.164244	-1517.306235	
8.587000	20.549678	0.799388	4.603598	27.547990	0.179820	-1517.260234	
8.588000	20.422832	1.034175	4.595880	27.535998	0.253805	-1517.214266	
8.589000	20.443973	0.872253	4.588843	27.524166	0.284957	-1517.168154	
8.590000	20.372094	1.017982	4.583136	27.512333	-0.038242	-1517.121750	
8.591000	20.498940	0.702235	4.579599	27.500390	0.312215	-1517.074951	
8.592000	20.456658	0.912733	4.579006	27.488270	0.117516	-1517.027696	
8.593000	20.435517	0.742716	4.581467	27.476000	0.261593	-1516.979972	
8.594000	20.414376	0.775100	4.586388	27.463771	0.187608	-1516.931832	
8.595000	20.507396	0.823676	4.592826	27.451716	0.152562	-1516.883400	
8.596000	20.448201	0.872253	4.599658	27.439732	0.343367	-1516.834843	
8.597000	20.494712	0.969406	4.605919	27.427707	0.195396	-1516.786341	
8.598000	20.460886	0.953214	4.611114	27.415759	-0.026560	-1516.738064	
8.599000	20.515853	1.017982	4.615045	27.404089	0.172032	-1516.690140	
8.600000	20.418604	0.920829	4.617748	27.392710	0.284957	-1516.642640	0.000000
8.601000	20.443973	0.912733	4.619559	27.381475	0.312215	-1516.595583	
8.602000	20.443973	0.758908	4.620679	27.370220	-0.061606	-1516.548932	
8.603000	20.465114	0.750812	4.621022	27.358834	0.273275	-1516.502596	
8.604000	20.422832	0.872253	4.620698	27.347258	0.191502	-1516.456430	
8.605000	20.414376	0.953214	4.619978	27.335525	0.316109	-1516.410261	
8.606000	20.443973	0.839869	4.618860	27.323829	0.238229	-1516.363913	
8.607000	20.401691	0.920829	4.617182	27.312301	0.230441	-1516.317240	
8.608000	20.452430	0.823676	4.614975	27.300831	0.366730	-1516.270143	
8.609000	20.498940	0.880349	4.612408	27.289303	0.234335	-1516.222573	
8.610000	20.613102	0.726523	4.609761	27.277828	0.101940	-1516.174538	
8.611000	20.528537	0.977502	4.607407	27.266602	0.249911	-1516.126116	
8.612000	20.515853	1.017982	4.605511	27.255643	0.261593	-1516.077446	
8.613000	20.427060	1.058463	4.603922	27.244814	0.214866	-1516.028702	
8.614000	20.486255	0.864157	4.602354	27.233963	-0.030454	-1515.980071	
8.615000	20.477799	0.839869	4.600629	27.222984	0.238229	-1515.931721	
8.616000	20.591961	0.856061	4.598716	27.211818	0.160350	-1515.883768	
8.617000	20.410148	0.710331	4.596525	27.200498	0.175926	-1515.836272	
8.618000	20.536994	0.961310	4.593796	27.189220	0.257699	-1515.789239	
8.619000	20.355181	0.872253	4.590259	27.178119	0.292745	-1515.742614	
8.620000	20.418604	1.301345	4.586113	27.167095	0.355048	-1515.696283	
8.621000	20.443973	0.791292	4.582181	27.156040	0.226548	-1515.650090	
8.622000	20.401691	0.823676	4.579354	27.145068	0.218760	-1515.603861	
8.623000	20.520081	0.718427	4.578208	27.134371	0.226548	-1515.557425	
8.624000	20.427060	1.042271	4.579055	27.123960	0.331685	-1515.510642	
8.625000	20.443973	0.928926	4.581667	27.113695	0.179820	-1515.463426	
8.626000	20.456658	0.856061	4.585425	27.103426	0.156456	-1515.415746	
8.627000	20.562363	0.864157	4.590245	27.093044	0.308321	-1515.367638	
8.628000	20.414376	0.775100	4.596299	27.082491	0.308321	-1515.319202	
8.629000	20.431289	0.775100	4.603079	27.071801	0.183714	-1515.270583	
8.630000	20.486255	0.718427	4.609798	27.061171	0.238229	-1515.221953	
8.631000	20.532766	0.750812	4.616040	27.050727	0.164244	-1515.173485	
8.632000	20.524309	0.856061	4.621480	27.040356	0.343367	-1515.125324	
8.633000	20.524309	0.799388	4.625448	27.029941	0.183714	-1515.077570	
8.634000	20.503168	0.791292	4.627559	27.019588	-0.120016	-1515.030281	
8.635000	20.528537	0.734620	4.628518	27.009487	0.129198	-1514.983458	
8.636000	20.448201	0.953214	4.629274	26.999651	0.234335	-1514.937029	
8.637000	20.439745	0.896541	4.630118	26.989948	0.226548	-1514.890860	
8.638000	20.439745	0.734620	4.631013	26.980232	-0.046030	-1514.844790	
8.639000	20.507396	0.872253	4.631958	26.970396	0.203184	-1514.798648	
8.640000	20.511625	0.758908	4.633154	26.960380	0.238229	-1514.752276	
8.641000	20.410148	1.107039	4.634940	26.950225	0.172032	-1514.705555	
8.642000	20.503168	0.864157	4.637526	26.940133	0.226548	-1514.658411	
8.643000	20.418604	0.888445	4.640890	26.930225	0.152562	-1514.610824	
8.644000	20.473571	0.677947	4.644739	26.920385	0.284957	-1514.562844	
8.645000	20.465114	0.831773	4.648465	26.910492	0.238229	-1514.514587	
8.646000	20.604645	0.718427	4.651272	26.900648	0.133092	-1514.466211	
8.647000	20.511625	0.767004	4.652616	26.891039	0.281063	-1514.417895	
8.648000	20.503168	0.864157	4.652449	26.881674	0.210972	-1514.369808	
8.649000	20.427060	0.920829	4.650897	26.872426	0.172032	-1514.322082	
8.650000	20.520081	0.499833	4.647984	26.863151	0.016273	-1514.274806	
8.651000	20.511625	0.767004	4.644044	26.853743	0.109728	-1514.228017	
8.652000	20.503168	0.572698	4.639895	26.844141	0.063001	-1514.181686	
8.653000	20.431289	0.718427	4.636196	26.834380	0.148668	-1514.135717	
8.654000	20.490484	0.742716	4.633221	26.824649	0.246017	-1514.089960	
8.655000	20.448201	0.783196	4.631072	26.815067	0.269381	-1514.044245	
8.656000	20.511625	1.050367	4.629567	26.805524	0.265487	-1513.998402	
8.657000	20.414376	0.807484	4.628389	26.795909	0.183714	-1513.952286	
8.658000	20.503168	0.977502	4.627482	26.786331	-0.084970	-1513.905794	
8.659000	20.545450	0.831773	4.626965	26.776979	0.249911	-1513.858864	
8.660000	20.384778	0.953214	4.626760	26.767872	0.281063	-1513.811487	
8.661000	20.443973	0.888445	4.626623	26.758888	0.238229	-1513.763722	
8.662000	20.465114	0.945118	4.626315	26.749885	0.043531	-1513.715696	
8.663000	20.536994	0.872253	4.625590	26.740760	0.308321	-1513.667578	
8.664000	20.410148	0.783196	4.624287	26.731450	0.269381	-1513.619545	
8.665000	20.460886	0.815580	4.622393	26.721997	0.074683	-1513.571750	
8.666000	20.503168	0.677947	4.619958	26.712593	0.187608	-1513.524303	
8.667000	20.511625	0.831773	4.617057	26.703354	0.300533	-1513.477269	
8.668000	20.435517	0.937022	4.613645	26.694162	0.284957	-1513.430666	
8.669000	20.515853	0.775100	4.609479	26.684901	0.078577	-1513.384447	
8.670000	20.511625	0.864157	4.604591	26.675672	-0.014879	-1513.338506	
8.671000	20.558135	0.750812	4.599578	26.666663	0.136986	-1513.292700	
8.672000	20.380550	1.009886	4.595059	26.657886	0.257699	-1513.246856	
8.673000	20.443973	0.928926	4.591193	26.649219	0.230441	-1513.200808	
8.674000	20.439745	0.783196	4.587803	26.640517	-0.065500	-1513.154424	
8.675000	20.507396	0.758908	4.585019	26.631675	0.331685	-1513.107620	
8.676000	20.503168	0.823676	4.583379	26.622634	0.136986	-1513.060355	
8.677000	20.414376	0.985598	4.582972	26.613440	0.136986	-1513.012643	
8.678000	20.405919	0.928926	4.583417	26.604298	0.323897	-1512.964567	
8.679000	20.389006	0.839869	4.584451	26.595333	0.284957	-1512.916269	
8.680000	20.477799	0.775100	4.585869	26.586434	0.429034	-1512.867917	
8.681000	20.435517	0.912733	4.587494	26.577478	0.269381	-1512.819678	
8.682000	20.532766	0.856061	4.589188	26.568565	0.031849	-1512.771690	
8.683000	20.460886	0.969406	4.590637	26.559874	0.183714	-1512.724044	
8.684000	20.490484	0.985598	4.591356	26.551416	0.246017	-1512.676789	
8.685000	20.431289	0.807484	4.590840	26.543067	0.222654	-1512.629921	
8.686000	20.583504	0.726523	4.588908	26.534685	-0.022667	-1512.583375	
8.687000	20.515853	0.783196	4.585965	26.526161	0.238229	-1512.537032	
8.688000	20.553907	0.702235	4.582818	26.517435	0.136986	-1512.490736	
8.689000	20.380550	0.823676	4.580256	26.508550	0.156456	-1512.444311	
8.690000	20.562363	0.815580	4.578653	26.499715	0.191502	-1512.397599	
8.691000	20.389006	0.993694	4.577700	26.491055	0.238229	-1512.350485	
8.692000	20.469342	0.945118	4.576794	26.482462	0.257699	-1512.302900	
8.693000	20.427060	0.937022	4.575962	26.473820	0.140880	-1512.254831	
8.694000	20.596189	0.872253	4.575777	26.465233	-0.003197	-1512.206327	
8.695000	20.507396	0.864157	4.576453	26.456888	0.296639	-1512.157501	
8.696000	20.376322	1.082751	4.577717	26.448804	0.222654	-1512.108505	
8.697000	20.350953	0.937022	4.579254	26.440866	0.265487	-1512.059508	
8.698000	20.460886	0.912733	4.580985	26.432938	0.078577	-1512.010673	
8.699000	20.562363	0.783196	4.582892	26.424913	0.242123	-1511.962130	
8.700000	20.482027	0.677947	4.584822	26.416729	0.195396	-1511.913960	0.000000
8.701000	20.359409	0.872253	4.586726	26.408427	0.214866	-1511.866193	
8.702000	20.477799	0.969406	4.588622	26.400208	0.331685	-1511.818806	
8.703000	20.448201	0.847965	4.590371	26.392190	0.234335	-1511.771713	
8.704000	20.427060	0.977502	4.591933	26.384256	0.304427	-1511.724776	
8.705000	20.558135	0.864157	4.593550	26.376286	0.191502	-1511.677834	
8.706000	20.591961	0.831773	4.595496	26.368376	0.070789	-1511.630724	
8.707000	20.604645	0.783196	4.597815	26.360700	0.160350	-1511.583311	
8.708000	20.410148	0.953214	4.600746	26.353274	0.393988	-1511.535501	
8.709000	20.452430	0.856061	4.604811	26.345980	0.246017	-1511.487245	
8.710000	20.427060	0.904637	4.609717	26.338687	0.043531	-1511.438549	
8.711000	20.477799	0.888445	4.614552	26.331287	0.191502	-1511.389488	
8.712000	20.427060	0.823676	4.618798	26.323723	0.281063	-1511.340192	
8.713000	20.410148	1.017982	4.622142	26.316050	0.312215	-1511.290820	
8.714000	20.520081	0.831773	4.624439	26.308479	0.222654	-1511.241540	
8.715000	20.410148	0.880349	4.625696	26.301132	0.413458	-1511.192505	
8.716000	20.405919	0.928926	4.625377	26.293896	0.358942	-1511.143827	
8.717000	20.350953	1.017982	4.622391	26.286649	0.203184	-1511.095565	
8.718000	20.528537	0.799388	4.616432	26.279484	0.160350	-1511.047727	
8.719000	20.494712	0.872253	4.608483	26.272574	0.152562	-1511.000258	
8.720000	20.405919	0.961310	4.599847	26.265930	0.323897	-1510.953041	
8.721000	20.397463	0.937022	4.591605	26.259428	0.316109	-1510.905924	
8.722000	20.507396	0.629370	4.584623	26.252929	0.012379	-1510.858744	
8.723000	20.511625	0.856061	4.579509	26.246322	0.265487	-1510.811349	
8.724000	20.545450	0.839869	4.576487	26.239543	0.160350	-1510.763613	
8.725000	20.384778	1.204192	4.575321	26.232637	0.156456	-1510.715453	
8.726000	20.553907	0.775100	4.575633	26.225810	0.152562	-1510.666835	
8.727000	20.401691	0.896541	4.577281	26.219184	0.214866	-1510.617781	
8.728000	20.511625	0.904637	4.580184	26.212645	0.191502	-1510.568385	
8.729000	20.469342	0.856061	4.583903	26.206068	0.140880	-1510.518797	
8.730000	20.579276	0.888445	4.587744	26.199546	0.125304	-1510.469196	
8.731000	20.456658	0.823676	4.591048	26.193249	0.269381	-1510.419757	
8.732000	20.431289	1.123232	4.593394	26.187187	0.152562	-1510.370620	
8.733000	20.350953	0.961310	4.594613	26.181242	0.409564	-1510.321874	
8.734000	20.384778	0.945118	4.594436	26.175277	-0.010985	-1510.273565	
8.735000	20.545450	0.702235	4.592739	26.169181	0.323897	-1510.225692	
8.736000	20.507396	0.912733	4.590022	26.162887	0.246017	-1510.178180	
8.737000	20.431289	0.831773	4.587095	26.156446	0.296639	-1510.130898	
8.738000	20.460886	0.856061	4.584680	26.150064	0.164244	-1510.083678	
8.739000	20.439745	0.904637	4.583384	26.143861	0.288851	-1510.036346	
8.740000	20.435517	1.017982	4.583803	26.137717	0.312215	-1509.988745	
8.741000	20.553907	0.661755	4.586396	26.131500	0.249911	-1509.940761	
8.742000	20.549678	0.928926	4.591249	26.125293	0.105834	-1509.892329	
8.743000	20.621558	0.872253	4.598110	26.119259	0.183714	-1509.843438	
8.744000	20.482027	0.977502	4.606519	26.113408	0.210972	-1509.794144	
8.745000	20.435517	0.831773	4.615771	26.107636	0.226548	-1509.744568	
8.746000	20.405919	0.880349	4.624913	26.101817	0.000697	-1509.694880	
8.747000	20.515853	0.831773	4.633043	26.095846	0.168138	-1509.645266	
8.748000	20.469342	0.815580	4.639699	26.089659	0.129198	-1509.595895	
8.749000	20.448201	0.856061	4.644875	26.083311	0.214866	-1509.546889	
8.750000	20.524309	0.791292	4.648638	26.077009	0.312215	-1509.498321	
8.751000	20.482027	0.758908	4.650747	26.070874	0.187608	-1509.450218	
8.752000	20.422832	0.928926	4.650839	26.064788	0.242123	-1509.402554	
8.753000	20.427060	0.928926	4.649017	26.058626	0.183714	-1509.355237	
8.754000	20.570820	0.856061	4.645965	26.052471	0.109728	-1509.308120	
8.755000	20.515853	0.864157	4.642581	26.046478	0.129198	-1509.261027	
8.756000	20.456658	0.783196	4.639639	26.040651	0.339473	-1509.213781	
8.757000	20.393235	0.807484	4.637484	26.034880	0.257699	-1509.166231	
8.758000	20.494712	0.718427	4.636490	26.029036	0.063001	-1509.118286	
8.759000	20.494712	0.718427	4.637661	26.023006	0.281063	-1509.069904	
8.760000	20.511625	0.831773	4.641524	26.016723	0.183714	-1509.021097	
8.761000	20.405919	0.864157	4.647175	26.010238	0.300533	-1508.971939	
8.762000	20.579276	0.839869	4.653176	26.003754	0.195396	-1508.922560	
8.763000	20.439745	0.847965	4.658387	25.997385	0.218760	-1508.873127	
8.764000	20.511625	0.799388	4.662193	25.991015	0.226548	-1508.823820	
8.765000	20.443973	0.734620	4.664485	25.984520	0.230441	-1508.774799	
8.766000	20.545450	0.831773	4.665259	25.977987	0.094153	-1508.726186	
8.767000	20.486255	0.629370	4.664440	25.971581	0.207078	-1508.678050	
8.768000	20.456658	1.050367	4.661998	25.965322	0.343367	-1508.630401	
8.769000	20.346724	0.969406	4.657901	25.959131	0.253805	-1508.583182	
8.770000	20.405919	0.839869	4.652294	25.952907	-0.026560	-1508.536278	
8.771000	20.452430	0.686043	4.645739	25.946548	0.222654	-1508.489532	
8.772000	20.482027	0.726523	4.638949	25.939992	0.168138	-1508.442767	
8.773000	20.452430	0.799388	4.632443	25.933298	0.273275	-1508.395804	
8.774000	20.532766	0.896541	4.626391	25.926675	0.351155	-1508.348503	
8.775000	20.443973	0.702235	4.620676	25.920239	0.362836	-1508.300776	
8.776000	20.435517	1.050367	4.615236	25.913866	0.234335	-1508.252587	
8.777000	20.456658	0.791292	4.610374	25.907425	0.179820	-1508.203958	
8.778000	20.541222	0.726523	4.606476	25.900992	0.039637	-1508.154984	
8.779000	20.591961	0.710331	4.603502	25.894723	0.090259	-1508.105816	
8.780000	20.482027	0.904637	4.601131	25.888627	0.284957	-1508.056632	
8.781000	20.507396	0.847965	4.599202	25.882614	0.210972	-1508.007614	
8.782000	20.443973	0.920829	4.597773	25.876576	-0.014879	-1507.958923	
8.783000	20.507396	0.839869	4.596871	25.870412	0.277169	-1507.910669	
8.784000	20.448201	0.694139	4.596303	25.864062	0.203184	-1507.862909	
8.785000	20.443973	0.750812	4.595734	25.857592	0.249911	-1507.815632	
8.786000	20.427060	0.613178	4.594918	25.851220	0.261593	-1507.768762	
8.787000	20.443973	0.718427	4.593865	25.845069	0.172032	-1507.722161	
8.788000	20.456658	0.977502	4.592822	25.839024	0.300533	-1507.675662	
8.789000	20.439745	0.977502	4.592007	25.832959	0.253805	-1507.629086	
8.790000	20.490484	0.791292	4.591436	25.826954	0.063001	-1507.582272	
8.791000	20.494712	1.042271	4.590940	25.821160	0.269381	-1507.535097	
8.792000	20.443973	0.945118	4.590614	25.815585	0.444610	-1507.487484	
8.793000	20.359409	0.896541	4.591415	25.810129	0.339473	-1507.439407	
8.794000	20.456658	0.637467	4.594150	25.804676	-0.030454	-1507.390912	
8.795000	20.473571	0.928926	4.598312	25.799114	0.292745	-1507.342121	
8.796000	20.528537	0.726523	4.602702	25.793372	0.148668	-1507.293200	
8.797000	20.380550	0.928926	4.606360	25.787504	0.175926	-1507.244330	
8.798000	20.541222	0.742716	4.608865	25.781715	0.172032	-1507.195682	
8.799000	20.431289	0.831773	4.610167	25.776119	0.281063	-1507.147394	
8.800000	20.558135	0.775100	4.610293	25.770593	0.199290	-1507.099551	0.000000
8.801000	20.452430	0.621274	4.609169	25.765009	0.160350	-1507.052190	
8.802000	20.613102	0.750812	4.606567	25.759445	0.039637	-1507.005297	
8.803000	20.520081	0.847965	4.602528	25.754057	0.156456	-1506.958789	
8.804000	20.494712	1.050367	4.597658	25.748863	0.273275	-1506.912526	
8.805000	20.325583	1.050367	4.592757	25.743780	0.238229	-1506.866338	
8.806000	20.401691	0.856061	4.588269	25.738705	-0.038242	-1506.820053	
8.807000	20.452430	0.767004	4.584263	25.733533	0.304427	-1506.773525	
8.808000	20.443973	0.580794	4.581023	25.728205	0.292745	-1506.726644	
8.809000	20.312899	0.888445	4.579304	25.722791	0.238229	-1506.679348	
8.810000	20.587732	0.888445	4.579739	25.717510	0.323897	-1506.631627	
8.811000	20.465114	0.937022	4.582240	25.712477	0.281063	-1506.583550	
8.812000	20.465114	1.009886	4.586013	25.707566	0.308321	-1506.535251	
8.813000	20.431289	0.718427	4.590086	25.702645	0.160350	-1506.486897	
8.814000	20.553907	0.815580	4.593765	25.697783	0.105834	-1506.438673	
8.815000	20.558135	0.661755	4.596703	25.693121	0.199290	-1506.390743	
8.816000	20.477799	1.139424	4.599092	25.688670	0.179820	-1506.343226	
8.817000	20.431289	0.799388	4.601350	25.684358	0.246017	-1506.296192	
8.818000	20.507396	0.985598	4.603070	25.680094	0.078577	-1506.249665	
8.819000	20.545450	0.750812	4.603336	25.675777	0.253805	-1506.203611	
8.820000	20.452430	0.839869	4.602055	25.671340	0.101940	-1506.157927	
8.821000	20.401691	0.767004	4.599939	25.666846	0.121410	-1506.112457	
8.822000	20.528537	0.783196	4.597498	25.662505	0.074683	-1506.067024	
8.823000	20.503168	0.791292	4.594645	25.658427	0.292745	-1506.021451	
8.824000	20.410148	1.034175	4.591298	25.654488	0.179820	-1505.975598	
8.825000	20.511625	0.993694	4.587961	25.650558	0.191502	-1505.929375	
8.826000	20.528537	0.896541	4.585482	25.646710	0.082471	-1505.882741	
8.827000	20.397463	0.872253	4.584436	25.643095	0.300533	-1505.835717	
8.828000	20.329812	0.953214	4.584874	25.639727	0.284957	-1505.788385	
8.829000	20.401691	0.912733	4.586510	25.636526	0.242123	-1505.740888	
8.830000	20.460886	0.775100	4.588916	25.633392	0.027955	-1505.693400	
8.831000	20.528537	0.847965	4.591709	25.630215	0.257699	-1505.646102	
8.832000	20.477799	0.775100	4.594519	25.626925	0.222654	-1505.599142	
8.833000	20.422832	1.066559	4.597057	25.623581	0.226548	-1505.552619	
8.834000	20.600417	0.791292	4.599429	25.620392	0.265487	-1505.506583	
8.835000	20.410148	0.993694	4.601702	25.617460	0.277169	-1505.461035	
8.836000	20.553907	0.912733	4.603597	25.614658	0.335579	-1505.415911	
8.837000	20.460886	0.742716	4.605048	25.611846	0.024061	-1505.371085	
8.838000	20.596189	0.694139	4.606365	25.609090	-0.081076	-1505.326398	
8.839000	20.524309	0.904637	4.607962	25.606530	0.113622	-1505.281680	
8.840000	20.494712	0.977502	4.610015	25.604177	0.242123	-1505.236769	
8.841000	20.380550	1.188000	4.612303	25.601951	0.222654	-1505.191546	
8.842000	20.494712	0.815580	4.614727	25.599754	0.031849	-1505.145937	
8.843000	20.443973	0.961310	4.617593	25.597480	0.207078	-1505.099922	
8.844000	20.473571	0.856061	4.620944	25.595065	0.090259	-1505.053543	
8.845000	20.367865	0.912733	4.624393	25.592574	0.320003	-1505.006902	
8.846000	20.486255	0.945118	4.627529	25.590223	0.203184	-1504.960147	
8.847000	20.431289	0.896541	4.630065	25.588122	0.238229	-1504.913450	
8.848000	20.511625	1.082751	4.631844	25.586145	0.214866	-1504.866978	
8.849000	20.431289	0.815580	4.632774	25.584155	0.136986	-1504.820864	
8.850000	20.528537	0.783196	4.632901	25.582215	0.004591	-1504.775191	
8.851000	20.498940	0.872253	4.632465	25.580464	0.234335	-1504.729992	
8.852000	20.477799	0.993694	4.631500	25.578909	0.148668	-1504.685241	
8.853000	20.380550	0.920829	4.629803	25.577474	0.265487	-1504.640850	
8.854000	20.460886	0.896541	4.627474	25.576064	0.055213	-1504.596687	
8.855000	20.604645	0.815580	4.625090	25.574573	0.148668	-1504.552596	
8.856000	20.507396	0.831773	4.623349	25.572934	0.078577	-1504.508410	
8.857000	20.376322	0.831773	4.622653	25.571215	0.121410	-1504.463981	
8.858000	20.418604	0.775100	4.622767	25.569628	0.300533	-1504.419202	
8.859000	20.427060	0.750812	4.622860	25.568276	0.242123	-1504.374014	
8.860000	20.460886	1.001790	4.622562	25.567028	0.277169	-1504.328415	
8.861000	20.566591	0.791292	4.622414	25.565752	0.288851	-1504.282472	
8.862000	20.515853	0.888445	4.622752	25.564513	0.008485	-1504.236314	
8.863000	20.515853	0.807484	4.623250	25.563451	0.187608	-1504.190104	
8.864000	20.367865	1.066559	4.623576	25.562581	0.343367	-1504.144017	
8.865000	20.367865	0.961310	4.623822	25.561832	0.218760	-1504.098207	
8.866000	20.346724	0.831773	4.624256	25.561113	0.098047	-1504.052789	
8.867000	20.549678	0.969406	4.624794	25.560315	0.320003	-1504.007831	
8.868000	20.482027	0.856061	4.624935	25.559368	0.246017	-1503.963343	
8.869000	20.397463	0.953214	4.624282	25.558337	0.207078	-1503.919275	
8.870000	20.591961	0.823676	4.622894	25.557436	0.327791	-1503.875517	
8.871000	20.452430	0.750812	4.621178	25.556773	0.327791	-1503.831918	
8.872000	20.460886	0.904637	4.619448	25.556216	0.277169	-1503.788308	
8.873000	20.460886	0.815580	4.617572	25.555625	0.164244	-1503.744517	
8.874000	20.638471	0.823676	4.615139	25.555057	-0.077182	-1503.700411	
8.875000	20.524309	0.904637	4.611868	25.554642	0.183714	-1503.655903	
8.876000	20.473571	0.945118	4.607934	25.554391	0.257699	-1503.610950	
8.877000	20.384778	0.880349	4.604058	25.554235	0.218760	-1503.565568	
8.878000	20.456658	0.588890	4.601088	25.554088	-0.038242	-1503.519849	
8.879000	20.435517	0.912733	4.599394	25.553842	0.214866	-1503.473945	
8.880000	20.456658	0.799388	4.598600	25.553429	0.195396	-1503.428028	
8.881000	20.295986	0.993694	4.597902	25.552923	0.218760	-1503.382264	
8.882000	20.566591	0.872253	4.596892	25.552548	0.148668	-1503.336790	
8.883000	20.376322	0.904637	4.595659	25.552418	0.175926	-1503.291702	
8.884000	20.443973	1.123232	4.593911	25.552407	0.362836	-1503.247047	
8.885000	20.465114	0.856061	4.590990	25.552379	0.269381	-1503.202819	
8.886000	20.617330	0.629370	4.586794	25.552393	0.125304	-1503.158954	
8.887000	20.431289	0.864157	4.581995	25.552580	0.187608	-1503.115325	
8.888000	20.414376	1.082751	4.577510	25.552952	0.292745	-1503.071768	
8.889000	20.410148	0.856061	4.574010	25.553441	0.191502	-1503.028107	
8.890000	20.448201	0.791292	4.571690	25.553958	0.043531	-1502.984183	
8.891000	20.613102	0.791292	4.570416	25.554394	0.105834	-1502.939881	
8.892000	20.498940	0.920829	4.569837	25.554675	0.117516	-1502.895136	
8.893000	20.503168	0.791292	4.569205	25.554878	0.230441	-1502.849927	
8.894000	20.490484	0.823676	4.568035	25.555224	0.172032	-1502.804302	
8.895000	20.456658	0.815580	4.566688	25.555820	0.195396	-1502.758375	
8.896000	20.443973	0.969406	4.565628	25.556537	0.214866	-1502.712310	
8.897000	20.498940	0.831773	4.564960	25.557238	0.203184	-1502.666283	
8.898000	20.541222	0.920829	4.564631	25.557982	-0.026560	-1502.620468	
8.899000	20.532766	0.750812	4.564542	25.558900	0.199290	-1502.575001	
8.900000	20.380550	0.904637	4.564471	25.560004	0.312215	-1502.529960	0.000000
8.901000	20.389006	0.856061	4.563950	25.561234	0.175926	-1502.485380	
8.902000	20.325583	0.831773	4.562667	25.562509	0.140880	-1502.441241	
8.903000	20.536994	0.912733	4.560841	25.563718	0.281063	-1502.397463	
8.904000	20.460886	0.847965	4.559022	25.564788	0.210972	-1502.353904	
8.905000	20.427060	0.920829	4.557850	25.565791	0.312215	-1502.310385	
8.906000	20.536994	0.710331	4.557806	25.566949	0.277169	-1502.266728	
8.907000	20.498940	0.758908	4.559134	25.568370	0.242123	-1502.222781	
8.908000	20.498940	0.767004	4.561901	25.569921	0.288851	-1502.178444	
8.909000	20.528537	0.839869	4.565947	25.571460	0.273275	-1502.133666	
8.910000	20.583504	0.799388	4.570959	25.573040	0.082471	-1502.088451	
8.911000	20.503168	0.864157	4.576523	25.574785	0.292745	-1502.042874	
8.912000	20.520081	0.847965	4.582055	25.576704	0.172032	-1501.997065	
8.913000	20.393235	0.710331	4.586918	25.578742	0.164244	-1501.951194	
8.914000	20.498940	0.710331	4.590754	25.580822	0.000697	-1501.905449	
8.915000	20.482027	0.799388	4.593419	25.582841	0.125304	-1501.860004	
8.916000	20.515853	0.686043	4.594634	25.584731	0.195396	-1501.814981	
8.917000	20.304442	0.961310	4.594000	25.586573	0.273275	-1501.770442	
8.918000	20.528537	0.637467	4.591280	25.588592	0.265487	-1501.726392	
8.919000	20.401691	0.823676	4.586746	25.590892	0.296639	-1501.682777	
8.920000	20.477799	0.920829	4.581213	25.593343	0.230441	-1501.639483	
8.921000	20.393235	0.783196	4.575643	25.595803	0.261593	-1501.596355	
8.922000	20.630014	0.710331	4.570744	25.598325	0.117516	-1501.553223	
8.923000	20.520081	0.880349	4.566760	25.601032	0.121410	-1501.509920	
8.924000	20.452430	1.066559	4.563705	25.603930	0.164244	-1501.466303	
8.925000	20.346724	0.734620	4.561941	25.606954	0.207078	-1501.422280	
8.926000	20.389006	0.775100	4.562287	25.610019	0.027955	-1501.377811	
8.927000	20.549678	0.540314	4.565194	25.613011	0.195396	-1501.332917	
8.928000	20.524309	0.750812	4.570209	25.615857	0.207078	-1501.287688	
8.929000	20.448201	0.791292	4.576429	25.618633	0.183714	-1501.242268	
8.930000	20.621558	0.815580	4.582931	25.621561	0.218760	-1501.196833	
8.931000	20.473571	0.710331	4.588920	25.624742	0.117516	-1501.151563	
8.932000	20.427060	0.937022	4.593894	25.628042	0.210972	-1501.106608	
8.933000	20.503168	0.742716	4.598117	25.631320	0.172032	-1501.062069	
8.934000	20.520081	0.742716	4.602559	25.634622	-0.088864	-1501.017998	
8.935000	20.613102	0.645563	4.607612	25.638066	0.125304	-1500.974392	
8.936000	20.460886	0.953214	4.612600	25.641658	0.304427	-1500.931178	
8.937000	20.397463	0.872253	4.616831	25.645344	0.261593	-1500.888226	
8.938000	20.389006	0.953214	4.620108	25.649046	0.144774	-1500.845377	
8.939000	20.448201	0.856061	4.622555	25.652655	0.238229	-1500.802457	
8.940000	20.418604	0.823676	4.624674	25.656101	0.160350	-1500.759298	
8.941000	20.431289	0.856061	4.627359	25.659460	0.265487	-1500.715766	
8.942000	20.524309	0.799388	4.631307	25.662955	0.144774	-1500.671777	
8.943000	20.503168	0.718427	4.636083	25.666683	0.160350	-1500.627306	
8.944000	20.422832	0.953214	4.640448	25.670503	0.164244	-1500.582399	
8.945000	20.414376	0.823676	4.643589	25.674266	0.109728	-1500.537168	
8.946000	20.562363	0.847965	4.645163	25.678010	0.035743	-1500.491775	
8.947000	20.511625	0.839869	4.644961	25.681845	0.187608	-1500.446397	
8.948000	20.515853	0.807484	4.642997	25.685772	0.179820	-1500.401207	
8.949000	20.460886	0.791292	4.639398	25.689741	0.148668	-1500.356337	
8.950000	20.456658	0.791292	4.634502	25.693687	0.113622	-1500.311880	
8.951000	20.503168	0.758908	4.628950	25.697505	0.172032	-1500.267880	
8.952000	20.460886	0.839869	4.623437	25.701134	0.074683	-1500.224325	
8.953000	20.355181	0.993694	4.618442	25.704670	0.179820	-1500.181129	
8.954000	20.583504	0.856061	4.614193	25.708348	0.210972	-1500.138149	
8.955000	20.410148	0.750812	4.610959	25.712270	0.374518	-1500.095209	
8.956000	20.482027	0.775100	4.609196	25.716299	0.210972	-1500.052125	
8.957000	20.418604	0.734620	4.609195	25.720290	0.125304	-1500.008740	
8.958000	20.625786	0.588890	4.610756	25.724286	0.086365	-1499.964942	
8.959000	20.498940	0.645563	4.613106	25.728402	0.230441	-1499.920669	
8.960000	20.460886	0.993694	4.615197	25.732652	0.230441	-1499.875910	
8.961000	20.329812	0.669851	4.616523	25.737007	0.296639	-1499.830723	
8.962000	20.465114	0.767004	4.617223	25.741416	-0.069394	-1499.785237	
8.963000	20.490484	0.758908	4.617406	25.745771	0.222654	-1499.739622	
8.964000	20.520081	0.694139	4.617047	25.749995	0.238229	-1499.694060	
8.965000	20.380550	0.847965	4.616119	25.754176	0.133092	-1499.648715	
8.966000	20.630014	0.839869	4.614607	25.758539	0.199290	-1499.603712	
8.967000	20.452430	0.718427	4.612852	25.763180	0.160350	-1499.559124	
8.968000	20.439745	1.074655	4.611311	25.767957	0.222654	-1499.514971	
8.969000	20.452430	0.839869	4.609959	25.772726	0.066895	-1499.471213	
8.970000	20.596189	0.920829	4.608575	25.777522	-0.010985	-1499.427746	
8.971000	20.558135	0.677947	4.607244	25.782455	0.129198	-1499.384421	
8.972000	20.465114	1.058463	4.606161	25.787533	0.362836	-1499.341057	
8.973000	20.389006	0.872253	4.605317	25.792728	0.203184	-1499.297477	
8.974000	20.410148	1.026079	4.604578	25.797992	0.047425	-1499.253542	
8.975000	20.503168	1.042271	4.603761	25.803219	0.323897	-1499.209162	
8.976000	20.372094	0.904637	4.602711	25.808336	0.269381	-1499.164291	
8.977000	20.253704	0.993694	4.601577	25.813437	0.246017	-1499.118927	
8.978000	20.575048	0.993694	4.600704	25.818755	0.343367	-1499.073140	
8.979000	20.498940	0.807484	4.600236	25.824395	0.207078	-1499.027063	
8.980000	20.410148	1.139424	4.599981	25.830215	0.296639	-1498.980865	
8.981000	20.498940	0.872253	4.599602	25.836063	0.152562	-1498.934725	
8.982000	20.520081	0.937022	4.599021	25.841968	-0.018773	-1498.888802	
8.983000	20.549678	0.767004	4.598358	25.848027	0.234335	-1498.843208	
8.984000	20.376322	0.953214	4.597407	25.854244	0.284957	-1498.798000	
8.985000	20.473571	0.839869	4.595734	25.860587	0.246017	-1498.753180	
8.986000	20.515853	0.920829	4.593264	25.867008	0.063001	-1498.708690	
8.987000	20.545450	0.888445	4.590422	25.873402	0.195396	-1498.664414	
8.988000	20.494712	0.888445	4.587818	25.879699	0.175926	-1498.620199	
8.989000	20.355181	1.034175	4.585880	25.885994	0.117516	-1498.575870	
8.990000	20.591961	0.969406	4.584750	25.892517	0.253805	-1498.531262	
8.991000	20.422832	0.920829	4.584245	25.899364	0.203184	-1498.486245	
8.992000	20.494712	1.090847	4.584114	25.906391	0.269381	-1498.440740	
8.993000	20.431289	1.034175	4.584686	25.913445	0.144774	-1498.394718	
8.994000	20.541222	0.920829	4.586499	25.920556	-0.046030	-1498.348221	
8.995000	20.389006	0.985598	4.589429	25.927822	0.261593	-1498.301357	
8.996000	20.456658	1.066559	4.592836	25.935256	0.164244	-1498.254277	
8.997000	20.325583	1.058463	4.596066	25.942845	0.253805	-1498.207153	
8.998000	20.473571	0.726523	4.598739	25.950549	0.094153	-1498.160159	
8.999000	20.405919	0.920829	4.600803	25.958257	0.355048	-1498.113435	
9.000000	20.477799	0.783196	4.602008	25.965894	0.140880	-1498.067070	0.000000
9.001000	20.384778	0.856061	4.601918	25.973555	0.246017	-1498.021106	
9.002000	20.617330	0.807484	4.600845	25.981472	0.203184	-1497.975532	
9.003000	20.460886	0.912733	4.599584	25.989729	0.191502	-1497.930278	
9.004000	20.507396	1.147520	4.598522	25.998173	0.242123	-1497.885219	
9.005000	20.456658	0.847965	4.597861	26.006647	0.156456	-1497.840200	
9.006000	20.579276	0.734620	4.597726	26.015169	-0.014879	-1497.795057	
9.007000	20.511625	0.686043	4.597862	26.023831	0.308321	-1497.749647	
9.008000	20.452430	1.123232	4.597870	26.032639	0.269381	-1497.703861	
9.009000	20.338268	0.831773	4.598183	26.041578	0.222654	-1497.657637	
9.010000	20.448201	0.985598	4.600302	26.050608	0.074683	-1497.610975	
9.011000	20.435517	0.807484	4.605227	26.059620	0.230441	-1497.563944	
9.012000	20.405919	0.912733	4.612409	26.068544	0.098047	-1497.516668	
9.013000	20.304442	0.864157	4.620500	26.077484	0.230441	-1497.469300	
9.014000	20.456658	0.839869	4.628262	26.086675	0.230441	-1497.422009	
9.015000	20.473571	0.718427	4.634887	26.096201	0.347261	-1497.374950	
9.016000	20.477799	1.074655	4.639464	26.105908	0.347261	-1497.328240	
9.017000	20.452430	0.767004	4.640599	26.115632	0.098047	-1497.281952	
9.018000	20.528537	1.050367	4.637801	26.125391	0.051319	-1497.236113	
9.019000	20.536994	0.750812	4.632308	26.135271	0.148668	-1497.190692	
9.020000	20.397463	1.050367	4.625688	26.145273	0.343367	-1497.145589	
9.021000	20.389006	0.750812	4.618917	26.155377	0.152562	-1497.100657	
9.022000	20.448201	0.872253	4.612575	26.165539	-0.073288	-1497.055731	
9.023000	20.596189	0.783196	4.606975	26.175644	0.355048	-1497.010653	
9.024000	20.524309	0.872253	4.602306	26.185621	0.238229	-1496.965290	
9.025000	20.312899	0.839869	4.598715	26.195581	0.129198	-1496.919554	
9.026000	20.579276	0.953214	4.596044	26.205768	0.164244	-1496.873405	
9.027000	20.443973	0.823676	4.593656	26.216272	0.320003	-1496.826855	
9.028000	20.443973	1.082751	4.591129	26.226940	0.339473	-1496.779983	
9.029000	20.477799	0.791292	4.588694	26.237614	0.168138	-1496.732927	
9.030000	20.507396	0.758908	4.586637	26.248309	0.016273	-1496.685855	
9.031000	20.507396	0.904637	4.585076	26.259112	0.218760	-1496.638940	
9.032000	20.414376	1.098943	4.584085	26.270037	0.269381	-1496.592327	
9.033000	20.279073	0.953214	4.583182	26.281094	0.292745	-1496.546116	
9.034000	20.393235	0.888445	4.581243	26.292269	0.078577	-1496.500363	
9.035000	20.456658	0.734620	4.577748	26.303455	0.327791	-1496.455072	
9.036000	20.520081	0.677947	4.573386	26.314570	0.207078	-1496.410177	
9.037000	20.308670	0.920829	4.569248	26.325712	0.179820	-1496.365548	
9.038000	20.663840	0.661755	4.566175	26.337111	0.226548	-1496.321023	
9.039000	20.435517	0.799388	4.564672	26.348842	0.277169	-1496.276429	
9.040000	20.528537	0.823676	4.564998	26.360748	0.226548	-1496.231611	
9.041000	20.448201	0.937022	4.567061	26.372664	0.214866	-1496.186450	
9.042000	20.706122	0.742716	4.570279	26.384603	0.082471	-1496.140876	
9.043000	20.435517	0.912733	4.574287	26.396644	0.160350	-1496.094870	
9.044000	20.431289	0.872253	4.579688	26.408786	0.121410	-1496.048469	
9.045000	20.389006	0.742716	4.586995	26.421006	0.187608	-1496.001775	
9.046000	20.511625	0.767004	4.595457	26.433259	0.055213	-1495.954947	
9.047000	20.503168	0.775100	4.603819	26.445435	0.203184	-1495.908166	
9.048000	20.460886	0.758908	4.611070	26.457463	0.203184	-1495.861602	
9.049000	20.291758	0.742716	4.616441	26.469468	0.191502	-1495.815385	
9.050000	20.503168	0.775100	4.619902	26.481702	0.152562	-1495.769590	
9.051000	20.338268	0.726523	4.622141	26.494251	0.413458	-1495.724250	
9.052000	20.427060	1.123232	4.623449	26.506959	0.366730	-1495.679345	
9.053000	20.511625	0.734620	4.623600	26.519660	0.234335	-1495.634792	
9.054000	20.566591	0.953214	4.622666	26.532361	0.101940	-1495.590458	
9.055000	20.528537	0.645563	4.621127	26.545138	0.269381	-1495.546179	
9.056000	20.393235	1.066559	4.619430	26.558000	0.312215	-1495.501779	
9.057000	20.346724	0.661755	4.617623	26.570954	0.133092	-1495.457102	
9.058000	20.456658	0.475545	4.615454	26.583981	0.059107	-1495.412044	
9.059000	20.583504	0.726523	4.612404	26.596969	0.378412	-1495.366548	
9.060000	20.448201	0.767004	4.607782	26.609834	0.343367	-1495.320607	
9.061000	20.393235	0.799388	4.601699	26.622681	0.136986	-1495.274280	
9.062000	20.541222	0.653659	4.595195	26.635751	0.195396	-1495.227693	
9.063000	20.503168	0.783196	4.589123	26.649133	0.152562	-1495.181011	
9.064000	20.414376	0.953214	4.583799	26.662673	0.277169	-1495.134414	
9.065000	20.460886	0.815580	4.579325	26.676206	0.218760	-1495.088064	
9.066000	20.541222	0.823676	4.575792	26.689740	0.031849	-1495.042086	
9.067000	20.515853	0.856061	4.573268	26.703352	0.175926	-1494.996547	
9.068000	20.456658	0.880349	4.571660	26.717056	0.347261	-1494.951462	
9.069000	20.380550	0.896541	4.570781	26.730866	0.261593	-1494.906790	
9.070000	20.389006	0.847965	4.570519	26.744773	0.051319	-1494.862432	
9.071000	20.486255	0.791292	4.570968	26.758669	0.257699	-1494.818245	
9.072000	20.469342	0.621274	4.572367	26.772470	0.179820	-1494.774056	
9.073000	20.312899	0.945118	4.574874	26.786278	0.300533	-1494.729690	
9.074000	20.558135	0.750812	4.578456	26.800324	0.234335	-1494.684998	
9.075000	20.443973	0.823676	4.582947	26.814682	0.316109	-1494.639884	
9.076000	20.473571	0.888445	4.588137	26.829190	0.362836	-1494.594302	
9.077000	20.486255	0.791292	4.593687	26.843678	0.129198	-1494.548266	
9.078000	20.600417	0.669851	4.599116	26.858147	-0.065500	-1494.501865	
9.079000	20.490484	0.807484	4.603929	26.872672	0.140880	-1494.455247	
9.080000	20.477799	0.953214	4.607719	26.887253	0.203184	-1494.408583	
9.081000	20.283301	0.823676	4.610282	26.901885	0.210972	-1494.362050	
9.082000	20.515853	0.613178	4.611477	26.916540	-0.046030	-1494.315805	
9.083000	20.494712	0.831773	4.611204	26.931108	0.172032	-1494.269960	
9.084000	20.528537	0.621274	4.609684	26.945515	0.148668	-1494.224578	
9.085000	20.274845	0.896541	4.607115	26.959880	0.195396	-1494.179658	
9.086000	20.532766	1.026079	4.603387	26.974450	0.226548	-1494.135136	
9.087000	20.350953	0.977502	4.598582	26.989313	0.308321	-1494.090887	
9.088000	20.422832	1.082751	4.593204	27.004312	0.288851	-1494.046749	
9.089000	20.401691	0.872253	4.587847	27.019281	0.133092	-1494.002542	
9.090000	20.630014	0.799388	4.582994	27.034224	0.133092	-1493.958101	
9.091000	20.532766	0.710331	4.579145	27.049212	0.152562	-1493.913299	
9.092000	20.448201	1.001790	4.577050	27.064242	0.347261	-1493.868055	
9.093000	20.283301	0.888445	4.577821	27.079302	0.191502	-1493.822340	
9.094000	20.443973	0.993694	4.582348	27.094360	0.070789	-1493.776197	
9.095000	20.536994	0.661755	4.590226	27.109299	0.121410	-1493.729736	
9.096000	20.456658	0.807484	4.599802	27.124039	0.125304	-1493.683111	
9.097000	20.380550	0.799388	4.609287	27.138698	0.234335	-1493.636493	
9.098000	20.638471	0.791292	4.617465	27.153528	0.187608	-1493.590054	
9.099000	20.511625	0.742716	4.623720	27.168619	0.222654	-1493.543937	
9.100000	20.511625	0.969406	4.627774	27.183819	0.300533	-1493.498239	0.000000
9.101000	20.443973	0.580794	4.629689	27.198970	0.101940	-1493.453010	
9.102000	20.477799	1.034175	4.629847	27.214085	0.078577	-1493.408239	
9.103000	20.558135	0.734620	4.628592	27.229238	0.230441	-1493.363851	
9.104000	20.401691	1.098943	4.626246	27.244435	0.370624	-1493.319704	
9.105000	20.334040	0.807484	4.623221	27.259676	0.269381	-1493.275628	
9.106000	20.397463	0.856061	4.619946	27.274940	0.031849	-1493.231452	
9.107000	20.465114	0.872253	4.616887	27.290118	0.323897	-1493.187029	
9.108000	20.393235	0.750812	4.614255	27.305131	0.281063	-1493.142249	
9.109000	20.334040	0.985598	4.611464	27.320088	0.312215	-1493.097042	
9.110000	20.536994	0.831773	4.607611	27.335220	0.242123	-1493.051395	
9.111000	20.376322	0.880349	4.602853	27.350601	0.316109	-1493.005360	
9.112000	20.460886	0.961310	4.598195	27.366066	0.284957	-1492.959059	
9.113000	20.503168	0.856061	4.594178	27.381445	0.148668	-1492.912657	
9.114000	20.608873	0.807484	4.590867	27.396740	0.105834	-1492.866341	
9.115000	20.536994	0.912733	4.588230	27.412021	0.129198	-1492.820287	
9.116000	20.477799	0.953214	4.586103	27.427293	0.257699	-1492.774624	
9.117000	20.401691	1.001790	4.584537	27.442565	0.242123	-1492.729431	
9.118000	20.452430	0.920829	4.583836	27.457826	0.012379	-1492.684738	
9.119000	20.482027	0.856061	4.583805	27.472969	0.362836	-1492.640519	
9.120000	20.549678	0.710331	4.583884	27.487918	0.172032	-1492.596679	
9.121000	20.329812	0.896541	4.584055	27.502788	0.210972	-1492.553070	
9.122000	20.625786	0.807484	4.584753	27.517820	0.296639	-1492.509522	
9.123000	20.380550	0.969406	4.586250	27.533094	0.339473	-1492.465861	
9.124000	20.465114	1.098943	4.588440	27.548450	0.218760	-1492.421939	
9.125000	20.350953	0.993694	4.590896	27.563721	0.210972	-1492.377656	
9.126000	20.558135	0.686043	4.593354	27.578909	0.105834	-1492.332961	
9.127000	20.486255	0.823676	4.596190	27.594087	0.316109	-1492.287861	
9.128000	20.575048	1.058463	4.599863	27.609262	0.358942	-1492.242426	
9.129000	20.283301	0.807484	4.604212	27.624445	0.246017	-1492.196791	
9.130000	20.443973	0.937022	4.608685	27.639626	0.140880	-1492.151130	
9.131000	20.460886	0.945118	4.612745	27.654694	0.218760	-1492.105624	
9.132000	20.486255	0.831773	4.615971	27.669570	0.214866	-1492.060429	
9.133000	20.363637	0.767004	4.617955	27.684361	0.265487	-1492.015650	
9.134000	20.701894	0.856061	4.618044	27.699298	0.195396	-1491.971348	
9.135000	20.456658	0.750812	4.615755	27.714447	0.242123	-1491.927538	
9.136000	20.503168	0.945118	4.611371	27.729649	0.281063	-1491.884167	
9.137000	20.503168	0.831773	4.605755	27.744738	0.234335	-1491.841122	
9.138000	20.579276	0.896541	4.599937	27.759718	-0.018773	-1491.798251	
9.139000	20.511625	0.799388	4.594899	27.774661	0.105834	-1491.755380	
9.140000	20.456658	0.977502	4.591551	27.789573	0.265487	-1491.712340	
9.141000	20.329812	0.742716	4.590636	27.804466	0.210972	-1491.668995	
9.142000	20.456658	0.750812	4.592281	27.819326	0.094153	-1491.625263	
9.143000	20.549678	0.993694	4.596109	27.834043	0.234335	-1491.581118	
9.144000	20.401691	0.831773	4.601811	27.848537	0.160350	-1491.536591	
9.145000	20.198737	0.945118	4.608954	27.862920	0.292745	-1491.491773	
9.146000	20.558135	0.969406	4.616642	27.877441	0.292745	-1491.446808	
9.147000	20.498940	0.904637	4.623925	27.892181	0.386200	-1491.401863	
9.148000	20.431289	1.034175	4.630293	27.906976	0.242123	-1491.357106	
9.149000	20.469342	0.767004	4.635591	27.921654	0.074683	-1491.312673	
9.150000	20.469342	0.815580	4.639499	27.936206	0.094153	-1491.268662	
9.151000	20.646927	0.767004	4.641501	27.950692	0.156456	-1491.225123	
9.152000	20.427060	1.066559	4.641537	27.965108	0.277169	-1491.182051	
9.153000	20.405919	0.896541	4.640018	27.979459	0.320003	-1491.139378	
9.154000	20.439745	0.783196	4.637407	27.993727	0.059107	-1491.096981	
9.155000	20.524309	0.742716	4.634220	28.007799	0.172032	-1491.054706	
9.156000	20.473571	0.734620	4.630886	28.021599	0.129198	-1491.012379	
9.157000	20.350953	0.775100	4.627602	28.035247	0.156456	-1490.969843	
9.158000	20.591961	0.831773	4.624621	28.048998	0.109728	-1490.926982	
9.159000	20.460886	0.904637	4.622362	28.062936	0.343367	-1490.883725	
9.160000	20.372094	1.115135	4.621095	28.076905	0.269381	-1490.840055	
9.161000	20.431289	0.896541	4.620752	28.090736	0.203184	-1490.796020	
9.162000	20.524309	0.872253	4.620938	28.104428	0.129198	-1490.751737	
9.163000	20.422832	0.791292	4.621094	28.118045	0.246017	-1490.707360	
9.164000	20.469342	0.937022	4.620843	28.131589	0.269381	-1490.663052	
9.165000	20.355181	0.945118	4.620096	28.145070	0.409564	-1490.618970	
9.166000	20.435517	0.856061	4.618888	28.158475	0.168138	-1490.575239	
9.167000	20.490484	0.928926	4.617188	28.171692	0.335579	-1490.531938	
9.168000	20.473571	0.775100	4.614677	28.184643	0.133092	-1490.489093	
9.169000	20.249476	0.953214	4.610805	28.197446	0.183714	-1490.446666	
9.170000	20.591961	0.661755	4.605489	28.210340	0.265487	-1490.404560	
9.171000	20.456658	0.734620	4.599446	28.223390	0.168138	-1490.362630	
9.172000	20.545450	0.945118	4.593607	28.236427	0.230441	-1490.320713	
9.173000	20.465114	0.912733	4.588807	28.249282	0.195396	-1490.278645	
9.174000	20.596189	0.775100	4.585815	28.261953	-0.010985	-1490.236297	
9.175000	20.414376	0.799388	4.585164	28.274506	0.214866	-1490.193580	
9.176000	20.435517	1.009886	4.587006	28.286947	0.086365	-1490.150446	
9.177000	20.257932	0.856061	4.590990	28.299292	0.214866	-1490.106896	
9.178000	20.494712	0.767004	4.596306	28.311532	0.016273	-1490.063002	
9.179000	20.494712	0.847965	4.602046	28.323565	0.284957	-1490.018899	
9.180000	20.460886	0.953214	4.607365	28.335319	0.168138	-1489.974749	
9.181000	20.241019	0.961310	4.611559	28.346920	0.277169	-1489.930717	
9.182000	20.507396	0.937022	4.614278	28.358621	0.156456	-1489.886946	
9.183000	20.410148	0.912733	4.615546	28.370500	0.327791	-1489.843535	
9.184000	20.469342	1.058463	4.615523	28.382391	0.331685	-1489.800537	
9.185000	20.452430	0.726523	4.614196	28.394121	0.172032	-1489.757958	
9.186000	20.570820	0.815580	4.611475	28.405686	0.078577	-1489.715746	
9.187000	20.545450	0.775100	4.607608	28.417154	0.125304	-1489.673793	
9.188000	20.452430	0.985598	4.603197	28.428535	0.269381	-1489.631947	
9.189000	20.317127	0.831773	4.598844	28.439855	0.230441	-1489.590043	
9.190000	20.410148	0.783196	4.594917	28.451111	0.125304	-1489.547927	
9.191000	20.553907	0.653659	4.591534	28.462195	0.273275	-1489.505479	
9.192000	20.558135	0.734620	4.589027	28.473027	0.133092	-1489.462622	
9.193000	20.359409	0.799388	4.588007	28.483730	0.242123	-1489.419324	
9.194000	20.524309	0.823676	4.588406	28.494562	0.168138	-1489.375613	
9.195000	20.473571	0.815580	4.589505	28.505605	0.323897	-1489.331587	
9.196000	20.469342	1.066559	4.590831	28.516701	0.230441	-1489.287396	
9.197000	20.439745	0.872253	4.592146	28.527682	0.136986	-1489.243208	
9.198000	20.482027	0.880349	4.593203	28.538546	0.063001	-1489.199195	
9.199000	20.524309	0.710331	4.593752	28.549357	0.179820	-1489.155492	
9.200000	20.477799	0.888445	4.593404	28.560120	0.327791	-1489.112184	0.000000
9.201000	20.287529	0.920829	4.591986	28.570864	0.257699	-1489.069308	
9.202000	20.482027	0.937022	4.590131	28.581589	0.055213	-1489.026854	
9.203000	20.570820	0.896541	4.588621	28.592184	0.265487	-1488.984756	
9.204000	20.482027	0.726523	4.587729	28.602567	0.284957	-1488.942883	
9.205000	20.262160	0.888445	4.587658	28.612859	0.339473	-1488.901069	
9.206000	20.617330	0.702235	4.588580	28.623306	0.273275	-1488.859139	
9.207000	20.448201	0.783196	4.590315	28.633979	0.246017	-1488.816937	
9.208000	20.515853	0.945118	4.592507	28.644710	0.242123	-1488.774355	
9.209000	20.482027	0.880349	4.594971	28.655325	0.082471	-1488.731333	
9.210000	20.668068	0.920829	4.597723	28.665817	0.047425	-1488.687872	
9.211000	20.460886	0.847965	4.600759	28.676250	0.156456	-1488.644036	
9.212000	20.469342	0.953214	4.603892	28.686639	0.222654	-1488.599951	
9.213000	20.257932	0.872253	4.606788	28.697028	0.281063	-1488.555779	
9.214000	20.498940	0.726523	4.609084	28.707435	-0.014879	-1488.511698	
9.215000	20.469342	0.920829	4.610477	28.717753	0.281063	-1488.467879	
9.216000	20.490484	0.799388	4.610875	28.727903	0.020167	-1488.424443	
9.217000	20.334040	1.042271	4.610599	28.738017	0.175926	-1488.381458	
9.218000	20.591961	0.839869	4.610391	28.748352	0.234335	-1488.338944	
9.219000	20.334040	0.880349	4.610846	28.758986	0.281063	-1488.296865	
9.220000	20.498940	0.872253	4.611982	28.769754	0.284957	-1488.255121	
9.221000	20.452430	0.831773	4.613640	28.780474	0.199290	-1488.213563	
9.222000	20.604645	0.872253	4.615699	28.791131	0.035743	-1488.172022	
9.223000	20.511625	0.791292	4.617830	28.801778	0.226548	-1488.130329	
9.224000	20.431289	1.066559	4.619575	28.812415	0.312215	-1488.088338	
9.225000	20.308670	0.775100	4.620760	28.823052	0.335579	-1488.045957	
9.226000	20.452430	0.847965	4.621744	28.833675	-0.018773	-1488.003145	
9.227000	20.494712	0.694139	4.623093	28.844164	0.183714	-1487.959920	
9.228000	20.511625	0.767004	4.625038	28.854434	0.187608	-1487.916362	
9.229000	20.367865	0.799388	4.627339	28.864605	0.183714	-1487.872602	
9.230000	20.583504	0.815580	4.629556	28.874925	0.098047	-1487.828806	
9.231000	20.528537	0.864157	4.631205	28.885467	0.105834	-1487.785151	
9.232000	20.452430	1.196096	4.631716	28.896066	0.214866	-1487.741791	
9.233000	20.536994	0.791292	4.630541	28.906550	0.140880	-1487.698840	
9.234000	20.553907	0.686043	4.627555	28.916909	0.063001	-1487.656361	
9.235000	20.511625	0.734620	4.623246	28.927201	0.004591	-1487.614358	
9.236000	20.418604	0.985598	4.618239	28.937431	0.105834	-1487.572769	
9.237000	20.300214	0.742716	4.612999	28.947642	0.222654	-1487.531468	
9.238000	20.372094	0.920829	4.608084	28.957850	0.121410	-1487.490296	
9.239000	20.545450	0.758908	4.604069	28.967951	0.218760	-1487.449082	
9.240000	20.486255	0.823676	4.601196	28.977861	0.370624	-1487.407658	
9.241000	20.291758	0.823676	4.599402	28.987702	0.273275	-1487.365886	
9.242000	20.469342	0.767004	4.598811	28.997723	0.284957	-1487.323679	
9.243000	20.494712	1.026079	4.599889	29.007998	0.253805	-1487.281000	
9.244000	20.494712	0.920829	4.603001	29.018358	0.234335	-1487.237874	
9.245000	20.515853	0.856061	4.607956	29.028621	0.152562	-1487.194396	
9.246000	20.655384	0.815580	4.613981	29.038769	0.168138	-1487.150725	
9.247000	20.558135	0.767004	4.620110	29.048853	0.074683	-1487.107044	
9.248000	20.507396	0.904637	4.625488	29.058876	0.140880	-1487.063531	
9.249000	20.262160	0.864157	4.629376	29.068866	0.059107	-1487.020328	
9.250000	20.511625	0.856061	4.631331	29.078825	0.125304	-1486.977533	
9.251000	20.435517	0.953214	4.631582	29.088644	0.175926	-1486.935195	
9.252000	20.439745	0.742716	4.630775	29.098245	0.179820	-1486.893304	
9.253000	20.262160	1.001790	4.629350	29.107763	0.121410	-1486.851779	
9.254000	20.596189	0.791292	4.627526	29.117464	0.136986	-1486.810481	
9.255000	20.376322	0.799388	4.625563	29.127429	0.362836	-1486.769243	
9.256000	20.389006	1.009886	4.623724	29.137492	0.269381	-1486.727887	
9.257000	20.372094	0.904637	4.622175	29.147476	0.273275	-1486.686251	
9.258000	20.600417	0.621274	4.621217	29.157362	0.082471	-1486.644218	
9.259000	20.469342	0.775100	4.621414	29.167204	0.234335	-1486.601717	
9.260000	20.460886	1.066559	4.623206	29.177009	0.195396	-1486.558730	
9.261000	20.287529	0.758908	4.626602	29.186817	0.144774	-1486.515308	
9.262000	20.515853	0.864157	4.631113	29.196633	0.094153	-1486.471575	
9.263000	20.473571	0.734620	4.635802	29.206341	0.257699	-1486.427700	
9.264000	20.486255	0.864157	4.639722	29.215855	0.273275	-1486.383864	
9.265000	20.308670	0.912733	4.642302	29.225300	0.246017	-1486.340231	
9.266000	20.638471	0.815580	4.643227	29.234926	0.207078	-1486.296929	
9.267000	20.431289	0.839869	4.642301	29.244803	0.179820	-1486.254036	
9.268000	20.490484	1.034175	4.639504	29.254764	0.144774	-1486.211583	
9.269000	20.490484	0.823676	4.634887	29.264632	0.207078	-1486.169546	
9.270000	20.549678	0.937022	4.628645	29.274392	0.008485	-1486.127838	
9.271000	20.524309	0.750812	4.621426	29.284098	0.195396	-1486.086319	
9.272000	20.359409	1.001790	4.614031	29.293754	0.238229	-1486.044809	
9.273000	20.291758	0.945118	4.606988	29.303396	0.136986	-1486.003127	
9.274000	20.367865	0.977502	4.600881	29.313034	0.133092	-1485.961126	
9.275000	20.482027	0.783196	4.596097	29.322559	0.277169	-1485.918707	
9.276000	20.393235	0.969406	4.591950	29.331894	0.175926	-1485.875821	
9.277000	20.350953	0.880349	4.587622	29.341176	0.277169	-1485.832467	
9.278000	20.515853	1.034175	4.583423	29.350661	0.246017	-1485.788715	
9.279000	20.439745	0.961310	4.580065	29.360419	0.238229	-1485.744697	
9.280000	20.418604	1.082751	4.577795	29.370277	0.230441	-1485.700578	
9.281000	20.498940	0.856061	4.576525	29.380052	0.098047	-1485.656537	
9.282000	20.604645	0.783196	4.576105	29.389722	0.051319	-1485.612739	
9.283000	20.528537	0.839869	4.576630	29.399335	0.183714	-1485.569306	
9.284000	20.520081	1.009886	4.578621	29.408891	0.312215	-1485.526308	
9.285000	20.304442	0.872253	4.582265	29.418432	0.218760	-1485.483757	
9.286000	20.410148	0.880349	4.586793	29.427972	0.101940	-1485.441610	
9.287000	20.507396	0.823676	4.591243	29.437401	0.277169	-1485.399757	
9.288000	20.465114	0.839869	4.595195	29.446641	0.140880	-1485.358042	
9.289000	20.300214	0.847965	4.598559	29.455830	0.183714	-1485.316288	
9.290000	20.566591	0.799388	4.601308	29.465231	0.160350	-1485.274323	
9.291000	20.389006	0.945118	4.603498	29.474921	0.331685	-1485.232014	
9.292000	20.503168	0.969406	4.605368	29.484731	0.238229	-1485.189278	
9.293000	20.401691	0.775100	4.607272	29.494486	0.207078	-1485.146078	
9.294000	20.498940	0.888445	4.609358	29.504165	0.090259	-1485.102443	
9.295000	20.418604	1.034175	4.611401	29.513812	0.347261	-1485.058465	
9.296000	20.498940	0.928926	4.612905	29.523427	0.203184	-1485.014284	
9.297000	20.274845	0.847965	4.613430	29.533046	0.230441	-1484.970074	
9.298000	20.473571	0.710331	4.612926	29.542679	0.175926	-1484.926013	
9.299000	20.465114	0.799388	4.611466	29.552213	0.358942	-1484.882259	
9.300000	20.435517	0.686043	4.609078	29.561567	0.156456	-1484.838913	0.000000
9.301000	20.287529	0.791292	4.606273	29.570877	0.308321	-1484.796020	
9.302000	20.659612	0.807484	4.603899	29.580402	0.133092	-1484.753573	
9.303000	20.460886	0.864157	4.602268	29.590212	0.179820	-1484.711497	
9.304000	20.558135	0.953214	4.601183	29.600134	0.082471	-1484.669667	
9.305000	20.452430	0.742716	4.600599	29.609990	0.129198	-1484.627925	
9.306000	20.634243	0.839869	4.600561	29.619762	0.012379	-1484.586104	
9.307000	20.494712	0.775100	4.600866	29.629496	0.160350	-1484.544052	
9.308000	20.380550	1.026079	4.601384	29.639199	0.331685	-1484.501650	
9.309000	20.270617	0.807484	4.602249	29.648923	0.175926	-1484.458827	
9.310000	20.469342	0.872253	4.603547	29.658691	0.098047	-1484.415573	
9.311000	20.549678	0.702235	4.605216	29.668399	0.393988	-1484.371942	
9.312000	20.405919	0.896541	4.607049	29.677968	0.335579	-1484.328050	
9.313000	20.283301	0.742716	4.608702	29.687533	0.222654	-1484.284048	
9.314000	20.515853	0.953214	4.609850	29.697344	0.148668	-1484.240107	
9.315000	20.486255	0.993694	4.610431	29.707463	0.374518	-1484.196389	
9.316000	20.389006	1.017982	4.610613	29.717709	0.296639	-1484.153020	
9.317000	20.367865	0.661755	4.610461	29.727899	0.222654	-1484.110078	
9.318000	20.494712	0.767004	4.609897	29.738004	0.101940	-1484.067597	
9.319000	20.600417	0.661755	4.608943	29.748062	0.308321	-1484.025555	
9.320000	20.528537	0.937022	4.607739	29.758071	0.187608	-1483.983863	
9.321000	20.312899	0.831773	4.606586	29.768063	0.183714	-1483.942381	
9.322000	20.473571	0.985598	4.605858	29.778046	0.063001	-1483.900944	
9.323000	20.507396	0.847965	4.605708	29.787905	0.148668	-1483.859391	
9.324000	20.439745	0.791292	4.605944	29.797562	0.183714	-1483.817576	
9.325000	20.295986	0.880349	4.606002	29.807161	0.277169	-1483.775399	
9.326000	20.604645	0.856061	4.605435	29.816969	0.191502	-1483.732802	
9.327000	20.482027	0.880349	4.604580	29.827057	0.269381	-1483.689787	
9.328000	20.410148	0.872253	4.604089	29.837257	0.230441	-1483.646426	
9.329000	20.439745	1.026079	4.604154	29.847391	0.144774	-1483.602852	
9.330000	20.553907	0.767004	4.604572	29.857439	-0.069394	-1483.559234	
9.331000	20.397463	0.847965	4.605148	29.867442	0.148668	-1483.515745	
9.332000	20.477799	0.888445	4.606043	29.877400	0.304427	-1483.472531	
9.333000	20.266388	0.815580	4.607625	29.887352	0.172032	-1483.429695	
9.334000	20.579276	0.775100	4.610014	29.897310	0.195396	-1483.387302	
9.335000	20.431289	0.888445	4.612854	29.907163	0.226548	-1483.345369	
9.336000	20.482027	0.839869	4.615442	29.916830	0.214866	-1483.303846	
9.337000	20.249476	0.888445	4.617365	29.926443	0.136986	-1483.262618	
9.338000	20.625786	0.726523	4.618797	29.936256	0.109728	-1483.221525	
9.339000	20.439745	0.742716	4.620020	29.946331	0.300533	-1483.180389	
9.340000	20.520081	0.872253	4.621036	29.956491	0.218760	-1483.139044	
9.341000	20.545450	0.734620	4.621668	29.966550	0.098047	-1483.097361	
9.342000	20.591961	0.588890	4.621827	29.976488	0.059107	-1483.055266	
9.343000	20.443973	0.726523	4.621641	29.986348	0.242123	-1483.012735	
9.344000	20.435517	1.050367	4.621336	29.996138	0.214866	-1482.969794	
9.345000	20.334040	0.847965	4.621092	30.005905	0.183714	-1482.926533	
9.346000	20.486255	0.815580	4.620875	30.015666	0.051319	-1482.883097	
9.347000	20.494712	0.637467	4.620590	30.025311	0.242123	-1482.839658	
9.348000	20.460886	0.864157	4.620501	30.034757	0.125304	-1482.796384	
9.349000	20.312899	0.864157	4.620941	30.044140	0.222654	-1482.753411	
9.350000	20.494712	0.831773	4.621854	30.053717	0.390094	-1482.710829	
9.351000	20.536994	0.872253	4.622849	30.063552	0.242123	-1482.668682	
9.352000	20.427060	1.123232	4.623308	30.073468	0.304427	-1482.626962	
9.353000	20.435517	0.702235	4.622881	30.083276	0.183714	-1482.585593	
9.354000	20.503168	0.831773	4.621927	30.092947	0.035743	-1482.544445	
9.355000	20.562363	0.718427	4.620962	30.102517	0.187608	-1482.503356	
9.356000	20.443973	0.945118	4.620246	30.111986	0.238229	-1482.462150	
9.357000	20.325583	0.783196	4.620058	30.121406	0.253805	-1482.420671	
9.358000	20.486255	0.912733	4.620733	30.130805	0.098047	-1482.378809	
9.359000	20.545450	0.888445	4.622262	30.140075	0.136986	-1482.336505	
9.360000	20.503168	0.726523	4.623995	30.149134	0.133092	-1482.293744	
9.361000	20.295986	0.742716	4.625308	30.158121	0.066895	-1482.250574	
9.362000	20.600417	0.791292	4.626108	30.167294	0.222654	-1482.207109	
9.363000	20.524309	0.718427	4.626316	30.176716	0.214866	-1482.163507	
9.364000	20.486255	0.977502	4.625778	30.186216	0.257699	-1482.119949	
9.365000	20.418604	0.920829	4.624592	30.195615	0.156456	-1482.076604	
9.366000	20.515853	0.872253	4.623002	30.204891	0.078577	-1482.033602	
9.367000	20.460886	0.864157	4.621205	30.214088	0.246017	-1481.991019	
9.368000	20.405919	0.937022	4.619343	30.223212	0.242123	-1481.948874	
9.369000	20.236791	0.791292	4.617449	30.232318	0.304427	-1481.907129	
9.370000	20.460886	0.734620	4.615415	30.241433	0.234335	-1481.865688	
9.371000	20.482027	0.937022	4.613277	30.250448	0.253805	-1481.824406	
9.372000	20.507396	0.928926	4.611230	30.259281	0.187608	-1481.783111	
9.373000	20.241019	1.017982	4.609276	30.268068	0.152562	-1481.741626	
9.374000	20.596189	0.920829	4.607376	30.277062	0.187608	-1481.699800	
9.375000	20.405919	1.042271	4.605639	30.286324	0.203184	-1481.657531	
9.376000	20.549678	1.123232	4.604143	30.295670	0.210972	-1481.614770	
9.377000	20.384778	0.783196	4.603107	30.304913	0.055213	-1481.571524	
9.378000	20.655384	0.758908	4.602761	30.314026	0.055213	-1481.527875	
9.379000	20.503168	0.977502	4.602842	30.323047	0.148668	-1481.483965	
9.380000	20.435517	1.107039	4.602832	30.331977	0.164244	-1481.439966	
9.381000	20.202965	0.920829	4.602504	30.340858	0.129198	-1481.396060	
9.382000	20.443973	0.896541	4.602021	30.349703	0.082471	-1481.352410	
9.383000	20.435517	0.831773	4.601515	30.358403	0.257699	-1481.309135	
9.384000	20.503168	0.823676	4.600620	30.366878	0.234335	-1481.266298	
9.385000	20.300214	0.937022	4.598747	30.375272	0.242123	-1481.223907	
9.386000	20.596189	0.823676	4.595791	30.383848	0.273275	-1481.181908	
9.387000	20.342496	0.872253	4.592298	30.392678	0.355048	-1481.140184	
9.388000	20.401691	1.098943	4.589065	30.401585	0.269381	-1481.098577	
9.389000	20.414376	0.807484	4.586668	30.410384	0.148668	-1481.056908	
9.390000	20.553907	0.912733	4.585202	30.419039	0.047425	-1481.015007	
9.391000	20.456658	0.758908	4.584444	30.427583	0.172032	-1480.972737	
9.392000	20.418604	1.131328	4.584289	30.436012	0.246017	-1480.930011	
9.393000	20.367865	0.969406	4.584768	30.444366	0.160350	-1480.886797	
9.394000	20.465114	0.896541	4.585650	30.452660	0.059107	-1480.843126	
9.395000	20.494712	0.945118	4.586491	30.460782	0.207078	-1480.799101	
9.396000	20.435517	0.864157	4.586899	30.468651	0.230441	-1480.754875	
9.397000	20.372094	0.734620	4.586625	30.476403	0.164244	-1480.710622	
9.398000	20.532766	0.718427	4.585842	30.484299	0.055213	-1480.666521	
9.399000	20.494712	0.694139	4.585174	30.492407	0.261593	-1480.622719	
9.400000	20.477799	0.888445	4.584961	30.500553	0.230441	-1480.579318	0.000000
9.401000	20.545450	0.807484	4.584832	30.508558	0.140880	-1480.536367	
9.402000	20.532766	0.928926	4.584294	30.516398	0.031849	-1480.493867	
9.403000	20.541222	0.839869	4.583242	30.524113	0.207078	-1480.451749	
9.404000	20.401691	1.026079	4.581929	30.531706	0.327791	-1480.409879	
9.405000	20.257932	0.799388	4.580730	30.539224	0.203184	-1480.368087	
9.406000	20.355181	0.767004	4.579919	30.546685	0.070789	-1480.326197	
9.407000	20.528537	0.880349	4.579817	30.553978	0.331685	-1480.284049	
9.408000	20.473571	0.791292	4.581245	30.561021	0.253805	-1480.241523	
9.409000	20.304442	0.880349	4.585654	30.567949	0.312215	-1480.198543	
9.410000	20.528537	0.815580	4.594339	30.575020	0.234335	-1480.155090	
9.411000	20.418604	0.928926	4.607156	30.582293	0.382306	-1480.111209	
9.412000	20.473571	0.856061	4.622312	30.589586	0.327791	-1480.067017	
9.413000	20.452430	0.661755	4.637473	30.596712	0.070789	-1480.022678	
9.414000	20.646927	0.750812	4.650713	30.603635	0.160350	-1479.978381	
9.415000	20.553907	0.807484	4.660788	30.610391	0.136986	-1479.934305	
9.416000	20.545450	0.912733	4.667134	30.616986	0.136986	-1479.890590	
9.417000	20.215650	0.734620	4.669680	30.623486	0.218760	-1479.847321	
9.418000	20.439745	0.556506	4.668659	30.629928	0.098047	-1479.804538	
9.419000	20.456658	0.815580	4.664567	30.636205	0.175926	-1479.762227	
9.420000	20.532766	0.629370	4.658085	30.642237	0.090259	-1479.720297	
9.421000	20.241019	0.945118	4.650022	30.648178	0.214866	-1479.678602	
9.422000	20.587732	0.888445	4.641141	30.654301	0.136986	-1479.636969	
9.423000	20.401691	0.953214	4.632010	30.660676	0.168138	-1479.595221	
9.424000	20.372094	1.042271	4.623162	30.667129	0.179820	-1479.553207	
9.425000	20.393235	0.993694	4.615161	30.673473	0.148668	-1479.510820	
9.426000	20.591961	0.775100	4.608563	30.679674	0.098047	-1479.468002	
9.427000	20.528537	0.856061	4.603974	30.685762	0.246017	-1479.424751	
9.428000	20.448201	0.888445	4.601833	30.691733	0.257699	-1479.381133	
9.429000	20.262160	0.815580	4.601979	30.697650	0.284957	-1479.337274	
9.430000	20.452430	0.904637	4.603677	30.703542	0.027955	-1479.293347	
9.431000	20.536994	0.637467	4.606165	30.709298	0.214866	-1479.249536	
9.432000	20.456658	0.783196	4.608864	30.714834	0.109728	-1479.206008	
9.433000	20.372094	0.540314	4.611003	30.720294	0.222654	-1479.162878	
9.434000	20.613102	0.807484	4.611564	30.725943	0.343367	-1479.120215	
9.435000	20.553907	0.791292	4.609926	30.731844	0.175926	-1479.078035	
9.436000	20.460886	0.969406	4.606278	30.737816	0.218760	-1479.036295	
9.437000	20.528537	0.767004	4.601459	30.743673	0.125304	-1478.994890	
9.438000	20.520081	0.831773	4.596590	30.749380	-0.007091	-1478.953678	
9.439000	20.528537	0.750812	4.592562	30.754968	0.024061	-1478.912489	
9.440000	20.397463	1.026079	4.589777	30.760441	0.308321	-1478.871148	
9.441000	20.262160	0.920829	4.588402	30.765863	0.172032	-1478.829512	
9.442000	20.397463	0.775100	4.588686	30.771270	0.121410	-1478.787490	
9.443000	20.452430	0.920829	4.590872	30.776552	0.362836	-1478.745044	
9.444000	20.397463	0.839869	4.594867	30.781626	0.269381	-1478.702194	
9.445000	20.334040	0.880349	4.600199	30.786637	0.183714	-1478.659023	
9.446000	20.591961	0.750812	4.606202	30.791843	0.175926	-1478.615669	
9.447000	20.393235	0.856061	4.612077	30.797302	0.304427	-1478.572303	
9.448000	20.452430	0.904637	4.617004	30.802831	0.312215	-1478.529094	
9.449000	20.490484	0.839869	4.620520	30.808239	0.234335	-1478.486192	
9.450000	20.621558	0.637467	4.622773	30.813483	0.129198	-1478.443702	
9.451000	20.507396	0.847965	4.624126	30.818588	0.105834	-1478.401681	
9.452000	20.541222	0.969406	4.624731	30.823554	0.218760	-1478.360131	
9.453000	20.317127	0.847965	4.624582	30.828456	0.164244	-1478.318985	
9.454000	20.456658	0.669851	4.623783	30.833342	0.090259	-1478.278124	
9.455000	20.452430	0.767004	4.622694	30.838106	0.296639	-1478.237391	
9.456000	20.545450	0.718427	4.621710	30.842669	0.179820	-1478.196611	
9.457000	20.274845	0.880349	4.621145	30.847189	0.265487	-1478.155618	
9.458000	20.575048	0.969406	4.621143	30.851939	0.160350	-1478.114285	
9.459000	20.486255	0.969406	4.621284	30.856983	0.335579	-1478.072536	
9.460000	20.431289	1.107039	4.621283	30.862146	0.222654	-1478.030349	
9.461000	20.414376	0.888445	4.622047	30.867240	0.203184	-1477.987765	
9.462000	20.490484	0.856061	4.624424	30.872227	0.063001	-1477.944896	
9.463000	20.482027	0.815580	4.627886	30.877130	0.187608	-1477.901894	
9.464000	20.498940	1.082751	4.631524	30.881947	0.238229	-1477.858924	
9.465000	20.266388	0.856061	4.634874	30.886743	0.199290	-1477.816150	
9.466000	20.452430	0.937022	4.637633	30.891560	0.148668	-1477.773708	
9.467000	20.498940	1.034175	4.639378	30.896291	0.347261	-1477.731687	
9.468000	20.380550	0.775100	4.639633	30.900848	0.175926	-1477.690125	
9.469000	20.325583	0.637467	4.638252	30.905379	0.218760	-1477.648999	
9.470000	20.668068	0.937022	4.635555	30.910149	0.168138	-1477.608221	
9.471000	20.511625	0.823676	4.632096	30.915211	0.261593	-1477.567651	
9.472000	20.482027	0.993694	4.628479	30.920383	0.168138	-1477.527121	
9.473000	20.486255	0.847965	4.625187	30.925475	0.175926	-1477.486464	
9.474000	20.528537	0.791292	4.622571	30.930446	0.008485	-1477.445543	
9.475000	20.498940	0.726523	4.620836	30.935317	0.160350	-1477.404258	
9.476000	20.376322	1.001790	4.619894	30.940095	0.296639	-1477.362551	
9.477000	20.274845	0.799388	4.619617	30.944853	0.230441	-1477.320416	
9.478000	20.308670	0.799388	4.620024	30.949640	0.168138	-1477.277915	
9.479000	20.503168	0.856061	4.620899	30.954350	0.312215	-1477.235179	
9.480000	20.410148	0.856061	4.621701	30.958904	0.284957	-1477.192368	
9.481000	20.228334	0.904637	4.621933	30.963459	0.304427	-1477.149654	
9.482000	20.587732	0.823676	4.621351	30.968286	0.281063	-1477.107192	
9.483000	20.456658	0.856061	4.619892	30.973440	0.397882	-1477.065095	
9.484000	20.469342	1.001790	4.617495	30.978734	0.331685	-1477.023426	
9.485000	20.410148	0.920829	4.613869	30.983975	0.043531	-1476.982196	
9.486000	20.600417	0.864157	4.608635	30.989118	0.101940	-1476.941367	
9.487000	20.583504	0.807484	4.602064	30.994184	0.164244	-1476.900838	
9.488000	20.490484	0.847965	4.595186	30.999171	0.222654	-1476.860461	
9.489000	20.257932	0.896541	4.588967	31.004146	0.207078	-1476.820071	
9.490000	20.482027	0.888445	4.583992	31.009147	0.063001	-1476.779509	
9.491000	20.448201	0.912733	4.580644	31.014063	0.429034	-1476.738650	
9.492000	20.456658	0.564602	4.579149	31.018810	0.133092	-1476.697411	
9.493000	20.228334	0.775100	4.579623	31.023546	0.144774	-1476.655749	
9.494000	20.701894	0.791292	4.581947	31.028539	0.059107	-1476.613678	
9.495000	20.443973	0.969406	4.585767	31.033845	0.312215	-1476.571278	
9.496000	20.507396	0.969406	4.590640	31.039284	0.288851	-1476.528688	
9.497000	20.376322	0.839869	4.596028	31.044664	0.187608	-1476.486076	
9.498000	20.532766	0.937022	4.601483	31.049945	0.117516	-1476.443614	
9.499000	20.401691	0.961310	4.606763	31.055143	0.199290	-1476.401447	
9.500000	20.477799	0.937022	4.611435	31.060261	0.296639	-1476.359666	0.000000
9.501000	20.274845	0.912733	4.614656	31.065374	0.249911	-1476.318316	
9.502000	20.465114	0.799388	4.615638	31.070529	0.136986	-1476.277396	
9.503000	20.410148	0.702235	4.614242	31.075615	0.288851	-1476.236847	
9.504000	20.452430	0.823676	4.611098	31.080548	0.140880	-1476.196546	
9.505000	20.283301	0.856061	4.607212	31.085480	0.308321	-1476.156333	
9.506000	20.575048	0.815580	4.603498	31.090678	0.246017	-1476.116037	
9.507000	20.494712	0.758908	4.600741	31.096193	0.320003	-1476.075497	
9.508000	20.448201	0.864157	4.599589	31.101838	0.253805	-1476.034595	
9.509000	20.583504	0.758908	4.599990	31.107423	0.094153	-1475.993260	
9.510000	20.549678	0.839869	4.601070	31.112903	0.024061	-1475.951480	
9.511000	20.503168	0.710331	4.602293	31.118300	0.144774	-1475.909304	
9.512000	20.359409	0.953214	4.603763	31.123622	0.246017	-1475.866844	
9.513000	20.295986	0.880349	4.605290	31.128951	0.195396	-1475.824252	
9.514000	20.422832	0.896541	4.606451	31.134340	0.121410	-1475.781703	
9.515000	20.477799	0.734620	4.606973	31.139679	0.374518	-1475.739367	
9.516000	20.460886	0.823676	4.606473	31.144883	0.175926	-1475.697372	
9.517000	20.350953	0.888445	4.604650	31.150108	0.105834	-1475.655798	
9.518000	20.486255	0.750812	4.601584	31.155625	0.304427	-1475.614675	
9.519000	20.410148	0.953214	4.597405	31.161491	0.269381	-1475.573983	
9.520000	20.389006	1.001790	4.592346	31.167521	0.355048	-1475.533635	
9.521000	20.460886	0.912733	4.587075	31.173518	0.210972	-1475.493493	
9.522000	20.515853	0.791292	4.582463	31.179434	0.125304	-1475.453392	
9.523000	20.511625	0.847965	4.579180	31.185280	0.133092	-1475.413166	
9.524000	20.473571	0.799388	4.577513	31.191057	0.160350	-1475.372667	
9.525000	20.253704	0.775100	4.577264	31.196848	0.257699	-1475.331794	
9.526000	20.460886	0.856061	4.577930	31.202711	0.101940	-1475.290500	
9.527000	20.456658	0.839869	4.579313	31.208535	0.207078	-1475.248792	
9.528000	20.558135	0.540314	4.581626	31.214231	0.051319	-1475.206738	
9.529000	20.186052	0.856061	4.584909	31.219951	0.078577	-1475.164460	
9.530000	20.646927	0.677947	4.588853	31.225966	0.121410	-1475.122117	
9.531000	20.443973	0.831773	4.593104	31.232335	0.284957	-1475.079881	
9.532000	20.536994	0.880349	4.597561	31.238875	0.191502	-1475.037914	
9.533000	20.414376	0.847965	4.602213	31.245391	0.296639	-1474.996336	
9.534000	20.507396	0.953214	4.606660	31.251839	0.109728	-1474.955216	
9.535000	20.439745	0.702235	4.610332	31.258239	0.401776	-1474.914572	
9.536000	20.350953	0.928926	4.612914	31.264594	0.183714	-1474.874351	
9.537000	20.194509	0.896541	4.614368	31.270985	0.253805	-1474.834439	
9.538000	20.524309	0.767004	4.614978	31.277464	0.051319	-1474.794684	
9.539000	20.494712	0.799388	4.615259	31.283919	0.323897	-1474.754916	
9.540000	20.498940	0.823676	4.615677	31.290260	0.331685	-1474.714966	
9.541000	20.232563	0.864157	4.616382	31.296628	0.207078	-1474.674695	
9.542000	20.515853	1.017982	4.617267	31.303280	0.144774	-1474.634010	
9.543000	20.490484	0.726523	4.618321	31.310261	0.136986	-1474.592870	
9.544000	20.528537	1.123232	4.619717	31.317383	0.261593	-1474.551288	
9.545000	20.490484	0.815580	4.621509	31.324449	0.210972	-1474.509351	
9.546000	20.596189	0.783196	4.623424	31.331411	-0.022667	-1474.467205	
9.547000	20.575048	0.694139	4.624987	31.338286	0.195396	-1474.425028	
9.548000	20.439745	0.896541	4.625777	31.345077	0.133092	-1474.382997	
9.549000	20.283301	0.880349	4.625572	31.351865	0.238229	-1474.341259	
9.550000	20.418604	0.904637	4.624318	31.358699	0.144774	-1474.299920	
9.551000	20.528537	0.847965	4.621978	31.365471	0.331685	-1474.259036	
9.552000	20.401691	0.783196	4.618385	31.372094	0.133092	-1474.218602	
9.553000	20.253704	0.758908	4.613465	31.378725	0.098047	-1474.178545	
9.554000	20.575048	0.815580	4.607637	31.385639	0.187608	-1474.138734	
9.555000	20.397463	0.847965	4.601643	31.392896	0.273275	-1474.099002	
9.556000	20.342496	1.155616	4.596087	31.400316	0.288851	-1474.059171	
9.557000	20.456658	0.758908	4.591295	31.407703	0.261593	-1474.019076	
9.558000	20.553907	1.009886	4.587346	31.415004	0.253805	-1473.978592	
9.559000	20.443973	0.710331	4.583890	31.422230	0.183714	-1473.937642	
9.560000	20.401691	0.775100	4.580493	31.429378	0.175926	-1473.896200	
9.561000	20.308670	0.872253	4.577437	31.436530	0.152562	-1473.854304	
9.562000	20.515853	0.734620	4.575291	31.443734	0.094153	-1473.812069	
9.563000	20.486255	0.872253	4.574057	31.450879	0.218760	-1473.769659	
9.564000	20.503168	0.856061	4.573486	31.457877	0.140880	-1473.727250	
9.565000	20.300214	0.904637	4.573551	31.464885	0.175926	-1473.685011	
9.566000	20.621558	0.572698	4.574284	31.472171	0.125304	-1473.643074	
9.567000	20.317127	0.686043	4.575595	31.479791	0.273275	-1473.601526	
9.568000	20.477799	0.710331	4.577343	31.487558	0.164244	-1473.560406	
9.569000	20.401691	0.807484	4.579328	31.495282	0.090259	-1473.519701	
9.570000	20.575048	0.742716	4.581218	31.502915	0.105834	-1473.479336	
9.571000	20.367865	0.945118	4.582699	31.510478	0.203184	-1473.439174	
9.572000	20.414376	1.017982	4.583797	31.517975	0.265487	-1473.399038	
9.573000	20.198737	0.677947	4.584980	31.525490	0.347261	-1473.358748	
9.574000	20.384778	0.767004	4.586897	31.533073	0.191502	-1473.318150	
9.575000	20.431289	0.669851	4.590051	31.540614	0.261593	-1473.277141	
9.576000	20.524309	0.831773	4.594615	31.548025	0.355048	-1473.235661	
9.577000	20.245247	0.928926	4.600423	31.555461	0.327791	-1473.193705	
9.578000	20.566591	0.904637	4.607078	31.563199	0.160350	-1473.151335	
9.579000	20.405919	0.856061	4.613966	31.571300	0.312215	-1473.108676	
9.580000	20.443973	1.009886	4.620225	31.579571	0.214866	-1473.065893	
9.581000	20.490484	0.613178	4.625029	31.587812	0.136986	-1473.023167	
9.582000	20.600417	0.767004	4.627809	31.595967	0.125304	-1472.980669	
9.583000	20.515853	0.637467	4.628622	31.604052	0.160350	-1472.938524	
9.584000	20.477799	0.928926	4.628152	31.612067	0.094153	-1472.896807	
9.585000	20.215650	0.767004	4.626325	31.620095	0.234335	-1472.855539	
9.586000	20.376322	0.864157	4.622294	31.628191	0.113622	-1472.814686	
9.587000	20.524309	0.912733	4.616203	31.636243	0.300533	-1472.774149	
9.588000	20.448201	0.847965	4.609307	31.644164	0.234335	-1472.733775	
9.589000	20.312899	0.807484	4.602842	31.652100	0.179820	-1472.693385	
9.590000	20.520081	0.839869	4.597531	31.660314	0.160350	-1472.652804	
9.591000	20.482027	0.856061	4.593637	31.668862	0.222654	-1472.611889	
9.592000	20.431289	0.912733	4.591122	31.677557	0.281063	-1472.570547	
9.593000	20.418604	0.961310	4.589988	31.686204	0.265487	-1472.528732	
9.594000	20.524309	0.888445	4.590393	31.694755	0.090259	-1472.486459	
9.595000	20.536994	0.734620	4.592266	31.703221	0.203184	-1472.443807	
9.596000	20.418604	0.920829	4.595107	31.711599	0.308321	-1472.400909	
9.597000	20.270617	0.880349	4.598204	31.719968	0.261593	-1472.357935	
9.598000	20.482027	0.839869	4.600861	31.728383	0.094153	-1472.315068	
9.599000	20.486255	0.937022	4.602534	31.736729	0.214866	-1472.272471	
9.600000	20.494712	0.775100	4.602945	31.744919	0.214866	-1472.230254	0.000000
9.601000	20.308670	0.920829	4.602002	31.753105	0.179820	-1472.188476	
9.602000	20.634243	0.653659	4.599622	31.761555	0.199290	-1472.147135	
9.603000	20.482027	0.540314	4.595937	31.770326	0.207078	-1472.106165	
9.604000	20.456658	0.864157	4.591506	31.779232	0.175926	-1472.065445	
9.605000	20.456658	0.799388	4.587101	31.788078	0.136986	-1472.024821	
9.606000	20.630014	0.815580	4.583328	31.796817	0.059107	-1471.984125	
9.607000	20.460886	0.839869	4.580601	31.805466	0.168138	-1471.943198	
9.608000	20.397463	1.155616	4.579379	31.814026	0.308321	-1471.901910	
9.609000	20.181824	0.823676	4.579798	31.822567	0.261593	-1471.860177	
9.610000	20.515853	0.750812	4.581430	31.831133	0.109728	-1471.817972	
9.611000	20.380550	0.775100	4.583854	31.839610	0.288851	-1471.775334	
9.612000	20.469342	0.856061	4.586903	31.847910	0.261593	-1471.732369	
9.613000	20.266388	0.864157	4.590396	31.856184	0.246017	-1471.689229	
9.614000	20.604645	0.815580	4.594107	31.864699	0.277169	-1471.646088	
9.615000	20.397463	0.880349	4.597992	31.873513	0.320003	-1471.603114	
9.616000	20.490484	0.961310	4.602103	31.882437	0.253805	-1471.560442	
9.617000	20.575048	0.815580	4.606209	31.891271	0.156456	-1471.518159	
9.618000	20.608873	0.734620	4.610186	31.899959	0.094153	-1471.476312	
9.619000	20.541222	0.726523	4.614537	31.908514	0.214866	-1471.434894	
9.620000	20.469342	1.058463	4.619610	31.916937	0.378412	-1471.393827	
9.621000	20.287529	0.856061	4.625046	31.925311	0.152562	-1471.352976	
9.622000	20.401691	0.839869	4.630392	31.933692	-0.007091	-1471.312181	
9.623000	20.545450	0.661755	4.635414	31.941972	0.347261	-1471.271276	
9.624000	20.482027	0.726523	4.639821	31.950063	0.113622	-1471.230111	
9.625000	20.308670	0.702235	4.643226	31.958120	0.242123	-1471.188574	
9.626000	20.579276	0.815580	4.645606	31.966412	0.230441	-1471.146599	
9.627000	20.494712	0.904637	4.647369	31.974994	0.347261	-1471.104179	
9.628000	20.422832	1.009886	4.648855	31.983681	0.288851	-1471.061373	
9.629000	20.435517	0.831773	4.650030	31.992277	0.199290	-1471.018306	
9.630000	20.418604	0.847965	4.650515	32.000735	0.179820	-1470.975142	
9.631000	20.532766	0.694139	4.649961	32.009068	0.183714	-1470.932055	
9.632000	20.448201	0.920829	4.648355	32.017270	0.284957	-1470.889203	
9.633000	20.338268	0.815580	4.645716	32.025406	0.191502	-1470.846704	
9.634000	20.469342	0.880349	4.641985	32.033512	0.105834	-1470.804635	
9.635000	20.545450	0.945118	4.637568	32.041473	0.253805	-1470.763029	
9.636000	20.405919	0.888445	4.633289	32.049196	0.261593	-1470.721855	
9.637000	20.283301	0.799388	4.629698	32.056833	0.109728	-1470.681011	
9.638000	20.600417	0.686043	4.626966	32.064650	0.164244	-1470.640345	
9.639000	20.511625	0.758908	4.625156	32.072706	0.246017	-1470.599684	
9.640000	20.549678	0.758908	4.624298	32.080816	0.265487	-1470.558857	
9.641000	20.448201	0.815580	4.624341	32.088786	0.183714	-1470.517728	
9.642000	20.676525	0.758908	4.625065	32.096574	0.043531	-1470.476214	
9.643000	20.511625	0.856061	4.626367	32.104202	0.234335	-1470.434281	
9.644000	20.456658	0.961310	4.628480	32.111677	0.269381	-1470.391937	
9.645000	20.202965	0.823676	4.631475	32.119086	0.191502	-1470.349261	
9.646000	20.452430	0.799388	4.634891	32.126484	0.156456	-1470.306394	
9.647000	20.435517	0.799388	4.637940	32.133762	0.296639	-1470.263507	
9.648000	20.465114	0.767004	4.639759	32.140835	0.183714	-1470.220771	
9.649000	20.173368	1.009886	4.639630	32.147859	0.246017	-1470.178329	
9.650000	20.634243	0.742716	4.637294	32.155108	0.218760	-1470.136278	
9.651000	20.452430	0.945118	4.633252	32.162634	0.339473	-1470.094669	
9.652000	20.405919	0.969406	4.628468	32.170250	0.288851	-1470.053500	
9.653000	20.410148	0.791292	4.623596	32.177754	0.246017	-1470.012707	
9.654000	20.600417	0.839869	4.618866	32.185092	0.133092	-1469.972168	
9.655000	20.515853	0.669851	4.614491	32.192269	0.226548	-1469.931727	
9.656000	20.486255	1.001790	4.610804	32.199280	0.253805	-1469.891212	
9.657000	20.287529	0.807484	4.608211	32.206202	0.152562	-1469.850465	
9.658000	20.460886	0.775100	4.607011	32.213086	0.016273	-1469.809368	
9.659000	20.456658	0.702235	4.606772	32.219820	0.351155	-1469.767855	
9.660000	20.477799	0.718427	4.606208	32.226317	0.059107	-1469.725904	
9.661000	20.279073	0.669851	4.604429	32.232732	0.156456	-1469.683549	
9.662000	20.613102	0.710331	4.601543	32.239330	0.261593	-1469.640891	
9.663000	20.524309	0.750812	4.597765	32.246167	0.214866	-1469.598080	
9.664000	20.418604	1.009886	4.593152	32.253061	0.249911	-1469.555291	
9.665000	20.435517	0.799388	4.587973	32.259821	0.129198	-1469.512696	
9.666000	20.465114	0.928926	4.582591	32.266402	0.101940	-1469.470432	
9.667000	20.456658	0.645563	4.577424	32.272822	0.214866	-1469.428585	
9.668000	20.367865	0.864157	4.573222	32.279079	0.284957	-1469.387187	
9.669000	20.295986	0.807484	4.570715	32.285241	0.269381	-1469.346221	
9.670000	20.439745	0.920829	4.569915	32.291349	0.156456	-1469.305605	
9.671000	20.515853	0.831773	4.570417	32.297290	0.343367	-1469.265209	
9.672000	20.469342	0.896541	4.572029	32.302979	0.269381	-1469.224870	
9.673000	20.283301	0.839869	4.574450	32.308572	0.133092	-1469.184411	
9.674000	20.583504	0.726523	4.576984	32.314333	0.109728	-1469.143681	
9.675000	20.465114	1.034175	4.579044	32.320313	0.187608	-1469.102567	
9.676000	20.515853	0.726523	4.580460	32.326322	0.257699	-1469.061010	
9.677000	20.473571	0.815580	4.581454	32.332164	0.152562	-1469.019006	
9.678000	20.591961	0.661755	4.582404	32.337797	-0.010985	-1468.976627	
9.679000	20.473571	0.896541	4.583421	32.343244	0.246017	-1468.934009	
9.680000	20.473571	0.823676	4.584305	32.348512	0.179820	-1468.891319	
9.681000	20.198737	0.864157	4.584786	32.353681	0.265487	-1468.848734	
9.682000	20.456658	0.815580	4.584565	32.358799	0.101940	-1468.806417	
9.683000	20.498940	0.839869	4.583295	32.363759	0.308321	-1468.764491	
9.684000	20.465114	0.718427	4.580554	32.368476	0.105834	-1468.723019	
9.685000	20.279073	0.912733	4.575898	32.373102	0.327791	-1468.682015	
9.686000	20.553907	0.847965	4.569331	32.377906	0.253805	-1468.641437	
9.687000	20.367865	0.872253	4.561635	32.382947	0.393988	-1468.601177	
9.688000	20.482027	1.026079	4.554028	32.388038	0.355048	-1468.561084	
9.689000	20.401691	0.864157	4.547713	32.392984	0.207078	-1468.520983	
9.690000	20.549678	0.694139	4.543502	32.397734	0.121410	-1468.480703	
9.691000	20.490484	0.831773	4.541530	32.402302	0.179820	-1468.440106	
9.692000	20.507396	0.961310	4.541480	32.406687	0.039637	-1468.399102	
9.693000	20.291758	0.904637	4.543042	32.410965	0.140880	-1468.357650	
9.694000	20.515853	0.710331	4.545997	32.415184	0.187608	-1468.315770	
9.695000	20.600417	0.839869	4.550157	32.419232	0.316109	-1468.273555	
9.696000	20.507396	0.767004	4.555200	32.423022	0.133092	-1468.231148	
9.697000	20.287529	0.742716	4.560557	32.426710	0.199290	-1468.188721	
9.698000	20.617330	0.864157	4.565635	32.430567	0.172032	-1468.146447	
9.699000	20.498940	0.702235	4.570063	32.434655	0.175926	-1468.104477	
9.700000	20.443973	1.009886	4.573735	32.438789	0.331685	-1468.062918	0.000000
9.701000	20.418604	0.783196	4.576661	32.442778	0.164244	-1468.021827	
9.702000	20.486255	0.928926	4.578824	32.446577	0.125304	-1467.981211	
9.703000	20.638471	0.767004	4.580234	32.450203	0.136986	-1467.941009	
9.704000	20.363637	0.961310	4.581087	32.453657	0.323897	-1467.901094	
9.705000	20.207193	0.791292	4.581753	32.457017	0.265487	-1467.861301	
9.706000	20.435517	0.872253	4.582469	32.460333	0.129198	-1467.821454	
9.707000	20.570820	0.742716	4.583183	32.463490	0.265487	-1467.781389	
9.708000	20.422832	1.001790	4.583833	32.466402	0.273275	-1467.740982	
9.709000	20.300214	0.791292	4.584321	32.469226	0.035743	-1467.700157	
9.710000	20.515853	0.767004	4.584466	32.472231	0.183714	-1467.658889	
9.711000	20.469342	0.880349	4.584468	32.475469	0.226548	-1467.617216	
9.712000	20.515853	0.864157	4.584796	32.478749	0.199290	-1467.575243	
9.713000	20.520081	0.734620	4.585563	32.481870	0.121410	-1467.533128	
9.714000	20.621558	0.823676	4.586632	32.484776	-0.049924	-1467.491056	
9.715000	20.541222	0.637467	4.587948	32.487480	0.175926	-1467.449206	
9.716000	20.460886	0.912733	4.589426	32.489983	0.144774	-1467.407721	
9.717000	20.253704	0.904637	4.591116	32.492374	0.074683	-1467.366692	
9.718000	20.473571	0.507929	4.593334	32.494712	0.113622	-1467.326167	
9.719000	20.460886	0.799388	4.596113	32.496888	0.222654	-1467.286135	
9.720000	20.448201	0.847965	4.599134	32.498818	0.164244	-1467.246513	
9.721000	20.279073	0.945118	4.602226	32.500654	0.199290	-1467.207157	
9.722000	20.617330	0.694139	4.605378	32.502661	0.164244	-1467.167893	
9.723000	20.359409	0.953214	4.608429	32.504890	0.277169	-1467.128541	
9.724000	20.452430	0.888445	4.611153	32.507157	0.261593	-1467.088948	
9.725000	20.367865	0.775100	4.613701	32.509267	0.199290	-1467.049001	
9.726000	20.553907	0.799388	4.616555	32.511169	0.105834	-1467.008640	
9.727000	20.384778	0.928926	4.620079	32.512875	0.183714	-1466.967851	
9.728000	20.579276	1.017982	4.624414	32.514386	0.230441	-1466.926688	
9.729000	20.241019	0.799388	4.629409	32.515793	0.222654	-1466.885274	
9.730000	20.520081	0.718427	4.634512	32.517155	0.105834	-1466.843778	
9.731000	20.486255	0.783196	4.639141	32.518360	0.281063	-1466.802392	
9.732000	20.503168	0.799388	4.642902	32.519320	0.027955	-1466.761284	
9.733000	20.257932	0.904637	4.645386	32.520187	0.191502	-1466.720580	
9.734000	20.621558	0.499833	4.646428	32.521238	0.144774	-1466.680350	
9.735000	20.405919	0.783196	4.646356	32.522531	0.199290	-1466.640616	
9.736000	20.469342	0.912733	4.645535	32.523888	0.277169	-1466.601340	
9.737000	20.443973	0.718427	4.644011	32.525117	0.125304	-1466.562427	
9.738000	20.570820	0.815580	4.641820	32.526170	0.094153	-1466.523736	
9.739000	20.469342	0.791292	4.639294	32.527062	0.179820	-1466.485098	
9.740000	20.380550	1.017982	4.636895	32.527802	0.187608	-1466.446334	
9.741000	20.262160	0.896541	4.634881	32.528490	0.253805	-1466.407295	
9.742000	20.405919	0.677947	4.632956	32.529195	0.086365	-1466.367881	
9.743000	20.545450	0.758908	4.630545	32.529810	0.284957	-1466.328045	
9.744000	20.465114	0.767004	4.627712	32.530246	0.207078	-1466.287793	
9.745000	20.283301	0.742716	4.625072	32.530663	0.195396	-1466.247197	
9.746000	20.528537	0.839869	4.622865	32.531333	0.195396	-1466.206387	
9.747000	20.477799	0.767004	4.620891	32.532310	0.269381	-1466.165530	
9.748000	20.414376	1.009886	4.618956	32.533405	0.358942	-1466.124799	
9.749000	20.528537	0.750812	4.617041	32.534414	0.222654	-1466.084346	
9.750000	20.625786	0.896541	4.614966	32.535282	0.094153	-1466.044283	
9.751000	20.536994	0.750812	4.612265	32.536016	0.152562	-1466.004676	
9.752000	20.456658	0.945118	4.608792	32.536620	0.203184	-1465.965535	
9.753000	20.224106	0.953214	4.604931	32.537185	0.117516	-1465.926806	
9.754000	20.393235	0.888445	4.601338	32.537774	0.136986	-1465.888376	
9.755000	20.486255	0.823676	4.598729	32.538281	0.242123	-1465.850093	
9.756000	20.507396	0.896541	4.597478	32.538617	0.168138	-1465.811780	
9.757000	20.262160	1.090847	4.597465	32.538938	0.164244	-1465.773265	
9.758000	20.549678	0.783196	4.598378	32.539503	0.234335	-1465.734412	
9.759000	20.355181	0.920829	4.599979	32.540361	0.191502	-1465.695135	
9.760000	20.465114	0.953214	4.602425	32.541323	0.327791	-1465.655402	
9.761000	20.300214	0.856061	4.606325	32.542197	0.191502	-1465.615241	
9.762000	20.520081	0.661755	4.611802	32.542928	0.082471	-1465.574752	
9.763000	20.473571	0.920829	4.617988	32.543525	0.168138	-1465.534081	
9.764000	20.503168	0.961310	4.623823	32.543987	0.129198	-1465.493395	
9.765000	20.207193	0.937022	4.628575	32.544401	0.284957	-1465.452860	
9.766000	20.477799	0.815580	4.631785	32.544826	0.117516	-1465.412620	
9.767000	20.482027	0.945118	4.633322	32.545153	0.320003	-1465.372774	
9.768000	20.498940	0.767004	4.633343	32.545293	0.152562	-1465.333371	
9.769000	20.232563	0.880349	4.631951	32.545399	0.230441	-1465.294400	
9.770000	20.608873	0.896541	4.629066	32.545739	0.148668	-1465.255786	
9.771000	20.452430	0.791292	4.624721	32.546365	0.203184	-1465.217397	
9.772000	20.503168	0.888445	4.619306	32.547088	0.164244	-1465.179073	
9.773000	20.422832	0.839869	4.613388	32.547715	0.098047	-1465.140644	
9.774000	20.558135	0.815580	4.607384	32.548193	0.059107	-1465.101962	
9.775000	20.477799	0.758908	4.601555	32.548534	0.292745	-1465.062917	
9.776000	20.380550	1.026079	4.596229	32.548744	0.156456	-1465.023439	
9.777000	20.181824	0.977502	4.591843	32.548925	0.249911	-1464.983508	
9.778000	20.469342	0.961310	4.588695	32.549145	0.125304	-1464.943178	
9.779000	20.427060	0.742716	4.586712	32.549302	0.281063	-1464.902569	
9.780000	20.418604	0.807484	4.585539	32.549308	0.222654	-1464.861837	
9.781000	20.346724	0.847965	4.584706	32.549317	0.246017	-1464.821151	
9.782000	20.545450	0.937022	4.583619	32.549593	0.296639	-1464.780670	
9.783000	20.439745	0.750812	4.581761	32.550186	0.316109	-1464.740515	
9.784000	20.431289	1.204192	4.579254	32.550905	0.292745	-1464.700758	
9.785000	20.486255	0.815580	4.576772	32.551548	0.164244	-1464.661426	
9.786000	20.562363	0.661755	4.574703	32.552057	0.148668	-1464.622494	
9.787000	20.536994	0.758908	4.572979	32.552437	0.148668	-1464.583874	
9.788000	20.448201	0.985598	4.571656	32.552692	0.238229	-1464.545424	
9.789000	20.287529	0.872253	4.570880	32.552925	0.129198	-1464.506979	
9.790000	20.418604	0.977502	4.570508	32.553209	0.055213	-1464.468378	
9.791000	20.477799	1.001790	4.570220	32.553441	0.261593	-1464.429488	
9.792000	20.389006	0.880349	4.569846	32.553536	0.195396	-1464.390217	
9.793000	20.300214	0.734620	4.569452	32.553653	0.144774	-1464.350514	
9.794000	20.587732	0.912733	4.569245	32.554066	0.187608	-1464.310383	
9.795000	20.465114	0.799388	4.569478	32.554827	0.351155	-1464.269896	
9.796000	20.435517	1.042271	4.570330	32.555751	0.304427	-1464.229188	
9.797000	20.448201	0.928926	4.571730	32.556642	0.183714	-1464.188422	
9.798000	20.439745	0.896541	4.573502	32.557444	0.148668	-1464.147774	
9.799000	20.460886	0.880349	4.575421	32.558163	0.300533	-1464.107394	
9.800000	20.507396	0.937022	4.577007	32.558795	0.296639	-1464.067381	0.000000
9.801000	20.207193	0.783196	4.577774	32.559428	0.191502	-1464.027791	
9.802000	20.469342	0.831773	4.577619	32.560119	0.113622	-1463.988633	
9.803000	20.515853	0.888445	4.576759	32.560757	0.253805	-1463.949856	
9.804000	20.553907	0.880349	4.575621	32.561254	0.140880	-1463.911347	
9.805000	20.215650	0.864157	4.574761	32.561762	0.059107	-1463.872950	
9.806000	20.617330	0.767004	4.574643	32.562546	0.183714	-1463.834495	
9.807000	20.460886	0.953214	4.575586	32.563655	0.238229	-1463.795819	
9.808000	20.570820	0.872253	4.577774	32.564897	0.195396	-1463.756799	
9.809000	20.443973	0.580794	4.581167	32.566076	0.105834	-1463.717361	
9.810000	20.549678	0.767004	4.585702	32.567140	0.094153	-1463.677484	
9.811000	20.465114	0.896541	4.591378	32.568097	0.086365	-1463.637205	
9.812000	20.498940	0.920829	4.597924	32.568949	0.164244	-1463.596625	
9.813000	20.266388	0.839869	4.604715	32.569779	0.183714	-1463.555893	
9.814000	20.435517	0.864157	4.611017	32.570645	0.191502	-1463.515182	
9.815000	20.494712	0.750812	4.616158	32.571436	0.269381	-1463.474666	
9.816000	20.503168	0.726523	4.619681	32.572065	0.265487	-1463.434481	
9.817000	20.312899	0.775100	4.621485	32.572691	0.269381	-1463.394714	
9.818000	20.583504	0.710331	4.621542	32.573587	0.207078	-1463.355402	
9.819000	20.439745	0.888445	4.619644	32.574802	0.284957	-1463.316530	
9.820000	20.443973	0.969406	4.615808	32.576141	0.273275	-1463.278019	
9.821000	20.469342	0.823676	4.610603	32.577403	0.214866	-1463.239734	
9.822000	20.583504	0.807484	4.604907	32.578530	0.125304	-1463.201514	
9.823000	20.558135	0.653659	4.599515	32.579527	0.238229	-1463.163191	
9.824000	20.435517	0.839869	4.594823	32.580392	0.288851	-1463.124611	
9.825000	20.317127	0.742716	4.591062	32.581220	0.234335	-1463.085666	
9.826000	20.473571	0.856061	4.588652	32.582075	0.168138	-1463.046300	
9.827000	20.562363	0.799388	4.587910	32.582848	0.195396	-1463.006511	
9.828000	20.439745	0.613178	4.589036	32.583452	0.105834	-1462.966359	
9.829000	20.334040	0.750812	4.592107	32.584040	0.191502	-1462.925963	
9.830000	20.575048	0.718427	4.596569	32.584880	0.063001	-1462.885480	
9.831000	20.507396	0.726523	4.601400	32.586021	0.257699	-1462.845088	
9.832000	20.427060	1.058463	4.605667	32.587278	0.261593	-1462.804948	
9.833000	20.435517	0.920829	4.608940	32.588457	0.242123	-1462.765184	
9.834000	20.520081	0.750812	4.611414	32.589507	0.086365	-1462.725869	
9.835000	20.507396	0.920829	4.613432	32.590434	0.253805	-1462.687024	
9.836000	20.414376	0.872253	4.615008	32.591239	0.168138	-1462.648609	
9.837000	20.224106	0.969406	4.616043	32.592018	0.257699	-1462.610518	
9.838000	20.507396	0.710331	4.616754	32.592835	0.230441	-1462.572604	
9.839000	20.503168	0.799388	4.617629	32.593580	0.374518	-1462.534700	
9.840000	20.473571	0.661755	4.619109	32.594164	0.230441	-1462.496636	
9.841000	20.241019	0.920829	4.621264	32.594743	0.195396	-1462.458266	
9.842000	20.553907	0.767004	4.623821	32.595583	0.179820	-1462.419491	
9.843000	20.465114	0.742716	4.626680	32.596733	0.226548	-1462.380264	
9.844000	20.617330	0.815580	4.630055	32.598001	0.242123	-1462.340594	
9.845000	20.482027	0.775100	4.633970	32.599188	0.039637	-1462.300567	
9.846000	20.630014	0.726523	4.637959	32.600241	0.059107	-1462.260331	
9.847000	20.469342	0.823676	4.641302	32.601168	0.094153	-1462.220064	
9.848000	20.465114	0.961310	4.643494	32.601974	0.144774	-1462.179944	
9.849000	20.190281	0.993694	4.644373	32.602755	0.246017	-1462.140123	
9.850000	20.511625	0.872253	4.643713	32.603578	0.063001	-1462.100710	
9.851000	20.435517	0.775100	4.641218	32.604333	0.296639	-1462.061762	
9.852000	20.477799	0.758908	4.636931	32.604935	0.156456	-1462.023280	
9.853000	20.181824	0.775100	4.631249	32.605541	0.168138	-1461.985195	
9.854000	20.515853	0.807484	4.624766	32.606423	0.242123	-1461.947383	
9.855000	20.380550	0.847965	4.618235	32.607636	0.234335	-1461.909678	
9.856000	20.477799	1.082751	4.612469	32.608991	0.226548	-1461.871899	
9.857000	20.465114	0.775100	4.608040	32.610287	0.148668	-1461.833872	
9.858000	20.553907	0.710331	4.604847	32.611470	0.175926	-1461.795463	
9.859000	20.570820	0.702235	4.602052	32.612546	0.133092	-1461.756591	
9.860000	20.427060	0.896541	4.598290	32.613514	0.172032	-1461.717223	
9.861000	20.317127	0.767004	4.592522	32.614468	0.136986	-1461.677391	
9.862000	20.456658	0.993694	4.585155	32.615470	0.152562	-1461.637203	
9.863000	20.528537	0.839869	4.577545	32.616413	0.168138	-1461.596821	
9.864000	20.469342	0.847965	4.570796	32.617205	0.195396	-1461.556426	
9.865000	20.304442	0.702235	4.565542	32.617999	0.148668	-1461.516191	
9.866000	20.570820	0.807484	4.562061	32.619062	0.160350	-1461.476255	
9.867000	20.469342	0.775100	4.559900	32.620445	0.362836	-1461.436708	
9.868000	20.477799	0.896541	4.557910	32.621959	0.242123	-1461.397596	
9.869000	20.460886	0.847965	4.555460	32.623409	0.144774	-1461.358909	
9.870000	20.460886	0.904637	4.553012	32.624744	0.238229	-1461.320571	
9.871000	20.498940	0.847965	4.551308	32.625976	0.195396	-1461.282442	
9.872000	20.410148	0.880349	4.550945	32.627104	0.140880	-1461.244347	
9.873000	20.207193	0.799388	4.552339	32.628217	0.218760	-1461.206102	
9.874000	20.448201	0.783196	4.555391	32.629372	0.183714	-1461.167551	
9.875000	20.570820	1.050367	4.559183	32.630458	0.253805	-1461.128578	
9.876000	20.427060	0.823676	4.562456	32.631384	0.300533	-1461.089119	
9.877000	20.257932	1.001790	4.564788	32.632308	0.082471	-1461.049158	
9.878000	20.583504	0.677947	4.566645	32.633498	0.168138	-1461.008746	
9.879000	20.469342	0.815580	4.568426	32.635006	0.335579	-1460.968001	
9.880000	20.515853	0.847965	4.570236	32.636642	0.323897	-1460.927085	
9.881000	20.465114	0.799388	4.572205	32.638207	0.148668	-1460.886185	
9.882000	20.608873	0.799388	4.574576	32.639648	0.113622	-1460.845480	
9.883000	20.541222	0.872253	4.577378	32.640974	0.101940	-1460.805113	
9.884000	20.334040	0.993694	4.580018	32.642188	0.148668	-1460.765165	
9.885000	20.190281	0.969406	4.581614	32.643374	0.273275	-1460.725668	
9.886000	20.473571	0.750812	4.581989	32.644586	0.121410	-1460.686596	
9.887000	20.503168	0.605082	4.581742	32.645711	0.355048	-1460.647859	
9.888000	20.520081	0.710331	4.581482	32.646659	0.133092	-1460.609309	
9.889000	20.215650	1.026079	4.581555	32.647586	0.179820	-1460.570769	
9.890000	20.613102	0.896541	4.582083	32.648759	0.214866	-1460.532059	
9.891000	20.346724	0.928926	4.583147	32.650234	0.327791	-1460.493029	
9.892000	20.401691	1.155616	4.585143	32.651823	0.374518	-1460.453580	
9.893000	20.456658	0.993694	4.588886	32.653325	0.078577	-1460.413660	
9.894000	20.575048	0.920829	4.594957	32.654679	0.152562	-1460.373278	
9.895000	20.473571	0.710331	4.602945	32.655885	0.269381	-1460.332509	
9.896000	20.448201	1.017982	4.611679	32.656943	0.246017	-1460.291484	
9.897000	20.308670	0.912733	4.619999	32.657946	0.230441	-1460.250373	
9.898000	20.443973	0.961310	4.627283	32.658959	0.063001	-1460.209360	
9.899000	20.520081	0.872253	4.633335	32.659872	0.308321	-1460.168614	
9.900000	20.473571	0.588890	4.637916	32.660597	0.156456	-1460.128251	0.000000
9.901000	20.342496	0.864157	4.640569	32.661292	0.218760	-1460.088333	
9.902000	20.587732	0.904637	4.640862	32.662230	0.261593	-1460.048871	
9.903000	20.473571	0.637467	4.638781	32.663463	0.160350	-1460.009810	
9.904000	20.460886	1.066559	4.634842	32.664805	0.257699	-1459.971041	
9.905000	20.536994	0.750812	4.629791	32.666062	0.082471	-1459.932412	
9.906000	20.528537	0.888445	4.624332	32.667186	0.109728	-1459.893758	
9.907000	20.515853	0.815580	4.618997	32.668187	0.222654	-1459.854912	
9.908000	20.367865	1.074655	4.614099	32.669072	0.140880	-1459.815736	
9.909000	20.321355	0.621274	4.609946	32.669940	0.257699	-1459.776141	
9.910000	20.372094	0.677947	4.606902	32.670859	0.113622	-1459.736095	
9.911000	20.486255	0.904637	4.605098	32.671719	0.366730	-1459.695627	
9.912000	20.460886	0.912733	4.604336	32.672431	0.156456	-1459.654830	
9.913000	20.295986	1.034175	4.604210	32.673149	0.199290	-1459.613850	
9.914000	20.541222	0.839869	4.604345	32.674144	0.230441	-1459.572855	
9.915000	20.389006	0.904637	4.604502	32.675467	0.281063	-1459.532016	
9.916000	20.460886	1.017982	4.604338	32.676923	0.168138	-1459.491475	
9.917000	20.490484	0.710331	4.603409	32.678307	0.207078	-1459.451328	
9.918000	20.655384	0.734620	4.601413	32.679556	0.172032	-1459.411630	
9.919000	20.541222	0.928926	4.598343	32.680672	0.207078	-1459.372385	
9.920000	20.536994	0.928926	4.594538	32.681658	0.210972	-1459.333526	
9.921000	20.228334	0.831773	4.590646	32.682604	0.195396	-1459.294928	
9.922000	20.439745	0.742716	4.587557	32.683572	0.191502	-1459.256435	
9.923000	20.460886	0.758908	4.586234	32.684453	0.183714	-1459.217879	
9.924000	20.507396	0.710331	4.587240	32.685159	0.105834	-1459.179103	
9.925000	20.241019	0.823676	4.590563	32.685846	0.273275	-1459.139986	
9.926000	20.587732	1.009886	4.596056	32.686784	0.117516	-1459.100455	
9.927000	20.384778	0.945118	4.603465	32.688027	0.234335	-1459.060489	
9.928000	20.477799	1.050367	4.611970	32.689388	0.292745	-1459.020139	
9.929000	20.363637	0.888445	4.620335	32.690670	0.273275	-1458.979522	
9.930000	20.541222	0.815580	4.627484	32.691818	0.187608	-1458.938798	
9.931000	20.503168	0.807484	4.632786	32.692835	0.246017	-1458.898139	
9.932000	20.482027	1.042271	4.635875	32.693717	0.246017	-1458.857702	
9.933000	20.253704	0.872253	4.636482	32.694549	0.230441	-1458.817611	
9.934000	20.511625	0.880349	4.635150	32.695389	0.082471	-1458.777947	
9.935000	20.532766	0.912733	4.633379	32.696127	0.183714	-1458.738748	
9.936000	20.460886	0.839869	4.632010	32.696674	0.253805	-1458.699990	
9.937000	20.283301	0.742716	4.630706	32.697181	0.179820	-1458.661581	
9.938000	20.575048	0.799388	4.629152	32.697912	0.246017	-1458.623378	
9.939000	20.511625	0.742716	4.627468	32.698914	0.121410	-1458.585208	
9.940000	20.460886	0.993694	4.625835	32.700003	0.129198	-1458.546903	
9.941000	20.490484	0.767004	4.624309	32.700985	0.063001	-1458.508321	
9.942000	20.443973	0.872253	4.622948	32.701812	0.082471	-1458.469372	
9.943000	20.558135	0.483641	4.622023	32.702497	0.187608	-1458.430007	
9.944000	20.342496	1.058463	4.622012	32.703051	0.444610	-1458.390222	
9.945000	20.266388	0.750812	4.623202	32.703573	0.249911	-1458.350079	
9.946000	20.376322	0.856061	4.625273	32.704133	0.179820	-1458.309706	
9.947000	20.490484	0.799388	4.627505	32.704624	0.296639	-1458.269266	
9.948000	20.393235	0.920829	4.629301	32.704958	0.304427	-1458.228927	
9.949000	20.325583	1.009886	4.630292	32.705288	0.214866	-1458.188840	
9.950000	20.646927	0.961310	4.630013	32.705876	0.226548	-1458.149109	
9.951000	20.414376	0.937022	4.627987	32.706769	0.253805	-1458.109797	
9.952000	20.443973	0.856061	4.624253	32.707774	0.335579	-1458.070914	
9.953000	20.477799	0.750812	4.619261	32.708693	0.156456	-1458.032412	
9.954000	20.604645	0.767004	4.613503	32.709468	0.070789	-1457.994183	
9.955000	20.536994	0.775100	4.607550	32.710108	0.121410	-1457.956080	
9.956000	20.507396	1.074655	4.601892	32.710616	0.168138	-1457.917932	
9.957000	20.300214	0.880349	4.596669	32.711078	0.086365	-1457.879577	
9.958000	20.486255	0.742716	4.591960	32.711555	0.027955	-1457.840894	
9.959000	20.494712	0.856061	4.588063	32.711940	0.152562	-1457.801808	
9.960000	20.532766	0.783196	4.585425	32.712146	0.172032	-1457.762289	
9.961000	20.236791	0.791292	4.584578	32.712326	0.113622	-1457.722356	
9.962000	20.642699	0.726523	4.585677	32.712749	0.101940	-1457.682097	
9.963000	20.448201	0.937022	4.588107	32.713473	0.234335	-1457.641650	
9.964000	20.431289	1.009886	4.590978	32.714311	0.207078	-1457.601182	
9.965000	20.389006	0.823676	4.593551	32.715070	0.199290	-1457.560861	
9.966000	20.520081	0.847965	4.595351	32.715698	0.113622	-1457.520830	
9.967000	20.397463	0.856061	4.596184	32.716208	0.109728	-1457.481180	
9.968000	20.477799	0.807484	4.596019	32.716600	0.246017	-1457.441949	
9.969000	20.207193	1.001790	4.594915	32.716955	0.199290	-1457.403123	
9.970000	20.456658	0.677947	4.593123	32.717330	0.109728	-1457.364631	
9.971000	20.503168	0.831773	4.591175	32.717610	0.327791	-1457.326348	
9.972000	20.515853	0.767004	4.589661	32.717703	0.152562	-1457.288117	
9.973000	20.232563	0.742716	4.588768	32.717761	0.284957	-1457.249764	
9.974000	20.570820	0.831773	4.588239	32.718045	0.160350	-1457.211134	
9.975000	20.465114	1.115135	4.587939	32.718604	0.230441	-1457.172111	
9.976000	20.528537	1.009886	4.588040	32.719249	0.207078	-1457.132629	
9.977000	20.477799	0.726523	4.588539	32.719782	0.129198	-1457.092679	
9.978000	20.528537	0.726523	4.589299	32.720154	0.144774	-1457.052321	
9.979000	20.486255	0.702235	4.590326	32.720378	0.105834	-1457.011681	
9.980000	20.477799	1.009886	4.591577	32.720464	0.230441	-1456.970916	
9.981000	20.257932	0.767004	4.592901	32.720514	0.284957	-1456.930200	
9.982000	20.384778	0.953214	4.594155	32.720595	0.105834	-1456.889697	
9.983000	20.490484	0.783196	4.595194	32.720604	0.304427	-1456.849531	
9.984000	20.334040	1.050367	4.595897	32.720455	0.203184	-1456.809773	
9.985000	20.270617	0.767004	4.596046	32.720302	0.203184	-1456.770445	
9.986000	20.477799	0.880349	4.595312	32.720412	0.249911	-1456.731516	
9.987000	20.553907	0.872253	4.593652	32.720838	0.168138	-1456.692893	
9.988000	20.410148	1.098943	4.591506	32.721390	0.347261	-1456.654436	
9.989000	20.435517	0.839869	4.589424	32.721870	0.191502	-1456.615976	
9.990000	20.498940	0.945118	4.587674	32.722221	0.121410	-1456.577348	
9.991000	20.524309	0.896541	4.586455	32.722448	0.144774	-1456.538415	
9.992000	20.359409	0.928926	4.586137	32.722549	0.121410	-1456.499077	
9.993000	20.317127	0.904637	4.587040	32.722613	0.016273	-1456.459289	
9.994000	20.524309	0.767004	4.589363	32.722705	0.074683	-1456.419066	
9.995000	20.427060	0.734620	4.593241	32.722717	0.386200	-1456.378495	
9.996000	20.443973	0.783196	4.598427	32.722563	0.144774	-1456.337716	
9.997000	20.253704	0.920829	4.604220	32.722398	0.125304	-1456.296893	
9.998000	20.604645	0.742716	4.609893	32.722490	0.172032	-1456.256197	
9.999000	20.486255	0.823676	4.614884	32.722892	0.323897	-1456.215779	
10.000000	20.460886	0.734620	4.618884	32.723419	0.312215	-1456.175748	0.000000
10.001000	20.465114	0.823676	4.621906	32.723874	0.218760	-1456.136166	
10.002000	20.591961	0.783196	4.623850	32.724207	0.024061	-1456.097047	
10.003000	20.405919	0.847965	4.624372	32.724424	0.191502	-1456.058338	
10.004000	20.367865	1.098943	4.623430	32.724524	0.284957	-1456.019916	
10.005000	20.211422	0.904637	4.621473	32.724585	0.218760	-1455.981621	
10.006000	20.520081	0.799388	4.619030	32.724658	0.086365	-1455.943281	
10.007000	20.460886	0.799388	4.616311	32.724627	0.417352	-1455.904732	
10.008000	20.490484	0.775100	4.613280	32.724403	0.172032	-1455.865845	
10.009000	20.266388	0.799388	4.610036	32.724143	0.292745	-1455.826540	
10.010000	20.655384	0.920829	4.607323	32.724114	0.160350	-1455.786786	
10.011000	20.427060	0.831773	4.606617	32.724365	0.207078	-1455.746611	
10.012000	20.520081	1.034175	4.608789	32.724703	0.246017	-1455.706109	
10.013000	20.473571	0.904637	4.613153	32.724930	0.191502	-1455.665430	
10.014000	20.642699	0.710331	4.618460	32.724993	0.066895	-1455.624752	
10.015000	20.541222	0.718427	4.623828	32.724898	0.172032	-1455.584257	
10.016000	20.490484	0.977502	4.628559	32.724651	0.183714	-1455.544091	
10.017000	20.287529	0.621274	4.631980	32.724344	0.175926	-1455.504349	
10.018000	20.494712	0.896541	4.633701	32.724039	0.136986	-1455.465080	
10.019000	20.473571	0.815580	4.633654	32.723628	0.238229	-1455.426281	
10.020000	20.393235	0.961310	4.631928	32.723024	0.098047	-1455.387873	
10.021000	20.279073	0.799388	4.628866	32.722387	0.230441	-1455.349719	
10.022000	20.511625	0.799388	4.625039	32.721988	0.199290	-1455.311651	
10.023000	20.469342	0.775100	4.621010	32.721884	0.339473	-1455.273490	
10.024000	20.435517	1.082751	4.617186	32.721886	0.300533	-1455.235079	
10.025000	20.515853	0.872253	4.613524	32.721796	0.175926	-1455.196300	
10.026000	20.431289	1.042271	4.609483	32.721557	0.012379	-1455.157086	
10.027000	20.507396	0.872253	4.604990	32.721173	0.063001	-1455.117422	
10.028000	20.422832	0.945118	4.600895	32.720643	0.257699	-1455.077353	
10.029000	20.287529	0.742716	4.597963	32.720060	0.246017	-1455.036995	
10.030000	20.473571	0.694139	4.596217	32.719486	0.125304	-1454.996512	
10.031000	20.545450	0.637467	4.595374	32.718812	0.362836	-1454.956092	
10.032000	20.490484	0.839869	4.595288	32.717950	0.214866	-1454.915911	
10.033000	20.325583	0.953214	4.595900	32.717060	0.140880	-1454.876101	
10.034000	20.528537	0.928926	4.596869	32.716413	0.168138	-1454.836741	
10.035000	20.482027	0.864157	4.597295	32.716066	0.183714	-1454.797860	
10.036000	20.490484	0.823676	4.596105	32.715828	0.242123	-1454.759431	
10.037000	20.482027	0.653659	4.593017	32.715503	0.133092	-1454.721363	
10.038000	20.558135	0.734620	4.588842	32.715034	0.179820	-1454.683515	
10.039000	20.473571	0.888445	4.584688	32.714428	0.172032	-1454.645715	
10.040000	20.443973	1.009886	4.581306	32.713689	0.222654	-1454.607784	
10.041000	20.105716	1.026079	4.579081	32.712919	0.253805	-1454.569565	
10.042000	20.393235	0.993694	4.578096	32.712186	0.164244	-1454.530952	
10.043000	20.490484	0.839869	4.578336	32.711378	0.265487	-1454.491888	
10.044000	20.553907	0.677947	4.579982	32.710401	0.172032	-1454.452370	
10.045000	20.211422	0.823676	4.583182	32.709405	0.222654	-1454.412463	
10.046000	20.604645	0.823676	4.587618	32.708655	0.164244	-1454.372301	
10.047000	20.414376	0.937022	4.592444	32.708199	0.257699	-1454.332054	
10.048000	20.490484	0.945118	4.596630	32.707844	0.234335	-1454.291903	
10.049000	20.448201	0.750812	4.599636	32.707393	0.144774	-1454.252010	
10.050000	20.634243	0.864157	4.601618	32.706789	0.121410	-1454.212496	
10.051000	20.570820	0.791292	4.602805	32.706042	0.288851	-1454.173431	
10.052000	20.490484	1.050367	4.603095	32.705155	0.370624	-1454.134829	
10.053000	20.245247	0.775100	4.602306	32.704228	0.160350	-1454.096640	
10.054000	20.477799	0.937022	4.600584	32.703328	0.136986	-1454.058757	
10.055000	20.503168	0.847965	4.598518	32.702350	0.323897	-1454.021029	
10.056000	20.482027	0.839869	4.596630	32.701209	0.210972	-1453.983276	
10.057000	20.215650	0.742716	4.594975	32.700070	0.183714	-1453.945318	
10.058000	20.579276	0.847965	4.593557	32.699212	0.292745	-1453.907010	
10.059000	20.507396	0.750812	4.592506	32.698699	0.273275	-1453.868256	
10.060000	20.359409	0.993694	4.591698	32.698343	0.148668	-1453.829016	
10.061000	20.511625	0.758908	4.590985	32.697948	0.152562	-1453.789310	
10.062000	20.520081	0.977502	4.590514	32.697458	0.175926	-1453.749230	
10.063000	20.494712	0.799388	4.590355	32.696880	0.121410	-1453.708919	
10.064000	20.359409	1.017982	4.590398	32.696212	0.284957	-1453.668542	
10.065000	20.270617	0.758908	4.590610	32.695540	0.203184	-1453.628268	
10.066000	20.465114	0.775100	4.590919	32.694918	0.027955	-1453.588245	
10.067000	20.558135	0.596986	4.591338	32.694232	0.432928	-1453.548579	
10.068000	20.528537	0.880349	4.592158	32.693395	0.234335	-1453.509326	
10.069000	20.359409	0.702235	4.593127	32.692566	0.183714	-1453.470486	
10.070000	20.583504	0.872253	4.593413	32.692016	-0.018773	-1453.431990	
10.071000	20.427060	0.823676	4.592748	32.691795	0.238229	-1453.393710	
10.072000	20.439745	0.953214	4.591614	32.691714	0.191502	-1453.355487	
10.073000	20.494712	0.904637	4.590668	32.691576	0.098047	-1453.317148	
10.074000	20.558135	0.823676	4.590185	32.691328	0.094153	-1453.278536	
10.075000	20.520081	0.953214	4.590039	32.690978	0.230441	-1453.239538	
10.076000	20.380550	0.791292	4.590358	32.690531	0.316109	-1453.200079	
10.077000	20.228334	1.179904	4.591810	32.690078	0.327791	-1453.160141	
10.078000	20.431289	0.807484	4.595004	32.689683	0.156456	-1453.119773	
10.079000	20.363637	0.856061	4.599698	32.689237	0.347261	-1453.079091	
10.080000	20.486255	0.815580	4.604934	32.688647	0.199290	-1453.038250	
10.081000	20.262160	0.872253	4.609599	32.688064	0.195396	-1452.997424	
10.082000	20.613102	0.767004	4.612677	32.687757	0.238229	-1452.956776	
10.083000	20.376322	0.985598	4.613546	32.687780	0.281063	-1452.916439	
10.084000	20.541222	1.390402	4.612082	32.687946	0.327791	-1452.876500	
10.085000	20.414376	0.807484	4.608386	32.688053	0.172032	-1452.836998	
10.086000	20.604645	0.710331	4.602829	32.688043	0.090259	-1452.797917	
10.087000	20.490484	0.783196	4.596190	32.687923	0.140880	-1452.759177	
10.088000	20.520081	0.920829	4.589447	32.687689	0.199290	-1452.720634	
10.089000	20.253704	0.799388	4.583418	32.687419	0.070789	-1452.682120	
10.090000	20.486255	0.896541	4.578636	32.687161	0.109728	-1452.643471	
10.091000	20.498940	0.847965	4.575437	32.686806	0.109728	-1452.604549	
10.092000	20.418604	0.880349	4.573973	32.686267	0.086365	-1452.565257	
10.093000	20.262160	0.767004	4.574326	32.685703	0.156456	-1452.525539	
10.094000	20.532766	0.807484	4.576531	32.685387	0.300533	-1452.485390	
10.095000	20.456658	0.596986	4.580442	32.685381	0.292745	-1452.444875	
10.096000	20.465114	0.993694	4.585633	32.685500	0.218760	-1452.404117	
10.097000	20.431289	0.799388	4.591367	32.685549	0.238229	-1452.363280	
10.098000	20.515853	0.928926	4.596963	32.685482	0.105834	-1452.322542	
10.099000	20.558135	0.758908	4.602124	32.685313	0.265487	-1452.282065	
10.100000	20.329812	0.896541	4.606530	32.685038	0.269381	-1452.241962	0.000000
10.101000	20.262160	0.645563	4.609396	32.684738	0.281063	-1452.202295	
10.102000	20.389006	0.775100	4.609734	32.684460	0.117516	-1452.163081	
10.103000	20.545450	0.758908	4.607267	32.684091	0.218760	-1452.124274	
10.104000	20.494712	0.839869	4.602867	32.683538	0.226548	-1452.085766	
10.105000	20.367865	0.872253	4.597884	32.682952	0.156456	-1452.047403	
10.106000	20.566591	0.815580	4.593400	32.682599	0.265487	-1452.009017	
10.107000	20.558135	0.775100	4.590000	32.682536	0.308321	-1451.970443	
10.108000	20.469342	1.042271	4.587735	32.682580	0.257699	-1451.931554	
10.109000	20.494712	0.823676	4.586455	32.682538	0.078577	-1451.892266	
10.110000	20.536994	0.694139	4.586298	32.682362	0.059107	-1451.852548	
10.111000	20.532766	0.799388	4.587611	32.682072	0.121410	-1451.812424	
10.112000	20.549678	1.074655	4.590470	32.681668	0.234335	-1451.771982	
10.113000	20.224106	0.961310	4.594468	32.681223	0.253805	-1451.731366	
10.114000	20.443973	0.791292	4.598940	32.680780	0.129198	-1451.690752	
10.115000	20.410148	0.872253	4.603284	32.680227	0.374518	-1451.650317	
10.116000	20.410148	0.734620	4.607063	32.679482	0.234335	-1451.610205	
10.117000	20.266388	0.945118	4.610152	32.678698	0.090259	-1451.570504	
10.118000	20.604645	0.823676	4.612745	32.678141	0.273275	-1451.531257	
10.119000	20.410148	0.961310	4.614916	32.677862	0.281063	-1451.492456	
10.120000	20.604645	0.993694	4.616614	32.677673	0.277169	-1451.454030	
10.121000	20.465114	0.872253	4.618037	32.677380	0.175926	-1451.415857	
10.122000	20.583504	0.791292	4.619505	32.676935	0.113622	-1451.377786	
10.123000	20.460886	0.767004	4.620989	32.676356	0.222654	-1451.339647	
10.124000	20.486255	0.961310	4.622107	32.675640	0.183714	-1451.301281	
10.125000	20.279073	0.847965	4.622635	32.674862	0.191502	-1451.262568	
10.126000	20.528537	0.880349	4.623147	32.674070	0.109728	-1451.223441	
10.127000	20.456658	0.880349	4.625015	32.673153	0.047425	-1451.183893	
10.128000	20.536994	0.645563	4.629008	32.672025	0.164244	-1451.143977	
10.129000	20.274845	0.734620	4.634456	32.670837	0.074683	-1451.103807	
10.130000	20.549678	0.831773	4.640183	32.669853	0.210972	-1451.063542	
10.131000	20.456658	0.799388	4.645189	32.669130	0.312215	-1451.023354	
10.132000	20.418604	1.050367	4.648640	32.668486	0.257699	-1450.983406	
10.133000	20.456658	0.758908	4.650026	32.667728	0.203184	-1450.943824	
10.134000	20.511625	0.791292	4.649414	32.666816	0.066895	-1450.904689	
10.135000	20.439745	0.629370	4.647447	32.665770	0.133092	-1450.866032	
10.136000	20.410148	1.074655	4.644724	32.664591	0.273275	-1450.827825	
10.137000	20.308670	0.880349	4.641437	32.663347	0.242123	-1450.789973	
10.138000	20.397463	0.880349	4.637846	32.662076	0.210972	-1450.752334	
10.139000	20.507396	0.750812	4.634492	32.660664	0.393988	-1450.714739	
10.140000	20.427060	0.823676	4.631831	32.659024	0.179820	-1450.677015	
10.141000	20.350953	0.799388	4.629942	32.657308	0.144774	-1450.639013	
10.142000	20.596189	0.807484	4.628686	32.655789	0.265487	-1450.600630	
10.143000	20.545450	0.524121	4.628056	32.654527	0.331685	-1450.561815	
10.144000	20.486255	0.815580	4.628193	32.653342	0.246017	-1450.522573	
10.145000	20.515853	0.726523	4.629110	32.652043	0.031849	-1450.482976	
10.146000	20.494712	0.758908	4.630460	32.650594	-0.030454	-1450.443160	
10.147000	20.520081	0.775100	4.631675	32.649020	0.125304	-1450.403293	
10.148000	20.435517	0.928926	4.632353	32.647325	0.117516	-1450.363549	
10.149000	20.266388	0.807484	4.632337	32.645578	0.253805	-1450.324087	
10.150000	20.460886	0.758908	4.631321	32.643824	0.144774	-1450.285025	
10.151000	20.490484	0.920829	4.628717	32.641955	0.308321	-1450.246436	
10.152000	20.448201	0.613178	4.624120	32.639890	0.168138	-1450.208334	
10.153000	20.241019	0.888445	4.617669	32.637778	0.261593	-1450.170665	
10.154000	20.553907	0.775100	4.610013	32.635884	0.273275	-1450.133314	
10.155000	20.443973	0.831773	4.602156	32.634264	0.464080	-1450.096119	
10.156000	20.532766	0.896541	4.595205	32.632731	0.339473	-1450.058901	
10.157000	20.397463	0.872253	4.590020	32.631091	0.164244	-1450.021486	
10.158000	20.566591	0.726523	4.586776	32.629301	0.070789	-1449.983744	
10.159000	20.452430	0.937022	4.585203	32.627384	0.144774	-1449.945593	
10.160000	20.498940	0.961310	4.585683	32.625339	0.320003	-1449.906995	
10.161000	20.219878	1.090847	4.589238	32.623240	0.210972	-1449.867973	
10.162000	20.452430	0.783196	4.595893	32.621128	0.183714	-1449.828618	
10.163000	20.482027	0.750812	4.604151	32.618890	0.234335	-1449.789081	
10.164000	20.524309	0.767004	4.612288	32.616435	0.160350	-1449.749536	
10.165000	20.262160	0.815580	4.619305	32.613905	0.063001	-1449.710158	
10.166000	20.634243	0.783196	4.624809	32.611563	0.074683	-1449.671095	
10.167000	20.405919	0.856061	4.628742	32.609468	0.249911	-1449.632445	
10.168000	20.427060	1.252769	4.631273	32.607440	0.277169	-1449.594256	
10.169000	20.427060	0.896541	4.632367	32.605291	0.168138	-1449.556524	
10.170000	20.566591	0.791292	4.631611	32.602981	0.191502	-1449.519176	
10.171000	20.498940	0.734620	4.628760	32.600537	0.117516	-1449.482084	
10.172000	20.376322	0.945118	4.624188	32.597957	0.261593	-1449.445080	
10.173000	20.253704	0.823676	4.618735	32.595308	0.358942	-1449.407987	
10.174000	20.443973	0.985598	4.613167	32.592629	0.121410	-1449.370646	
10.175000	20.494712	0.880349	4.607610	32.589805	0.343367	-1449.332941	
10.176000	20.405919	0.888445	4.601719	32.586749	0.234335	-1449.294795	
10.177000	20.270617	0.791292	4.595574	32.583609	0.261593	-1449.256185	
10.178000	20.575048	0.831773	4.589887	32.580649	0.175926	-1449.217153	
10.179000	20.490484	0.661755	4.585199	32.577927	0.246017	-1449.177813	
10.180000	20.473571	0.928926	4.581420	32.575260	0.269381	-1449.138324	
10.181000	20.536994	0.807484	4.578187	32.572459	0.175926	-1449.098870	
10.182000	20.545450	0.856061	4.575421	32.569482	-0.007091	-1449.059631	
10.183000	20.532766	0.799388	4.573270	32.566354	0.082471	-1449.020748	
10.184000	20.456658	0.864157	4.571472	32.563077	0.320003	-1448.982306	
10.185000	20.350953	0.661755	4.569288	32.559715	0.304427	-1448.944338	
10.186000	20.490484	0.734620	4.566308	32.556306	0.082471	-1448.906829	
10.187000	20.562363	0.694139	4.562794	32.552740	0.288851	-1448.869700	
10.188000	20.460886	0.856061	4.559204	32.548936	0.191502	-1448.832813	
10.189000	20.266388	0.985598	4.556051	32.545048	0.257699	-1448.795996	
10.190000	20.545450	0.831773	4.553957	32.541345	0.179820	-1448.759069	
10.191000	20.338268	0.904637	4.553355	32.537891	0.312215	-1448.721877	
10.192000	20.477799	0.880349	4.554196	32.534508	0.249911	-1448.684306	
10.193000	20.498940	0.783196	4.555946	32.531002	0.246017	-1448.646295	
10.194000	20.562363	0.605082	4.558003	32.527333	0.160350	-1448.607844	
10.195000	20.477799	0.856061	4.560199	32.523522	0.246017	-1448.569022	
10.196000	20.503168	1.009886	4.562625	32.519567	0.249911	-1448.529958	
10.197000	20.245247	0.928926	4.565171	32.515533	0.296639	-1448.490817	
10.198000	20.460886	0.799388	4.567526	32.511451	0.117516	-1448.451781	
10.199000	20.473571	0.839869	4.569414	32.507209	0.253805	-1448.413021	
10.200000	20.579276	0.928926	4.570784	32.502719	0.175926	-1448.374657	0.000000
10.201000	20.304442	0.831773	4.571628	32.498129	0.074683	-1448.336760	
10.202000	20.646927	0.742716	4.571744	32.493713	0.172032	-1448.299352	
10.203000	20.477799	0.839869	4.570961	32.489543	0.273275	-1448.262394	
10.204000	20.473571	0.977502	4.569564	32.485442	0.172032	-1448.225782	
10.205000	20.435517	0.888445	4.568283	32.481223	0.168138	-1448.189366	
10.206000	20.553907	0.839869	4.567767	32.476846	0.183714	-1448.152976	
10.207000	20.469342	0.799388	4.568156	32.472339	0.234335	-1448.116439	
10.208000	20.435517	0.920829	4.569245	32.467702	0.168138	-1448.079608	
10.209000	20.236791	0.742716	4.571145	32.462995	0.386200	-1448.042384	
10.210000	20.414376	0.669851	4.574554	32.458249	0.098047	-1448.004723	
10.211000	20.477799	0.791292	4.580004	32.453353	0.355048	-1447.966641	
10.212000	20.477799	0.945118	4.587194	32.448222	0.152562	-1447.928218	
10.213000	20.249476	0.791292	4.595258	32.443000	0.308321	-1447.889587	
10.214000	20.553907	0.750812	4.603264	32.437952	0.187608	-1447.850912	
10.215000	20.507396	0.718427	4.610471	32.433136	0.312215	-1447.812368	
10.216000	20.469342	0.864157	4.616335	32.428370	0.277169	-1447.774104	
10.217000	20.545450	0.847965	4.620545	32.423463	0.148668	-1447.736227	
10.218000	20.600417	0.742716	4.623039	32.418379	0.039637	-1447.698802	
10.219000	20.553907	0.823676	4.623769	32.413149	0.172032	-1447.661839	
10.220000	20.380550	1.220385	4.622901	32.407776	0.214866	-1447.625278	
10.221000	20.274845	0.767004	4.621184	32.402316	0.082471	-1447.588996	
10.222000	20.443973	0.815580	4.619549	32.396798	0.063001	-1447.552838	
10.223000	20.566591	0.718427	4.618522	32.391112	0.160350	-1447.516635	
10.224000	20.490484	0.775100	4.618003	32.385178	0.234335	-1447.480223	
10.225000	20.300214	0.953214	4.617277	32.379148	0.195396	-1447.443476	
10.226000	20.558135	0.847965	4.615721	32.373291	0.109728	-1447.406312	
10.227000	20.486255	0.953214	4.613788	32.367672	0.140880	-1447.368702	
10.228000	20.389006	0.993694	4.612487	32.362113	0.327791	-1447.330679	
10.229000	20.384778	0.686043	4.612276	32.356427	0.269381	-1447.292343	
10.230000	20.596189	0.775100	4.613062	32.350572	0.129198	-1447.253842	
10.231000	20.545450	0.880349	4.614525	32.344572	0.160350	-1447.215346	
10.232000	20.486255	1.066559	4.616366	32.338429	0.261593	-1447.177020	
10.233000	20.224106	0.928926	4.618427	32.332211	0.249911	-1447.138999	
10.234000	20.452430	0.945118	4.620430	32.325957	0.109728	-1447.101373	
10.235000	20.443973	0.815580	4.621866	32.319555	0.203184	-1447.064188	
10.236000	20.553907	0.677947	4.622301	32.312921	0.195396	-1447.027433	
10.237000	20.291758	0.880349	4.621767	32.306202	0.148668	-1446.991025	
10.238000	20.659612	0.702235	4.620764	32.299671	0.121410	-1446.954825	
10.239000	20.465114	0.839869	4.619836	32.293401	0.230441	-1446.918667	
10.240000	20.507396	0.977502	4.619304	32.287219	0.234335	-1446.882381	
10.241000	20.448201	0.912733	4.619288	32.280941	0.094153	-1446.845825	
10.242000	20.587732	0.823676	4.619928	32.274535	-0.018773	-1446.808901	
10.243000	20.427060	0.783196	4.621663	32.268034	0.191502	-1446.771551	
10.244000	20.427060	1.050367	4.625138	32.261444	0.246017	-1446.733764	
10.245000	20.236791	0.920829	4.630468	32.254839	0.234335	-1446.695591	
10.246000	20.448201	0.864157	4.636838	32.248265	0.063001	-1446.657152	
10.247000	20.439745	0.839869	4.643003	32.241615	0.393988	-1446.618610	
10.248000	20.465114	1.058463	4.648015	32.234803	0.168138	-1446.580135	
10.249000	20.266388	0.928926	4.651587	32.227973	0.207078	-1446.541883	
10.250000	20.558135	0.856061	4.653757	32.221381	0.296639	-1446.503964	
10.251000	20.393235	0.937022	4.654309	32.215084	0.370624	-1446.466442	
10.252000	20.435517	1.026079	4.652732	32.208899	0.253805	-1446.429336	
10.253000	20.490484	0.912733	4.648730	32.202634	0.129198	-1446.392606	
10.254000	20.566591	0.823676	4.642729	32.196251	0.179820	-1446.356158	
10.255000	20.536994	0.864157	4.635741	32.189776	0.253805	-1446.319852	
10.256000	20.431289	1.034175	4.628740	32.183211	0.207078	-1446.283522	
10.257000	20.300214	0.799388	4.622300	32.176624	0.203184	-1446.247006	
10.258000	20.397463	0.783196	4.616562	32.170055	0.078577	-1446.210173	
10.259000	20.465114	0.669851	4.611580	32.163400	0.117516	-1446.172939	
10.260000	20.460886	0.896541	4.607762	32.156577	0.199290	-1446.135263	
10.261000	20.401691	0.807484	4.605582	32.149735	0.226548	-1446.097155	
10.262000	20.536994	0.961310	4.604963	32.143142	0.218760	-1446.058690	
10.263000	20.465114	0.807484	4.605217	32.136862	0.253805	-1446.020007	
10.264000	20.384778	1.034175	4.605580	32.130719	0.284957	-1445.981273	
10.265000	20.443973	0.831773	4.605623	32.124528	0.168138	-1445.942656	
10.266000	20.486255	0.839869	4.605143	32.118254	-0.022667	-1445.904302	
10.267000	20.600417	0.920829	4.604091	32.111930	0.370624	-1445.866308	
10.268000	20.482027	1.034175	4.602628	32.105556	0.362836	-1445.828721	
10.269000	20.317127	1.066559	4.600767	32.099198	0.234335	-1445.791538	
10.270000	20.477799	0.912733	4.598335	32.092892	0.210972	-1445.754700	
10.271000	20.503168	0.880349	4.595478	32.086526	0.281063	-1445.718091	
10.272000	20.456658	0.726523	4.592657	32.080015	0.183714	-1445.681557	
10.273000	20.270617	0.864157	4.590209	32.073499	0.203184	-1445.644926	
10.274000	20.646927	0.637467	4.588337	32.067239	0.047425	-1445.608039	
10.275000	20.503168	0.961310	4.587366	32.061294	0.199290	-1445.570773	
10.276000	20.613102	1.026079	4.587546	32.055485	0.242123	-1445.533061	
10.277000	20.452430	0.847965	4.588653	32.049627	0.187608	-1445.494885	
10.278000	20.575048	0.669851	4.590168	32.043691	-0.034348	-1445.456299	
10.279000	20.465114	0.742716	4.591698	32.037712	0.016273	-1445.417416	
10.280000	20.490484	0.969406	4.593054	32.031690	0.308321	-1445.378387	
10.281000	20.190281	0.888445	4.594135	32.025679	0.218760	-1445.339378	
10.282000	20.452430	0.864157	4.594902	32.019702	0.195396	-1445.300555	
10.283000	20.482027	0.831773	4.595355	32.013650	0.320003	-1445.262050	
10.284000	20.448201	0.621274	4.595254	32.007443	0.222654	-1445.223945	
10.285000	20.283301	0.969406	4.593730	32.001233	0.292745	-1445.186274	
10.286000	20.625786	0.839869	4.589622	31.995288	0.218760	-1445.149015	
10.287000	20.503168	0.896541	4.582717	31.989670	0.312215	-1445.112086	
10.288000	20.414376	0.985598	4.574245	31.984195	0.327791	-1445.075345	
10.289000	20.456658	0.807484	4.565957	31.978676	0.281063	-1445.038623	
10.290000	20.587732	0.953214	4.559214	31.973079	-0.007091	-1445.001752	
10.291000	20.541222	0.742716	4.554669	31.967433	0.242123	-1444.964587	
10.292000	20.477799	1.171808	4.552331	31.961745	0.230441	-1444.927023	
10.293000	20.295986	0.839869	4.551911	31.956078	0.269381	-1444.889006	
10.294000	20.456658	0.880349	4.553267	31.950475	0.066895	-1444.850541	
10.295000	20.477799	0.839869	4.556478	31.944825	0.249911	-1444.811703	
10.296000	20.427060	0.872253	4.561371	31.939044	0.230441	-1444.772622	
10.297000	20.304442	0.783196	4.567340	31.933274	0.160350	-1444.733458	
10.298000	20.608873	0.775100	4.573630	31.927774	0.269381	-1444.694383	
10.299000	20.503168	0.694139	4.579657	31.922604	0.347261	-1444.655555	
10.300000	20.405919	0.953214	4.584903	31.917590	0.351155	-1444.617090	0.000000
10.301000	20.486255	0.888445	4.588703	31.912548	0.125304	-1444.579057	
10.302000	20.456658	0.880349	4.590581	31.907447	0.035743	-1444.541476	
10.303000	20.460886	0.767004	4.590362	31.902315	0.238229	-1444.504305	
10.304000	20.422832	1.074655	4.588241	31.897158	0.304427	-1444.467434	
10.305000	20.308670	0.864157	4.585048	31.892041	0.168138	-1444.430706	
10.306000	20.494712	0.783196	4.581759	31.887003	0.175926	-1444.393951	
10.307000	20.515853	0.726523	4.579007	31.881935	0.405670	-1444.357004	
10.308000	20.465114	0.791292	4.577144	31.876752	0.164244	-1444.319733	
10.309000	20.215650	0.799388	4.576585	31.871595	0.175926	-1444.282047	
10.310000	20.604645	0.694139	4.577868	31.866719	0.207078	-1444.243905	
10.311000	20.494712	0.767004	4.581072	31.862178	0.281063	-1444.205322	
10.312000	20.566591	0.823676	4.585639	31.857787	0.281063	-1444.166379	
10.313000	20.520081	0.920829	4.590719	31.853353	0.059107	-1444.127218	
10.314000	20.613102	0.726523	4.595380	31.848837	0.082471	-1444.088019	
10.315000	20.524309	0.807484	4.598928	31.844272	0.090259	-1444.048963	
10.316000	20.439745	0.864157	4.601067	31.839663	0.207078	-1444.010202	
10.317000	20.131086	0.847965	4.601687	31.835076	0.172032	-1443.971839	
10.318000	20.477799	0.799388	4.600754	31.830547	0.168138	-1443.933925	
10.319000	20.448201	0.847965	4.598384	31.825966	0.207078	-1443.896462	
10.320000	20.507396	0.734620	4.594938	31.821253	0.113622	-1443.859382	
10.321000	20.241019	0.791292	4.590999	31.816561	0.288851	-1443.822553	
10.322000	20.553907	0.677947	4.587224	31.812162	0.218760	-1443.785810	
10.323000	20.389006	0.831773	4.584054	31.808124	0.339473	-1443.748978	
10.324000	20.511625	1.042271	4.581539	31.804264	0.304427	-1443.711890	
10.325000	20.376322	0.872253	4.579963	31.800388	0.172032	-1443.674420	
10.326000	20.562363	0.775100	4.580259	31.796458	0.043531	-1443.636493	
10.327000	20.520081	0.807484	4.583284	31.792501	0.090259	-1443.598089	
10.328000	20.528537	0.847965	4.589339	31.788518	0.246017	-1443.559246	
10.329000	20.211422	0.605082	4.597932	31.784572	0.129198	-1443.520074	
10.330000	20.482027	0.815580	4.607633	31.780702	0.152562	-1443.480734	
10.331000	20.503168	0.775100	4.616858	31.776797	0.339473	-1443.441411	
10.332000	20.507396	0.791292	4.624557	31.772771	0.098047	-1443.402278	
10.333000	20.279073	0.726523	4.630238	31.768772	0.117516	-1443.363469	
10.334000	20.634243	0.718427	4.633700	31.765065	0.156456	-1443.325068	
10.335000	20.498940	0.677947	4.635157	31.761709	0.234335	-1443.287114	
10.336000	20.486255	0.969406	4.635611	31.758523	0.308321	-1443.249593	
10.337000	20.541222	0.904637	4.636014	31.755320	0.136986	-1443.212429	
10.338000	20.498940	0.928926	4.636513	31.752066	-0.065500	-1443.175487	
10.339000	20.536994	0.799388	4.636902	31.748793	0.156456	-1443.138601	
10.340000	20.350953	1.017982	4.636923	31.745499	0.366730	-1443.101588	
10.341000	20.202965	0.734620	4.636535	31.742230	0.144774	-1443.064290	
10.342000	20.465114	0.653659	4.636352	31.739004	0.051319	-1443.026594	
10.343000	20.515853	0.677947	4.637302	31.735701	0.257699	-1442.988443	
10.344000	20.473571	0.815580	4.639487	31.732237	0.148668	-1442.949831	
10.345000	20.291758	0.807484	4.642137	31.728760	0.261593	-1442.910815	
10.346000	20.553907	0.864157	4.644574	31.725534	0.203184	-1442.871514	
10.347000	20.494712	0.888445	4.646316	31.722620	0.249911	-1442.832086	
10.348000	20.469342	1.042271	4.646970	31.719833	0.277169	-1442.792705	
10.349000	20.515853	0.742716	4.646351	31.716981	0.121410	-1442.753536	
10.350000	20.617330	0.621274	4.644306	31.714026	0.047425	-1442.714707	
10.351000	20.613102	0.880349	4.640758	31.710992	-0.014879	-1442.676298	
10.352000	20.401691	0.920829	4.635877	31.707885	0.187608	-1442.638336	
10.353000	20.228334	0.945118	4.629981	31.704770	0.199290	-1442.600785	
10.354000	20.477799	0.856061	4.623524	31.701685	0.027955	-1442.563548	
10.355000	20.469342	0.839869	4.617096	31.698523	0.323897	-1442.526480	
10.356000	20.465114	0.661755	4.611147	31.695205	0.024061	-1442.489409	
10.357000	20.249476	0.880349	4.605789	31.691880	0.288851	-1442.452155	
10.358000	20.634243	0.726523	4.600854	31.688815	0.222654	-1442.414572	
10.359000	20.346724	0.920829	4.596134	31.686072	0.374518	-1442.376562	
10.360000	20.456658	1.074655	4.591724	31.683470	0.195396	-1442.338080	
10.361000	20.342496	0.937022	4.588002	31.680818	0.195396	-1442.299134	
10.362000	20.583504	0.888445	4.585237	31.678072	0.148668	-1442.259803	
10.363000	20.431289	0.823676	4.583403	31.675255	0.199290	-1442.220226	
10.364000	20.515853	0.937022	4.582280	31.672366	0.296639	-1442.180569	
10.365000	20.274845	0.888445	4.581637	31.669469	0.242123	-1442.141007	
10.366000	20.473571	0.815580	4.581419	31.666602	0.113622	-1442.101697	
10.367000	20.486255	0.969406	4.581767	31.663653	0.331685	-1442.062760	
10.368000	20.469342	1.017982	4.582961	31.660536	0.218760	-1442.024258	
10.369000	20.334040	1.001790	4.585317	31.657395	0.203184	-1441.986197	
10.370000	20.600417	0.847965	4.588743	31.654495	0.129198	-1441.948516	
10.371000	20.460886	0.694139	4.592716	31.651898	0.203184	-1441.911093	
10.372000	20.465114	0.953214	4.596880	31.649427	0.187608	-1441.873767	
10.373000	20.503168	0.856061	4.601065	31.646896	0.191502	-1441.836366	
10.374000	20.536994	0.847965	4.604953	31.644273	0.043531	-1441.798730	
10.375000	20.507396	0.912733	4.608256	31.641588	0.226548	-1441.760733	
10.376000	20.350953	1.026079	4.610768	31.638847	0.214866	-1441.722293	
10.377000	20.249476	0.775100	4.612298	31.636116	0.347261	-1441.683376	
10.378000	20.350953	0.799388	4.613067	31.633432	0.074683	-1441.644017	
10.379000	20.422832	0.653659	4.613513	31.630687	0.273275	-1441.604321	
10.380000	20.473571	0.823676	4.613686	31.627798	0.308321	-1441.564439	
10.381000	20.355181	0.993694	4.613457	31.624914	0.296639	-1441.524543	
10.382000	20.583504	0.856061	4.612737	31.622305	0.288851	-1441.484804	
10.383000	20.443973	0.945118	4.611306	31.620037	0.284957	-1441.445363	
10.384000	20.350953	1.074655	4.608915	31.617926	0.156456	-1441.406311	
10.385000	20.486255	0.750812	4.605416	31.615781	0.199290	-1441.367691	
10.386000	20.604645	0.847965	4.600720	31.613562	0.012379	-1441.329498	
10.387000	20.634243	0.694139	4.595064	31.611291	0.113622	-1441.291657	
10.388000	20.558135	0.993694	4.589181	31.608977	0.133092	-1441.254036	
10.389000	20.274845	0.896541	4.583882	31.606704	0.148668	-1441.216473	
10.390000	20.486255	0.823676	4.579590	31.604534	-0.010985	-1441.178803	
10.391000	20.456658	0.912733	4.576399	31.602364	0.172032	-1441.140882	
10.392000	20.532766	0.872253	4.574153	31.600111	0.148668	-1441.102602	
10.393000	20.224106	0.661755	4.572436	31.597924	0.246017	-1441.063895	
10.394000	20.646927	0.864157	4.571174	31.596074	0.331685	-1441.024745	
10.395000	20.363637	0.961310	4.570836	31.594628	0.300533	-1440.985202	
10.396000	20.486255	0.977502	4.571750	31.593409	0.242123	-1440.945389	
10.397000	20.350953	1.001790	4.573792	31.592228	0.035743	-1440.905468	
10.398000	20.591961	0.799388	4.576755	31.591045	0.105834	-1440.865621	
10.399000	20.456658	0.880349	4.580629	31.589881	0.335579	-1440.826014	
10.400000	20.460886	1.026079	4.585355	31.588733	0.366730	-1440.786766	0.000000
10.401000	20.164911	0.920829	4.590565	31.587665	0.183714	-1440.747947	
10.402000	20.511625	0.839869	4.595513	31.586711	0.004591	-1440.709584	
10.403000	20.536994	0.856061	4.599300	31.585755	0.351155	-1440.671643	
10.404000	20.532766	0.823676	4.601576	31.584710	0.230441	-1440.634030	
10.405000	20.287529	0.742716	4.602799	31.583718	0.168138	-1440.596599	
10.406000	20.608873	0.872253	4.603655	31.583034	0.105834	-1440.559180	
10.407000	20.503168	0.742716	4.604737	31.582710	0.199290	-1440.521601	
10.408000	20.460886	0.945118	4.606671	31.582564	0.164244	-1440.483726	
10.409000	20.503168	0.758908	4.609876	31.582407	0.101940	-1440.445463	
10.410000	20.604645	0.653659	4.614285	31.582205	0.082471	-1440.406775	
10.411000	20.532766	0.758908	4.619597	31.581988	0.218760	-1440.367675	
10.412000	20.435517	1.131328	4.625399	31.581762	0.238229	-1440.328243	
10.413000	20.262160	0.831773	4.631031	31.581596	0.148668	-1440.288612	
10.414000	20.384778	0.888445	4.635609	31.581530	0.094153	-1440.248952	
10.415000	20.477799	0.734620	4.638327	31.581450	0.308321	-1440.209439	
10.416000	20.384778	0.856061	4.639002	31.581273	0.175926	-1440.170220	
10.417000	20.338268	1.009886	4.638005	31.581144	0.210972	-1440.131393	
10.418000	20.608873	0.937022	4.635582	31.581324	0.281063	-1440.093008	
10.419000	20.452430	0.856061	4.631823	31.581869	0.234335	-1440.055069	
10.420000	20.439745	1.220385	4.627031	31.582594	0.304427	-1440.017516	
10.421000	20.452430	0.807484	4.621644	31.583306	0.144774	-1439.980232	
10.422000	20.566591	0.742716	4.616184	31.583962	0.070789	-1439.943064	
10.423000	20.536994	0.734620	4.611241	31.584582	0.207078	-1439.905845	
10.424000	20.494712	0.880349	4.607193	31.585160	0.210972	-1439.868412	
10.425000	20.325583	0.872253	4.604095	31.585746	0.277169	-1439.830644	
10.426000	20.498940	0.823676	4.601795	31.586367	0.133092	-1439.792473	
10.427000	20.477799	0.823676	4.599939	31.586911	0.133092	-1439.753881	
10.428000	20.469342	0.661755	4.598222	31.587298	0.031849	-1439.714904	
10.429000	20.270617	0.791292	4.596734	31.587676	0.121410	-1439.675641	
10.430000	20.625786	0.677947	4.595749	31.588315	0.164244	-1439.636236	
10.431000	20.435517	0.807484	4.595341	31.589287	0.261593	-1439.596859	
10.432000	20.448201	1.009886	4.595505	31.590416	0.222654	-1439.557676	
10.433000	20.427060	0.937022	4.596310	31.591515	0.195396	-1439.518823	
10.434000	20.498940	0.937022	4.597426	31.592551	0.121410	-1439.480390	
10.435000	20.435517	1.131328	4.597832	31.593554	0.222654	-1439.442418	
10.436000	20.427060	0.969406	4.596582	31.594522	0.304427	-1439.404888	
10.437000	20.156455	0.783196	4.593689	31.595517	0.308321	-1439.367715	
10.438000	20.482027	0.742716	4.589984	31.596574	0.156456	-1439.330761	
10.439000	20.482027	0.823676	4.586370	31.597580	0.296639	-1439.293865	
10.440000	20.520081	0.726523	4.583380	31.598450	0.191502	-1439.256854	
10.441000	20.304442	0.767004	4.581294	31.599326	0.296639	-1439.219574	
10.442000	20.634243	0.823676	4.580424	31.600472	0.214866	-1439.181916	
10.443000	20.410148	0.783196	4.581114	31.601952	0.234335	-1439.143820	
10.444000	20.541222	0.977502	4.583412	31.603585	0.175926	-1439.105280	
10.445000	20.393235	0.686043	4.586983	31.605182	0.101940	-1439.066359	
10.446000	20.596189	0.734620	4.591339	31.606708	0.066895	-1439.027185	
10.447000	20.524309	0.775100	4.595893	31.608195	0.074683	-1438.987924	
10.448000	20.477799	1.058463	4.600036	31.609645	0.277169	-1438.948753	
10.449000	20.279073	0.750812	4.603259	31.611120	0.207078	-1438.909835	
10.450000	20.380550	0.839869	4.605153	31.612652	0.168138	-1438.871291	
10.451000	20.482027	0.953214	4.605596	31.614134	0.323897	-1438.833195	
10.452000	20.346724	0.920829	4.604565	31.615482	0.148668	-1438.795563	
10.453000	20.279073	0.872253	4.601635	31.616837	0.304427	-1438.758347	
10.454000	20.558135	0.839869	4.596651	31.618454	0.331685	-1438.721439	
10.455000	20.486255	0.726523	4.590465	31.620393	0.210972	-1438.684685	
10.456000	20.410148	1.050367	4.584133	31.622468	0.288851	-1438.647914	
10.457000	20.439745	0.783196	4.578224	31.624489	0.195396	-1438.610955	
10.458000	20.507396	0.783196	4.573161	31.626423	0.082471	-1438.573671	
10.459000	20.520081	0.839869	4.569452	31.628296	0.269381	-1438.535973	
10.460000	20.418604	0.880349	4.567358	31.630104	0.296639	-1438.497813	
10.461000	20.334040	0.750812	4.566625	31.631900	0.210972	-1438.459204	
10.462000	20.553907	0.694139	4.566870	31.633714	0.027955	-1438.420233	
10.463000	20.562363	0.775100	4.567882	31.635436	0.179820	-1438.381051	
10.464000	20.456658	0.807484	4.569428	31.636986	0.160350	-1438.341838	
10.465000	20.300214	0.896541	4.571322	31.638509	0.063001	-1438.302772	
10.466000	20.562363	0.783196	4.573407	31.640266	0.203184	-1438.264004	
10.467000	20.439745	0.953214	4.575288	31.642318	0.183714	-1438.225636	
10.468000	20.431289	1.001790	4.576476	31.644484	0.320003	-1438.187719	
10.469000	20.452430	0.831773	4.576698	31.646578	0.343367	-1438.150254	
10.470000	20.604645	0.507929	4.575893	31.648568	0.082471	-1438.113184	
10.471000	20.460886	0.864157	4.574267	31.650490	0.222654	-1438.076391	
10.472000	20.346724	1.050367	4.572323	31.652343	0.374518	-1438.039711	
10.473000	20.224106	1.034175	4.570552	31.654178	0.273275	-1438.002963	
10.474000	20.473571	0.605082	4.568969	31.656019	0.148668	-1437.965981	
10.475000	20.460886	0.799388	4.567098	31.657750	0.316109	-1437.928637	
10.476000	20.452430	0.694139	4.564961	31.659284	0.277169	-1437.890851	
10.477000	20.304442	0.791292	4.563793	31.660756	0.043531	-1437.852596	
10.478000	20.591961	0.694139	4.564867	31.662417	0.238229	-1437.813908	
10.479000	20.414376	0.815580	4.568237	31.664324	0.323897	-1437.774892	
10.480000	20.486255	1.042271	4.573078	31.666299	0.253805	-1437.735707	
10.481000	20.435517	0.945118	4.578439	31.668153	0.249911	-1437.696533	
10.482000	20.634243	0.831773	4.583528	31.669854	-0.046030	-1437.657548	
10.483000	20.511625	0.750812	4.587712	31.671432	0.249911	-1437.618898	
10.484000	20.486255	1.090847	4.590444	31.672891	0.125304	-1437.580676	
10.485000	20.308670	0.734620	4.591167	31.674289	0.284957	-1437.542927	
10.486000	20.558135	0.928926	4.589515	31.675660	0.024061	-1437.505647	
10.487000	20.486255	0.880349	4.585816	31.676899	0.355048	-1437.468767	
10.488000	20.427060	1.050367	4.581057	31.677926	0.152562	-1437.432150	
10.489000	20.257932	0.807484	4.576311	31.678883	0.281063	-1437.395624	
10.490000	20.503168	0.791292	4.572354	31.680031	0.246017	-1437.359004	
10.491000	20.469342	0.710331	4.569628	31.681436	0.253805	-1437.322127	
10.492000	20.494712	1.171808	4.568222	31.682918	0.238229	-1437.284876	
10.493000	20.503168	0.686043	4.567950	31.684292	0.144774	-1437.247185	
10.494000	20.515853	0.953214	4.568723	31.685526	0.160350	-1437.209045	
10.495000	20.431289	0.783196	4.570634	31.686656	0.218760	-1437.170515	
10.496000	20.414376	1.188000	4.573624	31.687684	0.203184	-1437.131716	
10.497000	20.342496	0.742716	4.577304	31.688663	0.238229	-1437.092811	
10.498000	20.443973	0.783196	4.581112	31.689626	0.094153	-1437.053984	
10.499000	20.587732	0.726523	4.584643	31.690462	0.234335	-1437.015412	
10.500000	20.549678	0.969406	4.587789	31.691088	0.059107	-1436.977225	0.000000
10.501000	20.262160	0.856061	4.590702	31.691652	0.024061	-1436.939500	
10.502000	20.520081	0.783196	4.593481	31.692421	0.101940	-1436.902264	
10.503000	20.422832	1.042271	4.595710	31.693466	0.277169	-1436.865485	
10.504000	20.528537	1.050367	4.596979	31.694615	0.210972	-1436.829068	
10.505000	20.503168	0.767004	4.597614	31.695684	0.187608	-1436.792868	
10.506000	20.541222	0.750812	4.598202	31.696649	0.082471	-1436.756716	
10.507000	20.532766	0.856061	4.599074	31.697548	0.257699	-1436.720444	
10.508000	20.460886	0.888445	4.600414	31.698384	0.296639	-1436.683906	
10.509000	20.164911	0.985598	4.602189	31.699213	0.265487	-1436.647000	
10.510000	20.452430	0.637467	4.603931	31.700063	0.078577	-1436.609676	
10.511000	20.448201	0.791292	4.605079	31.700818	0.413458	-1436.571939	
10.512000	20.507396	0.807484	4.605666	31.701390	0.257699	-1436.533861	
10.513000	20.266388	0.783196	4.606219	31.701912	0.101940	-1436.495571	
10.514000	20.659612	0.702235	4.607006	31.702640	0.191502	-1436.457234	
10.515000	20.448201	0.945118	4.607835	31.703637	0.304427	-1436.419026	
10.516000	20.511625	1.026079	4.608402	31.704723	0.288851	-1436.381102	
10.517000	20.422832	1.098943	4.608837	31.705710	0.207078	-1436.343579	
10.518000	20.646927	0.864157	4.609960	31.706571	0.012379	-1436.306525	
10.519000	20.596189	0.864157	4.612314	31.707340	0.129198	-1436.269953	
10.520000	20.515853	0.823676	4.615492	31.708020	0.327791	-1436.233805	
10.521000	20.321355	0.783196	4.618930	31.708662	0.226548	-1436.197966	
10.522000	20.524309	0.847965	4.622450	31.709291	0.101940	-1436.162288	
10.523000	20.486255	0.937022	4.625955	31.709799	0.238229	-1436.126607	
10.524000	20.473571	0.847965	4.629279	31.710101	0.183714	-1436.090759	
10.525000	20.207193	0.977502	4.632426	31.710334	0.164244	-1436.054612	
10.526000	20.520081	0.847965	4.635671	31.710755	0.226548	-1436.018075	
10.527000	20.469342	0.726523	4.639203	31.711429	0.238229	-1435.981107	
10.528000	20.359409	1.042271	4.642653	31.712178	0.308321	-1435.943732	
10.529000	20.498940	0.799388	4.645447	31.712816	0.207078	-1435.906043	
10.530000	20.625786	0.920829	4.647325	31.713317	0.160350	-1435.868192	
10.531000	20.520081	0.799388	4.648213	31.713725	0.234335	-1435.830354	
10.532000	20.405919	1.050367	4.648174	31.714039	0.358942	-1435.792699	
10.533000	20.312899	0.807484	4.647273	31.714295	0.183714	-1435.755365	
10.534000	20.452430	0.718427	4.645643	31.714504	0.113622	-1435.718447	
10.535000	20.621558	0.686043	4.643698	31.714548	0.292745	-1435.681996	
10.536000	20.528537	0.815580	4.641576	31.714339	0.144774	-1435.646007	
10.537000	20.359409	0.823676	4.638981	31.714005	0.129198	-1435.610406	
10.538000	20.575048	0.847965	4.635904	31.713799	0.222654	-1435.575060	
10.539000	20.448201	0.823676	4.632796	31.713796	0.214866	-1435.539807	
10.540000	20.414376	0.937022	4.630213	31.713825	0.257699	-1435.504474	
10.541000	20.482027	0.831773	4.628418	31.713708	0.105834	-1435.468903	
10.542000	20.545450	0.791292	4.627213	31.713424	0.008485	-1435.432980	
10.543000	20.456658	0.742716	4.626349	31.713020	0.246017	-1435.396639	
10.544000	20.473571	1.090847	4.626016	31.712500	0.304427	-1435.359861	
10.545000	20.300214	1.001790	4.626619	31.711896	0.098047	-1435.322694	
10.546000	20.414376	0.969406	4.628178	31.711213	0.253805	-1435.285258	
10.547000	20.418604	0.823676	4.630212	31.710339	0.281063	-1435.247711	
10.548000	20.490484	0.767004	4.632196	31.709190	0.265487	-1435.210224	
10.549000	20.325583	0.896541	4.633889	31.707899	0.191502	-1435.172948	
10.550000	20.583504	0.718427	4.635174	31.706716	0.234335	-1435.136000	
10.551000	20.452430	0.945118	4.635937	31.705707	0.370624	-1435.099453	
10.552000	20.427060	0.888445	4.636149	31.704696	0.117516	-1435.063334	
10.553000	20.448201	0.880349	4.635727	31.703500	0.199290	-1435.027615	
10.554000	20.604645	0.799388	4.634496	31.702095	0.078577	-1434.992207	
10.555000	20.528537	0.815580	4.632519	31.700524	0.238229	-1434.956972	
10.556000	20.507396	0.937022	4.630092	31.698790	0.308321	-1434.921740	
10.557000	20.266388	0.807484	4.627484	31.696931	0.082471	-1434.886342	
10.558000	20.520081	0.839869	4.624874	31.694962	0.055213	-1434.850642	
10.559000	20.536994	0.880349	4.622001	31.692778	0.203184	-1434.814552	
10.560000	20.528537	0.904637	4.618034	31.690300	0.175926	-1434.778027	
10.561000	20.279073	0.815580	4.612770	31.687668	0.316109	-1434.741068	
10.562000	20.587732	0.856061	4.607142	31.685145	0.078577	-1434.703745	
10.563000	20.367865	0.928926	4.602005	31.682806	0.323897	-1434.666185	
10.564000	20.469342	1.001790	4.597594	31.680485	0.413458	-1434.628549	
10.565000	20.367865	0.839869	4.593915	31.678003	0.300533	-1434.591007	
10.566000	20.570820	0.823676	4.590819	31.675344	0.140880	-1434.553711	
10.567000	20.583504	0.928926	4.588001	31.672554	0.222654	-1434.516774	
10.568000	20.443973	0.977502	4.585012	31.669636	0.304427	-1434.480252	
10.569000	20.186052	0.718427	4.581438	31.666624	0.296639	-1434.444155	
10.570000	20.456658	1.017982	4.577323	31.663528	0.035743	-1434.408432	
10.571000	20.549678	0.710331	4.573215	31.660232	0.355048	-1434.372974	
10.572000	20.486255	0.767004	4.569816	31.656652	0.257699	-1434.337629	
10.573000	20.363637	0.750812	4.567617	31.652914	0.187608	-1434.302227	
10.574000	20.634243	0.856061	4.566967	31.649273	0.277169	-1434.266608	
10.575000	20.536994	0.791292	4.568300	31.645797	0.281063	-1434.230649	
10.576000	20.414376	0.977502	4.571685	31.642319	0.140880	-1434.194276	
10.577000	20.452430	0.945118	4.576701	31.638664	0.308321	-1434.157467	
10.578000	20.541222	0.880349	4.583026	31.634819	-0.069394	-1434.120261	
10.579000	20.570820	0.742716	4.590285	31.630838	0.230441	-1434.082760	
10.580000	20.427060	1.115135	4.597525	31.626728	0.144774	-1434.045109	
10.581000	20.312899	1.009886	4.603646	31.622527	0.210972	-1434.007478	
10.582000	20.384778	0.896541	4.608165	31.618244	0.074683	-1433.970041	
10.583000	20.494712	0.847965	4.611301	31.613774	0.339473	-1433.932941	
10.584000	20.300214	0.742716	4.613388	31.609036	0.238229	-1433.896266	
10.585000	20.274845	0.888445	4.614451	31.604163	0.253805	-1433.860053	
10.586000	20.536994	0.807484	4.614354	31.599405	0.218760	-1433.824283	
10.587000	20.473571	0.823676	4.613112	31.594830	0.203184	-1433.788878	
10.588000	20.452430	1.058463	4.611061	31.590265	0.300533	-1433.753706	
10.589000	20.498940	0.953214	4.608675	31.585533	0.094153	-1433.718610	
10.590000	20.536994	0.726523	4.606209	31.580614	0.055213	-1433.683424	
10.591000	20.473571	0.912733	4.603662	31.575557	0.164244	-1433.648000	
10.592000	20.490484	0.993694	4.600831	31.570366	0.218760	-1433.612223	
10.593000	20.389006	0.864157	4.597515	31.565088	0.281063	-1433.576028	
10.594000	20.558135	0.645563	4.594140	31.559747	0.063001	-1433.539406	
10.595000	20.511625	0.953214	4.591598	31.554237	0.238229	-1433.502418	
10.596000	20.515853	1.042271	4.590376	31.548481	0.207078	-1433.465186	
10.597000	20.295986	0.896541	4.590339	31.542609	0.148668	-1433.427872	
10.598000	20.621558	0.783196	4.591052	31.536883	0.105834	-1433.390650	
10.599000	20.380550	0.880349	4.592215	31.531379	0.304427	-1433.353682	
10.600000	20.469342	1.026079	4.593824	31.525930	0.218760	-1433.317087	0.000000
10.601000	20.477799	0.856061	4.595740	31.520358	0.312215	-1433.280937	
10.602000	20.553907	0.937022	4.597631	31.514645	0.051319	-1433.245258	
10.603000	20.427060	0.847965	4.599447	31.508841	0.156456	-1433.210023	
10.604000	20.473571	0.928926	4.601321	31.502942	0.164244	-1433.175133	
10.605000	20.287529	0.847965	4.603348	31.496960	0.308321	-1433.140438	
10.606000	20.469342	0.839869	4.605775	31.490883	0.024061	-1433.105769	
10.607000	20.465114	0.799388	4.608948	31.484592	0.335579	-1433.070958	
10.608000	20.490484	0.912733	4.612992	31.478002	0.308321	-1433.035860	
10.609000	20.325583	0.775100	4.617649	31.471237	0.203184	-1433.000375	
10.610000	20.638471	0.985598	4.622553	31.464554	0.226548	-1432.964455	
10.611000	20.439745	0.783196	4.627443	31.458034	0.273275	-1432.928110	
10.612000	20.503168	0.953214	4.632018	31.451511	0.265487	-1432.891421	
10.613000	20.498940	0.694139	4.635876	31.444812	0.265487	-1432.854525	
10.614000	20.566591	0.864157	4.638573	31.437927	-0.007091	-1432.817592	
10.615000	20.541222	0.750812	4.639682	31.430914	0.187608	-1432.780798	
10.616000	20.448201	1.050367	4.638944	31.423775	0.222654	-1432.744293	
10.617000	20.363637	0.767004	4.636336	31.416528	0.281063	-1432.708184	
10.618000	20.384778	0.791292	4.632043	31.409170	0.144774	-1432.672535	
10.619000	20.507396	0.710331	4.626446	31.401593	0.358942	-1432.637358	
10.620000	20.439745	0.904637	4.620072	31.393721	0.140880	-1432.602599	
10.621000	20.253704	0.896541	4.613603	31.385683	0.199290	-1432.568134	
10.622000	20.511625	0.839869	4.607822	31.377731	0.249911	-1432.533796	
10.623000	20.507396	0.896541	4.603294	31.369942	0.242123	-1432.499401	
10.624000	20.448201	1.017982	4.600109	31.362149	0.304427	-1432.464772	
10.625000	20.507396	0.694139	4.598156	31.354174	0.117516	-1432.429775	
10.626000	20.553907	0.920829	4.597526	31.346005	0.039637	-1432.394329	
10.627000	20.545450	0.807484	4.598541	31.337697	0.074683	-1432.358406	
10.628000	20.460886	0.864157	4.601480	31.329252	0.265487	-1432.322032	
10.629000	20.363637	0.823676	4.606228	31.320699	0.261593	-1432.285301	
10.630000	20.494712	0.839869	4.612163	31.312042	0.031849	-1432.248368	
10.631000	20.583504	0.888445	4.618440	31.303175	0.261593	-1432.211416	
10.632000	20.524309	0.702235	4.624417	31.294020	0.230441	-1432.174625	
10.633000	20.342496	0.758908	4.629644	31.284708	0.148668	-1432.138139	
10.634000	20.613102	0.702235	4.633750	31.275491	0.199290	-1432.102052	
10.635000	20.418604	0.904637	4.636494	31.266448	0.183714	-1432.066410	
10.636000	20.448201	1.066559	4.637606	31.257417	0.292745	-1432.031203	
10.637000	20.355181	0.937022	4.636944	31.248229	0.031849	-1431.996352	
10.638000	20.600417	0.856061	4.634845	31.238878	0.070789	-1431.961723	
10.639000	20.469342	0.807484	4.631801	31.229429	0.105834	-1431.927151	
10.640000	20.448201	0.985598	4.628069	31.219898	0.316109	-1431.892454	
10.641000	20.228334	0.864157	4.623861	31.210330	0.249911	-1431.857469	
10.642000	20.465114	0.815580	4.619354	31.200739	-0.014879	-1431.822076	
10.643000	20.435517	0.831773	4.614521	31.191018	0.308321	-1431.786208	
10.644000	20.465114	0.928926	4.609282	31.181088	0.199290	-1431.749844	
10.645000	20.241019	0.888445	4.603504	31.171085	0.156456	-1431.713033	
10.646000	20.659612	0.726523	4.597235	31.161265	0.156456	-1431.675890	
10.647000	20.456658	0.767004	4.590931	31.151702	0.199290	-1431.638583	
10.648000	20.520081	0.928926	4.585096	31.142225	0.261593	-1431.601293	
10.649000	20.452430	0.726523	4.580178	31.132660	0.133092	-1431.564195	
10.650000	20.676525	0.783196	4.576561	31.122988	0.008485	-1431.527428	
10.651000	20.469342	0.742716	4.574262	31.113261	0.187608	-1431.491078	
10.652000	20.465114	0.993694	4.572686	31.103485	0.199290	-1431.455175	
10.653000	20.300214	0.767004	4.570920	31.093698	0.284957	-1431.419690	
10.654000	20.482027	0.815580	4.568544	31.083913	0.035743	-1431.384534	
10.655000	20.541222	0.775100	4.565997	31.074025	0.374518	-1431.349570	
10.656000	20.418604	0.904637	4.564019	31.063956	0.214866	-1431.314625	
10.657000	20.266388	0.847965	4.562984	31.053844	0.218760	-1431.279518	
10.658000	20.520081	0.888445	4.562791	31.043948	0.284957	-1431.244096	
10.659000	20.410148	0.791292	4.563304	31.034346	0.265487	-1431.208247	
10.660000	20.418604	1.090847	4.564861	31.024870	0.405670	-1431.171914	
10.661000	20.515853	0.726523	4.567966	31.015345	0.179820	-1431.135098	
10.662000	20.553907	0.880349	4.572640	31.005755	0.059107	-1431.097874	
10.663000	20.558135	0.767004	4.578436	30.996153	0.253805	-1431.060382	
10.664000	20.427060	1.042271	4.584681	30.986543	0.168138	-1431.022795	
10.665000	20.308670	0.815580	4.590595	30.976955	0.238229	-1430.985292	
10.666000	20.414376	0.839869	4.595438	30.967393	0.074683	-1430.948037	
10.667000	20.515853	1.026079	4.598663	30.957743	0.327791	-1430.911153	
10.668000	20.473571	0.718427	4.599974	30.947924	0.265487	-1430.874707	
10.669000	20.414376	0.767004	4.599256	30.938071	0.179820	-1430.838710	
10.670000	20.536994	0.847965	4.596710	30.928442	0.183714	-1430.803112	
10.671000	20.503168	0.823676	4.593031	30.919113	0.172032	-1430.767805	
10.672000	20.405919	1.147520	4.589102	30.909918	0.253805	-1430.732639	
10.673000	20.486255	0.912733	4.585579	30.900681	0.160350	-1430.697441	
10.674000	20.528537	0.904637	4.582758	30.891387	0.066895	-1430.662046	
10.675000	20.520081	0.775100	4.580674	30.882090	0.175926	-1430.626320	
10.676000	20.427060	1.058463	4.579284	30.872802	0.234335	-1430.590170	
10.677000	20.279073	0.953214	4.578720	30.863579	0.234335	-1430.553559	
10.678000	20.380550	0.799388	4.579327	30.854447	0.160350	-1430.516515	
10.679000	20.490484	0.831773	4.581288	30.845302	0.265487	-1430.479133	
10.680000	20.460886	0.815580	4.584323	30.836058	0.191502	-1430.441557	
10.681000	20.295986	0.953214	4.587883	30.826836	0.292745	-1430.403951	
10.682000	20.613102	0.653659	4.591373	30.817881	0.172032	-1430.366483	
10.683000	20.439745	0.815580	4.594162	30.809258	0.191502	-1430.329295	
10.684000	20.515853	0.831773	4.595680	30.800793	0.370624	-1430.292486	
10.685000	20.482027	0.799388	4.595481	30.792308	0.175926	-1430.256115	
10.686000	20.596189	0.799388	4.593493	30.783783	0.117516	-1430.220187	
10.687000	20.520081	0.847965	4.590196	30.775269	0.207078	-1430.184641	
10.688000	20.486255	0.961310	4.586348	30.766766	0.199290	-1430.149350	
10.689000	20.270617	0.767004	4.582723	30.758310	0.175926	-1430.114151	
10.690000	20.507396	0.750812	4.579856	30.749910	-0.018773	-1430.078878	
10.691000	20.486255	0.742716	4.577970	30.741460	0.183714	-1430.043377	
10.692000	20.634243	0.750812	4.577133	30.732879	0.172032	-1430.007535	
10.693000	20.270617	0.920829	4.577146	30.724296	0.242123	-1429.971279	
10.694000	20.646927	0.937022	4.577566	30.715967	0.203184	-1429.934589	
10.695000	20.418604	0.847965	4.578279	30.707970	0.269381	-1429.897512	
10.696000	20.448201	1.058463	4.579531	30.700138	0.203184	-1429.860155	
10.697000	20.418604	0.686043	4.581385	30.692296	0.277169	-1429.822672	
10.698000	20.621558	0.807484	4.583680	30.684428	0.063001	-1429.785238	
10.699000	20.549678	0.783196	4.586151	30.676585	0.109728	-1429.748023	
10.700000	20.448201	1.042271	4.588502	30.668771	0.308321	-1429.711154	0.000000
10.701000	20.308670	0.977502	4.590700	30.661020	0.051319	-1429.674712	
10.702000	20.401691	0.734620	4.592741	30.653339	0.082471	-1429.638734	
10.703000	20.494712	0.596986	4.594219	30.645612	0.366730	-1429.603205	
10.704000	20.473571	0.928926	4.594895	30.637752	0.218760	-1429.568041	
10.705000	20.401691	0.653659	4.595296	30.629876	0.191502	-1429.533098	
10.706000	20.621558	0.718427	4.596102	30.622232	0.172032	-1429.498206	
10.707000	20.520081	0.580794	4.597576	30.614891	0.090259	-1429.463195	
10.708000	20.405919	1.001790	4.599722	30.607690	0.292745	-1429.427926	
10.709000	20.465114	0.928926	4.602390	30.600454	0.175926	-1429.392300	
10.710000	20.490484	0.847965	4.605391	30.593169	-0.018773	-1429.356267	
10.711000	20.511625	0.507929	4.608786	30.585888	0.125304	-1429.319830	
10.712000	20.456658	0.750812	4.612781	30.578613	0.265487	-1429.283053	
10.713000	20.334040	0.767004	4.617245	30.571381	0.242123	-1429.246063	
10.714000	20.422832	0.775100	4.621620	30.564206	-0.038242	-1429.209026	
10.715000	20.460886	0.904637	4.625432	30.556985	0.222654	-1429.172120	
10.716000	20.431289	0.864157	4.628581	30.549637	0.210972	-1429.135499	
10.717000	20.207193	0.937022	4.630804	30.542287	0.140880	-1429.099265	
10.718000	20.562363	0.839869	4.631059	30.535184	0.133092	-1429.063472	
10.719000	20.380550	0.847965	4.628007	30.528399	0.175926	-1429.028125	
10.720000	20.486255	0.880349	4.621223	30.521767	0.226548	-1428.993171	
10.721000	20.498940	0.807484	4.611595	30.515109	0.230441	-1428.958503	
10.722000	20.608873	0.750812	4.600790	30.508412	0.066895	-1428.923980	
10.723000	20.486255	0.888445	4.590412	30.501728	0.207078	-1428.889438	
10.724000	20.482027	0.928926	4.581545	30.495063	0.210972	-1428.854715	
10.725000	20.308670	0.831773	4.574926	30.488451	0.160350	-1428.819677	
10.726000	20.498940	0.718427	4.571160	30.481902	0.051319	-1428.784245	
10.727000	20.456658	0.856061	4.570727	30.475311	0.218760	-1428.748386	
10.728000	20.549678	0.726523	4.573735	30.468598	0.098047	-1428.712120	
10.729000	20.321355	1.107039	4.579573	30.461895	0.222654	-1428.675527	
10.730000	20.600417	0.839869	4.587020	30.455462	0.281063	-1428.638746	
10.731000	20.363637	0.904637	4.594762	30.449383	0.355048	-1428.601940	
10.732000	20.439745	1.009886	4.601916	30.443495	0.316109	-1428.565275	
10.733000	20.389006	0.807484	4.608107	30.437625	0.172032	-1428.528886	
10.734000	20.558135	1.017982	4.613179	30.431761	0.035743	-1428.492867	
10.735000	20.486255	0.621274	4.617216	30.425962	0.152562	-1428.457268	
10.736000	20.536994	1.066559	4.620584	30.420227	0.238229	-1428.422082	
10.737000	20.325583	0.775100	4.623440	30.414573	0.249911	-1428.387238	
10.738000	20.448201	0.920829	4.625674	30.408993	0.144774	-1428.352618	
10.739000	20.469342	0.872253	4.627392	30.403369	0.261593	-1428.318071	
10.740000	20.465114	0.839869	4.628825	30.397617	0.249911	-1428.283426	
10.741000	20.346724	0.742716	4.629926	30.391857	0.156456	-1428.248525	
10.742000	20.638471	0.953214	4.630374	30.386338	0.148668	-1428.213248	
10.743000	20.515853	0.953214	4.629754	30.381132	0.257699	-1428.177526	
10.744000	20.498940	1.042271	4.627842	30.376072	0.156456	-1428.141347	
10.745000	20.422832	0.993694	4.624898	30.370986	0.218760	-1428.104765	
10.746000	20.460886	0.847965	4.621394	30.365868	0.101940	-1428.067899	
10.747000	20.520081	0.750812	4.617588	30.360781	0.230441	-1428.030909	
10.748000	20.397463	1.050367	4.613536	30.355728	0.210972	-1427.993963	
10.749000	20.295986	0.799388	4.609228	30.350738	0.172032	-1427.957221	
10.750000	20.393235	0.969406	4.604663	30.345814	0.109728	-1427.920810	
10.751000	20.562363	0.937022	4.600185	30.340848	0.265487	-1427.884814	
10.752000	20.321355	0.750812	4.596636	30.335761	0.214866	-1427.849264	
10.753000	20.283301	0.977502	4.594549	30.330671	0.144774	-1427.814130	
10.754000	20.448201	0.896541	4.593653	30.325823	0.284957	-1427.779315	
10.755000	20.469342	0.799388	4.593572	30.321290	0.393988	-1427.744672	
10.756000	20.452430	1.058463	4.594242	30.316905	0.249911	-1427.710026	
10.757000	20.473571	0.864157	4.595616	30.312492	0.218760	-1427.675207	
10.758000	20.583504	0.864157	4.597575	30.308042	0.078577	-1427.640075	
10.759000	20.596189	0.920829	4.599686	30.303618	0.265487	-1427.604536	
10.760000	20.456658	0.920829	4.600820	30.299216	0.214866	-1427.568543	
10.761000	20.363637	0.977502	4.600069	30.294846	0.164244	-1427.532098	
10.762000	20.465114	1.009886	4.597784	30.290492	0.024061	-1427.495278	
10.763000	20.520081	0.847965	4.594896	30.286038	0.136986	-1427.458220	
10.764000	20.490484	0.847965	4.591954	30.281408	0.152562	-1427.421096	
10.765000	20.342496	0.945118	4.589074	30.276719	0.269381	-1427.384078	
10.766000	20.630014	0.977502	4.586103	30.272219	0.210972	-1427.347323	
10.767000	20.427060	0.831773	4.582328	30.267989	0.160350	-1427.310947	
10.768000	20.448201	1.009886	4.576400	30.263868	0.172032	-1427.275013	
10.769000	20.367865	0.953214	4.567339	30.259689	0.175926	-1427.239530	
10.770000	20.575048	0.799388	4.555615	30.255449	0.031849	-1427.204449	
10.771000	20.380550	0.961310	4.542949	30.251213	0.323897	-1427.169656	
10.772000	20.473571	0.969406	4.531288	30.246980	0.312215	-1427.134991	
10.773000	20.291758	1.017982	4.522061	30.242762	0.343367	-1427.100277	
10.774000	20.498940	0.823676	4.515959	30.238544	0.121410	-1427.065350	
10.775000	20.431289	0.807484	4.513041	30.234213	0.277169	-1427.030082	
10.776000	20.427060	0.596986	4.513152	30.229689	0.304427	-1426.994390	
10.777000	20.295986	0.993694	4.516137	30.225089	0.265487	-1426.958238	
10.778000	20.621558	0.653659	4.521720	30.220653	0.187608	-1426.921645	
10.779000	20.410148	0.807484	4.529400	30.216453	0.218760	-1426.884703	
10.780000	20.515853	1.009886	4.538393	30.212322	0.179820	-1426.847561	
10.781000	20.520081	0.888445	4.547826	30.208089	0.117516	-1426.810400	
10.782000	20.600417	0.847965	4.557076	30.203753	-0.026560	-1426.773405	
10.783000	20.477799	0.726523	4.565623	30.199377	0.175926	-1426.736729	
10.784000	20.435517	0.985598	4.572771	30.194964	0.074683	-1426.700471	
10.785000	20.279073	0.864157	4.578031	30.190520	0.191502	-1426.664675	
10.786000	20.477799	0.791292	4.581406	30.186026	0.039637	-1426.629343	
10.787000	20.482027	0.977502	4.583186	30.181371	0.234335	-1426.594408	
10.788000	20.456658	0.888445	4.583952	30.176478	0.273275	-1426.559741	
10.789000	20.287529	0.791292	4.584374	30.171471	0.238229	-1426.525177	
10.790000	20.473571	0.718427	4.584770	30.166604	0.265487	-1426.490535	
10.791000	20.443973	0.831773	4.585243	30.161952	0.327791	-1426.455652	
10.792000	20.439745	0.912733	4.586012	30.157352	0.327791	-1426.420402	
10.793000	20.515853	0.750812	4.587298	30.152628	0.292745	-1426.384710	
10.794000	20.469342	0.686043	4.589217	30.147775	0.152562	-1426.348559	
10.795000	20.549678	0.718427	4.591880	30.142859	0.238229	-1426.312002	
10.796000	20.549678	1.034175	4.595198	30.137891	0.300533	-1426.275151	
10.797000	20.334040	0.677947	4.598734	30.132896	0.226548	-1426.238168	
10.798000	20.422832	0.920829	4.601966	30.127876	0.148668	-1426.201236	
10.799000	20.558135	0.839869	4.604512	30.122720	0.230441	-1426.164533	
10.800000	20.515853	0.726523	4.606164	30.117349	0.168138	-1426.128192	0.000000
10.801000	20.380550	0.661755	4.606903	30.111879	0.117516	-1426.092294	
10.802000	20.482027	0.791292	4.606627	30.106555	0.172032	-1426.056870	
10.803000	20.477799	0.831773	4.605057	30.101450	0.172032	-1426.021902	
10.804000	20.431289	0.864157	4.602247	30.096404	0.129198	-1425.987304	
10.805000	20.431289	0.904637	4.598816	30.091251	0.175926	-1425.952936	
10.806000	20.532766	0.831773	4.595544	30.085991	0.043531	-1425.918628	
10.807000	20.482027	0.880349	4.593025	30.080692	0.246017	-1425.884206	
10.808000	20.439745	0.791292	4.591729	30.075360	0.300533	-1425.849517	
10.809000	20.249476	0.928926	4.592208	30.070024	0.358942	-1425.814448	
10.810000	20.422832	0.767004	4.594965	30.064688	0.133092	-1425.778944	
10.811000	20.503168	0.775100	4.600085	30.059242	0.253805	-1425.743005	
10.812000	20.528537	0.661755	4.607123	30.053607	0.265487	-1425.706700	
10.813000	20.236791	0.904637	4.615249	30.047905	0.242123	-1425.670156	
10.814000	20.630014	0.783196	4.623438	30.042381	0.179820	-1425.633536	
10.815000	20.443973	0.815580	4.630813	30.037109	0.316109	-1425.597017	
10.816000	20.524309	0.904637	4.636832	30.031920	0.323897	-1425.560759	
10.817000	20.469342	0.880349	4.641118	30.026644	0.187608	-1425.524883	
10.818000	20.697666	0.718427	4.643512	30.021274	-0.007091	-1425.489464	
10.819000	20.503168	0.937022	4.644199	30.015878	0.059107	-1425.454522	
10.820000	20.439745	1.017982	4.643522	30.010463	0.113622	-1425.420010	
10.821000	20.274845	0.775100	4.641907	30.005047	0.175926	-1425.385818	
10.822000	20.482027	0.815580	4.639824	29.999618	0.016273	-1425.351798	
10.823000	20.490484	0.839869	4.637668	29.994067	0.203184	-1425.317784	
10.824000	20.507396	0.718427	4.635632	29.988317	0.238229	-1425.283602	
10.825000	20.283301	0.791292	4.633673	29.982485	0.152562	-1425.249109	
10.826000	20.570820	0.775100	4.631890	29.976818	0.144774	-1425.214205	
10.827000	20.363637	0.856061	4.630790	29.971391	0.207078	-1425.178848	
10.828000	20.350953	1.066559	4.630770	29.966043	0.261593	-1425.143051	
10.829000	20.460886	0.985598	4.631681	29.960600	0.284957	-1425.106894	
10.830000	20.545450	0.864157	4.633073	29.955061	0.144774	-1425.070512	
10.831000	20.511625	0.653659	4.634550	29.949491	0.199290	-1425.034071	
10.832000	20.418604	1.001790	4.635793	29.943895	0.249911	-1424.997740	
10.833000	20.329812	0.742716	4.636537	29.938285	0.113622	-1424.961667	
10.834000	20.431289	0.888445	4.636723	29.932653	0.008485	-1424.925959	
10.835000	20.545450	0.669851	4.636539	29.926887	0.273275	-1424.890676	
10.836000	20.473571	0.783196	4.636275	29.920909	0.140880	-1424.855820	
10.837000	20.486255	0.839869	4.636015	29.914829	0.164244	-1424.821322	
10.838000	20.558135	0.742716	4.635640	29.908890	0.226548	-1424.787052	
10.839000	20.520081	0.726523	4.635136	29.903174	0.304427	-1424.752849	
10.840000	20.452430	1.050367	4.634430	29.897527	0.203184	-1424.718543	
10.841000	20.498940	0.718427	4.633227	29.891784	0.105834	-1424.683976	
10.842000	20.630014	1.034175	4.631547	29.885955	0.059107	-1424.649033	
10.843000	20.528537	0.831773	4.629948	29.880118	0.187608	-1424.613641	
10.844000	20.350953	1.147520	4.628746	29.874290	0.187608	-1424.577772	
10.845000	20.350953	0.799388	4.627739	29.868499	0.207078	-1424.541463	
10.846000	20.372094	0.831773	4.626719	29.862750	0.039637	-1424.504824	
10.847000	20.477799	0.807484	4.625501	29.856937	0.362836	-1424.468013	
10.848000	20.503168	0.807484	4.623825	29.850981	0.109728	-1424.431206	
10.849000	20.321355	0.969406	4.621505	29.844991	0.199290	-1424.394567	
10.850000	20.515853	0.815580	4.618379	29.839209	0.246017	-1424.358225	
10.851000	20.410148	0.791292	4.614321	29.833713	0.417352	-1424.322260	
10.852000	20.469342	0.985598	4.609731	29.828340	0.210972	-1424.286703	
10.853000	20.536994	0.742716	4.605528	29.822916	0.140880	-1424.251537	
10.854000	20.587732	0.702235	4.602312	29.817439	0.027955	-1424.216682	
10.855000	20.566591	0.742716	4.600197	29.811981	0.172032	-1424.182007	
10.856000	20.503168	0.904637	4.599116	29.806544	0.121410	-1424.147347	
10.857000	20.291758	0.880349	4.598739	29.801127	0.273275	-1424.112530	
10.858000	20.460886	0.783196	4.598746	29.795708	0.063001	-1424.077413	
10.859000	20.469342	0.847965	4.599291	29.790178	0.226548	-1424.041898	
10.860000	20.486255	0.807484	4.601108	29.784461	0.265487	-1424.005927	
10.861000	20.321355	0.920829	4.605218	29.778680	0.195396	-1423.969492	
10.862000	20.642699	0.718427	4.611746	29.773089	0.191502	-1423.932656	
10.863000	20.384778	1.026079	4.619409	29.767778	0.335579	-1423.895543	
10.864000	20.460886	1.050367	4.626570	29.762591	0.284957	-1423.858316	
10.865000	20.338268	0.969406	4.631998	29.757366	0.168138	-1423.821153	
10.866000	20.579276	0.920829	4.635067	29.752107	0.140880	-1423.784214	
10.867000	20.545450	0.750812	4.635486	29.746890	0.269381	-1423.747614	
10.868000	20.473571	1.026079	4.632614	29.741719	0.281063	-1423.711416	
10.869000	20.253704	0.872253	4.625965	29.736602	0.273275	-1423.675633	
10.870000	20.511625	0.920829	4.616122	29.731522	-0.042136	-1423.640227	
10.871000	20.498940	0.945118	4.604479	29.726368	0.183714	-1423.605102	
10.872000	20.477799	0.823676	4.592614	29.721059	0.125304	-1423.570116	
10.873000	20.346724	0.977502	4.581639	29.715697	0.187608	-1423.535096	
10.874000	20.638471	0.920829	4.571926	29.710518	0.101940	-1423.499874	
10.875000	20.520081	0.702235	4.563558	29.705598	0.152562	-1423.464312	
10.876000	20.448201	1.058463	4.556662	29.700780	0.257699	-1423.428327	
10.877000	20.473571	1.001790	4.551365	29.695901	0.105834	-1423.391886	
10.878000	20.575048	0.977502	4.547773	29.690967	-0.026560	-1423.355018	
10.879000	20.532766	0.839869	4.545983	29.686057	0.230441	-1423.317816	
10.880000	20.380550	1.147520	4.545968	29.681181	0.175926	-1423.280426	
10.881000	20.342496	0.815580	4.547499	29.676341	0.277169	-1423.243014	
10.882000	20.372094	0.791292	4.550282	29.671515	0.090259	-1423.205753	
10.883000	20.536994	0.823676	4.553977	29.666595	0.281063	-1423.168791	
10.884000	20.422832	0.872253	4.557825	29.661501	0.331685	-1423.132226	
10.885000	20.359409	0.937022	4.560502	29.656341	0.358942	-1423.096103	
10.886000	20.553907	0.896541	4.561085	29.651348	0.370624	-1423.060419	
10.887000	20.528537	0.937022	4.559907	29.646601	0.191502	-1423.025104	
10.888000	20.418604	1.042271	4.558001	29.641940	0.199290	-1422.990035	
10.889000	20.477799	0.831773	4.556298	29.637194	0.199290	-1422.955051	
10.890000	20.587732	0.718427	4.555400	29.632370	0.136986	-1422.919984	
10.891000	20.566591	0.710331	4.555640	29.627543	0.253805	-1422.884680	
10.892000	20.494712	0.888445	4.557105	29.622713	0.261593	-1422.849023	
10.893000	20.393235	0.896541	4.559788	29.617878	0.203184	-1422.812945	
10.894000	20.486255	0.977502	4.563907	29.613009	-0.030454	-1422.776438	
10.895000	20.439745	0.864157	4.569674	29.608002	0.164244	-1422.739555	
10.896000	20.494712	0.807484	4.576837	29.602782	0.226548	-1422.702409	
10.897000	20.325583	0.872253	4.584799	29.597463	0.164244	-1422.665154	
10.898000	20.625786	0.750812	4.592930	29.592291	0.098047	-1422.627961	
10.899000	20.439745	0.928926	4.600708	29.587357	0.222654	-1422.590997	
10.900000	20.469342	1.107039	4.607640	29.582510	0.249911	-1422.554394	0.000000
10.901000	20.422832	0.977502	4.612990	29.577591	0.277169	-1422.518232	
10.902000	20.465114	0.831773	4.615904	29.572613	0.094153	-1422.482547	
10.903000	20.393235	0.920829	4.616045	29.567658	0.257699	-1422.447313	
10.904000	20.498940	1.074655	4.613892	29.562727	0.277169	-1422.412436	
10.905000	20.321355	0.920829	4.610416	29.557800	0.218760	-1422.377770	
10.906000	20.448201	0.775100	4.606594	29.552836	0.082471	-1422.343145	
10.907000	20.443973	0.969406	4.603040	29.547720	0.269381	-1422.308396	
10.908000	20.528537	0.904637	4.600029	29.542371	0.203184	-1422.273378	
10.909000	20.342496	0.758908	4.597790	29.536888	0.156456	-1422.237987	
10.910000	20.638471	0.872253	4.596485	29.531507	0.164244	-1422.202168	
10.911000	20.477799	0.775100	4.596031	29.526313	0.265487	-1422.165920	
10.912000	20.600417	0.864157	4.596292	29.521150	0.320003	-1422.129308	
10.913000	20.448201	0.686043	4.597219	29.515859	0.133092	-1422.092467	
10.914000	20.625786	0.815580	4.598703	29.510457	-0.034348	-1422.055568	
10.915000	20.541222	0.807484	4.600438	29.505030	0.136986	-1422.018797	
10.916000	20.477799	1.098943	4.601893	29.499586	0.199290	-1421.982316	
10.917000	20.312899	0.856061	4.602652	29.494118	0.323897	-1421.946243	
10.918000	20.393235	0.726523	4.602748	29.488596	0.187608	-1421.910647	
10.919000	20.511625	0.637467	4.602664	29.482908	0.343367	-1421.875546	
10.920000	20.460886	0.856061	4.603216	29.476976	0.242123	-1421.840889	
10.921000	20.321355	0.807484	4.604907	29.470902	0.347261	-1421.806562	
10.922000	20.579276	0.888445	4.607615	29.464921	0.187608	-1421.772404	
10.923000	20.511625	0.823676	4.611064	29.459120	0.234335	-1421.738237	
10.924000	20.435517	1.098943	4.614945	29.453344	0.207078	-1421.703888	
10.925000	20.422832	0.750812	4.618816	29.447434	0.277169	-1421.669214	
10.926000	20.498940	0.799388	4.622584	29.441403	0.136986	-1421.634128	
10.927000	20.541222	0.702235	4.626940	29.435331	0.253805	-1421.598588	
10.928000	20.465114	1.001790	4.632592	29.429218	0.312215	-1421.562610	
10.929000	20.418604	0.629370	4.639317	29.423050	0.226548	-1421.526278	
10.930000	20.431289	0.856061	4.646180	29.416791	-0.003197	-1421.489742	
10.931000	20.566591	0.775100	4.652178	29.410331	0.234335	-1421.453186	
10.932000	20.418604	0.742716	4.656742	29.403600	0.105834	-1421.416790	
10.933000	20.346724	0.823676	4.659839	29.396717	0.195396	-1421.380700	
10.934000	20.524309	0.904637	4.661317	29.389936	0.234335	-1421.345014	
10.935000	20.490484	0.912733	4.660484	29.383349	0.218760	-1421.309780	
10.936000	20.448201	1.026079	4.656823	29.376807	0.347261	-1421.274990	
10.937000	20.372094	0.775100	4.650671	29.370150	0.238229	-1421.240576	
10.938000	20.511625	0.831773	4.642913	29.363396	-0.116122	-1421.206410	
10.939000	20.465114	0.767004	4.634549	29.356634	0.203184	-1421.172329	
10.940000	20.380550	0.961310	4.626385	29.349873	0.281063	-1421.138149	
10.941000	20.321355	0.937022	4.618848	29.343106	0.300533	-1421.103695	
10.942000	20.465114	0.767004	4.612267	29.336301	0.090259	-1421.068838	
10.943000	20.528537	0.961310	4.607356	29.329348	0.339473	-1421.033503	
10.944000	20.515853	0.847965	4.605032	29.322171	0.214866	-1420.997667	
10.945000	20.338268	0.831773	4.605559	29.314868	0.175926	-1420.961370	
10.946000	20.714579	0.758908	4.608256	29.307678	0.230441	-1420.924723	
10.947000	20.397463	0.823676	4.611996	29.300691	0.277169	-1420.887885	
10.948000	20.469342	1.017982	4.615800	29.293753	0.234335	-1420.851037	
10.949000	20.443973	0.815580	4.619057	29.286705	0.199290	-1420.814356	
10.950000	20.655384	0.799388	4.621369	29.279568	0.035743	-1420.777983	
10.951000	20.507396	0.694139	4.622540	29.272435	0.086365	-1420.742013	
10.952000	20.465114	0.750812	4.622375	29.265320	0.226548	-1420.706484	
10.953000	20.304442	0.880349	4.620321	29.258220	0.292745	-1420.671383	
10.954000	20.498940	0.912733	4.616093	29.251103	0.121410	-1420.636630	
10.955000	20.443973	0.815580	4.610256	29.243865	0.249911	-1420.602095	
10.956000	20.414376	0.839869	4.603844	29.236435	0.051319	-1420.567605	
10.957000	20.338268	0.847965	4.597929	29.228920	0.195396	-1420.532979	
10.958000	20.566591	0.920829	4.593299	29.221561	0.269381	-1420.498056	
10.959000	20.401691	0.904637	4.590317	29.214449	0.203184	-1420.462725	
10.960000	20.456658	1.220385	4.589019	29.207434	0.327791	-1420.426921	
10.961000	20.393235	0.831773	4.589245	29.200356	0.253805	-1420.390640	
10.962000	20.566591	0.839869	4.590847	29.193234	0.039637	-1420.353946	
10.963000	20.498940	0.823676	4.593596	29.186156	0.261593	-1420.316968	
10.964000	20.460886	1.082751	4.596969	29.179124	0.288851	-1420.279868	
10.965000	20.372094	0.767004	4.600336	29.172125	0.246017	-1420.242825	
10.966000	20.460886	0.815580	4.603397	29.165124	0.000697	-1420.206009	
10.967000	20.575048	0.726523	4.606061	29.158014	0.175926	-1420.169555	
10.968000	20.490484	0.718427	4.607761	29.150719	0.105834	-1420.133544	
10.969000	20.427060	0.734620	4.607420	29.143341	0.066895	-1420.098000	
10.970000	20.494712	0.888445	4.604193	29.136117	0.199290	-1420.062883	
10.971000	20.498940	0.718427	4.598308	29.129136	0.234335	-1420.028085	
10.972000	20.439745	1.017982	4.591105	29.122251	0.183714	-1419.993458	
10.973000	20.528537	0.783196	4.584030	29.115305	0.140880	-1419.958827	
10.974000	20.520081	0.807484	4.577799	29.108323	0.094153	-1419.924026	
10.975000	20.503168	0.750812	4.572393	29.101401	0.281063	-1419.888916	
10.976000	20.418604	1.107039	4.567440	29.094541	0.417352	-1419.853401	
10.977000	20.300214	0.920829	4.562496	29.087718	0.413458	-1419.817430	
10.978000	20.397463	0.945118	4.557474	29.080876	0.098047	-1419.781007	
10.979000	20.507396	0.864157	4.552941	29.073902	0.300533	-1419.744211	
10.980000	20.494712	0.750812	4.549550	29.066713	0.234335	-1419.707178	
10.981000	20.338268	0.912733	4.547519	29.059403	0.300533	-1419.670075	
10.982000	20.583504	0.791292	4.546773	29.052201	0.253805	-1419.633078	
10.983000	20.486255	0.847965	4.547047	29.045192	0.257699	-1419.596343	
10.984000	20.515853	0.937022	4.548023	29.038222	0.308321	-1419.559980	
10.985000	20.427060	1.001790	4.549632	29.031131	0.156456	-1419.524051	
10.986000	20.587732	0.710331	4.551836	29.023937	0.117516	-1419.488563	
10.987000	20.494712	0.734620	4.554360	29.016730	0.207078	-1419.453456	
10.988000	20.486255	0.896541	4.557081	29.009517	0.242123	-1419.418610	
10.989000	20.355181	0.839869	4.560222	29.002291	0.187608	-1419.383871	
10.990000	20.498940	0.758908	4.564053	28.995024	-0.053818	-1419.349075	
10.991000	20.448201	0.775100	4.568736	28.987616	0.300533	-1419.314070	
10.992000	20.536994	0.896541	4.574495	28.979996	0.098047	-1419.278734	
10.993000	20.279073	0.977502	4.581942	28.972264	0.195396	-1419.242984	
10.994000	20.587732	0.742716	4.591744	28.964658	0.144774	-1419.206788	
10.995000	20.397463	0.686043	4.603472	28.957272	0.253805	-1419.170178	
10.996000	20.515853	1.050367	4.615659	28.949959	0.312215	-1419.133259	
10.997000	20.405919	0.775100	4.626884	28.942566	0.187608	-1419.096184	
10.998000	20.634243	0.856061	4.636137	28.935116	0.144774	-1419.059132	
10.999000	20.486255	0.823676	4.642878	28.927701	0.269381	-1419.022274	
11.000000	20.427060	1.058463	4.646983	28.920319	0.312215	-1418.985744	0.000000
11.001000	20.270617	0.831773	4.648345	28.912930	0.316109	-1418.949625	
11.002000	20.520081	0.572698	4.646821	28.905473	-0.003197	-1418.913960	
11.003000	20.494712	0.621274	4.642676	28.897835	0.253805	-1418.878745	
11.004000	20.503168	0.726523	4.636641	28.889935	0.164244	-1418.843906	
11.005000	20.431289	0.839869	4.629609	28.881861	0.253805	-1418.809311	
11.006000	20.591961	0.953214	4.622396	28.873842	0.242123	-1418.774794	
11.007000	20.448201	0.815580	4.615477	28.865969	0.183714	-1418.740184	
11.008000	20.503168	1.107039	4.609122	28.858100	0.296639	-1418.705329	
11.009000	20.553907	0.588890	4.603623	28.850084	0.218760	-1418.670121	
11.010000	20.570820	0.872253	4.599528	28.841955	-0.026560	-1418.634501	
11.011000	20.558135	0.694139	4.597791	28.833820	0.214866	-1418.598465	
11.012000	20.393235	1.074655	4.598923	28.825688	0.257699	-1418.562068	
11.013000	20.372094	1.017982	4.602255	28.817534	0.265487	-1418.525431	
11.014000	20.384778	0.928926	4.606510	28.809311	0.109728	-1418.488717	
11.015000	20.439745	0.880349	4.610577	28.800913	0.366730	-1418.452101	
11.016000	20.448201	0.783196	4.613784	28.792266	0.273275	-1418.415740	
11.017000	20.359409	0.799388	4.615767	28.783455	0.249911	-1418.379747	
11.018000	20.591961	0.807484	4.616346	28.774704	0.214866	-1418.344185	
11.019000	20.541222	0.937022	4.615671	28.766103	0.308321	-1418.309074	
11.020000	20.460886	1.034175	4.614223	28.757510	0.230441	-1418.274377	
11.021000	20.452430	0.734620	4.612442	28.748774	0.086365	-1418.239997	
11.022000	20.596189	0.888445	4.610623	28.739930	0.070789	-1418.205790	
11.023000	20.536994	0.823676	4.609065	28.731082	0.144774	-1418.171592	
11.024000	20.520081	0.856061	4.607885	28.722239	0.179820	-1418.137234	
11.025000	20.448201	0.839869	4.606867	28.713366	0.277169	-1418.102578	
11.026000	20.520081	0.686043	4.605824	28.704414	0.008485	-1418.067541	
11.027000	20.490484	0.880349	4.604978	28.695282	0.140880	-1418.032088	
11.028000	20.494712	0.767004	4.604878	28.685902	0.125304	-1417.996233	
11.029000	20.363637	0.969406	4.605849	28.676360	0.214866	-1417.960050	
11.030000	20.553907	0.710331	4.607576	28.666881	0.164244	-1417.923664	
11.031000	20.393235	0.847965	4.609399	28.657563	0.316109	-1417.887234	
11.032000	20.503168	0.872253	4.610734	28.648267	0.226548	-1417.850924	
11.033000	20.389006	0.807484	4.611246	28.638848	0.179820	-1417.814877	
11.034000	20.613102	1.082751	4.610944	28.629350	0.117516	-1417.779196	
11.035000	20.520081	1.034175	4.609952	28.619889	0.218760	-1417.743938	
11.036000	20.465114	1.228481	4.608330	28.610470	0.125304	-1417.709098	
11.037000	20.346724	0.856061	4.606250	28.601043	0.316109	-1417.674612	
11.038000	20.456658	0.783196	4.604048	28.591540	0.105834	-1417.640362	
11.039000	20.490484	0.807484	4.602109	28.581850	0.335579	-1417.606195	
11.040000	20.541222	0.775100	4.600701	28.571896	0.187608	-1417.571943	
11.041000	20.427060	0.920829	4.599819	28.561760	0.207078	-1417.537444	
11.042000	20.634243	1.074655	4.599177	28.551673	0.160350	-1417.502575	
11.043000	20.515853	0.993694	4.598824	28.541740	0.222654	-1417.467263	
11.044000	20.482027	0.945118	4.599812	28.531828	0.312215	-1417.431482	
11.045000	20.465114	0.710331	4.603394	28.521792	0.179820	-1417.395269	
11.046000	20.549678	0.856061	4.609575	28.511680	-0.065500	-1417.358729	
11.047000	20.579276	0.750812	4.617122	28.501613	0.160350	-1417.322018	
11.048000	20.418604	1.107039	4.624640	28.491602	0.269381	-1417.285308	
11.049000	20.410148	0.977502	4.631250	28.481599	0.269381	-1417.248766	
11.050000	20.338268	1.042271	4.636566	28.471534	0.063001	-1417.212529	
11.051000	20.520081	0.815580	4.640359	28.461302	0.238229	-1417.176688	
11.052000	20.355181	0.799388	4.642435	28.450827	0.133092	-1417.141276	
11.053000	20.350953	0.783196	4.642759	28.440180	0.168138	-1417.106271	
11.054000	20.570820	0.718427	4.641471	28.429570	0.125304	-1417.071587	
11.055000	20.498940	0.799388	4.638885	28.419087	0.230441	-1417.037089	
11.056000	20.427060	1.090847	4.635434	28.408591	0.304427	-1417.002614	
11.057000	20.456658	0.912733	4.631472	28.397937	0.242123	-1416.967996	
11.058000	20.545450	0.839869	4.627144	28.387168	-0.042136	-1416.933092	
11.059000	20.507396	0.912733	4.622425	28.376395	0.148668	-1416.897800	
11.060000	20.443973	0.807484	4.617513	28.365616	0.323897	-1416.862059	
11.061000	20.435517	0.937022	4.613031	28.354764	0.308321	-1416.825863	
11.062000	20.587732	0.758908	4.609469	28.343753	0.133092	-1416.789278	
11.063000	20.536994	0.767004	4.606749	28.332474	0.238229	-1416.752438	
11.064000	20.477799	0.807484	4.604512	28.320862	0.152562	-1416.715511	
11.065000	20.393235	0.831773	4.602519	28.309001	0.253805	-1416.678673	
11.066000	20.515853	0.775100	4.600809	28.297125	0.203184	-1416.642083	
11.067000	20.414376	0.839869	4.599634	28.285346	0.234335	-1416.605860	
11.068000	20.477799	0.896541	4.599005	28.273536	0.253805	-1416.570072	
11.069000	20.443973	0.856061	4.598258	28.261556	0.168138	-1416.534737	
11.070000	20.630014	0.783196	4.596467	28.249456	0.066895	-1416.499814	
11.071000	20.325583	0.831773	4.593424	28.237362	0.238229	-1416.465200	
11.072000	20.456658	0.977502	4.589780	28.225284	0.331685	-1416.430742	
11.073000	20.325583	0.977502	4.586373	28.213169	0.366730	-1416.396266	
11.074000	20.482027	0.726523	4.583708	28.200938	0.187608	-1416.361602	
11.075000	20.427060	0.767004	4.581776	28.188485	0.390094	-1416.326615	
11.076000	20.566591	0.669851	4.580422	28.175743	0.269381	-1416.291216	
11.077000	20.363637	0.953214	4.579913	28.162792	0.210972	-1416.255361	
11.078000	20.646927	0.726523	4.580760	28.149855	0.238229	-1416.219062	
11.079000	20.439745	0.864157	4.583110	28.137031	0.265487	-1416.182409	
11.080000	20.469342	0.985598	4.586578	28.124185	0.304427	-1416.145547	
11.081000	20.477799	0.718427	4.590557	28.111177	0.175926	-1416.108653	
11.082000	20.558135	0.758908	4.594366	28.098059	0.113622	-1416.071905	
11.083000	20.536994	0.734620	4.597366	28.084960	0.148668	-1416.035458	
11.084000	20.393235	0.945118	4.599145	28.071887	0.090259	-1415.999417	
11.085000	20.418604	0.807484	4.599309	28.058772	0.203184	-1415.963836	
11.086000	20.452430	0.839869	4.597491	28.045529	0.016273	-1415.928723	
11.087000	20.473571	0.815580	4.593923	28.032055	0.362836	-1415.894023	
11.088000	20.372094	0.815580	4.589497	28.018288	0.214866	-1415.859613	
11.089000	20.342496	0.791292	4.585234	28.004308	0.312215	-1415.825326	
11.090000	20.473571	0.815580	4.581936	27.990339	0.195396	-1415.790980	
11.091000	20.498940	0.694139	4.579969	27.976484	0.339473	-1415.756403	
11.092000	20.473571	1.082751	4.579173	27.962608	0.273275	-1415.721466	
11.093000	20.507396	0.831773	4.578978	27.948572	0.086365	-1415.686090	
11.094000	20.528537	0.726523	4.578670	27.934430	0.024061	-1415.650254	
11.095000	20.591961	0.783196	4.577886	27.920308	0.207078	-1415.613997	
11.096000	20.448201	1.058463	4.576936	27.906213	0.195396	-1415.577424	
11.097000	20.443973	0.775100	4.576343	27.892069	0.273275	-1415.540690	
11.098000	20.469342	0.718427	4.576398	27.877783	0.113622	-1415.503975	
11.099000	20.617330	0.758908	4.577251	27.863244	0.117516	-1415.467461	
11.100000	20.524309	0.742716	4.579054	27.848384	0.183714	-1415.431292	0.000000
11.101000	20.410148	0.888445	4.581737	27.833279	0.257699	-1415.395560	
11.102000	20.541222	0.580794	4.584749	27.818160	0.168138	-1415.360306	
11.103000	20.448201	0.831773	4.587568	27.803143	0.218760	-1415.325519	
11.104000	20.422832	0.961310	4.590227	27.788106	0.277169	-1415.291122	
11.105000	20.460886	0.823676	4.593010	27.772914	0.136986	-1415.256976	
11.106000	20.545450	0.758908	4.596119	27.757630	0.066895	-1415.222912	
11.107000	20.524309	0.864157	4.599522	27.742389	0.265487	-1415.188753	
11.108000	20.460886	0.928926	4.602893	27.727204	0.296639	-1415.154340	
11.109000	20.376322	0.912733	4.605735	27.712011	0.284957	-1415.119560	
11.110000	20.435517	0.856061	4.607586	27.696725	0.094153	-1415.084349	
11.111000	20.515853	0.823676	4.608443	27.681239	0.351155	-1415.048700	
11.112000	20.486255	0.856061	4.608801	27.665482	0.203184	-1415.012669	
11.113000	20.329812	0.928926	4.609119	27.649524	0.078577	-1414.976370	
11.114000	20.630014	0.799388	4.609615	27.633578	0.242123	-1414.939959	
11.115000	20.448201	0.896541	4.610429	27.617749	0.199290	-1414.903613	
11.116000	20.553907	0.928926	4.611719	27.601906	0.242123	-1414.867501	
11.117000	20.469342	0.807484	4.613347	27.585909	0.207078	-1414.831753	
11.118000	20.646927	0.572698	4.614925	27.569814	-0.038242	-1414.796449	
11.119000	20.524309	0.920829	4.616281	27.553752	0.094153	-1414.761622	
11.120000	20.520081	0.945118	4.617290	27.537736	0.273275	-1414.727238	
11.121000	20.448201	0.945118	4.617806	27.521706	0.246017	-1414.693197	
11.122000	20.520081	0.710331	4.617965	27.505584	-0.112228	-1414.659359	
11.123000	20.541222	0.815580	4.617981	27.489267	0.218760	-1414.625558	
11.124000	20.452430	0.758908	4.617894	27.472695	0.183714	-1414.591626	
11.125000	20.334040	0.993694	4.617643	27.455950	0.234335	-1414.557412	
11.126000	20.532766	0.807484	4.617163	27.439260	0.183714	-1414.522811	
11.127000	20.410148	0.839869	4.616675	27.422739	0.249911	-1414.487766	
11.128000	20.418604	1.050367	4.616789	27.406262	0.257699	-1414.452280	
11.129000	20.520081	0.758908	4.617830	27.389691	0.296639	-1414.416424	
11.130000	20.591961	0.904637	4.619483	27.373085	0.043531	-1414.380333	
11.131000	20.524309	0.726523	4.621299	27.356578	0.238229	-1414.344174	
11.132000	20.410148	1.090847	4.622923	27.340176	0.370624	-1414.308122	
11.133000	20.376322	0.888445	4.623926	27.323807	0.238229	-1414.272328	
11.134000	20.401691	0.775100	4.623920	27.307372	0.012379	-1414.236905	
11.135000	20.600417	0.847965	4.622641	27.290762	0.148668	-1414.201920	
11.136000	20.536994	0.872253	4.619844	27.273908	0.121410	-1414.167382	
11.137000	20.486255	0.985598	4.615530	27.256888	0.125304	-1414.133232	
11.138000	20.553907	0.767004	4.610180	27.239929	0.218760	-1414.099356	
11.139000	20.469342	0.831773	4.604568	27.223148	0.207078	-1414.065600	
11.140000	20.443973	1.017982	4.599299	27.206423	0.269381	-1414.031792	
11.141000	20.490484	0.912733	4.594497	27.189621	0.121410	-1413.997762	
11.142000	20.600417	0.872253	4.590088	27.172805	-0.022667	-1413.963380	
11.143000	20.490484	0.896541	4.586220	27.156107	0.109728	-1413.928559	
11.144000	20.367865	1.123232	4.583196	27.139540	0.210972	-1413.893264	
11.145000	20.414376	0.864157	4.581219	27.123039	0.191502	-1413.857518	
11.146000	20.334040	0.831773	4.580281	27.106521	0.109728	-1413.821425	
11.147000	20.465114	0.920829	4.580120	27.089885	0.316109	-1413.785141	
11.148000	20.482027	0.945118	4.580373	27.073066	0.249911	-1413.748838	
11.149000	20.380550	0.912733	4.580734	27.056137	0.362836	-1413.712682	
11.150000	20.549678	0.831773	4.580828	27.039321	0.207078	-1413.676805	
11.151000	20.380550	0.985598	4.580354	27.022727	0.284957	-1413.641297	
11.152000	20.570820	0.896541	4.579328	27.006226	0.203184	-1413.606206	
11.153000	20.448201	0.799388	4.577914	26.989681	0.296639	-1413.571527	
11.154000	20.638471	0.783196	4.576253	26.973155	-0.030454	-1413.537193	
11.155000	20.469342	1.001790	4.574608	26.956784	0.199290	-1413.503072	
11.156000	20.507396	0.977502	4.573378	26.940584	0.273275	-1413.469000	
11.157000	20.350953	0.896541	4.572887	26.924497	0.168138	-1413.434801	
11.158000	20.482027	0.726523	4.573321	26.908449	-0.065500	-1413.400323	
11.159000	20.473571	0.856061	4.574855	26.892341	0.269381	-1413.365463	
11.160000	20.549678	0.872253	4.577586	26.876113	0.246017	-1413.330158	
11.161000	20.342496	1.034175	4.581392	26.859843	0.292745	-1413.294393	
11.162000	20.583504	0.880349	4.585999	26.843760	0.195396	-1413.258221	
11.163000	20.405919	0.904637	4.590967	26.827979	0.226548	-1413.221756	
11.164000	20.427060	1.050367	4.595633	26.812375	0.218760	-1413.185153	
11.165000	20.393235	0.807484	4.599366	26.796815	0.222654	-1413.148582	
11.166000	20.617330	0.864157	4.601809	26.781363	0.055213	-1413.112207	
11.167000	20.511625	0.742716	4.602768	26.766159	0.222654	-1413.076155	
11.168000	20.372094	1.188000	4.602277	26.751215	0.296639	-1413.040499	
11.169000	20.325583	0.669851	4.600661	26.736462	0.304427	-1413.005263	
11.170000	20.422832	0.969406	4.598096	26.721810	0.039637	-1412.970423	
11.171000	20.511625	0.815580	4.594701	26.707147	0.277169	-1412.935888	
11.172000	20.503168	0.742716	4.591056	26.692406	0.160350	-1412.901517	
11.173000	20.469342	0.775100	4.587789	26.677661	0.156456	-1412.867142	
11.174000	20.608873	0.831773	4.585057	26.663135	0.156456	-1412.832593	
11.175000	20.511625	0.831773	4.583077	26.648938	0.203184	-1412.797734	
11.176000	20.431289	1.098943	4.582584	26.634944	0.183714	-1412.762478	
11.177000	20.465114	0.807484	4.584340	26.621019	0.090259	-1412.726781	
11.178000	20.520081	0.912733	4.588471	26.607222	0.066895	-1412.690653	
11.179000	20.604645	0.613178	4.594459	26.593689	0.195396	-1412.654169	
11.180000	20.422832	1.009886	4.601435	26.580430	0.292745	-1412.617460	
11.181000	20.418604	0.823676	4.608326	26.567373	0.242123	-1412.580691	
11.182000	20.427060	0.904637	4.614128	26.554429	-0.003197	-1412.544040	
11.183000	20.477799	0.912733	4.618277	26.541493	0.312215	-1412.507666	
11.184000	20.418604	0.880349	4.620746	26.528496	0.355048	-1412.471675	
11.185000	20.393235	0.799388	4.621704	26.515503	0.203184	-1412.436120	
11.186000	20.524309	0.839869	4.621090	26.502726	0.179820	-1412.401001	
11.187000	20.507396	0.823676	4.618896	26.490269	0.308321	-1412.366256	
11.188000	20.443973	0.953214	4.615600	26.478004	0.304427	-1412.331770	
11.189000	20.520081	0.856061	4.611873	26.465795	0.148668	-1412.297393	
11.190000	20.587732	0.880349	4.608326	26.453706	0.066895	-1412.262961	
11.191000	20.545450	0.896541	4.605561	26.441876	0.242123	-1412.228317	
11.192000	20.486255	0.888445	4.604011	26.430313	0.214866	-1412.193333	
11.193000	20.443973	0.945118	4.603670	26.418939	0.246017	-1412.157931	
11.194000	20.490484	0.596986	4.604044	26.407653	-0.038242	-1412.122087	
11.195000	20.490484	0.661755	4.604502	26.396348	0.140880	-1412.085845	
11.196000	20.541222	0.847965	4.604814	26.384957	0.183714	-1412.049309	
11.197000	20.401691	0.904637	4.605163	26.373544	0.144774	-1412.012628	
11.198000	20.549678	0.734620	4.605675	26.362324	0.218760	-1411.975975	
11.199000	20.393235	0.904637	4.606261	26.351407	0.331685	-1411.939517	
11.200000	20.443973	0.896541	4.606810	26.340669	0.261593	-1411.903388	0.000000
11.201000	20.427060	0.645563	4.607101	26.329977	0.187608	-1411.867672	
11.202000	20.553907	0.750812	4.606660	26.319401	0.214866	-1411.832409	
11.203000	20.456658	0.799388	4.605329	26.309087	0.210972	-1411.797586	
11.204000	20.528537	0.912733	4.603527	26.299040	0.405670	-1411.763120	
11.205000	20.355181	0.977502	4.601824	26.289170	0.195396	-1411.728872	
11.206000	20.456658	0.839869	4.600767	26.279365	0.070789	-1411.694678	
11.207000	20.435517	0.831773	4.600670	26.269510	0.234335	-1411.660368	
11.208000	20.507396	0.686043	4.601387	26.259535	0.183714	-1411.625789	
11.209000	20.460886	0.783196	4.602636	26.249498	0.214866	-1411.590826	
11.210000	20.651156	0.710331	4.604327	26.239608	0.179820	-1411.555413	
11.211000	20.503168	0.742716	4.606491	26.229976	0.238229	-1411.519543	
11.212000	20.558135	1.131328	4.609229	26.220474	0.308321	-1411.483276	
11.213000	20.410148	0.823676	4.612503	26.210971	0.187608	-1411.446737	
11.214000	20.583504	0.823676	4.615917	26.201541	0.082471	-1411.410094	
11.215000	20.520081	0.702235	4.618932	26.192337	0.125304	-1411.373525	
11.216000	20.469342	0.864157	4.621237	26.183375	0.230441	-1411.337196	
11.217000	20.431289	0.799388	4.622858	26.174576	0.288851	-1411.301231	
11.218000	20.507396	0.864157	4.623599	26.165840	0.027955	-1411.265708	
11.219000	20.511625	0.742716	4.622859	26.157063	0.327791	-1411.230653	
11.220000	20.397463	0.888445	4.620559	26.148180	0.175926	-1411.196031	
11.221000	20.359409	0.864157	4.617375	26.139259	0.222654	-1411.161734	
11.222000	20.511625	0.823676	4.614101	26.130513	0.226548	-1411.127604	
11.223000	20.482027	0.669851	4.611350	26.122050	0.199290	-1411.093461	
11.224000	20.515853	0.896541	4.609437	26.113741	0.312215	-1411.059127	
11.225000	20.465114	0.734620	4.608443	26.105455	0.281063	-1411.024456	
11.226000	20.591961	0.977502	4.608466	26.097263	0.051319	-1410.989354	
11.227000	20.630014	0.686043	4.609654	26.089309	0.257699	-1410.953779	
11.228000	20.427060	0.937022	4.612082	26.081595	0.199290	-1410.917742	
11.229000	20.431289	0.524121	4.615632	26.074022	0.203184	-1410.881321	
11.230000	20.482027	0.702235	4.619931	26.066469	-0.030454	-1410.844661	
11.231000	20.621558	0.661755	4.624438	26.058825	0.117516	-1410.807944	
11.232000	20.473571	0.750812	4.628641	26.051027	0.164244	-1410.771354	
11.233000	20.448201	0.799388	4.631929	26.043148	0.207078	-1410.735050	
11.234000	20.477799	0.839869	4.633617	26.035410	0.113622	-1410.699140	
11.235000	20.452430	0.613178	4.633427	26.027936	0.234335	-1410.663685	
11.236000	20.469342	0.961310	4.631484	26.020605	0.277169	-1410.628687	
11.237000	20.452430	0.823676	4.627900	26.013292	0.098047	-1410.594084	
11.238000	20.562363	0.767004	4.622814	26.006078	0.027955	-1410.559754	
11.239000	20.503168	0.847965	4.616704	25.999123	0.191502	-1410.525538	
11.240000	20.389006	1.042271	4.610289	25.992438	0.277169	-1410.491253	
11.241000	20.418604	0.912733	4.604206	25.985922	0.261593	-1410.456728	
11.242000	20.443973	0.937022	4.598985	25.979452	0.094153	-1410.421833	
11.243000	20.579276	0.928926	4.594951	25.972915	0.386200	-1410.386490	
11.244000	20.443973	0.637467	4.592216	25.966244	0.281063	-1410.350668	
11.245000	20.422832	0.912733	4.590895	25.959494	0.273275	-1410.314393	
11.246000	20.473571	0.718427	4.590930	25.952871	0.265487	-1410.277764	
11.247000	20.452430	0.920829	4.591780	25.946486	0.238229	-1410.240935	
11.248000	20.528537	1.017982	4.592741	25.940213	0.179820	-1410.204092	
11.249000	20.465114	0.969406	4.593348	25.933923	0.133092	-1410.167414	
11.250000	20.617330	0.677947	4.593328	25.927698	-0.007091	-1410.131051	
11.251000	20.427060	0.726523	4.592791	25.921698	0.168138	-1410.095104	
11.252000	20.473571	0.847965	4.592182	25.915938	0.207078	-1410.059617	
11.253000	20.380550	0.758908	4.591408	25.910329	0.242123	-1410.024580	
11.254000	20.410148	0.702235	4.590002	25.904758	0.105834	-1409.989917	
11.255000	20.494712	0.888445	4.588002	25.899120	0.133092	-1409.955500	
11.256000	20.465114	0.937022	4.585930	25.893349	0.226548	-1409.921162	
11.257000	20.346724	0.937022	4.584471	25.887500	0.253805	-1409.886721	
11.258000	20.469342	0.807484	4.584156	25.881785	0.218760	-1409.852012	
11.259000	20.401691	0.807484	4.585007	25.876323	0.288851	-1409.816914	
11.260000	20.498940	0.904637	4.586630	25.870991	0.323897	-1409.781359	
11.261000	20.503168	1.009886	4.588706	25.865657	0.269381	-1409.745336	
11.262000	20.566591	0.831773	4.591184	25.860400	0.024061	-1409.708907	
11.263000	20.473571	0.961310	4.593924	25.855381	0.261593	-1409.672199	
11.264000	20.465114	1.098943	4.596376	25.850609	0.207078	-1409.635375	
11.265000	20.414376	0.823676	4.597894	25.845981	0.249911	-1409.598617	
11.266000	20.469342	0.831773	4.598267	25.841374	0.086365	-1409.562099	
11.267000	20.579276	0.767004	4.597587	25.836678	0.277169	-1409.525960	
11.268000	20.511625	0.937022	4.595876	25.831826	0.152562	-1409.490285	
11.269000	20.439745	0.847965	4.593198	25.826869	0.296639	-1409.455102	
11.270000	20.524309	0.937022	4.589736	25.822014	0.187608	-1409.420384	
11.271000	20.456658	0.791292	4.585713	25.817381	0.257699	-1409.386039	
11.272000	20.431289	1.026079	4.581527	25.812853	0.222654	-1409.351923	
11.273000	20.528537	0.750812	4.577700	25.808309	0.175926	-1409.317863	
11.274000	20.486255	0.872253	4.574623	25.803838	0.059107	-1409.283684	
11.275000	20.566591	0.742716	4.572475	25.799607	0.183714	-1409.249235	
11.276000	20.439745	1.196096	4.571339	25.795631	0.234335	-1409.214410	
11.277000	20.452430	0.872253	4.571379	25.791807	0.218760	-1409.179156	
11.278000	20.401691	0.872253	4.572742	25.788009	0.043531	-1409.143480	
11.279000	20.558135	0.912733	4.575227	25.784132	0.199290	-1409.107461	
11.280000	20.448201	0.847965	4.578264	25.780107	0.273275	-1409.071232	
11.281000	20.443973	0.896541	4.581295	25.775977	0.284957	-1409.034954	
11.282000	20.494712	0.807484	4.584029	25.771942	0.175926	-1408.998796	
11.283000	20.503168	0.888445	4.586319	25.768117	0.164244	-1408.962920	
11.284000	20.486255	0.839869	4.587944	25.764384	0.234335	-1408.927443	
11.285000	20.507396	1.001790	4.588499	25.760616	0.179820	-1408.892436	
11.286000	20.621558	0.686043	4.587615	25.756904	0.094153	-1408.857919	
11.287000	20.528537	0.831773	4.585399	25.753419	0.078577	-1408.823845	
11.288000	20.435517	0.953214	4.582513	25.750176	0.308321	-1408.790099	
11.289000	20.443973	0.872253	4.579848	25.747067	0.187608	-1408.756526	
11.290000	20.490484	0.839869	4.578028	25.743965	0.035743	-1408.722955	
11.291000	20.541222	0.880349	4.577040	25.740764	0.175926	-1408.689225	
11.292000	20.520081	0.799388	4.576517	25.737399	0.133092	-1408.655203	
11.293000	20.308670	0.977502	4.576503	25.733918	0.284957	-1408.620800	
11.294000	20.507396	0.937022	4.577754	25.730523	0.164244	-1408.585973	
11.295000	20.380550	0.904637	4.581245	25.727337	0.195396	-1408.550741	
11.296000	20.397463	0.807484	4.587133	25.724246	0.288851	-1408.515193	
11.297000	20.443973	0.912733	4.594453	25.721126	0.152562	-1408.479473	
11.298000	20.596189	0.839869	4.602018	25.718066	-0.022667	-1408.443753	
11.299000	20.545450	0.864157	4.608905	25.715230	0.277169	-1408.408209	
11.300000	20.435517	0.945118	4.614348	25.712623	0.288851	-1408.372983	0.000000
11.301000	20.397463	0.912733	4.617921	25.710114	0.269381	-1408.338170	
11.302000	20.494712	0.686043	4.619775	25.707553	0.016273	-1408.303820	
11.303000	20.583504	0.750812	4.620413	25.704827	0.136986	-1408.269936	
11.304000	20.591961	0.629370	4.620377	25.701866	0.082471	-1408.236447	
11.305000	20.456658	0.888445	4.620225	25.698712	0.144774	-1408.203219	
11.306000	20.600417	0.856061	4.620411	25.695567	0.148668	-1408.170087	
11.307000	20.405919	0.783196	4.620920	25.692556	0.257699	-1408.136879	
11.308000	20.498940	0.896541	4.621219	25.689570	0.269381	-1408.103442	
11.309000	20.448201	0.791292	4.620877	25.686495	0.101940	-1408.069659	
11.310000	20.613102	0.977502	4.620163	25.683431	-0.084970	-1408.035464	
11.311000	20.549678	0.758908	4.619783	25.680561	0.148668	-1408.000837	
11.312000	20.427060	1.058463	4.620149	25.677900	0.320003	-1407.965822	
11.313000	20.473571	1.009886	4.621049	25.675334	0.210972	-1407.930530	
11.314000	20.443973	0.839869	4.621957	25.672730	0.031849	-1407.895118	
11.315000	20.443973	0.718427	4.622580	25.669986	0.195396	-1407.859766	
11.316000	20.452430	0.856061	4.622938	25.667041	0.144774	-1407.824637	
11.317000	20.460886	0.880349	4.623091	25.663938	0.316109	-1407.789851	
11.318000	20.465114	0.791292	4.623163	25.660879	0.160350	-1407.755473	
11.319000	20.473571	0.847965	4.623516	25.657992	0.246017	-1407.721527	
11.320000	20.465114	0.961310	4.624469	25.655161	0.195396	-1407.687984	
11.321000	20.507396	0.540314	4.625964	25.652271	0.117516	-1407.654755	
11.322000	20.549678	0.783196	4.627766	25.649424	0.090259	-1407.621706	
11.323000	20.596189	0.734620	4.629618	25.646809	0.288851	-1407.588676	
11.324000	20.456658	1.001790	4.631070	25.644442	0.288851	-1407.555495	
11.325000	20.524309	0.888445	4.631742	25.642202	0.125304	-1407.522019	
11.326000	20.456658	0.872253	4.631805	25.639953	0.098047	-1407.488152	
11.327000	20.596189	0.742716	4.631710	25.637589	0.082471	-1407.453848	
11.328000	20.511625	0.596986	4.631787	25.635047	0.098047	-1407.419111	
11.329000	20.452430	0.904637	4.632202	25.632367	0.156456	-1407.384007	
11.330000	20.448201	0.775100	4.632890	25.629751	0.316109	-1407.348662	
11.331000	20.422832	0.864157	4.633618	25.627331	0.207078	-1407.313238	
11.332000	20.401691	1.026079	4.634281	25.625000	0.409564	-1407.277904	
11.333000	20.443973	0.928926	4.634947	25.622642	0.168138	-1407.242808	
11.334000	20.469342	0.872253	4.635652	25.620364	0.117516	-1407.208056	
11.335000	20.566591	0.815580	4.636272	25.618351	0.284957	-1407.173712	
11.336000	20.393235	0.937022	4.636375	25.616620	0.284957	-1407.139785	
11.337000	20.448201	0.710331	4.635383	25.615040	0.222654	-1407.106222	
11.338000	20.397463	0.807484	4.633158	25.613466	0.152562	-1407.072915	
11.339000	20.469342	0.969406	4.630167	25.611790	0.238229	-1407.039720	
11.340000	20.498940	0.799388	4.626968	25.609945	0.234335	-1407.006469	
11.341000	20.422832	0.961310	4.623742	25.607964	0.140880	-1406.972992	
11.342000	20.532766	0.734620	4.620447	25.606040	0.152562	-1406.939156	
11.343000	20.503168	0.669851	4.617478	25.604296	0.331685	-1406.904879	
11.344000	20.532766	0.758908	4.615654	25.602624	0.168138	-1406.870134	
11.345000	20.494712	0.880349	4.615171	25.600914	0.191502	-1406.834949	
11.346000	20.570820	1.050367	4.615553	25.599277	0.164244	-1406.799424	
11.347000	20.473571	0.912733	4.616452	25.597908	0.105834	-1406.763710	
11.348000	20.452430	0.928926	4.617556	25.596820	0.347261	-1406.727976	
11.349000	20.367865	0.872253	4.618504	25.595882	0.234335	-1406.692389	
11.350000	20.469342	0.864157	4.619207	25.594944	0.152562	-1406.657090	
11.351000	20.532766	0.742716	4.619335	25.593901	0.230441	-1406.622178	
11.352000	20.418604	0.839869	4.617746	25.592693	0.304427	-1406.587699	
11.353000	20.253704	0.888445	4.613582	25.591360	0.261593	-1406.553641	
11.354000	20.498940	0.823676	4.607291	25.590103	0.320003	-1406.519925	
11.355000	20.410148	1.034175	4.600047	25.589047	0.312215	-1406.486416	
11.356000	20.503168	0.791292	4.592947	25.588080	0.249911	-1406.452949	
11.357000	20.435517	0.734620	4.586776	25.587085	0.234335	-1406.419352	
11.358000	20.613102	0.783196	4.582106	25.586172	0.066895	-1406.385473	
11.359000	20.515853	0.726523	4.579315	25.585534	0.179820	-1406.351202	
11.360000	20.443973	0.880349	4.578507	25.585183	0.308321	-1406.316477	
11.361000	20.414376	1.034175	4.579661	25.584983	0.144774	-1406.281286	
11.362000	20.443973	0.847965	4.582772	25.584782	-0.010985	-1406.245685	
11.363000	20.469342	0.686043	4.587590	25.584473	0.059107	-1406.209797	
11.364000	20.486255	0.726523	4.593388	25.584000	0.183714	-1406.173783	
11.365000	20.477799	0.726523	4.599285	25.583406	0.218760	-1406.137818	
11.366000	20.482027	0.831773	4.604536	25.582897	0.277169	-1406.102068	
11.367000	20.486255	0.783196	4.608477	25.582608	0.234335	-1406.066662	
11.368000	20.418604	1.163712	4.611005	25.582436	0.214866	-1406.031679	
11.369000	20.541222	0.767004	4.612813	25.582271	0.277169	-1405.997146	
11.370000	20.486255	0.977502	4.614168	25.582233	0.082471	-1405.963033	
11.371000	20.494712	0.864157	4.614654	25.582519	0.152562	-1405.929246	
11.372000	20.443973	0.953214	4.614302	25.583144	0.207078	-1405.895637	
11.373000	20.528537	0.864157	4.613489	25.583967	0.187608	-1405.862037	
11.374000	20.460886	0.896541	4.612230	25.584834	0.117516	-1405.828280	
11.375000	20.528537	0.896541	4.610248	25.585641	0.246017	-1405.794229	
11.376000	20.410148	0.985598	4.607118	25.586327	0.179820	-1405.759790	
11.377000	20.465114	0.856061	4.602363	25.586922	0.179820	-1405.724911	
11.378000	20.486255	0.710331	4.596037	25.587612	0.222654	-1405.689595	
11.379000	20.503168	0.718427	4.588927	25.588523	0.296639	-1405.653918	
11.380000	20.511625	0.775100	4.581807	25.589545	0.277169	-1405.618017	
11.381000	20.583504	0.791292	4.575113	25.590564	0.133092	-1405.582063	
11.382000	20.469342	0.904637	4.569148	25.591701	0.020167	-1405.546239	
11.383000	20.558135	0.856061	4.564088	25.593157	0.269381	-1405.510708	
11.384000	20.448201	0.775100	4.559719	25.594949	0.172032	-1405.475583	
11.385000	20.427060	0.839869	4.555298	25.596940	0.148668	-1405.440926	
11.386000	20.503168	0.872253	4.550299	25.598979	0.070789	-1405.406747	
11.387000	20.507396	0.888445	4.545078	25.600966	0.191502	-1405.372996	
11.388000	20.486255	0.758908	4.540400	25.602842	0.113622	-1405.339557	
11.389000	20.393235	1.042271	4.536996	25.604637	0.191502	-1405.306270	
11.390000	20.397463	0.791292	4.535386	25.606545	0.238229	-1405.272958	
11.391000	20.465114	0.937022	4.535665	25.608694	0.312215	-1405.239454	
11.392000	20.473571	0.823676	4.537662	25.610976	0.374518	-1405.205624	
11.393000	20.431289	1.034175	4.541272	25.613272	0.234335	-1405.171382	
11.394000	20.490484	0.839869	4.546640	25.615703	0.047425	-1405.136692	
11.395000	20.545450	0.839869	4.554029	25.618467	0.168138	-1405.101578	
11.396000	20.566591	0.920829	4.563315	25.621573	0.347261	-1405.066135	
11.397000	20.443973	0.969406	4.573637	25.624864	0.179820	-1405.030509	
11.398000	20.503168	0.823676	4.583793	25.628170	0.070789	-1404.994883	
11.399000	20.528537	0.888445	4.592926	25.631381	0.191502	-1404.959440	
11.400000	20.562363	0.750812	4.600591	25.634437	0.094153	-1404.924326	0.000000
11.401000	20.410148	0.872253	4.606834	25.637370	0.296639	-1404.889636	
11.402000	20.617330	0.791292	4.612168	25.640379	0.187608	-1404.855418	
11.403000	20.435517	0.896541	4.616567	25.643602	0.148668	-1404.821671	
11.404000	20.498940	1.026079	4.619439	25.646939	0.226548	-1404.788330	
11.405000	20.397463	0.839869	4.620740	25.650279	0.160350	-1404.755268	
11.406000	20.469342	0.856061	4.620978	25.653745	0.113622	-1404.722321	
11.407000	20.503168	0.718427	4.620676	25.657541	0.207078	-1404.689309	
11.408000	20.431289	0.807484	4.620349	25.661683	0.281063	-1404.656064	
11.409000	20.503168	0.856061	4.620465	25.666023	0.207078	-1404.622459	
11.410000	20.486255	0.920829	4.621212	25.670399	0.016273	-1404.588423	
11.411000	20.566591	0.945118	4.622191	25.674701	0.320003	-1404.553943	
11.412000	20.482027	0.969406	4.622601	25.678864	0.187608	-1404.519068	
11.413000	20.427060	1.042271	4.622093	25.682912	0.316109	-1404.483909	
11.414000	20.452430	0.888445	4.620844	25.687031	0.210972	-1404.448621	
11.415000	20.465114	0.718427	4.619035	25.691345	0.234335	-1404.413375	
11.416000	20.528537	0.888445	4.616954	25.695745	0.253805	-1404.378343	
11.417000	20.541222	0.742716	4.614910	25.700115	0.168138	-1404.343658	
11.418000	20.520081	0.953214	4.612778	25.704584	0.074683	-1404.309405	
11.419000	20.524309	0.896541	4.610200	25.709364	0.191502	-1404.275626	
11.420000	20.367865	0.920829	4.607205	25.714479	0.218760	-1404.242299	
11.421000	20.452430	0.694139	4.604176	25.719782	0.172032	-1404.209334	
11.422000	20.435517	0.799388	4.601485	25.725107	0.004591	-1404.176588	
11.423000	20.587732	0.742716	4.599398	25.730350	0.191502	-1404.143895	
11.424000	20.418604	0.807484	4.597953	25.735455	0.222654	-1404.111080	
11.425000	20.435517	0.937022	4.597196	25.740447	0.242123	-1404.077991	
11.426000	20.393235	0.993694	4.597370	25.745515	0.203184	-1404.044519	
11.427000	20.393235	1.034175	4.598351	25.750792	0.246017	-1404.010607	
11.428000	20.405919	0.977502	4.599581	25.756170	0.370624	-1403.976253	
11.429000	20.469342	0.896541	4.600738	25.761537	0.269381	-1403.941520	
11.430000	20.486255	0.864157	4.601768	25.767016	0.129198	-1403.906535	
11.431000	20.558135	0.839869	4.602573	25.772817	0.191502	-1403.871459	
11.432000	20.405919	0.953214	4.603253	25.778956	0.300533	-1403.836465	
11.433000	20.477799	0.920829	4.604287	25.785274	0.273275	-1403.801711	
11.434000	20.435517	1.009886	4.606071	25.791598	0.105834	-1403.767321	
11.435000	20.566591	0.823676	4.608405	25.797821	0.218760	-1403.733372	
11.436000	20.456658	0.677947	4.610617	25.803881	0.117516	-1403.699878	
11.437000	20.469342	0.815580	4.612118	25.809802	0.101940	-1403.666790	
11.438000	20.448201	0.783196	4.612751	25.815776	0.191502	-1403.633993	
11.439000	20.439745	0.839869	4.612685	25.821937	0.105834	-1403.601340	
11.440000	20.507396	0.831773	4.612223	25.828187	0.203184	-1403.568663	
11.441000	20.435517	0.961310	4.611697	25.834418	0.164244	-1403.535796	
11.442000	20.473571	0.758908	4.611300	25.840764	-0.003197	-1403.502603	
11.443000	20.452430	0.847965	4.610971	25.847438	0.207078	-1403.468993	
11.444000	20.503168	0.920829	4.610519	25.854453	0.312215	-1403.434918	
11.445000	20.397463	1.066559	4.609967	25.861646	0.397882	-1403.400392	
11.446000	20.384778	0.815580	4.609550	25.868842	0.082471	-1403.365501	
11.447000	20.490484	0.928926	4.609283	25.875932	0.234335	-1403.330391	
11.448000	20.532766	0.961310	4.608892	25.882856	0.070789	-1403.295234	
11.449000	20.401691	0.904637	4.608037	25.889635	0.288851	-1403.260200	
11.450000	20.367865	0.920829	4.606525	25.896456	0.316109	-1403.225427	
11.451000	20.376322	0.742716	4.604526	25.903452	0.218760	-1403.191013	
11.452000	20.558135	0.799388	4.602487	25.910516	0.347261	-1403.157009	
11.453000	20.498940	0.734620	4.600815	25.917537	0.238229	-1403.123411	
11.454000	20.553907	0.872253	4.599657	25.924647	0.047425	-1403.090159	
11.455000	20.553907	0.831773	4.599077	25.932063	0.238229	-1403.057130	
11.456000	20.528537	0.896541	4.599382	25.939805	0.253805	-1403.024166	
11.457000	20.418604	0.847965	4.600869	25.947714	0.230441	-1402.991093	
11.458000	20.448201	0.710331	4.603436	25.955620	0.183714	-1402.957754	
11.459000	20.465114	0.686043	4.607122	25.963421	0.316109	-1402.924036	
11.460000	20.507396	0.847965	4.612344	25.971066	0.246017	-1402.889867	
11.461000	20.486255	0.847965	4.618796	25.978584	0.199290	-1402.855222	
11.462000	20.384778	0.937022	4.625409	25.986169	0.222654	-1402.820140	
11.463000	20.448201	0.937022	4.631340	25.993959	0.207078	-1402.784730	
11.464000	20.384778	0.880349	4.635977	26.001851	0.347261	-1402.749146	
11.465000	20.401691	0.710331	4.638799	26.009739	0.277169	-1402.713562	
11.466000	20.393235	0.856061	4.639637	26.017752	0.288851	-1402.678145	
11.467000	20.566591	0.750812	4.638723	26.026104	0.207078	-1402.643025	
11.468000	20.452430	1.009886	4.636451	26.034807	0.284957	-1402.608280	
11.469000	20.511625	0.928926	4.633246	26.043693	0.261593	-1402.573942	
11.470000	20.435517	0.920829	4.629656	26.052580	0.191502	-1402.539995	
11.471000	20.596189	0.726523	4.626218	26.061363	0.312215	-1402.506363	
11.472000	20.452430	0.767004	4.623309	26.069982	0.284957	-1402.472913	
11.473000	20.490484	0.734620	4.621200	26.078454	0.257699	-1402.439479	
11.474000	20.460886	0.767004	4.620032	26.086964	0.203184	-1402.405886	
11.475000	20.528537	0.758908	4.619766	26.095645	0.210972	-1402.371992	
11.476000	20.541222	0.872253	4.620386	26.104395	0.269381	-1402.337702	
11.477000	20.494712	0.767004	4.622114	26.113112	0.113622	-1402.302972	
11.478000	20.422832	0.847965	4.625155	26.121938	0.059107	-1402.267807	
11.479000	20.486255	0.823676	4.629332	26.131095	0.273275	-1402.232279	
11.480000	20.418604	0.888445	4.634106	26.140599	0.183714	-1402.196513	
11.481000	20.422832	0.969406	4.638757	26.150282	0.218760	-1402.160670	
11.482000	20.498940	0.758908	4.642605	26.159963	0.027955	-1402.124925	
11.483000	20.482027	0.912733	4.645169	26.169538	0.199290	-1402.089439	
11.484000	20.524309	0.937022	4.646342	26.178949	0.168138	-1402.054330	
11.485000	20.452430	1.074655	4.646288	26.188216	0.320003	-1402.019657	
11.486000	20.490484	0.677947	4.645018	26.197522	0.214866	-1401.985432	
11.487000	20.397463	0.880349	4.642399	26.206999	0.284957	-1401.951609	
11.488000	20.503168	0.669851	4.638632	26.216539	0.246017	-1401.918079	
11.489000	20.465114	0.847965	4.634264	26.226034	0.090259	-1401.884685	
11.490000	20.536994	0.637467	4.629788	26.235620	0.140880	-1401.851256	
11.491000	20.570820	0.758908	4.625472	26.245518	0.098047	-1401.817627	
11.492000	20.541222	0.758908	4.621457	26.255744	0.210972	-1401.783665	
11.493000	20.477799	1.058463	4.617896	26.266135	0.152562	-1401.749291	
11.494000	20.473571	0.726523	4.614848	26.276512	0.098047	-1401.714475	
11.495000	20.515853	0.742716	4.612136	26.286773	0.284957	-1401.679249	
11.496000	20.511625	0.718427	4.609756	26.296861	0.063001	-1401.643706	
11.497000	20.443973	0.847965	4.607976	26.306800	0.136986	-1401.607984	
11.498000	20.511625	0.815580	4.606954	26.316777	0.203184	-1401.572253	
11.499000	20.393235	0.783196	4.606774	26.326929	0.125304	-1401.536687	
11.500000	20.477799	0.872253	4.607316	26.337156	0.238229	-1401.501432	0.000000
11.501000	20.443973	1.179904	4.607965	26.347353	0.144774	-1401.466582	
11.502000	20.367865	0.856061	4.607923	26.357661	0.109728	-1401.432182	
11.503000	20.541222	0.791292	4.606667	26.368308	0.249911	-1401.398222	
11.504000	20.448201	0.775100	4.604124	26.379314	0.413458	-1401.364624	
11.505000	20.503168	0.872253	4.600706	26.390504	0.226548	-1401.331257	
11.506000	20.443973	0.702235	4.597125	26.401692	0.175926	-1401.297962	
11.507000	20.579276	0.694139	4.593924	26.412771	0.160350	-1401.264571	
11.508000	20.435517	0.912733	4.591265	26.423679	0.203184	-1401.230930	
11.509000	20.490484	0.710331	4.588902	26.434433	0.203184	-1401.196921	
11.510000	20.384778	0.815580	4.586150	26.445212	0.164244	-1401.162470	
11.511000	20.541222	0.661755	4.582368	26.456147	0.327791	-1401.127562	
11.512000	20.507396	0.864157	4.577560	26.467133	0.261593	-1401.092249	
11.513000	20.431289	0.677947	4.572381	26.478065	0.117516	-1401.056650	
11.514000	20.427060	0.767004	4.567645	26.489089	0.024061	-1401.020929	
11.515000	20.583504	0.726523	4.563731	26.500441	0.140880	-1400.985271	
11.516000	20.397463	0.904637	4.560535	26.512144	0.238229	-1400.949846	
11.517000	20.456658	0.937022	4.557813	26.524035	0.277169	-1400.914785	
11.518000	20.431289	0.945118	4.555377	26.535931	0.066895	-1400.880169	
11.519000	20.570820	0.758908	4.553328	26.547731	0.288851	-1400.846031	
11.520000	20.486255	0.669851	4.552029	26.559378	0.222654	-1400.812347	
11.521000	20.401691	0.823676	4.551722	26.570889	0.327791	-1400.779022	
11.522000	20.350953	0.807484	4.552523	26.582444	0.249911	-1400.745909	
11.523000	20.443973	0.961310	4.554623	26.594172	0.214866	-1400.712834	
11.524000	20.452430	0.977502	4.558134	26.605966	0.347261	-1400.679621	
11.525000	20.418604	0.864157	4.562869	26.617718	0.273275	-1400.646119	
11.526000	20.503168	0.791292	4.568474	26.629571	0.152562	-1400.612220	
11.527000	20.532766	0.872253	4.574728	26.641752	0.152562	-1400.577868	
11.528000	20.456658	0.742716	4.581547	26.654277	0.327791	-1400.543060	
11.529000	20.452430	0.904637	4.588704	26.666970	0.253805	-1400.507865	
11.530000	20.498940	0.847965	4.595677	26.679643	0.039637	-1400.472421	
11.531000	20.536994	0.872253	4.601804	26.692191	0.105834	-1400.436903	
11.532000	20.515853	0.864157	4.606536	26.704563	0.039637	-1400.401495	
11.533000	20.376322	0.993694	4.609516	26.716777	0.222654	-1400.366359	
11.534000	20.367865	0.629370	4.610578	26.729014	-0.003197	-1400.331611	
11.535000	20.498940	0.904637	4.609683	26.741407	0.253805	-1400.297319	
11.536000	20.503168	0.791292	4.607046	26.753852	0.351155	-1400.263500	
11.537000	20.427060	0.872253	4.603445	26.766249	0.234335	-1400.230107	
11.538000	20.410148	0.807484	4.599756	26.778743	0.035743	-1400.197026	
11.539000	20.490484	0.953214	4.596417	26.791570	0.226548	-1400.164095	
11.540000	20.418604	0.969406	4.593561	26.804753	0.323897	-1400.131131	
11.541000	20.469342	0.977502	4.590958	26.818116	0.335579	-1400.097953	
11.542000	20.498940	0.896541	4.588228	26.831471	-0.026560	-1400.064419	
11.543000	20.507396	0.815580	4.585460	26.844712	0.320003	-1400.030444	
11.544000	20.515853	0.661755	4.583117	26.857784	0.277169	-1399.995989	
11.545000	20.465114	0.896541	4.581485	26.870705	0.179820	-1399.961071	
11.546000	20.418604	0.937022	4.580547	26.883655	0.203184	-1399.925778	
11.547000	20.473571	0.775100	4.580076	26.896761	0.226548	-1399.890256	
11.548000	20.482027	0.864157	4.579785	26.909916	0.199290	-1399.854682	
11.549000	20.558135	0.767004	4.579532	26.923012	0.101940	-1399.819235	
11.550000	20.465114	0.775100	4.579233	26.936189	0.140880	-1399.784068	
11.551000	20.591961	0.661755	4.578686	26.949677	0.203184	-1399.749284	
11.552000	20.439745	0.953214	4.577596	26.963494	0.242123	-1399.714939	
11.553000	20.541222	0.969406	4.575715	26.977463	0.156456	-1399.681032	
11.554000	20.435517	0.864157	4.573055	26.991393	0.148668	-1399.647497	
11.555000	20.524309	0.823676	4.569942	27.005178	0.210972	-1399.614207	
11.556000	20.443973	0.758908	4.566846	27.018767	0.226548	-1399.580994	
11.557000	20.465114	0.880349	4.564251	27.032180	0.203184	-1399.547672	
11.558000	20.342496	0.823676	4.562577	27.045602	0.203184	-1399.514069	
11.559000	20.435517	0.807484	4.562205	27.059169	0.183714	-1399.480061	
11.560000	20.405919	0.831773	4.563631	27.072776	0.362836	-1399.445574	
11.561000	20.469342	0.953214	4.567102	27.086316	0.230441	-1399.410588	
11.562000	20.405919	0.815580	4.572259	27.099929	0.249911	-1399.375142	
11.563000	20.553907	0.783196	4.578417	27.113844	0.335579	-1399.339348	
11.564000	20.460886	0.726523	4.584755	27.128077	0.242123	-1399.303359	
11.565000	20.486255	0.815580	4.590406	27.142443	0.284957	-1399.267358	
11.566000	20.545450	0.726523	4.594757	27.156748	0.059107	-1399.231524	
11.567000	20.562363	0.847965	4.597464	27.170889	0.133092	-1399.196008	
11.568000	20.541222	0.977502	4.598184	27.184809	0.066895	-1399.160904	
11.569000	20.418604	1.082751	4.596637	27.198524	0.172032	-1399.126250	
11.570000	20.389006	0.580794	4.593022	27.212215	0.156456	-1399.092027	
11.571000	20.443973	0.710331	4.588110	27.226018	0.191502	-1399.058153	
11.572000	20.541222	0.702235	4.582913	27.239837	0.210972	-1399.024493	
11.573000	20.469342	0.750812	4.578338	27.253575	0.214866	-1398.990878	
11.574000	20.405919	0.856061	4.575153	27.267387	0.043531	-1398.957137	
11.575000	20.456658	0.928926	4.574192	27.281518	0.129198	-1398.923117	
11.576000	20.532766	0.912733	4.576247	27.295991	0.113622	-1398.888707	
11.577000	20.321355	0.920829	4.581803	27.310627	0.195396	-1398.853844	
11.578000	20.443973	0.791292	4.590959	27.325233	0.152562	-1398.818525	
11.579000	20.583504	0.734620	4.603061	27.339704	0.273275	-1398.782817	
11.580000	20.541222	0.799388	4.616566	27.353986	0.257699	-1398.746848	
11.581000	20.427060	0.928926	4.629698	27.368093	0.296639	-1398.710781	
11.582000	20.372094	0.847965	4.641096	27.382201	0.246017	-1398.674790	
11.583000	20.439745	0.880349	4.650019	27.396441	0.179820	-1398.639042	
11.584000	20.520081	0.653659	4.656218	27.410705	0.203184	-1398.603660	
11.585000	20.477799	0.726523	4.659731	27.424886	0.070789	-1398.568715	
11.586000	20.435517	0.758908	4.660794	27.439132	0.047425	-1398.534228	
11.587000	20.655384	0.726523	4.659631	27.453688	0.101940	-1398.500159	
11.588000	20.460886	0.791292	4.656500	27.468575	0.362836	-1398.466406	
11.589000	20.477799	0.815580	4.652012	27.483613	0.277169	-1398.432822	
11.590000	20.443973	0.912733	4.646979	27.498609	0.113622	-1398.399244	
11.591000	20.558135	0.742716	4.642051	27.513461	0.136986	-1398.365508	
11.592000	20.427060	0.847965	4.637531	27.528118	0.136986	-1398.331477	
11.593000	20.418604	0.872253	4.633316	27.542595	0.183714	-1398.297054	
11.594000	20.300214	0.839869	4.629546	27.557068	0.164244	-1398.262186	
11.595000	20.465114	0.767004	4.627151	27.571669	0.172032	-1398.226882	
11.596000	20.431289	0.686043	4.626892	27.586297	0.249911	-1398.191223	
11.597000	20.507396	0.799388	4.628496	27.600850	0.160350	-1398.155351	
11.598000	20.350953	0.856061	4.631159	27.615478	0.210972	-1398.119433	
11.599000	20.570820	0.823676	4.633994	27.630423	0.339473	-1398.083644	
11.600000	20.414376	0.629370	4.636071	27.645704	0.304427	-1398.048128	0.000000
11.601000	20.486255	0.839869	4.636749	27.661132	0.164244	-1398.012987	
11.602000	20.524309	0.718427	4.635901	27.676505	0.183714	-1397.978282	
11.603000	20.587732	0.734620	4.633523	27.691715	0.136986	-1397.944023	
11.604000	20.503168	0.993694	4.629657	27.706709	0.179820	-1397.910155	
11.605000	20.482027	0.888445	4.624756	27.721495	0.175926	-1397.876555	
11.606000	20.405919	0.694139	4.619683	27.736246	0.191502	-1397.843063	
11.607000	20.418604	0.686043	4.615386	27.751092	0.203184	-1397.809509	
11.608000	20.490484	0.653659	4.612521	27.765929	0.292745	-1397.775734	
11.609000	20.486255	0.742716	4.611181	27.780657	0.187608	-1397.741615	
11.610000	20.452430	0.807484	4.611053	27.795430	0.160350	-1397.707082	
11.611000	20.672297	0.880349	4.611982	27.810497	0.234335	-1397.672114	
11.612000	20.452430	0.750812	4.614061	27.825884	0.316109	-1397.636752	
11.613000	20.389006	1.090847	4.617170	27.841412	0.269381	-1397.601100	
11.614000	20.465114	0.718427	4.620827	27.856889	0.195396	-1397.565310	
11.615000	20.460886	0.791292	4.624434	27.872213	0.327791	-1397.529557	
11.616000	20.541222	0.702235	4.627600	27.887332	0.253805	-1397.494008	
11.617000	20.469342	0.937022	4.630314	27.902253	0.281063	-1397.458790	
11.618000	20.465114	0.807484	4.632730	27.917144	0.187608	-1397.423984	
11.619000	20.486255	0.847965	4.635071	27.932133	0.187608	-1397.389631	
11.620000	20.498940	0.791292	4.637634	27.947115	0.238229	-1397.355721	
11.621000	20.443973	0.645563	4.640338	27.961987	0.109728	-1397.322174	
11.622000	20.418604	0.839869	4.642695	27.976899	0.140880	-1397.288858	
11.623000	20.596189	0.799388	4.644335	27.992094	0.210972	-1397.255607	
11.624000	20.528537	0.888445	4.645109	28.007594	0.304427	-1397.222249	
11.625000	20.558135	0.775100	4.645105	28.023213	0.242123	-1397.188634	
11.626000	20.465114	0.977502	4.644375	28.038758	-0.003197	-1397.154663	
11.627000	20.541222	0.572698	4.642550	28.054131	0.195396	-1397.120285	
11.628000	20.397463	0.831773	4.639483	28.069285	0.152562	-1397.085498	
11.629000	20.482027	0.856061	4.635679	28.084233	0.117516	-1397.050359	
11.630000	20.325583	0.969406	4.631593	28.099148	0.207078	-1397.014985	
11.631000	20.431289	0.937022	4.627275	28.114164	0.210972	-1396.979534	
11.632000	20.448201	0.937022	4.622624	28.129178	0.331685	-1396.944181	
11.633000	20.524309	0.823676	4.617585	28.144093	0.226548	-1396.909085	
11.634000	20.279073	0.920829	4.612337	28.159065	0.195396	-1396.874365	
11.635000	20.596189	0.750812	4.607366	28.174342	0.284957	-1396.840088	
11.636000	20.376322	0.961310	4.603114	28.189942	0.284957	-1396.806271	
11.637000	20.477799	0.953214	4.599597	28.205677	0.234335	-1396.772866	
11.638000	20.448201	0.775100	4.596573	28.221349	0.168138	-1396.739769	
11.639000	20.566591	0.880349	4.593928	28.236858	0.164244	-1396.706839	
11.640000	20.490484	0.823676	4.591730	28.252155	0.292745	-1396.673911	
11.641000	20.494712	0.847965	4.590035	28.267251	0.273275	-1396.640820	
11.642000	20.363637	0.742716	4.588788	28.282316	0.261593	-1396.607430	
11.643000	20.490484	0.686043	4.588165	28.297480	0.168138	-1396.573655	
11.644000	20.431289	0.815580	4.589001	28.312637	0.253805	-1396.539460	
11.645000	20.486255	0.839869	4.592135	28.327689	0.098047	-1396.504858	
11.646000	20.456658	0.767004	4.597293	28.342795	0.152562	-1396.469932	
11.647000	20.566591	0.872253	4.603208	28.358209	0.133092	-1396.434819	
11.648000	20.498940	0.791292	4.608630	28.373959	0.246017	-1396.399689	
11.649000	20.439745	1.009886	4.612878	28.389861	0.257699	-1396.364714	
11.650000	20.452430	0.758908	4.615590	28.405721	0.199290	-1396.330042	
11.651000	20.503168	1.026079	4.616310	28.421440	0.292745	-1396.295773	
11.652000	20.439745	0.880349	4.614540	28.436967	0.238229	-1396.261957	
11.653000	20.443973	1.058463	4.610192	28.452313	0.253805	-1396.228587	
11.654000	20.363637	1.034175	4.603785	28.467644	0.284957	-1396.195592	
11.655000	20.460886	0.847965	4.596201	28.483084	0.265487	-1396.162848	
11.656000	20.541222	0.815580	4.588377	28.498528	0.210972	-1396.130202	
11.657000	20.414376	0.847965	4.581084	28.513876	0.218760	-1396.097481	
11.658000	20.418604	0.856061	4.574765	28.529284	0.129198	-1396.064526	
11.659000	20.562363	0.904637	4.569417	28.544995	0.238229	-1396.031216	
11.660000	20.477799	1.123232	4.564766	28.561027	0.277169	-1395.997475	
11.661000	20.570820	1.115135	4.560560	28.577188	0.191502	-1395.963281	
11.662000	20.532766	0.791292	4.556532	28.593276	0.012379	-1395.928677	
11.663000	20.651156	0.856061	4.552640	28.609191	0.051319	-1395.893780	
11.664000	20.507396	0.847965	4.549133	28.624888	0.191502	-1395.858747	
11.665000	20.439745	0.961310	4.546141	28.640379	0.230441	-1395.823751	
11.666000	20.317127	0.937022	4.543767	28.655834	0.136986	-1395.788958	
11.667000	20.482027	0.847965	4.542290	28.671380	0.300533	-1395.754502	
11.668000	20.477799	1.115135	4.541795	28.686916	0.296639	-1395.720469	
11.669000	20.465114	0.783196	4.542033	28.702345	0.109728	-1395.686897	
11.670000	20.283301	0.920829	4.542759	28.717829	0.156456	-1395.653771	
11.671000	20.443973	0.912733	4.544000	28.733623	0.238229	-1395.621008	
11.672000	20.410148	1.034175	4.546081	28.749754	0.230441	-1395.588467	
11.673000	20.486255	0.937022	4.549402	28.766027	0.292745	-1395.555979	
11.674000	20.372094	0.961310	4.554079	28.782236	0.152562	-1395.523370	
11.675000	20.562363	0.896541	4.559878	28.798277	0.249911	-1395.490493	
11.676000	20.465114	0.783196	4.566263	28.814100	0.160350	-1395.457240	
11.677000	20.498940	0.847965	4.572376	28.829709	0.222654	-1395.423553	
11.678000	20.304442	0.799388	4.577525	28.845263	0.070789	-1395.389433	
11.679000	20.520081	0.605082	4.581720	28.860884	0.117516	-1395.354953	
11.680000	20.460886	0.904637	4.585272	28.876465	0.179820	-1395.320249	
11.681000	20.549678	0.864157	4.588243	28.891904	0.066895	-1395.285487	
11.682000	20.359409	0.831773	4.590573	28.907363	0.027955	-1395.250846	
11.683000	20.583504	0.807484	4.592335	28.923101	0.156456	-1395.216489	
11.684000	20.494712	0.847965	4.593458	28.939149	0.199290	-1395.182534	
11.685000	20.515853	0.856061	4.593150	28.955319	0.257699	-1395.149053	
11.686000	20.477799	0.637467	4.590090	28.971411	0.113622	-1395.116070	
11.687000	20.532766	0.888445	4.583657	28.987329	0.191502	-1395.083553	
11.688000	20.405919	0.758908	4.574768	29.003031	0.183714	-1395.051395	
11.689000	20.410148	0.985598	4.565336	29.018526	0.207078	-1395.019437	
11.690000	20.283301	0.783196	4.557110	29.033979	0.265487	-1394.987495	
11.691000	20.482027	0.856061	4.550986	29.049512	0.288851	-1394.955394	
11.692000	20.541222	0.783196	4.547120	29.065017	0.300533	-1394.922994	
11.693000	20.422832	0.961310	4.545157	29.080396	0.242123	-1394.890201	
11.694000	20.304442	0.734620	4.544672	29.095811	0.179820	-1394.856970	
11.695000	20.532766	0.977502	4.545968	29.111518	0.316109	-1394.823310	
11.696000	20.465114	0.710331	4.549630	29.127538	0.296639	-1394.789297	
11.697000	20.443973	0.888445	4.555467	29.143675	0.308321	-1394.755072	
11.698000	20.532766	0.653659	4.562767	29.159722	0.172032	-1394.720810	
11.699000	20.562363	0.767004	4.570915	29.175580	0.039637	-1394.686696	
11.700000	20.583504	0.702235	4.579346	29.191209	0.113622	-1394.652889	0.000000
11.701000	20.355181	0.750812	4.587511	29.206616	0.164244	-1394.619499	
11.702000	20.329812	0.710331	4.595076	29.221962	0.175926	-1394.586586	
11.703000	20.439745	0.937022	4.601929	29.237372	0.027955	-1394.554161	
11.704000	20.524309	0.815580	4.607930	29.252740	0.242123	-1394.522167	
11.705000	20.477799	0.799388	4.612858	29.267967	0.179820	-1394.490477	
11.706000	20.334040	0.734620	4.616756	29.283220	0.129198	-1394.458926	
11.707000	20.570820	0.677947	4.619916	29.298760	0.101940	-1394.427335	
11.708000	20.448201	0.831773	4.622594	29.314617	0.218760	-1394.395533	
11.709000	20.308670	0.969406	4.625059	29.330600	0.261593	-1394.363390	
11.710000	20.448201	0.791292	4.627551	29.346505	0.222654	-1394.330826	
11.711000	20.549678	0.726523	4.630195	29.362233	0.292745	-1394.297816	
11.712000	20.545450	0.710331	4.633120	29.377737	0.218760	-1394.264391	
11.713000	20.473571	0.694139	4.636281	29.393022	0.133092	-1394.230647	
11.714000	20.300214	0.791292	4.639298	29.408248	0.238229	-1394.196731	
11.715000	20.503168	0.710331	4.641693	29.423536	0.152562	-1394.162822	
11.716000	20.477799	0.847965	4.643182	29.438779	0.230441	-1394.129100	
11.717000	20.507396	0.791292	4.643776	29.453879	0.199290	-1394.095709	
11.718000	20.334040	1.034175	4.643703	29.469000	0.144774	-1394.062738	
11.719000	20.655384	0.556506	4.643139	29.484408	0.246017	-1394.030226	
11.720000	20.427060	0.710331	4.641840	29.500136	0.351155	-1393.998157	
11.721000	20.486255	0.548410	4.639544	29.515992	0.230441	-1393.966452	
11.722000	20.469342	0.807484	4.636631	29.531775	0.094153	-1393.934982	
11.723000	20.570820	0.775100	4.633732	29.547392	0.144774	-1393.903585	
11.724000	20.435517	0.896541	4.631231	29.562803	0.269381	-1393.872090	
11.725000	20.401691	1.050367	4.629247	29.578017	0.148668	-1393.840335	
11.726000	20.291758	0.750812	4.627615	29.593193	0.078577	-1393.808203	
11.727000	20.401691	0.661755	4.626030	29.608453	0.207078	-1393.775624	
11.728000	20.448201	0.734620	4.624409	29.623693	0.390094	-1393.742589	
11.729000	20.528537	0.629370	4.622913	29.638813	0.261593	-1393.709154	
11.730000	20.325583	0.823676	4.621618	29.653977	0.175926	-1393.675436	
11.731000	20.549678	0.872253	4.620353	29.669442	0.199290	-1393.641593	
11.732000	20.435517	0.904637	4.618861	29.685235	0.358942	-1393.607797	
11.733000	20.448201	0.953214	4.617053	29.701156	0.183714	-1393.574209	
11.734000	20.511625	0.596986	4.615035	29.716999	0.195396	-1393.540953	
11.735000	20.511625	0.767004	4.612816	29.732663	0.320003	-1393.508108	
11.736000	20.591961	0.702235	4.610151	29.748105	0.234335	-1393.475698	
11.737000	20.511625	0.823676	4.606920	29.763329	0.269381	-1393.443685	
11.738000	20.431289	0.831773	4.603393	29.778493	0.207078	-1393.411972	
11.739000	20.439745	0.904637	4.600036	29.793719	0.117516	-1393.380420	
11.740000	20.486255	0.726523	4.597204	29.808903	0.210972	-1393.348867	
11.741000	20.435517	0.694139	4.594900	29.823951	0.277169	-1393.317145	
11.742000	20.384778	0.702235	4.592903	29.839033	0.207078	-1393.285109	
11.743000	20.583504	0.904637	4.591146	29.854418	0.257699	-1393.252661	
11.744000	20.482027	0.969406	4.589821	29.870144	0.257699	-1393.219750	
11.745000	20.439745	1.050367	4.589295	29.886022	0.382306	-1393.186385	
11.746000	20.460886	0.937022	4.589835	29.901848	0.191502	-1393.152645	
11.747000	20.477799	0.904637	4.591181	29.917527	0.113622	-1393.118672	
11.748000	20.494712	0.839869	4.592696	29.933014	0.242123	-1393.084635	
11.749000	20.414376	0.880349	4.593866	29.948311	0.234335	-1393.050701	
11.750000	20.274845	0.839869	4.594410	29.963570	0.273275	-1393.017014	
11.751000	20.427060	0.686043	4.594357	29.978910	0.210972	-1392.983684	
11.752000	20.486255	0.580794	4.594151	29.994224	0.257699	-1392.950777	
11.753000	20.515853	0.807484	4.594102	30.009410	0.234335	-1392.918306	
11.754000	20.338268	0.937022	4.593986	30.024631	0.082471	-1392.886217	
11.755000	20.587732	0.815580	4.593580	30.040148	0.113622	-1392.854395	
11.756000	20.473571	0.920829	4.593000	30.055988	0.226548	-1392.822686	
11.757000	20.486255	0.791292	4.592468	30.071954	0.175926	-1392.790918	
11.758000	20.401691	0.953214	4.592194	30.087841	0.070789	-1392.758936	
11.759000	20.617330	0.718427	4.592450	30.103556	0.140880	-1392.726621	
11.760000	20.469342	0.961310	4.593724	30.119058	0.121410	-1392.693903	
11.761000	20.469342	1.268961	4.596446	30.134352	0.261593	-1392.660753	
11.762000	20.249476	0.920829	4.600134	30.149593	0.351155	-1392.627200	
11.763000	20.448201	0.928926	4.603769	30.164902	0.234335	-1392.593342	
11.764000	20.401691	0.815580	4.606859	30.180170	0.339473	-1392.559330	
11.765000	20.469342	0.856061	4.609193	30.195300	0.222654	-1392.525331	
11.766000	20.304442	0.912733	4.610493	30.210454	0.098047	-1392.491510	
11.767000	20.634243	0.839869	4.610656	30.225893	0.222654	-1392.458002	
11.768000	20.498940	1.034175	4.609316	30.241646	0.413458	-1392.424897	
11.769000	20.439745	1.082751	4.605482	30.257518	0.273275	-1392.392235	
11.770000	20.507396	0.912733	4.598730	30.273302	0.121410	-1392.360007	
11.771000	20.549678	0.912733	4.590009	30.288900	0.027955	-1392.328141	
11.772000	20.507396	0.637467	4.580787	30.304272	0.214866	-1392.296505	
11.773000	20.524309	0.985598	4.572279	30.319417	0.210972	-1392.264933	
11.774000	20.405919	0.815580	4.565252	30.334485	0.094153	-1392.233254	
11.775000	20.545450	0.888445	4.560073	30.349590	0.070789	-1392.201325	
11.776000	20.503168	0.694139	4.556875	30.364627	0.226548	-1392.169046	
11.777000	20.427060	0.847965	4.555647	30.379503	0.210972	-1392.136357	
11.778000	20.334040	0.694139	4.556395	30.394387	0.098047	-1392.103250	
11.779000	20.575048	0.783196	4.559169	30.409542	0.284957	-1392.069778	
11.780000	20.494712	0.839869	4.563733	30.425001	0.246017	-1392.036058	
11.781000	20.422832	0.945118	4.569413	30.440572	0.281063	-1392.002247	
11.782000	20.507396	0.823676	4.575418	30.456056	0.016273	-1391.968522	
11.783000	20.456658	0.839869	4.581074	30.471361	0.160350	-1391.935050	
11.784000	20.456658	0.661755	4.585708	30.486451	0.226548	-1391.901956	
11.785000	20.405919	0.937022	4.588901	30.501327	0.246017	-1391.869307	
11.786000	20.355181	0.953214	4.590905	30.516130	0.156456	-1391.837122	
11.787000	20.397463	0.912733	4.592236	30.530965	0.140880	-1391.805362	
11.788000	20.558135	0.742716	4.593163	30.545718	0.386200	-1391.773930	
11.789000	20.469342	0.880349	4.593888	30.560290	0.117516	-1391.742682	
11.790000	20.312899	0.710331	4.594697	30.574844	0.066895	-1391.711448	
11.791000	20.566591	0.920829	4.595875	30.589643	0.144774	-1391.680059	
11.792000	20.477799	0.758908	4.597587	30.604715	0.281063	-1391.648375	
11.793000	20.511625	0.985598	4.600233	30.619864	0.335579	-1391.616304	
11.794000	20.401691	0.953214	4.604762	30.634882	-0.073288	-1391.583806	
11.795000	20.583504	0.775100	4.611621	30.649679	0.098047	-1391.550899	
11.796000	20.566591	0.945118	4.620023	30.664223	0.133092	-1391.517665	
11.797000	20.524309	0.904637	4.628694	30.678523	0.179820	-1391.484243	
11.798000	20.262160	0.904637	4.636459	30.692734	0.136986	-1391.450800	
11.799000	20.460886	0.815580	4.642350	30.706975	0.238229	-1391.417510	
11.800000	20.418604	0.953214	4.645851	30.721142	0.203184	-1391.384522	0.000000
11.801000	20.486255	0.904637	4.647111	30.735139	0.094153	-1391.351936	
11.802000	20.224106	0.912733	4.646510	30.749136	0.242123	-1391.319800	
11.803000	20.558135	0.961310	4.644087	30.763400	0.273275	-1391.288115	
11.804000	20.498940	0.847965	4.639868	30.777968	0.448504	-1391.256817	
11.805000	20.503168	0.969406	4.634416	30.792644	0.300533	-1391.225784	
11.806000	20.418604	0.847965	4.628671	30.807221	0.195396	-1391.194859	
11.807000	20.507396	0.880349	4.623470	30.821604	0.187608	-1391.163875	
11.808000	20.486255	0.807484	4.619312	30.835752	0.113622	-1391.132669	
11.809000	20.498940	0.767004	4.616330	30.849663	0.164244	-1391.101115	
11.810000	20.291758	0.823676	4.614580	30.863487	0.133092	-1391.069131	
11.811000	20.469342	0.937022	4.614440	30.877335	0.222654	-1391.036694	
11.812000	20.524309	0.726523	4.616294	30.891099	0.063001	-1391.003845	
11.813000	20.503168	0.823676	4.619876	30.904680	0.098047	-1390.970689	
11.814000	20.300214	0.775100	4.624323	30.918248	0.109728	-1390.937383	
11.815000	20.532766	0.912733	4.628704	30.932074	0.234335	-1390.904098	
11.816000	20.477799	0.775100	4.632309	30.946196	0.226548	-1390.871000	
11.817000	20.482027	1.042271	4.634659	30.960422	0.207078	-1390.838221	
11.818000	20.452430	0.807484	4.635348	30.974546	0.078577	-1390.805846	
11.819000	20.507396	0.928926	4.633814	30.988478	0.179820	-1390.773916	
11.820000	20.456658	0.726523	4.629766	31.002181	0.183714	-1390.742421	
11.821000	20.308670	1.107039	4.623683	31.015658	0.261593	-1390.711278	
11.822000	20.266388	0.888445	4.616500	31.029054	0.172032	-1390.680344	
11.823000	20.422832	0.896541	4.609146	31.042481	0.358942	-1390.649450	
11.824000	20.528537	0.783196	4.602337	31.055827	0.347261	-1390.618421	
11.825000	20.418604	0.896541	4.596757	31.068992	0.148668	-1390.587099	
11.826000	20.355181	0.775100	4.592824	31.082142	0.121410	-1390.555373	
11.827000	20.545450	0.831773	4.590197	31.095544	0.183714	-1390.523181	
11.828000	20.456658	0.872253	4.588594	31.109229	0.339473	-1390.490511	
11.829000	20.452430	1.131328	4.588318	31.123000	0.288851	-1390.457420	
11.830000	20.498940	0.807484	4.589482	31.136649	0.253805	-1390.424031	
11.831000	20.579276	0.847965	4.591704	31.150082	0.090259	-1390.390507	
11.832000	20.536994	0.823676	4.594486	31.163263	0.144774	-1390.357022	
11.833000	20.486255	0.896541	4.597431	31.176199	0.207078	-1390.323740	
11.834000	20.300214	0.823676	4.600286	31.189044	0.187608	-1390.290783	
11.835000	20.469342	0.742716	4.602822	31.201919	0.105834	-1390.258232	
11.836000	20.477799	0.953214	4.604676	31.214720	0.292745	-1390.226115	
11.837000	20.439745	0.839869	4.605545	31.227354	0.125304	-1390.194393	
11.838000	20.131086	0.888445	4.605531	31.239991	0.191502	-1390.162962	
11.839000	20.591961	0.856061	4.605086	31.252900	0.136986	-1390.131668	
11.840000	20.384778	0.872253	4.604714	31.266113	0.234335	-1390.100333	
11.841000	20.452430	1.017982	4.604734	31.279433	0.343367	-1390.068784	
11.842000	20.384778	0.880349	4.605225	31.292651	0.094153	-1390.036879	
11.843000	20.545450	0.920829	4.606056	31.305675	0.140880	-1390.004528	
11.844000	20.367865	1.155616	4.606898	31.318466	0.358942	-1389.971683	
11.845000	20.465114	1.001790	4.607443	31.331027	0.164244	-1389.938349	
11.846000	20.279073	0.880349	4.607685	31.343501	0.191502	-1389.904601	
11.847000	20.490484	0.783196	4.607712	31.355996	0.117516	-1389.870577	
11.848000	20.503168	0.831773	4.607427	31.368405	0.277169	-1389.836456	
11.849000	20.549678	0.831773	4.606783	31.380628	0.101940	-1389.802422	
11.850000	20.312899	0.872253	4.605846	31.392830	0.148668	-1389.768635	
11.851000	20.591961	0.880349	4.604408	31.405280	0.179820	-1389.735207	
11.852000	20.439745	0.880349	4.601961	31.418013	0.191502	-1389.702199	
11.853000	20.482027	1.050367	4.597890	31.430837	0.246017	-1389.669615	
11.854000	20.465114	0.775100	4.591764	31.443550	0.168138	-1389.637400	
11.855000	20.541222	0.823676	4.583924	31.456067	0.183714	-1389.605441	
11.856000	20.465114	0.710331	4.575504	31.468360	0.144774	-1389.573584	
11.857000	20.410148	1.050367	4.567721	31.480437	0.210972	-1389.541651	
11.858000	20.245247	0.856061	4.561412	31.492443	0.292745	-1389.509472	
11.859000	20.350953	0.969406	4.557067	31.504487	0.195396	-1389.476914	
11.860000	20.482027	0.734620	4.554968	31.516459	0.249911	-1389.443897	
11.861000	20.456658	0.758908	4.555292	31.528259	0.172032	-1389.410386	
11.862000	20.312899	0.710331	4.557984	31.540053	0.156456	-1389.376407	
11.863000	20.520081	0.839869	4.562621	31.552106	0.246017	-1389.342059	
11.864000	20.486255	0.807484	4.568499	31.564452	0.292745	-1389.307496	
11.865000	20.393235	1.042271	4.574850	31.576888	0.238229	-1389.272900	
11.866000	20.532766	0.807484	4.581145	31.589203	0.199290	-1389.238454	
11.867000	20.541222	0.831773	4.587186	31.601302	0.203184	-1389.204309	
11.868000	20.545450	0.677947	4.593145	31.613148	0.086365	-1389.170566	
11.869000	20.482027	0.807484	4.599766	31.624743	0.207078	-1389.137270	
11.870000	20.270617	0.839869	4.607878	31.636236	0.172032	-1389.104417	
11.871000	20.376322	0.864157	4.617309	31.647743	0.121410	-1389.071938	
11.872000	20.507396	0.880349	4.626979	31.659160	0.246017	-1389.039710	
11.873000	20.418604	0.823676	4.635880	31.670395	0.242123	-1389.007569	
11.874000	20.279073	0.912733	4.643292	31.681617	0.152562	-1388.975337	
11.875000	20.579276	0.734620	4.648668	31.693094	0.281063	-1388.942851	
11.876000	20.469342	0.888445	4.652134	31.704860	0.335579	-1388.909989	
11.877000	20.393235	0.839869	4.654622	31.716718	0.242123	-1388.876683	
11.878000	20.410148	0.864157	4.656729	31.728461	0.187608	-1388.842921	
11.879000	20.583504	0.888445	4.658242	31.739999	0.183714	-1388.808764	
11.880000	20.427060	0.985598	4.658805	31.751300	0.281063	-1388.774337	
11.881000	20.482027	0.888445	4.658090	31.762365	0.284957	-1388.739799	
11.882000	20.228334	0.864157	4.655796	31.773333	0.257699	-1388.705326	
11.883000	20.490484	0.718427	4.651813	31.784312	0.105834	-1388.671089	
11.884000	20.477799	0.653659	4.646112	31.795190	0.281063	-1388.637224	
11.885000	20.591961	0.702235	4.638855	31.805871	0.164244	-1388.603815	
11.886000	20.295986	0.775100	4.630627	31.816520	0.187608	-1388.570895	
11.887000	20.600417	0.767004	4.622179	31.827410	0.140880	-1388.538434	
11.888000	20.477799	0.799388	4.614131	31.838577	0.203184	-1388.506340	
11.889000	20.465114	0.856061	4.607103	31.849828	0.207078	-1388.474469	
11.890000	20.465114	0.726523	4.601684	31.860957	0.136986	-1388.442656	
11.891000	20.579276	0.750812	4.598223	31.871878	0.133092	-1388.410735	
11.892000	20.515853	0.637467	4.596711	31.882565	0.261593	-1388.378568	
11.893000	20.456658	0.961310	4.596827	31.893023	0.214866	-1388.346056	
11.894000	20.228334	0.953214	4.598239	31.903399	0.187608	-1388.313144	
11.895000	20.439745	0.888445	4.600711	31.913801	0.136986	-1388.279834	
11.896000	20.338268	0.807484	4.603929	31.924125	0.242123	-1388.246196	
11.897000	20.448201	0.726523	4.607434	31.934274	0.242123	-1388.212355	
11.898000	20.325583	0.661755	4.610692	31.944419	0.179820	-1388.178470	
11.899000	20.553907	0.847965	4.613242	31.954829	0.269381	-1388.144709	
11.900000	20.490484	0.734620	4.614736	31.965537	0.292745	-1388.111225	0.000000
11.901000	20.460886	0.977502	4.614866	31.976345	0.261593	-1388.078127	
11.902000	20.553907	0.775100	4.613525	31.987045	0.051319	-1388.045483	
11.903000	20.536994	0.864157	4.610938	31.997542	0.284957	-1388.013309	
11.904000	20.562363	0.686043	4.607484	32.007800	0.121410	-1387.981553	
11.905000	20.465114	0.961310	4.603718	32.017815	0.246017	-1387.950095	
11.906000	20.359409	0.758908	4.600314	32.027723	0.199290	-1387.918777	
11.907000	20.465114	0.896541	4.597661	32.037630	0.214866	-1387.887436	
11.908000	20.520081	0.799388	4.595661	32.047429	0.207078	-1387.855914	
11.909000	20.439745	0.864157	4.593959	32.057028	0.105834	-1387.824089	
11.910000	20.312899	0.961310	4.592420	32.066599	0.059107	-1387.791877	
11.911000	20.596189	1.034175	4.591435	32.076416	0.226548	-1387.759242	
11.912000	20.465114	1.090847	4.591706	32.086519	0.257699	-1387.726204	
11.913000	20.405919	0.985598	4.593543	32.096713	0.226548	-1387.692855	
11.914000	20.498940	0.864157	4.596459	32.106797	0.101940	-1387.659339	
11.915000	20.503168	0.953214	4.599735	32.116687	0.175926	-1387.625830	
11.916000	20.439745	0.928926	4.603098	32.126354	0.249911	-1387.592501	
11.917000	20.439745	1.050367	4.606471	32.135799	0.257699	-1387.559487	
11.918000	20.207193	0.896541	4.609586	32.145158	0.230441	-1387.526874	
11.919000	20.439745	0.791292	4.612132	32.154536	0.261593	-1387.494704	
11.920000	20.494712	0.742716	4.613739	32.163824	0.347261	-1387.462969	
11.921000	20.469342	0.758908	4.614031	32.172927	0.133092	-1387.431596	
11.922000	20.279073	0.839869	4.613031	32.182008	0.140880	-1387.400455	
11.923000	20.617330	0.839869	4.611254	32.191339	0.246017	-1387.369382	
11.924000	20.418604	1.058463	4.609511	32.200955	0.152562	-1387.338205	
11.925000	20.520081	0.872253	4.608457	32.210660	0.199290	-1387.306767	
11.926000	20.363637	0.661755	4.607945	32.220247	0.094153	-1387.274954	
11.927000	20.587732	0.758908	4.607210	32.229634	0.101940	-1387.242703	
11.928000	20.536994	0.912733	4.606048	32.238796	0.152562	-1387.210003	
11.929000	20.511625	0.872253	4.605110	32.247732	0.164244	-1387.176911	
11.930000	20.236791	0.953214	4.604860	32.256576	0.218760	-1387.143550	
11.931000	20.439745	0.945118	4.604994	32.265429	0.133092	-1387.110084	
11.932000	20.427060	0.767004	4.604982	32.274187	0.362836	-1387.076691	
11.933000	20.439745	0.823676	4.604763	32.282758	0.234335	-1387.043532	
11.934000	20.202965	0.694139	4.604733	32.291312	0.203184	-1387.010723	
11.935000	20.596189	0.937022	4.605080	32.300119	0.284957	-1386.978331	
11.936000	20.431289	0.969406	4.605043	32.309217	0.405670	-1386.946375	
11.937000	20.494712	1.131328	4.603146	32.318407	0.312215	-1386.914818	
11.938000	20.414376	0.734620	4.598729	32.327482	0.195396	-1386.883568	
11.939000	20.511625	0.904637	4.592566	32.336363	0.187608	-1386.852484	
11.940000	20.498940	0.710331	4.585858	32.345026	0.218760	-1386.821399	
11.941000	20.414376	0.872253	4.579509	32.353471	0.339473	-1386.790138	
11.942000	20.308670	0.783196	4.574235	32.361830	0.133092	-1386.758552	
11.943000	20.460886	0.783196	4.571126	32.370204	0.242123	-1386.726549	
11.944000	20.545450	0.977502	4.571607	32.378486	0.312215	-1386.694090	
11.945000	20.431289	0.920829	4.576211	32.386588	0.172032	-1386.661186	
11.946000	20.274845	0.831773	4.584029	32.394685	0.183714	-1386.627913	
11.947000	20.524309	0.856061	4.593457	32.403058	0.175926	-1386.594406	
11.948000	20.469342	0.767004	4.603053	32.411753	0.296639	-1386.560830	
11.949000	20.439745	1.034175	4.612044	32.420573	0.218760	-1386.527360	
11.950000	20.494712	0.880349	4.620003	32.429314	0.066895	-1386.494150	
11.951000	20.536994	0.969406	4.626218	32.437898	0.090259	-1386.461317	
11.952000	20.477799	0.661755	4.629726	32.446307	0.183714	-1386.428924	
11.953000	20.308670	1.034175	4.629835	32.454540	0.362836	-1386.396975	
11.954000	20.232563	0.953214	4.626744	32.462719	0.339473	-1386.365411	
11.955000	20.477799	0.775100	4.621522	32.470930	0.101940	-1386.334115	
11.956000	20.490484	0.823676	4.615429	32.479059	0.281063	-1386.302930	
11.957000	20.439745	0.750812	4.609325	32.487010	0.210972	-1386.271682	
11.958000	20.262160	0.985598	4.603492	32.494951	0.253805	-1386.240201	
11.959000	20.634243	0.742716	4.598010	32.503156	0.257699	-1386.208359	
11.960000	20.460886	0.969406	4.593181	32.511666	0.304427	-1386.176077	
11.961000	20.545450	1.001790	4.589651	32.520282	0.261593	-1386.143328	
11.962000	20.427060	0.823676	4.588190	32.528798	0.059107	-1386.110144	
11.963000	20.575048	0.669851	4.589097	32.537137	0.024061	-1386.076627	
11.964000	20.486255	0.710331	4.591903	32.545287	0.105834	-1386.042931	
11.965000	20.494712	0.969406	4.595794	32.553255	0.269381	-1386.009232	
11.966000	20.224106	0.856061	4.599980	32.561172	0.253805	-1385.975706	
11.967000	20.515853	0.920829	4.603790	32.569137	0.156456	-1385.942503	
11.968000	20.477799	0.864157	4.606967	32.577046	0.374518	-1385.909718	
11.969000	20.435517	0.969406	4.609447	32.584811	0.207078	-1385.877396	
11.970000	20.224106	0.864157	4.610695	32.592604	0.277169	-1385.845518	
11.971000	20.520081	0.815580	4.610305	32.600701	0.320003	-1385.813999	
11.972000	20.422832	0.896541	4.608835	32.609144	0.238229	-1385.782697	
11.973000	20.507396	1.123232	4.607174	32.617732	0.265487	-1385.751444	
11.974000	20.503168	0.823676	4.605809	32.626257	0.172032	-1385.720063	
11.975000	20.494712	0.775100	4.604919	32.634639	0.074683	-1385.688403	
11.976000	20.498940	0.847965	4.604615	32.642864	0.207078	-1385.656352	
11.977000	20.486255	0.993694	4.604983	32.650930	0.246017	-1385.623836	
11.978000	20.291758	0.621274	4.606183	32.658955	0.281063	-1385.590838	
11.979000	20.511625	0.758908	4.608423	32.667021	0.129198	-1385.557412	
11.980000	20.566591	0.783196	4.611602	32.675018	0.242123	-1385.523683	
11.981000	20.545450	0.864157	4.615159	32.682850	-0.010985	-1385.489821	
11.982000	20.312899	0.758908	4.618449	32.690677	0.144774	-1385.456007	
11.983000	20.536994	0.726523	4.621129	32.698767	0.199290	-1385.422414	
11.984000	20.456658	0.718427	4.623219	32.707162	0.269381	-1385.389175	
11.985000	20.418604	0.920829	4.624856	32.715667	0.284957	-1385.356366	
11.986000	20.490484	0.839869	4.625939	32.724077	0.152562	-1385.324018	
11.987000	20.494712	0.742716	4.626213	32.732318	0.121410	-1385.292108	
11.988000	20.439745	0.677947	4.625654	32.740379	0.121410	-1385.260544	
11.989000	20.435517	0.799388	4.624612	32.748262	0.292745	-1385.229180	
11.990000	20.186052	0.864157	4.623598	32.756077	0.253805	-1385.197839	
11.991000	20.393235	0.734620	4.623045	32.763903	0.133092	-1385.166345	
11.992000	20.524309	0.856061	4.623330	32.771627	0.386200	-1385.134551	
11.993000	20.452430	0.807484	4.624406	32.779151	0.214866	-1385.102352	
11.994000	20.334040	0.791292	4.625500	32.786632	0.210972	-1385.069693	
11.995000	20.587732	0.702235	4.626043	32.794337	0.269381	-1385.036578	
11.996000	20.494712	0.750812	4.626161	32.802309	0.343367	-1385.003082	
11.997000	20.469342	0.783196	4.626008	32.810351	0.242123	-1384.969345	
11.998000	20.456658	0.807484	4.625552	32.818258	0.113622	-1384.935541	
11.999000	20.591961	0.775100	4.624904	32.825958	0.113622	-1384.901856	
12.000000	20.515853	0.750812	4.624323	32.833441	0.210972	-1384.868454	0.000000
12.001000	20.503168	1.001790	4.624229	32.840704	0.249911	-1384.835450	
12.002000	20.202965	1.001790	4.625461	32.847849	0.113622	-1384.802911	
12.003000	20.486255	0.718427	4.628409	32.854950	0.090259	-1384.770855	
12.004000	20.469342	0.872253	4.631944	32.861899	0.370624	-1384.739238	
12.005000	20.511625	0.799388	4.634572	32.868607	0.238229	-1384.707946	
12.006000	20.190281	0.937022	4.635847	32.875248	0.175926	-1384.676814	
12.007000	20.613102	0.815580	4.635963	32.882103	0.183714	-1384.645657	
12.008000	20.473571	0.791292	4.635157	32.889225	0.265487	-1384.614298	
12.009000	20.431289	0.985598	4.633836	32.896421	0.265487	-1384.582598	
12.010000	20.465114	0.702235	4.632493	32.903488	0.281063	-1384.550473	
12.011000	20.562363	0.775100	4.631493	32.910359	0.031849	-1384.517890	
12.012000	20.460886	0.718427	4.631014	32.917027	0.234335	-1384.484872	
12.013000	20.443973	0.920829	4.630941	32.923488	0.203184	-1384.451506	
12.014000	20.253704	0.823676	4.630848	32.929835	0.214866	-1384.417935	
12.015000	20.498940	0.831773	4.630295	32.936131	0.175926	-1384.384338	
12.016000	20.549678	0.613178	4.629141	32.942259	0.304427	-1384.350899	
12.017000	20.532766	0.823676	4.627496	32.948127	0.273275	-1384.317770	
12.018000	20.304442	0.734620	4.625494	32.953893	0.175926	-1384.285053	
12.019000	20.630014	0.758908	4.623020	32.959830	0.160350	-1384.252800	
12.020000	20.482027	0.734620	4.619616	32.965988	0.242123	-1384.221010	
12.021000	20.435517	0.839869	4.614957	32.972176	0.179820	-1384.189610	
12.022000	20.536994	0.767004	4.609260	32.978193	0.129198	-1384.158468	
12.023000	20.498940	0.888445	4.603110	32.983975	0.144774	-1384.127423	
12.024000	20.545450	0.791292	4.597006	32.989522	0.222654	-1384.096298	
12.025000	20.397463	1.050367	4.591280	32.994837	0.277169	-1384.064928	
12.026000	20.211422	1.090847	4.586507	33.000032	0.265487	-1384.033191	
12.027000	20.376322	1.090847	4.583407	33.005184	0.164244	-1384.001018	
12.028000	20.397463	0.847965	4.582395	33.010188	0.323897	-1383.968398	
12.029000	20.486255	0.856061	4.583503	33.014953	0.144774	-1383.935377	
12.030000	20.321355	1.042271	4.586248	33.019638	0.160350	-1383.902063	
12.031000	20.587732	0.799388	4.589616	33.024514	0.214866	-1383.868611	
12.032000	20.452430	0.864157	4.592604	33.029628	0.343367	-1383.835200	
12.033000	20.439745	1.066559	4.594578	33.034790	0.117516	-1383.802002	
12.034000	20.443973	0.775100	4.595053	33.039796	0.082471	-1383.769157	
12.035000	20.490484	0.702235	4.593777	33.044585	0.101940	-1383.736750	
12.036000	20.549678	0.839869	4.590911	33.049160	0.175926	-1383.704818	
12.037000	20.465114	0.880349	4.586719	33.053520	0.261593	-1383.673332	
12.038000	20.291758	0.912733	4.581514	33.057765	0.164244	-1383.642203	
12.039000	20.494712	0.726523	4.575902	33.061966	0.109728	-1383.611294	
12.040000	20.456658	0.815580	4.570605	33.066014	0.183714	-1383.580444	
12.041000	20.482027	0.775100	4.566077	33.069823	0.020167	-1383.549480	
12.042000	20.241019	0.912733	4.562320	33.073555	0.187608	-1383.518249	
12.043000	20.579276	0.888445	4.559057	33.077485	0.195396	-1383.486641	
12.044000	20.372094	0.888445	4.556062	33.081666	0.246017	-1383.454596	
12.045000	20.486255	0.993694	4.553378	33.085908	0.234335	-1383.422112	
12.046000	20.397463	1.034175	4.551315	33.090010	0.160350	-1383.389257	
12.047000	20.562363	0.839869	4.550104	33.093912	0.125304	-1383.356164	
12.048000	20.465114	0.839869	4.549830	33.097612	0.230441	-1383.323000	
12.049000	20.469342	1.017982	4.550722	33.101115	0.327791	-1383.289937	
12.050000	20.198737	0.928926	4.552874	33.104532	0.238229	-1383.257129	
12.051000	20.469342	0.742716	4.555915	33.107948	0.172032	-1383.224691	
12.052000	20.532766	1.017982	4.559345	33.111253	0.253805	-1383.192697	
12.053000	20.507396	0.807484	4.562776	33.114355	0.230441	-1383.161162	
12.054000	20.295986	0.831773	4.565844	33.117416	0.156456	-1383.130042	
12.055000	20.638471	0.775100	4.568310	33.120711	0.214866	-1383.099231	
12.056000	20.494712	0.742716	4.570270	33.124292	0.191502	-1383.068579	
12.057000	20.490484	1.017982	4.571923	33.127968	0.242123	-1383.037913	
12.058000	20.435517	0.807484	4.573353	33.131538	0.214866	-1383.007069	
12.059000	20.575048	0.847965	4.574779	33.134941	0.098047	-1382.975919	
12.060000	20.553907	0.815580	4.576671	33.138181	0.125304	-1382.944384	
12.061000	20.410148	1.026079	4.579474	33.141258	0.238229	-1382.912427	
12.062000	20.228334	0.758908	4.583206	33.144272	0.281063	-1382.880068	
12.063000	20.232563	0.864157	4.587472	33.147288	0.164244	-1382.847395	
12.064000	20.486255	0.775100	4.591767	33.150197	0.249911	-1382.814553	
12.065000	20.410148	0.896541	4.595544	33.152910	0.261593	-1382.781706	
12.066000	20.283301	0.888445	4.598325	33.155584	0.300533	-1382.749021	
12.067000	20.570820	0.953214	4.599835	33.158486	0.296639	-1382.716636	
12.068000	20.520081	0.726523	4.600119	33.161660	0.296639	-1382.684645	
12.069000	20.410148	1.017982	4.599623	33.164913	0.214866	-1382.653096	
12.070000	20.486255	0.807484	4.598826	33.168046	0.207078	-1382.621991	
12.071000	20.477799	0.928926	4.597948	33.170999	0.051319	-1382.591266	
12.072000	20.558135	0.702235	4.597198	33.173771	0.183714	-1382.560800	
12.073000	20.490484	0.928926	4.597049	33.176359	0.226548	-1382.530433	
12.074000	20.312899	0.791292	4.598138	33.178863	0.129198	-1382.499991	
12.075000	20.532766	0.686043	4.600738	33.181355	0.109728	-1382.469325	
12.076000	20.490484	0.750812	4.604423	33.183728	0.304427	-1382.438323	
12.077000	20.524309	0.718427	4.608671	33.185897	0.199290	-1382.406916	
12.078000	20.262160	0.920829	4.613545	33.188019	0.140880	-1382.375079	
12.079000	20.617330	0.750812	4.619177	33.190363	0.160350	-1382.342852	
12.080000	20.486255	0.928926	4.625052	33.192976	0.343367	-1382.310342	
12.081000	20.477799	0.928926	4.630341	33.195668	0.199290	-1382.277700	
12.082000	20.427060	0.896541	4.634388	33.198242	0.144774	-1382.245098	
12.083000	20.596189	0.702235	4.636785	33.200648	0.183714	-1382.212706	
12.084000	20.363637	0.896541	4.637349	33.202896	0.175926	-1382.180653	
12.085000	20.393235	0.847965	4.636201	33.204991	0.249911	-1382.149015	
12.086000	20.181824	0.977502	4.634052	33.207026	0.257699	-1382.117814	
12.087000	20.524309	0.847965	4.632006	33.209067	0.059107	-1382.087025	
12.088000	20.414376	0.799388	4.630759	33.211001	0.331685	-1382.056560	
12.089000	20.507396	0.856061	4.630443	33.212737	0.191502	-1382.026280	
12.090000	20.262160	0.937022	4.630878	33.214419	0.269381	-1381.996017	
12.091000	20.638471	0.758908	4.631564	33.216310	0.117516	-1381.965604	
12.092000	20.456658	0.839869	4.632006	33.218454	0.156456	-1381.934897	
12.093000	20.503168	1.074655	4.632080	33.220659	0.265487	-1381.903797	
12.094000	20.520081	0.758908	4.632016	33.222726	0.121410	-1381.872253	
12.095000	20.541222	0.767004	4.632268	33.224601	0.024061	-1381.840275	
12.096000	20.536994	0.596986	4.633201	33.226295	0.230441	-1381.807940	
12.097000	20.507396	0.928926	4.634682	33.227807	0.238229	-1381.775383	
12.098000	20.249476	0.799388	4.636168	33.229213	0.183714	-1381.742771	
12.099000	20.422832	0.864157	4.637210	33.230561	0.105834	-1381.710285	
12.100000	20.482027	0.856061	4.637704	33.231739	0.214866	-1381.678085	0.000000
12.101000	20.465114	0.799388	4.637968	33.232660	0.347261	-1381.646278	
12.102000	20.384778	0.880349	4.638196	33.233476	0.199290	-1381.614922	
12.103000	20.452430	0.815580	4.637788	33.234455	0.253805	-1381.584020	
12.104000	20.545450	0.847965	4.636378	33.235652	0.273275	-1381.553518	
12.105000	20.469342	1.058463	4.634539	33.236879	0.312215	-1381.523302	
12.106000	20.465114	0.839869	4.632880	33.237939	0.269381	-1381.493219	
12.107000	20.456658	0.961310	4.631728	33.238783	0.109728	-1381.463098	
12.108000	20.503168	0.807484	4.631198	33.239424	0.136986	-1381.432773	
12.109000	20.460886	1.098943	4.631098	33.239854	0.277169	-1381.402104	
12.110000	20.355181	0.621274	4.631076	33.240134	0.203184	-1381.371005	
12.111000	20.515853	0.677947	4.630906	33.240298	0.125304	-1381.339445	
12.112000	20.575048	0.791292	4.630785	33.240234	0.207078	-1381.307452	
12.113000	20.494712	0.896541	4.631052	33.239857	0.031849	-1381.275123	
12.114000	20.253704	0.985598	4.631607	33.239320	0.207078	-1381.242604	
12.115000	20.583504	0.807484	4.631945	33.238892	0.222654	-1381.210069	
12.116000	20.486255	0.872253	4.631640	33.238634	0.203184	-1381.177692	
12.117000	20.498940	0.815580	4.630702	33.238363	0.175926	-1381.145618	
12.118000	20.431289	0.864157	4.629293	33.237890	0.121410	-1381.113943	
12.119000	20.553907	0.742716	4.627267	33.237174	0.199290	-1381.082720	
12.120000	20.460886	0.945118	4.624404	33.236238	0.261593	-1381.051945	
12.121000	20.418604	1.058463	4.620805	33.235085	0.417352	-1381.021540	
12.122000	20.156455	0.961310	4.616866	33.233791	0.331685	-1380.991368	
12.123000	20.507396	0.839869	4.613079	33.232402	0.207078	-1380.961263	
12.124000	20.473571	0.783196	4.609824	33.230805	0.331685	-1380.931048	
12.125000	20.524309	0.686043	4.607245	33.228915	0.164244	-1380.900562	
12.126000	20.190281	0.937022	4.605040	33.226879	0.144774	-1380.869683	
12.127000	20.651156	0.888445	4.602521	33.224964	0.183714	-1380.838340	
12.128000	20.342496	0.864157	4.599559	33.223231	0.296639	-1380.806518	
12.129000	20.469342	1.204192	4.596906	33.221493	0.234335	-1380.774271	
12.130000	20.498940	0.799388	4.595095	33.219557	0.109728	-1380.741717	
12.131000	20.655384	0.815580	4.593911	33.217385	-0.014879	-1380.709021	
12.132000	20.549678	0.710331	4.592927	33.215002	0.191502	-1380.676366	
12.133000	20.477799	0.985598	4.591811	33.212414	0.168138	-1380.643922	
12.134000	20.262160	0.856061	4.590274	33.209686	0.179820	-1380.611825	
12.135000	20.342496	0.856061	4.588085	33.206856	-0.057712	-1380.580164	
12.136000	20.507396	0.710331	4.584786	33.203814	0.148668	-1380.548977	
12.137000	20.452430	0.953214	4.579762	33.200473	0.117516	-1380.518240	
12.138000	20.287529	0.823676	4.573161	33.196977	0.288851	-1380.487857	
12.139000	20.570820	0.831773	4.566071	33.193592	0.207078	-1380.457679	
12.140000	20.435517	0.726523	4.559593	33.190386	0.347261	-1380.427530	
12.141000	20.418604	1.090847	4.554184	33.187182	0.327791	-1380.397230	
12.142000	20.507396	0.831773	4.549780	33.183790	0.179820	-1380.366631	
12.143000	20.503168	0.775100	4.546212	33.180171	0.175926	-1380.335627	
12.144000	20.545450	0.783196	4.543270	33.176347	0.175926	-1380.304166	
12.145000	20.393235	1.001790	4.540660	33.172316	0.304427	-1380.272240	
12.146000	20.291758	0.686043	4.538321	33.168136	0.133092	-1380.239915	
12.147000	20.486255	0.637467	4.536514	33.163841	0.109728	-1380.207326	
12.148000	20.579276	0.815580	4.535481	33.159318	0.265487	-1380.174647	
12.149000	20.507396	0.742716	4.535367	33.154480	0.246017	-1380.142063	
12.150000	20.325583	0.961310	4.536380	33.149467	0.207078	-1380.109736	
12.151000	20.528537	0.783196	4.538500	33.144542	0.323897	-1380.077781	
12.152000	20.473571	0.912733	4.541148	33.139766	0.246017	-1380.046264	
12.153000	20.536994	0.872253	4.543706	33.134965	0.168138	-1380.015199	
12.154000	20.486255	0.677947	4.545958	33.129955	0.136986	-1379.984542	
12.155000	20.562363	0.661755	4.547934	33.124705	0.063001	-1379.954190	
12.156000	20.465114	0.807484	4.549876	33.119250	0.210972	-1379.923995	
12.157000	20.448201	1.123232	4.552113	33.113598	0.152562	-1379.893782	
12.158000	20.207193	0.896541	4.554835	33.107811	0.281063	-1379.863378	
12.159000	20.422832	0.831773	4.558019	33.101922	0.051319	-1379.832646	
12.160000	20.397463	0.629370	4.561605	33.095821	0.405670	-1379.801498	
12.161000	20.536994	0.758908	4.565734	33.089422	0.257699	-1379.769891	
12.162000	20.312899	0.799388	4.570518	33.082862	0.300533	-1379.737836	
12.163000	20.630014	0.710331	4.575726	33.076396	0.168138	-1379.705417	
12.164000	20.422832	0.928926	4.580833	33.070085	0.351155	-1379.672778	
12.165000	20.477799	1.050367	4.585203	33.063749	0.210972	-1379.640096	
12.166000	20.469342	0.880349	4.588324	33.057199	0.257699	-1379.607549	
12.167000	20.600417	0.807484	4.590004	33.050402	0.016273	-1379.575294	
12.168000	20.515853	0.783196	4.590130	33.043390	0.249911	-1379.543434	
12.169000	20.507396	0.839869	4.588337	33.036171	0.179820	-1379.512024	
12.170000	20.295986	0.686043	4.584594	33.028819	0.218760	-1379.481065	
12.171000	20.490484	0.791292	4.579740	33.021383	0.063001	-1379.450501	
12.172000	20.503168	0.783196	4.574885	33.013763	0.273275	-1379.420219	
12.173000	20.448201	0.904637	4.570846	33.005880	0.175926	-1379.390063	
12.174000	20.245247	0.823676	4.568135	32.997882	0.308321	-1379.359854	
12.175000	20.549678	0.872253	4.566950	32.990037	0.148668	-1379.329424	
12.176000	20.507396	0.783196	4.567391	32.982413	0.136986	-1379.298641	
12.177000	20.376322	1.074655	4.570189	32.974834	0.218760	-1379.267428	
12.178000	20.448201	0.953214	4.576430	32.967114	0.246017	-1379.235759	
12.179000	20.545450	0.985598	4.585985	32.959221	0.066895	-1379.203680	
12.180000	20.511625	0.799388	4.597364	32.951181	0.218760	-1379.171300	
12.181000	20.401691	0.937022	4.608969	32.942986	0.296639	-1379.138767	
12.182000	20.283301	0.831773	4.619564	32.934681	0.187608	-1379.106247	
12.183000	20.439745	0.742716	4.628223	32.926286	0.156456	-1379.073913	
12.184000	20.579276	0.661755	4.634312	32.917685	0.187608	-1379.041906	
12.185000	20.515853	0.775100	4.637570	32.908793	0.121410	-1379.010317	
12.186000	20.367865	0.904637	4.638034	32.899748	0.203184	-1378.979184	
12.187000	20.600417	0.702235	4.635867	32.890807	0.183714	-1378.948490	
12.188000	20.503168	0.726523	4.631552	32.882039	0.253805	-1378.918149	
12.189000	20.460886	0.823676	4.626035	32.873268	0.175926	-1378.888022	
12.190000	20.465114	0.726523	4.620295	32.864313	0.105834	-1378.857944	
12.191000	20.613102	0.677947	4.614918	32.855153	0.082471	-1378.827746	
12.192000	20.520081	0.718427	4.610353	32.845832	0.214866	-1378.797279	
12.193000	20.566591	1.066559	4.607187	32.836356	0.175926	-1378.766435	
12.194000	20.329812	1.082751	4.605702	32.826770	0.214866	-1378.735153	
12.195000	20.460886	0.694139	4.605453	32.817093	0.035743	-1378.703432	
12.196000	20.405919	0.937022	4.605816	32.807216	0.312215	-1378.671335	
12.197000	20.460886	0.613178	4.606523	32.797057	0.098047	-1378.638986	
12.198000	20.291758	0.823676	4.607349	32.786750	0.281063	-1378.606538	
12.199000	20.663840	0.831773	4.607983	32.776554	0.214866	-1378.574157	
12.200000	20.427060	0.856061	4.608294	32.766535	0.362836	-1378.542001	0.000000
12.201000	20.486255	1.090847	4.608319	32.756519	0.440716	-1378.510187	
12.202000	20.410148	1.155616	4.607958	32.746324	0.156456	-1378.478785	
12.203000	20.587732	0.831773	4.606996	32.735929	0.090259	-1378.447819	
12.204000	20.528537	0.653659	4.605499	32.725377	0.117516	-1378.417251	
12.205000	20.613102	0.945118	4.603926	32.714668	0.320003	-1378.386976	
12.206000	20.363637	0.783196	4.602893	32.703842	0.230441	-1378.356847	
12.207000	20.541222	0.847965	4.602770	32.692916	0.098047	-1378.326697	
12.208000	20.507396	0.791292	4.603443	32.681785	0.257699	-1378.296367	
12.209000	20.503168	0.791292	4.604637	32.670374	0.144774	-1378.265726	
12.210000	20.304442	0.839869	4.606248	32.658820	0.152562	-1378.234679	
12.211000	20.604645	0.750812	4.608384	32.647382	0.199290	-1378.203178	
12.212000	20.486255	0.758908	4.611226	32.636128	0.218760	-1378.171229	
12.213000	20.380550	1.017982	4.614694	32.624891	0.308321	-1378.138905	
12.214000	20.511625	0.758908	4.618388	32.613497	0.226548	-1378.106340	
12.215000	20.503168	0.807484	4.621854	32.601929	0.121410	-1378.073704	
12.216000	20.503168	0.831773	4.624775	32.590237	0.261593	-1378.041171	
12.217000	20.397463	1.074655	4.626859	32.578421	0.323897	-1378.008886	
12.218000	20.257932	0.888445	4.627537	32.566515	0.164244	-1377.976944	
12.219000	20.401691	0.661755	4.626109	32.554527	0.148668	-1377.945401	
12.220000	20.553907	0.694139	4.622476	32.542346	0.288851	-1377.914262	
12.221000	20.494712	0.823676	4.617271	32.529887	0.238229	-1377.883465	
12.222000	20.350953	0.872253	4.611300	32.517280	0.136986	-1377.852888	
12.223000	20.638471	0.791292	4.605347	32.504778	0.164244	-1377.822375	
12.224000	20.503168	0.815580	4.600054	32.492451	0.214866	-1377.791759	
12.225000	20.507396	0.920829	4.595730	32.480130	0.366730	-1377.760886	
12.226000	20.452430	0.750812	4.592336	32.467638	0.218760	-1377.729636	
12.227000	20.541222	0.928926	4.589520	32.454962	-0.030454	-1377.697941	
12.228000	20.528537	1.042271	4.587124	32.442156	0.187608	-1377.665780	
12.229000	20.511625	0.928926	4.585603	32.429225	0.191502	-1377.633191	
12.230000	20.262160	1.050367	4.585423	32.416204	0.269381	-1377.600281	
12.231000	20.482027	0.807484	4.586463	32.403101	0.047425	-1377.567204	
12.232000	20.443973	0.912733	4.588244	32.389811	0.226548	-1377.534139	
12.233000	20.520081	0.629370	4.590315	32.376252	0.207078	-1377.501251	
12.234000	20.160683	0.904637	4.592462	32.362549	0.292745	-1377.468663	
12.235000	20.591961	0.945118	4.594701	32.348950	0.195396	-1377.436453	
12.236000	20.443973	0.872253	4.596830	32.335529	0.300533	-1377.404653	
12.237000	20.520081	1.090847	4.598332	32.322120	0.335579	-1377.373243	
12.238000	20.380550	0.686043	4.598871	32.308550	0.214866	-1377.342143	
12.239000	20.562363	0.823676	4.598479	32.294811	0.078577	-1377.311218	
12.240000	20.465114	0.807484	4.597398	32.280960	0.152562	-1377.280309	
12.241000	20.482027	0.961310	4.595773	32.267005	0.168138	-1377.249244	
12.242000	20.329812	0.758908	4.593553	32.252981	0.316109	-1377.217875	
12.243000	20.541222	0.847965	4.591221	32.238903	-0.042136	-1377.186101	
12.244000	20.575048	0.969406	4.590114	32.224662	0.312215	-1377.153875	
12.245000	20.494712	0.750812	4.591168	32.210181	0.070789	-1377.121200	
12.246000	20.334040	0.702235	4.594144	32.195592	0.183714	-1377.088146	
12.247000	20.587732	0.880349	4.598228	32.181150	0.234335	-1377.054839	
12.248000	20.465114	0.839869	4.602461	32.166931	0.281063	-1377.021443	
12.249000	20.439745	1.098943	4.606045	32.152767	0.327791	-1376.988132	
12.250000	20.486255	0.831773	4.608647	32.138485	0.175926	-1376.955063	
12.251000	20.528537	0.864157	4.610048	32.124079	0.129198	-1376.922355	
12.252000	20.507396	0.686043	4.609680	32.109613	0.269381	-1376.890076	
12.253000	20.308670	0.856061	4.607072	32.095094	0.179820	-1376.858239	
12.254000	20.321355	0.823676	4.602280	32.080549	0.292745	-1376.826798	
12.255000	20.325583	0.920829	4.595780	32.065973	0.125304	-1376.795649	
12.256000	20.490484	0.896541	4.588497	32.051254	0.269381	-1376.764647	
12.257000	20.414376	0.839869	4.581544	32.036310	0.281063	-1376.733619	
12.258000	20.338268	0.888445	4.575707	32.021260	0.261593	-1376.702394	
12.259000	20.655384	0.726523	4.571312	32.006349	0.199290	-1376.670830	
12.260000	20.456658	0.694139	4.568503	31.991651	0.347261	-1376.638844	
12.261000	20.482027	0.961310	4.567376	31.976996	0.331685	-1376.606401	
12.262000	20.528537	0.880349	4.567801	31.962210	0.152562	-1376.573529	
12.263000	20.604645	0.839869	4.569473	31.947282	0.094153	-1376.540323	
12.264000	20.520081	0.937022	4.572068	31.932269	0.152562	-1376.506929	
12.265000	20.498940	0.904637	4.575074	31.917173	0.210972	-1376.473521	
12.266000	20.350953	0.896541	4.577792	31.902005	0.234335	-1376.440272	
12.267000	20.545450	0.669851	4.579796	31.886755	0.074683	-1376.407339	
12.268000	20.494712	0.621274	4.581063	31.871314	0.277169	-1376.374831	
12.269000	20.473571	0.831773	4.582038	31.855608	0.351155	-1376.342802	
12.270000	20.181824	1.026079	4.583747	31.839766	0.308321	-1376.311247	
12.271000	20.553907	0.637467	4.586852	31.824041	0.335579	-1376.280089	
12.272000	20.380550	0.856061	4.591108	31.808515	0.284957	-1376.249194	
12.273000	20.490484	0.977502	4.596080	31.793022	0.242123	-1376.218394	
12.274000	20.473571	0.823676	4.601292	31.777389	0.207078	-1376.187509	
12.275000	20.630014	0.645563	4.606054	31.761603	0.109728	-1376.156381	
12.276000	20.473571	0.783196	4.609440	31.745723	0.261593	-1376.124892	
12.277000	20.477799	1.131328	4.610524	31.729756	0.261593	-1376.092968	
12.278000	20.338268	0.977502	4.609371	31.713736	0.312215	-1376.060589	
12.279000	20.507396	0.791292	4.607085	31.697673	0.070789	-1376.027803	
12.280000	20.541222	0.702235	4.604665	31.681461	0.218760	-1375.994727	
12.281000	20.579276	0.847965	4.602527	31.665021	0.207078	-1375.961519	
12.282000	20.389006	0.702235	4.600562	31.648480	0.238229	-1375.928356	
12.283000	20.587732	0.847965	4.598269	31.632098	0.222654	-1375.895414	
12.284000	20.427060	0.775100	4.595358	31.615959	0.238229	-1375.862834	
12.285000	20.363637	1.098943	4.592137	31.599901	0.218760	-1375.830703	
12.286000	20.507396	0.596986	4.589131	31.583754	0.098047	-1375.799062	
12.287000	20.570820	0.767004	4.586704	31.567511	0.183714	-1375.767894	
12.288000	20.545450	0.629370	4.585023	31.551238	0.168138	-1375.737118	
12.289000	20.431289	1.026079	4.584193	31.534940	0.144774	-1375.706591	
12.290000	20.338268	0.702235	4.584331	31.518626	0.281063	-1375.676138	
12.291000	20.372094	1.001790	4.585490	31.502280	0.133092	-1375.645588	
12.292000	20.524309	0.823676	4.587709	31.485790	0.366730	-1375.614791	
12.293000	20.376322	0.588890	4.591177	31.469077	0.238229	-1375.583633	
12.294000	20.384778	0.783196	4.596110	31.452258	0.218760	-1375.552046	
12.295000	20.524309	0.677947	4.602377	31.435583	0.242123	-1375.520021	
12.296000	20.490484	0.702235	4.609465	31.419127	0.335579	-1375.487624	
12.297000	20.460886	0.880349	4.616624	31.402724	0.226548	-1375.454983	
12.298000	20.528537	0.726523	4.622922	31.386201	0.136986	-1375.422272	
12.299000	20.630014	0.823676	4.627575	31.369555	0.082471	-1375.389676	
12.300000	20.553907	0.807484	4.630206	31.352849	0.214866	-1375.357366	0.000000
12.301000	20.469342	0.945118	4.630765	31.336092	0.269381	-1375.325462	
12.302000	20.342496	0.572698	4.629323	31.319307	0.191502	-1375.294032	
12.303000	20.482027	0.686043	4.626020	31.302492	0.055213	-1375.263102	
12.304000	20.494712	0.815580	4.621373	31.285545	0.140880	-1375.232637	
12.305000	20.520081	0.864157	4.616120	31.268391	0.183714	-1375.202531	
12.306000	20.257932	0.993694	4.610814	31.251156	0.214866	-1375.172626	
12.307000	20.596189	0.872253	4.605785	31.234100	0.183714	-1375.142736	
12.308000	20.410148	1.066559	4.601162	31.217305	0.172032	-1375.112679	
12.309000	20.439745	0.953214	4.597113	31.200611	0.257699	-1375.082306	
12.310000	20.359409	0.775100	4.594055	31.183847	0.183714	-1375.051516	
12.311000	20.575048	0.977502	4.592285	31.167014	0.125304	-1375.020263	
12.312000	20.520081	0.831773	4.591828	31.150178	0.214866	-1374.988557	
12.313000	20.477799	0.937022	4.592600	31.133343	0.386200	-1374.956474	
12.314000	20.266388	0.904637	4.594322	31.116527	0.281063	-1374.924154	
12.315000	20.460886	0.961310	4.596480	31.099721	0.016273	-1374.891773	
12.316000	20.503168	0.718427	4.598549	31.082814	0.265487	-1374.859516	
12.317000	20.520081	0.718427	4.600181	31.065725	0.117516	-1374.827537	
12.318000	20.274845	0.710331	4.601118	31.048567	0.168138	-1374.795939	
12.319000	20.668068	0.815580	4.601056	31.031587	0.152562	-1374.764777	
12.320000	20.507396	0.807484	4.599777	31.014867	0.210972	-1374.734053	
12.321000	20.405919	1.074655	4.597368	30.998251	0.265487	-1374.703706	
12.322000	20.460886	0.847965	4.594242	30.981575	0.222654	-1374.673614	
12.323000	20.541222	0.775100	4.590979	30.964840	0.059107	-1374.643619	
12.324000	20.528537	0.677947	4.588027	30.948117	0.168138	-1374.613546	
12.325000	20.443973	0.969406	4.585375	30.931410	0.222654	-1374.583225	
12.326000	20.295986	0.856061	4.582761	30.914725	0.168138	-1374.552525	
12.327000	20.389006	0.969406	4.580249	30.898046	0.113622	-1374.521371	
12.328000	20.418604	0.969406	4.578195	30.881263	0.183714	-1374.489742	
12.329000	20.372094	0.896541	4.576780	30.864298	0.199290	-1374.457676	
12.330000	20.384778	0.864157	4.575978	30.847263	0.230441	-1374.425269	
12.331000	20.541222	0.807484	4.575647	30.830394	0.242123	-1374.392664	
12.332000	20.490484	0.742716	4.575542	30.813765	0.133092	-1374.360030	
12.333000	20.452430	1.026079	4.575509	30.797215	0.249911	-1374.327537	
12.334000	20.494712	0.742716	4.575570	30.780576	0.105834	-1374.295324	
12.335000	20.558135	0.945118	4.575607	30.763854	0.144774	-1374.263488	
12.336000	20.536994	0.896541	4.574943	30.747120	0.281063	-1374.232079	
12.337000	20.431289	0.969406	4.572669	30.730384	0.210972	-1374.201084	
12.338000	20.427060	0.783196	4.568719	30.713655	0.292745	-1374.170423	
12.339000	20.465114	0.694139	4.564181	30.696915	0.000697	-1374.139967	
12.340000	20.524309	0.799388	4.560410	30.680057	0.312215	-1374.109556	
12.341000	20.498940	0.742716	4.558212	30.663011	0.121410	-1374.079020	
12.342000	20.295986	0.961310	4.557821	30.645903	0.222654	-1374.048209	
12.343000	20.621558	1.066559	4.559433	30.629000	0.187608	-1374.017008	
12.344000	20.350953	0.896541	4.563500	30.612398	0.242123	-1373.985356	
12.345000	20.443973	1.017982	4.570243	30.595943	0.292745	-1373.953240	
12.346000	20.397463	0.904637	4.579082	30.579470	0.230441	-1373.920716	
12.347000	20.532766	0.775100	4.588830	30.562987	0.059107	-1373.887905	
12.348000	20.486255	0.912733	4.598228	30.546571	0.277169	-1373.854966	
12.349000	20.520081	1.107039	4.606322	30.530223	0.335579	-1373.822073	
12.350000	20.291758	1.001790	4.612653	30.513936	0.265487	-1373.789389	
12.351000	20.418604	0.872253	4.617163	30.497680	0.098047	-1373.757039	
12.352000	20.418604	1.009886	4.619621	30.481345	0.242123	-1373.725105	
12.353000	20.524309	0.888445	4.619321	30.464853	0.265487	-1373.693612	
12.354000	20.334040	0.839869	4.616046	30.448312	0.238229	-1373.662521	
12.355000	20.663840	1.017982	4.610755	30.431961	0.331685	-1373.631732	
12.356000	20.511625	0.969406	4.604857	30.415884	0.230441	-1373.601102	
12.357000	20.541222	1.050367	4.599343	30.399929	0.300533	-1373.570470	
12.358000	20.427060	0.831773	4.594591	30.383932	0.070789	-1373.539671	
12.359000	20.528537	0.807484	4.590769	30.367910	0.031849	-1373.508574	
12.360000	20.507396	0.572698	4.588156	30.351946	0.136986	-1373.477088	
12.361000	20.498940	1.050367	4.587102	30.336051	0.222654	-1373.445167	
12.362000	20.355181	0.839869	4.587823	30.320227	0.175926	-1373.412816	
12.363000	20.482027	1.042271	4.590098	30.304454	0.098047	-1373.380115	
12.364000	20.520081	0.823676	4.593328	30.288628	0.347261	-1373.347209	
12.365000	20.397463	0.953214	4.596966	30.272672	0.195396	-1373.314268	
12.366000	20.257932	0.831773	4.600731	30.256689	0.335579	-1373.281462	
12.367000	20.520081	0.904637	4.604358	30.240905	0.246017	-1373.248933	
12.368000	20.494712	0.872253	4.607528	30.225397	0.242123	-1373.216779	
12.369000	20.346724	0.977502	4.610028	30.210008	0.203184	-1373.185052	
12.370000	20.498940	0.896541	4.611630	30.194573	0.199290	-1373.153755	
12.371000	20.494712	0.985598	4.612064	30.179109	0.094153	-1373.122833	
12.372000	20.528537	0.904637	4.611357	30.163703	0.273275	-1373.092173	
12.373000	20.443973	1.026079	4.609975	30.148360	0.390094	-1373.061622	
12.374000	20.401691	0.815580	4.608488	30.133054	0.144774	-1373.031007	
12.375000	20.494712	0.815580	4.607238	30.117740	0.117516	-1373.000175	
12.376000	20.638471	0.750812	4.606408	30.102308	0.257699	-1372.969009	
12.377000	20.435517	0.945118	4.606214	30.086682	0.121410	-1372.937439	
12.378000	20.410148	0.969406	4.606882	30.070961	0.191502	-1372.905442	
12.379000	20.630014	0.912733	4.608389	30.055371	0.059107	-1372.873052	
12.380000	20.473571	0.839869	4.610465	30.039999	0.261593	-1372.840375	
12.381000	20.456658	0.977502	4.612868	30.024695	0.148668	-1372.807564	
12.382000	20.431289	0.864157	4.615332	30.009305	0.133092	-1372.774791	
12.383000	20.608873	0.742716	4.617441	29.993858	0.000697	-1372.742226	
12.384000	20.477799	0.791292	4.618701	29.978452	0.195396	-1372.710002	
12.385000	20.482027	0.977502	4.618584	29.963094	0.331685	-1372.678201	
12.386000	20.397463	0.872253	4.616602	29.947756	0.300533	-1372.646858	
12.387000	20.456658	0.799388	4.612640	29.932385	0.043531	-1372.615963	
12.388000	20.494712	0.969406	4.607181	29.916868	0.304427	-1372.585444	
12.389000	20.469342	0.831773	4.601094	29.901127	0.277169	-1372.555166	
12.390000	20.350953	0.758908	4.595360	29.885255	0.253805	-1372.524959	
12.391000	20.684981	0.637467	4.590884	29.869476	0.168138	-1372.494646	
12.392000	20.460886	0.839869	4.588298	29.853877	0.168138	-1372.464079	
12.393000	20.536994	0.953214	4.587935	29.838312	0.175926	-1372.433155	
12.394000	20.486255	0.807484	4.590003	29.822626	0.148668	-1372.401818	
12.395000	20.600417	0.710331	4.594518	29.806851	0.055213	-1372.370067	
12.396000	20.460886	0.516025	4.601017	29.791089	0.210972	-1372.337966	
12.397000	20.536994	0.945118	4.608484	29.775351	0.160350	-1372.305637	
12.398000	20.342496	0.799388	4.615701	29.759604	0.164244	-1372.273238	
12.399000	20.524309	0.791292	4.621840	29.743794	0.059107	-1372.240948	
12.400000	20.486255	0.823676	4.626651	29.727817	0.277169	-1372.208932	0.000000
12.401000	20.515853	0.928926	4.630027	29.711605	0.304427	-1372.177310	
12.402000	20.300214	0.920829	4.631786	29.695264	0.226548	-1372.146146	
12.403000	20.549678	0.888445	4.631845	29.679038	0.249911	-1372.115452	
12.404000	20.389006	0.677947	4.630151	29.663026	0.323897	-1372.085185	
12.405000	20.482027	1.074655	4.626852	29.647084	0.308321	-1372.055237	
12.406000	20.503168	0.807484	4.622588	29.631056	0.308321	-1372.025460	
12.407000	20.583504	0.831773	4.618108	29.614971	0.105834	-1371.995684	
12.408000	20.549678	0.677947	4.613872	29.598931	0.246017	-1371.965745	
12.409000	20.456658	0.977502	4.610080	29.582942	0.195396	-1371.935502	
12.410000	20.359409	0.483641	4.606881	29.566970	0.308321	-1371.904862	
12.411000	20.532766	0.783196	4.604890	29.550958	0.136986	-1371.873784	
12.412000	20.575048	0.677947	4.605161	29.534795	0.284957	-1371.842286	
12.413000	20.579276	0.831773	4.608018	29.518406	0.133092	-1371.810451	
12.414000	20.456658	0.767004	4.612508	29.501885	0.113622	-1371.778415	
12.415000	20.545450	0.856061	4.617285	29.485470	0.277169	-1371.746347	
12.416000	20.482027	0.686043	4.621406	29.469261	0.199290	-1371.714425	
12.417000	20.427060	0.977502	4.624493	29.453117	0.249911	-1371.682801	
12.418000	20.494712	0.977502	4.626415	29.436889	0.156456	-1371.651579	
12.419000	20.515853	0.621274	4.626941	29.420611	0.125304	-1371.620817	
12.420000	20.587732	0.888445	4.625810	29.404390	0.234335	-1371.590521	
12.421000	20.494712	1.066559	4.622911	29.388238	0.343367	-1371.560633	
12.422000	20.363637	0.847965	4.618450	29.372115	0.168138	-1371.531031	
12.423000	20.397463	0.839869	4.613022	29.355958	0.055213	-1371.501563	
12.424000	20.520081	0.791292	4.607205	29.339660	0.230441	-1371.472060	
12.425000	20.410148	0.815580	4.601334	29.323143	0.253805	-1371.442355	
12.426000	20.317127	0.831773	4.595758	29.306493	0.238229	-1371.412313	
12.427000	20.613102	0.645563	4.590962	29.289937	0.323897	-1371.381849	
12.428000	20.482027	0.904637	4.587252	29.273575	0.175926	-1371.350936	
12.429000	20.515853	0.767004	4.584535	29.257266	0.273275	-1371.319610	
12.430000	20.448201	0.767004	4.582632	29.240863	0.160350	-1371.287978	
12.431000	20.617330	0.912733	4.581374	29.224405	0.035743	-1371.256195	
12.432000	20.545450	0.823676	4.580461	29.208004	0.156456	-1371.224435	
12.433000	20.465114	0.839869	4.579662	29.191665	0.203184	-1371.192865	
12.434000	20.355181	0.896541	4.579016	29.175343	0.117516	-1371.161621	
12.435000	20.524309	0.702235	4.578585	29.158973	0.063001	-1371.130797	
12.436000	20.562363	0.888445	4.578179	29.142449	0.199290	-1371.100442	
12.437000	20.528537	0.839869	4.577574	29.125702	0.160350	-1371.070547	
12.438000	20.253704	0.904637	4.576780	29.108819	0.265487	-1371.041031	
12.439000	20.566591	0.839869	4.576022	29.092028	0.257699	-1371.011753	
12.440000	20.389006	0.920829	4.575636	29.075426	0.382306	-1370.982539	
12.441000	20.418604	0.993694	4.575819	29.058875	0.331685	-1370.953211	
12.442000	20.427060	0.920829	4.576476	29.042228	0.269381	-1370.923609	
12.443000	20.646927	0.847965	4.577481	29.025524	0.090259	-1370.893621	
12.444000	20.460886	0.847965	4.578997	29.008877	0.335579	-1370.863188	
12.445000	20.397463	0.977502	4.581272	28.992290	0.370624	-1370.832296	
12.446000	20.363637	1.009886	4.584262	28.975712	0.230441	-1370.801002	
12.447000	20.452430	0.831773	4.587629	28.959068	0.024061	-1370.769432	
12.448000	20.549678	0.839869	4.590940	28.942246	0.405670	-1370.737754	
12.449000	20.558135	0.742716	4.593823	28.925172	0.152562	-1370.706146	
12.450000	20.422832	0.945118	4.596101	28.907928	0.136986	-1370.674771	
12.451000	20.646927	0.888445	4.597802	28.890738	0.152562	-1370.643756	
12.452000	20.384778	0.605082	4.599042	28.873706	0.191502	-1370.613180	
12.453000	20.435517	0.928926	4.599938	28.856700	0.203184	-1370.583073	
12.454000	20.439745	0.945118	4.600540	28.839582	0.098047	-1370.553402	
12.455000	20.520081	0.912733	4.600805	28.822403	-0.018773	-1370.524070	
12.456000	20.549678	0.839869	4.600762	28.805280	0.191502	-1370.494929	
12.457000	20.414376	1.212288	4.600558	28.788225	0.246017	-1370.465801	
12.458000	20.418604	0.807484	4.600193	28.771192	0.152562	-1370.436510	
12.459000	20.389006	0.888445	4.599448	28.754114	0.136986	-1370.406915	
12.460000	20.389006	0.928926	4.598359	28.736887	0.296639	-1370.376925	
12.461000	20.389006	0.734620	4.597569	28.719437	0.269381	-1370.346490	
12.462000	20.397463	0.928926	4.597893	28.701839	0.281063	-1370.315608	
12.463000	20.528537	0.702235	4.599559	28.684308	0.179820	-1370.284348	
12.464000	20.469342	0.831773	4.602085	28.666940	0.269381	-1370.252845	
12.465000	20.477799	0.912733	4.604727	28.649597	0.246017	-1370.221269	
12.466000	20.545450	0.807484	4.606996	28.632133	0.125304	-1370.189803	
12.467000	20.579276	0.767004	4.608795	28.614596	0.016273	-1370.158609	
12.468000	20.566591	0.839869	4.610171	28.597104	0.238229	-1370.127807	
12.469000	20.422832	0.969406	4.611019	28.579666	0.230441	-1370.097459	
12.470000	20.511625	0.896541	4.610859	28.562221	0.156456	-1370.067573	
12.471000	20.452430	0.694139	4.609296	28.544691	0.016273	-1370.038096	
12.472000	20.541222	0.815580	4.606665	28.526973	0.265487	-1370.008919	
12.473000	20.520081	0.726523	4.603711	28.508996	0.055213	-1369.979888	
12.474000	20.414376	0.969406	4.601019	28.490835	0.238229	-1369.950827	
12.475000	20.532766	0.767004	4.598924	28.472714	0.207078	-1369.921562	
12.476000	20.384778	0.937022	4.597612	28.454743	0.242123	-1369.891960	
12.477000	20.469342	0.945118	4.597028	28.436796	0.273275	-1369.861938	
12.478000	20.452430	0.977502	4.596583	28.418740	0.160350	-1369.831461	
12.479000	20.558135	0.904637	4.595462	28.400633	-0.007091	-1369.800560	
12.480000	20.579276	0.880349	4.593498	28.382612	0.210972	-1369.769330	
12.481000	20.465114	0.928926	4.591111	28.364687	0.327791	-1369.737916	
12.482000	20.363637	0.912733	4.588600	28.346782	0.296639	-1369.706490	
12.483000	20.443973	0.799388	4.586101	28.328798	0.031849	-1369.675227	
12.484000	20.473571	0.904637	4.583777	28.310621	0.358942	-1369.644278	
12.485000	20.524309	0.799388	4.581680	28.292179	0.218760	-1369.613737	
12.486000	20.389006	0.750812	4.579445	28.273533	0.183714	-1369.583647	
12.487000	20.655384	0.718427	4.576411	28.254893	0.304427	-1369.553997	
12.488000	20.503168	0.799388	4.572454	28.236359	0.168138	-1369.524713	
12.489000	20.520081	0.783196	4.568320	28.217805	0.230441	-1369.495667	
12.490000	20.435517	0.807484	4.565005	28.199101	0.059107	-1369.466699	
12.491000	20.583504	0.799388	4.563182	28.180313	-0.010985	-1369.437640	
12.492000	20.545450	0.847965	4.563091	28.161584	0.156456	-1369.408336	
12.493000	20.498940	0.864157	4.565040	28.142929	0.370624	-1369.378668	
12.494000	20.376322	0.856061	4.569622	28.124278	0.273275	-1369.348565	
12.495000	20.469342	0.783196	4.576968	28.105545	0.031849	-1369.318012	
12.496000	20.562363	0.710331	4.586462	28.086630	0.183714	-1369.287066	
12.497000	20.431289	0.928926	4.597098	28.067468	0.168138	-1369.255844	
12.498000	20.350953	0.904637	4.607684	28.048130	0.199290	-1369.224498	
12.499000	20.532766	0.896541	4.617168	28.028832	0.296639	-1369.193195	
12.500000	20.490484	0.856061	4.624895	28.009679	0.234335	-1369.162095	0.000000
12.501000	20.486255	0.904637	4.630542	27.990544	0.230441	-1369.131320	
12.502000	20.494712	0.613178	4.634151	27.971292	0.214866	-1369.100949	
12.503000	20.511625	0.896541	4.636077	27.951993	-0.077182	-1369.071018	
12.504000	20.545450	0.645563	4.636539	27.932791	0.156456	-1369.041502	
12.505000	20.460886	1.066559	4.635565	27.913696	0.210972	-1369.012309	
12.506000	20.477799	0.888445	4.633463	27.894629	0.308321	-1368.983291	
12.507000	20.473571	0.742716	4.630793	27.875495	0.090259	-1368.954286	
12.508000	20.536994	0.588890	4.627909	27.856189	0.047425	-1368.925129	
12.509000	20.456658	0.783196	4.624796	27.836647	0.168138	-1368.895683	
12.510000	20.490484	0.904637	4.621216	27.816940	0.199290	-1368.865851	
12.511000	20.528537	0.580794	4.617052	27.797289	0.265487	-1368.835583	
12.512000	20.473571	0.937022	4.612555	27.777812	0.207078	-1368.804886	
12.513000	20.414376	1.131328	4.608153	27.758386	0.230441	-1368.773834	
12.514000	20.456658	0.928926	4.604061	27.738882	0.133092	-1368.742555	
12.515000	20.566591	0.775100	4.600253	27.719376	0.031849	-1368.711213	
12.516000	20.469342	0.758908	4.596716	27.700019	0.078577	-1368.679980	
12.517000	20.469342	0.872253	4.593620	27.680826	0.335579	-1368.649003	
12.518000	20.443973	0.945118	4.591348	27.661723	0.214866	-1368.618386	
12.519000	20.405919	0.823676	4.590218	27.642615	0.125304	-1368.588190	
12.520000	20.498940	0.920829	4.589860	27.623396	0.339473	-1368.558427	
12.521000	20.465114	0.953214	4.589453	27.603996	0.055213	-1368.529039	
12.522000	20.376322	0.767004	4.588688	27.584472	0.160350	-1368.499908	
12.523000	20.613102	0.653659	4.587885	27.565036	0.140880	-1368.470875	
12.524000	20.465114	0.767004	4.587429	27.545796	0.335579	-1368.441772	
12.525000	20.545450	0.864157	4.587376	27.526630	0.249911	-1368.412439	
12.526000	20.443973	0.928926	4.587459	27.507407	0.140880	-1368.382756	
12.527000	20.541222	0.726523	4.587617	27.488204	-0.046030	-1368.352650	
12.528000	20.477799	0.823676	4.588451	27.469175	0.195396	-1368.322100	
12.529000	20.473571	0.945118	4.590590	27.450336	0.281063	-1368.291132	
12.530000	20.317127	0.686043	4.593896	27.431610	0.140880	-1368.259840	
12.531000	20.520081	0.734620	4.597659	27.412900	0.012379	-1368.228373	
12.532000	20.482027	0.880349	4.601213	27.394107	0.304427	-1368.196909	
12.533000	20.515853	0.823676	4.604375	27.375165	0.281063	-1368.165621	
12.534000	20.325583	0.961310	4.607316	27.356141	0.098047	-1368.134643	
12.535000	20.448201	0.904637	4.609966	27.337247	0.242123	-1368.104059	
12.536000	20.427060	0.904637	4.611742	27.318597	0.277169	-1368.073907	
12.537000	20.494712	1.026079	4.611942	27.300064	0.331685	-1368.044170	
12.538000	20.372094	0.677947	4.610391	27.281517	0.226548	-1368.014767	
12.539000	20.549678	0.872253	4.607549	27.263027	0.051319	-1367.985566	
12.540000	20.570820	0.864157	4.604027	27.244746	0.191502	-1367.956406	
12.541000	20.465114	1.042271	4.600126	27.226683	0.246017	-1367.927114	
12.542000	20.452430	0.896541	4.595851	27.208744	0.230441	-1367.897538	
12.543000	20.498940	0.815580	4.591662	27.190818	0.059107	-1367.867570	
12.544000	20.604645	0.799388	4.588765	27.172796	0.261593	-1367.837155	
12.545000	20.511625	0.742716	4.588057	27.154612	0.160350	-1367.806289	
12.546000	20.469342	0.783196	4.589438	27.136325	0.191502	-1367.775027	
12.547000	20.549678	0.920829	4.592200	27.118158	0.187608	-1367.743493	
12.548000	20.448201	0.839869	4.595416	27.100235	0.074683	-1367.711849	
12.549000	20.418604	1.058463	4.598436	27.082441	0.323897	-1367.680275	
12.550000	20.490484	0.831773	4.601258	27.064651	0.094153	-1367.648936	
12.551000	20.507396	0.888445	4.604001	27.046942	-0.014879	-1367.617954	
12.552000	20.545450	0.750812	4.606453	27.029464	0.284957	-1367.587400	
12.553000	20.380550	0.969406	4.608455	27.012230	0.288851	-1367.557290	
12.554000	20.431289	0.945118	4.609985	26.995155	0.351155	-1367.527589	
12.555000	20.456658	1.090847	4.611002	26.978133	0.008485	-1367.498203	
12.556000	20.536994	0.961310	4.611596	26.961057	0.323897	-1367.468991	
12.557000	20.439745	0.896541	4.611956	26.943856	0.246017	-1367.439783	
12.558000	20.414376	0.839869	4.612215	26.926585	0.261593	-1367.410402	
12.559000	20.549678	0.807484	4.612397	26.909452	0.249911	-1367.380698	
12.560000	20.536994	0.677947	4.612546	26.892568	0.199290	-1367.350576	
12.561000	20.566591	0.928926	4.612974	26.875810	0.214866	-1367.319995	
12.562000	20.507396	0.977502	4.614079	26.859047	0.218760	-1367.288968	
12.563000	20.646927	0.831773	4.615929	26.842358	0.074683	-1367.257581	
12.564000	20.520081	0.937022	4.618166	26.825898	0.175926	-1367.225974	
12.565000	20.439745	0.937022	4.620157	26.809684	0.160350	-1367.194319	
12.566000	20.435517	0.815580	4.621295	26.793634	0.172032	-1367.162791	
12.567000	20.528537	0.661755	4.621233	26.777646	-0.100546	-1367.131553	
12.568000	20.486255	0.953214	4.619854	26.761620	0.105834	-1367.100722	
12.569000	20.536994	0.872253	4.617346	26.745493	0.230441	-1367.070361	
12.570000	20.308670	1.098943	4.614230	26.729334	0.218760	-1367.040474	
12.571000	20.630014	0.831773	4.610930	26.713358	0.168138	-1367.010998	
12.572000	20.355181	0.839869	4.607684	26.697682	0.339473	-1366.981812	
12.573000	20.469342	0.847965	4.604813	26.682183	0.292745	-1366.952754	
12.574000	20.469342	0.880349	4.602524	26.666729	0.238229	-1366.923640	
12.575000	20.613102	0.856061	4.600804	26.651393	0.031849	-1366.894302	
12.576000	20.469342	0.856061	4.599699	26.636327	0.156456	-1366.864608	
12.577000	20.503168	0.961310	4.599510	26.621536	0.257699	-1366.834476	
12.578000	20.367865	1.050367	4.600673	26.606908	0.144774	-1366.803880	
12.579000	20.486255	0.847965	4.603243	26.592310	0.055213	-1366.772855	
12.580000	20.524309	0.742716	4.606781	26.577625	0.144774	-1366.741508	
12.581000	20.570820	0.775100	4.610715	26.562785	0.199290	-1366.709991	
12.582000	20.486255	0.726523	4.614361	26.547838	0.168138	-1366.678476	
12.583000	20.545450	0.799388	4.616944	26.532990	0.277169	-1366.647139	
12.584000	20.503168	0.758908	4.617954	26.518361	0.222654	-1366.616129	
12.585000	20.498940	1.026079	4.617256	26.503835	0.331685	-1366.585545	
12.586000	20.431289	0.661755	4.614784	26.489291	0.175926	-1366.555436	
12.587000	20.536994	0.807484	4.610647	26.474815	0.125304	-1366.525796	
12.588000	20.498940	0.872253	4.605437	26.460569	0.191502	-1366.496545	
12.589000	20.401691	1.066559	4.600065	26.446565	0.292745	-1366.467543	
12.590000	20.469342	0.799388	4.595381	26.432695	0.277169	-1366.438616	
12.591000	20.367865	0.864157	4.591883	26.418836	0.047425	-1366.409588	
12.592000	20.515853	0.799388	4.589833	26.404884	0.300533	-1366.380304	
12.593000	20.397463	0.969406	4.589518	26.390775	0.269381	-1366.350645	
12.594000	20.410148	0.847965	4.591190	26.376562	0.179820	-1366.320534	
12.595000	20.456658	0.669851	4.594889	26.362455	0.242123	-1366.289952	
12.596000	20.410148	0.758908	4.600298	26.348582	0.273275	-1366.258951	
12.597000	20.473571	0.937022	4.606709	26.334823	0.300533	-1366.227654	
12.598000	20.558135	0.815580	4.613258	26.321051	0.210972	-1366.196229	
12.599000	20.558135	0.839869	4.619226	26.307351	0.008485	-1366.164862	
12.600000	20.566591	0.718427	4.624212	26.293891	0.160350	-1366.133732	0.000000
12.601000	20.469342	0.912733	4.627954	26.280679	0.148668	-1366.102968	
12.602000	20.473571	0.750812	4.629938	26.267598	0.269381	-1366.072647	
12.603000	20.511625	0.677947	4.629478	26.254515	-0.007091	-1366.042799	
12.604000	20.545450	0.864157	4.626421	26.241323	0.191502	-1366.013402	
12.605000	20.587732	0.710331	4.621420	26.227959	0.172032	-1365.984358	
12.606000	20.439745	1.034175	4.615497	26.214475	0.296639	-1365.955519	
12.607000	20.473571	0.767004	4.609607	26.201077	0.249911	-1365.926704	
12.608000	20.405919	0.937022	4.604426	26.187890	0.218760	-1365.897734	
12.609000	20.448201	0.880349	4.600267	26.174802	0.284957	-1365.868458	
12.610000	20.427060	0.815580	4.597022	26.161691	0.191502	-1365.838768	
12.611000	20.651156	0.880349	4.594566	26.148649	0.086365	-1365.808608	
12.612000	20.528537	0.872253	4.593503	26.135845	0.249911	-1365.777979	
12.613000	20.575048	1.074655	4.594560	26.123289	0.382306	-1365.746953	
12.614000	20.363637	0.969406	4.597400	26.110869	0.304427	-1365.715662	
12.615000	20.482027	0.823676	4.600970	26.098455	0.066895	-1365.684278	
12.616000	20.494712	0.783196	4.604312	26.085938	0.242123	-1365.652988	
12.617000	20.532766	0.702235	4.606781	26.073252	0.164244	-1365.621952	
12.618000	20.452430	1.042271	4.607955	26.060447	0.175926	-1365.591282	
12.619000	20.587732	0.799388	4.607140	26.047728	0.148668	-1365.561040	
12.620000	20.443973	0.896541	4.603445	26.035218	0.129198	-1365.531243	
12.621000	20.427060	0.953214	4.596969	26.022803	0.261593	-1365.501841	
12.622000	20.452430	0.742716	4.588989	26.010369	0.183714	-1365.472722	
12.623000	20.528537	0.783196	4.580942	25.998013	-0.065500	-1365.443730	
12.624000	20.545450	0.783196	4.573922	25.985908	0.207078	-1365.414688	
12.625000	20.448201	1.001790	4.568728	25.974069	0.269381	-1365.385421	
12.626000	20.401691	0.872253	4.565933	25.962387	0.203184	-1365.355789	
12.627000	20.405919	0.920829	4.565472	25.950736	0.136986	-1365.325708	
12.628000	20.541222	0.969406	4.566290	25.939012	0.265487	-1365.295152	
12.629000	20.397463	0.807484	4.567158	25.927154	0.269381	-1365.264145	
12.630000	20.312899	0.783196	4.567706	25.915208	0.246017	-1365.232774	
12.631000	20.473571	0.872253	4.568152	25.903369	0.238229	-1365.201178	
12.632000	20.482027	0.847965	4.568507	25.891751	0.390094	-1365.169526	
12.633000	20.452430	1.009886	4.568437	25.880239	0.362836	-1365.137994	
12.634000	20.520081	0.847965	4.567582	25.868713	0.121410	-1365.106731	
12.635000	20.520081	0.847965	4.565682	25.857270	0.070789	-1365.075840	
12.636000	20.562363	0.702235	4.562415	25.846090	0.222654	-1365.045379	
12.637000	20.393235	0.985598	4.557650	25.835184	0.195396	-1365.015344	
12.638000	20.482027	0.823676	4.551910	25.824433	0.238229	-1364.985666	
12.639000	20.456658	0.839869	4.546172	25.813701	0.063001	-1364.956218	
12.640000	20.536994	0.807484	4.541433	25.802884	0.253805	-1364.926844	
12.641000	20.520081	0.775100	4.538525	25.791927	0.066895	-1364.897375	
12.642000	20.452430	1.017982	4.537900	25.780878	0.203184	-1364.867651	
12.643000	20.583504	0.799388	4.539291	25.769946	0.249911	-1364.837551	
12.644000	20.367865	0.920829	4.541798	25.759259	0.164244	-1364.807005	
12.645000	20.456658	0.912733	4.544818	25.748710	0.265487	-1364.775995	
12.646000	20.448201	0.847965	4.548471	25.738185	0.121410	-1364.744564	
12.647000	20.503168	0.726523	4.552875	25.727789	0.074683	-1364.712827	
12.648000	20.456658	0.888445	4.557681	25.717710	0.347261	-1364.680941	
12.649000	20.524309	0.953214	4.562437	25.707958	0.370624	-1364.649080	
12.650000	20.397463	0.937022	4.566957	25.698403	0.249911	-1364.617412	
12.651000	20.465114	0.775100	4.571097	25.688900	0.066895	-1364.586073	
12.652000	20.498940	0.767004	4.574516	25.679341	0.078577	-1364.555148	
12.653000	20.579276	0.694139	4.576626	25.669659	0.191502	-1364.524668	
12.654000	20.452430	0.904637	4.576749	25.659889	0.288851	-1364.494607	
12.655000	20.596189	0.588890	4.574825	25.650222	0.222654	-1364.464876	
12.656000	20.473571	0.872253	4.571634	25.640780	0.366730	-1364.435340	
12.657000	20.541222	0.872253	4.568095	25.631453	0.207078	-1364.405840	
12.658000	20.427060	0.669851	4.564786	25.622128	0.214866	-1364.376209	
12.659000	20.520081	0.775100	4.561987	25.612915	0.020167	-1364.346306	
12.660000	20.486255	0.734620	4.559926	25.604005	0.164244	-1364.316034	
12.661000	20.482027	0.726523	4.559084	25.595417	0.160350	-1364.285339	
12.662000	20.503168	0.767004	4.560086	25.587022	0.257699	-1364.254219	
12.663000	20.422832	0.961310	4.563080	25.578679	0.136986	-1364.222746	
12.664000	20.524309	0.742716	4.567491	25.570289	0.214866	-1364.191056	
12.665000	20.473571	0.807484	4.572467	25.561795	0.195396	-1364.159315	
12.666000	20.363637	0.807484	4.577490	25.553236	0.370624	-1364.127689	
12.667000	20.439745	0.847965	4.582366	25.544804	0.300533	-1364.096326	
12.668000	20.549678	0.783196	4.586788	25.536622	0.249911	-1364.065333	
12.669000	20.490484	0.856061	4.590488	25.528583	0.261593	-1364.034768	
12.670000	20.439745	0.799388	4.593396	25.520574	0.253805	-1364.004645	
12.671000	20.490484	0.767004	4.595382	25.512712	0.094153	-1363.974919	
12.672000	20.596189	0.491737	4.596453	25.505190	0.199290	-1363.945487	
12.673000	20.414376	0.872253	4.596992	25.498021	0.249911	-1363.916200	
12.674000	20.503168	0.831773	4.597491	25.491067	0.226548	-1363.886890	
12.675000	20.465114	0.847965	4.598215	25.484171	0.160350	-1363.857396	
12.676000	20.630014	0.767004	4.599135	25.477226	0.117516	-1363.827597	
12.677000	20.498940	0.767004	4.600347	25.470173	0.098047	-1363.797413	
12.678000	20.507396	0.734620	4.602275	25.463052	0.148668	-1363.766809	
12.679000	20.443973	0.896541	4.605086	25.456065	0.144774	-1363.735807	
12.680000	20.473571	0.791292	4.608431	25.449344	0.257699	-1363.704501	
12.681000	20.460886	0.896541	4.611778	25.442782	0.284957	-1363.673033	
12.682000	20.456658	0.718427	4.614690	25.436269	0.370624	-1363.641571	
12.683000	20.541222	0.702235	4.616927	25.429920	0.109728	-1363.610280	
12.684000	20.528537	0.839869	4.618320	25.423932	0.187608	-1363.579296	
12.685000	20.405919	0.847965	4.618616	25.418319	0.183714	-1363.548709	
12.686000	20.418604	0.880349	4.617490	25.412940	0.288851	-1363.518559	
12.687000	20.473571	0.637467	4.614830	25.407637	0.051319	-1363.488840	
12.688000	20.528537	0.872253	4.610972	25.402299	0.327791	-1363.459483	
12.689000	20.503168	0.750812	4.606570	25.396864	0.195396	-1363.430356	
12.690000	20.418604	0.896541	4.602399	25.391364	0.323897	-1363.401293	
12.691000	20.553907	0.726523	4.599078	25.385989	0.105834	-1363.372118	
12.692000	20.465114	0.726523	4.596939	25.380866	0.304427	-1363.342675	
12.693000	20.532766	0.556506	4.596186	25.375885	0.312215	-1363.312852	
12.694000	20.469342	0.791292	4.597125	25.370933	0.094153	-1363.282587	
12.695000	20.528537	0.839869	4.600130	25.366124	0.047425	-1363.251868	
12.696000	20.486255	0.750812	4.605079	25.361657	0.098047	-1363.220748	
12.697000	20.469342	0.928926	4.611134	25.357545	0.121410	-1363.189336	
12.698000	20.443973	0.847965	4.617262	25.353653	0.234335	-1363.157784	
12.699000	20.515853	0.734620	4.622559	25.349827	0.070789	-1363.126271	
12.700000	20.545450	0.775100	4.626256	25.345969	0.292745	-1363.094969	0.000000
12.701000	20.473571	0.823676	4.627884	25.342026	0.129198	-1363.064008	
12.702000	20.393235	0.823676	4.627442	25.338041	0.179820	-1363.033460	
12.703000	20.469342	0.904637	4.625206	25.334220	0.265487	-1363.003344	
12.704000	20.397463	0.823676	4.621592	25.330704	0.273275	-1362.973628	
12.705000	20.431289	0.872253	4.617179	25.327387	0.339473	-1362.944214	
12.706000	20.507396	0.734620	4.612631	25.324158	0.296639	-1362.914955	
12.707000	20.511625	0.864157	4.608442	25.321135	0.020167	-1362.885683	
12.708000	20.528537	0.702235	4.604690	25.318525	0.226548	-1362.856226	
12.709000	20.427060	0.977502	4.601204	25.316342	0.242123	-1362.826437	
12.710000	20.422832	0.831773	4.597808	25.314439	0.362836	-1362.796216	
12.711000	20.477799	0.532217	4.594327	25.312653	0.020167	-1362.765512	
12.712000	20.579276	0.734620	4.590892	25.310874	0.203184	-1362.734331	
12.713000	20.524309	0.920829	4.588005	25.309041	0.059107	-1362.702748	
12.714000	20.570820	0.791292	4.586010	25.307185	0.094153	-1362.670890	
12.715000	20.414376	0.750812	4.584880	25.305502	0.242123	-1362.638924	
12.716000	20.482027	0.750812	4.584593	25.304126	0.203184	-1362.607032	
12.717000	20.443973	0.937022	4.585225	25.302953	0.277169	-1362.575373	
12.718000	20.443973	0.872253	4.586482	25.301875	0.253805	-1362.544062	
12.719000	20.422832	1.001790	4.587627	25.301016	0.140880	-1362.513161	
12.720000	20.528537	0.823676	4.587786	25.300585	0.210972	-1362.482678	
12.721000	20.410148	0.912733	4.586202	25.300597	0.300533	-1362.452556	
12.722000	20.384778	0.896541	4.582912	25.300897	0.191502	-1362.422680	
12.723000	20.401691	0.872253	4.578869	25.301317	0.183714	-1362.392895	
12.724000	20.477799	0.888445	4.575085	25.301747	0.312215	-1362.363034	
12.725000	20.469342	0.912733	4.572277	25.302123	0.242123	-1362.332925	
12.726000	20.422832	0.993694	4.570901	25.302468	0.382306	-1362.302429	
12.727000	20.486255	0.872253	4.570660	25.302968	0.331685	-1362.271454	
12.728000	20.452430	0.823676	4.570509	25.303750	0.203184	-1362.239965	
12.729000	20.515853	0.839869	4.569945	25.304706	0.284957	-1362.207991	
12.730000	20.460886	0.750812	4.569425	25.305723	0.277169	-1362.175632	
12.731000	20.536994	0.847965	4.569333	25.306922	0.066895	-1362.143041	
12.732000	20.503168	1.042271	4.569611	25.308508	0.218760	-1362.110399	
12.733000	20.486255	0.961310	4.570018	25.310495	0.234335	-1362.077881	
12.734000	20.443973	0.904637	4.570384	25.312734	0.257699	-1362.045633	
12.735000	20.541222	0.896541	4.570731	25.315063	-0.026560	-1362.013761	
12.736000	20.482027	1.042271	4.570763	25.317380	0.218760	-1361.982326	
12.737000	20.570820	0.823676	4.569694	25.319627	0.101940	-1361.951329	
12.738000	20.405919	0.815580	4.567171	25.321831	0.226548	-1361.920696	
12.739000	20.384778	1.017982	4.563744	25.324186	0.288851	-1361.890292	
12.740000	20.414376	0.969406	4.560315	25.326829	0.320003	-1361.859949	
12.741000	20.422832	1.050367	4.557553	25.329657	0.253805	-1361.829488	
12.742000	20.418604	0.767004	4.555656	25.332560	0.261593	-1361.798748	
12.743000	20.541222	0.847965	4.554684	25.335664	0.113622	-1361.767608	
12.744000	20.545450	0.791292	4.554966	25.339180	0.355048	-1361.736000	
12.745000	20.418604	0.839869	4.556824	25.343122	0.390094	-1361.703904	
12.746000	20.486255	0.928926	4.560203	25.347331	0.203184	-1361.671367	
12.747000	20.418604	0.758908	4.564775	25.351634	-0.007091	-1361.638507	
12.748000	20.596189	0.750812	4.570063	25.355919	0.226548	-1361.605490	
12.749000	20.503168	0.750812	4.575502	25.360121	0.191502	-1361.572494	
12.750000	20.507396	0.864157	4.580554	25.364265	0.109728	-1361.539687	
12.751000	20.443973	0.791292	4.584776	25.368538	0.172032	-1361.507204	
12.752000	20.503168	0.831773	4.587825	25.373072	0.183714	-1361.475135	
12.753000	20.431289	1.009886	4.589450	25.377761	0.374518	-1361.443520	
12.754000	20.494712	0.920829	4.589589	25.382498	0.055213	-1361.412339	
12.755000	20.418604	0.856061	4.588531	25.387412	0.082471	-1361.381504	
12.756000	20.608873	0.783196	4.586901	25.392717	0.179820	-1361.350871	
12.757000	20.443973	0.856061	4.585444	25.398436	0.234335	-1361.320267	
12.758000	20.486255	0.945118	4.584650	25.404419	0.292745	-1361.289517	
12.759000	20.418604	0.839869	4.584310	25.410501	0.082471	-1361.258477	
12.760000	20.541222	0.985598	4.583836	25.416576	0.351155	-1361.227048	
12.761000	20.469342	1.034175	4.583100	25.422582	0.195396	-1361.195175	
12.762000	20.507396	1.123232	4.582409	25.428539	0.382306	-1361.162849	
12.763000	20.482027	0.880349	4.582020	25.434636	0.296639	-1361.130131	
12.764000	20.448201	0.896541	4.581960	25.441006	0.156456	-1361.097150	
12.765000	20.545450	0.823676	4.581998	25.447540	0.347261	-1361.064077	
12.766000	20.486255	0.839869	4.581820	25.454125	0.253805	-1361.031094	
12.767000	20.507396	0.758908	4.581162	25.460886	0.047425	-1360.998365	
12.768000	20.482027	0.928926	4.580242	25.468032	0.191502	-1360.966012	
12.769000	20.465114	0.896541	4.580105	25.475573	0.327791	-1360.934101	
12.770000	20.473571	1.001790	4.581405	25.483337	0.140880	-1360.902650	
12.771000	20.494712	0.677947	4.583478	25.491145	0.027955	-1360.871618	
12.772000	20.524309	0.758908	4.585452	25.498889	0.113622	-1360.840909	
12.773000	20.553907	0.767004	4.587082	25.506515	0.082471	-1360.810376	
12.774000	20.410148	1.042271	4.588536	25.514050	0.230441	-1360.779848	
12.775000	20.473571	0.888445	4.590175	25.521678	0.242123	-1360.749155	
12.776000	20.397463	0.880349	4.592286	25.529532	0.148668	-1360.718162	
12.777000	20.443973	0.945118	4.594694	25.537506	0.292745	-1360.686778	
12.778000	20.473571	0.767004	4.596511	25.545493	0.175926	-1360.654960	
12.779000	20.482027	0.831773	4.596845	25.553625	0.160350	-1360.622724	
12.780000	20.570820	0.791292	4.595756	25.562120	0.094153	-1360.590156	
12.781000	20.443973	0.977502	4.593767	25.570997	0.265487	-1360.557395	
12.782000	20.443973	0.969406	4.591104	25.580095	0.230441	-1360.524613	
12.783000	20.439745	0.920829	4.587883	25.589242	0.055213	-1360.491986	
12.784000	20.575048	0.807484	4.584292	25.598331	0.222654	-1360.459668	
12.785000	20.541222	0.702235	4.580636	25.607304	0.269381	-1360.427762	
12.786000	20.494712	0.710331	4.577741	25.616185	0.234335	-1360.396319	
12.787000	20.389006	0.775100	4.576652	25.625162	0.156456	-1360.365336	
12.788000	20.575048	0.677947	4.577611	25.634366	0.121410	-1360.334751	
12.789000	20.486255	0.856061	4.580130	25.643691	0.168138	-1360.304444	
12.790000	20.490484	0.677947	4.583740	25.653029	0.098047	-1360.274255	
12.791000	20.427060	0.783196	4.588129	25.662515	-0.003197	-1360.244012	
12.792000	20.608873	0.653659	4.593078	25.672372	0.230441	-1360.213551	
12.793000	20.456658	0.775100	4.598685	25.682617	0.273275	-1360.182744	
12.794000	20.541222	0.953214	4.605146	25.693089	0.230441	-1360.151512	
12.795000	20.452430	0.767004	4.612061	25.703615	0.008485	-1360.119833	
12.796000	20.558135	0.807484	4.618683	25.714090	0.136986	-1360.087756	
12.797000	20.342496	0.718427	4.624510	25.724460	0.207078	-1360.055389	
12.798000	20.372094	0.920829	4.629093	25.734749	0.249911	-1360.022881	
12.799000	20.372094	0.726523	4.631980	25.745143	0.207078	-1359.990400	
12.800000	20.482027	0.799388	4.632903	25.755772	0.296639	-1359.958110	0.000000
12.801000	20.503168	0.677947	4.631866	25.766526	0.358942	-1359.926144	
12.802000	20.524309	1.058463	4.629107	25.777295	0.218760	-1359.894586	
12.803000	20.528537	0.734620	4.624841	25.788218	0.105834	-1359.863473	
12.804000	20.532766	0.710331	4.619298	25.799519	0.203184	-1359.832787	
12.805000	20.503168	0.734620	4.612972	25.811218	0.261593	-1359.802441	
12.806000	20.422832	0.912733	4.606525	25.823146	0.288851	-1359.772295	
12.807000	20.532766	0.621274	4.600703	25.835121	0.043531	-1359.742182	
12.808000	20.524309	0.669851	4.596171	25.847037	0.238229	-1359.711938	
12.809000	20.524309	0.629370	4.593024	25.858839	0.074683	-1359.681420	
12.810000	20.439745	0.993694	4.590929	25.870550	0.199290	-1359.650523	
12.811000	20.503168	0.791292	4.589758	25.882355	0.226548	-1359.619191	
12.812000	20.405919	0.969406	4.589570	25.894387	0.288851	-1359.587422	
12.813000	20.520081	0.694139	4.590406	25.906539	0.242123	-1359.555285	
12.814000	20.393235	0.807484	4.592173	25.918708	0.105834	-1359.522906	
12.815000	20.452430	0.767004	4.594458	25.931035	0.125304	-1359.490446	
12.816000	20.482027	0.750812	4.596646	25.943750	0.175926	-1359.458080	
12.817000	20.414376	0.945118	4.598229	25.956869	0.257699	-1359.425964	
12.818000	20.431289	0.775100	4.599143	25.970223	0.261593	-1359.394216	
12.819000	20.389006	1.090847	4.599725	25.983627	0.172032	-1359.362903	
12.820000	20.486255	0.791292	4.600255	25.996975	0.269381	-1359.332044	
12.821000	20.460886	0.694139	4.600711	26.010209	0.183714	-1359.301591	
12.822000	20.482027	0.605082	4.601013	26.023341	0.148668	-1359.271429	
12.823000	20.435517	0.775100	4.601293	26.036553	0.133092	-1359.241400	
12.824000	20.515853	0.702235	4.601727	26.049977	0.203184	-1359.211336	
12.825000	20.456658	0.864157	4.602248	26.063510	0.121410	-1359.181074	
12.826000	20.507396	0.864157	4.602610	26.077050	0.148668	-1359.150484	
12.827000	20.431289	0.718427	4.602839	26.090746	0.195396	-1359.119481	
12.828000	20.520081	0.831773	4.603611	26.104838	0.121410	-1359.088029	
12.829000	20.448201	0.864157	4.605698	26.119349	0.323897	-1359.056147	
12.830000	20.473571	0.839869	4.609042	26.134102	0.168138	-1359.023920	
12.831000	20.452430	0.920829	4.612765	26.148907	0.156456	-1358.991495	
12.832000	20.553907	0.880349	4.615914	26.163661	0.203184	-1358.959049	
12.833000	20.393235	1.147520	4.617871	26.178316	0.273275	-1358.926756	
12.834000	20.410148	0.945118	4.618235	26.192892	0.242123	-1358.894756	
12.835000	20.262160	0.710331	4.616756	26.207574	0.230441	-1358.863138	
12.836000	20.482027	0.847965	4.613399	26.222497	0.234335	-1358.831945	
12.837000	20.469342	0.783196	4.608292	26.237554	0.265487	-1358.801169	
12.838000	20.469342	0.920829	4.601743	26.252638	0.148668	-1358.770738	
12.839000	20.397463	0.888445	4.594410	26.267896	0.160350	-1358.740527	
12.840000	20.528537	0.912733	4.587231	26.283570	0.261593	-1358.710374	
12.841000	20.431289	0.888445	4.580986	26.299682	0.277169	-1358.680106	
12.842000	20.418604	0.888445	4.575977	26.316049	0.269381	-1358.649562	
12.843000	20.536994	0.629370	4.572587	26.332475	0.008485	-1358.618626	
12.844000	20.520081	0.807484	4.571986	26.348851	0.218760	-1358.587232	
12.845000	20.625786	0.677947	4.574745	26.365122	0.230441	-1358.555368	
12.846000	20.427060	0.993694	4.579398	26.381302	0.222654	-1358.523079	
12.847000	20.363637	0.847965	4.584083	26.397567	0.253805	-1358.490481	
12.848000	20.414376	0.904637	4.588015	26.414054	0.136986	-1358.457741	
12.849000	20.520081	0.839869	4.590934	26.430660	0.257699	-1358.425040	
12.850000	20.448201	0.847965	4.592646	26.447282	0.199290	-1358.392550	
12.851000	20.414376	0.799388	4.593021	26.464073	0.055213	-1358.360403	
12.852000	20.503168	0.799388	4.591938	26.481278	0.242123	-1358.328678	
12.853000	20.418604	0.928926	4.589207	26.498919	0.222654	-1358.297408	
12.854000	20.367865	1.058463	4.584800	26.516816	0.370624	-1358.266572	
12.855000	20.511625	0.985598	4.579238	26.534773	0.148668	-1358.236090	
12.856000	20.482027	0.856061	4.573527	26.552685	0.125304	-1358.205826	
12.857000	20.515853	0.847965	4.568680	26.570497	0.222654	-1358.175613	
12.858000	20.439745	0.904637	4.565238	26.588216	0.335579	-1358.145270	
12.859000	20.363637	0.856061	4.563252	26.606014	0.273275	-1358.114644	
12.860000	20.465114	0.856061	4.562703	26.624018	0.140880	-1358.083632	
12.861000	20.515853	0.847965	4.563672	26.642121	0.335579	-1358.052185	
12.862000	20.469342	0.888445	4.566221	26.660218	0.218760	-1358.020312	
12.863000	20.427060	0.961310	4.570313	26.678461	0.027955	-1357.988087	
12.864000	20.596189	0.767004	4.575627	26.697089	0.210972	-1357.955644	
12.865000	20.439745	0.912733	4.581524	26.716125	0.316109	-1357.923149	
12.866000	20.482027	0.904637	4.587464	26.735386	0.191502	-1357.890780	
12.867000	20.443973	0.937022	4.593202	26.754679	0.105834	-1357.858703	
12.868000	20.587732	0.920829	4.598331	26.773903	0.269381	-1357.827045	
12.869000	20.469342	0.985598	4.602164	26.793008	0.051319	-1357.795882	
12.870000	20.439745	1.139424	4.604142	26.812007	0.218760	-1357.765229	
12.871000	20.308670	1.026079	4.604072	26.831074	0.218760	-1357.735035	
12.872000	20.503168	0.815580	4.602357	26.850337	0.253805	-1357.705190	
12.873000	20.376322	0.888445	4.599885	26.869692	0.269381	-1357.675539	
12.874000	20.494712	0.904637	4.597407	26.889038	0.179820	-1357.645901	
12.875000	20.410148	0.928926	4.595410	26.908528	0.140880	-1357.616102	
12.876000	20.600417	0.920829	4.594385	26.928406	0.222654	-1357.586004	
12.877000	20.367865	1.082751	4.594777	26.948694	0.292745	-1357.555514	
12.878000	20.452430	1.066559	4.596454	26.969207	0.312215	-1357.524594	
12.879000	20.473571	0.742716	4.598353	26.989743	0.059107	-1357.493261	
12.880000	20.613102	0.823676	4.599508	27.010197	0.222654	-1357.461612	
12.881000	20.541222	0.783196	4.599913	27.030510	0.105834	-1357.429797	
12.882000	20.490484	1.009886	4.599895	27.050689	0.222654	-1357.397990	
12.883000	20.410148	0.920829	4.599806	27.070899	0.226548	-1357.366374	
12.884000	20.460886	0.856061	4.600207	27.091271	0.187608	-1357.335105	
12.885000	20.494712	0.856061	4.601273	27.111700	0.273275	-1357.304293	
12.886000	20.393235	0.896541	4.602087	27.132090	0.121410	-1357.273988	
12.887000	20.384778	0.694139	4.601690	27.152596	0.129198	-1357.244187	
12.888000	20.570820	0.937022	4.600197	27.173468	0.164244	-1357.214817	
12.889000	20.477799	0.856061	4.598234	27.194730	0.257699	-1357.185744	
12.890000	20.427060	1.074655	4.596335	27.216197	0.296639	-1357.156799	
12.891000	20.427060	0.815580	4.594841	27.237671	0.133092	-1357.127804	
12.892000	20.376322	0.928926	4.593853	27.259050	0.183714	-1357.098598	
12.893000	20.536994	0.856061	4.593249	27.280284	0.136986	-1357.069056	
12.894000	20.389006	0.928926	4.592857	27.301374	0.136986	-1357.039096	
12.895000	20.359409	0.953214	4.592703	27.322484	0.284957	-1357.008688	
12.896000	20.384778	0.734620	4.592872	27.343734	0.183714	-1356.977878	
12.897000	20.515853	0.880349	4.593398	27.365017	0.257699	-1356.946785	
12.898000	20.503168	0.831773	4.594330	27.386229	0.164244	-1356.915572	
12.899000	20.376322	0.799388	4.595637	27.407526	0.066895	-1356.884424	
12.900000	20.558135	0.815580	4.597172	27.429160	0.148668	-1356.853515	0.000000
12.901000	20.507396	0.823676	4.598604	27.451155	0.222654	-1356.822981	
12.902000	20.490484	0.750812	4.599545	27.473326	0.210972	-1356.792907	
12.903000	20.528537	0.815580	4.599860	27.495477	-0.003197	-1356.763329	
12.904000	20.587732	0.775100	4.599545	27.517509	0.125304	-1356.734236	
12.905000	20.443973	0.920829	4.598741	27.539378	0.133092	-1356.705548	
12.906000	20.498940	0.920829	4.597902	27.561091	0.320003	-1356.677127	
12.907000	20.249476	0.880349	4.597445	27.582816	0.183714	-1356.648799	
12.908000	20.460886	0.791292	4.597305	27.604684	0.308321	-1356.620386	
12.909000	20.397463	0.953214	4.596985	27.626593	0.320003	-1356.591732	
12.910000	20.460886	0.726523	4.595846	27.648444	0.070789	-1356.562720	
12.911000	20.304442	1.074655	4.593528	27.670398	0.214866	-1356.533283	
12.912000	20.630014	0.969406	4.590422	27.692706	0.222654	-1356.503408	
12.913000	20.376322	0.791292	4.587373	27.715388	0.335579	-1356.473152	
12.914000	20.443973	0.937022	4.584833	27.738251	0.335579	-1356.442639	
12.915000	20.405919	0.767004	4.582746	27.761092	0.175926	-1356.412035	
12.916000	20.566591	0.896541	4.580940	27.783811	0.105834	-1356.381522	
12.917000	20.511625	0.799388	4.579390	27.806359	0.238229	-1356.351265	
12.918000	20.498940	0.993694	4.578071	27.828740	0.207078	-1356.321387	
12.919000	20.418604	1.009886	4.576508	27.851115	0.175926	-1356.291960	
12.920000	20.511625	1.082751	4.573967	27.873609	0.101940	-1356.263010	
12.921000	20.520081	0.629370	4.569994	27.896116	0.261593	-1356.234504	
12.922000	20.541222	0.928926	4.564746	27.918538	0.199290	-1356.206341	
12.923000	20.355181	0.767004	4.559097	27.941043	0.133092	-1356.178371	
12.924000	20.570820	0.896541	4.554126	27.963894	0.164244	-1356.150420	
12.925000	20.494712	0.758908	4.550592	27.987120	0.269381	-1356.122315	
12.926000	20.452430	0.888445	4.548938	28.010537	0.417352	-1356.093909	
12.927000	20.486255	0.815580	4.549501	28.033947	0.172032	-1356.065111	
12.928000	20.570820	0.896541	4.552569	28.057258	0.101940	-1356.035879	
12.929000	20.410148	0.702235	4.558072	28.080425	0.222654	-1356.006224	
12.930000	20.367865	1.147520	4.565409	28.103455	0.277169	-1355.976219	
12.931000	20.355181	0.847965	4.573682	28.126509	0.246017	-1355.945991	
12.932000	20.431289	0.864157	4.581977	28.149705	0.316109	-1355.915705	
12.933000	20.520081	0.807484	4.589562	28.172933	0.312215	-1355.885536	
12.934000	20.456658	0.831773	4.595901	28.196090	0.199290	-1355.855632	
12.935000	20.401691	1.034175	4.600689	28.219335	0.144774	-1355.826099	
12.936000	20.536994	0.605082	4.603735	28.242925	0.242123	-1355.796994	
12.937000	20.498940	0.645563	4.604612	28.266881	0.168138	-1355.768321	
12.938000	20.490484	0.977502	4.602944	28.291007	0.273275	-1355.740018	
12.939000	20.545450	0.839869	4.599089	28.315093	0.253805	-1355.711966	
12.940000	20.553907	0.856061	4.594004	28.339037	0.152562	-1355.684015	
12.941000	20.532766	0.734620	4.588631	28.362792	0.246017	-1355.655999	
12.942000	20.456658	0.864157	4.583606	28.386367	0.195396	-1355.627757	
12.943000	20.304442	0.815580	4.579198	28.409927	0.214866	-1355.599163	
12.944000	20.418604	0.742716	4.575259	28.433595	0.152562	-1355.570145	
12.945000	20.376322	0.847965	4.571330	28.457268	0.382306	-1355.540677	
12.946000	20.477799	0.783196	4.567357	28.480846	0.164244	-1355.510794	
12.947000	20.300214	0.839869	4.563917	28.504491	0.125304	-1355.480593	
12.948000	20.520081	0.783196	4.561488	28.528461	0.261593	-1355.450218	
12.949000	20.414376	0.880349	4.560103	28.552782	0.386200	-1355.419838	
12.950000	20.515853	0.888445	4.559509	28.577258	0.366730	-1355.389618	
12.951000	20.410148	0.904637	4.559275	28.601683	0.172032	-1355.359695	
12.952000	20.503168	0.823676	4.559262	28.625955	0.214866	-1355.330160	
12.953000	20.452430	0.856061	4.560104	28.650031	0.230441	-1355.301051	
12.954000	20.465114	0.945118	4.562451	28.673911	0.164244	-1355.272350	
12.955000	20.317127	0.499833	4.566212	28.697749	0.265487	-1355.243976	
12.956000	20.524309	0.694139	4.571037	28.721663	0.191502	-1355.215802	
12.957000	20.486255	0.686043	4.576695	28.745543	0.370624	-1355.187672	
12.958000	20.524309	0.839869	4.582925	28.769290	0.140880	-1355.159421	
12.959000	20.300214	0.864157	4.589377	28.793068	0.113622	-1355.130903	
12.960000	20.524309	0.839869	4.595974	28.817142	0.160350	-1355.102012	
12.961000	20.536994	0.864157	4.603105	28.841543	0.199290	-1355.072689	
12.962000	20.469342	0.775100	4.610986	28.866079	0.312215	-1355.042928	
12.963000	20.389006	0.596986	4.619287	28.890547	0.222654	-1355.012795	
12.964000	20.536994	0.807484	4.627339	28.914855	0.129198	-1354.982420	
12.965000	20.503168	0.775100	4.634315	28.938968	0.234335	-1354.951963	
12.966000	20.422832	0.912733	4.639523	28.962891	0.316109	-1354.921593	
12.967000	20.228334	0.856061	4.642677	28.986778	0.226548	-1354.891464	
12.968000	20.465114	0.864157	4.643943	29.010748	0.277169	-1354.861689	
12.969000	20.536994	0.791292	4.643781	29.034687	0.261593	-1354.832340	
12.970000	20.511625	0.475545	4.642476	29.058495	0.335579	-1354.803434	
12.971000	20.367865	0.653659	4.640045	29.082330	0.140880	-1354.774930	
12.972000	20.541222	0.839869	4.636602	29.106453	0.214866	-1354.746723	
12.973000	20.507396	0.856061	4.632474	29.130887	0.261593	-1354.718663	
12.974000	20.427060	0.969406	4.628126	29.155433	0.273275	-1354.690583	
12.975000	20.507396	0.831773	4.624015	29.179881	0.148668	-1354.662317	
12.976000	20.536994	0.734620	4.620363	29.204130	0.101940	-1354.633734	
12.977000	20.579276	0.937022	4.617441	29.228134	0.210972	-1354.604750	
12.978000	20.482027	0.872253	4.616044	29.251898	0.179820	-1354.575321	
12.979000	20.321355	0.920829	4.616922	29.275578	0.249911	-1354.545463	
12.980000	20.363637	0.920829	4.619949	29.299294	0.074683	-1354.515263	
12.981000	20.477799	0.872253	4.624280	29.322944	0.277169	-1354.484865	
12.982000	20.482027	0.872253	4.628876	29.346427	0.168138	-1354.454438	
12.983000	20.287529	0.823676	4.632693	29.369907	0.136986	-1354.424150	
12.984000	20.515853	0.791292	4.634842	29.393645	0.140880	-1354.394142	
12.985000	20.456658	0.799388	4.634983	29.417669	0.160350	-1354.364509	
12.986000	20.418604	0.912733	4.633501	29.441787	0.210972	-1354.335305	
12.987000	20.486255	0.937022	4.630934	29.465794	0.179820	-1354.306532	
12.988000	20.558135	0.945118	4.627572	29.489599	0.183714	-1354.278125	
12.989000	20.473571	0.856061	4.623770	29.513162	0.284957	-1354.249960	
12.990000	20.431289	0.775100	4.620046	29.536485	0.222654	-1354.221873	
12.991000	20.279073	0.831773	4.616838	29.559720	0.253805	-1354.193688	
12.992000	20.524309	0.621274	4.614407	29.582980	0.199290	-1354.165245	
12.993000	20.507396	0.831773	4.612894	29.606158	0.316109	-1354.136425	
12.994000	20.503168	0.694139	4.612324	29.629153	0.109728	-1354.107159	
12.995000	20.346724	0.920829	4.612765	29.652126	0.226548	-1354.077428	
12.996000	20.587732	0.767004	4.614461	29.675338	0.175926	-1354.047277	
12.997000	20.393235	0.702235	4.617361	29.698818	0.246017	-1354.016815	
12.998000	20.507396	0.912733	4.620846	29.722373	0.175926	-1353.986193	
12.999000	20.473571	0.767004	4.624143	29.745801	0.098047	-1353.955589	
13.000000	20.625786	0.953214	4.626681	29.769014	0.156456	-1353.925177	0.000000
13.001000	20.460886	0.880349	4.628175	29.791981	0.168138	-1353.895095	
13.002000	20.448201	1.026079	4.628130	29.814711	0.230441	-1353.865425	
13.003000	20.270617	1.017982	4.625504	29.837357	0.234335	-1353.836202	
13.004000	20.359409	0.953214	4.619782	29.860031	0.183714	-1353.807409	
13.005000	20.452430	0.629370	4.611783	29.882626	0.222654	-1353.778967	
13.006000	20.456658	0.847965	4.602914	29.905045	0.261593	-1353.750735	
13.007000	20.334040	0.847965	4.594243	29.927453	0.207078	-1353.722538	
13.008000	20.579276	0.920829	4.586213	29.950113	0.172032	-1353.694200	
13.009000	20.448201	0.920829	4.579087	29.973061	0.249911	-1353.665568	
13.010000	20.372094	1.171808	4.573643	29.996098	0.288851	-1353.636535	
13.011000	20.460886	0.920829	4.571057	30.019016	0.098047	-1353.607045	
13.012000	20.494712	0.864157	4.571861	30.041723	0.172032	-1353.577095	
13.013000	20.596189	0.734620	4.575538	30.064183	0.136986	-1353.546747	
13.014000	20.486255	0.904637	4.581164	30.086400	0.226548	-1353.516123	
13.015000	20.338268	0.718427	4.587772	30.108524	0.253805	-1353.485387	
13.016000	20.452430	0.945118	4.594460	30.130669	0.140880	-1353.454720	
13.017000	20.545450	0.823676	4.600504	30.152734	0.300533	-1353.424292	
13.018000	20.456658	0.985598	4.605314	30.174626	0.121410	-1353.394227	
13.019000	20.304442	0.831773	4.608610	30.196519	0.160350	-1353.364595	
13.020000	20.511625	0.896541	4.610372	30.218688	0.109728	-1353.335409	
13.021000	20.452430	0.872253	4.610433	30.241170	0.218760	-1353.306622	
13.022000	20.372094	0.945118	4.608684	30.263771	0.339473	-1353.278125	
13.023000	20.431289	0.896541	4.605536	30.286286	0.125304	-1353.249766	
13.024000	20.486255	0.904637	4.601661	30.308629	0.133092	-1353.221377	
13.025000	20.553907	0.969406	4.597597	30.330769	0.179820	-1353.192789	
13.026000	20.405919	1.042271	4.593753	30.352703	0.246017	-1353.163856	
13.027000	20.232563	0.928926	4.590565	30.374568	0.327791	-1353.134482	
13.028000	20.393235	0.904637	4.588525	30.396464	0.101940	-1353.104619	
13.029000	20.511625	0.783196	4.587734	30.418279	0.277169	-1353.074282	
13.030000	20.473571	0.694139	4.587733	30.439913	0.074683	-1353.043552	
13.031000	20.325583	0.920829	4.587989	30.461531	0.222654	-1353.012572	
13.032000	20.600417	0.791292	4.588072	30.483406	0.238229	-1352.981517	
13.033000	20.443973	0.961310	4.587643	30.505572	0.281063	-1352.950568	
13.034000	20.477799	0.880349	4.586613	30.527833	0.199290	-1352.919879	
13.035000	20.410148	0.580794	4.584969	30.549983	0.179820	-1352.889562	
13.036000	20.638471	0.799388	4.582294	30.571935	0.253805	-1352.859676	
13.037000	20.498940	0.831773	4.578064	30.593661	0.168138	-1352.830224	
13.038000	20.575048	0.920829	4.572440	30.615162	0.242123	-1352.801143	
13.039000	20.232563	1.026079	4.566255	30.636581	0.218760	-1352.772306	
13.040000	20.456658	0.872253	4.560448	30.658027	0.269381	-1352.743555	
13.041000	20.389006	0.888445	4.555643	30.679393	0.370624	-1352.714716	
13.042000	20.405919	0.864157	4.552161	30.700585	0.226548	-1352.685621	
13.043000	20.177596	0.904637	4.550297	30.721767	0.207078	-1352.656137	
13.044000	20.625786	0.880349	4.550277	30.743197	0.246017	-1352.626179	
13.045000	20.520081	0.969406	4.552174	30.764906	0.288851	-1352.595722	
13.046000	20.503168	1.026079	4.555962	30.786694	0.249911	-1352.564803	
13.047000	20.465114	0.856061	4.561301	30.808354	0.059107	-1352.533535	
13.048000	20.566591	0.896541	4.567456	30.829801	0.070789	-1352.502079	
13.049000	20.524309	0.710331	4.573598	30.851010	0.160350	-1352.470617	
13.050000	20.443973	0.977502	4.579178	30.871975	0.257699	-1352.439319	
13.051000	20.321355	0.823676	4.584004	30.892824	0.249911	-1352.408323	
13.052000	20.549678	0.945118	4.587935	30.913650	0.063001	-1352.377725	
13.053000	20.553907	0.742716	4.590690	30.934342	0.222654	-1352.347576	
13.054000	20.494712	0.896541	4.592007	30.954809	0.144774	-1352.317868	
13.055000	20.367865	0.896541	4.591910	30.975222	0.187608	-1352.288526	
13.056000	20.553907	0.880349	4.590864	30.995856	0.320003	-1352.259413	
13.057000	20.456658	0.677947	4.589572	31.016752	0.269381	-1352.230358	
13.058000	20.389006	1.001790	4.588491	31.037715	0.187608	-1352.201180	
13.059000	20.486255	0.823676	4.587689	31.058537	0.020167	-1352.171722	
13.060000	20.477799	1.017982	4.587095	31.079142	0.242123	-1352.141875	
13.061000	20.482027	0.823676	4.586664	31.099509	0.125304	-1352.111580	
13.062000	20.422832	0.977502	4.586424	31.119645	0.343367	-1352.080828	
13.063000	20.283301	0.775100	4.586454	31.139682	0.277169	-1352.049679	
13.064000	20.410148	0.831773	4.586792	31.159716	0.203184	-1352.018258	
13.065000	20.507396	0.799388	4.587430	31.179633	0.281063	-1351.986732	
13.066000	20.465114	0.839869	4.588314	31.199335	0.140880	-1351.955280	
13.067000	20.317127	0.856061	4.589241	31.218984	0.207078	-1351.924071	
13.068000	20.617330	0.823676	4.589913	31.238845	0.066895	-1351.893234	
13.069000	20.553907	0.580794	4.590126	31.258952	0.222654	-1351.862848	
13.070000	20.507396	0.977502	4.589830	31.279104	0.246017	-1351.832942	
13.071000	20.477799	0.945118	4.589153	31.299095	0.199290	-1351.803488	
13.072000	20.515853	0.718427	4.588340	31.318842	0.105834	-1351.774397	
13.073000	20.477799	0.791292	4.587704	31.338320	0.125304	-1351.745523	
13.074000	20.515853	0.742716	4.587483	31.357530	0.257699	-1351.716688	
13.075000	20.253704	0.864157	4.587757	31.376599	0.168138	-1351.687717	
13.076000	20.520081	0.726523	4.588733	31.395628	0.234335	-1351.658465	
13.077000	20.439745	0.686043	4.590872	31.414509	0.397882	-1351.628840	
13.078000	20.566591	0.734620	4.594935	31.433154	0.269381	-1351.598793	
13.079000	20.215650	0.953214	4.601634	31.451736	0.308321	-1351.568326	
13.080000	20.575048	0.734620	4.610689	31.470531	0.273275	-1351.537508	
13.081000	20.397463	0.807484	4.620766	31.489581	0.304427	-1351.506467	
13.082000	20.482027	0.985598	4.630451	31.508684	0.397882	-1351.475370	
13.083000	20.473571	0.767004	4.638988	31.527629	0.175926	-1351.444393	
13.084000	20.575048	0.758908	4.646125	31.546333	0.242123	-1351.413698	
13.085000	20.511625	0.856061	4.651606	31.564773	0.183714	-1351.383398	
13.086000	20.477799	0.945118	4.655057	31.582949	0.226548	-1351.353555	
13.087000	20.236791	0.758908	4.656145	31.600984	0.226548	-1351.324176	
13.088000	20.536994	0.807484	4.654862	31.618973	0.203184	-1351.295207	
13.089000	20.549678	0.702235	4.651759	31.636804	0.277169	-1351.266536	
13.090000	20.536994	0.629370	4.647679	31.654382	0.125304	-1351.238009	
13.091000	20.295986	0.677947	4.643330	31.671881	0.047425	-1351.209451	
13.092000	20.596189	0.710331	4.639315	31.689585	0.199290	-1351.180698	
13.093000	20.448201	0.807484	4.636231	31.707545	0.246017	-1351.151621	
13.094000	20.418604	1.050367	4.634554	31.725569	0.300533	-1351.122142	
13.095000	20.507396	0.880349	4.634711	31.743454	0.144774	-1351.092232	
13.096000	20.503168	0.920829	4.636888	31.761127	0.074683	-1351.061925	
13.097000	20.604645	0.710331	4.640564	31.778579	0.226548	-1351.031318	
13.098000	20.372094	0.896541	4.644643	31.795813	0.136986	-1351.000555	
13.099000	20.253704	0.718427	4.648094	31.812954	0.222654	-1350.969803	
13.100000	20.431289	0.847965	4.650253	31.830087	0.172032	-1350.939236	0.000000
13.101000	20.528537	0.847965	4.650690	31.847103	0.277169	-1350.908995	
13.102000	20.448201	0.815580	4.649316	31.863904	0.331685	-1350.879166	
13.103000	20.287529	0.888445	4.646437	31.880656	0.281063	-1350.849786	
13.104000	20.558135	0.767004	4.642455	31.897631	0.164244	-1350.820839	
13.105000	20.503168	0.872253	4.637715	31.914868	0.183714	-1350.792247	
13.106000	20.498940	0.839869	4.632569	31.932168	0.304427	-1350.763883	
13.107000	20.490484	0.807484	4.627479	31.949326	0.125304	-1350.735588	
13.108000	20.562363	0.872253	4.623083	31.966271	0.249911	-1350.707200	
13.109000	20.486255	1.009886	4.619958	31.982992	0.117516	-1350.678572	
13.110000	20.456658	1.001790	4.618019	31.999491	0.222654	-1350.649591	
13.111000	20.266388	0.791292	4.616658	32.015886	0.063001	-1350.620191	
13.112000	20.541222	0.726523	4.615545	32.032264	0.109728	-1350.590366	
13.113000	20.498940	0.896541	4.614692	32.048516	0.257699	-1350.560176	
13.114000	20.503168	0.710331	4.614025	32.064552	0.238229	-1350.529742	
13.115000	20.202965	0.969406	4.613240	32.080537	0.214866	-1350.499219	
13.116000	20.562363	0.815580	4.611944	32.096747	0.199290	-1350.468776	
13.117000	20.363637	0.977502	4.609901	32.113226	0.261593	-1350.438568	
13.118000	20.465114	0.856061	4.607066	32.129781	0.253805	-1350.408713	
13.119000	20.414376	0.710331	4.603202	32.146206	0.063001	-1350.379274	
13.120000	20.604645	0.856061	4.597659	32.162428	0.094153	-1350.350271	
13.121000	20.498940	0.823676	4.590123	32.178436	0.210972	-1350.321668	
13.122000	20.452430	0.953214	4.581272	32.194227	0.351155	-1350.293368	
13.123000	20.245247	1.017982	4.572326	32.209904	0.355048	-1350.265226	
13.124000	20.465114	0.864157	4.564344	32.225534	0.144774	-1350.237076	
13.125000	20.498940	0.807484	4.557917	32.241002	0.218760	-1350.208756	
13.126000	20.524309	0.742716	4.553337	32.256213	0.207078	-1350.180127	
13.127000	20.291758	0.815580	4.550847	32.271337	0.234335	-1350.151094	
13.128000	20.642699	0.799388	4.550702	32.286652	0.195396	-1350.121612	
13.129000	20.507396	0.758908	4.553047	32.302212	0.269381	-1350.091693	
13.130000	20.435517	1.026079	4.557626	32.317824	0.195396	-1350.061417	
13.131000	20.473571	0.880349	4.563701	32.333290	0.172032	-1350.030925	
13.132000	20.541222	0.928926	4.570342	32.348544	0.004591	-1350.000391	
13.133000	20.520081	0.694139	4.576790	32.363578	0.109728	-1349.969989	
13.134000	20.372094	1.017982	4.582572	32.378392	0.218760	-1349.939863	
13.135000	20.355181	0.856061	4.587575	32.393088	0.343367	-1349.910115	
13.136000	20.325583	0.920829	4.592283	32.407739	0.168138	-1349.880803	
13.137000	20.553907	0.928926	4.597289	32.422235	0.284957	-1349.851938	
13.138000	20.435517	0.969406	4.602410	32.436485	0.253805	-1349.823458	
13.139000	20.262160	1.026079	4.606996	32.450649	0.207078	-1349.795241	
13.140000	20.511625	0.856061	4.610726	32.464996	0.179820	-1349.767124	
13.141000	20.498940	0.831773	4.613639	32.479566	0.284957	-1349.738929	
13.142000	20.469342	1.082751	4.615864	32.494160	0.277169	-1349.710490	
13.143000	20.528537	0.807484	4.617496	32.508568	0.016273	-1349.681684	
13.144000	20.591961	0.977502	4.618222	32.522720	0.055213	-1349.652443	
13.145000	20.596189	1.042271	4.617226	32.536607	0.238229	-1349.622752	
13.146000	20.507396	1.082751	4.614172	32.550228	0.183714	-1349.592654	
13.147000	20.266388	0.823676	4.609664	32.563683	0.199290	-1349.562254	
13.148000	20.435517	0.710331	4.604396	32.577041	0.074683	-1349.531711	
13.149000	20.545450	0.856061	4.598862	32.590190	0.253805	-1349.501205	
13.150000	20.494712	0.783196	4.593554	32.603041	0.183714	-1349.470912	
13.151000	20.321355	0.945118	4.588612	32.615756	0.082471	-1349.440969	
13.152000	20.566591	1.155616	4.583618	32.628613	0.296639	-1349.411465	
13.153000	20.410148	0.993694	4.577961	32.641665	0.253805	-1349.382438	
13.154000	20.460886	1.066559	4.571476	32.654719	0.300533	-1349.353873	
13.155000	20.355181	0.888445	4.564707	32.667574	0.207078	-1349.325688	
13.156000	20.591961	0.815580	4.558508	32.680162	0.125304	-1349.297747	
13.157000	20.477799	0.847965	4.553595	32.692475	0.214866	-1349.269880	
13.158000	20.528537	1.034175	4.550352	32.704513	0.144774	-1349.241905	
13.159000	20.198737	0.920829	4.548947	32.716386	0.292745	-1349.213666	
13.160000	20.604645	0.888445	4.549742	32.728177	0.082471	-1349.185056	
13.161000	20.448201	0.880349	4.553176	32.739779	0.296639	-1349.156021	
13.162000	20.528537	0.726523	4.559162	32.751101	0.105834	-1349.126558	
13.163000	20.236791	1.050367	4.566989	32.762298	0.238229	-1349.096725	
13.164000	20.693438	0.767004	4.575645	32.773638	0.152562	-1349.066643	
13.165000	20.503168	0.823676	4.584081	32.785170	0.261593	-1349.036475	
13.166000	20.486255	1.001790	4.591534	32.796701	0.269381	-1349.006401	
13.167000	20.477799	0.864157	4.597627	32.808034	0.144774	-1348.976594	
13.168000	20.562363	0.726523	4.602111	32.819114	0.059107	-1348.947189	
13.169000	20.541222	0.742716	4.604648	32.829943	0.136986	-1348.918266	
13.170000	20.418604	1.042271	4.605346	32.840521	0.144774	-1348.889842	
13.171000	20.253704	0.815580	4.605237	32.850939	0.242123	-1348.861879	
13.172000	20.469342	0.864157	4.605372	32.861259	0.152562	-1348.834278	
13.173000	20.498940	0.767004	4.606108	32.871372	0.351155	-1348.806896	
13.174000	20.397463	0.969406	4.607478	32.881193	0.304427	-1348.779561	
13.175000	20.291758	0.767004	4.609486	32.890878	0.253805	-1348.752098	
13.176000	20.541222	0.864157	4.612106	32.900692	0.238229	-1348.724360	
13.177000	20.498940	0.613178	4.615274	32.910675	0.242123	-1348.696245	
13.178000	20.414376	1.017982	4.619041	32.920635	0.378412	-1348.667699	
13.179000	20.482027	0.912733	4.623506	32.930370	0.226548	-1348.638730	
13.180000	20.579276	0.758908	4.628422	32.939824	0.059107	-1348.609417	
13.181000	20.558135	0.726523	4.633170	32.949002	0.152562	-1348.579901	
13.182000	20.456658	0.945118	4.637131	32.957901	0.312215	-1348.550353	
13.183000	20.376322	0.807484	4.639941	32.966613	0.187608	-1348.520949	
13.184000	20.460886	0.702235	4.641475	32.975200	0.059107	-1348.491850	
13.185000	20.541222	0.880349	4.641674	32.983552	0.257699	-1348.463173	
13.186000	20.532766	0.767004	4.640717	32.991579	0.125304	-1348.434980	
13.187000	20.329812	0.872253	4.639224	32.999439	0.070789	-1348.407275	
13.188000	20.608873	0.524121	4.637684	33.007402	0.218760	-1348.379997	
13.189000	20.503168	0.775100	4.636127	33.015526	0.284957	-1348.353023	
13.190000	20.410148	0.969406	4.634535	33.023626	0.312215	-1348.326192	
13.191000	20.456658	0.823676	4.632932	33.031509	0.273275	-1348.299329	
13.192000	20.486255	0.791292	4.631352	33.039125	0.133092	-1348.272267	
13.193000	20.456658	0.807484	4.629930	33.046484	0.277169	-1348.244872	
13.194000	20.490484	1.001790	4.629056	33.053587	0.288851	-1348.217052	
13.195000	20.300214	0.823676	4.629427	33.060523	0.214866	-1348.188767	
13.196000	20.511625	0.742716	4.631411	33.067352	0.191502	-1348.160042	
13.197000	20.477799	0.864157	4.634527	33.073965	0.347261	-1348.130979	
13.198000	20.528537	0.718427	4.637820	33.080274	0.203184	-1348.101727	
13.199000	20.245247	0.799388	4.640475	33.086432	0.253805	-1348.072461	
13.200000	20.583504	0.767004	4.642110	33.092699	0.218760	-1348.043350	0.000000
13.201000	20.427060	0.896541	4.642686	33.099122	0.234335	-1348.014535	
13.202000	20.570820	0.920829	4.642315	33.105511	0.265487	-1347.986107	
13.203000	20.452430	1.001790	4.641111	33.111668	0.129198	-1347.958112	
13.204000	20.604645	0.775100	4.639105	33.117544	0.105834	-1347.930547	
13.205000	20.469342	0.726523	4.636315	33.123153	0.183714	-1347.903343	
13.206000	20.477799	0.896541	4.632894	33.128501	0.214866	-1347.876367	
13.207000	20.219878	0.847965	4.629176	33.133672	0.230441	-1347.849451	
13.208000	20.439745	1.001790	4.625488	33.138724	0.160350	-1347.822421	
13.209000	20.448201	0.767004	4.622212	33.143547	0.355048	-1347.795119	
13.210000	20.473571	0.856061	4.619941	33.148053	0.172032	-1347.767425	
13.211000	20.177596	0.847965	4.619102	33.152394	0.207078	-1347.739264	
13.212000	20.570820	0.864157	4.619603	33.156839	0.179820	-1347.710613	
13.213000	20.469342	0.613178	4.621111	33.161442	0.393988	-1347.681520	
13.214000	20.460886	1.042271	4.623193	33.166018	0.316109	-1347.652097	
13.215000	20.435517	0.823676	4.625239	33.170368	0.300533	-1347.622501	
13.216000	20.532766	0.839869	4.626715	33.174443	0.187608	-1347.592913	
13.217000	20.541222	0.791292	4.627232	33.178250	0.179820	-1347.563500	
13.218000	20.460886	0.872253	4.626443	33.181784	0.253805	-1347.534385	
13.219000	20.342496	0.702235	4.624218	33.185114	0.249911	-1347.505647	
13.220000	20.520081	0.856061	4.620572	33.188287	0.253805	-1347.477320	
13.221000	20.591961	0.734620	4.615550	33.191192	0.292745	-1347.449386	
13.222000	20.532766	0.945118	4.609501	33.193741	0.179820	-1347.421754	
13.223000	20.300214	0.880349	4.603116	33.196085	0.082471	-1347.394281	
13.224000	20.541222	0.953214	4.597111	33.198487	0.257699	-1347.366792	
13.225000	20.503168	0.718427	4.591926	33.201004	0.343367	-1347.339115	
13.226000	20.456658	0.953214	4.587669	33.203455	0.203184	-1347.311105	
13.227000	20.477799	0.580794	4.584327	33.205649	0.133092	-1347.282667	
13.228000	20.498940	1.244673	4.582113	33.207549	0.059107	-1347.253754	
13.229000	20.503168	0.880349	4.581500	33.209179	0.281063	-1347.224370	
13.230000	20.317127	0.880349	4.582681	33.210545	0.226548	-1347.194583	
13.231000	20.186052	0.969406	4.585184	33.211720	0.183714	-1347.164522	
13.232000	20.435517	0.775100	4.588140	33.212750	0.230441	-1347.134357	
13.233000	20.507396	0.799388	4.590709	33.213521	0.409564	-1347.104270	
13.234000	20.490484	0.767004	4.592363	33.213945	0.284957	-1347.074419	
13.235000	20.321355	0.993694	4.593044	33.214168	0.358942	-1347.044914	
13.236000	20.659612	0.888445	4.593099	33.214454	0.343367	-1347.015822	
13.237000	20.465114	0.847965	4.592874	33.214867	0.242123	-1346.987151	
13.238000	20.511625	1.017982	4.592404	33.215227	0.378412	-1346.958851	
13.239000	20.431289	0.856061	4.591679	33.215342	0.230441	-1346.930808	
13.240000	20.655384	0.750812	4.590914	33.215174	0.020167	-1346.902874	
13.241000	20.507396	0.726523	4.590284	33.214747	0.101940	-1346.874880	
13.242000	20.528537	0.864157	4.589723	33.214067	0.277169	-1346.846661	
13.243000	20.300214	0.920829	4.589231	33.213205	0.214866	-1346.818089	
13.244000	20.482027	0.896541	4.588955	33.212208	-0.073288	-1346.789091	
13.245000	20.435517	1.009886	4.589201	33.210972	0.327791	-1346.759642	
13.246000	20.498940	0.758908	4.590595	33.209413	0.160350	-1346.729771	
13.247000	20.215650	0.977502	4.593459	33.207677	0.308321	-1346.699567	
13.248000	20.591961	0.791292	4.597232	33.206030	0.199290	-1346.669172	
13.249000	20.389006	0.896541	4.601032	33.204538	0.300533	-1346.638756	
13.250000	20.486255	1.001790	4.604359	33.203022	0.343367	-1346.608489	
13.251000	20.515853	0.928926	4.607127	33.201292	0.160350	-1346.578510	
13.252000	20.596189	0.896541	4.609190	33.199314	0.187608	-1346.548918	
13.253000	20.359409	0.791292	4.610204	33.197114	0.168138	-1346.519760	
13.254000	20.418604	1.001790	4.610221	33.194690	0.203184	-1346.491026	
13.255000	20.287529	0.969406	4.609677	33.192089	0.265487	-1346.462639	
13.256000	20.498940	0.799388	4.608944	33.189331	0.027955	-1346.434473	
13.257000	20.587732	0.767004	4.608298	33.186301	0.335579	-1346.406372	
13.258000	20.515853	0.880349	4.607835	33.182911	0.101940	-1346.378168	
13.259000	20.367865	0.847965	4.607470	33.179302	0.125304	-1346.349707	
13.260000	20.579276	0.961310	4.607017	33.175735	0.226548	-1346.320878	
13.261000	20.439745	0.839869	4.606131	33.172278	0.296639	-1346.291616	
13.262000	20.401691	0.969406	4.604637	33.168753	0.105834	-1346.261911	
13.263000	20.498940	0.702235	4.602844	33.164974	0.175926	-1346.231817	
13.264000	20.558135	0.726523	4.601058	33.160915	-0.010985	-1346.201457	
13.265000	20.524309	0.807484	4.599221	33.156616	0.214866	-1346.170989	
13.266000	20.384778	1.131328	4.597286	33.152081	0.292745	-1346.140587	
13.267000	20.304442	0.839869	4.595497	33.147352	0.300533	-1346.110414	
13.268000	20.342496	0.807484	4.594186	33.142446	0.230441	-1346.080595	
13.269000	20.498940	0.791292	4.593529	33.137248	0.246017	-1346.051211	
13.270000	20.469342	0.815580	4.593410	33.131675	0.094153	-1346.022284	
13.271000	20.338268	0.856061	4.593434	33.125860	0.230441	-1345.993779	
13.272000	20.608873	0.686043	4.593302	33.120058	0.358942	-1345.965596	
13.273000	20.515853	0.847965	4.593113	33.114335	0.343367	-1345.937591	
13.274000	20.482027	0.945118	4.593067	33.108515	0.226548	-1345.909600	
13.275000	20.486255	0.702235	4.593249	33.102415	0.160350	-1345.881457	
13.276000	20.553907	0.775100	4.593863	33.096008	0.144774	-1345.853023	
13.277000	20.494712	0.556506	4.594901	33.089331	0.203184	-1345.824208	
13.278000	20.541222	0.896541	4.595815	33.082385	0.284957	-1345.794959	
13.279000	20.300214	0.823676	4.596439	33.075214	0.121410	-1345.765284	
13.280000	20.448201	0.661755	4.597273	33.067841	-0.010985	-1345.735263	
13.281000	20.528537	0.920829	4.598551	33.060159	0.230441	-1345.705042	
13.282000	20.562363	0.702235	4.599961	33.052090	0.140880	-1345.674791	
13.283000	20.224106	0.912733	4.600908	33.043772	0.242123	-1345.644687	
13.284000	20.553907	0.815580	4.600763	33.035465	0.277169	-1345.614876	
13.285000	20.418604	0.872253	4.599319	33.027240	0.288851	-1345.585464	
13.286000	20.528537	0.904637	4.596963	33.018924	0.284957	-1345.556504	
13.287000	20.372094	0.896541	4.594328	33.010335	0.234335	-1345.528002	
13.288000	20.621558	0.847965	4.592123	33.001452	0.082471	-1345.499911	
13.289000	20.460886	0.815580	4.590871	32.992317	0.179820	-1345.472123	
13.290000	20.482027	1.042271	4.590667	32.982940	0.269381	-1345.444482	
13.291000	20.215650	0.823676	4.591233	32.973380	0.261593	-1345.416812	
13.292000	20.443973	0.928926	4.591893	32.963667	0.063001	-1345.388950	
13.293000	20.498940	0.653659	4.592033	32.953691	0.261593	-1345.360766	
13.294000	20.511625	0.775100	4.591397	32.943368	0.339473	-1345.332182	
13.295000	20.401691	0.750812	4.589761	32.932839	0.172032	-1345.303166	
13.296000	20.655384	0.767004	4.587261	32.922369	0.179820	-1345.273748	
13.297000	20.524309	0.677947	4.584545	32.912030	0.230441	-1345.244025	
13.298000	20.418604	0.993694	4.582047	32.901654	0.179820	-1345.214150	
13.299000	20.494712	0.758908	4.579844	32.891064	0.214866	-1345.184296	
