LabVIEW Measurement	
Writer_Version	2
Reader_Version	2
Separator	Tab
Decimal_Separator	.
Multi_Headings	No
X_Columns	One
Time_Pref	Absolute
Operator	twtn4
Date	2023/08/27
Time	14:49:29.9274254499429208282
***End_of_Header***	
	
Notes	X values guaranteed valid only for Dev1/ai2							
Channels	7							
Samples	100	100	100	100	100	100	1	
Date	2023/08/27	2023/08/27	2023/08/27	2023/08/27	2023/08/27	2023/08/27	2023/08/27	
Time	14:49:29.9274254499429208282	14:49:29.9274394495838624481	14:49:29.9274814487395179513	14:49:29.9274674490985763315	14:49:29.9274534494576347116	14:49:29.9274954483804595712	14:49:30.0303273200988769531	
Y_Unit_Label	Volts	Volts	Volts	Volts	Volts	Volts		
X_Dimension	Time	Time	Time	Time	Time	Time	Time	
X0	0.0000000000000000E+0	0.0000000000000000E+0	0.0000000000000000E+0	0.0000000000000000E+0	0.0000000000000000E+0	0.0000000000000000E+0	0.0000000000000000E+0	
Delta_X	0.001000	0.001000	0.001000	0.001000	0.001000	0.001000	1.000000	
***End_of_Header***								
X_Value	Dev1/ai2	Dev1/ai3	Dev1/ai17 (Filtered)	Dev1/ai1 (Filtered)	Dev1/ai16	Dev1/ai12 (Filtered)	Untitled	Comment
0.000000	0.850466	0.928926	0.006202	-249.999768	0.320003	-250.001197	0.000000
0.001000	0.787043	0.742716	0.040466	-249.998527	0.312215	-250.008338	
0.002000	0.892748	0.742716	0.132289	-249.995221	0.323897	-250.029593	
0.003000	0.922346	0.694139	0.300432	-249.988946	0.187608	-250.074031	
0.004000	0.875836	0.831773	0.548201	-249.978825	0.199290	-250.150377	
0.005000	0.774359	0.839869	0.868120	-249.963744	0.148668	-250.266999	
0.006000	0.977312	0.710331	1.246043	-249.942521	0.195396	-250.431922	
0.007000	0.935030	0.783196	1.664340	-249.914243	0.246017	-250.652846	
0.008000	0.884292	0.904637	2.104111	-249.878251	0.288851	-250.937176	
0.009000	0.968856	0.823676	2.546894	-249.833922	0.121410	-251.292058	
0.010000	0.985769	0.839869	2.976071	-249.780547	0.066895	-251.724410	
0.011000	0.973084	0.823676	3.377733	-249.717391	0.175926	-252.240935	
0.012000	0.884292	0.953214	3.741409	-249.643710	0.378412	-252.848123	
0.013000	0.694023	0.823676	4.060391	-249.558647	0.273275	-253.552270	
0.014000	0.854694	0.961310	4.330970	-249.461409	0.277169	-254.359498	
0.015000	0.913889	0.807484	4.551614	-249.351441	0.323897	-255.275744	
0.016000	0.825097	0.750812	4.722899	-249.228203	0.339473	-256.306732	
0.017000	0.706707	0.880349	4.847551	-249.090928	0.199290	-257.457947	
0.018000	1.036507	0.694139	4.929851	-248.938764	0.257699	-258.734620	
0.019000	0.956171	0.880349	4.974555	-248.771122	0.355048	-260.141712	
0.020000	0.846238	1.026079	4.986404	-248.587668	0.335579	-261.683920	
0.021000	0.918118	0.896541	4.970960	-248.388103	0.199290	-263.365672	
0.022000	0.947715	0.985598	4.934925	-248.172014	0.230441	-265.191123	
0.023000	0.905433	0.937022	4.885155	-247.938952	0.265487	-267.164158	
0.024000	0.918118	0.945118	4.827938	-247.688495	0.386200	-269.288412	
0.025000	0.736305	0.847965	4.768605	-247.420156	0.312215	-271.567308	
0.026000	0.985769	0.637467	4.711246	-247.133496	0.082471	-274.004093	
0.027000	0.896977	0.969406	4.658683	-246.828262	0.183714	-276.601865	
0.028000	0.871607	0.742716	4.612629	-246.504198	0.300533	-279.363581	
0.029000	0.715164	1.090847	4.574226	-246.160826	0.152562	-282.292057	
0.030000	1.028051	0.912733	4.544139	-245.797574	0.175926	-285.389990	
0.031000	0.842010	0.928926	4.522258	-245.414104	0.261593	-288.659959	
0.032000	0.905433	0.937022	4.507829	-245.010339	0.323897	-292.104410	
0.033000	0.846238	0.815580	4.499836	-244.586223	0.164244	-295.725639	
0.034000	1.061876	0.758908	4.497263	-244.141567	0.179820	-299.525767	
0.035000	0.884292	0.799388	4.498949	-243.676133	0.273275	-303.506719	
0.036000	0.896977	1.017982	4.503142	-243.189748	0.312215	-307.670202	
0.037000	0.727848	1.188000	4.507612	-242.682232	0.374518	-312.017722	
0.038000	0.939259	1.001790	4.510957	-242.153451	0.218760	-316.550582	
0.039000	0.863151	0.856061	4.513272	-241.603393	0.409564	-321.269874	
0.040000	0.918118	0.831773	4.515211	-241.032035	0.284957	-326.176484	
0.041000	0.706707	0.831773	4.517210	-240.439161	0.273275	-331.271122	
0.042000	1.104158	0.904637	4.519482	-239.824439	0.187608	-336.554355	
0.043000	0.901205	0.856061	4.522239	-239.187728	0.195396	-342.026643	
0.044000	0.981541	1.139424	4.525379	-238.529143	0.269381	-347.688360	
0.045000	0.905433	0.856061	4.528247	-237.848821	0.226548	-353.539801	
0.046000	1.108387	0.645563	4.530418	-237.146735	0.020167	-359.581187	
0.047000	0.918118	0.767004	4.532189	-236.422798	0.222654	-365.812685	
0.048000	0.909661	0.977502	4.533974	-235.677020	0.210972	-372.234395	
0.049000	0.787043	0.872253	4.535804	-234.909457	0.207078	-378.846335	
0.050000	0.973084	0.839869	4.537530	-234.120199	0.066895	-385.648420	
0.051000	0.981541	0.856061	4.539050	-233.309405	0.234335	-392.640436	
0.052000	0.913889	0.839869	4.540208	-232.477215	0.226548	-399.822011	
0.053000	0.778587	0.969406	4.540618	-231.623620	0.288851	-407.192610	
0.054000	0.985769	0.904637	4.539680	-230.748473	0.136986	-414.751544	
0.055000	0.825097	0.856061	4.537043	-229.851768	0.257699	-422.497966	
0.056000	0.875836	1.155616	4.533181	-228.933752	0.390094	-430.430864	
0.057000	0.918118	0.799388	4.529181	-227.994689	0.312215	-438.549093	
0.058000	1.019594	0.945118	4.525990	-227.034657	0.129198	-446.851396	
0.059000	1.011138	0.710331	4.524000	-226.053663	0.366730	-455.336431	
0.060000	0.913889	1.050367	4.523082	-225.051860	0.230441	-464.002803	
0.061000	0.922346	0.677947	4.523079	-224.029515	0.273275	-472.849084	
0.062000	0.913889	0.847965	4.524202	-222.986919	0.172032	-481.873821	
0.063000	1.006910	0.742716	4.526856	-221.924366	0.355048	-491.075545	
0.064000	0.871607	0.953214	4.531251	-220.842112	0.199290	-500.452772	
0.065000	0.880064	0.937022	4.537045	-219.740301	0.187608	-510.003989	
0.066000	0.985769	0.791292	4.543450	-218.618930	0.199290	-519.727644	
0.067000	0.901205	0.718427	4.549792	-217.478086	0.222654	-529.622117	
0.068000	0.901205	0.839869	4.555699	-216.318104	0.296639	-539.685698	
0.069000	0.943487	0.507929	4.560951	-215.139327	0.253805	-549.916561	
0.070000	1.011138	0.758908	4.565338	-213.941878	0.063001	-560.312770	
0.071000	1.032279	0.920829	4.568414	-212.725805	0.218760	-570.872268	
0.072000	0.795500	0.961310	4.569758	-211.491342	0.382306	-581.592871	
0.073000	0.896977	0.993694	4.569512	-210.238883	0.249911	-592.472277	
0.074000	0.812412	0.823676	4.568291	-208.968846	0.199290	-603.508099	
0.075000	0.935030	0.783196	4.566665	-207.681599	0.292745	-614.697889	
0.076000	0.880064	0.702235	4.564831	-206.377470	0.261593	-626.039159	
0.077000	0.939259	0.750812	4.562854	-205.056703	0.405670	-637.529414	
0.078000	0.896977	1.131328	4.560896	-203.719378	0.273275	-649.166165	
0.079000	0.960400	0.726523	4.559369	-202.365638	0.300533	-660.946939	
0.080000	0.867379	1.009886	4.559007	-200.995868	0.284957	-672.869292	
0.081000	0.960400	0.686043	4.560269	-199.610460	0.117516	-684.930803	
0.082000	0.884292	0.669851	4.562915	-198.209567	0.113622	-697.129061	
0.083000	1.032279	0.718427	4.566389	-196.793263	0.288851	-709.461639	
0.084000	0.922346	0.783196	4.570201	-195.361830	0.339473	-721.926067	
0.085000	0.994225	0.856061	4.573891	-193.915743	0.362836	-734.519804	
0.086000	0.973084	0.839869	4.576819	-192.455486	0.043531	-747.240238	
0.087000	1.011138	0.767004	4.578353	-190.981462	0.168138	-760.084682	
0.088000	0.896977	0.783196	4.578449	-189.494021	0.179820	-773.050363	
0.089000	0.833553	0.904637	4.577711	-187.993450	0.281063	-786.134408	
0.090000	0.757446	0.702235	4.576932	-186.479875	0.242123	-799.333860	
0.091000	0.829325	0.928926	4.576696	-184.953466	0.339473	-812.645713	
0.092000	0.871607	0.807484	4.577199	-183.414636	0.413458	-826.066936	
0.093000	0.892748	0.864157	4.578343	-181.863795	0.230441	-839.594505	
0.094000	0.736305	0.872253	4.579976	-180.301094	0.316109	-853.225424	
0.095000	0.918118	0.669851	4.581969	-178.726591	0.362836	-866.956732	
0.096000	0.880064	0.645563	4.584171	-177.140577	0.366730	-880.785509	
0.097000	0.854694	0.912733	4.586517	-175.543563	0.288851	-894.708893	
0.098000	0.909661	0.791292	4.588965	-173.936075	0.269381	-908.724080	
0.099000	0.875836	0.953214	4.591302	-172.318529	0.261593	-922.828291	
0.100000	0.930802	0.791292	4.593261	-170.691288	0.246017	-937.018749	0.000000
0.101000	0.858923	0.953214	4.594767	-169.054673	0.222654	-951.292649	
0.102000	0.740533	0.677947	4.596021	-167.408855	0.378412	-965.647141	
0.103000	0.905433	0.839869	4.597224	-165.754039	0.152562	-980.079329	
0.104000	1.057648	1.009886	4.598354	-164.090653	0.335579	-994.586263	
0.105000	0.884292	0.888445	4.599368	-162.419112	0.086365	-1009.164930	
0.106000	0.736305	0.920829	4.600248	-160.739569	0.121410	-1023.812249	
0.107000	0.930802	0.904637	4.600999	-159.052071	0.105834	-1038.525095	
0.108000	0.918118	0.718427	4.601792	-157.356903	0.288851	-1053.300321	
0.109000	0.863151	0.880349	4.602871	-155.654584	0.331685	-1068.134787	
0.110000	0.913889	0.726523	4.604388	-153.945636	0.222654	-1083.025387	
0.111000	0.989997	0.896541	4.606594	-152.230454	0.273275	-1097.969078	
0.112000	0.968856	0.783196	4.609725	-150.509375	0.214866	-1112.962868	
0.113000	0.892748	0.977502	4.613460	-148.782719	0.358942	-1128.003828	
0.114000	0.605231	0.928926	4.617094	-147.050686	0.230441	-1143.089104	
0.115000	0.791271	0.945118	4.620055	-145.313510	0.179820	-1158.215912	
0.116000	0.939259	0.872253	4.621908	-143.571616	0.432928	-1173.381509	
0.117000	0.880064	0.718427	4.622553	-141.825415	0.269381	-1188.583158	
0.118000	0.757446	0.815580	4.622313	-140.075061	0.265487	-1203.818104	
0.119000	1.011138	0.726523	4.621321	-138.320589	0.230441	-1219.083557	
0.120000	0.863151	0.856061	4.619338	-136.562255	0.308321	-1234.376700	
0.121000	0.901205	1.058463	4.616219	-134.800562	0.323897	-1249.694681	
0.122000	0.880064	0.791292	4.612062	-133.036017	0.191502	-1265.034602	
0.123000	1.002682	0.775100	4.607176	-131.268981	0.121410	-1280.393525	
0.124000	0.922346	0.888445	4.602069	-129.499751	0.230441	-1295.768494	
0.125000	0.956171	0.961310	4.597214	-127.728639	0.183714	-1311.156545	
0.126000	0.719392	0.823676	4.592867	-125.955885	0.234335	-1326.554750	
0.127000	0.913889	0.750812	4.589145	-124.181756	0.164244	-1341.960247	
0.128000	0.935030	1.009886	4.586426	-122.406660	0.281063	-1357.370246	
0.129000	0.935030	0.888445	4.585575	-120.630985	0.292745	-1372.782027	
0.130000	0.732077	0.945118	4.587132	-118.854889	0.238229	-1388.192951	
0.131000	1.057648	0.742716	4.590630	-117.078405	0.281063	-1403.600465	
0.132000	0.816641	1.074655	4.595107	-115.301756	0.323897	-1419.002083	
0.133000	0.926574	1.066559	4.599643	-113.525412	0.226548	-1434.395359	
0.134000	0.799728	0.937022	4.603380	-111.749845	0.136986	-1449.777867	
0.135000	1.028051	0.856061	4.605558	-109.975363	0.129198	-1465.147171	
0.136000	0.926574	0.888445	4.605984	-108.202201	0.222654	-1480.500810	
0.137000	0.964628	1.252769	4.605091	-106.430652	0.323897	-1495.836295	
0.138000	0.694023	0.831773	4.603169	-104.660989	0.370624	-1511.151110	
0.139000	0.939259	1.001790	4.600304	-102.893506	0.066895	-1526.442710	
0.140000	0.880064	0.920829	4.596951	-101.128594	0.288851	-1541.708525	
0.141000	0.951943	0.831773	4.593685	-99.366613	0.144774	-1556.945981	
0.142000	0.744761	0.904637	4.590774	-97.607732	0.265487	-1572.152522	
0.143000	1.104158	0.831773	4.588387	-95.851980	0.288851	-1587.325649	
0.144000	0.896977	0.783196	4.586462	-94.099545	0.273275	-1602.462937	
0.145000	1.019594	1.074655	4.584531	-92.350853	0.304427	-1617.562041	
0.146000	0.837782	0.799388	4.582417	-90.606326	0.226548	-1632.620705	
0.147000	1.095702	0.661755	4.580581	-88.866198	0.098047	-1647.636775	
0.148000	0.956171	0.904637	4.579453	-87.130622	0.265487	-1662.608185	
0.149000	0.905433	1.155616	4.578980	-85.399857	0.269381	-1677.532928	
0.150000	0.812412	0.912733	4.578892	-83.674217	0.304427	-1692.409036	
0.151000	0.867379	0.864157	4.579007	-81.954033	0.113622	-1707.234553	
0.152000	0.981541	0.969406	4.579455	-80.239660	0.390094	-1722.007518	
0.153000	0.854694	1.001790	4.580686	-78.531415	0.168138	-1736.725943	
0.154000	0.765902	0.920829	4.582590	-76.829467	0.269381	-1751.387817	
0.155000	0.981541	1.050367	4.584363	-75.133828	0.261593	-1765.991099	
0.156000	0.998453	0.888445	4.585603	-73.444621	0.281063	-1780.533721	
0.157000	0.901205	1.179904	4.586554	-71.762203	0.374518	-1795.013604	
0.158000	0.880064	0.791292	4.587490	-70.086936	0.238229	-1809.428680	
0.159000	0.956171	0.864157	4.588370	-68.418972	0.024061	-1823.776923	
0.160000	1.019594	0.734620	4.589018	-66.758384	0.269381	-1838.056375	
0.161000	0.888520	1.155616	4.589435	-65.105389	0.273275	-1852.265161	
0.162000	0.956171	0.896541	4.590000	-63.460312	0.168138	-1866.401492	
0.163000	0.926574	0.888445	4.591411	-61.823489	0.121410	-1880.463677	
0.164000	1.078789	0.888445	4.594023	-60.195233	0.195396	-1894.450132	
0.165000	0.880064	0.831773	4.597376	-58.575808	0.129198	-1908.359353	
0.166000	0.863151	0.831773	4.600663	-56.965365	0.210972	-1922.189889	
0.167000	0.871607	0.896541	4.603467	-55.363883	0.378412	-1935.940319	
0.168000	0.960400	0.783196	4.605830	-53.771422	0.316109	-1949.609233	
0.169000	0.846238	0.880349	4.607719	-52.188279	0.320003	-1963.195203	
0.170000	0.951943	0.653659	4.608654	-50.614744	0.199290	-1976.696788	
0.171000	0.935030	0.912733	4.607933	-49.050877	0.136986	-1990.112524	
0.172000	0.985769	0.783196	4.605302	-47.496646	0.207078	-2003.440916	
0.173000	0.837782	0.945118	4.601253	-45.952204	0.331685	-2016.680439	
0.174000	0.833553	0.888445	4.596653	-44.417861	0.300533	-2029.829567	
0.175000	0.884292	0.945118	4.592343	-42.893942	0.195396	-2042.886797	
0.176000	1.028051	0.839869	4.588980	-41.380706	0.269381	-2055.850679	
0.177000	0.884292	0.742716	4.586825	-39.878360	0.253805	-2068.719829	
0.178000	0.960400	0.888445	4.585736	-38.387020	0.331685	-2081.492941	
0.179000	0.863151	0.734620	4.585520	-36.906631	0.214866	-2094.168797	
0.180000	0.951943	0.823676	4.586116	-35.437189	0.339473	-2106.746291	
0.181000	0.930802	0.937022	4.587392	-33.978930	0.281063	-2119.224419	
0.182000	0.913889	0.831773	4.589037	-32.532083	0.172032	-2131.602256	
0.183000	0.896977	0.937022	4.590757	-31.096628	0.175926	-2143.878926	
0.184000	1.053420	0.872253	4.592409	-29.672449	0.168138	-2156.053577	
0.185000	0.918118	0.799388	4.593903	-28.259638	0.246017	-2168.125350	
0.186000	0.960400	0.694139	4.595240	-26.858476	0.133092	-2180.093366	
0.187000	0.943487	0.767004	4.596063	-25.469251	0.133092	-2191.956736	
0.188000	1.028051	0.847965	4.595198	-24.092158	0.144774	-2203.714549	
0.189000	0.981541	0.637467	4.591929	-22.727338	0.214866	-2215.365854	
0.190000	0.854694	1.074655	4.587027	-21.374862	0.308321	-2226.909669	
0.191000	0.723620	0.904637	4.581870	-20.034635	0.343367	-2238.345011	
0.192000	0.825097	0.993694	4.577611	-18.706601	0.109728	-2249.670930	
0.193000	0.858923	0.702235	4.574854	-17.390936	0.386200	-2260.886534	
0.194000	0.820869	0.783196	4.573542	-16.087810	0.133092	-2271.991004	
0.195000	0.816641	0.742716	4.573218	-14.797125	0.222654	-2282.983601	
0.196000	0.981541	0.791292	4.573383	-13.518685	0.296639	-2293.863673	
0.197000	0.935030	0.783196	4.573790	-12.252521	0.300533	-2304.630670	
0.198000	0.854694	1.058463	4.574348	-10.998886	0.308321	-2315.284136	
0.199000	0.909661	0.864157	4.574854	-9.758037	0.187608	-2325.823688	
0.200000	0.935030	0.872253	4.575100	-8.530113	0.277169	-2336.248990	0.000000
0.201000	0.943487	0.734620	4.575149	-7.315195	0.218760	-2346.559711	
0.202000	0.901205	0.831773	4.575431	-6.113326	0.253805	-2356.755505	
0.203000	0.799728	0.847965	4.576416	-4.924408	0.214866	-2366.836000	
0.204000	0.939259	0.839869	4.578191	-3.748372	0.195396	-2376.800810	
0.205000	0.960400	0.750812	4.580588	-2.585355	0.273275	-2386.649517	
0.206000	0.896977	0.775100	4.583437	-1.435474	0.207078	-2396.381669	
0.207000	0.723620	0.758908	4.586562	-0.298578	0.129198	-2405.996792	
0.208000	0.947715	0.783196	4.589775	0.825597	0.168138	-2415.494418	
0.209000	0.880064	0.823676	4.592776	1.937082	0.269381	-2424.874104	
0.210000	0.858923	1.009886	4.595155	3.035669	0.230441	-2434.135469	
0.211000	0.896977	0.540314	4.596873	4.121143	0.179820	-2443.278207	
0.212000	0.909661	0.540314	4.598656	5.193429	0.246017	-2452.302091	
0.213000	0.905433	0.807484	4.601375	6.252517	0.238229	-2461.206981	
0.214000	0.884292	0.904637	4.605062	7.298397	0.246017	-2469.992828	
0.215000	0.710936	0.791292	4.608922	8.331155	0.304427	-2478.659662	
0.216000	0.850466	0.767004	4.612041	9.350849	0.191502	-2487.207574	
0.217000	0.905433	0.831773	4.613793	10.357369	0.386200	-2495.636686	
0.218000	0.892748	0.775100	4.613731	11.350627	0.234335	-2503.947107	
0.219000	0.782815	0.993694	4.611383	12.330783	0.257699	-2512.138925	
0.220000	1.061876	0.629370	4.606446	13.298113	0.246017	-2520.212210	
0.221000	0.913889	0.880349	4.599109	14.252684	0.316109	-2528.167004	
0.222000	0.935030	0.839869	4.590066	15.194323	0.230441	-2536.003310	
0.223000	0.918118	0.839869	4.580345	16.122857	0.234335	-2543.721100	
0.224000	1.036507	0.750812	4.571030	17.038271	0.144774	-2551.320334	
0.225000	0.896977	0.896541	4.562944	17.940621	0.222654	-2558.800979	
0.226000	0.884292	0.977502	4.556571	18.829923	0.284957	-2566.163031	
0.227000	0.702479	0.864157	4.552101	19.706239	0.281063	-2573.406548	
0.228000	0.998453	0.694139	4.549404	20.569601	0.101940	-2580.531664	
0.229000	0.956171	0.588890	4.548278	21.419926	0.343367	-2587.538587	
0.230000	0.926574	0.661755	4.548692	22.257154	0.320003	-2594.427610	
0.231000	0.719392	1.017982	4.550496	23.081436	0.269381	-2601.199109	
0.232000	1.028051	0.758908	4.553214	23.893057	0.214866	-2607.853524	
0.233000	0.744761	1.115135	4.556237	24.692128	0.378412	-2614.391337	
0.234000	0.863151	1.107039	4.558946	25.478516	0.343367	-2620.813042	
0.235000	0.842010	0.904637	4.560868	26.252082	0.187608	-2627.119112	
0.236000	1.083017	0.896541	4.561710	27.012860	0.152562	-2633.309998	
0.237000	0.888520	0.791292	4.561320	27.760959	0.242123	-2639.386118	
0.238000	0.943487	0.969406	4.559953	28.496410	0.448504	-2645.347856	
0.239000	0.791271	0.912733	4.558236	29.219221	0.351155	-2651.195553	
0.240000	0.935030	0.856061	4.556840	29.929381	0.230441	-2656.929520	
0.241000	0.888520	0.937022	4.556243	30.626821	0.234335	-2662.550059	
0.242000	0.935030	0.791292	4.556587	31.311503	0.249911	-2668.057479	
0.243000	0.829325	0.977502	4.557866	31.983553	0.257699	-2673.452123	
0.244000	1.087246	0.669851	4.559875	32.643244	0.249911	-2678.734395	
0.245000	0.837782	0.985598	4.562056	33.290720	0.316109	-2683.904764	
0.246000	0.892748	0.993694	4.564112	33.925894	0.347261	-2688.963778	
0.247000	0.901205	0.977502	4.566312	34.548672	0.246017	-2693.912067	
0.248000	1.053420	0.961310	4.568827	35.159163	-0.010985	-2698.750345	
0.249000	0.922346	0.856061	4.571414	35.757551	0.378412	-2703.479369	
0.250000	0.884292	1.098943	4.573834	36.343888	0.335579	-2708.099914	
0.251000	0.782815	0.823676	4.576206	36.918136	0.238229	-2712.612750	
0.252000	0.854694	0.750812	4.579160	37.480239	0.066895	-2717.018621	
0.253000	0.922346	0.847965	4.583514	38.030148	0.175926	-2721.318233	
0.254000	0.905433	0.767004	4.589297	38.567855	0.366730	-2725.512253	
0.255000	0.884292	0.880349	4.595723	39.093474	0.304427	-2729.601292	
0.256000	1.011138	0.831773	4.602107	39.607276	0.339473	-2733.585917	
0.257000	0.884292	0.767004	4.608085	40.109444	0.304427	-2737.466666	
0.258000	0.875836	0.961310	4.613343	40.599926	0.397882	-2741.244072	
0.259000	0.909661	0.734620	4.617535	41.078669	0.269381	-2744.918684	
0.260000	1.006910	0.880349	4.620532	41.545838	0.098047	-2748.491101	
0.261000	1.061876	0.775100	4.622391	42.001686	0.207078	-2751.961982	
0.262000	0.935030	1.034175	4.623106	42.446294	0.253805	-2755.332045	
0.263000	0.943487	0.888445	4.622788	42.879600	0.265487	-2758.602079	
0.264000	0.968856	0.791292	4.621738	43.301532	0.101940	-2761.772958	
0.265000	0.998453	0.718427	4.620108	43.712065	0.257699	-2764.845621	
0.266000	0.918118	0.880349	4.617835	44.111222	0.175926	-2767.821044	
0.267000	0.892748	0.864157	4.614851	44.499120	0.242123	-2770.700199	
0.268000	0.854694	0.945118	4.611130	44.876044	0.284957	-2773.484038	
0.269000	0.922346	0.864157	4.606830	45.242218	0.226548	-2776.173474	
0.270000	0.825097	0.904637	4.602370	45.597630	0.393988	-2778.769381	
0.271000	0.930802	0.613178	4.598074	45.942265	0.082471	-2781.272584	
0.272000	0.880064	0.888445	4.594070	46.276353	0.156456	-2783.683853	
0.273000	0.964628	0.694139	4.590600	46.600213	0.261593	-2786.003909	
0.274000	0.829325	0.969406	4.588018	46.913956	0.393988	-2788.233442	
0.275000	0.888520	1.026079	4.586529	47.217507	0.288851	-2790.373135	
0.276000	0.829325	1.017982	4.586015	47.510779	0.101940	-2792.423698	
0.277000	0.943487	0.767004	4.586296	47.793768	0.129198	-2794.385890	
0.278000	0.909661	0.839869	4.587678	48.066521	0.308321	-2796.260526	
0.279000	0.964628	0.807484	4.590896	48.329159	0.339473	-2798.048478	
0.280000	0.825097	0.791292	4.596403	48.581966	0.257699	-2799.750693	
0.281000	0.951943	0.888445	4.603732	48.825184	0.253805	-2801.368192	
0.282000	0.956171	0.847965	4.611619	49.058816	0.249911	-2802.902046	
0.283000	0.977312	0.904637	4.618793	49.282871	0.105834	-2804.353348	
0.284000	0.820869	0.742716	4.624403	49.497623	0.113622	-2805.723180	
0.285000	0.985769	0.783196	4.628000	49.703442	0.249911	-2807.012594	
0.286000	0.947715	0.677947	4.629169	49.900473	0.323897	-2808.222591	
0.287000	1.002682	0.750812	4.627138	50.088642	0.269381	-2809.354127	
0.288000	0.989997	0.775100	4.621520	50.267864	0.246017	-2810.408109	
0.289000	0.964628	0.888445	4.613186	50.438161	0.207078	-2811.385384	
0.290000	0.909661	0.847965	4.603760	50.599611	0.304427	-2812.286745	
0.291000	0.867379	1.009886	4.594612	50.752341	0.358942	-2813.112952	
0.292000	0.634828	0.872253	4.586442	50.896631	0.273275	-2813.864761	
0.293000	0.820869	0.928926	4.579540	51.032717	0.195396	-2814.542955	
0.294000	0.947715	0.718427	4.574206	51.160610	0.393988	-2815.148371	
0.295000	0.901205	0.945118	4.570819	51.280329	0.288851	-2815.681891	
0.296000	0.778587	0.742716	4.569634	51.392157	0.168138	-2816.144455	
0.297000	1.049192	0.904637	4.570590	51.496481	0.214866	-2816.537075	
0.298000	0.918118	0.823676	4.573244	51.593453	0.378412	-2816.860827	
0.299000	0.846238	0.928926	4.576878	51.682995	0.288851	-2817.116824	
0.300000	0.926574	0.783196	4.580782	51.765020	0.164244	-2817.306198	0.000000
0.301000	0.951943	0.880349	4.584637	51.839560	-0.030454	-2817.430065	
0.302000	0.964628	0.791292	4.588349	51.906706	0.066895	-2817.489492	
0.303000	0.867379	1.107039	4.591371	51.966571	0.281063	-2817.485492	
0.304000	0.723620	1.034175	4.592952	52.019394	0.249911	-2817.419025	
0.305000	0.888520	0.839869	4.592904	52.065379	0.133092	-2817.290997	
0.306000	0.935030	0.702235	4.591544	52.104539	0.284957	-2817.102252	
0.307000	0.880064	0.767004	4.589406	52.136908	0.277169	-2816.853586	
0.308000	0.689795	0.928926	4.587019	52.162778	0.284957	-2816.545768	
0.309000	0.935030	0.888445	4.584854	52.182558	0.261593	-2816.179566	
0.310000	0.867379	0.896541	4.583385	52.196424	0.277169	-2815.755779	
0.311000	0.901205	1.074655	4.582818	52.204301	0.281063	-2815.275248	
0.312000	0.871607	0.912733	4.583097	52.206104	0.253805	-2814.738867	
0.313000	0.930802	0.775100	4.584196	52.201894	0.207078	-2814.147586	
0.314000	0.977312	0.823676	4.585970	52.191789	0.261593	-2813.502423	
0.315000	0.913889	0.847965	4.588030	52.175894	0.401776	-2812.804448	
0.316000	0.689795	0.750812	4.589851	52.154395	0.312215	-2812.054758	
0.317000	0.829325	0.912733	4.590980	52.127447	0.242123	-2811.254455	
0.318000	0.896977	0.961310	4.591235	52.095049	0.261593	-2810.404614	
0.319000	0.918118	0.580794	4.590522	52.057216	0.249911	-2809.506254	
0.320000	0.748989	0.847965	4.588927	52.014199	0.156456	-2808.560342	
0.321000	1.146440	0.734620	4.587089	51.966369	0.257699	-2807.567790	
0.322000	0.888520	0.831773	4.585597	51.913893	0.343367	-2806.529444	
0.323000	0.973084	1.017982	4.584486	51.856696	0.300533	-2805.446093	
0.324000	0.888520	0.953214	4.583743	51.794699	0.179820	-2804.318487	
0.325000	0.977312	0.847965	4.583527	51.727983	0.214866	-2803.147359	
0.326000	0.918118	0.904637	4.583964	51.656700	0.339473	-2801.933446	
0.327000	0.871607	1.009886	4.584891	51.580941	0.226548	-2800.677512	
0.328000	0.761674	0.799388	4.585930	51.500813	0.230441	-2799.380362	
0.329000	0.951943	0.702235	4.586742	51.416396	0.043531	-2798.042855	
0.330000	0.926574	0.888445	4.587041	51.327677	0.331685	-2796.665914	
0.331000	0.943487	0.864157	4.586715	51.234668	0.246017	-2795.250517	
0.332000	0.685566	0.969406	4.585814	51.137574	0.378412	-2793.797679	
0.333000	0.989997	0.856061	4.584392	51.036735	0.261593	-2792.308427	
0.334000	0.812412	0.920829	4.582585	50.932326	0.358942	-2790.783777	
0.335000	0.905433	1.009886	4.580663	50.824275	0.440716	-2789.224705	
0.336000	0.820869	0.880349	4.578590	50.712502	0.187608	-2787.632133	
0.337000	0.998453	0.767004	4.575403	50.597109	0.066895	-2786.006935	
0.338000	0.968856	0.872253	4.570040	50.478265	0.292745	-2784.349927	
0.339000	0.956171	0.815580	4.562786	50.356049	0.226548	-2782.661853	
0.340000	0.829325	0.864157	4.555063	50.230508	0.230441	-2780.943407	
0.341000	0.951943	0.856061	4.548360	50.101667	0.109728	-2779.195250	
0.342000	0.913889	0.880349	4.543568	49.969499	0.288851	-2777.418034	
0.343000	0.901205	0.694139	4.540808	49.834002	0.210972	-2775.612421	
0.344000	0.782815	0.961310	4.539791	49.695322	0.121410	-2773.779105	
0.345000	1.070333	0.645563	4.540188	49.553757	0.109728	-2771.918817	
0.346000	0.875836	0.953214	4.541579	49.409490	0.335579	-2770.032338	
0.347000	0.968856	0.993694	4.543713	49.262466	0.331685	-2768.120512	
0.348000	0.863151	0.839869	4.546674	49.112624	0.199290	-2766.184238	
0.349000	1.011138	0.896541	4.550390	48.960107	0.144774	-2764.224449	
0.350000	0.947715	0.945118	4.554500	48.805135	0.284957	-2762.242076	
0.351000	0.846238	1.074655	4.558644	48.647781	0.257699	-2760.238025	
0.352000	0.770130	1.163712	4.562745	48.488006	0.312215	-2758.213148	
0.353000	0.935030	0.872253	4.567126	48.325749	0.070789	-2756.168249	
0.354000	0.901205	0.823676	4.571712	48.160965	0.393988	-2754.104079	
0.355000	0.973084	0.734620	4.575319	47.993652	0.183714	-2752.021320	
0.356000	0.935030	0.937022	4.576972	47.823922	0.343367	-2749.920576	
0.357000	0.943487	1.001790	4.577048	47.652044	0.351155	-2747.802405	
0.358000	0.892748	0.823676	4.576415	47.478199	0.253805	-2745.667343	
0.359000	0.926574	1.050367	4.575600	47.302336	0.331685	-2743.515921	
0.360000	0.930802	0.734620	4.574841	47.124401	0.203184	-2741.348696	
0.361000	0.985769	0.872253	4.574507	46.944566	0.070789	-2739.166265	
0.362000	1.057648	0.710331	4.575133	46.763085	0.148668	-2736.969269	
0.363000	0.913889	0.872253	4.576945	46.580033	0.331685	-2734.758397	
0.364000	0.854694	0.783196	4.579856	46.395329	0.210972	-2732.534397	
0.365000	0.888520	1.074655	4.583601	46.208881	0.090259	-2730.298071	
0.366000	0.985769	0.856061	4.587718	46.020655	0.195396	-2728.050241	
0.367000	0.884292	0.945118	4.591761	45.830660	0.187608	-2725.791716	
0.368000	0.901205	0.928926	4.595417	45.638996	0.300533	-2723.523259	
0.369000	0.770130	0.953214	4.598527	45.445925	0.195396	-2721.245579	
0.370000	0.884292	0.734620	4.601092	45.251652	0.238229	-2718.959331	
0.371000	0.812412	1.042271	4.603089	45.056141	0.265487	-2716.665114	
0.372000	0.956171	0.783196	4.604434	44.859354	0.195396	-2714.363454	
0.373000	0.884292	0.896541	4.605200	44.661497	0.214866	-2712.054815	
0.374000	1.019594	0.856061	4.605651	44.462858	0.238229	-2709.739617	
0.375000	0.829325	0.969406	4.605947	44.263518	0.304427	-2707.418258	
0.376000	0.854694	0.807484	4.606123	44.063370	0.199290	-2705.091143	
0.377000	0.816641	0.831773	4.606225	43.862295	0.144774	-2702.758711	
0.378000	1.006910	0.726523	4.606229	43.660251	0.179820	-2700.421449	
0.379000	0.968856	0.718427	4.606258	43.457248	0.133092	-2698.079882	
0.380000	0.968856	0.928926	4.606656	43.253366	0.144774	-2695.734593	
0.381000	0.829325	0.758908	4.607435	43.048852	0.300533	-2693.386224	
0.382000	0.968856	0.864157	4.608100	42.843907	0.226548	-2691.035460	
0.383000	0.901205	0.702235	4.608155	42.638498	0.362836	-2688.682992	
0.384000	0.880064	0.912733	4.607397	42.432594	0.273275	-2686.329495	
0.385000	0.799728	0.847965	4.605817	42.226425	0.172032	-2683.975593	
0.386000	0.956171	0.864157	4.603271	42.020314	0.234335	-2681.621851	
0.387000	0.892748	0.750812	4.599251	41.814354	0.308321	-2679.268776	
0.388000	0.901205	0.945118	4.593556	41.608420	0.335579	-2676.916813	
0.389000	0.947715	0.945118	4.586822	41.402378	0.140880	-2674.566340	
0.390000	0.994225	0.807484	4.580086	41.196206	0.168138	-2672.217678	
0.391000	0.842010	0.807484	4.574356	40.989935	0.210972	-2669.871106	
0.392000	0.812412	0.945118	4.570225	40.783632	0.296639	-2667.526885	
0.393000	0.723620	0.783196	4.567705	40.577510	0.390094	-2665.185288	
0.394000	0.863151	0.953214	4.566685	40.371742	0.199290	-2662.846632	
0.395000	0.926574	0.686043	4.567458	40.166280	0.358942	-2660.511275	
0.396000	0.884292	0.726523	4.570393	39.961087	0.261593	-2658.179623	
0.397000	0.880064	0.783196	4.575212	39.756390	0.214866	-2655.852141	
0.398000	0.998453	0.807484	4.581017	39.552522	0.207078	-2653.529350	
0.399000	0.926574	0.694139	4.586821	39.349585	0.312215	-2651.211803	
0.400000	0.896977	0.993694	4.591803	39.147436	0.312215	-2648.900057	0.000000
0.401000	0.960400	0.758908	4.595429	38.945923	0.179820	-2646.594647	
0.402000	1.015366	0.799388	4.597579	38.745023	0.063001	-2644.296058	
0.403000	0.930802	0.588890	4.597884	38.544770	0.183714	-2642.004717	
0.404000	0.884292	0.750812	4.595235	38.345220	0.277169	-2639.720985	
0.405000	0.761674	0.677947	4.589120	38.146544	0.238229	-2637.445152	
0.406000	0.863151	0.742716	4.580601	37.948883	0.207078	-2635.177445	
0.407000	0.973084	0.783196	4.571472	37.752186	0.288851	-2632.918044	
0.408000	0.812412	1.001790	4.563228	37.556410	0.292745	-2630.667094	
0.409000	0.698251	1.034175	4.556670	37.361764	0.214866	-2628.424735	
0.410000	0.913889	0.912733	4.552072	37.168568	0.308321	-2626.191129	
0.411000	0.825097	0.953214	4.549584	36.976917	0.378412	-2623.966480	
0.412000	0.901205	0.815580	4.549286	36.786661	0.339473	-2621.751033	
0.413000	0.947715	0.856061	4.550690	36.597640	0.253805	-2619.545087	
0.414000	1.019594	0.742716	4.552921	36.409843	0.152562	-2617.349010	
0.415000	0.943487	0.872253	4.555428	36.223318	0.273275	-2615.163223	
0.416000	0.846238	1.074655	4.557860	36.038093	0.347261	-2612.988163	
0.417000	0.710936	0.977502	4.559915	35.854249	0.187608	-2610.824265	
0.418000	0.909661	0.718427	4.561685	35.671839	0.094153	-2608.671931	
0.419000	0.867379	0.588890	4.563679	35.490780	0.479655	-2606.531513	
0.420000	0.951943	0.856061	4.566287	35.311018	0.269381	-2604.403302	
0.421000	0.825097	0.839869	4.569341	35.132724	0.265487	-2602.287529	
0.422000	1.087246	0.839869	4.572284	34.956195	0.257699	-2600.184351	
0.423000	0.880064	0.912733	4.574647	34.781530	0.277169	-2598.093863	
0.424000	0.901205	0.985598	4.576329	34.608583	0.207078	-2596.016117	
0.425000	0.880064	0.856061	4.577420	34.437199	0.265487	-2593.951147	
0.426000	1.049192	0.807484	4.577944	34.267394	0.179820	-2591.898990	
0.427000	0.888520	0.823676	4.578224	34.099250	0.386200	-2589.859713	
0.428000	0.935030	0.856061	4.579173	33.932784	0.312215	-2587.833419	
0.429000	0.723620	0.912733	4.581410	33.768018	0.284957	-2585.820259	
0.430000	0.909661	0.864157	4.584505	33.604952	0.164244	-2583.820452	
0.431000	0.795500	0.880349	4.587670	33.443489	0.401776	-2581.834282	
0.432000	0.968856	0.726523	4.590384	33.283557	0.308321	-2579.862065	
0.433000	0.757446	0.912733	4.592285	33.125248	0.339473	-2577.904127	
0.434000	1.023823	0.799388	4.593298	32.968797	0.269381	-2575.960779	
0.435000	0.803956	0.872253	4.593613	32.814294	0.382306	-2574.032291	
0.436000	0.926574	0.961310	4.593349	32.661591	0.312215	-2572.118884	
0.437000	0.922346	0.945118	4.592419	32.510535	0.179820	-2570.220724	
0.438000	1.061876	0.669851	4.590571	32.361163	0.121410	-2568.337923	
0.439000	0.994225	0.823676	4.587675	32.213587	0.253805	-2566.470523	
0.440000	0.951943	0.977502	4.584071	32.067810	0.316109	-2564.618501	
0.441000	0.846238	0.912733	4.580234	31.923779	0.316109	-2562.781799	
0.442000	0.880064	0.799388	4.576401	31.781421	-0.026560	-2560.960355	
0.443000	0.905433	0.856061	4.572793	31.640631	0.331685	-2559.154130	
0.444000	1.019594	0.961310	4.569743	31.501333	0.226548	-2557.363113	
0.445000	0.825097	0.718427	4.567646	31.363592	0.203184	-2555.587331	
0.446000	1.015366	1.001790	4.567089	31.227624	0.214866	-2553.826856	
0.447000	0.867379	0.702235	4.568562	31.093537	0.269381	-2552.081831	
0.448000	0.909661	1.050367	4.571848	30.961203	0.277169	-2550.352454	
0.449000	0.875836	0.864157	4.576104	30.830492	0.277169	-2548.638960	
0.450000	0.968856	0.928926	4.580481	30.701479	0.129198	-2546.941588	
0.451000	0.863151	0.799388	4.584401	30.574324	0.320003	-2545.260552	
0.452000	0.913889	1.196096	4.587479	30.449023	0.382306	-2543.596012	
0.453000	0.939259	0.775100	4.589171	30.325439	0.390094	-2541.948073	
0.454000	0.973084	0.742716	4.588676	30.203419	0.144774	-2540.316792	
0.455000	0.935030	0.710331	4.585729	30.082847	0.191502	-2538.702166	
0.456000	1.002682	0.912733	4.581065	29.963649	0.203184	-2537.104125	
0.457000	0.871607	0.831773	4.575837	29.845856	0.300533	-2535.522542	
0.458000	0.880064	0.953214	4.570980	29.729666	0.218760	-2533.957269	
0.459000	0.896977	0.831773	4.567175	29.615205	0.226548	-2532.408157	
0.460000	0.896977	0.953214	4.565037	29.502354	0.246017	-2530.875087	
0.461000	0.918118	0.637467	4.564832	29.390996	0.253805	-2529.357983	
0.462000	0.930802	0.775100	4.566354	29.281250	0.234335	-2527.856814	
0.463000	1.023823	0.621274	4.569275	29.173325	0.175926	-2526.371606	
0.464000	0.964628	0.904637	4.573244	29.067236	0.238229	-2524.902446	
0.465000	0.947715	0.888445	4.577803	28.962823	0.253805	-2523.449474	
0.466000	0.854694	0.920829	4.582460	28.859909	0.016273	-2522.012857	
0.467000	0.935030	0.718427	4.586834	28.758389	0.230441	-2520.592759	
0.468000	0.863151	0.856061	4.590669	28.658203	0.148668	-2519.189304	
0.469000	0.913889	0.953214	4.593604	28.559368	0.246017	-2517.802560	
0.470000	0.736305	0.839869	4.595201	28.462069	0.284957	-2516.432542	
0.471000	0.935030	0.742716	4.595324	28.366441	0.316109	-2515.079210	
0.472000	0.981541	0.864157	4.594207	28.272377	0.456292	-2513.742460	
0.473000	0.964628	0.896541	4.592347	28.179773	0.246017	-2512.422124	
0.474000	0.799728	0.896541	4.590416	28.088780	0.156456	-2511.118000	
0.475000	0.964628	0.815580	4.588960	27.999642	0.320003	-2509.829872	
0.476000	0.846238	0.831773	4.588154	27.912383	0.339473	-2508.557532	
0.477000	0.951943	0.896541	4.587967	27.826814	0.253805	-2507.300809	
0.478000	0.875836	0.799388	4.588358	27.742733	0.265487	-2506.059585	
0.479000	1.028051	1.188000	4.589207	27.660039	0.265487	-2504.833795	
0.480000	0.981541	0.815580	4.590346	27.578688	0.234335	-2503.623431	
0.481000	0.994225	1.107039	4.591643	27.498691	0.199290	-2502.428548	
0.482000	0.706707	0.815580	4.592899	27.420217	0.125304	-2501.249240	
0.483000	0.905433	0.847965	4.593815	27.343400	0.292745	-2500.085618	
0.484000	0.867379	0.856061	4.594167	27.268139	0.238229	-2498.937785	
0.485000	0.939259	0.864157	4.594111	27.194341	0.269381	-2497.805800	
0.486000	0.770130	0.847965	4.593977	27.122179	0.253805	-2496.689660	
0.487000	0.905433	0.888445	4.593553	27.051927	0.300533	-2495.589311	
0.488000	0.909661	0.791292	4.592399	26.983626	0.312215	-2494.504639	
0.489000	0.867379	0.847965	4.590648	26.917090	0.269381	-2493.435466	
0.490000	0.816641	0.831773	4.588908	26.852117	0.281063	-2492.381567	
0.491000	0.939259	0.888445	4.587898	26.788626	0.125304	-2491.342684	
0.492000	0.922346	0.799388	4.588188	26.726591	0.242123	-2490.318552	
0.493000	0.803956	1.074655	4.589848	26.666014	0.358942	-2489.308922	
0.494000	0.689795	0.799388	4.592471	26.607028	0.249911	-2488.313586	
0.495000	0.871607	0.767004	4.595698	26.549733	0.265487	-2487.332391	
0.496000	1.023823	0.686043	4.599565	26.494019	0.378412	-2486.365238	
0.497000	0.922346	0.815580	4.604157	26.439793	0.246017	-2485.412100	
0.498000	0.799728	0.807484	4.609131	26.387222	0.281063	-2484.473006	
0.499000	0.956171	0.928926	4.613818	26.336586	0.261593	-2483.548021	
0.500000	0.956171	0.823676	4.617612	26.287929	0.218760	-2482.637220	0.000000
0.501000	0.863151	1.017982	4.620135	26.241056	0.222654	-2481.740655	
0.502000	0.913889	0.912733	4.621065	26.195761	0.210972	-2480.858335	
0.503000	0.935030	0.856061	4.620101	26.151980	0.136986	-2479.990219	
0.504000	1.011138	0.686043	4.617167	26.109709	0.253805	-2479.136210	
0.505000	0.875836	1.042271	4.612440	26.068940	0.362836	-2478.296143	
0.506000	0.715164	1.026079	4.606413	26.029758	0.300533	-2477.469788	
0.507000	0.850466	1.058463	4.599826	25.992218	0.129198	-2476.656874	
0.508000	0.935030	0.872253	4.593323	25.956210	0.366730	-2475.857109	
0.509000	0.803956	0.888445	4.587290	25.921640	0.249911	-2475.070199	
0.510000	0.668654	0.856061	4.582032	25.888651	0.226548	-2474.295876	
0.511000	1.011138	0.888445	4.577981	25.857503	0.304427	-2473.533921	
0.512000	0.956171	0.596986	4.575646	25.828247	0.436822	-2472.784162	
0.513000	0.896977	0.937022	4.575207	25.800691	0.343367	-2472.046486	
0.514000	0.905433	0.677947	4.576383	25.774635	0.269381	-2471.320853	
0.515000	1.011138	0.961310	4.578719	25.750037	0.195396	-2470.607285	
0.516000	0.947715	0.888445	4.581631	25.726918	0.320003	-2469.905832	
0.517000	0.875836	1.001790	4.584470	25.705262	0.331685	-2469.216544	
0.518000	0.761674	0.734620	4.586719	25.685095	0.316109	-2468.539440	
0.519000	0.884292	0.856061	4.588145	25.666418	0.094153	-2467.874494	
0.520000	1.150669	0.896541	4.588748	25.649110	0.148668	-2467.221633	
0.521000	0.926574	0.904637	4.588559	25.633070	0.265487	-2466.580726	
0.522000	0.782815	1.066559	4.587654	25.618397	0.292745	-2465.951571	
0.523000	1.066105	0.823676	4.586302	25.605324	0.230441	-2465.333910	
0.524000	0.884292	0.985598	4.584846	25.593918	0.312215	-2464.727444	
0.525000	0.913889	0.961310	4.583487	25.584002	0.429034	-2464.131864	
0.526000	0.825097	0.953214	4.582140	25.575392	0.136986	-2463.546867	
0.527000	0.994225	0.807484	4.580385	25.568083	0.016273	-2462.972194	
0.528000	0.913889	0.661755	4.578094	25.562138	0.199290	-2462.407632	
0.529000	0.837782	0.888445	4.576039	25.557530	0.355048	-2461.853014	
0.530000	0.715164	0.993694	4.575015	25.554197	0.292745	-2461.308244	
0.531000	1.006910	0.734620	4.574931	25.552055	0.117516	-2460.773299	
0.532000	0.901205	0.945118	4.575188	25.550963	0.351155	-2460.248202	
0.533000	0.935030	0.839869	4.575316	25.550817	0.207078	-2459.732992	
0.534000	0.736305	1.050367	4.575105	25.551670	0.335579	-2459.227695	
0.535000	1.019594	0.937022	4.574415	25.553720	0.230441	-2458.732303	
0.536000	0.854694	0.872253	4.573213	25.557036	0.288851	-2458.246761	
0.537000	0.964628	0.888445	4.571374	25.561450	0.355048	-2457.770969	
0.538000	0.956171	0.831773	4.568403	25.566794	0.261593	-2457.304775	
0.539000	1.129528	0.791292	4.564107	25.573102	0.059107	-2456.847964	
0.540000	1.028051	0.799388	4.559159	25.580487	0.222654	-2456.400263	
0.541000	0.880064	0.977502	4.554529	25.588927	0.253805	-2455.961371	
0.542000	0.846238	0.856061	4.550775	25.598298	0.312215	-2455.530976	
0.543000	0.901205	0.904637	4.548007	25.608461	0.063001	-2455.108799	
0.544000	0.880064	0.896541	4.546413	25.619278	0.335579	-2454.694603	
0.545000	0.943487	0.710331	4.546679	25.630657	0.304427	-2454.288193	
0.546000	0.846238	0.896541	4.549383	25.642636	0.370624	-2453.889419	
0.547000	0.947715	0.888445	4.554309	25.655410	0.429034	-2453.498201	
0.548000	0.926574	0.856061	4.560683	25.669085	0.327791	-2453.114524	
0.549000	0.812412	1.026079	4.567578	25.683520	0.370624	-2452.738414	
0.550000	0.880064	0.856061	4.574120	25.698567	0.253805	-2452.369907	
0.551000	0.930802	1.017982	4.579622	25.714302	0.066895	-2452.009024	
0.552000	0.985769	0.653659	4.583674	25.730876	0.222654	-2451.655743	
0.553000	0.875836	1.066559	4.586458	25.748270	0.487443	-2451.309990	
0.554000	0.913889	0.767004	4.588956	25.766323	0.261593	-2450.971641	
0.555000	0.930802	0.823676	4.592144	25.784861	0.098047	-2450.640520	
0.556000	1.129528	0.928926	4.596058	25.803752	0.238229	-2450.316394	
0.557000	0.947715	0.839869	4.600243	25.822910	0.327791	-2449.998990	
0.558000	0.926574	0.888445	4.604424	25.842341	0.273275	-2449.688008	
0.559000	0.892748	0.896541	4.608351	25.862219	0.210972	-2449.383149	
0.560000	0.935030	0.661755	4.611714	25.882655	0.156456	-2449.084149	
0.561000	0.901205	0.864157	4.614006	25.903526	0.273275	-2448.790791	
0.562000	0.922346	0.467449	4.614463	25.924709	0.125304	-2448.502906	
0.563000	0.909661	0.718427	4.612929	25.946326	-0.022667	-2448.220378	
0.564000	1.121071	0.815580	4.610113	25.968584	0.207078	-2447.943163	
0.565000	0.909661	0.969406	4.606668	25.991483	0.288851	-2447.671272	
0.566000	0.892748	0.977502	4.602922	26.014841	0.401776	-2447.404745	
0.567000	0.825097	0.880349	4.599178	26.038462	0.070789	-2447.143624	
0.568000	0.985769	0.710331	4.595841	26.062230	0.226548	-2446.887929	
0.569000	0.820869	0.864157	4.593674	26.086076	0.210972	-2446.637626	
0.570000	0.913889	0.767004	4.593697	26.110003	0.226548	-2446.392632	
0.571000	0.816641	0.847965	4.596069	26.134179	0.327791	-2446.152810	
0.572000	0.989997	0.775100	4.599821	26.158728	0.117516	-2445.917967	
0.573000	0.884292	0.750812	4.604052	26.183536	0.246017	-2445.687858	
0.574000	0.935030	0.742716	4.608399	26.208493	0.320003	-2445.462206	
0.575000	0.748989	0.783196	4.612572	26.233751	0.160350	-2445.240720	
0.576000	0.989997	0.669851	4.616321	26.259552	0.207078	-2445.023123	
0.577000	0.896977	0.734620	4.619579	26.285913	0.320003	-2444.809174	
0.578000	0.930802	1.026079	4.622015	26.312637	0.308321	-2444.598686	
0.579000	0.973084	0.815580	4.623135	26.339518	0.195396	-2444.391525	
0.580000	0.989997	0.767004	4.623106	26.366463	0.230441	-2444.187632	
0.581000	0.880064	0.613178	4.622402	26.393431	0.226548	-2443.987010	
0.582000	0.909661	0.880349	4.621046	26.420431	0.230441	-2443.789701	
0.583000	0.723620	0.750812	4.618888	26.447624	0.300533	-2443.595765	
0.584000	0.863151	0.953214	4.615962	26.475130	0.277169	-2443.405257	
0.585000	0.888520	0.750812	4.612272	26.502848	0.300533	-2443.218195	
0.586000	0.858923	1.034175	4.607701	26.530685	0.164244	-2443.034542	
0.587000	0.744761	0.669851	4.602381	26.558816	0.156456	-2442.854212	
0.588000	0.884292	0.710331	4.596773	26.587523	0.179820	-2442.677067	
0.589000	0.875836	0.872253	4.591408	26.616849	0.331685	-2442.502906	
0.590000	0.867379	1.026079	4.586879	26.646596	0.382306	-2442.331480	
0.591000	0.901205	0.807484	4.583695	26.676559	0.261593	-2442.162516	
0.592000	0.956171	0.856061	4.581833	26.706658	0.308321	-2441.995740	
0.593000	0.935030	0.775100	4.580811	26.736875	0.218760	-2441.830901	
0.594000	0.837782	1.050367	4.580530	26.767205	0.277169	-2441.667788	
0.595000	0.787043	0.637467	4.581713	26.797760	0.133092	-2441.506238	
0.596000	0.884292	0.920829	4.584886	26.828617	0.183714	-2441.346151	
0.597000	1.040735	0.572698	4.589623	26.859664	0.425140	-2441.187504	
0.598000	0.947715	0.742716	4.595086	26.890811	0.265487	-2441.030335	
0.599000	0.795500	0.864157	4.600478	26.922217	0.113622	-2440.874714	
0.600000	0.951943	0.807484	4.605136	26.954157	0.234335	-2440.720723	0.000000
0.601000	0.880064	0.669851	4.608579	26.986682	0.284957	-2440.568427	
0.602000	0.905433	0.888445	4.610429	27.019599	0.467974	-2440.417848	
0.603000	1.040735	0.750812	4.610209	27.052711	0.136986	-2440.268956	
0.604000	0.985769	0.920829	4.607317	27.085966	0.070789	-2440.121676	
0.605000	0.973084	0.694139	4.601657	27.119380	0.253805	-2439.975873	
0.606000	0.892748	1.131328	4.594084	27.152951	0.323897	-2439.831345	
0.607000	0.757446	0.904637	4.585943	27.186745	0.269381	-2439.687846	
0.608000	0.816641	0.896541	4.578396	27.220797	0.195396	-2439.545118	
0.609000	0.854694	0.807484	4.572015	27.254996	0.382306	-2439.402910	
0.610000	0.867379	0.969406	4.566879	27.289248	0.246017	-2439.260996	
0.611000	0.795500	0.839869	4.563254	27.323679	0.249911	-2439.119199	
0.612000	0.985769	1.163712	4.561846	27.358544	0.265487	-2438.977388	
0.613000	0.850466	0.847965	4.563068	27.393908	0.277169	-2438.835497	
0.614000	0.896977	1.026079	4.566550	27.429590	0.327791	-2438.693532	
0.615000	0.922346	0.912733	4.571407	27.465401	0.152562	-2438.551563	
0.616000	1.015366	0.734620	4.576665	27.501320	0.203184	-2438.409694	
0.617000	0.930802	0.864157	4.581525	27.537394	0.234335	-2438.268035	
0.618000	0.884292	0.977502	4.585345	27.573603	0.246017	-2438.126663	
0.619000	0.812412	1.131328	4.587574	27.609923	0.191502	-2437.985605	
0.620000	0.846238	0.758908	4.587811	27.646306	-0.127804	-2437.844850	
0.621000	0.964628	0.920829	4.585978	27.682630	0.320003	-2437.704334	
0.622000	0.939259	0.710331	4.582415	27.718803	0.284957	-2437.563923	
0.623000	0.803956	0.888445	4.577753	27.754912	0.234335	-2437.423422	
0.624000	1.023823	0.823676	4.572834	27.791185	0.253805	-2437.282601	
0.625000	0.833553	0.977502	4.568472	27.827704	0.277169	-2437.141220	
0.626000	0.909661	1.074655	4.565175	27.864310	0.374518	-2436.999052	
0.627000	0.778587	0.945118	4.563572	27.900835	0.393988	-2436.855904	
0.628000	0.964628	0.815580	4.564768	27.937298	0.098047	-2436.711638	
0.629000	0.905433	0.872253	4.569353	27.973792	0.234335	-2436.566166	
0.630000	0.947715	0.969406	4.576570	28.010298	0.378412	-2436.419464	
0.631000	0.833553	0.783196	4.584959	28.046742	0.323897	-2436.271583	
0.632000	0.905433	0.864157	4.593101	28.083033	0.086365	-2436.122629	
0.633000	0.858923	0.977502	4.599872	28.119046	0.288851	-2435.972729	
0.634000	0.922346	0.937022	4.604609	28.154692	0.246017	-2435.822003	
0.635000	0.787043	1.163712	4.607173	28.190020	0.425140	-2435.670529	
0.636000	0.998453	0.621274	4.607450	28.225234	0.378412	-2435.518335	
0.637000	0.880064	0.928926	4.604833	28.260430	0.366730	-2435.365405	
0.638000	0.994225	0.945118	4.599088	28.295462	0.277169	-2435.211672	
0.639000	0.922346	0.920829	4.591077	28.330184	0.281063	-2435.057005	
0.640000	1.061876	0.807484	4.582124	28.364661	-0.007091	-2434.901226	
0.641000	0.935030	0.961310	4.573347	28.399041	0.210972	-2434.744127	
0.642000	0.930802	1.042271	4.565485	28.433319	0.207078	-2434.585491	
0.643000	0.808184	0.904637	4.559025	28.467364	0.253805	-2434.425123	
0.644000	0.850466	0.904637	4.554281	28.501029	0.117516	-2434.262876	
0.645000	0.875836	0.969406	4.551378	28.534191	0.366730	-2434.098651	
0.646000	0.960400	0.799388	4.550493	28.566769	0.156456	-2433.932399	
0.647000	0.875836	0.928926	4.551757	28.598791	0.207078	-2433.764136	
0.648000	0.892748	0.896541	4.554859	28.630450	0.230441	-2433.593946	
0.649000	0.884292	0.985598	4.559116	28.661864	0.246017	-2433.421957	
0.650000	0.951943	1.026079	4.563824	28.692910	0.475762	-2433.248309	
0.651000	0.884292	0.847965	4.568275	28.723463	0.347261	-2433.073126	
0.652000	0.922346	1.017982	4.571601	28.753633	0.129198	-2432.896490	
0.653000	0.964628	0.872253	4.573007	28.783616	0.273275	-2432.718433	
0.654000	0.888520	1.163712	4.572205	28.813415	0.312215	-2432.538935	
0.655000	0.892748	0.880349	4.569323	28.842857	0.242123	-2432.357916	
0.656000	0.913889	0.815580	4.564837	28.871759	0.214866	-2432.175246	
0.657000	1.028051	0.807484	4.559704	28.900012	0.125304	-2431.990753	
0.658000	0.998453	0.912733	4.555051	28.927556	0.172032	-2431.804242	
0.659000	0.926574	0.726523	4.551826	28.954410	0.234335	-2431.615519	
0.660000	0.791271	0.856061	4.550635	28.980759	0.121410	-2431.424423	
0.661000	0.888520	0.807484	4.551657	29.006742	0.320003	-2431.230842	
0.662000	0.913889	0.734620	4.554787	29.032256	0.253805	-2431.034715	
0.663000	0.943487	0.791292	4.559792	29.057202	0.288851	-2430.836034	
0.664000	0.842010	0.888445	4.566226	29.081737	0.098047	-2430.634860	
0.665000	1.006910	0.791292	4.573308	29.106106	0.257699	-2430.431313	
0.666000	0.842010	0.904637	4.580160	29.130336	0.362836	-2430.225541	
0.667000	0.858923	0.945118	4.586281	29.154249	0.246017	-2430.017695	
0.668000	0.770130	0.928926	4.591595	29.177655	0.140880	-2429.807902	
0.669000	0.968856	0.896541	4.595998	29.200461	0.133092	-2429.596246	
0.670000	0.905433	0.815580	4.599376	29.222623	0.273275	-2429.382755	
0.671000	0.913889	0.775100	4.602004	29.244150	0.284957	-2429.167405	
0.672000	0.655969	0.742716	4.604183	29.265216	0.304427	-2428.950106	
0.673000	0.947715	0.661755	4.605948	29.285953	0.187608	-2428.730719	
0.674000	0.930802	0.856061	4.607312	29.306268	0.343367	-2428.509073	
0.675000	0.951943	0.637467	4.608216	29.326070	0.195396	-2428.284987	
0.676000	0.740533	0.920829	4.608536	29.345539	0.179820	-2428.058294	
0.677000	1.053420	0.920829	4.608340	29.364954	0.168138	-2427.828862	
0.678000	0.913889	0.864157	4.607856	29.384362	0.292745	-2427.596612	
0.679000	0.939259	0.904637	4.607361	29.403582	0.203184	-2427.361513	
0.680000	0.884292	0.734620	4.607159	29.422423	0.059107	-2427.123606	
0.681000	1.044964	0.718427	4.607323	29.440815	0.113622	-2426.883001	
0.682000	0.943487	0.734620	4.607477	29.458748	0.117516	-2426.639851	
0.683000	0.930802	1.050367	4.607130	29.476238	0.172032	-2426.394326	
0.684000	0.622143	0.912733	4.606006	29.493431	0.292745	-2426.146583	
0.685000	0.837782	1.017982	4.604061	29.510441	0.191502	-2425.896746	
0.686000	0.875836	0.645563	4.601228	29.527174	0.343367	-2425.644887	
0.687000	0.884292	0.937022	4.596917	29.543550	0.265487	-2425.391030	
0.688000	0.643284	0.799388	4.590421	29.559753	0.304427	-2425.135137	
0.689000	1.112615	0.937022	4.582003	29.576077	0.339473	-2424.877111	
0.690000	0.922346	0.807484	4.572917	29.592582	0.335579	-2424.616804	
0.691000	0.930802	1.066559	4.564632	29.609086	0.393988	-2424.354043	
0.692000	0.901205	0.783196	4.558290	29.625400	0.230441	-2424.088653	
0.693000	0.956171	0.775100	4.554489	29.641469	0.140880	-2423.820492	
0.694000	0.964628	0.807484	4.553508	29.657304	0.203184	-2423.549459	
0.695000	0.926574	0.856061	4.555706	29.672910	0.456292	-2423.275497	
0.696000	0.740533	0.750812	4.561154	29.688380	0.273275	-2422.998609	
0.697000	0.947715	0.823676	4.569122	29.703784	0.121410	-2422.718873	
0.698000	1.036507	0.621274	4.578356	29.719023	0.214866	-2422.436432	
0.699000	0.875836	0.791292	4.587521	29.734021	0.055213	-2422.151465	
0.700000	0.748989	0.767004	4.595598	29.748937	0.238229	-2421.864158	0.000000
0.701000	0.964628	0.864157	4.602106	29.764056	0.273275	-2421.574676	
0.702000	0.913889	0.880349	4.606775	29.779451	0.382306	-2421.283141	
0.703000	0.854694	1.131328	4.609125	29.794944	0.370624	-2420.989619	
0.704000	0.825097	0.734620	4.608732	29.810350	0.242123	-2420.694122	
0.705000	0.956171	0.799388	4.605736	29.825645	0.094153	-2420.396607	
0.706000	0.981541	0.775100	4.600839	29.840871	0.292745	-2420.096971	
0.707000	0.774359	1.001790	4.595049	29.856029	0.226548	-2419.795061	
0.708000	0.727848	0.815580	4.589331	29.871155	0.296639	-2419.490707	
0.709000	0.825097	0.872253	4.584279	29.886259	0.226548	-2419.183749	
0.710000	0.926574	0.904637	4.580078	29.901226	0.312215	-2418.874062	
0.711000	0.803956	0.969406	4.576615	29.915967	0.316109	-2418.561566	
0.712000	0.744761	0.767004	4.573651	29.930592	0.347261	-2418.246227	
0.713000	1.023823	0.775100	4.571189	29.945349	0.296639	-2417.928073	
0.714000	0.973084	0.661755	4.569549	29.960318	0.234335	-2417.607203	
0.715000	0.909661	0.953214	4.568861	29.975327	0.358942	-2417.283783	
0.716000	0.947715	0.799388	4.568877	29.990202	0.160350	-2416.958007	
0.717000	0.985769	0.815580	4.569433	30.004951	0.027955	-2416.630080	
0.718000	0.968856	0.807484	4.570477	30.019651	0.156456	-2416.300173	
0.719000	0.825097	1.123232	4.572032	30.034291	0.156456	-2415.968403	
0.720000	0.825097	0.750812	4.574514	30.048822	0.218760	-2415.634839	
0.721000	0.884292	0.750812	4.577997	30.063178	0.105834	-2415.299499	
0.722000	0.896977	0.767004	4.581730	30.077238	0.199290	-2414.962333	
0.723000	0.956171	0.718427	4.585057	30.090919	0.218760	-2414.623228	
0.724000	0.799728	1.009886	4.587838	30.104297	0.358942	-2414.282030	
0.725000	0.968856	0.864157	4.590090	30.117597	0.261593	-2413.938575	
0.726000	0.816641	1.026079	4.591862	30.130913	0.347261	-2413.592709	
0.727000	0.795500	0.864157	4.593234	30.144100	0.440716	-2413.244321	
0.728000	0.816641	0.928926	4.594362	30.157003	0.214866	-2412.893346	
0.729000	0.989997	0.807484	4.595510	30.169664	0.136986	-2412.539777	
0.730000	0.977312	0.799388	4.596662	30.182204	0.308321	-2412.183674	
0.731000	0.880064	0.815580	4.597471	30.194612	0.242123	-2411.825165	
0.732000	0.837782	0.993694	4.597656	30.206786	0.265487	-2411.464426	
0.733000	0.918118	0.758908	4.597021	30.218602	0.078577	-2411.101665	
0.734000	0.947715	0.839869	4.595467	30.229943	0.296639	-2410.737082	
0.735000	0.935030	0.750812	4.593140	30.240728	0.172032	-2410.370838	
0.736000	0.829325	1.009886	4.590569	30.250994	0.316109	-2410.003035	
0.737000	1.061876	0.726523	4.588670	30.260940	0.238229	-2409.633725	
0.738000	0.867379	0.799388	4.588188	30.270676	0.191502	-2409.262909	
0.739000	0.994225	0.888445	4.589069	30.280080	0.358942	-2408.890527	
0.740000	0.905433	0.791292	4.590805	30.289022	0.265487	-2408.516466	
0.741000	1.057648	0.791292	4.592971	30.297599	0.070789	-2408.140583	
0.742000	0.918118	0.896541	4.595187	30.305988	0.098047	-2407.762729	
0.743000	0.905433	0.912733	4.597058	30.314194	0.347261	-2407.382771	
0.744000	0.774359	1.009886	4.598254	30.322074	0.366730	-2407.000619	
0.745000	0.825097	0.807484	4.598675	30.329467	0.125304	-2406.616240	
0.746000	0.909661	0.807484	4.598537	30.336262	0.304427	-2406.229652	
0.747000	0.960400	0.864157	4.598199	30.342396	0.195396	-2405.840942	
0.748000	0.863151	1.050367	4.597902	30.347898	0.312215	-2405.450254	
0.749000	0.930802	0.888445	4.597604	30.352959	0.312215	-2405.057771	
0.750000	0.863151	0.888445	4.597027	30.357708	0.304427	-2404.663694	
0.751000	0.888520	0.945118	4.595777	30.362034	0.323897	-2404.268210	
0.752000	0.803956	0.864157	4.593898	30.365828	0.152562	-2403.871462	
0.753000	0.977312	0.815580	4.592204	30.369224	0.238229	-2403.473541	
0.754000	1.057648	0.661755	4.591270	30.372444	0.207078	-2403.074489	
0.755000	0.964628	0.969406	4.590766	30.375506	0.284957	-2402.674283	
0.756000	0.973084	0.791292	4.590271	30.378242	0.183714	-2402.272841	
0.757000	0.973084	0.864157	4.589803	30.380475	0.129198	-2401.870043	
0.758000	1.011138	0.742716	4.589592	30.382109	0.218760	-2401.465753	
0.759000	0.918118	0.839869	4.589740	30.383096	0.234335	-2401.059833	
0.760000	0.896977	0.856061	4.590009	30.383463	0.234335	-2400.652172	
0.761000	0.774359	0.847965	4.589891	30.383401	0.269381	-2400.242700	
0.762000	0.947715	0.953214	4.588928	30.383059	0.199290	-2399.831401	
0.763000	0.947715	0.823676	4.587225	30.382346	0.436822	-2399.418314	
0.764000	0.922346	0.880349	4.585385	30.381176	0.199290	-2399.003542	
0.765000	0.770130	0.864157	4.583699	30.379723	0.246017	-2398.587247	
0.766000	0.994225	0.775100	4.582095	30.378255	0.234335	-2398.169621	
0.767000	0.765902	1.026079	4.580518	30.376809	0.257699	-2397.750860	
0.768000	0.892748	0.961310	4.578862	30.375207	0.378412	-2397.331129	
0.769000	0.846238	1.026079	4.577164	30.373257	0.226548	-2396.910551	
0.770000	0.960400	0.718427	4.575862	30.370874	0.355048	-2396.489199	
0.771000	0.918118	0.669851	4.575273	30.368026	0.210972	-2396.067095	
0.772000	0.909661	1.017982	4.575282	30.364727	0.269381	-2395.644189	
0.773000	0.723620	0.937022	4.575798	30.361143	0.382306	-2395.220378	
0.774000	0.981541	0.856061	4.576935	30.357405	0.242123	-2394.795531	
0.775000	0.909661	0.961310	4.578781	30.353420	0.323897	-2394.369505	
0.776000	0.968856	0.928926	4.581356	30.349108	0.125304	-2393.942170	
0.777000	0.770130	0.912733	4.584855	30.344654	0.183714	-2393.513430	
0.778000	0.956171	0.864157	4.589627	30.340342	0.277169	-2393.083235	
0.779000	0.863151	0.799388	4.595839	30.336225	0.218760	-2392.651587	
0.780000	0.964628	1.017982	4.603256	30.332119	0.277169	-2392.218552	
0.781000	0.850466	0.823676	4.611161	30.327839	0.164244	-2391.784265	
0.782000	1.028051	0.896541	4.618518	30.323326	0.222654	-2391.348911	
0.783000	0.896977	0.969406	4.624446	30.318580	0.304427	-2390.912690	
0.784000	0.871607	1.009886	4.628446	30.313623	0.242123	-2390.475788	
0.785000	0.672882	0.847965	4.630189	30.308588	0.312215	-2390.038350	
0.786000	0.808184	0.896541	4.629372	30.303580	0.191502	-2389.600475	
0.787000	0.922346	0.815580	4.625731	30.298501	0.265487	-2389.162217	
0.788000	0.939259	0.758908	4.619295	30.293269	0.355048	-2388.723577	
0.789000	0.803956	0.864157	4.610780	30.288057	0.242123	-2388.284487	
0.790000	0.998453	0.847965	4.601412	30.283151	0.296639	-2387.844826	
0.791000	0.930802	0.702235	4.592276	30.278612	0.366730	-2387.404450	
0.792000	0.892748	1.082751	4.584024	30.274258	0.261593	-2386.963212	
0.793000	0.896977	0.750812	4.577035	30.269899	0.214866	-2386.520989	
0.794000	1.011138	0.896541	4.571953	30.265492	0.144774	-2386.077708	
0.795000	0.989997	0.734620	4.569863	30.261059	0.273275	-2385.633339	
0.796000	0.867379	1.131328	4.571012	30.256607	0.393988	-2385.187899	
0.797000	0.825097	0.742716	4.574258	30.252224	0.168138	-2384.741475	
0.798000	0.863151	0.823676	4.578296	30.247969	0.113622	-2384.294223	
0.799000	1.006910	0.847965	4.582223	30.243745	0.234335	-2383.846334	
0.800000	0.892748	0.791292	4.585411	30.239471	0.101940	-2383.398008	0.000000
0.801000	0.748989	0.856061	4.587530	30.235296	0.238229	-2382.949419	
0.802000	0.943487	0.815580	4.588453	30.231492	0.284957	-2382.500696	
0.803000	0.880064	0.961310	4.588253	30.228130	0.320003	-2382.051918	
0.804000	0.875836	1.131328	4.587072	30.225040	0.292745	-2381.603112	
0.805000	0.888520	0.775100	4.585001	30.222044	0.148668	-2381.154246	
0.806000	0.875836	0.864157	4.582319	30.219125	0.168138	-2380.705231	
0.807000	0.977312	0.839869	4.579528	30.216332	0.222654	-2380.255934	
0.808000	0.858923	1.098943	4.577032	30.213649	0.386200	-2379.806198	
0.809000	0.753218	1.058463	4.574985	30.211067	0.203184	-2379.355868	
0.810000	0.812412	0.937022	4.573464	30.208553	0.090259	-2378.904832	
0.811000	0.960400	0.856061	4.572672	30.205987	0.284957	-2378.453024	
0.812000	0.913889	0.872253	4.572819	30.203282	0.269381	-2378.000428	
0.813000	0.837782	0.839869	4.573838	30.200541	0.172032	-2377.547077	
0.814000	0.985769	0.661755	4.575415	30.198005	0.187608	-2377.093078	
0.815000	0.968856	0.864157	4.577134	30.195759	0.409564	-2376.638594	
0.816000	0.951943	1.082751	4.578556	30.193646	0.351155	-2376.183823	
0.817000	0.922346	0.856061	4.579465	30.191503	0.195396	-2375.728966	
0.818000	0.981541	0.888445	4.579778	30.189353	0.086365	-2375.274193	
0.819000	0.943487	0.912733	4.579270	30.187292	0.136986	-2374.819625	
0.820000	0.871607	1.034175	4.578045	30.185319	0.261593	-2374.365326	
0.821000	0.850466	0.856061	4.576803	30.183383	0.253805	-2373.911307	
0.822000	0.951943	0.937022	4.575943	30.181417	0.140880	-2373.457519	
0.823000	0.905433	0.977502	4.575255	30.179310	0.246017	-2373.003855	
0.824000	0.951943	0.791292	4.574629	30.176983	0.253805	-2372.550166	
0.825000	0.744761	0.977502	4.574133	30.174508	0.374518	-2372.096288	
0.826000	0.947715	0.799388	4.573693	30.172103	0.273275	-2371.642067	
0.827000	0.880064	0.912733	4.573049	30.169867	0.308321	-2371.187392	
0.828000	1.002682	0.920829	4.572166	30.167655	0.335579	-2370.732200	
0.829000	0.939259	0.880349	4.572288	30.165319	0.199290	-2370.276483	
0.830000	1.044964	0.847965	4.575211	30.162914	0.222654	-2369.820301	
0.831000	0.905433	0.580794	4.581200	30.160576	0.308321	-2369.363786	
0.832000	0.939259	1.009886	4.589057	30.158299	0.288851	-2368.907116	
0.833000	0.795500	0.839869	4.597203	30.155972	0.214866	-2368.450487	
0.834000	0.939259	0.807484	4.604167	30.153471	0.066895	-2367.994094	
0.835000	0.884292	0.831773	4.609057	30.150679	0.296639	-2367.538093	
0.836000	1.049192	0.596986	4.611602	30.147515	0.292745	-2367.082586	
0.837000	0.833553	0.920829	4.611944	30.144013	0.234335	-2366.627621	
0.838000	0.973084	0.718427	4.610624	30.140374	0.351155	-2366.173191	
0.839000	0.888520	0.904637	4.608354	30.136723	0.257699	-2365.719229	
0.840000	0.977312	0.864157	4.605779	30.132943	0.331685	-2365.265613	
0.841000	0.871607	0.710331	4.603394	30.128911	0.210972	-2364.812192	
0.842000	0.956171	0.839869	4.601381	30.124731	0.016273	-2364.358808	
0.843000	0.901205	0.856061	4.599699	30.120591	0.284957	-2363.905321	
0.844000	0.837782	1.074655	4.598462	30.116493	0.281063	-2363.451632	
0.845000	0.803956	0.920829	4.597961	30.112286	0.273275	-2362.997692	
0.846000	0.909661	0.775100	4.598407	30.107802	0.187608	-2362.543510	
0.847000	0.964628	0.702235	4.599817	30.102932	0.234335	-2362.089168	
0.848000	0.947715	0.856061	4.601875	30.097610	0.230441	-2361.634805	
0.849000	0.854694	0.896541	4.603989	30.091862	0.304427	-2361.180597	
0.850000	0.842010	0.847965	4.605653	30.085882	0.304427	-2360.726731	
0.851000	0.880064	0.904637	4.606599	30.079802	0.339473	-2360.273380	
0.852000	0.930802	0.896541	4.606406	30.073514	0.355048	-2359.820677	
0.853000	0.905433	0.661755	4.604764	30.066911	0.160350	-2359.368701	
0.854000	0.837782	0.783196	4.602639	30.060132	0.183714	-2358.917480	
0.855000	1.023823	0.629370	4.601659	30.053410	0.203184	-2358.466981	
0.856000	0.960400	0.686043	4.602370	30.046765	0.312215	-2358.017111	
0.857000	0.947715	0.710331	4.604416	30.040028	0.261593	-2357.567734	
0.858000	0.888520	0.880349	4.607375	30.033017	0.121410	-2357.118697	
0.859000	0.981541	0.799388	4.610838	30.025639	0.253805	-2356.669854	
0.860000	0.884292	0.904637	4.614433	30.017854	0.164244	-2356.221083	
0.861000	0.896977	0.880349	4.617794	30.009684	0.218760	-2355.772302	
0.862000	0.634828	0.653659	4.620479	30.001312	0.246017	-2355.323471	
0.863000	0.935030	0.831773	4.622226	29.992880	0.273275	-2354.874611	
0.864000	0.833553	0.831773	4.623129	29.984298	0.366730	-2354.425813	
0.865000	0.896977	0.799388	4.623381	29.975478	0.335579	-2353.977223	
0.866000	0.736305	0.969406	4.622972	29.966596	0.226548	-2353.529016	
0.867000	1.002682	0.815580	4.621650	29.957923	0.246017	-2353.081371	
0.868000	0.837782	0.937022	4.619243	29.949494	0.425140	-2352.634438	
0.869000	0.888520	1.050367	4.616034	29.941129	0.393988	-2352.188321	
0.870000	0.846238	0.710331	4.612481	29.932638	0.183714	-2351.743082	
0.871000	1.023823	0.856061	4.608795	29.923939	0.199290	-2351.298730	
0.872000	0.956171	0.758908	4.605077	29.915006	0.238229	-2350.855212	
0.873000	0.968856	0.904637	4.601614	29.905851	0.288851	-2350.412409	
0.874000	0.723620	0.839869	4.598826	29.896636	0.207078	-2349.970171	
0.875000	0.968856	0.945118	4.597022	29.887489	0.148668	-2349.528339	
0.876000	0.909661	0.823676	4.596229	29.878318	0.292745	-2349.086768	
0.877000	0.892748	0.945118	4.596238	29.869046	0.179820	-2348.645344	
0.878000	0.715164	0.799388	4.597249	29.859862	0.113622	-2348.204002	
0.879000	1.023823	0.920829	4.600340	29.851060	0.242123	-2347.762727	
0.880000	0.888520	0.791292	4.606396	29.842693	0.300533	-2347.321565	
0.881000	0.884292	1.009886	4.614963	29.834578	0.249911	-2346.880630	
0.882000	0.875836	0.856061	4.624655	29.826525	0.187608	-2346.440081	
0.883000	0.994225	0.912733	4.634154	29.818474	0.172032	-2346.000102	
0.884000	0.935030	0.677947	4.642750	29.810425	0.172032	-2345.560868	
0.885000	0.787043	1.050367	4.650098	29.802388	0.355048	-2345.122511	
0.886000	0.677110	0.880349	4.655533	29.794481	0.362836	-2344.685108	
0.887000	0.888520	1.001790	4.658233	29.786789	0.261593	-2344.248693	
0.888000	0.989997	0.758908	4.657964	29.779210	0.323897	-2343.813246	
0.889000	0.875836	0.823676	4.655081	29.771660	0.308321	-2343.378680	
0.890000	0.765902	0.815580	4.650227	29.764312	0.203184	-2342.944855	
0.891000	1.006910	0.839869	4.644101	29.757454	0.203184	-2342.511608	
0.892000	0.926574	0.767004	4.637085	29.751147	0.195396	-2342.078773	
0.893000	0.871607	1.115135	4.629294	29.745207	0.308321	-2341.646208	
0.894000	0.939259	0.912733	4.620986	29.739442	0.230441	-2341.213815	
0.895000	1.015366	0.904637	4.612657	29.733809	0.082471	-2340.781548	
0.896000	1.011138	0.702235	4.604889	29.728334	0.117516	-2340.349416	
0.897000	0.905433	0.880349	4.598193	29.723016	0.288851	-2339.917492	
0.898000	0.727848	0.807484	4.592824	29.717915	0.327791	-2339.485910	
0.899000	0.863151	0.904637	4.588614	29.713065	0.047425	-2339.054846	
0.900000	0.973084	0.880349	4.585130	29.708361	0.292745	-2338.624488	0.000000
0.901000	0.846238	0.985598	4.581949	29.703727	0.312215	-2338.194997	
0.902000	0.736305	1.009886	4.578830	29.699302	0.238229	-2337.766485	
0.903000	0.985769	1.082751	4.575713	29.695353	0.355048	-2337.339012	
0.904000	0.875836	0.872253	4.572759	29.691953	0.281063	-2336.912589	
0.905000	0.799728	1.026079	4.570473	29.688931	0.273275	-2336.487166	
0.906000	0.964628	0.904637	4.569246	29.686108	0.265487	-2336.062633	
0.907000	1.006910	0.904637	4.569005	29.683476	0.136986	-2335.638844	
0.908000	0.964628	0.856061	4.569598	29.681093	0.323897	-2335.215630	
0.909000	0.858923	1.082751	4.570990	29.678946	0.386200	-2334.792824	
0.910000	0.765902	1.026079	4.573068	29.677001	0.246017	-2334.370290	
0.911000	0.829325	0.912733	4.575526	29.675202	0.179820	-2333.947947	
0.912000	0.939259	0.880349	4.577928	29.673420	0.261593	-2333.525764	
0.913000	0.951943	0.775100	4.579895	29.671561	0.199290	-2333.103762	
0.914000	0.829325	0.880349	4.581185	29.669716	0.253805	-2332.682024	
0.915000	1.083017	0.953214	4.581651	29.668117	0.226548	-2332.260696	
0.916000	0.926574	0.856061	4.581138	29.666856	0.265487	-2331.839956	
0.917000	0.905433	1.066559	4.579373	29.665781	0.382306	-2331.419984	
0.918000	0.854694	0.904637	4.576125	29.664736	0.172032	-2331.000933	
0.919000	0.985769	0.734620	4.571495	29.663754	0.094153	-2330.582906	
0.920000	0.871607	0.823676	4.565759	29.662940	0.300533	-2330.165953	
0.921000	0.909661	0.969406	4.559187	29.662283	0.277169	-2329.750063	
0.922000	0.723620	0.977502	4.552276	29.661700	0.253805	-2329.335159	
0.923000	0.939259	0.839869	4.545762	29.661091	0.121410	-2328.921115	
0.924000	0.842010	1.017982	4.540262	29.660339	0.304427	-2328.507774	
0.925000	0.892748	0.686043	4.536188	29.659367	0.300533	-2328.094961	
0.926000	0.782815	1.001790	4.533854	29.658232	0.257699	-2327.682509	
0.927000	1.006910	0.945118	4.533220	29.657144	0.292745	-2327.270290	
0.928000	0.850466	0.937022	4.534117	29.656207	0.265487	-2326.858225	
0.929000	0.863151	0.904637	4.536994	29.655285	0.207078	-2326.446292	
0.930000	0.875836	0.937022	4.542440	29.654237	0.343367	-2326.034537	
0.931000	1.057648	1.026079	4.550106	29.653133	0.074683	-2325.623080	
0.932000	0.981541	0.799388	4.558847	29.652120	0.277169	-2325.212087	
0.933000	0.977312	0.928926	4.567468	29.651192	0.246017	-2324.801744	
0.934000	0.829325	0.969406	4.575007	29.650219	0.308321	-2324.392226	
0.935000	0.968856	0.920829	4.580785	29.649062	0.055213	-2323.983678	
0.936000	0.918118	0.758908	4.584451	29.647605	0.207078	-2323.576191	
0.937000	0.981541	0.847965	4.586066	29.645779	0.308321	-2323.169802	
0.938000	0.867379	0.969406	4.586210	29.643621	0.226548	-2322.764480	
0.939000	0.909661	0.961310	4.585512	29.641341	0.249911	-2322.360132	
0.940000	0.905433	0.799388	4.584213	29.639077	0.249911	-2321.956617	
0.941000	0.905433	0.969406	4.582616	29.636721	0.296639	-2321.553765	
0.942000	0.875836	0.977502	4.581399	29.634161	0.269381	-2321.151399	
0.943000	0.901205	0.872253	4.581259	29.631516	0.035743	-2320.749364	
0.944000	0.863151	0.799388	4.582423	29.628985	0.175926	-2320.347550	
0.945000	0.846238	1.082751	4.584441	29.626573	0.362836	-2319.945888	
0.946000	0.905433	0.823676	4.586707	29.624113	0.320003	-2319.544368	
0.947000	0.939259	0.767004	4.589050	29.621429	0.094153	-2319.143054	
0.948000	0.985769	0.783196	4.591490	29.618418	0.265487	-2318.742080	
0.949000	0.905433	0.928926	4.593794	29.615023	0.234335	-2318.341612	
0.950000	0.892748	0.969406	4.595694	29.611267	0.362836	-2317.941832	
0.951000	0.787043	0.847965	4.597340	29.607334	0.249911	-2317.542902	
0.952000	0.922346	0.791292	4.599016	29.603355	0.238229	-2317.144944	
0.953000	0.909661	0.977502	4.600667	29.599227	0.277169	-2316.748033	
0.954000	0.968856	0.548410	4.602155	29.594849	0.179820	-2316.352185	
0.955000	0.884292	0.815580	4.603428	29.590373	0.070789	-2315.957354	
0.956000	1.019594	0.686043	4.604348	29.586047	0.148668	-2315.563433	
0.957000	0.909661	0.904637	4.604838	29.581897	0.191502	-2315.170270	
0.958000	0.922346	0.896541	4.604938	29.577747	0.308321	-2314.777692	
0.959000	0.905433	0.920829	4.604649	29.573407	0.249911	-2314.385531	
0.960000	0.994225	0.791292	4.604012	29.568789	0.269381	-2313.993649	
0.961000	0.837782	0.564602	4.603154	29.563855	0.323897	-2313.601955	
0.962000	1.006910	0.920829	4.602339	29.558623	0.417352	-2313.210395	
0.963000	0.698251	0.872253	4.602061	29.553269	0.335579	-2312.818977	
0.964000	0.901205	0.564602	4.602647	29.547932	0.261593	-2312.427782	
0.965000	0.918118	0.961310	4.603890	29.542517	0.300533	-2312.036950	
0.966000	0.977312	0.872253	4.605299	29.536938	0.218760	-2311.646652	
0.967000	0.706707	0.839869	4.606495	29.531372	0.172032	-2311.257058	
0.968000	1.002682	0.710331	4.607376	29.526099	0.288851	-2310.868311	
0.969000	0.808184	0.791292	4.608071	29.521166	0.238229	-2310.480506	
0.970000	0.926574	1.131328	4.608685	29.516387	0.273275	-2310.093689	
0.971000	0.871607	0.767004	4.609120	29.511564	0.152562	-2309.707859	
0.972000	1.061876	0.928926	4.609183	29.506623	0.183714	-2309.322951	
0.973000	0.994225	0.775100	4.608845	29.501548	0.183714	-2308.938841	
0.974000	0.973084	0.839869	4.608404	29.496357	0.284957	-2308.555367	
0.975000	0.706707	0.686043	4.608258	29.491207	0.121410	-2308.172349	
0.976000	0.896977	0.775100	4.608744	29.486219	0.133092	-2307.789625	
0.977000	0.905433	0.775100	4.610218	29.481303	0.261593	-2307.407075	
0.978000	0.918118	0.734620	4.612878	29.476380	0.203184	-2307.024618	
0.979000	0.782815	0.653659	4.616589	29.471632	0.292745	-2306.642225	
0.980000	1.019594	0.847965	4.621048	29.467357	0.269381	-2306.259928	
0.981000	0.892748	0.742716	4.625778	29.463616	0.292745	-2305.877828	
0.982000	0.896977	0.993694	4.630068	29.460229	0.362836	-2305.496073	
0.983000	0.888520	0.686043	4.633215	29.457006	0.210972	-2305.114835	
0.984000	0.892748	0.985598	4.634834	29.453890	0.125304	-2304.734284	
0.985000	0.935030	0.872253	4.634955	29.450888	0.210972	-2304.354550	
0.986000	0.808184	1.188000	4.633888	29.447998	0.308321	-2303.975704	
0.987000	0.715164	0.912733	4.632075	29.445313	0.351155	-2303.597770	
0.988000	0.880064	0.791292	4.629689	29.442900	0.292745	-2303.220723	
0.989000	0.956171	0.426968	4.626556	29.440655	0.304427	-2302.844478	
0.990000	0.939259	0.742716	4.622736	29.438494	0.210972	-2302.468897	
0.991000	0.770130	0.718427	4.618668	29.436583	0.253805	-2302.093809	
0.992000	1.011138	0.847965	4.614894	29.435204	0.261593	-2301.719040	
0.993000	0.947715	0.872253	4.611702	29.434425	0.265487	-2301.344436	
0.994000	0.901205	0.758908	4.608655	29.434064	0.257699	-2300.969889	
0.995000	0.905433	0.823676	4.604549	29.433934	0.140880	-2300.595342	
0.996000	0.994225	0.686043	4.598413	29.434003	-0.018773	-2300.220794	
0.997000	0.968856	0.507929	4.590513	29.434311	0.183714	-2299.846311	
0.998000	0.871607	0.969406	4.581848	29.434849	0.265487	-2299.472017	
0.999000	0.782815	0.993694	4.573222	29.435644	0.281063	-2299.098069	
1.000000	0.837782	0.993694	4.565087	29.436698	0.160350	-2298.724645	0.000000
1.001000	0.905433	0.961310	4.557644	29.437897	0.327791	-2298.351903	
1.002000	0.867379	0.888445	4.551009	29.439158	0.277169	-2297.979953	
1.003000	0.757446	0.920829	4.545618	29.440602	0.281063	-2297.608849	
1.004000	0.981541	0.653659	4.542294	29.442487	0.288851	-2297.238592	
1.005000	0.939259	0.839869	4.541552	29.444893	0.425140	-2296.869125	
1.006000	0.947715	1.115135	4.543226	29.447652	0.417352	-2296.500333	
1.007000	0.896977	0.953214	4.546971	29.450586	0.199290	-2296.132058	
1.008000	0.981541	0.864157	4.552420	29.453699	0.203184	-2295.764129	
1.009000	0.947715	0.791292	4.558911	29.457059	0.230441	-2295.396376	
1.010000	0.846238	1.058463	4.565754	29.460652	0.265487	-2295.028659	
1.011000	0.782815	0.815580	4.572526	29.464434	0.308321	-2294.660889	
1.012000	0.968856	0.807484	4.578458	29.468341	0.144774	-2294.293028	
1.013000	0.960400	0.880349	4.582407	29.472251	0.327791	-2293.925101	
1.014000	1.006910	0.872253	4.584023	29.476074	0.214866	-2293.557199	
1.015000	0.820869	1.082751	4.583812	29.479892	0.179820	-2293.189461	
1.016000	1.028051	0.734620	4.582407	29.483935	0.203184	-2292.822061	
1.017000	0.854694	0.896541	4.580488	29.488301	0.300533	-2292.455172	
1.018000	0.901205	0.945118	4.578510	29.492841	0.269381	-2292.088937	
1.019000	0.850466	0.880349	4.576329	29.497402	0.156456	-2291.723449	
1.020000	0.998453	0.710331	4.573250	29.502027	0.140880	-2291.358753	
1.021000	0.867379	0.912733	4.568760	29.506836	0.300533	-2290.994838	
1.022000	0.854694	1.090847	4.563159	29.511820	0.304427	-2290.631623	
1.023000	0.765902	1.042271	4.557283	29.516880	0.343367	-2290.268973	
1.024000	0.935030	0.839869	4.552056	29.521899	0.047425	-2289.906724	
1.025000	0.896977	0.904637	4.548234	29.526755	0.401776	-2289.544704	
1.026000	0.947715	0.864157	4.546394	29.531361	0.292745	-2289.182748	
1.027000	0.803956	1.058463	4.546759	29.535753	0.222654	-2288.820729	
1.028000	0.918118	0.823676	4.548970	29.540126	0.327791	-2288.458566	
1.029000	0.837782	0.807484	4.552082	29.544583	0.249911	-2288.096239	
1.030000	0.989997	0.839869	4.554693	29.548989	0.343367	-2287.733797	
1.031000	0.880064	0.710331	4.555921	29.553206	0.277169	-2287.371352	
1.032000	1.061876	0.807484	4.555934	29.557317	0.016273	-2287.009068	
1.033000	1.011138	0.750812	4.555231	29.561492	0.277169	-2286.647128	
1.034000	0.918118	0.839869	4.554289	29.565734	0.288851	-2286.285704	
1.035000	0.829325	0.872253	4.553620	29.569908	0.191502	-2285.924928	
1.036000	0.833553	0.831773	4.553566	29.573865	0.121410	-2285.564888	
1.037000	0.989997	0.767004	4.554012	29.577493	0.343367	-2285.205622	
1.038000	0.994225	0.758908	4.554605	29.580724	0.218760	-2284.847106	
1.039000	0.880064	0.775100	4.555230	29.583586	0.327791	-2284.489248	
1.040000	0.905433	0.686043	4.556107	29.586278	0.308321	-2284.131898	
1.041000	0.922346	0.896541	4.557532	29.588936	0.316109	-2283.774883	
1.042000	0.913889	1.026079	4.559527	29.591453	0.339473	-2283.418024	
1.043000	0.795500	0.896541	4.561838	29.593717	0.249911	-2283.061168	
1.044000	0.905433	0.864157	4.564272	29.595856	0.207078	-2282.704201	
1.045000	1.002682	0.783196	4.566873	29.598080	0.284957	-2282.347061	
1.046000	0.816641	0.928926	4.569878	29.600395	0.261593	-2281.989738	
1.047000	0.905433	0.880349	4.573446	29.602629	0.187608	-2281.632293	
1.048000	0.850466	0.977502	4.577296	29.604597	0.187608	-2281.274855	
1.049000	1.036507	0.880349	4.580827	29.606195	0.261593	-2280.917596	
1.050000	0.930802	0.783196	4.583592	29.607370	0.308321	-2280.560700	
1.051000	0.973084	0.896541	4.585513	29.608137	0.304427	-2280.204330	
1.052000	0.715164	0.993694	4.586532	29.608681	0.257699	-2279.848602	
1.053000	0.901205	0.758908	4.586374	29.609138	0.246017	-2279.493585	
1.054000	0.884292	0.653659	4.584833	29.609407	0.253805	-2279.139298	
1.055000	0.930802	0.767004	4.581948	29.609394	0.191502	-2278.785693	
1.056000	0.803956	1.009886	4.578137	29.609265	0.098047	-2278.432662	
1.057000	1.044964	0.864157	4.574234	29.609281	0.265487	-2278.080053	
1.058000	0.880064	0.953214	4.571022	29.609478	0.230441	-2277.727691	
1.059000	0.913889	0.969406	4.568816	29.609680	0.249911	-2277.375402	
1.060000	0.803956	0.904637	4.567395	29.609700	0.148668	-2277.023045	
1.061000	0.913889	0.807484	4.566424	29.609452	0.175926	-2276.670528	
1.062000	0.816641	0.718427	4.565873	29.608900	0.117516	-2276.317804	
1.063000	0.858923	0.904637	4.565937	29.608060	0.257699	-2275.964879	
1.064000	0.634828	0.823676	4.566887	29.607104	0.386200	-2275.611825	
1.065000	0.981541	0.872253	4.568777	29.606165	0.249911	-2275.258779	
1.066000	0.922346	0.807484	4.571295	29.605149	0.277169	-2274.905911	
1.067000	0.930802	0.864157	4.574045	29.603972	0.257699	-2274.553393	
1.068000	0.698251	0.823676	4.576644	29.602812	0.226548	-2274.201370	
1.069000	0.951943	0.888445	4.578764	29.601951	0.214866	-2273.849940	
1.070000	0.875836	0.856061	4.580302	29.601434	0.374518	-2273.499154	
1.071000	0.964628	0.993694	4.581272	29.601067	0.401776	-2273.149011	
1.072000	0.998453	0.613178	4.581639	29.600652	0.238229	-2272.799449	
1.073000	1.078789	0.815580	4.581460	29.600120	0.152562	-2272.450347	
1.074000	0.973084	0.702235	4.581072	29.599466	0.281063	-2272.101552	
1.075000	0.854694	0.945118	4.580928	29.598702	0.308321	-2271.752887	
1.076000	0.710936	0.783196	4.581291	29.597956	0.214866	-2271.404190	
1.077000	0.896977	0.961310	4.582316	29.597324	0.187608	-2271.055338	
1.078000	0.930802	0.516025	4.584426	29.596709	0.358942	-2270.706255	
1.079000	0.884292	0.839869	4.588208	29.596031	0.183714	-2270.356906	
1.080000	0.744761	0.775100	4.593715	29.595472	0.230441	-2270.007316	
1.081000	1.036507	0.856061	4.600179	29.595325	0.316109	-2269.657581	
1.082000	0.880064	0.734620	4.606362	29.595653	0.347261	-2269.307844	
1.083000	0.825097	1.042271	4.611202	29.596274	0.429034	-2268.958276	
1.084000	0.939259	0.896541	4.614304	29.596998	0.292745	-2268.609043	
1.085000	0.960400	0.888445	4.615882	29.597774	0.183714	-2268.260278	
1.086000	0.892748	0.856061	4.616098	29.598619	0.393988	-2267.912063	
1.087000	0.846238	0.985598	4.614831	29.599534	0.347261	-2267.564423	
1.088000	0.732077	0.758908	4.612226	29.600591	0.246017	-2267.217334	
1.089000	0.854694	0.686043	4.608818	29.601834	0.117516	-2266.870714	
1.090000	1.006910	0.742716	4.605236	29.603154	0.312215	-2266.524431	
1.091000	0.913889	0.928926	4.601976	29.604466	0.316109	-2266.178321	
1.092000	0.812412	0.839869	4.599161	29.605916	0.347261	-2265.832211	
1.093000	1.032279	0.823676	4.596802	29.607772	0.242123	-2265.485955	
1.094000	0.956171	0.815580	4.595184	29.610104	0.308321	-2265.139448	
1.095000	0.880064	0.920829	4.594518	29.612740	0.401776	-2264.792631	
1.096000	0.951943	0.637467	4.594671	29.615499	0.172032	-2264.445500	
1.097000	0.977312	0.831773	4.595516	29.618364	0.008485	-2264.098123	
1.098000	1.015366	0.847965	4.596931	29.621383	0.304427	-2263.750628	
1.099000	0.850466	1.090847	4.598485	29.624548	0.347261	-2263.403173	
1.100000	0.787043	0.985598	4.599610	29.627868	0.222654	-2263.055930	0.000000
1.101000	0.871607	0.791292	4.599871	29.631327	0.172032	-2262.709054	
1.102000	0.863151	0.896541	4.599187	29.634812	0.327791	-2262.362662	
1.103000	0.888520	0.677947	4.597760	29.638235	0.203184	-2262.016813	
1.104000	0.744761	0.742716	4.595611	29.641692	0.347261	-2261.671511	
1.105000	1.036507	0.904637	4.592910	29.645416	0.308321	-2261.326702	
1.106000	0.829325	0.864157	4.590326	29.649480	0.378412	-2260.982277	
1.107000	0.926574	1.026079	4.588450	29.653722	0.401776	-2260.638085	
1.108000	0.888520	0.864157	4.587461	29.657972	0.242123	-2260.293959	
1.109000	1.032279	0.742716	4.587337	29.662246	0.133092	-2259.949738	
1.110000	0.951943	0.823676	4.588154	29.666631	0.292745	-2259.605292	
1.111000	0.892748	0.945118	4.590080	29.671116	0.296639	-2259.260530	
1.112000	0.833553	0.726523	4.593033	29.675633	0.331685	-2258.915410	
1.113000	0.981541	0.718427	4.596630	29.680098	0.094153	-2258.569951	
1.114000	0.913889	0.880349	4.600501	29.684393	0.382306	-2258.224243	
1.115000	0.998453	0.686043	4.604383	29.688440	0.172032	-2257.878431	
1.116000	0.825097	0.945118	4.607871	29.692310	0.214866	-2257.532687	
1.117000	1.023823	0.742716	4.610466	29.696224	0.195396	-2257.187180	
1.118000	0.833553	0.953214	4.611767	29.700284	0.358942	-2256.842057	
1.119000	0.905433	1.131328	4.611488	29.704353	0.405670	-2256.497412	
1.120000	0.918118	1.001790	4.609203	29.708289	0.316109	-2256.153290	
1.121000	1.028051	0.823676	4.604242	29.712152	-0.038242	-2255.809684	
1.122000	0.816641	0.880349	4.596539	29.716083	0.265487	-2255.466521	
1.123000	0.956171	0.937022	4.587163	29.720073	0.460186	-2255.123668	
1.124000	0.854694	0.993694	4.577539	29.723998	0.518595	-2254.780964	
1.125000	0.905433	0.928926	4.568790	29.727720	0.094153	-2254.438240	
1.126000	0.854694	0.985598	4.561693	29.731122	0.300533	-2254.095343	
1.127000	0.892748	0.896541	4.556559	29.734125	0.257699	-2253.752155	
1.128000	0.829325	1.123232	4.553128	29.736758	0.160350	-2253.408602	
1.129000	0.964628	0.767004	4.550566	29.739208	0.246017	-2253.064661	
1.130000	0.892748	0.791292	4.547791	29.741591	0.238229	-2252.720380	
1.131000	0.956171	0.872253	4.544478	29.743784	0.304427	-2252.375876	
1.132000	0.926574	0.831773	4.541237	29.745664	0.144774	-2252.031314	
1.133000	1.006910	0.928926	4.538693	29.747344	0.133092	-2251.686878	
1.134000	0.956171	0.807484	4.537123	29.749022	0.323897	-2251.342744	
1.135000	0.871607	1.001790	4.536468	29.750711	0.249911	-2250.999048	
1.136000	0.850466	0.953214	4.536394	29.752255	0.168138	-2250.655875	
1.137000	0.947715	0.799388	4.536465	29.753484	0.121410	-2250.313264	
1.138000	0.913889	0.775100	4.536322	29.754291	0.175926	-2249.971202	
1.139000	0.930802	0.880349	4.536013	29.754617	0.179820	-2249.629604	
1.140000	0.888520	0.985598	4.536062	29.754489	0.281063	-2249.288324	
1.141000	0.854694	0.945118	4.537025	29.754101	0.374518	-2248.947189	
1.142000	0.820869	1.017982	4.539257	29.753593	0.277169	-2248.606024	
1.143000	0.867379	0.928926	4.543066	29.752863	0.355048	-2248.264682	
1.144000	0.909661	0.669851	4.548555	29.751808	0.323897	-2247.923053	
1.145000	0.951943	0.839869	4.555311	29.750573	0.172032	-2247.581075	
1.146000	1.002682	0.742716	4.562712	29.749390	0.257699	-2247.238741	
1.147000	0.926574	0.807484	4.570324	29.748279	0.284957	-2246.896112	
1.148000	0.909661	0.847965	4.577688	29.747066	0.172032	-2246.553318	
1.149000	0.909661	0.847965	4.584202	29.745567	0.136986	-2246.210531	
1.150000	1.023823	0.791292	4.589376	29.743688	0.300533	-2245.867940	
1.151000	0.935030	0.847965	4.592918	29.741388	0.230441	-2245.525712	
1.152000	0.918118	0.831773	4.594749	29.738686	0.281063	-2245.183967	
1.153000	0.757446	0.564602	4.595329	29.735760	0.238229	-2244.842774	
1.154000	0.875836	0.839869	4.595666	29.732750	0.218760	-2244.502152	
1.155000	0.922346	0.847965	4.596534	29.729563	0.284957	-2244.162064	
1.156000	0.947715	0.637467	4.598052	29.726114	0.222654	-2243.822405	
1.157000	0.744761	0.807484	4.600040	29.722581	0.273275	-2243.483025	
1.158000	0.994225	0.864157	4.602244	29.719238	0.242123	-2243.143752	
1.159000	0.833553	0.945118	4.604272	29.716125	0.257699	-2242.804416	
1.160000	0.863151	1.042271	4.605710	29.713059	0.343367	-2242.464877	
1.161000	0.778587	0.961310	4.606251	29.709849	0.031849	-2242.125044	
1.162000	0.994225	0.864157	4.605617	29.706417	0.222654	-2241.784879	
1.163000	1.006910	0.888445	4.603812	29.702739	0.281063	-2241.444397	
1.164000	0.935030	0.945118	4.601279	29.698825	0.351155	-2241.103680	
1.165000	0.677110	0.758908	4.598381	29.694832	0.304427	-2240.762866	
1.166000	0.922346	0.815580	4.595156	29.690885	0.210972	-2240.422131	
1.167000	0.892748	0.856061	4.591662	29.686890	0.452398	-2240.081656	
1.168000	0.909661	0.872253	4.588191	29.682766	0.269381	-2239.741590	
1.169000	0.761674	0.815580	4.584876	29.678698	0.312215	-2239.402037	
1.170000	1.061876	0.928926	4.581214	29.674977	0.195396	-2239.063048	
1.171000	0.888520	0.750812	4.576639	29.671658	0.281063	-2238.724628	
1.172000	0.989997	0.880349	4.571339	29.668559	0.281063	-2238.386713	
1.173000	0.901205	0.791292	4.566087	29.665490	0.152562	-2238.049184	
1.174000	1.002682	0.856061	4.561669	29.662399	0.148668	-2237.711888	
1.175000	0.947715	0.823676	4.558551	29.659294	0.222654	-2237.374657	
1.176000	0.905433	0.969406	4.556787	29.656188	0.273275	-2237.037327	
1.177000	0.774359	0.904637	4.556110	29.653196	0.210972	-2236.699768	
1.178000	0.858923	0.775100	4.556119	29.650402	0.168138	-2236.361899	
1.179000	1.015366	0.677947	4.556483	29.647706	0.304427	-2236.023695	
1.180000	0.867379	0.775100	4.556934	29.645025	0.312215	-2235.685191	
1.181000	0.660197	0.694139	4.557276	29.642518	0.199290	-2235.346491	
1.182000	0.973084	0.896541	4.557417	29.640463	0.284957	-2235.007743	
1.183000	0.901205	0.872253	4.557315	29.638926	0.374518	-2234.669118	
1.184000	0.812412	1.123232	4.557128	29.637724	0.401776	-2234.330782	
1.185000	0.918118	0.775100	4.557192	29.636670	0.222654	-2233.992867	
1.186000	0.880064	0.734620	4.557698	29.635730	0.199290	-2233.655459	
1.187000	0.994225	0.548410	4.558627	29.634936	0.249911	-2233.318595	
1.188000	0.918118	0.985598	4.559829	29.634281	0.327791	-2232.982252	
1.189000	0.825097	0.677947	4.561059	29.633800	0.308321	-2232.646348	
1.190000	0.875836	0.872253	4.562195	29.633501	0.004591	-2232.310754	
1.191000	1.011138	0.839869	4.563286	29.633272	0.199290	-2231.975315	
1.192000	0.909661	0.815580	4.564312	29.633032	0.183714	-2231.639865	
1.193000	0.723620	0.775100	4.565233	29.632913	0.148668	-2231.304254	
1.194000	0.951943	0.750812	4.565965	29.633181	0.187608	-2230.968371	
1.195000	0.913889	0.839869	4.566260	29.633919	0.343367	-2230.632156	
1.196000	0.820869	1.017982	4.566138	29.634961	0.300533	-2230.295606	
1.197000	0.981541	0.920829	4.566004	29.636133	0.218760	-2229.958785	
1.198000	0.977312	0.872253	4.566086	29.637439	0.109728	-2229.621824	
1.199000	0.960400	0.791292	4.566288	29.638954	0.234335	-2229.284890	
1.200000	0.880064	1.066559	4.566465	29.640671	0.421246	-2228.948157	0.000000
1.201000	0.706707	0.839869	4.566513	29.642555	0.366730	-2228.611780	
1.202000	0.825097	0.856061	4.566224	29.644547	0.183714	-2228.275875	
1.203000	0.977312	0.896541	4.565329	29.646526	0.277169	-2227.940513	
1.204000	0.905433	0.888445	4.563801	29.648398	0.327791	-2227.605707	
1.205000	0.812412	0.969406	4.561924	29.650242	0.265487	-2227.271410	
1.206000	0.960400	0.775100	4.560032	29.652277	0.284957	-2226.937510	
1.207000	0.918118	0.864157	4.558432	29.654591	0.269381	-2226.603861	
1.208000	0.939259	0.831773	4.557356	29.657026	0.327791	-2226.270294	
1.209000	0.935030	0.880349	4.556958	29.659426	0.273275	-2225.936644	
1.210000	1.036507	0.734620	4.557484	29.661828	0.156456	-2225.602783	
1.211000	1.015366	0.864157	4.559337	29.664350	0.347261	-2225.268626	
1.212000	0.926574	0.993694	4.563065	29.666980	0.257699	-2224.934132	
1.213000	0.829325	0.831773	4.569019	29.669627	0.292745	-2224.599318	
1.214000	0.909661	0.734620	4.576741	29.672183	0.086365	-2224.264279	
1.215000	0.973084	0.734620	4.585073	29.674531	0.098047	-2223.929168	
1.216000	0.964628	0.791292	4.592946	29.676591	0.304427	-2223.594164	
1.217000	0.765902	0.977502	4.599849	29.678410	0.230441	-2223.259438	
1.218000	0.981541	0.831773	4.605640	29.680190	0.257699	-2222.925127	
1.219000	0.803956	0.856061	4.610319	29.682041	0.249911	-2222.591329	
1.220000	0.892748	0.839869	4.613966	29.683836	0.339473	-2222.258089	
1.221000	0.778587	0.880349	4.616583	29.685441	0.257699	-2221.925407	
1.222000	0.977312	0.750812	4.617974	29.686944	0.253805	-2221.593215	
1.223000	0.947715	0.920829	4.618013	29.688515	0.191502	-2221.261389	
1.224000	0.918118	1.026079	4.616934	29.690153	0.397882	-2220.929766	
1.225000	0.787043	1.058463	4.615172	29.691715	0.347261	-2220.598171	
1.226000	0.918118	0.945118	4.613053	29.693043	0.183714	-2220.266450	
1.227000	0.918118	0.920829	4.610765	29.694018	0.405670	-2219.934488	
1.228000	1.015366	0.839869	4.608765	29.694564	0.164244	-2219.602219	
1.229000	0.863151	0.993694	4.607928	29.694699	0.370624	-2219.269620	
1.230000	0.947715	0.758908	4.608734	29.694612	0.238229	-2218.936738	
1.231000	0.896977	0.807484	4.610786	29.694424	0.308321	-2218.603692	
1.232000	0.989997	0.928926	4.613314	29.694025	0.269381	-2218.270645	
1.233000	0.875836	0.880349	4.615613	29.693307	0.230441	-2217.937782	
1.234000	0.918118	0.839869	4.617082	29.692401	0.156456	-2217.605276	
1.235000	0.964628	0.815580	4.617290	29.691526	0.242123	-2217.273261	
1.236000	0.926574	0.969406	4.616285	29.690698	0.401776	-2216.941814	
1.237000	0.829325	0.904637	4.614781	29.689751	0.265487	-2216.610965	
1.238000	0.905433	0.839869	4.613682	29.688504	0.164244	-2216.280693	
1.239000	0.960400	0.864157	4.613327	29.686860	0.288851	-2215.950918	
1.240000	0.909661	0.953214	4.613552	29.684767	0.090259	-2215.621508	
1.241000	0.842010	1.001790	4.614145	29.682247	0.273275	-2215.292292	
1.242000	0.816641	0.928926	4.614875	29.679479	0.351155	-2214.963089	
1.243000	0.854694	0.839869	4.615541	29.676598	0.467974	-2214.633746	
1.244000	0.922346	0.872253	4.616142	29.673502	0.393988	-2214.304156	
1.245000	0.926574	0.831773	4.616914	29.670094	0.351155	-2213.974258	
1.246000	0.863151	0.864157	4.618258	29.666540	0.164244	-2213.644049	
1.247000	1.099930	0.775100	4.620349	29.663098	0.152562	-2213.313597	
1.248000	0.930802	0.799388	4.622802	29.659803	0.261593	-2212.983037	
1.249000	0.989997	0.831773	4.624965	29.656476	0.304427	-2212.652540	
1.250000	0.909661	0.847965	4.626395	29.652929	0.269381	-2212.322294	
1.251000	1.040735	0.750812	4.626970	29.649074	0.210972	-2211.992470	
1.252000	0.884292	0.823676	4.626842	29.644879	0.199290	-2211.663192	
1.253000	0.926574	0.767004	4.626348	29.640363	0.226548	-2211.334527	
1.254000	0.715164	0.831773	4.625804	29.635701	0.296639	-2211.006491	
1.255000	0.964628	0.758908	4.625285	29.631032	0.253805	-2210.679043	
1.256000	0.989997	0.775100	4.624659	29.626271	0.366730	-2210.352079	
1.257000	0.922346	0.807484	4.623955	29.621338	0.129198	-2210.025447	
1.258000	0.664425	0.945118	4.623430	29.616423	0.339473	-2209.698968	
1.259000	0.989997	0.791292	4.623236	29.611816	0.183714	-2209.372463	
1.260000	0.765902	0.937022	4.623426	29.607567	0.304427	-2209.045786	
1.261000	0.989997	1.098943	4.624050	29.603493	0.261593	-2208.718838	
1.262000	0.901205	0.920829	4.624787	29.599397	0.269381	-2208.391575	
1.263000	1.019594	0.750812	4.624779	29.595210	0.327791	-2208.064012	
1.264000	0.880064	0.839869	4.623461	29.590920	0.269381	-2207.736238	
1.265000	0.926574	0.904637	4.620962	29.586538	0.168138	-2207.408396	
1.266000	0.672882	1.026079	4.617624	29.582205	0.296639	-2207.080664	
1.267000	0.922346	0.904637	4.613873	29.578022	0.117516	-2206.753228	
1.268000	0.880064	0.896541	4.610180	29.573891	0.331685	-2206.426245	
1.269000	0.998453	0.767004	4.606793	29.569731	0.172032	-2206.099823	
1.270000	0.710936	0.694139	4.603491	29.565721	0.343367	-2205.774010	
1.271000	1.137984	0.596986	4.599671	29.562158	0.281063	-2205.448806	
1.272000	0.842010	0.726523	4.594976	29.559109	0.366730	-2205.124145	
1.273000	0.977312	0.945118	4.589735	29.556394	0.261593	-2204.799909	
1.274000	0.880064	0.912733	4.584656	29.553825	0.172032	-2204.475940	
1.275000	1.006910	0.791292	4.580272	29.551360	0.113622	-2204.152069	
1.276000	0.905433	0.750812	4.576769	29.549022	0.249911	-2203.828129	
1.277000	0.820869	1.050367	4.574264	29.546823	0.331685	-2203.503986	
1.278000	0.694023	0.815580	4.573063	29.544851	0.440716	-2203.179552	
1.279000	0.913889	0.872253	4.573509	29.543166	0.136986	-2202.854801	
1.280000	0.935030	0.775100	4.575606	29.541665	0.316109	-2202.529777	
1.281000	0.956171	0.904637	4.578899	29.540261	0.362836	-2202.204587	
1.282000	0.723620	0.945118	4.582680	29.539095	0.261593	-2201.879382	
1.283000	1.036507	0.920829	4.586282	29.538430	0.265487	-2201.554335	
1.284000	0.833553	0.718427	4.589371	29.538330	0.253805	-2201.229614	
1.285000	0.863151	1.001790	4.591945	29.538618	0.413458	-2200.905349	
1.286000	0.913889	0.694139	4.593952	29.539109	0.331685	-2200.581627	
1.287000	1.002682	0.661755	4.594968	29.539782	0.059107	-2200.258487	
1.288000	0.998453	0.791292	4.594356	29.540684	0.269381	-2199.935916	
1.289000	0.880064	0.961310	4.591913	29.541803	0.253805	-2199.613833	
1.290000	0.867379	0.847965	4.588185	29.543141	0.269381	-2199.292101	
1.291000	0.880064	0.880349	4.583980	29.544676	0.008485	-2198.970561	
1.292000	0.926574	0.750812	4.579866	29.546295	0.296639	-2198.649047	
1.293000	0.867379	0.758908	4.576217	29.547915	0.031849	-2198.327412	
1.294000	0.816641	0.734620	4.573548	29.549637	0.296639	-2198.005545	
1.295000	0.960400	0.904637	4.572300	29.551697	0.261593	-2197.683379	
1.296000	0.951943	0.775100	4.572171	29.554175	0.366730	-2197.360904	
1.297000	0.833553	1.090847	4.572544	29.556912	0.335579	-2197.038178	
1.298000	0.956171	0.718427	4.573124	29.559745	0.269381	-2196.715324	
1.299000	0.930802	0.912733	4.573569	29.562693	0.121410	-2196.392505	
1.300000	0.884292	0.726523	4.573419	29.565848	0.327791	-2196.069900	0.000000
1.301000	0.829325	1.107039	4.572527	29.569194	0.230441	-2195.747664	
1.302000	0.791271	0.928926	4.570924	29.572663	0.288851	-2195.425909	
1.303000	0.820869	0.961310	4.568182	29.576165	0.086365	-2195.104701	
1.304000	0.951943	0.847965	4.563358	29.579576	0.304427	-2194.784063	
1.305000	0.892748	0.767004	4.555728	29.582805	0.234335	-2194.463955	
1.306000	0.939259	0.726523	4.545640	29.585909	0.339473	-2194.144272	
1.307000	0.968856	0.807484	4.534550	29.589095	0.292745	-2193.824870	
1.308000	0.943487	0.815580	4.524036	29.592455	0.261593	-2193.505585	
1.309000	0.880064	1.066559	4.515159	29.595846	0.366730	-2193.186255	
1.310000	0.930802	0.920829	4.508591	29.599119	0.129198	-2192.866745	
1.311000	0.926574	0.815580	4.504968	29.602337	0.047425	-2192.546970	
1.312000	1.028051	0.742716	4.505361	29.605642	0.195396	-2192.226892	
1.313000	0.930802	0.937022	4.510932	29.609026	0.296639	-2191.906521	
1.314000	0.913889	0.734620	4.521440	29.612365	0.273275	-2191.585941	
1.315000	0.875836	0.823676	4.534937	29.615520	0.098047	-2191.265297	
1.316000	0.939259	0.896541	4.549136	29.618374	0.273275	-2190.944763	
1.317000	0.842010	0.904637	4.562333	29.620857	0.281063	-2190.624514	
1.318000	0.803956	1.066559	4.573517	29.623008	0.246017	-2190.304687	
1.319000	0.761674	0.856061	4.582259	29.625025	0.210972	-2189.985375	
1.320000	0.850466	0.823676	4.588234	29.627030	0.265487	-2189.666623	
1.321000	0.875836	0.961310	4.590758	29.628900	0.390094	-2189.348430	
1.322000	1.002682	0.985598	4.589512	29.630509	0.249911	-2189.030726	
1.323000	0.977312	0.896541	4.585296	29.631962	0.152562	-2188.713391	
1.324000	0.964628	0.945118	4.579434	29.633451	0.288851	-2188.396269	
1.325000	0.854694	0.993694	4.573096	29.634986	0.312215	-2188.079190	
1.326000	0.888520	0.864157	4.567208	29.636413	0.246017	-2187.761995	
1.327000	0.909661	0.775100	4.562424	29.637562	0.098047	-2187.444569	
1.328000	0.926574	0.791292	4.559199	29.638322	0.191502	-2187.126848	
1.329000	0.977312	0.605082	4.557845	29.638625	0.152562	-2186.808816	
1.330000	0.956171	1.026079	4.558376	29.638489	0.397882	-2186.490513	
1.331000	0.808184	0.783196	4.560402	29.638107	0.331685	-2186.172050	
1.332000	0.909661	0.872253	4.563212	29.637618	0.292745	-2185.853592	
1.333000	0.926574	0.677947	4.566105	29.636924	0.238229	-2185.535321	
1.334000	0.871607	0.880349	4.568707	29.635924	0.277169	-2185.217412	
1.335000	0.863151	0.807484	4.570916	29.634771	0.152562	-2184.899994	
1.336000	0.922346	0.823676	4.572976	29.633711	0.370624	-2184.583146	
1.337000	0.918118	0.750812	4.575383	29.632777	0.390094	-2184.266897	
1.338000	0.896977	0.742716	4.578005	29.631794	0.405670	-2183.951225	
1.339000	0.909661	0.758908	4.580207	29.630577	0.281063	-2183.636050	
1.340000	0.913889	0.839869	4.581897	29.629036	0.308321	-2183.321238	
1.341000	0.968856	0.726523	4.583348	29.627127	0.393988	-2183.006624	
1.342000	0.842010	0.977502	4.584599	29.624869	0.312215	-2182.692030	
1.343000	0.761674	0.807484	4.585613	29.622439	0.331685	-2182.377300	
1.344000	0.892748	0.807484	4.586609	29.619972	0.183714	-2182.062328	
1.345000	0.935030	0.864157	4.587907	29.617370	0.320003	-2181.747059	
1.346000	0.867379	0.710331	4.589570	29.614539	0.273275	-2181.431492	
1.347000	0.837782	0.791292	4.591497	29.611653	0.210972	-2181.115697	
1.348000	1.028051	0.823676	4.593586	29.608989	0.160350	-2180.799803	
1.349000	0.977312	0.783196	4.595669	29.606593	0.331685	-2180.483982	
1.350000	0.867379	0.985598	4.597514	29.604282	0.218760	-2180.168416	
1.351000	0.918118	0.815580	4.598874	29.601866	0.090259	-2179.853273	
1.352000	0.947715	0.888445	4.599532	29.599269	0.144774	-2179.538680	
1.353000	1.002682	0.847965	4.599486	29.596470	0.160350	-2179.224709	
1.354000	0.867379	1.139424	4.598892	29.593484	0.304427	-2178.911372	
1.355000	0.778587	0.669851	4.597789	29.590464	0.277169	-2178.598619	
1.356000	0.850466	0.888445	4.596298	29.587531	0.316109	-2178.286343	
1.357000	0.981541	0.872253	4.594909	29.584594	0.429034	-2177.974396	
1.358000	0.880064	0.888445	4.594102	29.581574	0.288851	-2177.662600	
1.359000	0.651741	0.823676	4.593952	29.578652	0.273275	-2177.350782	
1.360000	0.977312	0.920829	4.594300	29.576111	0.347261	-2177.038797	
1.361000	0.905433	0.856061	4.595282	29.574000	0.261593	-2176.726546	
1.362000	0.926574	0.953214	4.597620	29.572130	0.269381	-2176.413980	
1.363000	0.871607	0.807484	4.601976	29.570306	0.249911	-2176.101108	
1.364000	1.044964	0.880349	4.608163	29.568472	0.249911	-2175.788017	
1.365000	0.956171	0.831773	4.615388	29.566630	0.222654	-2175.474855	
1.366000	0.913889	0.945118	4.622800	29.564787	0.339473	-2175.161796	
1.367000	0.710936	0.969406	4.629625	29.563046	0.393988	-2174.849019	
1.368000	0.939259	0.791292	4.635190	29.561484	0.125304	-2174.536679	
1.369000	0.985769	0.783196	4.638891	29.559998	0.284957	-2174.224883	
1.370000	0.871607	0.661755	4.640300	29.558504	0.101940	-2173.913688	
1.371000	0.740533	0.912733	4.639400	29.557160	0.292745	-2173.603093	
1.372000	1.057648	0.775100	4.636515	29.556239	0.207078	-2173.293031	
1.373000	0.901205	0.823676	4.632192	29.555804	0.183714	-2172.983381	
1.374000	0.964628	1.026079	4.627155	29.555678	0.300533	-2172.673985	
1.375000	0.833553	0.831773	4.622066	29.555680	0.265487	-2172.364668	
1.376000	0.960400	0.775100	4.617413	29.555784	0.214866	-2172.055270	
1.377000	0.884292	0.920829	4.613629	29.556028	0.121410	-2171.745665	
1.378000	0.871607	0.750812	4.610959	29.556409	0.351155	-2171.435764	
1.379000	0.546036	0.847965	4.609439	29.556952	0.421246	-2171.125534	
1.380000	0.926574	0.888445	4.609322	29.557658	0.117516	-2170.815011	
1.381000	0.973084	0.993694	4.610776	29.558413	0.386200	-2170.504306	
1.382000	0.956171	0.767004	4.613272	29.559128	0.222654	-2170.193569	
1.383000	0.689795	0.912733	4.615988	29.559918	0.331685	-2169.882973	
1.384000	1.044964	0.726523	4.618308	29.561032	0.261593	-2169.572684	
1.385000	0.837782	0.831773	4.619761	29.562544	0.308321	-2169.262839	
1.386000	0.922346	1.042271	4.619687	29.564281	0.234335	-2168.953521	
1.387000	0.922346	0.718427	4.617390	29.566069	0.323897	-2168.644772	
1.388000	1.142212	0.880349	4.612908	29.567913	0.098047	-2168.336579	
1.389000	0.947715	0.904637	4.607007	29.569892	0.195396	-2168.028869	
1.390000	0.943487	1.017982	4.600597	29.571996	0.261593	-2167.721509	
1.391000	0.774359	0.839869	4.594556	29.574181	0.203184	-2167.414338	
1.392000	0.905433	0.864157	4.589616	29.576381	0.175926	-2167.107191	
1.393000	0.892748	0.831773	4.586201	29.578477	0.393988	-2166.799927	
1.394000	0.956171	0.831773	4.584517	29.580383	0.214866	-2166.492437	
1.395000	0.689795	0.847965	4.584875	29.582176	0.374518	-2166.184652	
1.396000	1.028051	1.115135	4.587611	29.584076	0.191502	-2165.876554	
1.397000	0.985769	0.864157	4.592550	29.586179	0.277169	-2165.568198	
1.398000	0.858923	1.074655	4.598829	29.588341	0.304427	-2165.259704	
1.399000	0.888520	0.831773	4.605238	29.590413	0.312215	-2164.951232	
1.400000	1.015366	0.937022	4.610717	29.592443	0.160350	-2164.642957	0.000000
1.401000	0.947715	0.912733	4.614661	29.594555	0.265487	-2164.335040	
1.402000	0.842010	1.179904	4.616949	29.596740	0.312215	-2164.027595	
1.403000	0.833553	0.734620	4.617654	29.598903	0.312215	-2163.720688	
1.404000	0.935030	0.896541	4.616486	29.600931	0.066895	-2163.414341	
1.405000	0.998453	0.653659	4.612904	29.602706	0.320003	-2163.108520	
1.406000	0.935030	0.945118	4.606986	29.604149	0.230441	-2162.803127	
1.407000	0.939259	0.872253	4.599653	29.605306	0.230441	-2162.498017	
1.408000	0.968856	0.953214	4.592004	29.606377	0.253805	-2162.193023	
1.409000	0.939259	0.831773	4.584694	29.607474	0.269381	-2161.887982	
1.410000	0.850466	0.880349	4.577832	29.608470	0.386200	-2161.582759	
1.411000	0.935030	0.677947	4.571359	29.609239	0.195396	-2161.277265	
1.412000	0.989997	0.815580	4.565262	29.609875	0.016273	-2160.971461	
1.413000	1.006910	0.702235	4.559680	29.610555	0.230441	-2160.665358	
1.414000	0.918118	1.009886	4.555011	29.611285	0.320003	-2160.359036	
1.415000	0.892748	0.904637	4.551546	29.611924	0.308321	-2160.052632	
1.416000	0.825097	1.050367	4.549132	29.612318	0.152562	-2159.746319	
1.417000	0.943487	0.831773	4.547319	29.612358	0.269381	-2159.440276	
1.418000	0.782815	0.888445	4.545711	29.611976	0.284957	-2159.134650	
1.419000	0.888520	0.710331	4.544284	29.611199	0.199290	-2158.829534	
1.420000	0.791271	0.758908	4.543160	29.610222	0.210972	-2158.524974	
1.421000	0.947715	0.904637	4.542044	29.609180	0.207078	-2158.220971	
1.422000	0.875836	0.880349	4.540517	29.607962	0.304427	-2157.917463	
1.423000	0.926574	0.839869	4.538717	29.606459	0.172032	-2157.614331	
1.424000	0.892748	0.937022	4.537201	29.604804	0.156456	-2157.311423	
1.425000	0.998453	0.677947	4.536511	29.603215	0.222654	-2157.008572	
1.426000	0.854694	0.831773	4.536926	29.601702	0.417352	-2156.705622	
1.427000	0.935030	0.977502	4.538397	29.600088	0.378412	-2156.402452	
1.428000	0.892748	0.937022	4.540666	29.598184	0.238229	-2156.098997	
1.429000	1.019594	0.767004	4.543470	29.595888	0.148668	-2155.795243	
1.430000	0.947715	0.815580	4.546760	29.593155	0.246017	-2155.491233	
1.431000	0.947715	0.880349	4.550628	29.590012	0.218760	-2155.187076	
1.432000	0.833553	0.823676	4.554859	29.586649	0.292745	-2154.882925	
1.433000	0.913889	0.799388	4.558904	29.583212	0.269381	-2154.578956	
1.434000	0.896977	0.734620	4.562403	29.579609	0.382306	-2154.275338	
1.435000	0.875836	0.831773	4.565290	29.575748	0.296639	-2153.972199	
1.436000	0.782815	0.888445	4.567402	29.571798	0.148668	-2153.669618	
1.437000	0.981541	1.034175	4.568324	29.568017	0.234335	-2153.367622	
1.438000	0.829325	0.961310	4.567688	29.564435	0.281063	-2153.066189	
1.439000	1.006910	1.026079	4.565549	29.560874	0.265487	-2152.765236	
1.440000	0.935030	0.758908	4.562491	29.557144	0.242123	-2152.464627	
1.441000	0.947715	0.945118	4.559445	29.553164	0.172032	-2152.164204	
1.442000	0.854694	0.856061	4.557341	29.548900	0.265487	-2151.863800	
1.443000	0.850466	1.107039	4.556557	29.544367	0.316109	-2151.563263	
1.444000	0.770130	0.791292	4.556724	29.539732	0.253805	-2151.262487	
1.445000	0.909661	0.783196	4.557245	29.535121	0.300533	-2150.961417	
1.446000	1.011138	0.750812	4.558005	29.530440	0.300533	-2150.660058	
1.447000	0.947715	0.807484	4.559416	29.525608	0.172032	-2150.358483	
1.448000	0.837782	0.645563	4.561705	29.520813	0.140880	-2150.056827	
1.449000	0.989997	0.839869	4.564550	29.516351	0.109728	-2149.755259	
1.450000	0.935030	0.856061	4.567488	29.512281	0.300533	-2149.453960	
1.451000	0.850466	1.115135	4.570303	29.508421	0.277169	-2149.153093	
1.452000	0.930802	0.856061	4.572794	29.504579	0.253805	-2148.852779	
1.453000	0.956171	0.783196	4.574319	29.500690	0.156456	-2148.553089	
1.454000	1.023823	0.815580	4.574314	29.496750	0.172032	-2148.254039	
1.455000	0.820869	0.856061	4.573042	29.492771	0.382306	-2147.955581	
1.456000	0.757446	0.783196	4.571190	29.488883	0.203184	-2147.657604	
1.457000	0.825097	0.945118	4.569351	29.485179	0.214866	-2147.359955	
1.458000	0.896977	0.823676	4.568110	29.481565	0.339473	-2147.062465	
1.459000	0.854694	0.945118	4.568078	29.477958	0.366730	-2146.764960	
1.460000	0.732077	0.880349	4.569692	29.474527	0.199290	-2146.467296	
1.461000	0.871607	0.742716	4.573333	29.471551	0.296639	-2146.169376	
1.462000	0.888520	0.775100	4.579620	29.469091	0.226548	-2145.871150	
1.463000	0.884292	0.937022	4.588880	29.466961	0.320003	-2145.572631	
1.464000	1.006910	0.847965	4.600369	29.464972	0.117516	-2145.273902	
1.465000	1.040735	0.742716	4.612502	29.463081	0.152562	-2144.975114	
1.466000	0.973084	0.815580	4.623720	29.461309	0.269381	-2144.676448	
1.467000	0.905433	0.920829	4.632984	29.459654	0.300533	-2144.378079	
1.468000	0.787043	0.847965	4.639665	29.458179	0.164244	-2144.080156	
1.469000	0.905433	0.710331	4.643735	29.456919	0.175926	-2143.782786	
1.470000	0.994225	0.702235	4.646302	29.455771	0.374518	-2143.486029	
1.471000	0.977312	0.783196	4.648638	29.454654	0.203184	-2143.189888	
1.472000	0.765902	0.718427	4.650744	29.453710	0.199290	-2142.894296	
1.473000	1.061876	0.783196	4.651914	29.453209	0.234335	-2142.599125	
1.474000	0.833553	0.904637	4.651818	29.453229	0.331685	-2142.304215	
1.475000	0.854694	0.896541	4.650558	29.453601	0.281063	-2142.009384	
1.476000	0.884292	0.961310	4.648415	29.454149	0.362836	-2141.714464	
1.477000	1.015366	0.750812	4.645662	29.454863	0.160350	-2141.419326	
1.478000	0.918118	0.864157	4.642259	29.455803	0.327791	-2141.123892	
1.479000	0.947715	0.993694	4.637952	29.456965	0.390094	-2140.828132	
1.480000	0.757446	1.017982	4.632932	29.458348	0.316109	-2140.532085	
1.481000	0.926574	0.661755	4.627766	29.459931	0.117516	-2140.235863	
1.482000	0.875836	0.847965	4.622748	29.461598	0.312215	-2139.939627	
1.483000	0.863151	0.783196	4.617876	29.463263	0.273275	-2139.643556	
1.484000	0.727848	0.839869	4.613153	29.465019	0.269381	-2139.347819	
1.485000	1.057648	0.734620	4.608636	29.467101	0.234335	-2139.052551	
1.486000	0.884292	0.904637	4.604494	29.469587	0.323897	-2138.757840	
1.487000	1.032279	1.147520	4.601121	29.472316	0.323897	-2138.463728	
1.488000	0.926574	0.718427	4.598833	29.475124	0.140880	-2138.170204	
1.489000	1.108387	0.661755	4.597518	29.478035	0.008485	-2137.877195	
1.490000	0.905433	0.767004	4.596918	29.481152	0.199290	-2137.584571	
1.491000	0.892748	0.953214	4.596940	29.484469	0.179820	-2137.292159	
1.492000	0.761674	0.937022	4.597460	29.487914	0.308321	-2136.999780	
1.493000	0.901205	0.969406	4.598105	29.491391	0.094153	-2136.707282	
1.494000	0.833553	0.969406	4.598545	29.494779	0.390094	-2136.414554	
1.495000	0.947715	0.937022	4.598941	29.497995	0.222654	-2136.121530	
1.496000	0.808184	0.856061	4.599923	29.501106	0.320003	-2135.828194	
1.497000	0.935030	0.856061	4.601978	29.504331	0.226548	-2135.534602	
1.498000	0.884292	0.928926	4.604985	29.507766	0.288851	-2135.240876	
1.499000	0.909661	1.090847	4.608326	29.511267	0.316109	-2134.947178	
1.500000	0.905433	0.920829	4.611214	29.514685	0.316109	-2134.653687	0.000000
1.501000	0.973084	0.896541	4.613106	29.518076	0.031849	-2134.360565	
1.502000	0.913889	0.880349	4.613834	29.521574	0.249911	-2134.067938	
1.503000	0.858923	0.864157	4.613321	29.525162	0.355048	-2133.775874	
1.504000	0.854694	0.807484	4.611398	29.528701	0.312215	-2133.484396	
1.505000	0.930802	0.847965	4.607897	29.532038	0.078577	-2133.193469	
1.506000	1.015366	1.017982	4.603016	29.535053	0.265487	-2132.903000	
1.507000	0.960400	0.945118	4.597552	29.537669	0.347261	-2132.612846	
1.508000	0.867379	0.953214	4.592309	29.539921	0.214866	-2132.322837	
1.509000	0.896977	0.847965	4.587529	29.542009	0.281063	-2132.032803	
1.510000	0.896977	0.750812	4.583400	29.544057	0.355048	-2131.742605	
1.511000	0.909661	0.864157	4.580475	29.545947	0.393988	-2131.452152	
1.512000	0.926574	0.742716	4.578956	29.547561	0.140880	-2131.161398	
1.513000	0.951943	0.896541	4.578209	29.549007	0.140880	-2130.870355	
1.514000	0.896977	0.904637	4.577629	29.550483	0.304427	-2130.579101	
1.515000	0.829325	1.115135	4.577197	29.552000	0.358942	-2130.287771	
1.516000	0.867379	0.823676	4.576980	29.553408	0.218760	-2129.996533	
1.517000	0.770130	0.969406	4.576810	29.554542	0.257699	-2129.705562	
1.518000	0.985769	0.864157	4.576268	29.555297	0.378412	-2129.415009	
1.519000	0.922346	0.847965	4.574811	29.555607	0.304427	-2129.124974	
1.520000	0.939259	0.904637	4.572093	29.555490	0.370624	-2128.835504	
1.521000	0.846238	0.839869	4.568192	29.555133	0.296639	-2128.546599	
1.522000	0.939259	0.928926	4.563633	29.554670	0.242123	-2128.258196	
1.523000	0.913889	0.888445	4.559211	29.553994	0.288851	-2127.970181	
1.524000	0.951943	0.791292	4.555707	29.552999	0.203184	-2127.682402	
1.525000	0.846238	0.912733	4.553623	29.551833	0.179820	-2127.394690	
1.526000	1.028051	0.815580	4.553281	29.550734	0.265487	-2127.106886	
1.527000	0.888520	0.993694	4.554907	29.549726	0.320003	-2126.818866	
1.528000	0.922346	0.726523	4.558359	29.548631	0.246017	-2126.530558	
1.529000	0.884292	0.985598	4.563075	29.547264	0.121410	-2126.241946	
1.530000	1.032279	0.750812	4.568213	29.545535	0.203184	-2125.953082	
1.531000	1.015366	0.823676	4.573045	29.543409	0.249911	-2125.664082	
1.532000	0.909661	0.896541	4.577279	29.540910	0.323897	-2125.375102	
1.533000	0.715164	0.791292	4.580872	29.538221	0.253805	-2125.086315	
1.534000	0.875836	0.961310	4.583849	29.535485	0.203184	-2124.797889	
1.535000	0.875836	0.945118	4.586292	29.532609	0.292745	-2124.509959	
1.536000	0.935030	0.953214	4.588160	29.529507	0.187608	-2124.222605	
1.537000	0.694023	0.807484	4.588792	29.526358	0.257699	-2123.935856	
1.538000	1.036507	0.920829	4.587093	29.523440	0.277169	-2123.649691	
1.539000	0.901205	0.775100	4.582868	29.520794	0.331685	-2123.364025	
1.540000	0.930802	1.074655	4.577242	29.518239	0.281063	-2123.078719	
1.541000	0.875836	0.807484	4.571573	29.515584	0.253805	-2122.793607	
1.542000	0.951943	0.993694	4.566886	29.512752	0.168138	-2122.508523	
1.543000	0.922346	0.823676	4.563975	29.509716	0.195396	-2122.223319	
1.544000	0.888520	0.953214	4.563399	29.506486	0.417352	-2121.937886	
1.545000	0.770130	0.726523	4.565596	29.503211	0.175926	-2121.652167	
1.546000	0.905433	0.912733	4.570718	29.500011	0.257699	-2121.366164	
1.547000	0.994225	0.694139	4.578244	29.496797	0.296639	-2121.079953	
1.548000	0.880064	0.880349	4.587096	29.493490	0.101940	-2120.793668	
1.549000	0.727848	0.880349	4.596064	29.490282	0.246017	-2120.507477	
1.550000	0.935030	0.953214	4.604238	29.487469	0.183714	-2120.221560	
1.551000	0.947715	0.767004	4.611173	29.485112	0.261593	-2119.936076	
1.552000	0.939259	0.896541	4.616670	29.483026	0.366730	-2119.651142	
1.553000	0.913889	0.605082	4.620419	29.481019	0.214866	-2119.366824	
1.554000	0.909661	0.953214	4.621979	29.479031	0.098047	-2119.083139	
1.555000	0.981541	0.872253	4.621220	29.477065	0.203184	-2118.800043	
1.556000	0.782815	1.082751	4.618573	29.475128	0.409564	-2118.517425	
1.557000	0.681338	0.993694	4.614829	29.473331	0.382306	-2118.235131	
1.558000	0.833553	0.945118	4.610603	29.471750	0.203184	-2117.952988	
1.559000	0.947715	0.815580	4.606116	29.470283	0.331685	-2117.670824	
1.560000	0.880064	0.807484	4.601650	29.468844	0.168138	-2117.388496	
1.561000	0.736305	0.912733	4.597502	29.467595	0.281063	-2117.105905	
1.562000	0.939259	0.669851	4.593548	29.466814	0.242123	-2116.823005	
1.563000	0.968856	0.710331	4.589763	29.466562	0.358942	-2116.539808	
1.564000	0.905433	0.888445	4.586581	29.466652	0.257699	-2116.256404	
1.565000	0.922346	0.758908	4.584300	29.466896	0.253805	-2115.972940	
1.566000	1.032279	0.823676	4.582747	29.467258	0.121410	-2115.689598	
1.567000	0.981541	0.767004	4.581546	29.467771	0.172032	-2115.406561	
1.568000	0.871607	0.961310	4.580466	29.468434	0.316109	-2115.123978	
1.569000	0.757446	0.896541	4.579487	29.469299	0.133092	-2114.841949	
1.570000	0.909661	1.009886	4.578528	29.470391	0.078577	-2114.560535	
1.571000	0.998453	0.758908	4.577271	29.471601	0.242123	-2114.279740	
1.572000	0.977312	0.548410	4.575409	29.472844	0.292745	-2113.999503	
1.573000	0.710936	0.920829	4.573024	29.474245	0.234335	-2113.719695	
1.574000	0.998453	0.726523	4.570637	29.476064	0.296639	-2113.440145	
1.575000	0.863151	0.880349	4.568843	29.478377	0.370624	-2113.160672	
1.576000	0.799728	1.034175	4.567925	29.481015	0.242123	-2112.881103	
1.577000	0.880064	0.969406	4.567817	29.483801	0.351155	-2112.601306	
1.578000	1.074561	0.815580	4.568115	29.486726	0.051319	-2112.321200	
1.579000	0.981541	0.799388	4.568022	29.489855	0.425140	-2112.040760	
1.580000	0.918118	0.945118	4.566728	29.493174	0.320003	-2111.760021	
1.581000	0.748989	0.969406	4.564202	29.496657	0.327791	-2111.479086	
1.582000	0.918118	0.864157	4.561077	29.500251	0.000697	-2111.198114	
1.583000	0.880064	0.920829	4.557956	29.503833	0.269381	-2110.917291	
1.584000	0.964628	0.791292	4.555387	29.507314	0.187608	-2110.636790	
1.585000	0.795500	0.937022	4.553841	29.510785	0.234335	-2110.356746	
1.586000	1.087246	0.775100	4.553460	29.514484	0.257699	-2110.077240	
1.587000	0.842010	0.742716	4.554124	29.518503	0.253805	-2109.798313	
1.588000	1.002682	0.847965	4.555517	29.522691	0.397882	-2109.519952	
1.589000	0.926574	0.823676	4.557171	29.526891	0.203184	-2109.242080	
1.590000	1.044964	0.847965	4.558857	29.531143	0.035743	-2108.964565	
1.591000	0.888520	0.888445	4.560757	29.535558	0.331685	-2108.687241	
1.592000	0.875836	1.123232	4.562940	29.540130	0.304427	-2108.409929	
1.593000	0.774359	0.928926	4.565009	29.544775	0.323897	-2108.132468	
1.594000	0.918118	0.856061	4.566358	29.549389	-0.030454	-2107.854745	
1.595000	0.888520	0.799388	4.566593	29.553855	0.292745	-2107.576699	
1.596000	0.905433	0.710331	4.566138	29.558087	0.191502	-2107.298319	
1.597000	0.875836	0.953214	4.566002	29.562130	0.409564	-2107.019660	
1.598000	0.994225	1.017982	4.566632	29.566182	0.323897	-2106.740843	
1.599000	0.863151	0.847965	4.567725	29.570344	0.316109	-2106.462031	
1.600000	0.863151	1.058463	4.568795	29.574478	0.436822	-2106.183403	0.000000
1.601000	0.892748	0.750812	4.569402	29.578443	0.296639	-2105.905122	
1.602000	1.070333	0.540314	4.569258	29.582309	0.063001	-2105.627312	
1.603000	0.977312	0.661755	4.568188	29.586229	0.199290	-2105.350049	
1.604000	0.935030	0.961310	4.566021	29.590205	0.401776	-2105.073359	
1.605000	0.871607	0.896541	4.562963	29.594113	0.203184	-2104.797208	
1.606000	0.964628	0.985598	4.559684	29.597815	0.004591	-2104.521507	
1.607000	0.960400	0.775100	4.556865	29.601196	0.207078	-2104.246120	
1.608000	0.884292	0.872253	4.555099	29.604185	0.210972	-2103.970880	
1.609000	0.888520	0.904637	4.554899	29.606811	0.172032	-2103.695614	
1.610000	0.892748	0.847965	4.556403	29.609267	0.300533	-2103.420177	
1.611000	0.918118	0.799388	4.559294	29.611677	0.242123	-2103.144473	
1.612000	0.909661	0.969406	4.563241	29.613926	0.343367	-2102.868452	
1.613000	0.888520	0.799388	4.568273	29.615899	0.327791	-2102.592124	
1.614000	0.935030	0.775100	4.574349	29.617719	0.113622	-2102.315563	
1.615000	0.964628	0.750812	4.580922	29.619595	0.257699	-2102.038907	
1.616000	0.787043	0.953214	4.587212	29.621544	0.339473	-2101.762320	
1.617000	0.875836	0.856061	4.592565	29.623404	0.456292	-2101.485968	
1.618000	0.858923	1.001790	4.596498	29.624998	0.179820	-2101.210000	
1.619000	1.057648	0.856061	4.598725	29.626218	0.292745	-2100.934522	
1.620000	0.820869	0.767004	4.599227	29.627003	0.281063	-2100.659591	
1.621000	0.951943	0.937022	4.598073	29.627372	0.246017	-2100.385206	
1.622000	0.846238	0.937022	4.595403	29.627510	0.152562	-2100.111307	
1.623000	0.985769	0.783196	4.591676	29.627554	0.238229	-2099.837780	
1.624000	0.892748	0.937022	4.587575	29.627403	0.331685	-2099.564478	
1.625000	0.960400	0.896541	4.583676	29.626959	0.210972	-2099.291235	
1.626000	0.854694	0.872253	4.580336	29.626379	0.109728	-2099.017892	
1.627000	1.070333	0.750812	4.577785	29.625911	0.175926	-2098.744328	
1.628000	0.829325	0.928926	4.576158	29.625583	0.226548	-2098.470470	
1.629000	0.884292	0.750812	4.575207	29.625214	0.226548	-2098.196293	
1.630000	0.871607	0.831773	4.574257	29.624614	0.148668	-2097.921842	
1.631000	1.078789	0.864157	4.572966	29.623698	0.246017	-2097.647229	
1.632000	0.816641	0.920829	4.571525	29.622438	0.238229	-2097.372612	
1.633000	0.863151	1.107039	4.570128	29.620855	0.323897	-2097.098160	
1.634000	0.706707	0.977502	4.568888	29.619123	0.261593	-2096.824037	
1.635000	0.833553	0.888445	4.567889	29.617378	0.234335	-2096.550375	
1.636000	0.884292	0.945118	4.566879	29.615525	0.355048	-2096.277258	
1.637000	0.956171	0.775100	4.565293	29.613478	0.222654	-2096.004719	
1.638000	0.723620	0.831773	4.562954	29.611415	0.168138	-2095.732741	
1.639000	1.011138	1.090847	4.560357	29.609620	0.269381	-2095.461240	
1.640000	0.875836	0.977502	4.558218	29.608138	0.440716	-2095.190081	
1.641000	0.901205	1.131328	4.557168	29.606786	0.292745	-2094.919100	
1.642000	0.905433	0.783196	4.557583	29.605365	0.187608	-2094.648127	
1.643000	1.011138	0.815580	4.559489	29.603804	0.257699	-2094.377020	
1.644000	0.973084	0.613178	4.562452	29.602090	0.320003	-2094.105675	
1.645000	0.956171	0.823676	4.565675	29.600234	0.253805	-2093.834029	
1.646000	0.799728	0.718427	4.568657	29.598376	0.238229	-2093.562076	
1.647000	0.943487	0.839869	4.571590	29.596624	0.090259	-2093.289879	
1.648000	0.981541	0.791292	4.574826	29.594887	0.300533	-2093.017569	
1.649000	0.884292	0.953214	4.578319	29.593084	0.187608	-2092.745310	
1.650000	0.740533	0.856061	4.581747	29.591391	0.199290	-2092.473274	
1.651000	1.002682	0.815580	4.584926	29.590096	0.242123	-2092.201616	
1.652000	0.880064	0.847965	4.588043	29.589264	0.343367	-2091.930448	
1.653000	0.892748	0.969406	4.591290	29.588714	0.257699	-2091.659835	
1.654000	0.960400	0.750812	4.594506	29.588260	0.203184	-2091.389794	
1.655000	0.939259	0.920829	4.597484	29.587859	0.257699	-2091.120291	
1.656000	0.964628	0.629370	4.600223	29.587535	0.246017	-2090.851227	
1.657000	0.867379	1.009886	4.602901	29.587295	0.308321	-2090.582448	
1.658000	0.698251	0.856061	4.605688	29.587223	0.362836	-2090.313781	
1.659000	0.787043	0.896541	4.608548	29.587373	0.168138	-2090.045056	
1.660000	0.951943	0.734620	4.611408	29.587636	0.355048	-2089.776139	
1.661000	0.892748	1.034175	4.614363	29.587926	0.234335	-2089.506939	
1.662000	0.778587	0.677947	4.617411	29.588385	0.249911	-2089.237412	
1.663000	1.036507	0.734620	4.620319	29.589276	0.273275	-2088.967573	
1.664000	0.951943	0.775100	4.622825	29.590664	0.183714	-2088.697506	
1.665000	0.905433	1.017982	4.624610	29.592367	0.370624	-2088.427361	
1.666000	0.918118	0.856061	4.625308	29.594200	0.207078	-2088.157314	
1.667000	0.947715	0.839869	4.624784	29.596142	0.187608	-2087.887550	
1.668000	0.981541	0.856061	4.623099	29.598244	0.187608	-2087.618222	
1.669000	0.833553	1.050367	4.620362	29.600497	0.207078	-2087.349432	
1.670000	0.858923	0.920829	4.617107	29.602901	0.179820	-2087.081227	
1.671000	0.922346	0.783196	4.614311	29.605436	0.082471	-2086.813610	
1.672000	0.939259	0.904637	4.612424	29.607988	0.273275	-2086.546520	
1.673000	0.918118	0.775100	4.611121	29.610473	0.226548	-2086.279833	
1.674000	0.698251	0.953214	4.610026	29.612995	0.238229	-2086.013380	
1.675000	0.935030	0.912733	4.608976	29.615791	0.323897	-2085.746978	
1.676000	0.850466	0.928926	4.607887	29.618939	0.327791	-2085.480456	
1.677000	0.956171	1.026079	4.606522	29.622274	0.312215	-2085.213684	
1.678000	0.880064	0.864157	4.604531	29.625624	0.277169	-2084.946579	
1.679000	1.006910	0.750812	4.602239	29.629005	0.059107	-2084.679110	
1.680000	0.922346	0.880349	4.600694	29.632510	0.191502	-2084.411317	
1.681000	0.918118	0.945118	4.600448	29.636120	0.339473	-2084.143303	
1.682000	0.820869	0.945118	4.601042	29.639752	0.358942	-2083.875224	
1.683000	0.926574	0.726523	4.601756	29.643302	0.199290	-2083.607261	
1.684000	0.951943	0.937022	4.602189	29.646646	0.281063	-2083.339592	
1.685000	1.002682	0.596986	4.602037	29.649700	0.195396	-2083.072355	
1.686000	0.833553	0.661755	4.600840	29.652526	0.265487	-2082.805635	
1.687000	0.973084	0.726523	4.597886	29.655344	0.284957	-2082.539469	
1.688000	0.913889	0.880349	4.592372	29.658262	0.246017	-2082.273847	
1.689000	0.947715	1.001790	4.584267	29.661143	0.234335	-2082.008696	
1.690000	0.875836	0.896541	4.574685	29.663846	0.179820	-2081.743884	
1.691000	0.985769	1.042271	4.565222	29.666437	0.156456	-2081.479245	
1.692000	0.842010	1.026079	4.557292	29.669059	0.265487	-2081.214603	
1.693000	0.880064	0.896541	4.551656	29.671707	0.296639	-2080.949795	
1.694000	0.770130	0.961310	4.548092	29.674265	0.296639	-2080.684706	
1.695000	0.875836	0.767004	4.546130	29.676594	0.140880	-2080.419270	
1.696000	0.981541	0.937022	4.546290	29.678577	0.320003	-2080.153482	
1.697000	0.951943	0.912733	4.549269	29.680136	0.253805	-2079.887399	
1.698000	0.837782	0.953214	4.554514	29.681312	0.320003	-2079.621141	
1.699000	0.922346	0.823676	4.560792	29.682310	0.269381	-2079.354866	
1.700000	0.833553	0.831773	4.567074	29.683252	0.355048	-2079.088750	0.000000
1.701000	0.909661	0.912733	4.572577	29.684013	0.378412	-2078.822955	
1.702000	0.892748	0.750812	4.576625	29.684466	0.214866	-2078.557605	
1.703000	1.006910	0.920829	4.579233	29.684710	0.203184	-2078.292777	
1.704000	1.019594	0.799388	4.581420	29.684932	0.253805	-2078.028498	
1.705000	0.905433	1.001790	4.583781	29.685138	0.210972	-2077.764739	
1.706000	0.909661	0.742716	4.585831	29.685174	0.257699	-2077.501401	
1.707000	0.863151	0.823676	4.587069	29.684880	0.055213	-2077.238346	
1.708000	0.956171	0.758908	4.587433	29.684150	0.191502	-2076.975408	
1.709000	0.892748	0.839869	4.587211	29.682925	0.199290	-2076.712421	
1.710000	0.926574	0.904637	4.586942	29.681232	0.199290	-2076.449239	
1.711000	0.842010	0.613178	4.586763	29.679263	0.230441	-2076.185760	
1.712000	0.901205	0.710331	4.586091	29.677159	0.370624	-2075.921938	
1.713000	0.884292	0.758908	4.584402	29.674817	0.351155	-2075.657780	
1.714000	0.787043	0.783196	4.581893	29.672136	0.222654	-2075.393364	
1.715000	0.799728	0.985598	4.579024	29.669259	0.090259	-2075.128827	
1.716000	0.994225	0.920829	4.576052	29.666420	0.203184	-2074.864334	
1.717000	0.837782	1.147520	4.573209	29.663637	0.292745	-2074.600052	
1.718000	0.888520	0.928926	4.570627	29.660734	0.308321	-2074.336125	
1.719000	0.820869	0.807484	4.567972	29.657523	0.168138	-2074.072658	
1.720000	1.006910	0.799388	4.564765	29.653908	0.284957	-2073.809717	
1.721000	0.884292	0.783196	4.560959	29.649842	0.230441	-2073.547313	
1.722000	1.044964	0.856061	4.556893	29.645342	0.187608	-2073.285390	
1.723000	0.753218	0.839869	4.553032	29.640589	0.269381	-2073.023834	
1.724000	0.918118	0.888445	4.549930	29.635722	0.191502	-2072.762494	
1.725000	0.918118	0.823676	4.548044	29.630646	0.242123	-2072.501204	
1.726000	0.892748	0.953214	4.547532	29.625276	0.129198	-2072.239802	
1.727000	0.812412	0.750812	4.548336	29.619789	0.246017	-2071.978163	
1.728000	1.087246	0.669851	4.550362	29.614465	0.199290	-2071.716209	
1.729000	0.888520	0.888445	4.553454	29.609349	0.390094	-2071.453911	
1.730000	0.943487	0.993694	4.557370	29.604264	0.203184	-2071.191305	
1.731000	0.884292	0.937022	4.561887	29.599023	0.148668	-2070.928498	
1.732000	0.951943	1.001790	4.566683	29.593552	0.331685	-2070.665646	
1.733000	0.918118	0.775100	4.571364	29.587830	0.140880	-2070.402921	
1.734000	0.837782	1.034175	4.575799	29.581873	0.347261	-2070.140484	
1.735000	0.715164	0.677947	4.580068	29.575839	0.370624	-2069.878460	
1.736000	0.867379	0.880349	4.584384	29.569850	0.331685	-2069.616931	
1.737000	0.989997	0.677947	4.589208	29.563811	0.327791	-2069.355937	
1.738000	0.829325	0.847965	4.594624	29.557640	0.230441	-2069.095463	
1.739000	0.765902	0.791292	4.600017	29.551521	0.218760	-2068.835429	
1.740000	0.960400	0.945118	4.604798	29.545738	0.347261	-2068.575702	
1.741000	0.918118	0.734620	4.608788	29.540343	0.242123	-2068.316118	
1.742000	0.901205	1.066559	4.611999	29.535150	0.351155	-2068.056508	
1.743000	0.968856	0.742716	4.614447	29.529967	0.160350	-2067.796723	
1.744000	1.049192	1.074655	4.616209	29.524731	0.074683	-2067.536663	
1.745000	1.015366	0.864157	4.617587	29.519445	0.191502	-2067.276276	
1.746000	0.867379	0.920829	4.618967	29.514125	0.261593	-2067.015559	
1.747000	0.736305	0.629370	4.620532	29.508905	0.226548	-2066.754581	
1.748000	0.871607	0.937022	4.622171	29.503883	0.113622	-2066.493476	
1.749000	0.926574	0.758908	4.623522	29.498965	0.347261	-2066.232416	
1.750000	0.871607	0.872253	4.624250	29.494071	0.133092	-2065.971575	
1.751000	0.710936	0.831773	4.624402	29.489368	0.242123	-2065.711109	
1.752000	0.939259	0.872253	4.624239	29.485139	0.175926	-2065.451130	
1.753000	0.854694	0.726523	4.623824	29.481447	0.456292	-2065.191703	
1.754000	0.867379	1.066559	4.623148	29.478111	0.355048	-2064.932846	
1.755000	0.968856	0.880349	4.622251	29.474946	0.261593	-2064.674523	
1.756000	1.044964	0.791292	4.621076	29.471912	0.121410	-2064.416640	
1.757000	0.964628	0.831773	4.619700	29.469035	0.160350	-2064.159048	
1.758000	0.846238	1.001790	4.618475	29.466311	0.273275	-2063.901569	
1.759000	0.744761	0.856061	4.617558	29.463796	0.265487	-2063.644026	
1.760000	0.901205	0.831773	4.616702	29.461516	0.121410	-2063.386283	
1.761000	1.002682	0.686043	4.615881	29.459364	0.393988	-2063.128252	
1.762000	0.998453	0.767004	4.615487	29.457255	0.183714	-2062.869893	
1.763000	0.778587	0.831773	4.615753	29.455323	0.179820	-2062.611218	
1.764000	1.099930	0.629370	4.616544	29.453833	0.226548	-2062.352309	
1.765000	0.918118	0.912733	4.617542	29.452862	0.222654	-2062.093308	
1.766000	0.871607	1.017982	4.618452	29.452244	0.210972	-2061.834390	
1.767000	0.918118	0.904637	4.619059	29.451803	0.070789	-2061.575732	
1.768000	1.002682	0.815580	4.619024	29.451533	0.035743	-2061.317490	
1.769000	1.019594	0.596986	4.617887	29.451495	0.238229	-2061.059767	
1.770000	0.863151	1.050367	4.615418	29.451674	0.273275	-2060.802612	
1.771000	0.765902	0.904637	4.611703	29.452042	0.405670	-2060.546021	
1.772000	0.926574	0.937022	4.607109	29.452548	0.066895	-2060.289930	
1.773000	0.854694	0.953214	4.602366	29.453077	0.386200	-2060.034220	
1.774000	0.867379	0.799388	4.598307	29.453542	0.222654	-2059.778725	
1.775000	0.744761	0.937022	4.595375	29.454032	0.355048	-2059.523259	
1.776000	1.061876	0.718427	4.593516	29.454770	0.331685	-2059.267646	
1.777000	0.799728	0.775100	4.592577	29.455839	0.355048	-2059.011750	
1.778000	0.918118	0.880349	4.592805	29.457084	0.339473	-2058.755491	
1.779000	0.888520	0.742716	4.594969	29.458343	0.179820	-2058.498841	
1.780000	1.087246	0.831773	4.599606	29.459646	0.024061	-2058.241844	
1.781000	0.989997	1.050367	4.606236	29.461097	0.304427	-2057.984615	
1.782000	0.947715	1.034175	4.613643	29.462683	0.316109	-2057.727310	
1.783000	0.803956	0.888445	4.620620	29.464323	0.246017	-2057.470108	
1.784000	0.973084	0.718427	4.626508	29.465917	-0.026560	-2057.213189	
1.785000	0.935030	0.758908	4.631194	29.467349	0.238229	-2056.956697	
1.786000	0.884292	0.580794	4.634579	29.468536	0.323897	-2056.700725	
1.787000	0.842010	0.823676	4.636472	29.469530	0.191502	-2056.445310	
1.788000	1.002682	0.799388	4.636767	29.470539	0.269381	-2056.190434	
1.789000	0.846238	1.082751	4.635421	29.471675	0.281063	-2055.936014	
1.790000	0.875836	0.985598	4.632627	29.472808	0.207078	-2055.681908	
1.791000	0.825097	0.864157	4.628896	29.473804	0.335579	-2055.427938	
1.792000	1.015366	0.775100	4.624914	29.474741	0.012379	-2055.173923	
1.793000	0.863151	0.791292	4.621319	29.475773	0.284957	-2054.919704	
1.794000	0.867379	0.953214	4.618404	29.476901	0.355048	-2054.665162	
1.795000	0.854694	1.082751	4.616357	29.477998	0.421246	-2054.410234	
1.796000	0.998453	1.098943	4.615456	29.478924	0.183714	-2054.154914	
1.797000	0.926574	0.928926	4.615647	29.479566	0.320003	-2053.899273	
1.798000	0.880064	0.856061	4.616392	29.479848	0.355048	-2053.643438	
1.799000	0.863151	0.896541	4.616979	29.479800	0.246017	-2053.387571	
1.800000	0.905433	0.791292	4.616838	29.479609	0.187608	-2053.131847	0.000000
1.801000	0.939259	0.710331	4.615647	29.479395	0.238229	-2052.876433	
1.802000	0.947715	0.839869	4.613190	29.479040	0.304427	-2052.621459	
1.803000	0.994225	0.783196	4.609305	29.478428	0.234335	-2052.367000	
1.804000	1.049192	0.977502	4.603918	29.477675	0.109728	-2052.113086	
1.805000	0.951943	0.686043	4.597179	29.476991	0.238229	-2051.859688	
1.806000	0.913889	0.742716	4.589626	29.476393	0.273275	-2051.606706	
1.807000	0.858923	0.807484	4.582070	29.475730	0.230441	-2051.353993	
1.808000	0.909661	0.904637	4.575223	29.474836	0.210972	-2051.101376	
1.809000	0.985769	0.734620	4.569455	29.473607	0.226548	-2050.848685	
1.810000	0.905433	0.912733	4.564777	29.471989	0.203184	-2050.595778	
1.811000	0.926574	0.993694	4.560702	29.470011	0.222654	-2050.342554	
1.812000	0.858923	0.847965	4.556269	29.467867	0.199290	-2050.088962	
1.813000	0.829325	0.831773	4.550774	29.465701	0.175926	-2049.835010	
1.814000	0.837782	0.985598	4.544503	29.463416	0.296639	-2049.580775	
1.815000	0.896977	0.815580	4.538383	29.460915	0.323897	-2049.326394	
1.816000	0.774359	1.058463	4.533106	29.458349	0.117516	-2049.072034	
1.817000	0.947715	0.847965	4.528883	29.455961	0.249911	-2048.817868	
1.818000	0.850466	0.969406	4.525743	29.453771	0.292745	-2048.564048	
1.819000	0.960400	0.920829	4.523890	29.451598	0.312215	-2048.310685	
1.820000	0.867379	0.629370	4.523686	29.449252	0.144774	-2048.057848	
1.821000	1.019594	0.775100	4.525155	29.446642	0.249911	-2047.805554	
1.822000	0.812412	0.920829	4.527819	29.443732	0.327791	-2047.553755	
1.823000	0.943487	0.985598	4.531219	29.440537	0.292745	-2047.302333	
1.824000	0.710936	0.864157	4.535249	29.437233	0.269381	-2047.051131	
1.825000	0.913889	0.702235	4.539890	29.433956	0.082471	-2046.799976	
1.826000	0.909661	0.750812	4.544943	29.430614	0.273275	-2046.548708	
1.827000	0.951943	0.596986	4.550146	29.427122	0.199290	-2046.297200	
1.828000	0.799728	0.783196	4.555193	29.423664	0.253805	-2046.045369	
1.829000	0.998453	0.831773	4.559545	29.420523	0.273275	-2045.793186	
1.830000	0.791271	0.985598	4.562743	29.417747	0.246017	-2045.540683	
1.831000	0.871607	1.034175	4.564838	29.415153	0.292745	-2045.287961	
1.832000	0.812412	0.856061	4.566116	29.412550	0.249911	-2045.035171	
1.833000	0.939259	0.839869	4.566746	29.409861	0.238229	-2044.782488	
1.834000	0.922346	0.767004	4.566738	29.407069	0.238229	-2044.530086	
1.835000	0.939259	0.969406	4.566004	29.404181	0.296639	-2044.278098	
1.836000	0.770130	0.726523	4.564475	29.401333	0.284957	-2044.026610	
1.837000	0.930802	0.661755	4.562015	29.398630	0.199290	-2043.775668	
1.838000	0.896977	0.815580	4.558521	29.395975	0.393988	-2043.525266	
1.839000	0.892748	1.009886	4.554401	29.393285	0.370624	-2043.275326	
1.840000	0.757446	0.677947	4.550596	29.390737	0.300533	-2043.025713	
1.841000	1.032279	0.726523	4.547930	29.388619	0.323897	-2042.776261	
1.842000	0.973084	0.710331	4.546723	29.386983	0.296639	-2042.526796	
1.843000	0.956171	0.977502	4.546881	29.385644	0.249911	-2042.277165	
1.844000	0.964628	0.702235	4.548207	29.384409	0.156456	-2042.027267	
1.845000	1.015366	0.831773	4.550817	29.383224	0.101940	-2041.777049	
1.846000	0.939259	0.775100	4.554978	29.382098	0.121410	-2041.526513	
1.847000	0.829325	1.001790	4.560557	29.381031	0.218760	-2041.275716	
1.848000	0.698251	0.799388	4.567039	29.380115	0.327791	-2041.024774	
1.849000	0.842010	0.839869	4.573806	29.379411	0.214866	-2040.773847	
1.850000	0.913889	0.750812	4.580272	29.378817	0.296639	-2040.523110	
1.851000	0.901205	0.888445	4.586020	29.378253	0.358942	-2040.272720	
1.852000	0.685566	0.823676	4.590887	29.377873	0.230441	-2040.022794	
1.853000	0.918118	0.864157	4.594818	29.377947	0.281063	-2039.773401	
1.854000	0.981541	0.629370	4.597665	29.378540	0.343367	-2039.524561	
1.855000	0.833553	1.098943	4.599246	29.379468	0.327791	-2039.276237	
1.856000	0.909661	0.718427	4.599591	29.380541	0.234335	-2039.028331	
1.857000	0.935030	0.872253	4.599118	29.381731	0.086365	-2038.780697	
1.858000	1.006910	0.783196	4.598491	29.383077	0.323897	-2038.533168	
1.859000	0.939259	1.009886	4.598323	29.384571	0.281063	-2038.285577	
1.860000	0.812412	0.831773	4.599020	29.386228	0.277169	-2038.037789	
1.861000	0.968856	0.783196	4.600880	29.388039	0.144774	-2037.789719	
1.862000	0.981541	0.896541	4.604324	29.389891	0.183714	-2037.541333	
1.863000	0.922346	0.718427	4.609778	29.391699	0.156456	-2037.292648	
1.864000	0.803956	0.839869	4.617007	29.393581	0.140880	-2037.043742	
1.865000	0.994225	0.823676	4.624851	29.395795	0.257699	-2036.794748	
1.866000	0.922346	0.791292	4.631883	29.398424	0.230441	-2036.545832	
1.867000	0.901205	0.945118	4.637182	29.401304	0.362836	-2036.297169	
1.868000	0.960400	0.896541	4.640612	29.404264	0.203184	-2036.048910	
1.869000	0.956171	0.783196	4.642511	29.407313	0.191502	-2035.801163	
1.870000	0.896977	0.872253	4.643189	29.410531	0.292745	-2035.553983	
1.871000	0.871607	1.082751	4.642654	29.413909	0.401776	-2035.307368	
1.872000	0.706707	0.839869	4.640741	29.417403	0.277169	-2035.061250	
1.873000	0.837782	0.807484	4.637509	29.420947	0.273275	-2034.815505	
1.874000	0.977312	0.888445	4.633358	29.424422	0.331685	-2034.569974	
1.875000	0.951943	0.645563	4.628717	29.427740	0.175926	-2034.324478	
1.876000	0.803956	0.904637	4.623676	29.430975	0.327791	-2034.078848	
1.877000	1.036507	0.767004	4.618031	29.434352	0.355048	-2033.832951	
1.878000	0.960400	1.026079	4.612146	29.437971	0.210972	-2033.586712	
1.879000	0.918118	1.082751	4.607373	29.441683	0.203184	-2033.340105	
1.880000	0.880064	0.831773	4.604781	29.445336	0.304427	-2033.093172	
1.881000	1.070333	0.791292	4.604216	29.448975	0.012379	-2032.846019	
1.882000	0.985769	0.742716	4.604888	29.452722	0.246017	-2032.598804	
1.883000	0.956171	0.864157	4.606059	29.456569	0.300533	-2032.351700	
1.884000	0.812412	0.847965	4.607334	29.460413	0.296639	-2032.104883	
1.885000	0.935030	0.799388	4.608545	29.464136	0.074683	-2031.858501	
1.886000	0.939259	1.017982	4.609492	29.467618	0.378412	-2031.612654	
1.887000	0.960400	0.807484	4.609715	29.470781	0.183714	-2031.367388	
1.888000	0.808184	1.179904	4.608312	29.473670	0.288851	-2031.122682	
1.889000	0.892748	0.969406	4.604763	29.476489	0.226548	-2030.878452	
1.890000	0.842010	0.953214	4.599716	29.479347	0.335579	-2030.634555	
1.891000	0.913889	0.872253	4.594321	29.482115	0.452398	-2030.390819	
1.892000	0.820869	0.896541	4.589506	29.484663	0.230441	-2030.147067	
1.893000	1.006910	0.953214	4.585826	29.487081	0.140880	-2029.903142	
1.894000	0.884292	1.058463	4.583545	29.489540	0.238229	-2029.658931	
1.895000	0.913889	1.082751	4.583139	29.492042	0.273275	-2029.414367	
1.896000	0.723620	0.839869	4.585220	29.494440	0.296639	-2029.169436	
1.897000	0.884292	0.823676	4.589692	29.496574	0.117516	-2028.924196	
1.898000	0.985769	0.856061	4.595647	29.498329	0.226548	-2028.678775	
1.899000	0.994225	0.742716	4.601933	29.499638	0.249911	-2028.433341	
1.900000	0.930802	0.945118	4.607567	29.500528	0.257699	-2028.188073	0.000000
1.901000	0.951943	0.791292	4.611898	29.501198	0.300533	-2027.943136	
1.902000	0.913889	1.026079	4.614524	29.501779	0.281063	-2027.698662	
1.903000	0.913889	0.888445	4.615095	29.502167	0.358942	-2027.454730	
1.904000	0.884292	0.775100	4.613402	29.502249	0.226548	-2027.211362	
1.905000	0.888520	0.807484	4.609695	29.502159	0.125304	-2026.968525	
1.906000	0.939259	0.807484	4.604690	29.502117	0.296639	-2026.726119	
1.907000	0.909661	0.985598	4.599234	29.502139	0.393988	-2026.484000	
1.908000	0.935030	0.937022	4.594070	29.502059	0.390094	-2026.241998	
1.909000	0.833553	1.050367	4.589699	29.501698	0.063001	-2025.999943	
1.910000	0.964628	0.847965	4.586304	29.500960	0.269381	-2025.757699	
1.911000	0.833553	0.880349	4.583563	29.499796	0.199290	-2025.515171	
1.912000	0.774359	1.082751	4.580232	29.498228	0.277169	-2025.272303	
1.913000	0.748989	0.710331	4.575005	29.496442	0.378412	-2025.029096	
1.914000	0.964628	0.888445	4.568127	29.494578	0.288851	-2024.785619	
1.915000	0.901205	1.009886	4.560934	29.492537	0.456292	-2024.542005	
1.916000	0.918118	0.920829	4.554443	29.490226	0.156456	-2024.298427	
1.917000	0.770130	0.928926	4.549228	29.487813	0.203184	-2024.055063	
1.918000	1.040735	0.718427	4.545578	29.485566	0.316109	-2023.812073	
1.919000	0.858923	0.799388	4.543389	29.483520	0.203184	-2023.569568	
1.920000	0.939259	0.734620	4.542286	29.481494	0.300533	-2023.327610	
1.921000	0.846238	0.856061	4.541838	29.479296	0.179820	-2023.086208	
1.922000	1.074561	0.718427	4.541647	29.476842	0.148668	-2022.845313	
1.923000	0.930802	0.969406	4.541534	29.474104	0.179820	-2022.604816	
1.924000	0.947715	0.742716	4.541691	29.471100	0.281063	-2022.364567	
1.925000	0.677110	0.831773	4.542543	29.468000	0.179820	-2022.124399	
1.926000	0.913889	0.702235	4.544489	29.464936	0.222654	-2021.884159	
1.927000	0.892748	0.750812	4.547645	29.461818	0.323897	-2021.643725	
1.928000	0.884292	0.945118	4.551986	29.458564	0.226548	-2021.403017	
1.929000	0.605231	0.864157	4.558000	29.455360	0.199290	-2021.162000	
1.930000	1.049192	0.847965	4.566503	29.452497	0.269381	-2020.920701	
1.931000	0.803956	0.815580	4.577301	29.450030	0.545853	-2020.679216	
1.932000	0.884292	0.880349	4.588965	29.447776	0.370624	-2020.437692	
1.933000	0.909661	0.775100	4.600043	29.445544	0.168138	-2020.196303	
1.934000	0.964628	0.896541	4.609612	29.443267	0.136986	-2019.955220	
1.935000	0.939259	0.856061	4.617001	29.440937	0.249911	-2019.714580	
1.936000	0.896977	1.017982	4.621377	29.438559	0.226548	-2019.474466	
1.937000	0.681338	0.920829	4.621891	29.436258	0.261593	-2019.234916	
1.938000	0.901205	0.726523	4.618761	29.434125	0.160350	-2018.995922	
1.939000	0.994225	0.677947	4.613232	29.432060	0.304427	-2018.757414	
1.940000	0.977312	0.815580	4.606429	29.429984	0.339473	-2018.519261	
1.941000	0.744761	0.734620	4.599161	29.428066	0.203184	-2018.281302	
1.942000	1.070333	0.872253	4.592170	29.426594	0.187608	-2018.043366	
1.943000	0.850466	0.758908	4.586149	29.425632	0.316109	-2017.805301	
1.944000	0.820869	1.107039	4.581876	29.425001	0.253805	-2017.566996	
1.945000	0.939259	0.621274	4.580163	29.424509	0.195396	-2017.328390	
1.946000	0.947715	0.856061	4.581252	29.424116	0.164244	-2017.089477	
1.947000	1.019594	0.653659	4.584610	29.423848	0.218760	-2016.850316	
1.948000	0.875836	0.920829	4.589395	29.423703	0.300533	-2016.611022	
1.949000	0.761674	0.880349	4.594710	29.423742	0.261593	-2016.371751	
1.950000	0.875836	0.839869	4.599755	29.424000	0.168138	-2016.132681	
1.951000	0.905433	0.831773	4.604072	29.424369	0.417352	-2015.893978	
1.952000	0.808184	0.580794	4.607488	29.424765	0.296639	-2015.655762	
1.953000	0.791271	0.767004	4.609945	29.425324	0.249911	-2015.418097	
1.954000	1.002682	0.669851	4.611509	29.426309	0.284957	-2015.180996	
1.955000	0.930802	0.645563	4.612238	29.427795	0.273275	-2014.944422	
1.956000	0.850466	1.171808	4.612130	29.429604	0.300533	-2014.708274	
1.957000	0.981541	0.775100	4.611438	29.431556	0.160350	-2014.472408	
1.958000	1.011138	0.888445	4.610594	29.433636	0.035743	-2014.236660	
1.959000	1.011138	0.750812	4.609725	29.435897	0.144774	-2014.000866	
1.960000	0.880064	0.985598	4.608722	29.438323	0.249911	-2013.764885	
1.961000	0.863151	0.718427	4.607756	29.440892	0.109728	-2013.528622	
1.962000	0.985769	0.702235	4.607219	29.443560	0.175926	-2013.292036	
1.963000	0.977312	0.783196	4.607027	29.446207	0.253805	-2013.055145	
1.964000	0.896977	0.839869	4.606757	29.448749	0.230441	-2012.818031	
1.965000	0.837782	0.839869	4.606244	29.451287	0.195396	-2012.580830	
1.966000	1.032279	0.775100	4.605401	29.454065	0.249911	-2012.343708	
1.967000	0.867379	0.961310	4.604139	29.457177	0.300533	-2012.106834	
1.968000	0.884292	0.928926	4.602543	29.460469	0.308321	-2011.870353	
1.969000	0.905433	0.807484	4.600669	29.463783	0.234335	-2011.634362	
1.970000	1.061876	0.742716	4.598327	29.467144	0.078577	-2011.398910	
1.971000	0.918118	0.783196	4.595181	29.470652	0.226548	-2011.163993	
1.972000	0.935030	1.001790	4.591068	29.474292	0.327791	-2010.929543	
1.973000	0.833553	0.928926	4.586262	29.477976	0.378412	-2010.695434	
1.974000	0.935030	0.726523	4.581389	29.481600	0.117516	-2010.461508	
1.975000	0.858923	0.783196	4.577063	29.485042	0.261593	-2010.227596	
1.976000	0.888520	0.839869	4.573650	29.488215	0.265487	-2009.993531	
1.977000	0.791271	0.977502	4.571222	29.491170	0.261593	-2009.759182	
1.978000	1.095702	0.613178	4.569879	29.494104	0.374518	-2009.524464	
1.979000	0.922346	0.815580	4.569873	29.497116	0.249911	-2009.289352	
1.980000	1.006910	0.904637	4.571105	29.500066	0.218760	-2009.053884	
1.981000	1.023823	0.928926	4.573123	29.502812	0.249911	-2008.818172	
1.982000	1.061876	0.791292	4.575464	29.505428	-0.007091	-2008.582376	
1.983000	0.918118	0.904637	4.577683	29.508070	0.343367	-2008.346680	
1.984000	0.892748	0.920829	4.579457	29.510736	0.323897	-2008.111253	
1.985000	0.816641	0.961310	4.580511	29.513292	0.284957	-2007.876232	
1.986000	0.943487	0.758908	4.580589	29.515588	0.117516	-2007.641705	
1.987000	0.842010	0.912733	4.579675	29.517507	0.312215	-2007.407714	
1.988000	0.842010	0.783196	4.577888	29.518978	0.156456	-2007.174241	
1.989000	0.829325	0.880349	4.575418	29.520034	0.335579	-2006.941199	
1.990000	0.913889	0.823676	4.572677	29.520870	0.312215	-2006.708446	
1.991000	0.787043	0.912733	4.570132	29.521613	0.300533	-2006.475810	
1.992000	0.888520	1.042271	4.567994	29.522150	0.320003	-2006.243115	
1.993000	0.863151	0.928926	4.566093	29.522363	0.339473	-2006.010198	
1.994000	0.922346	0.823676	4.563758	29.522367	0.281063	-2005.776945	
1.995000	1.019594	0.888445	4.560265	29.522365	0.195396	-2005.543287	
1.996000	0.930802	1.034175	4.555894	29.522366	0.187608	-2005.309216	
1.997000	0.918118	0.864157	4.551762	29.522207	0.226548	-2005.074792	
1.998000	0.905433	0.880349	4.548604	29.521713	0.129198	-2004.840151	
1.999000	0.981541	0.791292	4.546528	29.520779	0.269381	-2004.605473	
2.000000	0.918118	0.961310	4.545497	29.519350	0.183714	-2004.370945	0.000000
2.001000	0.947715	0.896541	4.545494	29.517445	0.210972	-2004.136732	
2.002000	0.799728	0.823676	4.546382	29.515255	0.292745	-2003.902959	
2.003000	0.850466	0.629370	4.547867	29.512922	0.292745	-2003.669704	
2.004000	0.888520	0.831773	4.549504	29.510348	0.312215	-2003.436995	
2.005000	0.981541	0.847965	4.550738	29.507440	0.203184	-2003.204800	
2.006000	0.820869	0.864157	4.551264	29.504356	0.109728	-2002.973020	
2.007000	0.994225	0.888445	4.551325	29.501352	0.339473	-2002.741505	
2.008000	0.748989	1.050367	4.551431	29.498462	0.335579	-2002.510071	
2.009000	0.884292	0.961310	4.551980	29.495513	0.331685	-2002.278539	
2.010000	0.778587	0.839869	4.553244	29.492319	0.234335	-2002.046760	
2.011000	0.926574	0.896541	4.555622	29.488796	0.234335	-2001.814640	
2.012000	0.846238	0.856061	4.559709	29.484908	0.347261	-2001.582131	
2.013000	0.947715	0.912733	4.565743	29.480674	0.393988	-2001.349236	
2.014000	0.753218	0.985598	4.573169	29.476270	0.370624	-2001.116032	
2.015000	0.880064	1.001790	4.581019	29.471832	0.323897	-2000.882660	
2.016000	0.867379	0.847965	4.588304	29.467266	0.374518	-2000.649301	
2.017000	0.884292	0.856061	4.594129	29.462483	0.203184	-2000.416134	
2.018000	0.765902	0.775100	4.597868	29.457659	0.288851	-2000.183316	
2.019000	1.032279	0.839869	4.599247	29.453070	0.242123	-1999.950956	
2.020000	0.956171	0.847965	4.598252	29.448760	0.281063	-1999.719118	
2.021000	0.918118	0.961310	4.595082	29.444546	0.218760	-1999.487817	
2.022000	0.913889	0.596986	4.590313	29.440236	0.136986	-1999.257005	
2.023000	1.002682	0.872253	4.584921	29.435765	0.253805	-1999.026576	
2.024000	0.956171	0.791292	4.579894	29.431120	0.133092	-1998.796376	
2.025000	0.871607	0.985598	4.575899	29.426316	0.222654	-1998.566228	
2.026000	0.732077	0.750812	4.573327	29.421493	0.218760	-1998.335962	
2.027000	0.871607	0.920829	4.572507	29.416758	0.249911	-1998.105447	
2.028000	0.918118	0.677947	4.573632	29.412019	0.320003	-1997.874604	
2.029000	0.829325	0.937022	4.576345	29.407203	0.191502	-1997.643403	
2.030000	0.655969	0.823676	4.579796	29.402496	0.312215	-1997.411873	
2.031000	0.833553	0.807484	4.583300	29.398197	0.172032	-1997.180111	
2.032000	0.901205	0.969406	4.586517	29.394369	0.405670	-1996.948263	
2.033000	0.837782	1.131328	4.589295	29.390825	0.358942	-1996.716501	
2.034000	0.935030	0.791292	4.591730	29.387371	0.203184	-1996.484998	
2.035000	0.939259	0.758908	4.593928	29.383955	0.160350	-1996.253896	
2.036000	0.977312	0.831773	4.595784	29.380590	0.113622	-1996.023289	
2.037000	0.930802	0.694139	4.596916	29.377281	0.284957	-1995.793221	
2.038000	0.791271	0.831773	4.596721	29.374118	0.218760	-1995.563683	
2.039000	0.901205	0.904637	4.595003	29.371162	0.265487	-1995.334608	
2.040000	0.964628	0.799388	4.592326	29.368310	0.265487	-1995.105872	
2.041000	0.930802	0.888445	4.589537	29.365479	0.308321	-1994.877314	
2.042000	0.710936	0.823676	4.587310	29.362827	0.253805	-1994.648755	
2.043000	1.036507	0.831773	4.586063	29.360634	0.164244	-1994.420036	
2.044000	1.028051	0.896541	4.585914	29.358970	0.191502	-1994.191044	
2.045000	0.918118	0.928926	4.586811	29.357662	0.257699	-1993.961716	
2.046000	0.922346	0.799388	4.588691	29.356531	0.195396	-1993.732041	
2.047000	0.981541	1.034175	4.591505	29.355558	0.070789	-1993.502081	
2.048000	0.935030	0.961310	4.595113	29.354790	0.238229	-1993.271959	
2.049000	0.863151	1.074655	4.599098	29.354223	0.288851	-1993.041833	
2.050000	0.655969	0.888445	4.602879	29.353878	0.218760	-1992.811872	
2.051000	0.913889	0.742716	4.606070	29.353750	0.199290	-1992.582237	
2.052000	0.973084	0.864157	4.608659	29.353724	0.331685	-1992.353053	
2.053000	1.006910	0.702235	4.610839	29.353709	0.160350	-1992.124393	
2.054000	0.639056	0.864157	4.613064	29.353817	0.277169	-1991.896278	
2.055000	1.019594	0.783196	4.615922	29.354295	0.308321	-1991.668675	
2.056000	0.863151	0.977502	4.619434	29.355224	0.261593	-1991.441486	
2.057000	0.943487	0.920829	4.623090	29.356438	0.308321	-1991.214567	
2.058000	0.875836	0.823676	4.626555	29.357766	0.175926	-1990.987747	
2.059000	1.066105	0.726523	4.629615	29.359218	0.105834	-1990.760860	
2.060000	0.968856	0.686043	4.631755	29.360874	0.183714	-1990.533768	
2.061000	0.909661	0.880349	4.632532	29.362727	0.175926	-1990.306375	
2.062000	0.875836	1.017982	4.632098	29.364737	0.308321	-1990.078638	
2.063000	0.939259	0.734620	4.630783	29.366847	0.039637	-1989.850575	
2.064000	0.875836	0.937022	4.628683	29.368945	0.335579	-1989.622274	
2.065000	0.922346	0.750812	4.625785	29.370945	0.218760	-1989.393872	
2.066000	0.761674	0.856061	4.622104	29.372924	0.242123	-1989.165531	
2.067000	1.036507	0.677947	4.617786	29.375106	0.195396	-1988.937417	
2.068000	0.829325	0.750812	4.613149	29.377587	0.257699	-1988.709677	
2.069000	0.888520	0.937022	4.608567	29.380223	0.347261	-1988.482411	
2.070000	0.791271	0.831773	4.604191	29.382864	0.366730	-1988.255672	
2.071000	1.112615	0.880349	4.599822	29.385559	0.152562	-1988.029465	
2.072000	0.930802	0.888445	4.595163	29.388432	0.292745	-1987.803728	
2.073000	0.875836	1.074655	4.590234	29.391470	0.374518	-1987.578337	
2.074000	0.761674	0.799388	4.585508	29.394565	0.257699	-1987.353126	
2.075000	0.935030	0.807484	4.581631	29.397591	0.055213	-1987.127922	
2.076000	0.930802	0.734620	4.579249	29.400423	0.308321	-1986.902568	
2.077000	0.964628	0.637467	4.578844	29.402975	0.129198	-1986.676937	
2.078000	0.901205	1.058463	4.580290	29.405289	0.386200	-1986.450954	
2.079000	1.023823	0.637467	4.582977	29.407565	0.362836	-1986.224594	
2.080000	0.922346	0.758908	4.586470	29.409918	0.238229	-1985.997899	
2.081000	0.922346	0.775100	4.590476	29.412222	0.238229	-1985.770977	
2.082000	0.871607	0.742716	4.594477	29.414346	0.230441	-1985.543980	
2.083000	0.973084	0.831773	4.597805	29.416382	0.066895	-1985.317086	
2.084000	1.002682	0.758908	4.599980	29.418501	0.242123	-1985.090469	
2.085000	0.896977	0.993694	4.600850	29.420701	0.355048	-1984.864266	
2.086000	0.901205	0.823676	4.600281	29.422840	0.265487	-1984.638565	
2.087000	0.774359	0.928926	4.598106	29.424761	0.133092	-1984.413412	
2.088000	0.981541	0.669851	4.594322	29.426355	0.183714	-1984.188800	
2.089000	0.930802	0.912733	4.589135	29.427558	0.238229	-1983.964647	
2.090000	0.795500	0.864157	4.583039	29.428400	0.331685	-1983.740811	
2.091000	0.846238	0.815580	4.576696	29.429073	0.277169	-1983.517111	
2.092000	0.913889	0.783196	4.570628	29.429705	0.284957	-1983.293366	
2.093000	0.880064	0.847965	4.565176	29.430183	0.432928	-1983.069413	
2.094000	0.943487	0.507929	4.560690	29.430391	0.296639	-1982.845142	
2.095000	0.892748	0.783196	4.557507	29.430468	0.234335	-1982.620491	
2.096000	1.023823	0.596986	4.555813	29.430638	0.148668	-1982.395456	
2.097000	0.816641	0.937022	4.555697	29.430922	0.320003	-1982.170098	
2.098000	0.913889	0.985598	4.557056	29.431143	0.281063	-1981.944542	
2.099000	0.888520	0.920829	4.559414	29.431114	0.121410	-1981.718958	
2.100000	1.040735	0.677947	4.562115	29.430731	0.183714	-1981.493535	0.000000
2.101000	0.909661	0.653659	4.564576	29.429945	0.218760	-1981.268447	
2.102000	0.905433	0.686043	4.566356	29.428776	0.207078	-1981.043822	
2.103000	0.808184	0.750812	4.567230	29.427412	0.405670	-1980.819739	
2.104000	0.888520	0.961310	4.567261	29.426000	0.284957	-1980.596226	
2.105000	0.875836	0.815580	4.566706	29.424448	0.327791	-1980.373252	
2.106000	0.833553	0.928926	4.565766	29.422666	0.265487	-1980.150720	
2.107000	0.706707	0.888445	4.564542	29.420825	0.273275	-1979.928477	
2.108000	0.998453	0.767004	4.563218	29.419188	0.327791	-1979.706346	
2.109000	0.808184	0.815580	4.562126	29.417792	0.397882	-1979.484149	
2.110000	0.867379	0.937022	4.561636	29.416454	0.382306	-1979.261739	
2.111000	0.905433	0.888445	4.562334	29.414981	0.172032	-1979.039021	
2.112000	1.032279	0.888445	4.565271	29.413285	0.199290	-1978.815952	
2.113000	0.880064	0.864157	4.571139	29.411337	0.277169	-1978.592541	
2.114000	0.846238	0.904637	4.579294	29.409153	0.335579	-1978.368860	
2.115000	0.715164	0.767004	4.588282	29.406892	0.214866	-1978.145042	
2.116000	0.901205	0.791292	4.596829	29.404676	0.257699	-1977.921257	
2.117000	0.994225	0.750812	4.604213	29.402407	0.417352	-1977.697689	
2.118000	0.926574	0.953214	4.609987	29.400002	0.207078	-1977.474499	
2.119000	0.787043	0.945118	4.613821	29.397642	0.207078	-1977.251801	
2.120000	1.032279	0.831773	4.615826	29.395615	0.265487	-1977.029662	
2.121000	0.888520	0.791292	4.616542	29.393971	0.230441	-1976.808097	
2.122000	0.867379	1.009886	4.616622	29.392527	0.148668	-1976.587054	
2.123000	0.926574	0.799388	4.616505	29.391090	0.175926	-1976.366415	
2.124000	0.951943	0.896541	4.616255	29.389593	0.218760	-1976.146023	
2.125000	0.968856	0.807484	4.615681	29.388028	0.323897	-1975.925704	
2.126000	0.863151	1.147520	4.614338	29.386407	0.390094	-1975.705285	
2.127000	0.706707	0.912733	4.611750	29.384857	0.246017	-1975.484635	
2.128000	0.892748	0.920829	4.608340	29.383474	0.195396	-1975.263674	
2.129000	0.846238	0.920829	4.605739	29.382163	0.320003	-1975.042375	
2.130000	0.795500	0.904637	4.605387	29.380841	0.199290	-1974.820768	
2.131000	0.774359	1.001790	4.607426	29.379680	0.339473	-1974.598941	
2.132000	1.002682	0.880349	4.611118	29.378960	0.296639	-1974.377037	
2.133000	0.935030	0.856061	4.615376	29.378741	0.374518	-1974.155225	
2.134000	0.880064	1.058463	4.619137	29.378840	0.300533	-1973.933678	
2.135000	0.947715	0.896541	4.621789	29.379067	0.199290	-1973.712541	
2.136000	1.044964	0.718427	4.623013	29.379379	0.074683	-1973.491917	
2.137000	0.901205	0.847965	4.622219	29.379797	0.070789	-1973.271853	
2.138000	0.867379	1.017982	4.618728	29.380316	0.242123	-1973.052334	
2.139000	0.761674	1.163712	4.612671	29.380989	0.304427	-1972.833283	
2.140000	0.930802	0.856061	4.605125	29.381847	0.144774	-1972.614570	
2.141000	0.947715	0.912733	4.597296	29.382782	0.265487	-1972.396037	
2.142000	0.964628	0.694139	4.590018	29.383710	0.195396	-1972.177514	
2.143000	0.791271	0.896541	4.583724	29.384771	0.164244	-1971.958845	
2.144000	1.036507	0.767004	4.578684	29.386232	0.168138	-1971.739913	
2.145000	0.875836	0.961310	4.575543	29.388168	0.343367	-1971.520649	
2.146000	0.787043	1.115135	4.575108	29.390407	0.288851	-1971.301037	
2.147000	0.888520	0.993694	4.577612	29.392775	0.187608	-1971.081129	
2.148000	1.053420	0.888445	4.582679	29.395260	0.121410	-1970.861048	
2.149000	0.871607	0.807484	4.589504	29.397919	0.246017	-1970.640957	
2.150000	0.930802	0.969406	4.597110	29.400739	0.343367	-1970.421029	
2.151000	0.803956	0.961310	4.604771	29.403696	0.405670	-1970.201429	
2.152000	0.943487	0.864157	4.611961	29.406748	0.098047	-1969.982285	
2.153000	0.947715	0.888445	4.618111	29.409775	0.456292	-1969.763678	
2.154000	0.909661	0.815580	4.622746	29.412687	0.191502	-1969.545636	
2.155000	0.765902	0.969406	4.625634	29.415577	0.257699	-1969.328124	
2.156000	1.044964	0.734620	4.626891	29.418679	0.304427	-1969.111041	
2.157000	0.901205	0.791292	4.627066	29.422080	0.320003	-1968.894246	
2.158000	0.994225	0.896541	4.626839	29.425625	0.351155	-1968.677573	
2.159000	0.947715	0.928926	4.626813	29.429153	0.191502	-1968.460858	
2.160000	1.036507	0.872253	4.627444	29.432694	0.070789	-1968.243965	
2.161000	0.842010	0.928926	4.629021	29.436353	0.152562	-1968.026805	
2.162000	0.892748	1.042271	4.631952	29.440121	0.288851	-1967.809326	
2.163000	0.791271	1.074655	4.636425	29.443915	0.273275	-1967.591532	
2.164000	0.854694	0.694139	4.641902	29.447634	0.136986	-1967.373494	
2.165000	0.909661	0.750812	4.647466	29.451161	0.366730	-1967.155348	
2.166000	0.947715	0.815580	4.652292	29.454418	0.331685	-1966.937259	
2.167000	0.795500	1.090847	4.655875	29.457463	0.210972	-1966.719394	
2.168000	0.930802	0.920829	4.657940	29.460507	0.343367	-1966.501899	
2.169000	0.833553	1.131328	4.658032	29.463659	0.292745	-1966.284877	
2.170000	0.943487	0.969406	4.655305	29.466782	0.308321	-1966.068380	
2.171000	0.901205	0.864157	4.649223	29.469736	0.304427	-1965.852410	
2.172000	1.040735	0.847965	4.640227	29.472593	0.059107	-1965.636906	
2.173000	0.922346	0.686043	4.629371	29.475509	0.288851	-1965.421755	
2.174000	0.943487	1.050367	4.617894	29.478477	0.218760	-1965.206799	
2.175000	0.909661	0.904637	4.607001	29.481355	0.261593	-1964.991871	
2.176000	0.943487	0.807484	4.597790	29.483990	0.090259	-1964.776815	
2.177000	0.968856	0.864157	4.591163	29.486262	0.242123	-1964.561513	
2.178000	0.947715	0.580794	4.587376	29.488098	0.246017	-1964.345892	
2.179000	0.943487	1.123232	4.585854	29.489524	0.242123	-1964.129917	
2.180000	0.858923	0.791292	4.585760	29.490732	0.261593	-1963.913615	
2.181000	0.867379	0.872253	4.586533	29.491844	0.284957	-1963.697082	
2.182000	0.939259	0.945118	4.587850	29.492745	0.273275	-1963.480469	
2.183000	0.935030	0.847965	4.589461	29.493322	0.222654	-1963.263953	
2.184000	0.939259	0.953214	4.591250	29.493697	0.179820	-1963.047704	
2.185000	0.943487	0.823676	4.593104	29.494077	0.156456	-1962.831860	
2.186000	0.820869	0.888445	4.594627	29.494479	0.436822	-1962.616505	
2.187000	0.867379	0.621274	4.595198	29.494745	0.273275	-1962.401673	
2.188000	0.842010	0.896541	4.594359	29.494705	0.195396	-1962.187355	
2.189000	0.973084	0.783196	4.592151	29.494255	0.284957	-1961.973480	
2.190000	0.943487	0.864157	4.589165	29.493339	0.257699	-1961.759917	
2.191000	0.888520	0.767004	4.586060	29.491975	0.382306	-1961.546500	
2.192000	0.782815	0.686043	4.583117	29.490352	0.335579	-1961.333054	
2.193000	0.867379	0.686043	4.580471	29.488608	0.308321	-1961.119428	
2.194000	0.854694	0.945118	4.578309	29.486643	0.246017	-1960.905512	
2.195000	0.943487	0.783196	4.576692	29.484355	0.183714	-1960.691242	
2.196000	0.816641	0.937022	4.575678	29.481896	0.144774	-1960.476606	
2.197000	1.040735	0.856061	4.575493	29.479512	0.238229	-1960.261660	
2.198000	0.896977	0.912733	4.576170	29.477235	0.273275	-1960.046522	
2.199000	0.985769	0.872253	4.577257	29.474888	0.347261	-1959.831352	
2.200000	0.867379	0.815580	4.578097	29.472287	0.191502	-1959.616332	0.000000
2.201000	0.998453	0.758908	4.578020	29.469343	0.168138	-1959.401637	
2.202000	0.888520	0.839869	4.576416	29.466019	0.253805	-1959.187396	
2.203000	0.922346	1.026079	4.573080	29.462335	0.249911	-1958.973679	
2.204000	0.732077	0.823676	4.568288	29.458472	0.308321	-1958.760504	
2.205000	0.896977	0.775100	4.562522	29.454570	0.304427	-1958.547837	
2.206000	0.837782	0.937022	4.556510	29.450539	0.273275	-1958.335579	
2.207000	0.913889	0.710331	4.551250	29.446297	0.203184	-1958.123584	
2.208000	0.639056	0.815580	4.547529	29.442024	0.296639	-1957.911679	
2.209000	0.998453	0.872253	4.545608	29.437997	0.304427	-1957.699691	
2.210000	0.854694	0.920829	4.545349	29.434260	0.366730	-1957.487473	
2.211000	0.901205	1.220385	4.546470	29.430628	0.397882	-1957.274923	
2.212000	0.829325	0.645563	4.548618	29.426910	0.339473	-1957.061992	
2.213000	0.998453	0.750812	4.551256	29.423031	0.347261	-1956.848691	
2.214000	0.956171	0.483641	4.553916	29.418972	0.090259	-1956.635099	
2.215000	0.935030	0.864157	4.556347	29.414750	0.269381	-1956.421352	
2.216000	0.736305	0.823676	4.558300	29.410520	0.362836	-1956.207622	
2.217000	0.918118	0.872253	4.559604	29.406405	0.133092	-1955.994095	
2.218000	0.951943	0.783196	4.560282	29.402313	0.378412	-1955.780934	
2.219000	0.935030	0.791292	4.560721	29.398168	0.226548	-1955.568252	
2.220000	0.706707	0.694139	4.561565	29.394154	0.210972	-1955.356107	
2.221000	0.994225	0.677947	4.562920	29.390565	0.203184	-1955.144506	
2.222000	0.939259	0.653659	4.564216	29.387465	0.230441	-1954.933393	
2.223000	0.871607	0.945118	4.564994	29.384676	0.327791	-1954.722651	
2.224000	0.939259	0.750812	4.565335	29.382008	0.168138	-1954.512128	
2.225000	0.951943	0.969406	4.565586	29.379414	0.253805	-1954.301654	
2.226000	0.922346	0.783196	4.565954	29.376906	0.265487	-1954.091062	
2.227000	0.795500	0.953214	4.566559	29.374497	0.257699	-1953.880216	
2.228000	0.613687	0.702235	4.567346	29.372295	0.265487	-1953.669025	
2.229000	0.846238	0.572698	4.568092	29.370374	0.195396	-1953.457455	
2.230000	0.977312	0.839869	4.569062	29.368632	0.421246	-1953.245539	
2.231000	0.884292	0.742716	4.570682	29.366981	0.316109	-1953.033373	
2.232000	0.778587	0.847965	4.572728	29.365578	0.417352	-1952.821108	
2.233000	0.973084	1.017982	4.574686	29.364702	0.288851	-1952.608917	
2.234000	0.884292	0.791292	4.576226	29.364418	0.339473	-1952.396978	
2.235000	0.863151	0.953214	4.577165	29.364542	0.284957	-1952.185434	
2.236000	0.926574	0.767004	4.577266	29.364883	0.074683	-1951.974384	
2.237000	1.023823	0.629370	4.576320	29.365405	0.039637	-1951.763881	
2.238000	1.053420	0.847965	4.574458	29.366140	0.195396	-1951.553922	
2.239000	0.888520	0.847965	4.572095	29.367085	0.277169	-1951.344435	
2.240000	0.808184	0.856061	4.569710	29.368281	0.230441	-1951.135292	
2.241000	0.888520	0.864157	4.567777	29.369747	0.016273	-1950.926337	
2.242000	0.968856	0.775100	4.566609	29.371375	0.316109	-1950.717401	
2.243000	0.888520	0.807484	4.566467	29.373079	0.339473	-1950.508327	
2.244000	0.723620	0.969406	4.567472	29.374987	0.386200	-1950.298988	
2.245000	1.002682	0.888445	4.569020	29.377362	0.343367	-1950.089309	
2.246000	0.905433	0.937022	4.570273	29.380284	0.234335	-1949.879267	
2.247000	0.863151	1.090847	4.571176	29.383584	0.300533	-1949.668916	
2.248000	0.880064	0.758908	4.572135	29.387082	0.265487	-1949.458374	
2.249000	1.019594	0.839869	4.573357	29.390774	0.152562	-1949.247807	
2.250000	0.943487	0.856061	4.574794	29.394727	0.183714	-1949.037392	
2.251000	0.867379	1.074655	4.576349	29.398920	0.284957	-1948.827291	
2.252000	0.799728	0.928926	4.578079	29.403306	0.417352	-1948.617625	
2.253000	0.939259	0.791292	4.579922	29.407813	0.066895	-1948.408471	
2.254000	0.968856	0.872253	4.581595	29.412314	0.358942	-1948.199862	
2.255000	0.981541	0.572698	4.583181	29.416715	0.199290	-1947.991768	
2.256000	0.799728	0.839869	4.585052	29.421089	0.288851	-1947.784092	
2.257000	1.049192	0.718427	4.587344	29.425658	0.203184	-1947.576692	
2.258000	0.888520	0.920829	4.589990	29.430509	0.218760	-1947.369397	
2.259000	0.896977	0.969406	4.592862	29.435493	0.261593	-1947.162038	
2.260000	0.884292	0.872253	4.595890	29.440454	0.249911	-1946.954469	
2.261000	1.074561	0.839869	4.599180	29.445434	0.020167	-1946.746594	
2.262000	0.973084	0.815580	4.602885	29.450548	0.323897	-1946.538364	
2.263000	0.977312	0.937022	4.607044	29.455783	0.323897	-1946.329781	
2.264000	0.842010	1.017982	4.611519	29.461032	0.249911	-1946.120919	
2.265000	0.905433	0.888445	4.615936	29.466171	0.144774	-1945.911912	
2.266000	0.922346	1.001790	4.619861	29.471082	0.234335	-1945.702933	
2.267000	0.846238	0.953214	4.623206	29.475684	0.253805	-1945.494153	
2.268000	0.770130	1.026079	4.626167	29.480020	0.323897	-1945.285716	
2.269000	0.985769	0.856061	4.628594	29.484294	0.269381	-1945.077723	
2.270000	0.913889	0.864157	4.629708	29.488615	0.393988	-1944.870230	
2.271000	0.951943	0.888445	4.628841	29.492852	0.421246	-1944.663240	
2.272000	0.918118	1.050367	4.626113	29.496869	0.230441	-1944.456694	
2.273000	1.015366	0.969406	4.622134	29.500749	0.000697	-1944.250479	
2.274000	0.977312	0.815580	4.617574	29.504656	0.296639	-1944.044442	
2.275000	0.935030	1.009886	4.612973	29.508587	0.296639	-1943.838411	
2.276000	0.875836	0.815580	4.608611	29.512400	0.296639	-1943.632219	
2.277000	0.964628	0.791292	4.604607	29.515936	0.160350	-1943.425740	
2.278000	0.977312	0.621274	4.600976	29.519081	0.253805	-1943.218900	
2.279000	0.960400	0.807484	4.597638	29.521763	0.226548	-1943.011674	
2.280000	0.875836	0.920829	4.594775	29.524012	0.273275	-1942.804089	
2.281000	0.930802	0.961310	4.592747	29.526023	0.249911	-1942.596240	
2.282000	0.901205	0.985598	4.591564	29.527925	0.323897	-1942.388277	
2.283000	0.888520	1.050367	4.590994	29.529610	0.253805	-1942.180373	
2.284000	0.858923	0.807484	4.590934	29.530969	0.210972	-1941.972696	
2.285000	0.913889	0.937022	4.591457	29.532131	0.218760	-1941.765382	
2.286000	0.985769	0.791292	4.592612	29.533312	0.288851	-1941.558518	
2.287000	0.812412	0.864157	4.594038	29.534529	0.374518	-1941.352142	
2.288000	0.918118	0.945118	4.594871	29.535616	0.257699	-1941.146242	
2.289000	0.833553	1.009886	4.594484	29.536396	0.144774	-1940.940745	
2.290000	0.989997	0.831773	4.593088	29.536767	0.222654	-1940.735525	
2.291000	0.854694	0.888445	4.591284	29.536670	0.230441	-1940.530416	
2.292000	0.846238	0.953214	4.589552	29.536123	0.253805	-1940.325240	
2.293000	0.757446	0.985598	4.588325	29.535306	0.331685	-1940.119835	
2.294000	0.918118	0.928926	4.587964	29.534354	0.210972	-1939.914087	
2.295000	0.918118	0.945118	4.588506	29.533165	0.471868	-1939.707933	
2.296000	1.011138	0.758908	4.589814	29.531644	0.281063	-1939.501367	
2.297000	0.837782	0.767004	4.591849	29.529952	0.164244	-1939.294453	
2.298000	1.019594	0.758908	4.594471	29.528346	0.214866	-1939.087318	
2.299000	0.825097	0.823676	4.597248	29.526861	0.339473	-1938.880130	
2.300000	0.901205	0.831773	4.599631	29.525319	0.210972	-1938.673066	0.000000
2.301000	0.858923	0.864157	4.601187	29.523534	0.074683	-1938.466300	
2.302000	1.023823	0.928926	4.601732	29.521420	0.218760	-1938.259964	
2.303000	0.863151	0.856061	4.601017	29.518946	0.277169	-1938.054135	
2.304000	0.905433	0.856061	4.598628	29.516131	0.312215	-1937.848835	
2.305000	0.715164	0.920829	4.594782	29.513150	0.382306	-1937.644027	
2.306000	0.896977	1.066559	4.590320	29.510139	0.109728	-1937.439618	
2.307000	0.825097	0.880349	4.585910	29.507011	0.390094	-1937.235463	
2.308000	0.935030	0.920829	4.581840	29.503684	0.292745	-1937.031386	
2.309000	0.710936	0.872253	4.578207	29.500340	0.238229	-1936.827207	
2.310000	1.006910	0.961310	4.575177	29.497259	0.351155	-1936.622775	
2.311000	0.837782	0.758908	4.573049	29.494488	0.172032	-1936.417986	
2.312000	0.825097	0.815580	4.572205	29.491845	0.316109	-1936.212795	
2.313000	0.935030	0.767004	4.572905	29.489139	0.179820	-1936.007214	
2.314000	1.044964	0.791292	4.575042	29.486302	0.156456	-1935.801337	
2.315000	0.951943	0.880349	4.578176	29.483331	0.210972	-1935.595310	
2.316000	0.892748	1.074655	4.581610	29.480237	0.265487	-1935.389311	
2.317000	0.748989	0.920829	4.584555	29.477159	0.222654	-1935.183521	
2.318000	0.863151	0.856061	4.586452	29.474200	-0.007091	-1934.978105	
2.319000	0.951943	0.580794	4.587297	29.471266	0.257699	-1934.773180	
2.320000	0.968856	0.839869	4.587854	29.468284	0.226548	-1934.568811	
2.321000	0.677110	0.686043	4.589186	29.465438	0.238229	-1934.365006	
2.322000	0.994225	0.815580	4.591491	29.463025	0.269381	-1934.161705	
2.323000	0.875836	0.839869	4.594035	29.461110	0.316109	-1933.958788	
2.324000	0.829325	1.139424	4.596267	29.459513	0.370624	-1933.756094	
2.325000	0.909661	0.750812	4.598037	29.458045	0.183714	-1933.553442	
2.326000	0.901205	0.815580	4.599175	29.456656	0.210972	-1933.350661	
2.327000	0.918118	0.799388	4.599609	29.455358	0.222654	-1933.147616	
2.328000	0.888520	1.220385	4.599400	29.454148	0.249911	-1932.944218	
2.329000	0.732077	0.864157	4.598638	29.453100	0.234335	-1932.740432	
2.330000	0.846238	0.993694	4.597626	29.452262	0.168138	-1932.536291	
2.331000	0.837782	0.686043	4.596758	29.451528	0.378412	-1932.331901	
2.332000	0.871607	0.791292	4.596113	29.450811	0.140880	-1932.127414	
2.333000	0.761674	0.637467	4.595489	29.450251	0.288851	-1931.923005	
2.334000	1.036507	0.726523	4.594568	29.450109	0.331685	-1931.718850	
2.335000	0.956171	0.742716	4.592997	29.450449	0.351155	-1931.515093	
2.336000	0.939259	1.050367	4.590844	29.451092	0.175926	-1931.311832	
2.337000	0.994225	0.896541	4.588748	29.451857	0.210972	-1931.109118	
2.338000	0.994225	0.888445	4.587101	29.452725	0.098047	-1930.906954	
2.339000	0.994225	0.847965	4.585838	29.453747	0.183714	-1930.705275	
2.340000	0.846238	0.985598	4.585116	29.454919	0.300533	-1930.503949	
2.341000	0.799728	0.847965	4.585182	29.456250	0.281063	-1930.302806	
2.342000	0.867379	0.767004	4.585955	29.457725	0.086365	-1930.101667	
2.343000	0.973084	0.872253	4.587337	29.459232	0.203184	-1929.900373	
2.344000	0.880064	0.839869	4.589105	29.460688	0.246017	-1929.698801	
2.345000	0.867379	0.993694	4.590505	29.462209	0.269381	-1929.496876	
2.346000	0.935030	0.880349	4.590965	29.464046	0.277169	-1929.294577	
2.347000	0.901205	0.920829	4.590668	29.466287	0.296639	-1929.091954	
2.348000	0.909661	1.050367	4.589984	29.468768	0.425140	-1928.889121	
2.349000	0.884292	0.872253	4.589055	29.471319	0.257699	-1928.686234	
2.350000	1.011138	0.839869	4.587950	29.473955	0.059107	-1928.483471	
2.351000	0.960400	0.815580	4.586749	29.476764	0.168138	-1928.280997	
2.352000	0.918118	0.912733	4.585345	29.479727	0.292745	-1928.078938	
2.353000	0.913889	0.677947	4.583607	29.482776	0.273275	-1927.877376	
2.354000	0.989997	0.677947	4.581837	29.485821	0.004591	-1927.676352	
2.355000	0.943487	0.758908	4.580607	29.488740	0.432928	-1927.475849	
2.356000	0.901205	0.605082	4.580115	29.491445	0.187608	-1927.275781	
2.357000	0.833553	0.961310	4.580258	29.493994	0.179820	-1927.076004	
2.358000	0.985769	0.677947	4.580993	29.496598	0.187608	-1926.876344	
2.359000	0.842010	0.896541	4.582145	29.499357	0.242123	-1926.676632	
2.360000	0.947715	0.775100	4.583392	29.502130	0.308321	-1926.476722	
2.361000	0.909661	0.799388	4.584529	29.504771	0.152562	-1926.276519	
2.362000	1.040735	0.807484	4.585570	29.507346	0.059107	-1926.075971	
2.363000	0.884292	1.074655	4.586675	29.509999	0.296639	-1925.875082	
2.364000	0.833553	1.026079	4.587963	29.512729	0.296639	-1925.673915	
2.365000	0.778587	1.001790	4.589410	29.515415	0.323897	-1925.472596	
2.366000	0.850466	0.872253	4.590787	29.517919	0.136986	-1925.271289	
2.367000	0.871607	0.799388	4.591649	29.520123	0.432928	-1925.070167	
2.368000	0.985769	0.799388	4.591537	29.521947	0.277169	-1924.869381	
2.369000	0.880064	0.767004	4.590195	29.523423	0.312215	-1924.669032	
2.370000	0.951943	0.815580	4.587604	29.524748	0.281063	-1924.469175	
2.371000	0.816641	1.050367	4.583869	29.526041	0.366730	-1924.269823	
2.372000	0.905433	1.001790	4.579191	29.527181	0.331685	-1924.070927	
2.373000	0.858923	0.823676	4.573932	29.528042	0.257699	-1923.872381	
2.374000	1.002682	0.799388	4.568621	29.528728	0.164244	-1923.674033	
2.375000	1.011138	0.694139	4.563886	29.529431	0.246017	-1923.475715	
2.376000	0.943487	0.815580	4.560269	29.530158	0.351155	-1923.277263	
2.377000	0.935030	0.783196	4.558023	29.530753	0.288851	-1923.078549	
2.378000	0.909661	0.969406	4.557246	29.531048	0.043531	-1922.879502	
2.379000	1.002682	1.107039	4.558242	29.530943	0.355048	-1922.680100	
2.380000	0.930802	0.896541	4.561423	29.530385	0.101940	-1922.480377	
2.381000	0.871607	0.937022	4.566764	29.529396	0.292745	-1922.280422	
2.382000	0.829325	0.864157	4.573556	29.528166	0.300533	-1922.080370	
2.383000	0.837782	0.807484	4.580717	29.526830	0.242123	-1921.880388	
2.384000	0.909661	0.807484	4.587301	29.525287	0.320003	-1921.680640	
2.385000	0.880064	0.815580	4.592686	29.523437	0.203184	-1921.481262	
2.386000	0.799728	1.188000	4.596398	29.521433	0.230441	-1921.282344	
2.387000	1.095702	0.969406	4.597913	29.519518	0.199290	-1921.083931	
2.388000	0.825097	0.961310	4.596769	29.517715	0.355048	-1920.886013	
2.389000	0.943487	0.993694	4.593039	29.515845	0.234335	-1920.688516	
2.390000	0.820869	0.961310	4.587614	29.513723	0.203184	-1920.491311	
2.391000	0.998453	0.799388	4.581671	29.511251	0.234335	-1920.294242	
2.392000	0.913889	0.896541	4.576022	29.508385	0.168138	-1920.097140	
2.393000	0.943487	0.872253	4.571029	29.505138	0.257699	-1919.899849	
2.394000	0.787043	1.163712	4.566655	29.501689	0.292745	-1919.702257	
2.395000	0.960400	0.783196	4.562702	29.498177	0.179820	-1919.504305	
2.396000	0.964628	0.920829	4.559532	29.494506	0.327791	-1919.305990	
2.397000	0.922346	0.750812	4.558012	29.490594	0.273275	-1919.107369	
2.398000	0.753218	0.702235	4.558497	29.486620	0.284957	-1918.908563	
2.399000	1.011138	0.856061	4.560536	29.482857	0.257699	-1918.709730	
2.400000	0.880064	0.961310	4.563474	29.479347	0.284957	-1918.511045	0.000000
2.401000	0.956171	1.009886	4.566879	29.475905	0.308321	-1918.312672	
2.402000	0.888520	0.831773	4.570574	29.472342	0.156456	-1918.114740	
2.403000	0.968856	0.880349	4.574811	29.468586	0.164244	-1917.917329	
2.404000	0.846238	0.791292	4.579907	29.464622	0.253805	-1917.720469	
2.405000	0.812412	1.017982	4.585113	29.460469	0.238229	-1917.524124	
2.406000	0.605231	0.839869	4.589174	29.456282	0.265487	-1917.328198	
2.407000	0.901205	0.945118	4.591817	29.452181	0.230441	-1917.132544	
2.408000	0.947715	0.961310	4.593463	29.448069	0.327791	-1916.936991	
2.409000	0.913889	0.904637	4.594499	29.443861	0.312215	-1916.741366	
2.410000	0.681338	0.791292	4.595147	29.439737	0.230441	-1916.545519	
2.411000	1.006910	1.050367	4.595693	29.435984	0.187608	-1916.349355	
2.412000	0.939259	0.742716	4.597010	29.432656	0.234335	-1916.152828	
2.413000	0.905433	1.058463	4.600337	29.429568	0.288851	-1915.955947	
2.414000	0.989997	0.888445	4.606096	29.426526	0.148668	-1915.758791	
2.415000	1.006910	1.034175	4.613395	29.423473	0.074683	-1915.561498	
2.416000	1.006910	0.783196	4.620852	29.420411	0.257699	-1915.364241	
2.417000	0.875836	1.034175	4.627406	29.417348	0.358942	-1915.167194	
2.418000	0.744761	0.815580	4.632297	29.414394	0.249911	-1914.970516	
2.419000	0.871607	0.823676	4.635099	29.411633	0.129198	-1914.774328	
2.420000	0.956171	0.661755	4.636180	29.408967	0.370624	-1914.578699	
2.421000	0.884292	0.928926	4.636420	29.406320	0.207078	-1914.383641	
2.422000	0.689795	0.993694	4.636301	29.403868	0.218760	-1914.189097	
2.423000	0.922346	0.888445	4.635709	29.401902	0.323897	-1913.994945	
2.424000	0.922346	0.791292	4.634476	29.400489	0.362836	-1913.801019	
2.425000	0.795500	0.977502	4.632648	29.399450	0.292745	-1913.607137	
2.426000	0.943487	0.799388	4.630269	29.398595	0.273275	-1913.413129	
2.427000	0.994225	0.856061	4.627274	29.397889	0.133092	-1913.218865	
2.428000	1.006910	0.896541	4.623321	29.397361	0.351155	-1913.024264	
2.429000	0.901205	0.945118	4.617840	29.397012	0.374518	-1912.829290	
2.430000	0.748989	0.888445	4.611029	29.396894	0.300533	-1912.633969	
2.431000	0.846238	0.985598	4.603978	29.397036	0.094153	-1912.438398	
2.432000	0.989997	0.807484	4.597522	29.397325	0.172032	-1912.242734	
2.433000	0.939259	0.645563	4.592002	29.397673	0.249911	-1912.047154	
2.434000	0.829325	0.742716	4.587479	29.398207	0.234335	-1911.851834	
2.435000	1.121071	0.807484	4.583772	29.399178	0.253805	-1911.656919	
2.436000	0.909661	0.807484	4.580865	29.400658	0.230441	-1911.462508	
2.437000	0.913889	0.807484	4.578725	29.402479	0.183714	-1911.268653	
2.438000	0.875836	0.775100	4.576671	29.404470	0.172032	-1911.075351	
2.439000	1.040735	0.734620	4.574134	29.406630	0.024061	-1910.882534	
2.440000	0.960400	0.775100	4.571511	29.409029	0.281063	-1910.690069	
2.441000	0.892748	0.920829	4.569602	29.411657	0.331685	-1910.497784	
2.442000	0.778587	0.904637	4.568920	29.414491	0.327791	-1910.305499	
2.443000	0.896977	0.839869	4.569535	29.417485	0.047425	-1910.113053	
2.444000	0.935030	0.937022	4.571170	29.420525	0.296639	-1909.920330	
2.445000	0.867379	0.880349	4.573623	29.423525	0.257699	-1909.727259	
2.446000	0.748989	0.912733	4.577162	29.426565	0.366730	-1909.533816	
2.447000	1.011138	0.726523	4.582056	29.429872	0.308321	-1909.340042	
2.448000	0.858923	0.888445	4.587982	29.433538	0.390094	-1909.146047	
2.449000	0.913889	0.961310	4.594307	29.437405	0.366730	-1908.951988	
2.450000	0.905433	0.847965	4.600469	29.441312	0.273275	-1908.758042	
2.451000	1.070333	0.839869	4.605925	29.445292	0.039637	-1908.564382	
2.452000	0.973084	0.726523	4.610089	29.449455	0.316109	-1908.371148	
2.453000	0.926574	0.888445	4.612635	29.453782	0.284957	-1908.178422	
2.454000	0.846238	0.742716	4.613669	29.458165	0.296639	-1907.986237	
2.455000	0.951943	0.815580	4.613367	29.462479	-0.022667	-1907.794570	
2.456000	0.926574	0.791292	4.611874	29.466596	0.386200	-1907.603331	
2.457000	0.960400	0.702235	4.609555	29.470434	0.113622	-1907.412379	
2.458000	0.829325	0.920829	4.606966	29.474043	0.242123	-1907.221537	
2.459000	1.049192	0.702235	4.604703	29.477628	0.265487	-1907.030631	
2.460000	0.922346	0.807484	4.603280	29.481295	0.257699	-1906.839513	
2.461000	0.875836	1.115135	4.602720	29.484916	0.362836	-1906.648085	
2.462000	0.829325	0.783196	4.602639	29.488354	0.339473	-1906.456291	
2.463000	0.994225	0.961310	4.602991	29.491689	0.152562	-1906.264130	
2.464000	0.812412	0.791292	4.603974	29.495080	0.207078	-1906.071673	
2.465000	0.829325	0.961310	4.605415	29.498525	0.335579	-1905.879044	
2.466000	0.867379	0.758908	4.606877	29.501890	0.362836	-1905.686406	
2.467000	0.913889	0.945118	4.608085	29.505022	0.121410	-1905.493934	
2.468000	0.956171	0.767004	4.609033	29.507808	0.277169	-1905.301791	
2.469000	0.884292	0.710331	4.609677	29.510175	0.136986	-1905.110094	
2.470000	0.850466	0.872253	4.609415	29.512154	0.281063	-1904.918905	
2.471000	0.808184	0.847965	4.607180	29.513943	0.164244	-1904.728234	
2.472000	0.935030	0.791292	4.602446	29.515666	0.292745	-1904.538031	
2.473000	0.956171	0.783196	4.595883	29.517209	0.257699	-1904.348185	
2.474000	0.960400	0.556506	4.588902	29.518452	0.144774	-1904.158541	
2.475000	0.960400	0.775100	4.582629	29.519519	0.078577	-1903.968926	
2.476000	1.015366	0.605082	4.577234	29.520622	0.230441	-1903.779178	
2.477000	0.837782	0.961310	4.572340	29.521776	0.378412	-1903.589164	
2.478000	0.951943	0.831773	4.567812	29.522821	0.214866	-1903.398803	
2.479000	0.837782	0.977502	4.563915	29.523583	0.172032	-1903.208061	
2.480000	1.002682	0.637467	4.561152	29.523962	0.269381	-1903.016965	
2.481000	0.854694	0.742716	4.559925	29.523904	0.269381	-1902.825603	
2.482000	0.918118	0.888445	4.560115	29.523427	0.288851	-1902.634116	
2.483000	0.787043	0.823676	4.561317	29.522714	0.331685	-1902.442667	
2.484000	0.901205	0.775100	4.563313	29.521902	0.405670	-1902.251430	
2.485000	0.820869	0.888445	4.565932	29.520895	0.413458	-1902.060548	
2.486000	0.888520	0.864157	4.568806	29.519599	0.343367	-1901.870116	
2.487000	0.833553	1.034175	4.571364	29.518175	0.234335	-1901.680182	
2.488000	0.981541	0.775100	4.572883	29.516877	0.288851	-1901.490734	
2.489000	0.808184	0.847965	4.572871	29.515733	0.257699	-1901.301693	
2.490000	0.926574	0.888445	4.571406	29.514559	0.284957	-1901.112924	
2.491000	0.884292	0.896541	4.569016	29.513162	0.133092	-1900.924266	
2.492000	1.015366	0.847965	4.566298	29.511452	0.199290	-1900.735551	
2.493000	0.922346	0.928926	4.563714	29.509395	0.203184	-1900.546629	
2.494000	0.939259	0.977502	4.561730	29.507006	0.347261	-1900.357383	
2.495000	0.744761	0.920829	4.560528	29.504461	0.199290	-1900.167747	
2.496000	0.922346	0.815580	4.559623	29.501897	0.172032	-1899.977710	
2.497000	0.918118	0.702235	4.558429	29.499226	0.257699	-1899.787326	
2.498000	0.888520	0.864157	4.556953	29.496372	0.257699	-1899.596715	
2.499000	0.778587	0.847965	4.555437	29.493519	0.172032	-1899.406036	
2.500000	1.028051	0.888445	4.553831	29.490952	0.195396	-1899.215466	0.000000
2.501000	0.875836	0.807484	4.551917	29.488725	0.417352	-1899.025171	
2.502000	0.846238	1.017982	4.549558	29.486659	0.300533	-1898.835276	
2.503000	0.905433	0.815580	4.546724	29.484565	0.308321	-1898.645857	
2.504000	0.854694	1.009886	4.543561	29.482379	0.179820	-1898.456944	
2.505000	0.922346	0.775100	4.540364	29.480092	0.397882	-1898.268506	
2.506000	0.977312	1.123232	4.537438	29.477713	0.366730	-1898.080443	
2.507000	0.740533	0.888445	4.535203	29.475369	0.304427	-1897.892605	
2.508000	0.871607	0.847965	4.534135	29.473157	0.335579	-1897.704822	
2.509000	0.922346	0.839869	4.534487	29.470981	0.401776	-1897.516929	
2.510000	0.875836	0.928926	4.536304	29.468759	0.246017	-1897.328783	
2.511000	0.694023	0.839869	4.539723	29.466658	0.218760	-1897.140287	
2.512000	0.981541	0.904637	4.544920	29.464954	0.296639	-1896.951389	
2.513000	0.973084	0.758908	4.551509	29.463701	0.261593	-1896.762094	
2.514000	0.905433	1.098943	4.558695	29.462713	0.210972	-1896.572476	
2.515000	0.989997	0.742716	4.565838	29.461802	0.168138	-1896.382674	
2.516000	0.989997	0.904637	4.572294	29.460925	0.187608	-1896.192868	
2.517000	1.002682	0.864157	4.577332	29.460109	0.183714	-1896.003243	
2.518000	0.867379	1.026079	4.580390	29.459360	0.152562	-1895.813957	
2.519000	0.719392	0.904637	4.581314	29.458761	0.203184	-1895.625125	
2.520000	0.884292	0.847965	4.580477	29.458364	0.222654	-1895.436808	
2.521000	0.922346	0.904637	4.578472	29.458070	0.292745	-1895.249018	
2.522000	0.901205	0.831773	4.575789	29.457798	0.187608	-1895.061695	
2.523000	0.748989	0.880349	4.572906	29.457692	0.331685	-1894.874718	
2.524000	0.981541	0.783196	4.570374	29.458020	0.308321	-1894.687926	
2.525000	0.930802	0.839869	4.568623	29.458851	0.277169	-1894.501140	
2.526000	0.918118	1.082751	4.567894	29.460006	0.425140	-1894.314191	
2.527000	0.901205	1.026079	4.568454	29.461301	0.238229	-1894.126946	
2.528000	1.002682	0.775100	4.570109	29.462715	0.230441	-1893.939325	
2.529000	0.875836	0.823676	4.571697	29.464296	0.199290	-1893.751298	
2.530000	0.935030	0.928926	4.572439	29.466036	0.335579	-1893.562888	
2.531000	0.816641	0.839869	4.572854	29.467942	0.183714	-1893.374190	
2.532000	0.981541	0.710331	4.573477	29.470000	0.082471	-1893.185359	
2.533000	0.973084	0.864157	4.574165	29.472094	0.296639	-1892.996581	
2.534000	1.002682	0.791292	4.574713	29.474139	0.113622	-1892.808040	
2.535000	0.770130	0.896541	4.575311	29.476241	0.187608	-1892.619882	
2.536000	1.053420	0.791292	4.576159	29.478647	0.335579	-1892.432202	
2.537000	0.905433	0.758908	4.576744	29.481442	0.304427	-1892.245045	
2.538000	0.918118	0.839869	4.576190	29.484467	0.296639	-1892.058403	
2.539000	0.858923	0.775100	4.574340	29.487558	0.257699	-1891.872200	
2.540000	1.066105	0.839869	4.571886	29.490735	0.086365	-1891.686312	
2.541000	0.905433	0.880349	4.569703	29.494093	0.288851	-1891.500577	
2.542000	0.943487	1.050367	4.568429	29.497622	0.331685	-1891.314819	
2.543000	0.702479	0.920829	4.568370	29.501259	0.386200	-1891.128874	
2.544000	0.871607	0.912733	4.569513	29.504916	0.152562	-1890.942622	
2.545000	0.901205	0.888445	4.571734	29.508470	0.339473	-1890.755996	
2.546000	0.968856	0.718427	4.575045	29.511829	0.273275	-1890.568977	
2.547000	0.820869	0.896541	4.579458	29.515057	0.234335	-1890.381608	
2.548000	1.002682	0.815580	4.584706	29.518376	0.207078	-1890.194000	
2.549000	0.901205	0.920829	4.590202	29.521888	0.347261	-1890.006313	
2.550000	0.930802	1.001790	4.595160	29.525450	0.327791	-1889.818727	
2.551000	0.875836	0.677947	4.598909	29.528911	0.273275	-1889.631413	
2.552000	1.002682	0.750812	4.601267	29.532323	0.121410	-1889.444507	
2.553000	1.011138	0.823676	4.602536	29.535813	0.242123	-1889.258092	
2.554000	0.905433	1.034175	4.603131	29.539372	0.238229	-1889.072198	
2.555000	0.863151	0.896541	4.603172	29.542898	0.277169	-1888.886800	
2.556000	0.905433	0.953214	4.602524	29.546275	0.063001	-1888.701815	
2.557000	0.964628	0.710331	4.601251	29.549392	0.210972	-1888.517110	
2.558000	0.960400	0.856061	4.599746	29.552171	0.101940	-1888.332517	
2.559000	0.837782	0.839869	4.598449	29.554648	0.242123	-1888.147857	
2.560000	0.888520	0.904637	4.597742	29.557023	0.203184	-1887.962977	
2.561000	0.829325	0.888445	4.597760	29.559411	0.358942	-1887.777767	
2.562000	0.973084	0.953214	4.598105	29.561692	0.335579	-1887.592167	
2.563000	0.837782	0.758908	4.598163	29.563739	0.284957	-1887.406171	
2.564000	0.922346	0.961310	4.597732	29.565653	0.098047	-1887.219847	
2.565000	1.002682	0.775100	4.596951	29.567612	0.320003	-1887.033322	
2.566000	0.880064	0.993694	4.595879	29.569613	0.425140	-1886.846762	
2.567000	0.875836	0.896541	4.594630	29.571501	0.269381	-1886.660340	
2.568000	0.863151	0.912733	4.593542	29.573108	0.109728	-1886.474219	
2.569000	0.989997	0.734620	4.593021	29.574321	0.343367	-1886.288518	
2.570000	0.951943	0.831773	4.593367	29.575066	0.246017	-1886.103306	
2.571000	0.926574	0.783196	4.594470	29.575361	0.253805	-1885.918597	
2.572000	0.863151	0.839869	4.595764	29.575394	0.277169	-1885.734343	
2.573000	1.002682	0.637467	4.596822	29.575301	0.257699	-1885.550437	
2.574000	0.922346	0.896541	4.597680	29.574978	0.355048	-1885.366734	
2.575000	0.888520	0.718427	4.598496	29.574323	0.133092	-1885.183065	
2.576000	0.820869	0.904637	4.599256	29.573482	0.109728	-1884.999268	
2.577000	0.981541	0.758908	4.599850	29.572691	0.183714	-1884.815208	
2.578000	0.803956	0.872253	4.600196	29.571974	0.316109	-1884.630797	
2.579000	0.964628	1.001790	4.600484	29.571157	0.269381	-1884.446000	
2.580000	0.846238	0.791292	4.601244	29.570058	0.117516	-1884.260845	
2.581000	1.002682	0.880349	4.602649	29.568584	0.199290	-1884.075430	
2.582000	0.951943	0.977502	4.604092	29.566694	0.222654	-1883.889899	
2.583000	0.820869	0.961310	4.604764	29.564407	0.331685	-1883.704419	
2.584000	0.677110	0.928926	4.604250	29.561902	0.347261	-1883.519153	
2.585000	0.913889	0.872253	4.602546	29.559317	0.269381	-1883.334241	
2.586000	0.892748	0.637467	4.599712	29.556552	0.382306	-1883.149774	
2.587000	0.901205	0.945118	4.595212	29.553516	0.140880	-1882.965801	
2.588000	0.753218	0.880349	4.587999	29.550382	0.195396	-1882.782316	
2.589000	1.074561	0.799388	4.577908	29.547423	0.238229	-1882.599253	
2.590000	0.913889	0.872253	4.566236	29.544677	0.331685	-1882.416488	
2.591000	0.884292	1.017982	4.554757	29.541961	0.316109	-1882.233865	
2.592000	0.918118	0.880349	4.544826	29.539083	0.210972	-1882.051218	
2.593000	1.019594	0.750812	4.537045	29.535963	0.210972	-1881.868399	
2.594000	0.989997	0.839869	4.531159	29.532579	0.183714	-1881.685294	
2.595000	0.884292	0.839869	4.526545	29.528949	0.281063	-1881.501830	
2.596000	0.846238	0.726523	4.522975	29.525233	0.292745	-1881.317987	
2.597000	0.918118	1.001790	4.520711	29.521557	0.331685	-1881.133820	
2.598000	0.956171	0.491737	4.520091	29.517834	0.335579	-1880.949449	
2.599000	0.871607	0.945118	4.521179	29.513990	0.191502	-1880.765031	
2.600000	0.660197	0.823676	4.523777	29.510214	0.238229	-1880.580732	0.000000
2.601000	0.905433	0.904637	4.527662	29.506799	0.273275	-1880.396712	
2.602000	0.901205	0.742716	4.532585	29.503804	0.316109	-1880.213090	
2.603000	0.846238	1.090847	4.538229	29.501044	0.355048	-1880.029940	
2.604000	0.935030	0.661755	4.543910	29.498328	0.191502	-1879.847287	
2.605000	1.015366	0.912733	4.548357	29.495597	0.370624	-1879.665111	
2.606000	0.998453	0.783196	4.550768	29.492853	0.273275	-1879.483325	
2.607000	0.820869	0.961310	4.551614	29.490108	0.382306	-1879.301791	
2.608000	0.681338	0.872253	4.551928	29.487487	0.284957	-1879.120346	
2.609000	0.854694	0.823676	4.552555	29.485083	0.160350	-1878.938827	
2.610000	0.977312	0.702235	4.553873	29.482794	0.358942	-1878.757098	
2.611000	0.892748	0.783196	4.556063	29.480538	0.152562	-1878.575060	
2.612000	0.727848	0.750812	4.559684	29.478478	0.156456	-1878.392662	
2.613000	1.087246	0.864157	4.565446	29.476902	0.425140	-1878.209904	
2.614000	0.913889	0.953214	4.573410	29.475877	0.312215	-1878.026859	
2.615000	0.871607	0.888445	4.582850	29.475224	0.218760	-1877.843662	
2.616000	0.918118	0.750812	4.592640	29.474758	0.207078	-1877.660480	
2.617000	0.989997	0.839869	4.601628	29.474446	0.070789	-1877.477495	
2.618000	0.951943	0.815580	4.608992	29.474321	0.281063	-1877.294864	
2.619000	0.901205	1.034175	4.614232	29.474387	0.378412	-1877.112694	
2.620000	0.702479	0.758908	4.617060	29.474705	0.320003	-1876.931047	
2.621000	0.994225	0.775100	4.617876	29.475314	0.164244	-1876.749935	
2.622000	0.922346	0.823676	4.617682	29.476109	0.487443	-1876.569315	
2.623000	0.778587	0.864157	4.617108	29.477004	0.257699	-1876.389072	
2.624000	0.719392	0.896541	4.616238	29.478130	0.331685	-1876.209048	
2.625000	1.032279	0.831773	4.615095	29.479745	0.284957	-1876.029062	
2.626000	0.905433	0.912733	4.613717	29.481923	0.284957	-1875.848942	
2.627000	0.884292	0.945118	4.612128	29.484489	0.397882	-1875.668552	
2.628000	0.888520	0.977502	4.610180	29.487263	0.199290	-1875.487810	
2.629000	1.057648	0.686043	4.607601	29.490237	0.047425	-1875.306688	
2.630000	0.977312	0.831773	4.604599	29.493472	0.207078	-1875.125220	
2.631000	0.989997	1.066559	4.601741	29.496952	0.351155	-1874.943505	
2.632000	0.787043	1.082751	4.599198	29.500640	0.238229	-1874.761692	
2.633000	0.981541	0.799388	4.596785	29.504479	0.078577	-1874.579964	
2.634000	0.888520	0.912733	4.594356	29.508344	0.269381	-1874.398502	
2.635000	0.939259	0.564602	4.591850	29.512144	0.249911	-1874.217454	
2.636000	0.829325	0.775100	4.589239	29.515965	0.246017	-1874.036915	
2.637000	1.053420	0.653659	4.586460	29.520036	0.140880	-1873.856932	
2.638000	0.825097	1.026079	4.583339	29.524449	0.358942	-1873.677499	
2.639000	0.926574	1.115135	4.579880	29.529050	0.312215	-1873.498547	
2.640000	0.787043	1.017982	4.576485	29.533683	0.308321	-1873.319945	
2.641000	1.040735	0.864157	4.573788	29.538384	0.051319	-1873.141528	
2.642000	0.842010	0.815580	4.572329	29.543261	0.218760	-1872.963119	
2.643000	0.888520	0.969406	4.571982	29.548300	0.339473	-1872.784547	
2.644000	0.888520	0.823676	4.572281	29.553414	0.249911	-1872.605686	
2.645000	0.947715	0.823676	4.573257	29.558494	0.140880	-1872.426463	
2.646000	0.846238	0.839869	4.574809	29.563420	0.413458	-1872.246869	
2.647000	0.905433	0.872253	4.576459	29.568100	0.136986	-1872.066956	
2.648000	0.837782	0.945118	4.578135	29.572581	0.277169	-1871.886839	
2.649000	0.981541	0.791292	4.580051	29.577067	0.265487	-1871.706672	
2.650000	0.918118	0.783196	4.582316	29.581664	0.343367	-1871.526635	
2.651000	0.943487	0.937022	4.584931	29.586235	0.323897	-1871.346896	
2.652000	0.947715	0.775100	4.587642	29.590639	0.183714	-1871.167593	
2.653000	1.061876	0.928926	4.589804	29.594952	-0.162849	-1870.988813	
2.654000	0.977312	0.702235	4.590769	29.599334	0.113622	-1870.810596	
2.655000	0.922346	0.937022	4.590365	29.603781	0.343367	-1870.632923	
2.656000	0.901205	0.839869	4.588909	29.608157	0.351155	-1870.455708	
2.657000	0.867379	0.856061	4.587008	29.612313	0.039637	-1870.278810	
2.658000	0.960400	0.807484	4.585297	29.616138	0.366730	-1870.102058	
2.659000	0.888520	0.864157	4.584243	29.619561	0.210972	-1869.925269	
2.660000	0.884292	0.831773	4.584081	29.622610	0.316109	-1869.748283	
2.661000	0.905433	0.928926	4.584605	29.625478	0.234335	-1869.570988	
2.662000	0.867379	0.677947	4.585319	29.628295	0.257699	-1869.393324	
2.663000	0.943487	0.953214	4.586115	29.630949	0.393988	-1869.215292	
2.664000	0.901205	0.815580	4.587292	29.633325	0.265487	-1869.036955	
2.665000	0.892748	0.928926	4.588877	29.635543	0.269381	-1868.858441	
2.666000	0.964628	0.807484	4.590470	29.637808	0.269381	-1868.679913	
2.667000	0.837782	0.961310	4.591704	29.640127	0.331685	-1868.501546	
2.668000	0.896977	0.872253	4.592621	29.642333	0.277169	-1868.323500	
2.669000	0.913889	0.847965	4.593508	29.644243	0.078577	-1868.145897	
2.670000	1.028051	0.807484	4.594500	29.645749	0.152562	-1867.968819	
2.671000	0.935030	1.147520	4.595475	29.646791	0.199290	-1867.792288	
2.672000	0.960400	0.791292	4.596350	29.647388	0.331685	-1867.616256	
2.673000	0.799728	0.847965	4.597163	29.647728	0.242123	-1867.440610	
2.674000	0.905433	0.872253	4.597929	29.647952	0.207078	-1867.265194	
2.675000	0.854694	0.872253	4.598538	29.647963	0.288851	-1867.089833	
2.676000	0.939259	0.856061	4.598805	29.647667	0.191502	-1866.914355	
2.677000	0.867379	0.904637	4.598805	29.647224	0.168138	-1866.738620	
2.678000	1.066105	0.710331	4.598723	29.646895	0.273275	-1866.562541	
2.679000	0.867379	0.953214	4.598584	29.646718	0.362836	-1866.386073	
2.680000	0.905433	0.985598	4.598472	29.646521	0.335579	-1866.209238	
2.681000	0.706707	0.823676	4.598498	29.646114	0.242123	-1866.032126	
2.682000	0.880064	0.945118	4.598514	29.645409	0.355048	-1865.854885	
2.683000	0.901205	0.831773	4.598225	29.644365	0.284957	-1865.677688	
2.684000	0.935030	0.896541	4.597425	29.642994	0.300533	-1865.500700	
2.685000	0.736305	0.694139	4.595907	29.641465	0.300533	-1865.324063	
2.686000	0.913889	0.856061	4.593401	29.639914	0.261593	-1865.147875	
2.687000	0.930802	0.734620	4.589623	29.638246	0.362836	-1864.972191	
2.688000	0.918118	0.928926	4.584396	29.636377	0.148668	-1864.797010	
2.689000	0.732077	0.847965	4.578022	29.634482	0.195396	-1864.622261	
2.690000	0.994225	0.937022	4.571312	29.632833	0.226548	-1864.447819	
2.691000	0.922346	0.807484	4.565215	29.631469	0.300533	-1864.273524	
2.692000	0.939259	0.896541	4.560488	29.630202	0.249911	-1864.099200	
2.693000	0.935030	0.621274	4.557514	29.628841	0.230441	-1863.924687	
2.694000	1.061876	0.831773	4.556511	29.627316	0.199290	-1863.749873	
2.695000	0.951943	0.783196	4.558202	29.625619	0.094153	-1863.574689	
2.696000	0.842010	0.799388	4.563735	29.623766	0.316109	-1863.399116	
2.697000	0.706707	0.831773	4.573551	29.621899	0.226548	-1863.223200	
2.698000	0.846238	0.839869	4.586592	29.620128	0.195396	-1863.047057	
2.699000	0.892748	0.839869	4.600759	29.618359	0.382306	-1862.870844	
2.700000	0.850466	0.847965	4.613945	29.616515	0.308321	-1862.694731	0.000000
2.701000	0.702479	0.718427	4.624604	29.614774	0.339473	-1862.518881	
2.702000	0.951943	0.904637	4.631964	29.613421	0.409564	-1862.343421	
2.703000	0.947715	0.694139	4.635981	29.612510	0.405670	-1862.168429	
2.704000	0.905433	1.147520	4.637038	29.611857	0.393988	-1861.993937	
2.705000	0.930802	0.767004	4.635646	29.611271	0.257699	-1861.819927	
2.706000	0.905433	0.872253	4.632360	29.610699	0.218760	-1861.646317	
2.707000	0.985769	0.799388	4.627893	29.610148	0.238229	-1861.472970	
2.708000	0.846238	0.896541	4.622947	29.609622	0.432928	-1861.299718	
2.709000	0.757446	0.750812	4.618000	29.609211	0.382306	-1861.126387	
2.710000	0.909661	0.847965	4.613278	29.608980	0.144774	-1860.952838	
2.711000	1.015366	0.767004	4.608752	29.608827	0.269381	-1860.778982	
2.712000	0.930802	0.896541	4.604598	29.608670	0.214866	-1860.604771	
2.713000	0.710936	0.872253	4.601393	29.608669	0.094153	-1860.430211	
2.714000	0.939259	0.791292	4.599470	29.609105	0.226548	-1860.255372	
2.715000	0.888520	0.856061	4.598542	29.610046	0.316109	-1860.080385	
2.716000	0.905433	0.985598	4.598012	29.611316	0.370624	-1859.905415	
2.717000	0.926574	0.831773	4.597419	29.612730	0.168138	-1859.730635	
2.718000	1.006910	0.896541	4.596482	29.614261	0.214866	-1859.556208	
2.719000	0.994225	1.009886	4.595072	29.615952	0.249911	-1859.382248	
2.720000	0.913889	0.985598	4.593266	29.617801	0.284957	-1859.208819	
2.721000	0.685566	0.815580	4.591116	29.619831	0.390094	-1859.035933	
2.722000	0.812412	0.799388	4.588655	29.622038	0.164244	-1858.863541	
2.723000	0.981541	0.856061	4.586162	29.624307	0.358942	-1858.691535	
2.724000	0.918118	0.831773	4.584122	29.626551	0.300533	-1858.519752	
2.725000	0.723620	0.904637	4.583026	29.628886	0.261593	-1858.348011	
2.726000	1.015366	0.718427	4.583107	29.631564	0.210972	-1858.176137	
2.727000	0.909661	0.880349	4.584212	29.634663	0.358942	-1858.003998	
2.728000	0.951943	0.783196	4.586425	29.638015	0.429034	-1857.831513	
2.729000	0.871607	0.734620	4.590775	29.641444	0.152562	-1857.658653	
2.730000	1.044964	0.823676	4.598298	29.644955	0.098047	-1857.485454	
2.731000	0.947715	0.872253	4.608569	29.648620	0.199290	-1857.312014	
2.732000	0.943487	0.928926	4.619877	29.652424	0.253805	-1857.138481	
2.733000	0.791271	0.904637	4.630453	29.656315	0.304427	-1856.965031	
2.734000	0.968856	0.718427	4.639140	29.660226	0.098047	-1856.791846	
2.735000	0.926574	0.847965	4.645238	29.664041	0.253805	-1856.619080	
2.736000	0.935030	0.710331	4.648656	29.667671	0.273275	-1856.446836	
2.737000	0.736305	1.009886	4.650190	29.671185	0.242123	-1856.275160	
2.738000	0.968856	0.961310	4.650503	29.674800	0.269381	-1856.104041	
2.739000	0.829325	1.050367	4.649520	29.678614	0.183714	-1855.933401	
2.740000	0.930802	0.961310	4.647276	29.682481	0.339473	-1855.763101	
2.741000	0.816641	0.864157	4.644242	29.686249	0.261593	-1855.592972	
2.742000	1.040735	0.791292	4.640748	29.689960	0.090259	-1855.422835	
2.743000	0.947715	0.815580	4.636715	29.693736	0.304427	-1855.252525	
2.744000	1.011138	1.139424	4.631984	29.697563	0.393988	-1855.081914	
2.745000	0.812412	1.082751	4.626662	29.701331	0.327791	-1854.910927	
2.746000	0.888520	0.969406	4.621151	29.704913	0.125304	-1854.739549	
2.747000	0.947715	0.815580	4.615913	29.708186	0.207078	-1854.567833	
2.748000	0.960400	0.750812	4.611237	29.711064	0.070789	-1854.395898	
2.749000	0.871607	0.839869	4.607138	29.713589	0.234335	-1854.223903	
2.750000	1.028051	0.742716	4.603450	29.715970	0.269381	-1854.052024	
2.751000	0.960400	0.847965	4.600089	29.718326	0.417352	-1853.880437	
2.752000	0.981541	1.009886	4.597148	29.720533	0.242123	-1853.709282	
2.753000	0.939259	0.807484	4.594237	29.722462	0.261593	-1853.538647	
2.754000	0.956171	0.993694	4.590255	29.724207	0.059107	-1853.368571	
2.755000	1.006910	0.807484	4.584729	29.725944	0.238229	-1853.199028	
2.756000	0.913889	1.001790	4.578434	29.727673	0.253805	-1853.029920	
2.757000	0.867379	0.799388	4.572506	29.729250	0.386200	-1852.861097	
2.758000	0.846238	0.839869	4.567959	29.730515	0.168138	-1852.692380	
2.759000	0.998453	0.880349	4.565638	29.731358	0.210972	-1852.523595	
2.760000	0.863151	0.937022	4.565903	29.731711	0.222654	-1852.354586	
2.761000	0.820869	0.977502	4.568265	29.731601	0.323897	-1852.185244	
2.762000	0.820869	0.985598	4.571722	29.731222	0.316109	-1852.015503	
2.763000	0.888520	0.937022	4.575633	29.730705	0.261593	-1851.845358	
2.764000	0.901205	0.985598	4.579811	29.729939	0.370624	-1851.674874	
2.765000	0.918118	0.831773	4.583971	29.728814	0.226548	-1851.504176	
2.766000	0.880064	1.042271	4.587646	29.727461	0.105834	-1851.333427	
2.767000	1.053420	0.734620	4.590521	29.726101	0.242123	-1851.162807	
2.768000	0.909661	0.961310	4.592622	29.724748	0.273275	-1850.992481	
2.769000	0.888520	0.807484	4.594196	29.723234	0.242123	-1850.822571	
2.770000	0.854694	0.977502	4.595509	29.721378	0.242123	-1850.653154	
2.771000	1.011138	1.042271	4.596511	29.719080	0.129198	-1850.484257	
2.772000	0.892748	0.847965	4.596836	29.716292	0.156456	-1850.315838	
2.773000	0.875836	0.937022	4.596315	29.713035	0.199290	-1850.147788	
2.774000	0.782815	0.920829	4.595174	29.709496	0.249911	-1849.979948	
2.775000	0.926574	0.937022	4.593753	29.705820	0.222654	-1849.812145	
2.776000	0.951943	0.888445	4.592308	29.701915	0.327791	-1849.644210	
2.777000	0.930802	0.920829	4.591067	29.697694	0.249911	-1849.476005	
2.778000	0.719392	0.888445	4.590210	29.693334	0.168138	-1849.307438	
2.779000	0.964628	0.993694	4.589892	29.689103	0.230441	-1849.138462	
2.780000	0.778587	0.961310	4.590431	29.685039	0.417352	-1848.969089	
2.781000	0.863151	1.001790	4.592049	29.680962	0.300533	-1848.799399	
2.782000	0.905433	0.864157	4.594460	29.676681	0.113622	-1848.629532	
2.783000	1.011138	0.880349	4.596951	29.672111	0.253805	-1848.459662	
2.784000	0.943487	0.823676	4.598719	29.667220	0.269381	-1848.289965	
2.785000	0.880064	0.977502	4.599240	29.662026	0.378412	-1848.120586	
2.786000	0.715164	0.775100	4.598658	29.656693	0.308321	-1847.951626	
2.787000	0.935030	1.042271	4.597568	29.651349	0.203184	-1847.783140	
2.788000	0.922346	0.767004	4.596073	29.645898	0.413458	-1847.615135	
2.789000	1.036507	0.896541	4.593761	29.640258	0.246017	-1847.447547	
2.790000	0.761674	0.815580	4.590584	29.634606	0.156456	-1847.280250	
2.791000	1.044964	0.937022	4.586967	29.629227	0.249911	-1847.113088	
2.792000	0.926574	0.758908	4.583348	29.624174	0.292745	-1846.945888	
2.793000	0.863151	0.969406	4.579985	29.619267	0.284957	-1846.778493	
2.794000	0.973084	0.864157	4.577023	29.614321	0.199290	-1846.610785	
2.795000	0.820869	0.977502	4.574581	29.609275	0.191502	-1846.442699	
2.796000	0.939259	0.864157	4.572795	29.604123	0.320003	-1846.274217	
2.797000	0.816641	0.985598	4.571893	29.598877	0.320003	-1846.105378	
2.798000	0.651741	0.791292	4.572004	29.593664	0.339473	-1845.936286	
2.799000	0.867379	0.847965	4.572876	29.588579	0.339473	-1845.767096	
2.800000	0.884292	0.775100	4.574062	29.583528	0.378412	-1845.597986	0.000000
2.801000	0.825097	0.920829	4.575230	29.578431	0.265487	-1845.429128	
2.802000	0.774359	0.953214	4.576173	29.573457	0.226548	-1845.260653	
2.803000	1.002682	1.017982	4.576667	29.568888	0.304427	-1845.092641	
2.804000	0.850466	0.758908	4.576363	29.564780	0.370624	-1844.925121	
2.805000	0.854694	1.082751	4.575086	29.560952	0.409564	-1844.758070	
2.806000	0.918118	0.629370	4.573127	29.557214	0.144774	-1844.591402	
2.807000	1.049192	0.767004	4.570979	29.553523	0.121410	-1844.424988	
2.808000	1.015366	0.839869	4.569079	29.549900	0.300533	-1844.258671	
2.809000	0.918118	1.066559	4.567663	29.546343	0.316109	-1844.092285	
2.810000	0.757446	0.888445	4.566671	29.542914	0.179820	-1843.925687	
2.811000	0.926574	0.726523	4.565976	29.539649	0.059107	-1843.758780	
2.812000	0.918118	0.661755	4.565611	29.536446	0.335579	-1843.591513	
2.813000	0.909661	0.637467	4.565849	29.533222	0.246017	-1843.423886	
2.814000	0.808184	0.823676	4.567059	29.530117	0.261593	-1843.255960	
2.815000	1.087246	0.653659	4.569242	29.527392	0.246017	-1843.087862	
2.816000	0.905433	0.880349	4.571946	29.525123	0.257699	-1842.919754	
2.817000	0.871607	1.042271	4.574756	29.523141	0.249911	-1842.751812	
2.818000	0.880064	0.937022	4.577600	29.521274	0.281063	-1842.584193	
2.819000	0.968856	0.872253	4.580506	29.519513	0.101940	-1842.417016	
2.820000	0.753218	0.710331	4.583284	29.517920	0.300533	-1842.250347	
2.821000	0.888520	0.791292	4.585363	29.516486	0.382306	-1842.084192	
2.822000	0.727848	0.969406	4.586166	29.515200	0.374518	-1841.918501	
2.823000	0.875836	0.783196	4.585721	29.514031	0.175926	-1841.753162	
2.824000	0.905433	0.920829	4.584627	29.512862	0.296639	-1841.588031	
2.825000	0.968856	0.783196	4.583403	29.511608	0.277169	-1841.422935	
2.826000	0.765902	0.872253	4.581995	29.510372	0.156456	-1841.257708	
2.827000	1.057648	0.629370	4.580155	29.509393	0.331685	-1841.092214	
2.828000	0.799728	0.977502	4.577910	29.508750	0.195396	-1840.926367	
2.829000	0.943487	0.937022	4.575181	29.508282	0.269381	-1840.760131	
2.830000	0.913889	0.945118	4.571924	29.507820	0.199290	-1840.593524	
2.831000	1.209864	0.791292	4.568644	29.507389	0.086365	-1840.426637	
2.832000	0.930802	0.677947	4.565947	29.507093	0.234335	-1840.259619	
2.833000	0.935030	0.839869	4.564049	29.506930	0.234335	-1840.092643	
2.834000	0.842010	0.815580	4.562887	29.506841	0.331685	-1839.925887	
2.835000	0.930802	0.767004	4.562339	29.506744	0.148668	-1839.759501	
2.836000	0.901205	0.977502	4.562473	29.506522	0.366730	-1839.593589	
2.837000	0.850466	0.783196	4.563444	29.506092	0.222654	-1839.428197	
2.838000	0.829325	1.042271	4.565075	29.505519	0.300533	-1839.263314	
2.839000	1.032279	0.847965	4.567036	29.505020	0.257699	-1839.098867	
2.840000	0.850466	0.815580	4.569342	29.504702	0.386200	-1838.934726	
2.841000	0.909661	0.920829	4.572221	29.504425	0.327791	-1838.770727	
2.842000	0.935030	0.726523	4.575763	29.504045	0.257699	-1838.606695	
2.843000	1.006910	0.912733	4.579870	29.503626	0.175926	-1838.442471	
2.844000	0.880064	0.937022	4.584466	29.503315	0.261593	-1838.277931	
2.845000	0.850466	1.115135	4.589544	29.503102	0.331685	-1838.112999	
2.846000	0.867379	0.532217	4.594906	29.502848	0.308321	-1837.947652	
2.847000	0.943487	0.791292	4.600137	29.502401	0.175926	-1837.781946	
2.848000	1.061876	0.750812	4.604858	29.501637	0.218760	-1837.616005	
2.849000	0.956171	0.823676	4.608768	29.500481	0.249911	-1837.449991	
2.850000	0.956171	0.856061	4.611616	29.498964	0.265487	-1837.284082	
2.851000	0.905433	0.888445	4.613437	29.497286	0.164244	-1837.118444	
2.852000	0.867379	0.831773	4.614718	29.495570	0.284957	-1836.953214	
2.853000	0.922346	0.767004	4.615984	29.493700	0.273275	-1836.788476	
2.854000	0.989997	0.726523	4.617367	29.491561	0.179820	-1836.624269	
2.855000	1.006910	0.710331	4.618687	29.489266	0.210972	-1836.460576	
2.856000	0.935030	0.750812	4.619665	29.487015	0.320003	-1836.297313	
2.857000	0.871607	0.993694	4.620128	29.484820	0.401776	-1836.134337	
2.858000	0.909661	0.856061	4.620121	29.482533	0.331685	-1835.971473	
2.859000	0.778587	0.896541	4.619693	29.479988	0.136986	-1835.808550	
2.860000	0.926574	0.815580	4.618670	29.477078	0.288851	-1835.645416	
2.861000	0.782815	0.734620	4.616862	29.473735	0.261593	-1835.481961	
2.862000	0.892748	0.856061	4.614439	29.469981	0.339473	-1835.318115	
2.863000	0.833553	0.734620	4.611885	29.465999	0.413458	-1835.153864	
2.864000	0.943487	0.896541	4.609600	29.461920	0.339473	-1834.989273	
2.865000	0.888520	0.977502	4.607649	29.457639	0.277169	-1834.824472	
2.866000	0.935030	0.839869	4.605821	29.453050	0.304427	-1834.659631	
2.867000	0.858923	0.823676	4.603877	29.448295	0.172032	-1834.494933	
2.868000	1.002682	0.775100	4.601695	29.443604	0.249911	-1834.330541	
2.869000	0.896977	0.791292	4.598888	29.438994	0.281063	-1834.166574	
2.870000	0.964628	0.742716	4.594509	29.434290	0.230441	-1834.003099	
2.871000	0.833553	0.702235	4.587977	29.429308	0.164244	-1833.840132	
2.872000	1.002682	0.847965	4.579864	29.423956	0.238229	-1833.677634	
2.873000	0.905433	0.750812	4.571302	29.418195	0.125304	-1833.515500	
2.874000	0.909661	0.888445	4.563395	29.412046	0.199290	-1833.353579	
2.875000	0.736305	0.920829	4.557018	29.405697	0.257699	-1833.191695	
2.876000	0.863151	0.880349	4.552583	29.399295	0.253805	-1833.029677	
2.877000	0.850466	0.864157	4.550083	29.392751	0.347261	-1832.867385	
2.878000	0.896977	0.888445	4.549456	29.385979	0.168138	-1832.704723	
2.879000	0.744761	0.831773	4.550775	29.379158	0.238229	-1832.541641	
2.880000	0.994225	1.001790	4.554014	29.372560	0.327791	-1832.378148	
2.881000	1.044964	0.847965	4.558725	29.366222	0.386200	-1832.214321	
2.882000	0.909661	1.074655	4.564107	29.359960	0.343367	-1832.050302	
2.883000	0.829325	0.872253	4.569429	29.353580	0.234335	-1831.886265	
2.884000	0.935030	0.920829	4.574229	29.347002	0.284957	-1831.722390	
2.885000	0.930802	0.807484	4.578285	29.340199	0.125304	-1831.558828	
2.886000	0.905433	0.961310	4.581674	29.333185	0.390094	-1831.395678	
2.887000	0.782815	0.920829	4.584468	29.326118	0.246017	-1831.232993	
2.888000	0.901205	0.937022	4.586447	29.319126	0.156456	-1831.070778	
2.889000	1.028051	0.815580	4.587400	29.312116	0.246017	-1830.908974	
2.890000	0.935030	0.823676	4.587467	29.305012	0.265487	-1830.747463	
2.891000	0.736305	0.775100	4.587028	29.298003	0.187608	-1830.586086	
2.892000	0.956171	0.872253	4.586380	29.291381	0.234335	-1830.424670	
2.893000	0.896977	0.864157	4.585778	29.285202	0.339473	-1830.263052	
2.894000	0.867379	1.009886	4.585498	29.279281	0.304427	-1830.101105	
2.895000	0.791271	0.710331	4.585426	29.273425	0.234335	-1829.938749	
2.896000	0.905433	0.791292	4.585055	29.267573	0.098047	-1829.775965	
2.897000	1.002682	0.750812	4.583996	29.261719	0.234335	-1829.612799	
2.898000	0.791271	1.001790	4.582181	29.255877	0.378412	-1829.449360	
2.899000	0.617915	0.953214	4.579702	29.250171	0.292745	-1829.285803	
2.900000	0.833553	1.066559	4.576684	29.244694	0.362836	-1829.122305	0.000000
2.901000	0.968856	0.969406	4.573239	29.239348	0.339473	-1828.959039	
2.902000	0.846238	0.969406	4.569359	29.234049	0.183714	-1828.796140	
2.903000	0.626372	0.831773	4.564873	29.228967	0.281063	-1828.633688	
2.904000	0.973084	0.896541	4.559268	29.224385	0.234335	-1828.471717	
2.905000	0.947715	0.823676	4.552077	29.220366	0.335579	-1828.310211	
2.906000	0.960400	0.920829	4.543798	29.216723	0.366730	-1828.149092	
2.907000	0.951943	0.928926	4.535777	29.213267	0.203184	-1827.988231	
2.908000	1.002682	0.961310	4.529258	29.209953	0.121410	-1827.827472	
2.909000	0.943487	0.953214	4.524902	29.206804	0.148668	-1827.666647	
2.910000	0.863151	0.993694	4.522951	29.203819	0.292745	-1827.505610	
2.911000	0.782815	0.815580	4.523398	29.201067	0.218760	-1827.344252	
2.912000	0.935030	0.839869	4.525770	29.198591	0.129198	-1827.182519	
2.913000	0.973084	0.993694	4.529266	29.196286	0.300533	-1827.020414	
2.914000	0.892748	0.896541	4.533494	29.194074	0.230441	-1826.858004	
2.915000	0.744761	1.050367	4.538504	29.192097	0.386200	-1826.695413	
2.916000	0.973084	0.912733	4.544161	29.190621	0.320003	-1826.532802	
2.917000	0.888520	0.945118	4.550181	29.189722	0.343367	-1826.370342	
2.918000	0.829325	0.985598	4.556410	29.189225	0.269381	-1826.208192	
2.919000	0.892748	0.669851	4.562683	29.188950	0.378412	-1826.046464	
2.920000	1.044964	0.605082	4.568682	29.188880	0.230441	-1825.885230	
2.921000	0.994225	1.009886	4.573869	29.189068	0.312215	-1825.724507	
2.922000	0.930802	1.009886	4.577653	29.189506	0.343367	-1825.564248	
2.923000	0.723620	1.001790	4.579884	29.190198	0.362836	-1825.404343	
2.924000	0.913889	0.823676	4.581018	29.191123	0.179820	-1825.244647	
2.925000	0.905433	0.807484	4.581754	29.192165	0.323897	-1825.084994	
2.926000	0.943487	0.726523	4.582646	29.193233	0.222654	-1824.925215	
2.927000	0.765902	0.831773	4.583883	29.194421	0.331685	-1824.765168	
2.928000	1.078789	0.775100	4.585283	29.195967	0.242123	-1824.604761	
2.929000	0.981541	1.001790	4.586598	29.197954	0.308321	-1824.443957	
2.930000	0.926574	0.904637	4.587878	29.200222	0.175926	-1824.282778	
2.931000	0.905433	0.677947	4.589423	29.202606	0.191502	-1824.121314	
2.932000	1.066105	0.734620	4.591324	29.205130	-0.034348	-1823.959715	
2.933000	0.896977	0.912733	4.593346	29.207894	0.242123	-1823.798158	
2.934000	0.905433	1.017982	4.595268	29.210884	0.304427	-1823.636816	
2.935000	0.770130	0.928926	4.597075	29.214027	0.343367	-1823.475832	
2.936000	0.939259	0.758908	4.598678	29.217230	0.152562	-1823.315310	
2.937000	0.935030	0.912733	4.599807	29.220374	0.218760	-1823.155304	
2.938000	0.909661	0.661755	4.600485	29.223371	0.230441	-1822.995817	
2.939000	0.812412	1.009886	4.600938	29.226267	0.378412	-1822.836778	
2.940000	1.044964	0.791292	4.601193	29.229258	0.288851	-1822.678056	
2.941000	0.858923	0.888445	4.601343	29.232434	0.358942	-1822.519488	
2.942000	0.913889	0.985598	4.601618	29.235653	0.370624	-1822.360897	
2.943000	0.825097	0.888445	4.602006	29.238766	0.296639	-1822.202115	
2.944000	1.049192	0.775100	4.602148	29.241831	0.055213	-1822.043021	
2.945000	0.973084	0.645563	4.601853	29.244984	0.253805	-1821.883542	
2.946000	0.960400	0.937022	4.601475	29.248214	0.401776	-1821.723658	
2.947000	0.896977	0.815580	4.601463	29.251395	0.288851	-1821.563414	
2.948000	0.947715	0.904637	4.601943	29.254388	0.063001	-1821.402928	
2.949000	0.981541	0.831773	4.602709	29.257076	0.277169	-1821.242369	
2.950000	0.880064	0.815580	4.603331	29.259383	0.277169	-1821.081918	
2.951000	0.825097	0.896541	4.603410	29.261339	0.214866	-1820.921743	
2.952000	0.909661	0.702235	4.602806	29.263133	0.195396	-1820.761970	
2.953000	0.918118	0.856061	4.601604	29.264883	0.331685	-1820.602680	
2.954000	0.918118	0.969406	4.599936	29.266470	0.284957	-1820.443907	
2.955000	0.939259	0.767004	4.597915	29.267777	0.265487	-1820.285631	
2.956000	0.922346	1.058463	4.595632	29.268917	0.156456	-1820.127768	
2.957000	0.951943	0.839869	4.593308	29.270093	0.253805	-1819.970174	
2.958000	0.748989	0.977502	4.591270	29.271315	0.358942	-1819.812674	
2.959000	0.888520	0.831773	4.589575	29.272428	0.226548	-1819.655087	
2.960000	0.854694	0.823676	4.588043	29.273260	0.125304	-1819.497258	
2.961000	0.973084	0.710331	4.586669	29.273701	0.300533	-1819.339077	
2.962000	0.901205	0.977502	4.585668	29.273687	0.351155	-1819.180480	
2.963000	0.913889	0.856061	4.585350	29.273238	0.284957	-1819.021455	
2.964000	0.795500	0.928926	4.586038	29.272537	0.187608	-1818.862065	
2.965000	0.935030	0.710331	4.587822	29.271719	0.156456	-1818.702443	
2.966000	0.901205	0.839869	4.590337	29.270677	0.413458	-1818.542762	
2.967000	0.956171	0.734620	4.592911	29.269307	0.292745	-1818.383207	
2.968000	0.867379	0.847965	4.595089	29.267757	-0.007091	-1818.223945	
2.969000	1.002682	0.645563	4.596939	29.266263	0.179820	-1818.065102	
2.970000	0.842010	0.742716	4.598757	29.264851	0.308321	-1817.906749	
2.971000	0.951943	0.677947	4.600824	29.263346	0.242123	-1817.748905	
2.972000	0.871607	0.823676	4.603263	29.261560	0.125304	-1817.591535	
2.973000	1.023823	0.726523	4.605876	29.259401	0.249911	-1817.434543	
2.974000	0.854694	0.799388	4.608364	29.256829	0.308321	-1817.277783	
2.975000	0.854694	0.928926	4.610472	29.253862	0.261593	-1817.121073	
2.976000	0.672882	0.945118	4.611996	29.250684	0.292745	-1816.964234	
2.977000	0.854694	0.896541	4.613055	29.247436	0.269381	-1816.807120	
2.978000	0.816641	0.799388	4.614090	29.244027	0.355048	-1816.649636	
2.979000	0.977312	0.726523	4.615608	29.240371	0.082471	-1816.491736	
2.980000	0.715164	0.839869	4.617990	29.236645	0.207078	-1816.333429	
2.981000	1.006910	0.993694	4.621033	29.233122	0.261593	-1816.174796	
2.982000	0.858923	0.807484	4.623866	29.229845	0.397882	-1816.015980	
2.983000	0.846238	1.001790	4.625509	29.226629	0.300533	-1815.857152	
2.984000	0.854694	0.904637	4.625308	29.223282	0.284957	-1815.698492	
2.985000	0.981541	0.831773	4.623107	29.219724	0.195396	-1815.540161	
2.986000	0.922346	0.791292	4.619209	29.215931	0.164244	-1815.382268	
2.987000	0.880064	0.888445	4.614256	29.211919	0.335579	-1815.224869	
2.988000	0.765902	0.823676	4.609138	29.207845	0.207078	-1815.067968	
2.989000	0.816641	0.807484	4.604437	29.203834	0.199290	-1814.911508	
2.990000	0.935030	0.775100	4.600212	29.199802	0.195396	-1814.755373	
2.991000	0.871607	0.928926	4.596491	29.195677	0.261593	-1814.599407	
2.992000	0.719392	0.953214	4.593281	29.191648	0.316109	-1814.443431	
2.993000	0.973084	1.026079	4.590263	29.188011	0.222654	-1814.287275	
2.994000	0.858923	0.532217	4.587013	29.184825	0.323897	-1814.130807	
2.995000	0.808184	0.993694	4.583671	29.181912	0.207078	-1813.973943	
2.996000	0.964628	0.807484	4.580824	29.179086	0.214866	-1813.816654	
2.997000	0.922346	0.961310	4.578565	29.176298	0.152562	-1813.658984	
2.998000	0.913889	0.912733	4.576574	29.173560	0.234335	-1813.501044	
2.999000	0.825097	1.058463	4.574704	29.170880	0.308321	-1813.342985	
3.000000	0.710936	0.953214	4.572860	29.168361	0.320003	-1813.184981	0.000000
3.001000	0.833553	0.839869	4.570868	29.166073	0.343367	-1813.027205	
3.002000	0.947715	0.677947	4.568633	29.163913	0.378412	-1812.869799	
3.003000	0.930802	0.847965	4.566471	29.161798	0.160350	-1812.712853	
3.004000	0.803956	0.904637	4.564968	29.159893	0.234335	-1812.556410	
3.005000	0.998453	0.807484	4.564132	29.158484	0.374518	-1812.400458	
3.006000	0.968856	0.888445	4.563515	29.157636	0.265487	-1812.244927	
3.007000	0.896977	1.058463	4.563035	29.157168	0.253805	-1812.089684	
3.008000	0.985769	0.783196	4.562927	29.156894	0.218760	-1811.934567	
3.009000	0.939259	0.783196	4.563411	29.156780	0.082471	-1811.779410	
3.010000	0.968856	0.710331	4.564606	29.156857	0.300533	-1811.624068	
3.011000	0.896977	0.823676	4.566708	29.157123	0.222654	-1811.468429	
3.012000	0.825097	1.058463	4.569903	29.157617	0.195396	-1811.312433	
3.013000	0.930802	0.904637	4.573664	29.158361	0.113622	-1811.156077	
3.014000	0.994225	0.953214	4.577166	29.159248	0.323897	-1810.999431	
3.015000	0.863151	0.799388	4.580168	29.160194	0.246017	-1810.842623	
3.016000	0.732077	0.920829	4.582588	29.161325	0.203184	-1810.685809	
3.017000	0.943487	0.775100	4.584225	29.162896	0.253805	-1810.529159	
3.018000	0.854694	0.904637	4.584973	29.164984	0.316109	-1810.372827	
3.019000	0.998453	1.050367	4.584793	29.167418	0.390094	-1810.216925	
3.020000	0.956171	0.969406	4.583546	29.170020	0.253805	-1810.061522	
3.021000	1.066105	0.726523	4.581022	29.172789	0.168138	-1809.906640	
3.022000	1.002682	0.758908	4.577384	29.175798	0.277169	-1809.752247	
3.023000	0.964628	0.880349	4.573315	29.179034	0.284957	-1809.598244	
3.024000	0.774359	0.831773	4.569670	29.182457	0.343367	-1809.444486	
3.025000	0.905433	0.823676	4.567231	29.186003	0.148668	-1809.290809	
3.026000	0.939259	1.009886	4.566541	29.189547	0.265487	-1809.137050	
3.027000	0.977312	0.750812	4.567643	29.193003	0.281063	-1808.983075	
3.028000	0.825097	0.799388	4.570452	29.196451	0.230441	-1808.828789	
3.029000	0.973084	0.734620	4.575391	29.200116	0.277169	-1808.674144	
3.030000	0.867379	0.783196	4.582726	29.204088	0.292745	-1808.519156	
3.031000	0.888520	0.961310	4.591760	29.208214	0.207078	-1808.363907	
3.032000	0.880064	0.945118	4.601303	29.212338	0.199290	-1808.208541	
3.033000	1.032279	0.839869	4.610260	29.216502	0.105834	-1808.053231	
3.034000	0.871607	0.969406	4.617933	29.220830	0.296639	-1807.898150	
3.035000	0.922346	0.953214	4.624179	29.225312	0.257699	-1807.743444	
3.036000	0.833553	0.823676	4.628957	29.229852	0.393988	-1807.589209	
3.037000	0.846238	0.904637	4.631779	29.234333	0.078577	-1807.435501	
3.038000	0.939259	0.823676	4.632088	29.238631	0.351155	-1807.282328	
3.039000	0.968856	0.758908	4.629960	29.242660	0.327791	-1807.129630	
3.040000	0.816641	0.953214	4.626075	29.246461	0.323897	-1806.977281	
3.041000	0.977312	0.920829	4.621300	29.250244	0.374518	-1806.825122	
3.042000	0.846238	0.961310	4.616389	29.254123	0.378412	-1806.672978	
3.043000	0.943487	1.017982	4.611839	29.257969	0.331685	-1806.520688	
3.044000	0.833553	0.677947	4.608075	29.261641	0.199290	-1806.368127	
3.045000	1.028051	0.726523	4.605887	29.265219	-0.003197	-1806.215225	
3.046000	1.006910	0.767004	4.606277	29.268861	0.238229	-1806.061958	
3.047000	0.930802	1.115135	4.609474	29.272563	0.222654	-1805.908365	
3.048000	0.951943	0.977502	4.614542	29.276179	0.261593	-1805.754554	
3.049000	0.871607	0.945118	4.620064	29.279556	0.047425	-1805.600684	
3.050000	0.939259	0.799388	4.624861	29.282580	0.265487	-1805.446940	
3.051000	0.892748	0.783196	4.628309	29.285184	0.230441	-1805.293492	
3.052000	0.892748	0.815580	4.630240	29.287398	0.296639	-1805.140469	
3.053000	0.863151	1.098943	4.630558	29.289414	0.288851	-1804.987949	
3.054000	0.909661	0.864157	4.629025	29.291362	0.191502	-1804.835966	
3.055000	0.905433	1.034175	4.625363	29.293136	0.335579	-1804.684502	
3.056000	0.909661	0.847965	4.619600	29.294624	0.175926	-1804.533475	
3.057000	0.820869	1.001790	4.612336	29.295957	0.164244	-1804.382744	
3.058000	0.951943	0.783196	4.604668	29.297346	0.238229	-1804.232137	
3.059000	0.875836	1.058463	4.597745	29.298799	0.331685	-1804.081473	
3.060000	0.884292	0.815580	4.592036	29.300144	0.335579	-1803.930591	
3.061000	0.905433	0.839869	4.587428	29.301197	0.199290	-1803.779379	
3.062000	0.989997	0.856061	4.584218	29.301853	0.312215	-1803.627780	
3.063000	0.926574	0.912733	4.582909	29.302055	0.312215	-1803.475790	
3.064000	0.951943	0.791292	4.583330	29.301824	0.358942	-1803.323468	
3.065000	0.795500	0.896541	4.584867	29.301344	0.195396	-1803.170944	
3.066000	0.947715	0.856061	4.586878	29.300750	0.238229	-1803.018386	
3.067000	0.901205	0.920829	4.588796	29.299942	0.238229	-1802.865977	
3.068000	0.935030	0.791292	4.590126	29.298825	0.218760	-1802.713881	
3.069000	0.774359	0.969406	4.590383	29.297563	0.210972	-1802.562220	
3.070000	1.087246	0.799388	4.589315	29.296414	0.300533	-1802.411064	
3.071000	0.884292	0.621274	4.587179	29.295413	0.191502	-1802.260431	
3.072000	0.994225	0.912733	4.584431	29.294387	0.355048	-1802.110279	
3.073000	0.846238	0.839869	4.581428	29.293153	0.156456	-1801.960506	
3.074000	0.935030	0.823676	4.578616	29.291627	0.281063	-1801.810966	
3.075000	0.884292	0.856061	4.576477	29.289780	0.226548	-1801.661484	
3.076000	0.833553	0.993694	4.575228	29.287629	0.207078	-1801.511883	
3.077000	0.668654	0.945118	4.574739	29.285348	0.320003	-1801.362012	
3.078000	0.947715	1.090847	4.574869	29.283070	0.370624	-1801.211770	
3.079000	0.926574	0.572698	4.575746	29.280701	0.397882	-1801.061112	
3.080000	0.913889	0.831773	4.577449	29.278155	0.187608	-1800.910048	
3.081000	0.723620	0.775100	4.579783	29.275615	0.386200	-1800.758658	
3.082000	0.939259	0.847965	4.582407	29.273364	0.152562	-1800.607083	
3.083000	0.867379	0.928926	4.584925	29.271449	0.191502	-1800.455493	
3.084000	0.901205	1.026079	4.587001	29.269683	0.355048	-1800.304065	
3.085000	0.896977	0.839869	4.588437	29.267871	0.218760	-1800.152953	
3.086000	1.036507	1.026079	4.589016	29.265941	0.218760	-1800.002268	
3.087000	0.977312	0.661755	4.588407	29.263881	0.316109	-1799.852071	
3.088000	0.935030	0.823676	4.586386	29.261703	0.191502	-1799.702366	
3.089000	0.664425	0.807484	4.583130	29.259547	0.218760	-1799.553091	
3.090000	0.875836	0.961310	4.579193	29.257516	0.117516	-1799.404131	
3.091000	0.922346	0.815580	4.575257	29.255518	0.358942	-1799.255332	
3.092000	0.896977	0.864157	4.571903	29.253474	0.273275	-1799.106519	
3.093000	0.672882	0.839869	4.569398	29.251563	0.300533	-1798.957521	
3.094000	0.994225	0.791292	4.567557	29.250074	0.187608	-1798.808201	
3.095000	0.951943	0.524121	4.566035	29.249067	0.355048	-1798.658475	
3.096000	0.863151	1.098943	4.564813	29.248364	0.355048	-1798.508311	
3.097000	0.892748	0.791292	4.564033	29.247776	0.249911	-1798.357746	
3.098000	0.989997	0.985598	4.563600	29.247254	0.164244	-1798.206888	
3.099000	0.985769	0.758908	4.563253	29.246810	0.246017	-1798.055891	
3.100000	0.787043	0.977502	4.562707	29.246444	0.284957	-1797.904925	0.000000
3.101000	0.706707	0.831773	4.561722	29.246247	0.331685	-1797.754159	
3.102000	0.867379	0.718427	4.560130	29.246277	0.160350	-1797.603733	
3.103000	0.964628	0.621274	4.557939	29.246426	0.343367	-1797.453743	
3.104000	0.922346	0.815580	4.555493	29.246608	0.133092	-1797.304233	
3.105000	0.770130	0.928926	4.553390	29.246966	0.183714	-1797.155194	
3.106000	1.070333	0.831773	4.552140	29.247771	0.320003	-1797.006554	
3.107000	0.947715	0.661755	4.552016	29.249096	0.265487	-1796.858184	
3.108000	0.842010	0.961310	4.553101	29.250767	0.238229	-1796.709927	
3.109000	0.880064	0.807484	4.555277	29.252603	0.296639	-1796.561617	
3.110000	0.956171	0.920829	4.558425	29.254582	0.074683	-1796.413109	
3.111000	1.015366	0.564602	4.562576	29.256748	0.366730	-1796.264296	
3.112000	0.829325	0.928926	4.567781	29.259098	0.413458	-1796.115109	
3.113000	0.757446	0.872253	4.573936	29.261645	0.347261	-1795.965531	
3.114000	0.922346	1.026079	4.580732	29.264383	0.144774	-1795.815618	
3.115000	0.943487	0.710331	4.587655	29.267201	0.370624	-1795.665495	
3.116000	0.820869	0.904637	4.594022	29.270018	0.199290	-1795.515322	
3.117000	0.757446	0.872253	4.599190	29.272951	0.300533	-1795.365268	
3.118000	0.994225	0.920829	4.602813	29.276249	0.312215	-1795.215485	
3.119000	0.926574	0.993694	4.604873	29.279996	0.316109	-1795.066089	
3.120000	0.871607	1.107039	4.605352	29.284026	0.374518	-1794.917148	
3.121000	0.888520	0.896541	4.603923	29.288167	0.284957	-1794.768687	
3.122000	1.040735	0.791292	4.600308	29.292430	0.183714	-1794.620679	
3.123000	1.023823	0.580794	4.594994	29.296896	0.242123	-1794.473036	
3.124000	0.939259	0.953214	4.589158	29.301549	0.257699	-1794.325618	
3.125000	0.871607	0.839869	4.583813	29.306323	0.234335	-1794.178261	
3.126000	0.922346	0.823676	4.579398	29.311137	0.035743	-1794.030806	
3.127000	0.964628	0.758908	4.575939	29.315871	0.397882	-1793.883126	
3.128000	0.930802	0.540314	4.573479	29.320436	0.300533	-1793.735129	
3.129000	0.825097	0.953214	4.572678	29.324897	0.199290	-1793.586769	
3.130000	1.095702	0.661755	4.574283	29.329470	0.366730	-1793.438050	
3.131000	0.901205	0.799388	4.578099	29.334254	0.327791	-1793.289052	
3.132000	0.939259	0.864157	4.583124	29.339107	0.308321	-1793.139913	
3.133000	0.884292	0.928926	4.588288	29.343886	0.312215	-1792.990803	
3.134000	1.006910	0.758908	4.592935	29.348652	0.101940	-1792.841894	
3.135000	0.863151	0.823676	4.596677	29.353541	0.277169	-1792.693332	
3.136000	0.913889	0.961310	4.598820	29.358544	0.261593	-1792.545213	
3.137000	0.842010	0.977502	4.598360	29.363542	0.312215	-1792.397581	
3.138000	0.968856	0.758908	4.594862	29.368399	0.129198	-1792.250435	
3.139000	0.905433	0.831773	4.588940	29.372990	0.320003	-1792.103716	
3.140000	0.981541	0.718427	4.581834	29.377231	0.160350	-1791.957308	
3.141000	0.837782	0.969406	4.574885	29.381149	0.214866	-1791.811051	
3.142000	1.023823	0.742716	4.569010	29.384934	0.284957	-1791.664775	
3.143000	0.854694	0.677947	4.564400	29.388697	0.234335	-1791.518320	
3.144000	0.985769	0.920829	4.560889	29.392310	0.296639	-1791.371565	
3.145000	0.880064	0.775100	4.558546	29.395645	0.203184	-1791.224439	
3.146000	1.070333	0.637467	4.557705	29.398800	0.094153	-1791.076919	
3.147000	0.935030	0.783196	4.558537	29.401963	0.179820	-1790.929047	
3.148000	0.968856	0.694139	4.560822	29.405137	0.304427	-1790.780930	
3.149000	0.884292	0.856061	4.564000	29.408173	0.246017	-1790.632724	
3.150000	0.930802	0.807484	4.567505	29.410907	0.168138	-1790.484612	
3.151000	0.926574	0.783196	4.571134	29.413236	0.300533	-1790.336770	
3.152000	0.922346	0.920829	4.574798	29.415100	0.355048	-1790.189335	
3.153000	0.774359	1.066559	4.578029	29.416516	0.362836	-1790.042381	
3.154000	0.850466	0.718427	4.580264	29.417670	0.335579	-1789.895936	
3.155000	0.795500	1.050367	4.581377	29.418694	0.304427	-1789.749979	
3.156000	0.858923	0.896541	4.581549	29.419486	0.421246	-1789.604422	
3.157000	0.905433	0.815580	4.581109	29.419942	0.304427	-1789.459125	
3.158000	0.913889	0.904637	4.580354	29.420207	0.261593	-1789.313917	
3.159000	0.939259	0.856061	4.579211	29.420516	0.331685	-1789.168623	
3.160000	0.854694	1.050367	4.577646	29.420892	0.339473	-1789.023086	
3.161000	0.782815	0.750812	4.575941	29.421162	0.308321	-1788.877192	
3.162000	0.947715	0.831773	4.574172	29.421136	0.086365	-1788.730885	
3.163000	0.981541	0.750812	4.572303	29.420718	0.281063	-1788.584168	
3.164000	1.015366	0.783196	4.570657	29.419861	0.133092	-1788.437111	
3.165000	0.939259	0.847965	4.569593	29.418586	0.327791	-1788.289839	
3.166000	0.846238	0.831773	4.569050	29.417074	0.199290	-1788.142515	
3.167000	0.863151	0.839869	4.568701	29.415471	0.234335	-1787.995325	
3.168000	0.913889	0.839869	4.568221	29.413685	0.312215	-1787.848439	
3.169000	0.892748	0.928926	4.567447	29.411629	0.195396	-1787.701981	
3.170000	0.723620	0.880349	4.566511	29.409479	0.179820	-1787.556020	
3.171000	1.053420	0.767004	4.565361	29.407502	0.343367	-1787.410572	
3.172000	0.880064	0.896541	4.563279	29.405739	0.436822	-1787.265591	
3.173000	0.943487	0.904637	4.559864	29.404007	0.242123	-1787.120969	
3.174000	0.884292	0.993694	4.555835	29.402119	0.238229	-1786.976552	
3.175000	0.951943	0.912733	4.552248	29.399997	0.179820	-1786.832170	
3.176000	0.901205	1.017982	4.549942	29.397620	0.300533	-1786.687651	
3.177000	0.875836	0.920829	4.549515	29.395001	0.339473	-1786.542848	
3.178000	0.723620	0.977502	4.551076	29.392299	0.425140	-1786.397659	
3.179000	0.905433	0.734620	4.554117	29.389634	0.296639	-1786.252037	
3.180000	0.896977	0.945118	4.557828	29.386912	0.390094	-1786.105997	
3.181000	0.943487	0.839869	4.561696	29.384047	0.164244	-1785.959623	
3.182000	0.715164	0.856061	4.565586	29.381215	0.238229	-1785.813059	
3.183000	1.078789	0.847965	4.569161	29.378701	0.253805	-1785.666479	
3.184000	0.850466	0.856061	4.571810	29.376556	0.351155	-1785.520067	
3.185000	0.951943	0.928926	4.573148	29.374595	0.370624	-1785.373981	
3.186000	0.863151	1.034175	4.573176	29.372629	0.203184	-1785.228330	
3.187000	0.964628	0.775100	4.572090	29.370603	0.090259	-1785.083179	
3.188000	0.896977	0.888445	4.570047	29.368525	0.105834	-1784.938535	
3.189000	0.880064	1.026079	4.567208	29.366411	0.281063	-1784.794335	
3.190000	0.694023	0.961310	4.563956	29.364381	0.249911	-1784.650457	
3.191000	0.901205	0.831773	4.560887	29.362525	0.195396	-1784.506743	
3.192000	0.880064	0.856061	4.558536	29.360753	0.401776	-1784.363023	
3.193000	0.884292	1.026079	4.557295	29.358987	0.183714	-1784.219127	
3.194000	0.685566	1.017982	4.557526	29.357396	0.238229	-1784.074921	
3.195000	0.973084	0.823676	4.559271	29.356257	0.226548	-1783.930316	
3.196000	0.884292	1.050367	4.562179	29.355633	0.370624	-1783.785280	
3.197000	0.973084	1.066559	4.566123	29.355339	0.370624	-1783.639843	
3.198000	0.880064	0.799388	4.570975	29.355187	0.261593	-1783.494108	
3.199000	1.015366	0.856061	4.576002	29.355145	0.261593	-1783.348236	
3.200000	0.947715	0.726523	4.580466	29.355246	0.312215	-1783.202411	0.000000
3.201000	0.918118	1.155616	4.584198	29.355482	0.308321	-1783.056810	
3.202000	0.744761	0.945118	4.587099	29.355878	0.234335	-1782.911574	
3.203000	0.939259	0.937022	4.588838	29.356432	0.207078	-1782.766804	
3.204000	0.905433	0.750812	4.589267	29.357031	0.323897	-1782.622549	
3.205000	0.998453	0.726523	4.588564	29.357589	0.246017	-1782.478800	
3.206000	0.761674	0.904637	4.587008	29.358226	0.257699	-1782.335479	
3.207000	1.044964	0.775100	4.584953	29.359192	0.210972	-1782.192448	
3.208000	0.930802	0.767004	4.582888	29.360567	0.207078	-1782.049541	
3.209000	0.871607	1.058463	4.581273	29.362185	0.265487	-1781.906586	
3.210000	0.909661	0.864157	4.580227	29.363876	0.203184	-1781.763427	
3.211000	0.973084	0.969406	4.579495	29.365646	0.238229	-1781.619952	
3.212000	0.909661	0.920829	4.578965	29.367567	0.296639	-1781.476094	
3.213000	0.913889	1.026079	4.579009	29.369629	0.401776	-1781.331837	
3.214000	0.812412	0.807484	4.580001	29.371792	0.343367	-1781.187231	
3.215000	0.837782	0.961310	4.581784	29.373995	0.144774	-1781.042398	
3.216000	1.011138	0.799388	4.583878	29.376123	0.436822	-1780.897504	
3.217000	0.884292	0.969406	4.585888	29.378088	0.316109	-1780.752727	
3.218000	0.812412	0.985598	4.587674	29.379974	0.347261	-1780.608230	
3.219000	0.935030	0.750812	4.589268	29.382011	0.234335	-1780.464135	
3.220000	0.913889	0.880349	4.590504	29.384295	0.234335	-1780.320517	
3.221000	0.871607	0.912733	4.590627	29.386671	0.273275	-1780.177403	
3.222000	0.981541	0.661755	4.588593	29.388980	0.304427	-1780.034759	
3.223000	1.011138	0.775100	4.584195	29.391264	0.043531	-1779.892496	
3.224000	1.078789	0.831773	4.578402	29.393645	0.242123	-1779.750471	
3.225000	0.918118	1.001790	4.572329	29.396112	0.210972	-1779.608517	
3.226000	0.850466	0.734620	4.566505	29.398561	0.121410	-1779.466465	
3.227000	0.854694	0.734620	4.561214	29.400871	0.070789	-1779.324178	
3.228000	0.989997	0.847965	4.556993	29.402923	0.214866	-1779.181564	
3.229000	0.905433	0.799388	4.554774	29.404640	0.117516	-1779.038575	
3.230000	0.888520	0.937022	4.555706	29.406070	0.249911	-1778.895210	
3.231000	0.930802	0.880349	4.560175	29.407422	0.175926	-1778.751539	
3.232000	0.892748	1.001790	4.567202	29.408812	0.277169	-1778.607699	
3.233000	0.880064	0.977502	4.575359	29.410115	0.405670	-1778.463866	
3.234000	0.820869	0.839869	4.583632	29.411201	0.335579	-1778.320214	
3.235000	0.935030	0.839869	4.591516	29.412163	0.191502	-1778.176897	
3.236000	0.998453	0.880349	4.598801	29.413166	0.456292	-1778.034019	
3.237000	0.905433	1.026079	4.605163	29.414204	0.401776	-1777.891629	
3.238000	0.901205	0.937022	4.610104	29.415130	0.409564	-1777.749727	
3.239000	0.833553	0.799388	4.613315	29.415787	0.105834	-1777.608253	
3.240000	0.994225	0.775100	4.614881	29.416060	0.253805	-1777.467093	
3.241000	0.973084	0.572698	4.615273	29.415880	0.347261	-1777.326095	
3.242000	0.875836	0.856061	4.615164	29.415275	0.339473	-1777.185082	
3.243000	0.930802	0.653659	4.615306	29.414443	0.253805	-1777.043887	
3.244000	0.935030	0.993694	4.616346	29.413515	0.277169	-1776.902388	
3.245000	0.973084	0.993694	4.618398	29.412380	0.421246	-1776.760508	
3.246000	0.930802	0.742716	4.621170	29.410931	0.316109	-1776.618224	
3.247000	0.981541	0.645563	4.624481	29.409302	0.094153	-1776.475574	
3.248000	1.040735	0.710331	4.628044	29.407721	0.090259	-1776.332667	
3.249000	0.943487	0.661755	4.631117	29.406211	0.261593	-1776.189653	
3.250000	0.880064	1.001790	4.632879	29.404609	0.300533	-1776.046710	
3.251000	0.884292	0.839869	4.632897	29.402738	0.187608	-1775.904011	
3.252000	0.918118	0.945118	4.631205	29.400503	0.269381	-1775.761695	
3.253000	0.884292	0.734620	4.628147	29.397857	0.355048	-1775.619847	
3.254000	0.799728	0.839869	4.624205	29.394825	0.339473	-1775.478495	
3.255000	0.884292	0.815580	4.619720	29.391596	0.323897	-1775.337614	
3.256000	0.909661	0.831773	4.614787	29.388312	0.292745	-1775.197119	
3.257000	0.994225	0.710331	4.609604	29.384874	0.409564	-1775.056874	
3.258000	0.833553	0.920829	4.604611	29.381189	0.253805	-1774.916711	
3.259000	0.820869	0.823676	4.600373	29.377425	0.249911	-1774.776454	
3.260000	0.939259	0.896541	4.597497	29.373842	0.207078	-1774.635948	
3.261000	0.896977	0.605082	4.596162	29.370471	0.284957	-1774.495081	
3.262000	0.842010	1.001790	4.596021	29.367124	0.238229	-1774.353788	
3.263000	1.053420	0.799388	4.596838	29.363604	0.168138	-1774.212064	
3.264000	1.036507	0.799388	4.598541	29.359828	0.059107	-1774.069976	
3.265000	0.977312	0.799388	4.600735	29.355767	0.187608	-1773.927657	
3.266000	0.858923	1.034175	4.602719	29.351442	0.183714	-1773.785271	
3.267000	0.715164	0.888445	4.603834	29.347026	0.207078	-1773.642999	
3.268000	0.846238	0.856061	4.603665	29.342653	0.226548	-1773.501009	
3.269000	0.896977	0.847965	4.602081	29.338235	0.390094	-1773.359424	
3.270000	0.926574	0.799388	4.599264	29.333695	0.339473	-1773.218314	
3.271000	0.715164	0.726523	4.595716	29.329221	0.230441	-1773.077694	
3.272000	0.998453	0.856061	4.592065	29.325107	0.121410	-1772.937522	
3.273000	0.871607	0.847965	4.588690	29.321405	0.312215	-1772.797696	
3.274000	0.812412	1.058463	4.585730	29.317934	0.292745	-1772.658064	
3.275000	0.909661	0.856061	4.583294	29.314504	0.253805	-1772.518453	
3.276000	0.981541	0.856061	4.581347	29.311046	0.238229	-1772.378693	
3.277000	0.935030	0.847965	4.579671	29.307549	0.339473	-1772.238644	
3.278000	0.791271	0.783196	4.578173	29.304018	0.281063	-1772.098208	
3.279000	0.588318	0.767004	4.576924	29.300569	0.191502	-1771.957337	
3.280000	0.935030	0.823676	4.575960	29.297288	0.082471	-1771.816046	
3.281000	0.960400	0.847965	4.575210	29.294074	0.292745	-1771.674422	
3.282000	0.951943	0.710331	4.574361	29.290847	0.175926	-1771.532613	
3.283000	0.715164	0.896541	4.572932	29.287780	0.218760	-1771.390795	
3.284000	1.053420	0.710331	4.570598	29.285165	0.179820	-1771.249146	
3.285000	0.850466	0.783196	4.567428	29.283069	0.393988	-1771.107819	
3.286000	0.947715	1.107039	4.563461	29.281313	0.390094	-1770.966921	
3.287000	0.863151	0.896541	4.558102	29.279708	0.168138	-1770.826512	
3.288000	1.087246	0.799388	4.550880	29.278214	0.175926	-1770.686602	
3.289000	0.977312	0.613178	4.542447	29.276854	0.140880	-1770.547136	
3.290000	0.858923	0.953214	4.534145	29.275634	0.296639	-1770.407994	
3.291000	0.655969	0.953214	4.527155	29.274626	0.257699	-1770.269015	
3.292000	0.884292	0.831773	4.522041	29.273873	0.242123	-1770.130028	
3.293000	0.812412	0.961310	4.518703	29.273269	0.382306	-1769.990867	
3.294000	0.875836	0.799388	4.516850	29.272729	0.327791	-1769.851398	
3.295000	0.702479	1.179904	4.516327	29.272389	0.401776	-1769.711532	
3.296000	0.977312	0.856061	4.517253	29.272513	0.320003	-1769.571230	
3.297000	0.863151	0.767004	4.520217	29.273172	0.393988	-1769.430520	
3.298000	0.850466	1.123232	4.525682	29.274191	0.331685	-1769.289507	
3.299000	0.867379	0.896541	4.533239	29.275389	0.339473	-1769.148345	
3.300000	1.032279	0.847965	4.541889	29.276748	0.094153	-1769.007219	0.000000
3.301000	0.901205	0.904637	4.550624	29.278318	0.261593	-1768.866311	
3.302000	0.968856	1.050367	4.558723	29.280085	0.253805	-1768.725761	
3.303000	0.782815	0.775100	4.565913	29.282035	0.246017	-1768.585663	
3.304000	1.049192	0.880349	4.572399	29.284134	0.082471	-1768.446069	
3.305000	0.926574	0.621274	4.578360	29.286265	0.358942	-1768.306981	
3.306000	0.935030	0.775100	4.583556	29.288343	0.269381	-1768.168332	
3.307000	0.787043	0.856061	4.587747	29.290471	0.168138	-1768.029991	
3.308000	1.023823	0.985598	4.590941	29.292889	0.175926	-1767.891795	
3.309000	0.867379	0.928926	4.593224	29.295687	0.207078	-1767.753567	
3.310000	0.875836	1.082751	4.594845	29.298708	0.339473	-1767.615147	
3.311000	0.850466	0.750812	4.596458	29.301786	0.288851	-1767.476415	
3.312000	1.015366	0.669851	4.598871	29.304944	0.016273	-1767.337302	
3.313000	0.926574	0.920829	4.602244	29.308277	0.284957	-1767.197794	
3.314000	0.939259	1.042271	4.606042	29.311769	0.316109	-1767.057945	
3.315000	0.854694	0.920829	4.609662	29.315333	0.355048	-1766.917872	
3.316000	0.901205	0.912733	4.612562	29.318862	0.063001	-1766.777741	
3.317000	0.926574	0.783196	4.614302	29.322232	0.409564	-1766.637734	
3.318000	0.867379	0.969406	4.614701	29.325354	0.327791	-1766.498018	
3.319000	0.863151	0.864157	4.613779	29.328280	0.156456	-1766.358714	
3.320000	0.968856	0.734620	4.611718	29.331215	0.413458	-1766.219894	
3.321000	1.002682	0.467449	4.608792	29.334262	0.246017	-1766.081585	
3.322000	0.977312	1.058463	4.605170	29.337280	0.261593	-1765.943761	
3.323000	1.019594	0.775100	4.601033	29.340128	0.218760	-1765.806334	
3.324000	1.006910	0.864157	4.596808	29.342872	0.090259	-1765.669168	
3.325000	0.964628	0.791292	4.593041	29.345663	0.210972	-1765.532102	
3.326000	0.837782	0.961310	4.590253	29.348498	0.288851	-1765.394966	
3.327000	0.918118	0.750812	4.588822	29.351246	0.265487	-1765.257616	
3.328000	0.922346	0.799388	4.588843	29.353757	0.238229	-1765.119956	
3.329000	1.040735	0.888445	4.589879	29.355912	0.140880	-1764.981937	
3.330000	0.833553	0.888445	4.590834	29.357635	0.207078	-1764.843565	
3.331000	0.854694	0.912733	4.590878	29.358964	0.335579	-1764.704910	
3.332000	0.871607	0.912733	4.590118	29.360098	0.226548	-1764.566100	
3.333000	0.812412	0.839869	4.588975	29.361161	0.464080	-1764.427302	
3.334000	0.863151	0.985598	4.587794	29.362032	0.464080	-1764.288688	
3.335000	0.918118	0.945118	4.586825	29.362585	0.304427	-1764.150406	
3.336000	0.926574	0.945118	4.586197	29.362928	0.109728	-1764.012563	
3.337000	1.023823	0.831773	4.586240	29.363254	0.323897	-1763.875214	
3.338000	0.875836	0.969406	4.587370	29.363570	0.339473	-1763.738365	
3.339000	0.981541	0.912733	4.589379	29.363712	0.203184	-1763.601959	
3.340000	0.901205	0.718427	4.591691	29.363503	0.051319	-1763.465888	
3.341000	1.015366	0.912733	4.594127	29.362836	0.207078	-1763.330006	
3.342000	0.913889	0.823676	4.596729	29.361650	0.257699	-1763.194145	
3.343000	0.943487	0.985598	4.599447	29.359971	0.284957	-1763.058139	
3.344000	0.825097	0.791292	4.602228	29.357997	0.242123	-1762.921858	
3.345000	0.930802	0.653659	4.605481	29.355871	0.347261	-1762.785223	
3.346000	0.922346	0.750812	4.610163	29.353499	0.144774	-1762.648209	
3.347000	0.968856	0.815580	4.616513	29.350786	0.246017	-1762.510850	
3.348000	0.918118	0.710331	4.623563	29.347889	0.168138	-1762.373243	
3.349000	0.943487	0.831773	4.630150	29.345057	0.284957	-1762.235534	
3.350000	0.825097	0.953214	4.635422	29.342320	0.343367	-1762.097890	
3.351000	0.871607	1.034175	4.638827	29.339507	0.273275	-1761.960474	
3.352000	0.829325	0.767004	4.640083	29.336438	0.187608	-1761.823421	
3.353000	1.011138	0.847965	4.639217	29.333022	0.203184	-1761.686821	
3.354000	0.998453	0.645563	4.636772	29.329221	0.320003	-1761.550714	
3.355000	0.820869	0.945118	4.633612	29.325054	0.230441	-1761.415084	
3.356000	0.748989	0.831773	4.630275	29.320701	0.281063	-1761.279850	
3.357000	0.833553	1.001790	4.626924	29.316299	0.226548	-1761.144879	
3.358000	0.935030	0.912733	4.623698	29.311755	0.222654	-1761.010009	
3.359000	0.863151	0.872253	4.620679	29.306978	0.261593	-1760.875069	
3.360000	0.820869	0.726523	4.618019	29.302146	0.172032	-1760.739905	
3.361000	0.977312	0.767004	4.616136	29.297533	0.222654	-1760.604404	
3.362000	1.074561	0.686043	4.615328	29.293184	0.413458	-1760.468503	
3.363000	0.951943	0.912733	4.615349	29.288918	0.273275	-1760.332195	
3.364000	0.863151	0.985598	4.615590	29.284549	0.133092	-1760.195544	
3.365000	0.943487	0.847965	4.615475	29.280007	0.175926	-1760.058683	
3.366000	0.939259	0.807484	4.614668	29.275282	0.281063	-1759.921775	
3.367000	0.833553	0.904637	4.613191	29.270388	0.292745	-1759.784990	
3.368000	0.698251	0.775100	4.611336	29.265474	0.277169	-1759.648482	
3.369000	0.833553	0.847965	4.609211	29.260653	0.261593	-1759.512371	
3.370000	0.909661	0.864157	4.606910	29.255834	0.323897	-1759.376729	
3.371000	0.888520	0.937022	4.604917	29.250941	0.308321	-1759.241576	
3.372000	0.639056	0.961310	4.603494	29.246152	0.210972	-1759.106878	
3.373000	0.973084	0.928926	4.602381	29.241755	0.351155	-1758.972533	
3.374000	0.939259	0.864157	4.601449	29.237802	0.300533	-1758.838393	
3.375000	0.846238	1.123232	4.600845	29.234108	0.393988	-1758.704283	
3.376000	0.880064	0.831773	4.600651	29.230480	0.246017	-1758.570028	
3.377000	0.930802	0.856061	4.600697	29.226863	0.226548	-1758.435487	
3.378000	0.943487	0.823676	4.600754	29.223264	0.179820	-1758.300567	
3.379000	0.875836	1.188000	4.600836	29.219688	0.281063	-1758.165218	
3.380000	0.719392	0.856061	4.601074	29.216240	0.191502	-1758.029451	
3.381000	0.909661	0.661755	4.601437	29.212996	0.175926	-1757.893352	
3.382000	0.977312	0.783196	4.601622	29.209858	0.444610	-1757.757069	
3.383000	0.922346	0.823676	4.601270	29.206746	0.191502	-1757.620777	
3.384000	0.715164	0.831773	4.600176	29.203814	0.191502	-1757.484654	
3.385000	1.015366	0.880349	4.598134	29.201338	0.140880	-1757.348853	
3.386000	0.863151	0.807484	4.594757	29.199386	0.327791	-1757.213481	
3.387000	0.947715	1.009886	4.589676	29.197784	0.238229	-1757.078597	
3.388000	0.875836	0.985598	4.583073	29.196353	0.257699	-1756.944207	
3.389000	1.023823	0.839869	4.575664	29.195068	0.187608	-1756.810257	
3.390000	0.930802	0.791292	4.568268	29.193978	0.218760	-1756.676629	
3.391000	0.871607	0.928926	4.561727	29.193085	0.370624	-1756.543163	
3.392000	0.651741	1.107039	4.556610	29.192433	0.300533	-1756.409677	
3.393000	0.922346	0.791292	4.552974	29.192032	0.113622	-1756.276003	
3.394000	0.926574	0.977502	4.550712	29.191772	0.320003	-1756.142012	
3.395000	0.973084	0.880349	4.549838	29.191563	0.113622	-1756.007621	
3.396000	0.732077	0.783196	4.550131	29.191528	0.261593	-1755.872795	
3.397000	1.032279	0.758908	4.550758	29.191926	0.203184	-1755.737564	
3.398000	0.833553	0.896541	4.551043	29.192843	0.358942	-1755.602033	
3.399000	0.939259	1.115135	4.551068	29.194112	0.292745	-1755.466358	
3.400000	0.875836	0.953214	4.551143	29.195555	0.203184	-1755.330723	0.000000
3.401000	1.053420	0.888445	4.551604	29.197172	-0.034348	-1755.195310	
3.402000	0.985769	0.783196	4.552806	29.199034	0.179820	-1755.060269	
3.403000	0.956171	0.823676	4.554702	29.201129	0.242123	-1754.925693	
3.404000	0.778587	0.856061	4.556820	29.203416	0.238229	-1754.791632	
3.405000	0.943487	0.710331	4.558726	29.205837	0.098047	-1754.658085	
3.406000	0.880064	0.945118	4.560292	29.208277	0.339473	-1754.524987	
3.407000	0.973084	0.880349	4.561639	29.210651	0.222654	-1754.392209	
3.408000	0.736305	1.042271	4.563014	29.213030	0.300533	-1754.259577	
3.409000	1.023823	0.783196	4.564686	29.215630	0.207078	-1754.126908	
3.410000	0.837782	0.847965	4.566855	29.218542	0.296639	-1753.994036	
3.411000	0.901205	1.026079	4.569497	29.221615	0.288851	-1753.860842	
3.412000	0.799728	0.937022	4.572434	29.224695	0.284957	-1753.727260	
3.413000	1.040735	0.888445	4.575448	29.227827	0.101940	-1753.593284	
3.414000	1.032279	0.993694	4.578102	29.231131	0.300533	-1753.458975	
3.415000	0.896977	1.131328	4.579947	29.234594	0.378412	-1753.324456	
3.416000	0.782815	0.856061	4.580839	29.238116	0.432928	-1753.189887	
3.417000	0.888520	0.823676	4.580892	29.241579	0.125304	-1753.055452	
3.418000	0.973084	0.710331	4.580366	29.244862	0.351155	-1752.921324	
3.419000	0.960400	0.758908	4.579421	29.247880	0.172032	-1752.787635	
3.420000	0.956171	0.750812	4.577940	29.250674	0.308321	-1752.654459	
3.421000	1.053420	0.726523	4.575574	29.253443	0.246017	-1752.521821	
3.422000	0.939259	0.807484	4.571970	29.256298	0.339473	-1752.389692	
3.423000	0.901205	0.767004	4.567409	29.259110	0.308321	-1752.257980	
3.424000	0.901205	0.726523	4.562969	29.261751	0.238229	-1752.126542	
3.425000	0.960400	0.864157	4.559753	29.264311	0.070789	-1751.995209	
3.426000	0.977312	0.742716	4.558380	29.266964	0.300533	-1751.863807	
3.427000	0.901205	1.026079	4.559062	29.269717	0.277169	-1751.732185	
3.428000	0.909661	0.823676	4.561773	29.272437	0.308321	-1751.600239	
3.429000	0.820869	0.888445	4.566369	29.274975	0.191502	-1751.467920	
3.430000	0.977312	0.726523	4.572485	29.277221	0.292745	-1751.335237	
3.431000	0.808184	0.815580	4.579504	29.279106	0.355048	-1751.202268	
3.432000	0.837782	0.928926	4.586691	29.280658	0.253805	-1751.069141	
3.433000	0.842010	0.904637	4.593375	29.282073	0.312215	-1750.936019	
3.434000	0.909661	0.888445	4.599258	29.283481	0.277169	-1750.803074	
3.435000	0.909661	0.961310	4.604274	29.284769	0.362836	-1750.670460	
3.436000	0.913889	0.799388	4.608212	29.285820	0.281063	-1750.538284	
3.437000	0.922346	0.686043	4.610754	29.286759	0.066895	-1750.406608	
3.438000	1.049192	0.629370	4.611553	29.287798	0.086365	-1750.275443	
3.439000	0.909661	1.001790	4.610352	29.288948	0.374518	-1750.144735	
3.440000	0.939259	0.920829	4.607315	29.290030	0.347261	-1750.014369	
3.441000	0.888520	0.920829	4.603059	29.290856	-0.046030	-1749.884194	
3.442000	0.994225	0.880349	4.598442	29.291320	0.172032	-1749.754042	
3.443000	0.871607	0.847965	4.594320	29.291369	0.249911	-1749.623750	
3.444000	0.888520	0.815580	4.591089	29.291022	0.098047	-1749.493179	
3.445000	0.778587	0.758908	4.588962	29.290470	0.094153	-1749.362242	
3.446000	0.888520	0.702235	4.589039	29.289854	0.281063	-1749.230906	
3.447000	0.947715	0.831773	4.592602	29.289082	0.339473	-1749.099198	
3.448000	0.956171	0.977502	4.599384	29.288065	0.327791	-1748.967212	
3.449000	0.757446	0.928926	4.607793	29.286974	0.187608	-1748.835091	
3.450000	0.968856	1.001790	4.616249	29.286073	0.253805	-1748.703004	
3.451000	0.778587	0.839869	4.623563	29.285397	0.292745	-1748.571118	
3.452000	0.871607	0.928926	4.628694	29.284763	0.335579	-1748.439565	
3.453000	0.926574	0.637467	4.631055	29.283980	0.210972	-1748.308436	
3.454000	0.973084	0.702235	4.630899	29.282961	0.218760	-1748.177774	
3.455000	0.935030	0.726523	4.628724	29.281675	0.242123	-1748.047569	
3.456000	0.854694	1.009886	4.624794	29.280137	0.312215	-1747.917744	
3.457000	0.677110	0.888445	4.619487	29.278508	0.351155	-1747.788165	
3.458000	0.867379	0.864157	4.613574	29.276914	0.265487	-1747.658673	
3.459000	0.935030	0.686043	4.607882	29.275258	0.261593	-1747.529098	
3.460000	0.926574	0.864157	4.602762	29.273455	0.222654	-1747.399285	
3.461000	0.787043	0.734620	4.598351	29.271690	0.168138	-1747.269118	
3.462000	1.040735	0.912733	4.594995	29.270253	0.160350	-1747.138532	
3.463000	0.892748	0.872253	4.592838	29.269201	0.191502	-1747.007521	
3.464000	0.884292	0.993694	4.591483	29.268355	0.308321	-1746.876147	
3.465000	0.926574	0.742716	4.590351	29.267526	0.164244	-1746.744535	
3.466000	0.947715	0.928926	4.589065	29.266651	0.074683	-1746.612850	
3.467000	0.926574	0.791292	4.587528	29.265727	0.269381	-1746.481268	
3.468000	0.812412	1.066559	4.585732	29.264765	0.316109	-1746.349948	
3.469000	0.685566	0.864157	4.583427	29.263892	0.335579	-1746.219010	
3.470000	0.833553	0.904637	4.580334	29.263204	0.214866	-1746.088527	
3.471000	0.922346	0.791292	4.576445	29.262605	0.425140	-1745.958529	
3.472000	0.909661	0.839869	4.571832	29.262013	0.355048	-1745.828979	
3.473000	0.732077	1.058463	4.566766	29.261594	0.296639	-1745.699776	
3.474000	0.989997	0.945118	4.561927	29.261634	0.335579	-1745.570767	
3.475000	0.884292	0.839869	4.558098	29.262198	0.370624	-1745.441774	
3.476000	0.846238	1.050367	4.555682	29.263104	0.355048	-1745.312622	
3.477000	0.939259	0.783196	4.554342	29.264159	0.320003	-1745.183163	
3.478000	0.973084	0.767004	4.553035	29.265316	0.238229	-1745.053303	
3.479000	1.032279	0.807484	4.551143	29.266597	0.082471	-1744.923000	
3.480000	0.905433	0.977502	4.549774	29.267997	0.378412	-1744.792263	
3.481000	0.833553	0.977502	4.550562	29.269572	0.199290	-1744.661171	
3.482000	0.880064	0.799388	4.553705	29.271355	0.203184	-1744.529871	
3.483000	0.926574	0.953214	4.558375	29.273237	0.222654	-1744.398540	
3.484000	0.854694	0.912733	4.563774	29.275139	0.207078	-1744.267362	
3.485000	0.765902	0.945118	4.569285	29.277196	0.312215	-1744.136489	
3.486000	1.040735	0.613178	4.574493	29.279673	0.316109	-1744.006029	
3.487000	0.901205	0.904637	4.579174	29.282643	0.323897	-1743.876039	
3.488000	0.854694	0.888445	4.582833	29.285936	0.358942	-1743.746522	
3.489000	0.909661	0.953214	4.584693	29.289376	0.253805	-1743.617420	
3.490000	0.947715	0.742716	4.584580	29.292959	0.300533	-1743.488618	
3.491000	0.875836	0.945118	4.583191	29.296745	0.277169	-1743.359958	
3.492000	0.892748	0.977502	4.581459	29.300727	0.409564	-1743.231259	
3.493000	0.761674	0.993694	4.580091	29.304889	0.339473	-1743.102346	
3.494000	0.909661	0.783196	4.579428	29.309189	0.144774	-1742.973089	
3.495000	0.905433	0.580794	4.579571	29.313508	0.308321	-1742.843410	
3.496000	1.002682	0.758908	4.580493	29.317756	0.203184	-1742.713280	
3.497000	0.803956	0.937022	4.581917	29.322028	0.179820	-1742.582730	
3.498000	1.023823	0.767004	4.583542	29.326554	0.292745	-1742.451860	
3.499000	0.875836	0.961310	4.585239	29.331417	0.300533	-1742.320829	
3.500000	0.943487	0.993694	4.586813	29.336455	0.242123	-1742.189818	0.000000
3.501000	0.896977	0.872253	4.588018	29.341504	0.214866	-1742.059004	
3.502000	1.061876	0.702235	4.588726	29.346591	0.008485	-1741.928536	
3.503000	0.858923	0.872253	4.588892	29.351816	0.261593	-1741.798510	
3.504000	0.926574	1.082751	4.588354	29.357167	0.179820	-1741.668975	
3.505000	0.816641	0.945118	4.586698	29.362569	0.242123	-1741.539925	
3.506000	0.935030	0.888445	4.583797	29.367928	0.035743	-1741.411292	
3.507000	0.871607	0.920829	4.580287	29.373127	0.444610	-1741.282954	
3.508000	0.918118	0.953214	4.577130	29.378084	0.281063	-1741.154745	
3.509000	0.774359	0.945118	4.575211	29.382860	0.335579	-1741.026481	
3.510000	0.935030	0.856061	4.575086	29.387665	0.312215	-1740.897995	
3.511000	0.778587	0.872253	4.576524	29.392597	0.487443	-1740.769162	
3.512000	0.977312	0.896541	4.578855	29.397512	0.393988	-1740.639914	
3.513000	0.994225	0.791292	4.581800	29.402263	0.257699	-1740.510236	
3.514000	1.028051	0.904637	4.585435	29.406908	0.117516	-1740.380186	
3.515000	0.922346	0.823676	4.589685	29.411588	0.300533	-1740.249891	
3.516000	0.905433	0.977502	4.594084	29.416292	0.288851	-1740.119515	
3.517000	0.863151	0.888445	4.597953	29.420886	0.238229	-1739.989239	
3.518000	0.964628	0.831773	4.600820	29.425222	0.125304	-1739.859236	
3.519000	0.989997	0.847965	4.602570	29.429177	0.296639	-1739.729646	
3.520000	0.994225	0.742716	4.603382	29.432673	0.144774	-1739.600551	
3.521000	0.888520	0.750812	4.603444	29.435748	0.331685	-1739.471981	
3.522000	0.935030	0.742716	4.602581	29.438613	0.292745	-1739.343910	
3.523000	0.951943	0.613178	4.600703	29.441399	0.304427	-1739.216251	
3.524000	0.922346	0.864157	4.598296	29.443997	0.304427	-1739.088867	
3.525000	0.918118	0.767004	4.596003	29.446292	0.242123	-1738.961588	
3.526000	0.930802	0.977502	4.594176	29.448401	0.172032	-1738.834239	
3.527000	0.960400	0.775100	4.592945	29.450528	0.273275	-1738.706671	
3.528000	0.825097	0.912733	4.592803	29.452684	0.347261	-1738.578775	
3.529000	0.951943	0.677947	4.594531	29.454707	0.199290	-1738.450492	
3.530000	0.791271	0.847965	4.597978	29.456420	0.140880	-1738.321827	
3.531000	0.947715	0.694139	4.602114	29.457717	0.269381	-1738.192854	
3.532000	0.901205	0.912733	4.606187	29.458539	0.238229	-1738.063707	
3.533000	0.905433	0.953214	4.609791	29.458905	0.300533	-1737.934545	
3.534000	0.753218	0.888445	4.612598	29.459002	0.355048	-1737.805535	
3.535000	0.930802	0.847965	4.614415	29.458967	0.335579	-1737.676830	
3.536000	0.939259	0.839869	4.614632	29.458696	0.397882	-1737.548544	
3.537000	0.951943	0.588890	4.612065	29.458086	0.304427	-1737.420741	
3.538000	0.896977	0.815580	4.606418	29.457290	0.246017	-1737.293441	
3.539000	1.087246	0.856061	4.598850	29.456553	0.207078	-1737.166601	
3.540000	0.892748	0.953214	4.590715	29.455899	0.195396	-1737.040115	
3.541000	0.939259	0.888445	4.582977	29.455155	0.261593	-1736.913831	
3.542000	0.837782	0.847965	4.576371	29.454139	0.136986	-1736.787584	
3.543000	1.036507	0.750812	4.571363	29.452761	0.316109	-1736.661215	
3.544000	0.896977	0.767004	4.568154	29.450983	0.183714	-1736.534596	
3.545000	0.896977	0.758908	4.566696	29.448827	0.475762	-1736.407641	
3.546000	0.744761	0.775100	4.566806	29.446480	0.378412	-1736.280308	
3.547000	0.896977	0.961310	4.568415	29.444089	0.210972	-1736.152618	
3.548000	0.858923	0.815580	4.571321	29.441567	0.390094	-1736.024662	
3.549000	0.854694	0.969406	4.574871	29.438833	0.308321	-1735.896580	
3.550000	0.643284	0.839869	4.578320	29.436066	0.261593	-1735.768538	
3.551000	1.011138	0.799388	4.581230	29.433545	0.296639	-1735.640696	
3.552000	0.884292	0.775100	4.583414	29.431311	0.401776	-1735.513189	
3.553000	0.863151	0.847965	4.584877	29.429177	0.351155	-1735.386103	
3.554000	0.926574	0.856061	4.585904	29.426950	0.164244	-1735.259485	
3.555000	0.998453	0.807484	4.586769	29.424559	0.218760	-1735.133337	
3.556000	0.960400	0.791292	4.587348	29.421987	0.195396	-1735.007594	
3.557000	0.884292	0.864157	4.587421	29.419248	0.351155	-1734.882129	
3.558000	0.706707	0.734620	4.587068	29.416486	0.242123	-1734.756781	
3.559000	0.909661	0.839869	4.586488	29.413812	0.179820	-1734.631379	
3.560000	0.977312	0.669851	4.585744	29.411131	0.277169	-1734.505770	
3.561000	0.947715	0.928926	4.584844	29.408360	0.191502	-1734.379835	
3.562000	0.710936	0.872253	4.583974	29.405677	0.288851	-1734.253507	
3.563000	0.994225	0.928926	4.583599	29.403372	0.230441	-1734.126770	
3.564000	0.892748	0.872253	4.584131	29.401504	0.187608	-1733.999675	
3.565000	0.875836	1.131328	4.585523	29.399895	0.405670	-1733.872335	
3.566000	0.854694	0.839869	4.587284	29.398357	0.281063	-1733.744902	
3.567000	0.926574	0.969406	4.588785	29.396837	0.144774	-1733.617549	
3.568000	0.926574	0.783196	4.589597	29.395344	0.242123	-1733.490436	
3.569000	0.799728	1.107039	4.589591	29.393884	0.296639	-1733.363677	
3.570000	0.651741	0.799388	4.588627	29.392546	0.230441	-1733.237341	
3.571000	0.833553	0.783196	4.586260	29.391394	0.203184	-1733.111456	
3.572000	0.964628	0.807484	4.582117	29.390321	0.300533	-1732.985995	
3.573000	0.854694	0.937022	4.576469	29.389247	0.234335	-1732.860867	
3.574000	0.634828	0.807484	4.570148	29.388326	0.222654	-1732.735927	
3.575000	0.964628	1.009886	4.564060	29.387832	0.273275	-1732.611000	
3.576000	0.939259	0.791292	4.558851	29.387823	0.304427	-1732.485916	
3.577000	0.884292	1.034175	4.555061	29.388115	0.269381	-1732.360532	
3.578000	0.964628	0.726523	4.553365	29.388520	0.265487	-1732.234754	
3.579000	1.028051	0.847965	4.553968	29.389009	0.316109	-1732.108541	
3.580000	1.011138	0.823676	4.555921	29.389624	0.175926	-1731.981909	
3.581000	0.795500	1.009886	4.558146	29.390362	0.199290	-1731.854933	
3.582000	0.719392	0.880349	4.560352	29.391258	0.249911	-1731.727748	
3.583000	0.842010	0.920829	4.562453	29.392316	0.082471	-1731.600524	
3.584000	0.960400	0.758908	4.564399	29.393428	0.355048	-1731.473442	
3.585000	0.930802	0.783196	4.566239	29.394508	0.358942	-1731.346658	
3.586000	0.782815	0.847965	4.567799	29.395678	0.347261	-1731.220277	
3.587000	0.901205	0.791292	4.568730	29.397195	0.335579	-1731.094360	
3.588000	0.913889	1.034175	4.568746	29.399149	0.393988	-1730.968917	
3.589000	0.808184	1.066559	4.567825	29.401378	0.273275	-1730.843898	
3.590000	0.884292	0.945118	4.566311	29.403715	0.281063	-1730.719185	
3.591000	0.981541	1.001790	4.564774	29.406165	0.094153	-1730.594624	
3.592000	0.935030	0.847965	4.563639	29.408807	0.355048	-1730.470042	
3.593000	0.871607	0.993694	4.562995	29.411632	0.347261	-1730.345267	
3.594000	0.842010	0.864157	4.562864	29.414600	0.378412	-1730.220168	
3.595000	0.858923	0.928926	4.563607	29.417650	0.191502	-1730.094667	
3.596000	1.019594	0.961310	4.566317	29.420663	0.370624	-1729.968743	
3.597000	0.960400	0.847965	4.572327	29.423551	0.199290	-1729.842434	
3.598000	0.774359	0.961310	4.581714	29.426379	0.168138	-1729.715835	
3.599000	1.028051	0.718427	4.592983	29.429355	0.222654	-1729.589093	
3.600000	0.896977	0.831773	4.604227	29.432565	0.238229	-1729.462383	0.000000
3.601000	0.922346	0.839869	4.614041	29.435858	0.304427	-1729.335878	
3.602000	0.930802	0.856061	4.621736	29.439082	0.261593	-1729.209724	
3.603000	1.019594	0.669851	4.627054	29.442289	0.059107	-1729.084013	
3.604000	0.981541	0.726523	4.629617	29.445608	0.277169	-1728.958779	
3.605000	0.913889	1.034175	4.628905	29.449034	0.425140	-1728.833983	
3.606000	0.858923	1.050367	4.624910	29.452460	0.273275	-1728.709524	
3.607000	0.871607	0.839869	4.618491	29.455760	0.133092	-1728.585250	
3.608000	0.896977	0.896541	4.610930	29.458816	0.355048	-1728.460974	
3.609000	0.880064	0.758908	4.603368	29.461548	0.292745	-1728.336494	
3.610000	0.842010	1.074655	4.596622	29.463998	0.253805	-1728.211618	
3.611000	1.087246	0.985598	4.591223	29.466369	0.234335	-1728.086201	
3.612000	0.837782	0.945118	4.587446	29.468777	0.378412	-1727.960154	
3.613000	0.905433	0.831773	4.585483	29.471093	0.339473	-1727.833444	
3.614000	0.829325	0.799388	4.585616	29.473186	0.214866	-1727.706105	
3.615000	1.028051	0.767004	4.587852	29.475146	0.066895	-1727.578237	
3.616000	0.905433	0.807484	4.591571	29.477142	0.257699	-1727.449983	
3.617000	0.960400	0.920829	4.595899	29.479172	0.308321	-1727.321502	
3.618000	0.892748	1.001790	4.600059	29.481086	0.214866	-1727.192946	
3.619000	0.973084	0.807484	4.603436	29.482725	0.078577	-1727.064432	
3.620000	0.964628	0.783196	4.605864	29.483978	0.246017	-1726.936036	
3.621000	0.956171	0.702235	4.607650	29.484779	0.191502	-1726.807780	
3.622000	0.850466	0.831773	4.608880	29.485159	0.253805	-1726.679627	
3.623000	0.905433	0.799388	4.609379	29.485317	0.234335	-1726.551469	
3.624000	0.896977	0.945118	4.609328	29.485386	0.316109	-1726.423150	
3.625000	0.926574	0.904637	4.609003	29.485256	0.273275	-1726.294491	
3.626000	0.880064	0.912733	4.608312	29.484824	0.183714	-1726.165305	
3.627000	0.918118	0.831773	4.607218	29.484228	0.063001	-1726.035435	
3.628000	1.028051	0.734620	4.605873	29.483699	0.308321	-1725.904770	
3.629000	0.833553	1.066559	4.603894	29.483262	0.425140	-1725.773246	
3.630000	0.909661	0.791292	4.600638	29.482749	0.362836	-1725.640857	
3.631000	0.905433	0.977502	4.596320	29.481982	0.109728	-1725.507669	
3.632000	0.973084	0.864157	4.591859	29.480859	0.183714	-1725.373811	
3.633000	0.905433	0.880349	4.587993	29.479330	0.187608	-1725.239444	
3.634000	0.913889	0.758908	4.585021	29.477411	0.281063	-1725.104731	
3.635000	0.829325	0.758908	4.582793	29.475287	0.323897	-1724.969818	
3.636000	0.930802	0.726523	4.580834	29.473094	0.312215	-1724.834815	
3.637000	0.994225	0.896541	4.578708	29.470737	0.249911	-1724.699789	
3.638000	0.989997	0.831773	4.576170	29.468127	0.281063	-1724.564749	
3.639000	0.803956	0.937022	4.573056	29.465440	0.140880	-1724.429641	
3.640000	1.019594	0.775100	4.569551	29.462946	0.179820	-1724.294348	
3.641000	0.863151	0.815580	4.566416	29.460686	0.308321	-1724.158711	
3.642000	0.943487	0.839869	4.564447	29.458483	0.253805	-1724.022551	
3.643000	0.875836	0.758908	4.563983	29.456147	0.125304	-1723.885701	
3.644000	1.053420	0.726523	4.565039	29.453597	0.253805	-1723.748031	
3.645000	0.892748	1.252769	4.567609	29.450808	0.172032	-1723.609459	
3.646000	0.896977	1.001790	4.572111	29.447798	0.296639	-1723.469943	
3.647000	0.639056	0.993694	4.579403	29.444733	0.347261	-1723.329503	
3.648000	0.863151	0.953214	4.589469	29.441743	0.175926	-1723.188231	
3.649000	0.858923	0.823676	4.600850	29.438737	0.440716	-1723.046274	
3.650000	0.939259	0.750812	4.611824	29.435630	0.160350	-1722.903803	
3.651000	0.706707	0.912733	4.621117	29.432606	0.316109	-1722.760987	
3.652000	1.032279	0.839869	4.627889	29.429952	0.226548	-1722.617966	
3.653000	0.901205	0.734620	4.631574	29.427726	0.386200	-1722.474834	
3.654000	0.985769	1.123232	4.631708	29.425743	0.316109	-1722.331640	
3.655000	0.858923	0.758908	4.628518	29.423812	0.121410	-1722.188382	
3.656000	1.028051	0.653659	4.623039	29.421865	0.160350	-1722.044997	
3.657000	0.935030	0.775100	4.616307	29.419893	0.249911	-1721.901362	
3.658000	0.951943	0.945118	4.609155	29.417903	0.246017	-1721.757318	
3.659000	0.723620	0.775100	4.602260	29.416014	0.090259	-1721.612693	
3.660000	0.901205	0.937022	4.596012	29.414317	0.136986	-1721.467335	
3.661000	0.964628	0.775100	4.590631	29.412716	0.390094	-1721.321140	
3.662000	0.909661	0.961310	4.586261	29.411132	0.144774	-1721.174047	
3.663000	0.715164	0.726523	4.582749	29.409738	0.222654	-1721.026045	
3.664000	1.002682	0.807484	4.579582	29.408822	0.382306	-1720.877184	
3.665000	0.833553	0.783196	4.576376	29.408452	0.323897	-1720.727581	
3.666000	0.867379	1.139424	4.573124	29.408447	0.316109	-1720.577393	
3.667000	0.880064	0.791292	4.570007	29.408620	0.238229	-1720.426795	
3.668000	0.905433	0.928926	4.567345	29.408932	0.117516	-1720.275958	
3.669000	0.956171	0.734620	4.565407	29.409409	0.281063	-1720.125015	
3.670000	0.909661	1.131328	4.564536	29.410047	0.386200	-1719.974043	
3.671000	0.761674	0.629370	4.565311	29.410894	0.522489	-1719.823076	
3.672000	0.787043	0.856061	4.567650	29.411974	0.246017	-1719.672093	
3.673000	0.973084	0.928926	4.570670	29.413174	0.323897	-1719.521014	
3.674000	0.867379	0.904637	4.573756	29.414403	0.288851	-1719.369702	
3.675000	0.765902	0.791292	4.576777	29.415788	0.203184	-1719.217989	
3.676000	1.032279	0.791292	4.579615	29.417585	0.148668	-1719.065710	
3.677000	0.964628	0.799388	4.581815	29.419868	0.269381	-1718.912726	
3.678000	0.930802	1.034175	4.582774	29.422467	0.281063	-1718.758953	
3.679000	0.960400	0.937022	4.582497	29.425204	0.055213	-1718.604357	
3.680000	0.973084	0.920829	4.581760	29.428076	0.086365	-1718.448964	
3.681000	0.947715	1.131328	4.581310	29.431149	0.261593	-1718.292863	
3.682000	0.858923	1.058463	4.581145	29.434417	0.210972	-1718.136196	
3.683000	0.808184	0.823676	4.580773	29.437872	0.234335	-1717.979138	
3.684000	0.875836	0.823676	4.579857	29.441481	0.148668	-1717.821874	
3.685000	0.960400	0.847965	4.578412	29.445131	0.331685	-1717.664572	
3.686000	0.892748	0.726523	4.576603	29.448741	0.265487	-1717.507349	
3.687000	0.791271	0.969406	4.574408	29.452413	0.284957	-1717.350266	
3.688000	0.935030	0.904637	4.571497	29.456382	0.300533	-1717.193332	
3.689000	0.837782	0.985598	4.567648	29.460731	0.335579	-1717.036494	
3.690000	0.922346	1.034175	4.563188	29.465296	0.401776	-1716.879643	
3.691000	0.935030	0.807484	4.558846	29.469910	0.316109	-1716.722628	
3.692000	0.985769	0.710331	4.555203	29.474597	0.164244	-1716.565284	
3.693000	0.973084	0.815580	4.552419	29.479457	0.136986	-1716.407459	
3.694000	0.918118	0.928926	4.550498	29.484477	0.257699	-1716.249031	
3.695000	0.867379	1.026079	4.549582	29.489573	0.288851	-1716.089931	
3.696000	0.913889	0.710331	4.549792	29.494645	-0.081076	-1715.930146	
3.697000	0.956171	0.864157	4.551004	29.499570	0.370624	-1715.769723	
3.698000	0.981541	0.767004	4.553009	29.504260	0.261593	-1715.608768	
3.699000	0.816641	0.783196	4.555592	29.508770	0.226548	-1715.447435	
3.700000	1.023823	0.596986	4.558435	29.513309	0.172032	-1715.285900	0.000000
3.701000	0.880064	0.839869	4.561342	29.517981	0.339473	-1715.124345	
3.702000	0.981541	1.026079	4.564276	29.522650	0.296639	-1714.962924	
3.703000	0.943487	0.920829	4.567355	29.527174	0.160350	-1714.801741	
3.704000	0.964628	0.767004	4.570779	29.531629	0.109728	-1714.640854	
3.705000	0.867379	0.847965	4.574230	29.536166	0.238229	-1714.480266	
3.706000	0.880064	0.864157	4.577022	29.540777	0.238229	-1714.319906	
3.707000	0.748989	0.912733	4.578957	29.545324	0.343367	-1714.159645	
3.708000	0.850466	0.856061	4.580341	29.549648	0.121410	-1713.999327	
3.709000	0.935030	0.718427	4.581415	29.553629	0.351155	-1713.838786	
3.710000	0.930802	0.872253	4.582112	29.557187	0.230441	-1713.677874	
3.711000	0.854694	0.937022	4.582357	29.560355	0.277169	-1713.516480	
3.712000	0.905433	0.920829	4.582424	29.563330	0.339473	-1713.354543	
3.713000	0.837782	0.767004	4.582759	29.566239	0.222654	-1713.192063	
3.714000	0.918118	0.839869	4.583601	29.568961	0.265487	-1713.029102	
3.715000	0.939259	0.718427	4.584957	29.571372	0.269381	-1712.865788	
3.716000	0.994225	0.856061	4.586675	29.573585	0.160350	-1712.702291	
3.717000	1.002682	0.767004	4.588530	29.575800	0.238229	-1712.538799	
3.718000	0.981541	0.896541	4.590351	29.578023	0.320003	-1712.375491	
3.719000	0.913889	0.775100	4.591850	29.580091	0.191502	-1712.212507	
3.720000	0.930802	0.596986	4.592839	29.581827	0.117516	-1712.049943	
3.721000	0.922346	0.799388	4.593367	29.583129	0.168138	-1711.887844	
3.722000	0.909661	0.823676	4.593155	29.583940	0.230441	-1711.726193	
3.723000	0.871607	0.758908	4.591925	29.584282	0.378412	-1711.564896	
3.724000	0.757446	0.839869	4.590131	29.584345	0.269381	-1711.403805	
3.725000	0.913889	0.758908	4.588598	29.584273	0.304427	-1711.242750	
3.726000	0.858923	0.856061	4.587947	29.583968	0.288851	-1711.081560	
3.727000	0.888520	0.710331	4.588374	29.583335	0.269381	-1710.920091	
3.728000	0.719392	0.937022	4.590049	29.582531	0.164244	-1710.758247	
3.729000	0.981541	0.750812	4.593557	29.581802	0.207078	-1710.595979	
3.730000	0.833553	0.953214	4.599126	29.581172	0.409564	-1710.433295	
3.731000	0.850466	1.042271	4.606021	29.580458	0.320003	-1710.270272	
3.732000	0.846238	0.831773	4.613137	29.579468	0.144774	-1710.107051	
3.733000	1.011138	0.742716	4.619526	29.578107	0.113622	-1709.943813	
3.734000	0.935030	0.653659	4.624524	29.576335	0.191502	-1709.780749	
3.735000	0.977312	0.791292	4.627817	29.574167	0.304427	-1709.618028	
3.736000	0.647513	0.580794	4.629269	29.571774	0.230441	-1709.455775	
3.737000	0.989997	1.034175	4.628830	29.569293	0.296639	-1709.294068	
3.738000	0.896977	0.815580	4.626993	29.566630	0.370624	-1709.132930	
3.739000	0.922346	0.839869	4.624612	29.563702	0.094153	-1708.972320	
3.740000	0.791271	0.847965	4.622139	29.560691	0.156456	-1708.812131	
3.741000	1.023823	0.710331	4.619744	29.557883	0.246017	-1708.652215	
3.742000	0.905433	0.791292	4.617608	29.555326	0.343367	-1708.492400	
3.743000	0.922346	0.977502	4.615776	29.552839	0.339473	-1708.332524	
3.744000	0.854694	0.872253	4.614147	29.550236	0.199290	-1708.172459	
3.745000	0.964628	0.758908	4.612507	29.547451	-0.053818	-1708.012131	
3.746000	0.892748	0.920829	4.610913	29.544475	0.140880	-1707.851509	
3.747000	0.791271	0.928926	4.610197	29.541325	0.288851	-1707.690611	
3.748000	0.651741	0.694139	4.611077	29.538144	0.269381	-1707.529525	
3.749000	0.930802	0.783196	4.613152	29.535044	0.246017	-1707.368395	
3.750000	0.994225	0.734620	4.615562	29.531928	0.413458	-1707.207398	
3.751000	0.888520	0.799388	4.617725	29.528720	0.234335	-1707.046713	
3.752000	0.719392	0.791292	4.619237	29.525604	0.172032	-1706.886488	
3.753000	0.994225	0.864157	4.619532	29.522870	0.355048	-1706.726827	
3.754000	0.968856	0.807484	4.617917	29.520573	0.308321	-1706.567785	
3.755000	0.854694	1.009886	4.614067	29.518528	0.351155	-1706.409362	
3.756000	0.884292	0.686043	4.608316	29.516540	0.133092	-1706.251498	
3.757000	0.994225	0.799388	4.601527	29.514557	0.121410	-1706.094076	
3.758000	0.989997	0.702235	4.594697	29.512592	0.308321	-1705.936946	
3.759000	0.846238	0.977502	4.588645	29.510654	0.296639	-1705.779945	
3.760000	0.727848	0.831773	4.583972	29.508846	0.253805	-1705.622923	
3.761000	0.787043	0.726523	4.580936	29.507238	0.183714	-1705.465775	
3.762000	0.918118	0.702235	4.579485	29.505735	0.351155	-1705.308445	
3.763000	0.795500	1.050367	4.579569	29.504256	0.230441	-1705.150919	
3.764000	0.748989	0.937022	4.581046	29.502950	0.246017	-1704.993239	
3.765000	0.926574	0.977502	4.583450	29.502088	0.222654	-1704.835514	
3.766000	0.901205	0.815580	4.586120	29.501735	0.374518	-1704.677897	
3.767000	0.782815	1.066559	4.588419	29.501715	0.425140	-1704.520563	
3.768000	0.956171	0.702235	4.589890	29.501844	0.323897	-1704.363679	
3.769000	0.994225	0.856061	4.590415	29.502094	0.164244	-1704.207382	
3.770000	0.968856	0.953214	4.590123	29.502510	0.136986	-1704.051755	
3.771000	0.812412	1.001790	4.589290	29.503087	0.358942	-1703.896825	
3.772000	0.765902	0.896541	4.588438	29.503845	0.257699	-1703.742569	
3.773000	0.985769	0.872253	4.587960	29.504777	0.129198	-1703.588907	
3.774000	0.994225	0.767004	4.587833	29.505768	0.355048	-1703.435712	
3.775000	0.951943	0.710331	4.587906	29.506731	0.246017	-1703.282827	
3.776000	0.837782	0.823676	4.588013	29.507778	0.300533	-1703.130088	
3.777000	1.095702	0.807484	4.588072	29.509157	0.331685	-1702.977359	
3.778000	0.825097	0.791292	4.588233	29.510954	0.281063	-1702.824548	
3.779000	0.867379	1.123232	4.588787	29.513006	0.230441	-1702.671611	
3.780000	0.913889	0.953214	4.589940	29.515146	0.195396	-1702.518554	
3.781000	1.019594	0.726523	4.591680	29.517388	0.117516	-1702.365447	
3.782000	0.989997	0.767004	4.593751	29.519816	0.281063	-1702.212416	
3.783000	0.922346	0.856061	4.595680	29.522419	0.284957	-1702.059617	
3.784000	0.778587	0.904637	4.597051	29.525144	0.281063	-1701.907222	
3.785000	0.918118	0.807484	4.597706	29.527915	0.101940	-1701.755389	
3.786000	0.858923	0.993694	4.597569	29.530616	0.429034	-1701.604240	
3.787000	0.922346	0.864157	4.596858	29.533165	0.226548	-1701.453839	
3.788000	0.715164	1.066559	4.596387	29.535636	0.292745	-1701.304193	
3.789000	1.049192	0.864157	4.596693	29.538252	0.242123	-1701.155248	
3.790000	0.913889	1.001790	4.597491	29.541112	0.242123	-1701.006889	
3.791000	0.935030	0.856061	4.598362	29.544072	0.327791	-1700.858968	
3.792000	0.875836	0.945118	4.599061	29.546981	0.191502	-1700.711321	
3.793000	1.099930	0.791292	4.599400	29.549893	0.113622	-1700.563800	
3.794000	0.922346	0.888445	4.599264	29.552941	0.351155	-1700.416288	
3.795000	0.913889	0.856061	4.598590	29.556117	0.242123	-1700.268711	
3.796000	0.765902	1.001790	4.597502	29.559302	0.277169	-1700.121042	
3.797000	0.947715	0.831773	4.596317	29.562362	0.059107	-1699.973313	
3.798000	0.964628	0.807484	4.595291	29.565176	0.308321	-1699.825626	
3.799000	0.901205	0.694139	4.594439	29.567665	0.234335	-1699.678129	
3.800000	0.888520	0.920829	4.593590	29.569874	0.210972	-1699.530994	0.000000
3.801000	1.019594	0.864157	4.592595	29.572009	0.214866	-1699.384392	
3.802000	0.901205	0.920829	4.591496	29.574191	0.269381	-1699.238466	
3.803000	0.964628	0.928926	4.590792	29.576298	0.366730	-1699.093310	
3.804000	0.888520	0.888445	4.591141	29.578206	0.320003	-1698.948968	
3.805000	0.973084	0.977502	4.592024	29.580011	0.098047	-1698.805433	
3.806000	0.892748	0.750812	4.592127	29.581899	0.269381	-1698.662633	
3.807000	0.909661	0.961310	4.591137	29.583872	0.425140	-1698.520436	
3.808000	0.922346	0.872253	4.589671	29.585778	0.269381	-1698.378677	
3.809000	0.930802	0.920829	4.588211	29.587450	0.160350	-1698.237189	
3.810000	0.926574	0.726523	4.586880	29.588774	0.358942	-1698.095823	
3.811000	0.909661	0.831773	4.585672	29.589685	0.125304	-1697.954464	
3.812000	0.880064	0.726523	4.584938	29.590204	0.164244	-1697.813041	
3.813000	0.922346	0.823676	4.585832	29.590523	0.207078	-1697.671534	
3.814000	0.977312	0.596986	4.589262	29.590778	0.136986	-1697.529991	
3.815000	0.977312	0.920829	4.594770	29.590860	0.323897	-1697.388526	
3.816000	1.015366	0.758908	4.601166	29.590664	0.234335	-1697.247301	
3.817000	0.913889	0.831773	4.607265	29.590335	0.129198	-1697.106495	
3.818000	0.994225	0.677947	4.612210	29.590109	0.277169	-1696.966283	
3.819000	0.833553	0.856061	4.615742	29.590010	0.187608	-1696.826794	
3.820000	0.943487	0.629370	4.617928	29.589864	0.253805	-1696.688107	
3.821000	0.803956	0.831773	4.618847	29.589486	0.327791	-1696.550255	
3.822000	1.019594	0.661755	4.618525	29.588780	0.172032	-1696.413214	
3.823000	0.833553	0.807484	4.616958	29.587704	0.300533	-1696.276890	
3.824000	0.951943	0.864157	4.614385	29.586273	0.312215	-1696.141135	
3.825000	0.698251	0.945118	4.611315	29.584669	0.101940	-1696.005775	
3.826000	0.867379	0.726523	4.608142	29.583030	0.292745	-1695.870639	
3.827000	0.854694	0.888445	4.605087	29.581262	0.362836	-1695.735579	
3.828000	0.918118	0.831773	4.602981	29.579272	0.207078	-1695.600492	
3.829000	0.795500	1.009886	4.603363	29.577228	0.164244	-1695.465318	
3.830000	0.960400	0.896541	4.606929	29.575397	0.335579	-1695.330052	
3.831000	0.909661	1.017982	4.612863	29.573813	0.320003	-1695.194759	
3.832000	0.968856	0.839869	4.619825	29.572292	0.234335	-1695.059568	
3.833000	0.913889	0.742716	4.626558	29.570638	0.187608	-1694.924651	
3.834000	1.032279	0.775100	4.632044	29.568767	0.172032	-1694.790194	
3.835000	0.956171	0.726523	4.635646	29.566649	0.222654	-1694.656361	
3.836000	0.875836	1.090847	4.636753	29.564295	0.316109	-1694.523267	
3.837000	0.706707	0.767004	4.634618	29.561862	0.339473	-1694.390975	
3.838000	0.922346	0.823676	4.629104	29.559474	0.288851	-1694.259501	
3.839000	0.973084	0.629370	4.621012	29.557041	0.304427	-1694.128801	
3.840000	0.905433	0.775100	4.611510	29.554481	0.129198	-1693.998763	
3.841000	0.753218	0.775100	4.601798	29.551978	0.222654	-1693.869228	
3.842000	1.002682	0.856061	4.592891	29.549820	0.269381	-1693.740018	
3.843000	0.850466	0.896541	4.585350	29.548062	0.323897	-1693.610956	
3.844000	0.812412	1.115135	4.579352	29.546520	0.308321	-1693.481899	
3.845000	0.842010	0.637467	4.575054	29.545003	0.374518	-1693.352756	
3.846000	0.884292	0.783196	4.572883	29.543451	0.199290	-1693.223485	
3.847000	0.985769	0.653659	4.573314	29.541860	0.386200	-1693.094099	
3.848000	0.896977	1.001790	4.576164	29.540238	0.257699	-1692.964675	
3.849000	0.748989	0.847965	4.580449	29.538697	0.210972	-1692.835348	
3.850000	0.850466	0.928926	4.585082	29.537325	0.292745	-1692.706290	
3.851000	0.951943	0.880349	4.589415	29.536021	0.281063	-1692.577683	
3.852000	0.850466	0.750812	4.593180	29.534701	0.355048	-1692.449676	
3.853000	0.715164	0.677947	4.596423	29.533526	0.269381	-1692.322365	
3.854000	1.057648	0.742716	4.599352	29.532774	0.226548	-1692.195796	
3.855000	0.943487	0.872253	4.601816	29.532508	0.246017	-1692.069966	
3.856000	0.943487	1.026079	4.603297	29.532546	0.355048	-1691.944807	
3.857000	0.896977	0.799388	4.603548	29.532701	0.164244	-1691.820199	
3.858000	1.002682	0.864157	4.602817	29.532939	0.016273	-1691.695989	
3.859000	0.956171	0.839869	4.601485	29.533291	0.273275	-1691.572009	
3.860000	0.846238	0.985598	4.599793	29.533749	0.347261	-1691.448098	
3.861000	0.744761	0.815580	4.597746	29.534345	0.366730	-1691.324131	
3.862000	0.854694	0.831773	4.594922	29.535085	0.230441	-1691.200033	
3.863000	0.909661	0.896541	4.590680	29.535859	0.460186	-1691.075781	
3.864000	0.888520	0.807484	4.585035	29.536586	0.347261	-1690.951411	
3.865000	0.719392	0.912733	4.578750	29.537399	0.273275	-1690.827025	
3.866000	1.011138	0.839869	4.572488	29.538560	0.253805	-1690.702770	
3.867000	0.896977	0.937022	4.566596	29.540141	0.347261	-1690.578813	
3.868000	0.871607	1.034175	4.561370	29.541970	0.218760	-1690.455319	
3.869000	0.850466	0.969406	4.557083	29.543871	0.358942	-1690.332413	
3.870000	0.956171	0.872253	4.554183	29.545841	0.086365	-1690.210174	
3.871000	0.930802	0.872253	4.553249	29.547946	0.214866	-1690.088635	
3.872000	0.960400	0.799388	4.554366	29.550174	0.308321	-1689.967773	
3.873000	0.795500	0.807484	4.556952	29.552499	0.355048	-1689.847502	
3.874000	0.981541	0.750812	4.560401	29.554873	0.055213	-1689.727691	
3.875000	0.926574	0.928926	4.564399	29.557182	0.339473	-1689.608182	
3.876000	0.964628	0.775100	4.568652	29.559343	0.121410	-1689.488806	
3.877000	0.702479	0.880349	4.572821	29.561445	0.222654	-1689.369415	
3.878000	0.998453	0.888445	4.576576	29.563721	0.183714	-1689.249900	
3.879000	0.871607	0.823676	4.579744	29.566262	0.327791	-1689.130202	
3.880000	0.989997	0.945118	4.582726	29.568919	0.323897	-1689.010318	
3.881000	0.825097	0.961310	4.586086	29.571537	0.351155	-1688.890314	
3.882000	1.036507	0.807484	4.589722	29.574162	0.179820	-1688.770320	
3.883000	0.901205	0.920829	4.593005	29.576909	0.284957	-1688.650502	
3.884000	0.892748	1.090847	4.595466	29.579775	0.246017	-1688.531031	
3.885000	0.710936	1.034175	4.597172	29.582675	0.401776	-1688.412060	
3.886000	0.909661	0.596986	4.598458	29.585506	0.144774	-1688.293700	
3.887000	0.960400	0.920829	4.599201	29.588146	0.343367	-1688.176013	
3.888000	0.930802	0.750812	4.598617	29.590505	0.417352	-1688.059005	
3.889000	0.803956	0.872253	4.596206	29.592620	0.370624	-1687.942621	
3.890000	1.006910	0.864157	4.592370	29.594690	0.199290	-1687.826748	
3.891000	0.901205	0.912733	4.587933	29.596817	0.269381	-1687.711234	
3.892000	0.935030	1.017982	4.583652	29.598867	0.273275	-1687.595911	
3.893000	0.905433	0.767004	4.579941	29.600701	0.152562	-1687.480616	
3.894000	0.998453	0.904637	4.576856	29.602399	0.105834	-1687.365220	
3.895000	0.956171	0.864157	4.574343	29.604120	0.339473	-1687.249643	
3.896000	0.956171	0.864157	4.572295	29.605863	0.382306	-1687.133849	
3.897000	0.913889	0.783196	4.570679	29.607486	0.284957	-1687.017858	
3.898000	1.011138	0.912733	4.569684	29.608838	0.059107	-1686.901769	
3.899000	0.989997	0.767004	4.569413	29.609807	0.222654	-1686.785733	
3.900000	0.922346	0.969406	4.569610	29.610329	0.277169	-1686.669926	0.000000
3.901000	0.875836	0.799388	4.569935	29.610443	0.214866	-1686.554513	
3.902000	0.854694	0.831773	4.570511	29.610353	0.339473	-1686.439631	
3.903000	0.951943	0.904637	4.571701	29.610194	0.327791	-1686.325370	
3.904000	0.880064	0.839869	4.573223	29.609855	0.347261	-1686.211769	
3.905000	0.905433	0.734620	4.574322	29.609224	0.331685	-1686.098820	
3.906000	0.854694	0.928926	4.574734	29.608430	0.179820	-1685.986450	
3.907000	1.049192	0.847965	4.574804	29.607686	0.397882	-1685.874531	
3.908000	0.867379	0.985598	4.574972	29.607010	0.296639	-1685.762901	
3.909000	0.896977	0.823676	4.575530	29.606238	0.304427	-1685.651385	
3.910000	0.858923	0.742716	4.576664	29.605191	0.109728	-1685.539825	
3.911000	1.015366	0.661755	4.578396	29.603766	0.179820	-1685.428108	
3.912000	0.913889	0.807484	4.580156	29.601903	0.183714	-1685.316165	
3.913000	0.939259	0.799388	4.580882	29.599615	0.308321	-1685.203977	
3.914000	0.863151	0.783196	4.580161	29.597083	0.253805	-1685.091593	
3.915000	0.964628	0.945118	4.578572	29.594442	0.265487	-1684.979131	
3.916000	0.922346	0.775100	4.576702	29.591595	0.386200	-1684.866756	
3.917000	0.930802	0.815580	4.574701	29.588448	0.242123	-1684.754647	
3.918000	0.816641	0.734620	4.572482	29.585164	0.078577	-1684.642973	
3.919000	1.015366	0.734620	4.569926	29.581998	0.175926	-1684.531866	
3.920000	0.935030	0.758908	4.566943	29.578980	0.253805	-1684.421397	
3.921000	0.858923	0.928926	4.563247	29.575934	0.284957	-1684.311591	
3.922000	0.905433	0.831773	4.558665	29.572674	0.187608	-1684.202423	
3.923000	1.036507	0.807484	4.553769	29.569118	0.195396	-1684.093807	
3.924000	0.884292	0.669851	4.549595	29.565237	0.207078	-1683.985604	
3.925000	0.825097	1.017982	4.546917	29.561051	0.378412	-1683.877636	
3.926000	0.732077	0.807484	4.545845	29.556734	0.269381	-1683.769720	
3.927000	0.896977	0.912733	4.545913	29.552418	0.210972	-1683.661703	
3.928000	0.951943	0.645563	4.546712	29.548008	0.370624	-1683.553477	
3.929000	0.854694	0.912733	4.548487	29.543416	0.230441	-1683.444984	
3.930000	0.787043	0.726523	4.551831	29.538825	0.265487	-1683.336217	
3.931000	1.057648	0.726523	4.556916	29.534517	0.160350	-1683.227247	
3.932000	0.985769	0.702235	4.563330	29.530539	0.218760	-1683.118204	
3.933000	0.892748	1.050367	4.570312	29.526708	0.335579	-1683.009256	
3.934000	0.951943	0.807484	4.577083	29.522832	0.063001	-1682.900582	
3.935000	0.964628	0.920829	4.583141	29.518843	0.242123	-1682.792348	
3.936000	0.964628	0.880349	4.588060	29.514732	0.331685	-1682.684672	
3.937000	0.892748	0.872253	4.591279	29.510512	0.261593	-1682.577616	
3.938000	0.715164	0.726523	4.592750	29.506310	0.187608	-1682.471189	
3.939000	0.888520	0.856061	4.593314	29.502225	0.090259	-1682.365346	
3.940000	0.998453	0.775100	4.593760	29.498158	0.335579	-1682.259978	
3.941000	0.846238	0.864157	4.594309	29.494033	0.183714	-1682.154930	
3.942000	0.698251	0.961310	4.595061	29.490033	0.300533	-1682.050017	
3.943000	0.968856	0.831773	4.596069	29.486452	0.281063	-1681.945060	
3.944000	0.850466	0.872253	4.597315	29.483354	0.265487	-1681.839907	
3.945000	0.867379	1.017982	4.599018	29.480556	0.460186	-1681.734460	
3.946000	0.922346	0.726523	4.601307	29.477870	0.222654	-1681.628672	
3.947000	0.998453	0.823676	4.603564	29.475249	0.160350	-1681.522560	
3.948000	0.960400	0.880349	4.605043	29.472707	0.121410	-1681.416209	
3.949000	0.837782	1.001790	4.605586	29.470241	0.312215	-1681.309760	
3.950000	0.723620	1.107039	4.605350	29.467918	0.210972	-1681.203381	
3.951000	0.901205	0.791292	4.604630	29.465775	0.059107	-1681.097249	
3.952000	0.968856	0.856061	4.603680	29.463704	0.265487	-1680.991518	
3.953000	0.875836	0.726523	4.602321	29.461623	0.343367	-1680.886286	
3.954000	0.732077	0.904637	4.599840	29.459683	0.210972	-1680.781600	
3.955000	1.074561	0.856061	4.595604	29.458161	0.156456	-1680.677452	
3.956000	0.896977	0.977502	4.589771	29.457134	0.292745	-1680.573770	
3.957000	0.947715	0.993694	4.583144	29.456431	0.397882	-1680.470425	
3.958000	0.846238	0.920829	4.576634	29.455875	0.277169	-1680.367257	
3.959000	1.036507	0.872253	4.571007	29.455454	0.175926	-1680.264091	
3.960000	0.892748	0.912733	4.566751	29.455224	0.230441	-1680.160764	
3.961000	0.880064	1.074655	4.563824	29.455180	0.370624	-1680.057141	
3.962000	0.736305	0.937022	4.561924	29.455337	0.281063	-1679.953137	
3.963000	0.935030	0.831773	4.561340	29.455682	0.004591	-1679.848729	
3.964000	0.863151	0.864157	4.562945	29.456104	0.429034	-1679.743961	
3.965000	0.989997	0.872253	4.566960	29.456515	0.273275	-1679.638938	
3.966000	0.744761	0.937022	4.572433	29.457021	0.323897	-1679.533811	
3.967000	1.032279	0.880349	4.578201	29.457855	0.343367	-1679.428749	
3.968000	0.812412	0.864157	4.583633	29.459096	0.362836	-1679.323917	
3.969000	0.939259	1.017982	4.588496	29.460579	0.284957	-1679.219446	
3.970000	0.913889	0.872253	4.592573	29.462136	0.183714	-1679.115416	
3.971000	1.044964	0.661755	4.595322	29.463777	-0.010985	-1679.011864	
3.972000	1.011138	0.694139	4.596170	29.465588	0.343367	-1678.908777	
3.973000	0.968856	1.058463	4.595112	29.467556	0.351155	-1678.806078	
3.974000	0.846238	0.928926	4.592697	29.469614	0.304427	-1678.703634	
3.975000	0.896977	0.880349	4.589664	29.471678	0.133092	-1678.601287	
3.976000	0.922346	0.880349	4.586701	29.473630	0.292745	-1678.498875	
3.977000	0.901205	0.928926	4.584348	29.475388	0.234335	-1678.396248	
3.978000	0.812412	0.880349	4.582722	29.477010	0.094153	-1678.293293	
3.979000	1.023823	0.758908	4.581402	29.478708	0.160350	-1678.189946	
3.980000	0.896977	0.750812	4.580122	29.480584	0.358942	-1678.086198	
3.981000	0.901205	1.034175	4.579163	29.482505	0.358942	-1677.982115	
3.982000	0.913889	0.807484	4.578806	29.484328	0.218760	-1677.877818	
3.983000	0.913889	0.977502	4.578986	29.486118	0.183714	-1677.773470	
3.984000	0.909661	0.880349	4.579542	29.488015	0.327791	-1677.669241	
3.985000	0.842010	1.155616	4.580450	29.490010	0.351155	-1677.565281	
3.986000	0.909661	0.856061	4.581637	29.491980	0.316109	-1677.461695	
3.987000	0.846238	0.718427	4.582834	29.493782	0.121410	-1677.358547	
3.988000	1.095702	0.702235	4.583803	29.495302	0.312215	-1677.255858	
3.989000	0.892748	0.920829	4.584424	29.496465	0.183714	-1677.153590	
3.990000	0.913889	0.872253	4.584689	29.497303	0.347261	-1677.051638	
3.991000	0.896977	0.856061	4.584856	29.498012	0.284957	-1676.949856	
3.992000	0.956171	1.026079	4.585230	29.498707	0.386200	-1676.848076	
3.993000	0.905433	0.920829	4.585775	29.499267	0.370624	-1676.746136	
3.994000	0.947715	0.758908	4.586308	29.499565	0.164244	-1676.643903	
3.995000	0.930802	0.499833	4.586880	29.499711	0.144774	-1676.541294	
3.996000	1.028051	0.799388	4.587367	29.499904	0.183714	-1676.438271	
3.997000	0.930802	0.993694	4.587201	29.500157	0.281063	-1676.334848	
3.998000	0.977312	0.928926	4.586162	29.500313	0.312215	-1676.231107	
3.999000	0.867379	0.904637	4.584606	29.500199	0.035743	-1676.127190	
4.000000	0.960400	0.880349	4.582810	29.499708	0.397882	-1676.023265	0.000000
4.001000	0.850466	0.791292	4.580904	29.498781	0.316109	-1675.919501	
4.002000	0.884292	0.799388	4.579143	29.497442	0.339473	-1675.816035	
4.003000	0.753218	0.758908	4.577885	29.495883	0.277169	-1675.712955	
4.004000	0.867379	0.993694	4.577455	29.494240	0.382306	-1675.610308	
4.005000	0.981541	0.815580	4.577892	29.492411	0.358942	-1675.508093	
4.006000	0.901205	0.904637	4.578814	29.490290	0.273275	-1675.406245	
4.007000	0.850466	0.750812	4.579834	29.488025	0.144774	-1675.304645	
4.008000	0.968856	0.823676	4.580961	29.485857	0.378412	-1675.203135	
4.009000	0.884292	0.758908	4.582383	29.483806	0.405670	-1675.101546	
4.010000	0.892748	0.872253	4.584187	29.481694	0.323897	-1674.999718	
4.011000	0.968856	0.783196	4.586503	29.479327	0.242123	-1674.897535	
4.012000	0.985769	0.937022	4.589442	29.476609	0.257699	-1674.794936	
4.013000	1.044964	0.799388	4.592435	29.473496	0.218760	-1674.691907	
4.014000	0.905433	0.896541	4.594317	29.470006	0.203184	-1674.588494	
4.015000	0.791271	0.791292	4.594629	29.466319	0.265487	-1674.484804	
4.016000	0.863151	0.831773	4.593895	29.462575	0.222654	-1674.380996	
4.017000	0.939259	0.847965	4.592656	29.458681	0.351155	-1674.277244	
4.018000	0.880064	0.896541	4.591103	29.454551	0.273275	-1674.173713	
4.019000	0.833553	0.896541	4.589348	29.450363	0.187608	-1674.070525	
4.020000	0.981541	0.815580	4.587629	29.446394	0.273275	-1673.967755	
4.021000	0.850466	0.758908	4.586488	29.442688	0.210972	-1673.865432	
4.022000	0.846238	0.872253	4.586602	29.439066	0.273275	-1673.763538	
4.023000	0.833553	0.686043	4.588119	29.435340	0.191502	-1673.661991	
4.024000	0.918118	0.815580	4.590669	29.431435	0.207078	-1673.560659	
4.025000	0.956171	0.847965	4.593955	29.427334	0.281063	-1673.459374	
4.026000	0.858923	1.082751	4.597780	29.423051	0.436822	-1673.357956	
4.027000	0.706707	0.758908	4.601982	29.418743	0.312215	-1673.256249	
4.028000	0.888520	0.985598	4.606261	29.414534	0.284957	-1673.154149	
4.029000	0.968856	0.661755	4.610015	29.410331	0.393988	-1673.051604	
4.030000	0.913889	0.791292	4.612908	29.406051	0.230441	-1672.948618	
4.031000	0.765902	0.937022	4.615089	29.401875	0.281063	-1672.845259	
4.032000	1.015366	0.807484	4.616663	29.398091	0.265487	-1672.741655	
4.033000	0.930802	0.856061	4.617492	29.394753	0.323897	-1672.637969	
4.034000	0.918118	0.985598	4.617521	29.391676	0.242123	-1672.534373	
4.035000	0.926574	0.734620	4.616755	29.388667	0.082471	-1672.431026	
4.036000	1.053420	0.702235	4.614865	29.385674	0.179820	-1672.328050	
4.037000	0.947715	0.775100	4.611155	29.382705	0.136986	-1672.225512	
4.038000	0.892748	1.017982	4.604995	29.379779	0.257699	-1672.123427	
4.039000	0.706707	0.896541	4.596368	29.377013	0.265487	-1672.021746	
4.040000	0.909661	0.799388	4.586121	29.374495	0.218760	-1671.920366	
4.041000	0.896977	0.896541	4.575540	29.372130	0.386200	-1671.819138	
4.042000	0.888520	0.742716	4.565816	29.369839	0.234335	-1671.717884	
4.043000	0.613687	0.945118	4.557869	29.367781	0.277169	-1671.616427	
4.044000	1.070333	0.718427	4.552324	29.366235	0.448504	-1671.514618	
4.045000	0.884292	0.710331	4.549152	29.365265	0.436822	-1671.412363	
4.046000	0.964628	0.920829	4.547722	29.364684	0.296639	-1671.309618	
4.047000	0.850466	0.726523	4.547749	29.364307	0.257699	-1671.206401	
4.048000	0.960400	0.823676	4.549309	29.364103	0.086365	-1671.102803	
4.049000	0.909661	0.823676	4.552069	29.364106	0.199290	-1670.998971	
4.050000	0.930802	0.920829	4.555511	29.364307	0.397882	-1670.895078	
4.051000	0.748989	0.856061	4.559415	29.364733	0.246017	-1670.791294	
4.052000	0.981541	0.758908	4.563774	29.365387	0.078577	-1670.687772	
4.053000	0.918118	0.831773	4.568245	29.366157	0.168138	-1670.584622	
4.054000	0.981541	0.637467	4.571915	29.366961	0.226548	-1670.481900	
4.055000	0.761674	0.872253	4.574039	29.367921	0.187608	-1670.379608	
4.056000	1.074561	0.605082	4.574628	29.369296	0.195396	-1670.277682	
4.057000	0.867379	0.872253	4.574189	29.371172	0.393988	-1670.176004	
4.058000	0.884292	1.042271	4.573304	29.373385	0.351155	-1670.074417	
4.059000	0.846238	0.710331	4.572295	29.375764	0.234335	-1669.972744	
4.060000	1.015366	0.896541	4.571067	29.378319	0.168138	-1669.870824	
4.061000	1.006910	0.807484	4.569338	29.381132	0.323897	-1669.768531	
4.062000	0.825097	1.017982	4.567088	29.384193	0.281063	-1669.665783	
4.063000	0.740533	0.734620	4.564519	29.387453	0.351155	-1669.562550	
4.064000	0.888520	0.856061	4.561792	29.390839	0.129198	-1669.458872	
4.065000	0.918118	0.637467	4.559216	29.394228	0.405670	-1669.354859	
4.066000	0.871607	0.856061	4.557198	29.397530	0.308321	-1669.250662	
4.067000	0.791271	0.896541	4.555903	29.400823	0.316109	-1669.146447	
4.068000	0.981541	0.896541	4.555233	29.404336	0.265487	-1669.042376	
4.069000	0.939259	0.742716	4.555036	29.408167	0.308321	-1668.938584	
4.070000	0.943487	0.686043	4.555254	29.412167	0.397882	-1668.835161	
4.071000	0.905433	0.710331	4.555761	29.416178	0.257699	-1668.732152	
4.072000	1.070333	1.017982	4.556195	29.420248	0.156456	-1668.629550	
4.073000	1.028051	0.864157	4.556283	29.424503	0.152562	-1668.527282	
4.074000	0.816641	1.155616	4.556185	29.428930	0.234335	-1668.425215	
4.075000	0.875836	0.977502	4.556322	29.433407	0.265487	-1668.323180	
4.076000	0.871607	0.888445	4.556930	29.437798	0.066895	-1668.221010	
4.077000	0.998453	0.783196	4.557910	29.441980	0.253805	-1668.118562	
4.078000	0.939259	0.839869	4.559221	29.445873	0.320003	-1668.015730	
4.079000	0.892748	0.856061	4.561053	29.449513	0.296639	-1667.912448	
4.080000	0.922346	0.872253	4.563535	29.453099	0.323897	-1667.808706	
4.081000	0.896977	0.799388	4.566605	29.456741	0.429034	-1667.704567	
4.082000	0.770130	1.050367	4.570013	29.460312	0.436822	-1667.600156	
4.083000	0.892748	0.904637	4.573326	29.463681	0.327791	-1667.495633	
4.084000	0.947715	0.783196	4.576064	29.466937	0.140880	-1667.391170	
4.085000	1.015366	0.742716	4.577903	29.470251	0.366730	-1667.286925	
4.086000	0.888520	0.961310	4.578776	29.473614	0.246017	-1667.183012	
4.087000	0.884292	1.034175	4.578760	29.476865	0.386200	-1667.079501	
4.088000	0.913889	0.937022	4.577972	29.479830	0.016273	-1666.976421	
4.089000	0.973084	0.783196	4.576623	29.482394	0.230441	-1666.873748	
4.090000	0.909661	0.888445	4.575007	29.484493	0.214866	-1666.771386	
4.091000	0.850466	1.050367	4.573454	29.486148	0.292745	-1666.669188	
4.092000	0.918118	0.694139	4.572287	29.487551	0.179820	-1666.566983	
4.093000	0.939259	0.839869	4.571668	29.488837	0.269381	-1666.464604	
4.094000	0.951943	0.767004	4.571593	29.489900	0.351155	-1666.361917	
4.095000	0.922346	0.937022	4.572037	29.490636	0.249911	-1666.258838	
4.096000	0.985769	0.783196	4.573164	29.491188	0.078577	-1666.155329	
4.097000	0.951943	1.009886	4.575427	29.491789	0.226548	-1666.051405	
4.098000	0.939259	0.823676	4.579071	29.492461	0.378412	-1665.947144	
4.099000	0.791271	0.993694	4.583650	29.493038	0.331685	-1665.842679	
4.100000	0.884292	0.694139	4.588418	29.493337	0.000697	-1665.738174	0.000000
4.101000	0.896977	0.823676	4.592854	29.493261	0.277169	-1665.633802	
4.102000	0.863151	0.750812	4.596798	29.492762	0.156456	-1665.529704	
4.103000	0.896977	0.920829	4.600341	29.491860	0.323897	-1665.425975	
4.104000	0.842010	0.961310	4.603481	29.490737	0.335579	-1665.322663	
4.105000	0.871607	0.815580	4.605824	29.489532	0.351155	-1665.219770	
4.106000	0.939259	0.791292	4.606870	29.488149	0.378412	-1665.117239	
4.107000	0.854694	0.758908	4.606572	29.486496	0.203184	-1665.014949	
4.108000	0.829325	0.815580	4.605372	29.484742	0.218760	-1664.912743	
4.109000	0.989997	0.928926	4.603752	29.483149	0.214866	-1664.810452	
4.110000	0.977312	0.767004	4.601923	29.481752	0.273275	-1664.707915	
4.111000	0.896977	1.009886	4.599914	29.480365	0.339473	-1664.605013	
4.112000	0.956171	0.880349	4.597700	29.478797	0.082471	-1664.501683	
4.113000	0.977312	0.904637	4.595358	29.476969	0.063001	-1664.397915	
4.114000	0.939259	0.864157	4.593257	29.474858	0.152562	-1664.293758	
4.115000	0.863151	0.945118	4.591821	29.472485	0.222654	-1664.189319	
4.116000	0.744761	0.896541	4.591132	29.470014	0.300533	-1664.084748	
4.117000	0.905433	0.831773	4.591038	29.467570	0.242123	-1663.980220	
4.118000	0.930802	0.872253	4.591448	29.465064	0.273275	-1663.875903	
4.119000	0.918118	0.856061	4.592260	29.462417	0.284957	-1663.771925	
4.120000	0.702479	0.953214	4.593272	29.459819	0.191502	-1663.668366	
4.121000	0.964628	0.864157	4.594157	29.457565	0.191502	-1663.565258	
4.122000	0.782815	0.880349	4.594395	29.455713	0.292745	-1663.462579	
4.123000	0.892748	0.904637	4.593756	29.454077	0.397882	-1663.360241	
4.124000	0.833553	1.042271	4.592731	29.452460	0.226548	-1663.258101	
4.125000	1.002682	0.928926	4.591966	29.450795	0.226548	-1663.155991	
4.126000	0.896977	0.758908	4.591662	29.449077	0.277169	-1663.053736	
4.127000	0.926574	0.864157	4.591918	29.447314	0.323897	-1662.951183	
4.128000	0.732077	0.807484	4.593048	29.445625	0.312215	-1662.848226	
4.129000	0.985769	0.605082	4.595200	29.444101	0.168138	-1662.744819	
4.130000	0.960400	0.686043	4.598240	29.442644	0.347261	-1662.640972	
4.131000	0.854694	0.726523	4.601934	29.441171	0.078577	-1662.536757	
4.132000	0.744761	0.896541	4.605914	29.439848	0.288851	-1662.432301	
4.133000	1.011138	0.823676	4.609717	29.438959	0.179820	-1662.327767	
4.134000	0.846238	0.791292	4.612905	29.438566	0.273275	-1662.223331	
4.135000	0.943487	0.864157	4.615202	29.438492	0.148668	-1662.119154	
4.136000	0.901205	0.888445	4.616606	29.438550	0.175926	-1662.015360	
4.137000	0.985769	0.783196	4.617396	29.438710	0.105834	-1661.912023	
4.138000	0.867379	0.856061	4.617707	29.439011	0.390094	-1661.809160	
4.139000	0.863151	1.220385	4.616840	29.439452	0.277169	-1661.706725	
4.140000	0.736305	0.912733	4.614041	29.440071	0.327791	-1661.604603	
4.141000	0.842010	0.888445	4.609719	29.440881	0.125304	-1661.502641	
4.142000	0.901205	0.799388	4.604973	29.441769	0.331685	-1661.400664	
4.143000	0.947715	0.831773	4.600764	29.442651	0.226548	-1661.298497	
4.144000	0.778587	0.856061	4.597704	29.443659	0.207078	-1661.195991	
4.145000	1.028051	0.904637	4.596149	29.445062	0.207078	-1661.093054	
4.146000	0.951943	0.799388	4.596062	29.446941	0.331685	-1660.989644	
4.147000	0.867379	1.147520	4.596810	29.449131	0.374518	-1660.885774	
4.148000	0.854694	0.686043	4.597743	29.451455	0.179820	-1660.781527	
4.149000	1.044964	0.799388	4.598574	29.453908	0.090259	-1660.677049	
4.150000	1.002682	0.629370	4.599061	29.456553	0.312215	-1660.572516	
4.151000	0.943487	1.017982	4.599142	29.459374	0.316109	-1660.468103	
4.152000	0.901205	0.686043	4.599179	29.462342	0.300533	-1660.363966	
4.153000	0.837782	1.123232	4.599672	29.465407	0.129198	-1660.260221	
4.154000	0.867379	0.734620	4.600783	29.468453	0.304427	-1660.156933	
4.155000	0.880064	0.880349	4.602187	29.471395	0.175926	-1660.054107	
4.156000	0.719392	0.791292	4.603489	29.474315	0.175926	-1659.951673	
4.157000	0.939259	0.847965	4.604530	29.477443	0.277169	-1659.849500	
4.158000	0.901205	0.847965	4.605271	29.480870	0.288851	-1659.747423	
4.159000	0.858923	1.034175	4.605667	29.484445	0.253805	-1659.645258	
4.160000	0.960400	0.799388	4.605411	29.488012	0.296639	-1659.542836	
4.161000	0.896977	0.945118	4.603883	29.491608	0.105834	-1659.440032	
4.162000	1.006910	0.807484	4.600731	29.495342	0.526383	-1659.336774	
4.163000	0.829325	1.277057	4.596294	29.499199	0.370624	-1659.233034	
4.164000	0.820869	0.969406	4.591205	29.503076	0.335579	-1659.128850	
4.165000	0.833553	0.880349	4.586022	29.506855	0.094153	-1659.024329	
4.166000	0.977312	0.839869	4.581183	29.510413	0.347261	-1658.919636	
4.167000	0.939259	0.807484	4.576890	29.513663	0.210972	-1658.814954	
4.168000	0.918118	0.783196	4.573251	29.516656	0.234335	-1658.710457	
4.169000	1.019594	0.653659	4.570438	29.519599	0.308321	-1658.606285	
4.170000	0.973084	0.791292	4.568279	29.522603	0.327791	-1658.502529	
4.171000	0.918118	0.953214	4.566207	29.525538	0.308321	-1658.399235	
4.172000	0.918118	0.864157	4.563913	29.528270	0.331685	-1658.296392	
4.173000	0.956171	0.937022	4.561511	29.530881	0.144774	-1658.193925	
4.174000	0.943487	0.831773	4.559258	29.533534	0.281063	-1658.091701	
4.175000	0.905433	0.977502	4.557508	29.536229	0.355048	-1657.989552	
4.176000	0.875836	0.856061	4.556459	29.538840	0.273275	-1657.887299	
4.177000	0.884292	0.653659	4.555891	29.541225	0.051319	-1657.784791	
4.178000	0.896977	0.953214	4.555580	29.543277	0.362836	-1657.681926	
4.179000	0.935030	0.710331	4.555739	29.544932	0.288851	-1657.578644	
4.180000	0.753218	1.001790	4.556788	29.546219	0.308321	-1657.474937	
4.181000	0.799728	0.791292	4.558931	29.547337	0.175926	-1657.370861	
4.182000	0.863151	0.969406	4.561978	29.548414	0.335579	-1657.266540	
4.183000	0.973084	0.839869	4.565395	29.549336	0.323897	-1657.162135	
4.184000	0.892748	0.831773	4.568592	29.549985	0.261593	-1657.057824	
4.185000	0.926574	0.807484	4.571200	29.550487	0.172032	-1656.953772	
4.186000	0.935030	0.856061	4.573052	29.551056	0.249911	-1656.850110	
4.187000	0.956171	0.880349	4.574066	29.551701	0.292745	-1656.746914	
4.188000	0.757446	1.098943	4.574256	29.552249	0.323897	-1656.644208	
4.189000	0.935030	0.750812	4.573700	29.552515	0.238229	-1656.541962	
4.190000	1.006910	0.823676	4.572585	29.552391	0.409564	-1656.440085	
4.191000	1.015366	0.799388	4.571310	29.551823	0.195396	-1656.338431	
4.192000	0.896977	0.815580	4.570245	29.550828	0.203184	-1656.236831	
4.193000	0.842010	0.694139	4.569528	29.549597	0.218760	-1656.135116	
4.194000	0.913889	0.904637	4.569240	29.548272	0.304427	-1656.033153	
4.195000	0.947715	0.823676	4.569554	29.546761	0.351155	-1655.930858	
4.196000	0.909661	0.799388	4.570849	29.544971	0.401776	-1655.828189	
4.197000	0.782815	0.718427	4.573670	29.543073	0.234335	-1655.725154	
4.198000	0.994225	0.839869	4.578088	29.541327	0.273275	-1655.621825	
4.199000	0.896977	0.799388	4.583422	29.539769	0.343367	-1655.518330	
4.200000	0.858923	0.888445	4.588744	29.538216	0.335579	-1655.414830	0.000000
4.201000	0.892748	0.880349	4.593279	29.536480	0.152562	-1655.311498	
4.202000	1.028051	0.839869	4.596601	29.534475	0.230441	-1655.208488	
4.203000	0.930802	0.912733	4.598713	29.532171	0.304427	-1655.105904	
4.204000	0.884292	0.791292	4.599920	29.529583	0.331685	-1655.003794	
4.205000	0.651741	0.734620	4.600403	29.526880	0.393988	-1654.902151	
4.206000	0.964628	0.831773	4.600038	29.524189	0.265487	-1654.800916	
4.207000	0.896977	0.823676	4.598858	29.521410	0.378412	-1654.699969	
4.208000	0.964628	0.750812	4.597224	29.518455	0.273275	-1654.599158	
4.209000	0.765902	0.856061	4.595567	29.515503	0.172032	-1654.498312	
4.210000	1.099930	0.775100	4.594248	29.512843	0.269381	-1654.397276	
4.211000	0.918118	0.742716	4.593455	29.510525	0.358942	-1654.295931	
4.212000	0.951943	0.872253	4.593575	29.508371	0.218760	-1654.194207	
4.213000	0.829325	0.742716	4.595125	29.506191	0.148668	-1654.092088	
4.214000	1.006910	0.734620	4.597523	29.503920	0.055213	-1653.989614	
4.215000	0.905433	0.775100	4.599626	29.501549	0.187608	-1653.886889	
4.216000	0.943487	0.888445	4.601109	29.499085	0.339473	-1653.784055	
4.217000	0.643284	0.839869	4.601978	29.496660	0.300533	-1653.681279	
4.218000	0.930802	0.758908	4.602145	29.494375	0.148668	-1653.578730	
4.219000	0.901205	0.750812	4.601724	29.492135	0.370624	-1653.476544	
4.220000	0.825097	0.621274	4.600620	29.489864	0.156456	-1653.374805	
4.221000	0.647513	0.945118	4.598308	29.487737	0.393988	-1653.273542	
4.222000	1.011138	0.985598	4.594848	29.486043	0.253805	-1653.172733	
4.223000	0.968856	0.937022	4.591097	29.484838	0.335579	-1653.072292	
4.224000	0.918118	1.042271	4.587822	29.483939	0.351155	-1652.972081	
4.225000	0.871607	0.758908	4.585488	29.483154	0.238229	-1652.871935	
4.226000	1.019594	0.912733	4.584350	29.482437	0.059107	-1652.771689	
4.227000	0.968856	0.742716	4.584489	29.481806	0.148668	-1652.671200	
4.228000	0.863151	0.928926	4.585990	29.481263	0.222654	-1652.570361	
4.229000	0.732077	0.686043	4.589036	29.480880	0.288851	-1652.469115	
4.230000	0.905433	0.896541	4.593679	29.480703	0.140880	-1652.367460	
4.231000	0.935030	0.726523	4.599580	29.480626	0.273275	-1652.265462	
4.232000	0.896977	0.710331	4.606090	29.480568	0.238229	-1652.163245	
4.233000	0.761674	0.726523	4.612432	29.480676	0.238229	-1652.060967	
4.234000	1.040735	0.807484	4.617939	29.481227	0.284957	-1651.958803	
4.235000	0.930802	0.807484	4.622161	29.482299	0.300533	-1651.856912	
4.236000	0.871607	0.945118	4.624689	29.483722	0.347261	-1651.755413	
4.237000	0.880064	0.872253	4.624895	29.485318	0.238229	-1651.654373	
4.238000	0.935030	0.872253	4.622060	29.487074	0.152562	-1651.553811	
4.239000	0.892748	0.669851	4.616331	29.489044	0.156456	-1651.453685	
4.240000	0.774359	0.896541	4.608928	29.491219	0.355048	-1651.353885	
4.241000	0.808184	0.767004	4.601169	29.493598	0.351155	-1651.254257	
4.242000	0.854694	0.896541	4.594017	29.496156	0.175926	-1651.154632	
4.243000	1.002682	0.937022	4.588087	29.498778	0.265487	-1651.054848	
4.244000	0.833553	0.969406	4.583579	29.501372	0.230441	-1650.954769	
4.245000	0.782815	0.937022	4.580031	29.504030	0.152562	-1650.854303	
4.246000	0.968856	0.734620	4.576116	29.506984	0.269381	-1650.753404	
4.247000	0.977312	0.791292	4.570699	29.510314	0.339473	-1650.652085	
4.248000	0.892748	1.171808	4.564096	29.513855	0.355048	-1650.550427	
4.249000	0.960400	0.734620	4.557451	29.517441	0.222654	-1650.448569	
4.250000	1.049192	0.904637	4.551577	29.521089	0.035743	-1650.346689	
4.251000	0.985769	0.839869	4.546794	29.524895	0.222654	-1650.244969	
4.252000	0.858923	1.009886	4.543238	29.528853	0.351155	-1650.143566	
4.253000	0.761674	0.864157	4.541031	29.532906	0.168138	-1650.042587	
4.254000	0.905433	0.645563	4.540025	29.536977	0.074683	-1649.942092	
4.255000	0.947715	0.872253	4.539740	29.540951	0.316109	-1649.842085	
4.256000	0.909661	0.896541	4.539859	29.544745	0.238229	-1649.742503	
4.257000	0.820869	1.066559	4.540484	29.548417	0.339473	-1649.643217	
4.258000	0.994225	0.985598	4.541993	29.552173	0.269381	-1649.544064	
4.259000	0.842010	1.034175	4.544799	29.556109	0.370624	-1649.444870	
4.260000	0.854694	1.017982	4.549048	29.560082	0.436822	-1649.345474	
4.261000	0.871607	1.001790	4.554490	29.563948	0.308321	-1649.245748	
4.262000	1.023823	0.953214	4.560628	29.567769	0.129198	-1649.145617	
4.263000	0.782815	0.904637	4.567009	29.571680	0.281063	-1649.045056	
4.264000	0.875836	1.082751	4.573381	29.575670	0.347261	-1648.944095	
4.265000	0.867379	0.961310	4.579600	29.579608	0.425140	-1648.842834	
4.266000	0.964628	0.775100	4.585388	29.583349	0.101940	-1648.741425	
4.267000	0.989997	0.750812	4.590285	29.586771	0.246017	-1648.640056	
4.268000	0.994225	0.775100	4.593907	29.589799	0.222654	-1648.538904	
4.269000	0.858923	0.896541	4.596142	29.592468	0.288851	-1648.438109	
4.270000	0.964628	0.758908	4.597039	29.594978	0.187608	-1648.337760	
4.271000	0.825097	0.937022	4.596534	29.597448	0.257699	-1648.237902	
4.272000	0.875836	0.904637	4.594515	29.599759	0.288851	-1648.138530	
4.273000	0.880064	1.123232	4.591220	29.601792	0.152562	-1648.039570	
4.274000	1.006910	0.920829	4.587350	29.603662	0.164244	-1647.940895	
4.275000	0.985769	0.783196	4.583637	29.605568	0.261593	-1647.842343	
4.276000	0.880064	0.953214	4.580418	29.607523	0.409564	-1647.743739	
4.277000	0.820869	0.920829	4.577772	29.609372	0.378412	-1647.644928	
4.278000	0.935030	1.026079	4.575763	29.610948	0.199290	-1647.545797	
4.279000	0.871607	0.799388	4.574317	29.612144	0.156456	-1647.446286	
4.280000	1.002682	0.888445	4.573198	29.612894	0.269381	-1647.346381	
4.281000	0.909661	0.621274	4.572227	29.613213	0.479655	-1647.246131	
4.282000	0.888520	0.839869	4.571472	29.613281	0.355048	-1647.145646	
4.283000	0.892748	0.783196	4.571051	29.613228	0.331685	-1647.045088	
4.284000	0.926574	0.920829	4.570875	29.612950	0.479655	-1646.944637	
4.285000	0.905433	0.831773	4.570875	29.612345	0.156456	-1646.844462	
4.286000	0.867379	0.864157	4.571086	29.611559	0.175926	-1646.744693	
4.287000	1.053420	0.613178	4.571324	29.610828	0.172032	-1646.645410	
4.288000	0.871607	0.864157	4.571470	29.610174	0.374518	-1646.546637	
4.289000	0.960400	0.815580	4.572078	29.609418	0.335579	-1646.448343	
4.290000	0.930802	0.856061	4.573738	29.608374	0.218760	-1646.350435	
4.291000	1.028051	0.726523	4.576310	29.606950	0.195396	-1646.252780	
4.292000	0.947715	0.864157	4.579343	29.605108	0.183714	-1646.155222	
4.293000	0.909661	0.920829	4.582378	29.602871	0.296639	-1646.057593	
4.294000	0.748989	0.953214	4.584917	29.600424	0.242123	-1645.959756	
4.295000	0.909661	0.783196	4.586749	29.597906	0.214866	-1645.861615	
4.296000	0.875836	0.783196	4.587847	29.595229	0.179820	-1645.763123	
4.297000	0.926574	0.621274	4.587866	29.592306	0.210972	-1645.664281	
4.298000	0.689795	0.783196	4.586709	29.589316	0.179820	-1645.565155	
4.299000	0.998453	0.726523	4.584920	29.586537	0.382306	-1645.465875	
4.300000	0.884292	0.920829	4.582936	29.584015	0.347261	-1645.366602	0.000000
4.301000	0.922346	1.009886	4.580704	29.581565	0.390094	-1645.267506	
4.302000	0.854694	0.864157	4.577985	29.578991	0.281063	-1645.168738	
4.303000	0.973084	0.880349	4.574814	29.576214	0.183714	-1645.070412	
4.304000	0.892748	0.815580	4.571670	29.573209	0.316109	-1644.972601	
4.305000	0.854694	0.831773	4.569037	29.569987	0.284957	-1644.875331	
4.306000	0.723620	0.912733	4.567039	29.566695	0.234335	-1644.778565	
4.307000	0.964628	0.856061	4.565730	29.563448	0.191502	-1644.682213	
4.308000	0.973084	0.791292	4.565328	29.560154	0.308321	-1644.586149	
4.309000	0.985769	0.831773	4.565906	29.556734	0.191502	-1644.490224	
4.310000	0.732077	0.702235	4.567228	29.553375	0.207078	-1644.394295	
4.311000	1.019594	0.872253	4.569092	29.550374	0.168138	-1644.298251	
4.312000	0.825097	0.742716	4.571667	29.547790	0.347261	-1644.202030	
4.313000	0.913889	1.131328	4.575182	29.545442	0.214866	-1644.105614	
4.314000	0.896977	0.750812	4.579406	29.543138	0.242123	-1644.009048	
4.315000	1.019594	0.839869	4.583842	29.540827	0.191502	-1643.912444	
4.316000	0.960400	0.783196	4.588051	29.538521	0.191502	-1643.815968	
4.317000	0.880064	1.026079	4.591613	29.536228	0.273275	-1643.719803	
4.318000	0.664425	0.807484	4.594255	29.534039	0.273275	-1643.624129	
4.319000	0.812412	0.872253	4.595920	29.532012	0.246017	-1643.529100	
4.320000	0.973084	0.945118	4.596185	29.530044	0.358942	-1643.434819	
4.321000	0.892748	0.864157	4.593963	29.528050	0.335579	-1643.341334	
4.322000	0.778587	0.912733	4.588592	29.526187	0.284957	-1643.248635	
4.323000	1.066105	0.831773	4.580708	29.524732	0.288851	-1643.156648	
4.324000	0.930802	0.783196	4.571670	29.523749	0.308321	-1643.065252	
4.325000	0.905433	0.993694	4.562759	29.523060	0.226548	-1642.974295	
4.326000	0.947715	0.661755	4.554823	29.522477	0.273275	-1642.883619	
4.327000	0.985769	0.831773	4.548386	29.521970	0.027955	-1642.793084	
4.328000	0.943487	0.847965	4.543825	29.521579	0.300533	-1642.702594	
4.329000	0.888520	1.050367	4.541461	29.521300	0.133092	-1642.612090	
4.330000	0.770130	0.839869	4.541571	29.521168	0.160350	-1642.521570	
4.331000	0.892748	0.758908	4.544196	29.521189	0.125304	-1642.431105	
4.332000	1.002682	0.847965	4.548960	29.521258	0.308321	-1642.340830	
4.333000	0.930802	0.783196	4.555096	29.521292	0.175926	-1642.250917	
4.334000	0.765902	0.856061	4.561710	29.521416	0.199290	-1642.161542	
4.335000	0.935030	0.904637	4.568009	29.521889	0.355048	-1642.072869	
4.336000	0.867379	0.920829	4.573414	29.522794	0.413458	-1641.985022	
4.337000	0.871607	1.115135	4.577773	29.523968	0.393988	-1641.898073	
4.338000	0.892748	1.196096	4.581310	29.525242	0.343367	-1641.812045	
4.339000	0.968856	0.750812	4.584281	29.526624	0.140880	-1641.726910	
4.340000	1.011138	0.896541	4.586826	29.528188	0.195396	-1641.642574	
4.341000	0.905433	0.993694	4.589035	29.529921	0.323897	-1641.558887	
4.342000	0.787043	1.001790	4.590968	29.531776	0.230441	-1641.475677	
4.343000	0.846238	0.815580	4.592623	29.533689	0.168138	-1641.392776	
4.344000	0.871607	0.864157	4.594023	29.535539	0.253805	-1641.310050	
4.345000	0.909661	0.718427	4.595353	29.537236	0.347261	-1641.227405	
4.346000	0.820869	0.702235	4.596867	29.538854	0.246017	-1641.144789	
4.347000	1.049192	0.645563	4.598530	29.540618	0.249911	-1641.062207	
4.348000	0.951943	0.904637	4.599975	29.542620	0.226548	-1640.979738	
4.349000	0.973084	0.969406	4.600808	29.544715	0.366730	-1640.897521	
4.350000	0.880064	0.839869	4.600764	29.546754	0.304427	-1640.815734	
4.351000	1.006910	0.872253	4.599731	29.548784	0.098047	-1640.734560	
4.352000	0.922346	0.847965	4.597695	29.550929	0.218760	-1640.654158	
4.353000	0.867379	1.026079	4.594764	29.553177	0.413458	-1640.574635	
4.354000	0.787043	0.847965	4.591006	29.555421	0.316109	-1640.496046	
4.355000	0.918118	0.888445	4.586066	29.557539	0.121410	-1640.418398	
4.356000	0.905433	0.993694	4.579564	29.559411	0.195396	-1640.341636	
4.357000	0.951943	0.864157	4.571876	29.560961	0.218760	-1640.265640	
4.358000	0.719392	1.017982	4.564002	29.562233	0.316109	-1640.190248	
4.359000	0.956171	0.904637	4.556931	29.563442	0.358942	-1640.115277	
4.360000	0.803956	0.880349	4.551427	29.564705	0.362836	-1640.040555	
4.361000	0.935030	1.034175	4.547946	29.565894	0.425140	-1639.965945	
4.362000	0.854694	0.856061	4.546133	29.566872	0.253805	-1639.891359	
4.363000	0.985769	0.847965	4.545088	29.567726	0.207078	-1639.816761	
4.364000	0.930802	0.896541	4.544728	29.568625	0.281063	-1639.742182	
4.365000	0.998453	0.920829	4.545571	29.569564	0.308321	-1639.667722	
4.366000	0.875836	0.920829	4.547477	29.570399	0.374518	-1639.593533	
4.367000	0.947715	0.799388	4.549955	29.570968	0.117516	-1639.519800	
4.368000	0.968856	0.880349	4.552838	29.571159	0.203184	-1639.446702	
4.369000	0.935030	0.872253	4.556193	29.570904	0.203184	-1639.374383	
4.370000	0.825097	1.155616	4.559752	29.570230	0.218760	-1639.302930	
4.371000	0.896977	0.710331	4.562817	29.569334	0.323897	-1639.232378	
4.372000	0.922346	0.661755	4.565249	29.568349	0.222654	-1639.162716	
4.373000	0.833553	0.856061	4.567518	29.567168	0.296639	-1639.093866	
4.374000	0.930802	0.758908	4.569893	29.565684	0.246017	-1639.025691	
4.375000	0.837782	0.904637	4.572484	29.564028	0.160350	-1638.958018	
4.376000	0.968856	0.872253	4.575364	29.562419	0.288851	-1638.890660	
4.377000	0.799728	1.123232	4.578359	29.560869	0.417352	-1638.823446	
4.378000	0.837782	0.993694	4.580673	29.559212	0.378412	-1638.756245	
4.379000	0.854694	0.823676	4.581090	29.557267	0.214866	-1638.688983	
4.380000	0.951943	0.807484	4.579298	29.554933	0.386200	-1638.621643	
4.381000	0.951943	0.912733	4.576219	29.552159	0.308321	-1638.554271	
4.382000	0.905433	0.880349	4.572830	29.548961	0.284957	-1638.486980	
4.383000	0.770130	0.912733	4.569595	29.545525	0.203184	-1638.419928	
4.384000	0.888520	0.864157	4.566702	29.541991	0.207078	-1638.353295	
4.385000	0.909661	0.856061	4.564205	29.538260	0.343367	-1638.287250	
4.386000	0.943487	0.823676	4.562039	29.534238	0.199290	-1638.221925	
4.387000	0.787043	0.896541	4.559902	29.530089	0.214866	-1638.157396	
4.388000	1.070333	0.661755	4.557302	29.526070	0.281063	-1638.093691	
4.389000	0.880064	0.775100	4.554072	29.522215	0.316109	-1638.030776	
4.390000	0.905433	0.896541	4.550668	29.518345	0.218760	-1637.968558	
4.391000	0.884292	0.977502	4.547879	29.514273	0.183714	-1637.906893	
4.392000	0.981541	0.815580	4.546329	29.509920	0.187608	-1637.845613	
4.393000	0.922346	0.839869	4.546291	29.505258	0.195396	-1637.784544	
4.394000	0.871607	0.864157	4.548023	29.500307	0.257699	-1637.723529	
4.395000	0.719392	0.823676	4.552033	29.495239	0.246017	-1637.662452	
4.396000	0.977312	0.775100	4.558566	29.490188	0.320003	-1637.601251	
4.397000	0.880064	0.775100	4.566737	29.485068	0.362836	-1637.539920	
4.398000	0.880064	0.791292	4.575125	29.479798	0.242123	-1637.478524	
4.399000	0.723620	0.937022	4.582931	29.474564	0.347261	-1637.417185	
4.400000	1.028051	0.920829	4.589746	29.469652	0.296639	-1637.356064	0.000000
4.401000	0.863151	0.864157	4.595230	29.465109	0.366730	-1637.295329	
4.402000	0.846238	1.090847	4.599312	29.460749	0.386200	-1637.235129	
4.403000	0.913889	0.864157	4.602325	29.456378	0.358942	-1637.175571	
4.404000	0.998453	0.888445	4.604855	29.451932	0.288851	-1637.116718	
4.405000	0.981541	0.694139	4.607093	29.447405	0.284957	-1637.058582	
4.406000	0.901205	0.993694	4.608708	29.442807	0.347261	-1637.001108	
4.407000	0.774359	0.831773	4.609508	29.438268	0.351155	-1636.944178	
4.408000	0.926574	0.815580	4.609721	29.433889	0.016273	-1636.887639	
4.409000	0.913889	0.726523	4.609760	29.429575	0.257699	-1636.831316	
4.410000	0.820869	0.896541	4.609899	29.425250	0.121410	-1636.775035	
4.411000	0.757446	0.831773	4.610092	29.421094	0.199290	-1636.718655	
4.412000	0.973084	1.017982	4.610367	29.417401	0.191502	-1636.662080	
4.413000	0.951943	0.556506	4.611332	29.414243	0.378412	-1636.605265	
4.414000	0.888520	1.009886	4.613708	29.411439	0.304427	-1636.548228	
4.415000	0.956171	0.896541	4.617452	29.408804	0.249911	-1636.491059	
4.416000	0.998453	0.758908	4.621768	29.406300	0.191502	-1636.433903	
4.417000	0.892748	0.791292	4.625702	29.403951	0.253805	-1636.376933	
4.418000	0.816641	1.074655	4.628414	29.401761	0.312215	-1636.320310	
4.419000	0.770130	1.009886	4.629271	29.399799	0.316109	-1636.264161	
4.420000	0.871607	0.847965	4.628455	29.398104	0.144774	-1636.208569	
4.421000	0.968856	0.856061	4.627079	29.396571	0.514701	-1636.153574	
4.422000	0.896977	0.775100	4.625844	29.395112	0.265487	-1636.099160	
4.423000	0.837782	0.799388	4.624481	29.393857	0.218760	-1636.045244	
4.424000	1.044964	0.726523	4.622774	29.393062	0.320003	-1635.991690	
4.425000	0.922346	0.888445	4.620862	29.392792	0.320003	-1635.938327	
4.426000	0.922346	0.993694	4.618837	29.392873	0.257699	-1635.884977	
4.427000	0.943487	0.815580	4.616740	29.393127	0.288851	-1635.831475	
4.428000	1.023823	0.993694	4.614549	29.393543	0.098047	-1635.777703	
4.429000	0.973084	0.920829	4.612143	29.394185	0.191502	-1635.723589	
4.430000	0.930802	0.767004	4.609545	29.395049	0.249911	-1635.669111	
4.431000	0.803956	0.775100	4.607103	29.396130	0.207078	-1635.614313	
4.432000	0.905433	0.847965	4.605152	29.397400	0.066895	-1635.559315	
4.433000	0.939259	1.026079	4.603558	29.398746	0.339473	-1635.504277	
4.434000	0.880064	0.831773	4.601975	29.400082	0.222654	-1635.449369	
4.435000	0.757446	1.090847	4.600182	29.401497	0.257699	-1635.394745	
4.436000	0.989997	0.653659	4.597997	29.403221	0.292745	-1635.340512	
4.437000	0.736305	0.961310	4.595347	29.405342	0.296639	-1635.286731	
4.438000	0.888520	0.920829	4.592141	29.407702	0.452398	-1635.233414	
4.439000	0.875836	0.839869	4.587995	29.410136	0.265487	-1635.180518	
4.440000	1.171810	0.896541	4.582784	29.412673	0.164244	-1635.127940	
4.441000	0.896977	0.847965	4.577117	29.415416	0.288851	-1635.075530	
4.442000	0.896977	1.017982	4.571747	29.418356	0.316109	-1635.023108	
4.443000	0.782815	0.945118	4.566954	29.421408	0.210972	-1634.970491	
4.444000	0.939259	0.718427	4.562642	29.424468	0.074683	-1634.917532	
4.445000	0.833553	0.767004	4.559041	29.427411	0.265487	-1634.864134	
4.446000	1.011138	0.888445	4.557053	29.430150	0.277169	-1634.810239	
4.447000	0.896977	0.928926	4.557307	29.432740	0.347261	-1634.755846	
4.448000	1.066105	0.775100	4.559445	29.435393	0.288851	-1634.701025	
4.449000	0.854694	0.953214	4.562650	29.438213	0.261593	-1634.645914	
4.450000	0.935030	0.904637	4.566324	29.441066	0.160350	-1634.590684	
4.451000	0.867379	0.815580	4.570344	29.443810	0.214866	-1634.535512	
4.452000	1.019594	0.815580	4.574674	29.446520	0.070789	-1634.480549	
4.453000	0.930802	0.937022	4.579023	29.449348	0.343367	-1634.425899	
4.454000	0.905433	1.090847	4.583191	29.452295	0.222654	-1634.371610	
4.455000	0.850466	0.888445	4.587330	29.455234	0.405670	-1634.317680	
4.456000	0.892748	0.912733	4.591518	29.458022	0.113622	-1634.264049	
4.457000	0.880064	0.767004	4.595379	29.460544	0.343367	-1634.210601	
4.458000	0.943487	0.807484	4.598481	29.462723	0.300533	-1634.157171	
4.459000	0.854694	0.904637	4.600762	29.464585	0.273275	-1634.103573	
4.460000	0.896977	0.969406	4.602506	29.466321	0.347261	-1634.049627	
4.461000	0.829325	0.880349	4.604017	29.468055	0.331685	-1633.995189	
4.462000	0.858923	1.042271	4.605271	29.469669	0.378412	-1633.940171	
4.463000	0.922346	0.904637	4.606237	29.471044	0.296639	-1633.884536	
4.464000	0.964628	0.783196	4.607161	29.472295	0.175926	-1633.828310	
4.465000	1.078789	0.758908	4.608101	29.473624	0.195396	-1633.771589	
4.466000	0.880064	0.953214	4.608693	29.475037	0.331685	-1633.714520	
4.467000	0.922346	0.880349	4.608401	29.476366	0.362836	-1633.657275	
4.468000	0.825097	0.750812	4.606768	29.477428	0.125304	-1633.600030	
4.469000	0.964628	0.791292	4.603598	29.478116	0.257699	-1633.542935	
4.470000	0.863151	0.823676	4.598940	29.478375	0.148668	-1633.486082	
4.471000	0.922346	0.977502	4.593040	29.478229	0.273275	-1633.429514	
4.472000	0.803956	0.912733	4.586521	29.477873	0.238229	-1633.373217	
4.473000	0.973084	0.856061	4.580157	29.477446	0.238229	-1633.317116	
4.474000	0.871607	0.896541	4.574451	29.476851	0.355048	-1633.261080	
4.475000	0.896977	0.896541	4.569702	29.475989	0.203184	-1633.204941	
4.476000	0.698251	0.928926	4.566124	29.475015	0.265487	-1633.148517	
4.477000	0.964628	0.847965	4.563840	29.474175	0.214866	-1633.091642	
4.478000	0.909661	0.888445	4.562871	29.473491	0.378412	-1633.034185	
4.479000	0.951943	0.896541	4.563105	29.472782	0.316109	-1632.976068	
4.480000	0.918118	0.847965	4.564433	29.471854	0.144774	-1632.917272	
4.481000	1.028051	0.847965	4.566741	29.470617	0.331685	-1632.857855	
4.482000	0.922346	0.912733	4.569729	29.469029	0.238229	-1632.797939	
4.483000	0.909661	1.026079	4.572912	29.467108	0.378412	-1632.737682	
4.484000	0.732077	0.831773	4.575891	29.465025	0.312215	-1632.677259	
4.485000	0.930802	0.912733	4.578497	29.462914	0.253805	-1632.616840	
4.486000	0.973084	0.677947	4.580548	29.460677	0.335579	-1632.556556	
4.487000	1.023823	0.726523	4.581878	29.458226	0.277169	-1632.496489	
4.488000	0.736305	0.572698	4.582702	29.455744	0.238229	-1632.436666	
4.489000	1.057648	0.920829	4.583407	29.453518	0.242123	-1632.377058	
4.490000	0.909661	0.920829	4.584142	29.451600	0.214866	-1632.317569	
4.491000	0.922346	1.042271	4.584948	29.449811	0.327791	-1632.258050	
4.492000	0.909661	0.758908	4.585859	29.447962	0.300533	-1632.198323	
4.493000	0.926574	0.985598	4.586692	29.445985	0.156456	-1632.138210	
4.494000	0.926574	0.742716	4.587202	29.443868	0.210972	-1632.077557	
4.495000	0.896977	0.904637	4.587846	29.441624	0.296639	-1632.016255	
4.496000	0.655969	0.767004	4.590050	29.439397	0.300533	-1631.954241	
4.497000	0.880064	0.912733	4.595003	29.437295	0.253805	-1631.891519	
4.498000	0.947715	0.969406	4.602498	29.435224	0.432928	-1631.828165	
4.499000	0.863151	0.904637	4.611240	29.433100	0.246017	-1631.764311	
4.500000	0.689795	0.839869	4.619728	29.431101	0.331685	-1631.700123	0.000000
4.501000	0.943487	0.831773	4.626836	29.429513	0.261593	-1631.635774	
4.502000	0.926574	0.807484	4.631989	29.428389	0.265487	-1631.571418	
4.503000	0.973084	1.058463	4.634698	29.427538	0.288851	-1631.507170	
4.504000	1.015366	0.750812	4.634250	29.426761	0.218760	-1631.443101	
4.505000	1.057648	0.896541	4.630343	29.426002	0.242123	-1631.379236	
4.506000	1.057648	0.791292	4.623640	29.425272	0.238229	-1631.315533	
4.507000	0.922346	0.815580	4.615403	29.424575	0.284957	-1631.251884	
4.508000	0.672882	0.904637	4.606896	29.424001	0.296639	-1631.188136	
4.509000	0.863151	0.758908	4.599105	29.423613	0.027955	-1631.124120	
4.510000	0.947715	0.904637	4.592666	29.423308	0.234335	-1631.059671	
4.511000	0.922346	0.791292	4.587821	29.423005	0.168138	-1630.994653	
4.512000	0.740533	0.928926	4.584539	29.422870	0.292745	-1630.928971	
4.513000	0.960400	0.823676	4.582726	29.423192	0.094153	-1630.862580	
4.514000	0.947715	0.750812	4.582203	29.424053	0.382306	-1630.795497	
4.515000	0.833553	0.856061	4.582670	29.425277	0.343367	-1630.727813	
4.516000	0.820869	0.880349	4.583762	29.426683	0.300533	-1630.659673	
4.517000	1.019594	0.783196	4.585138	29.428239	0.179820	-1630.591248	
4.518000	0.968856	0.896541	4.586638	29.429982	0.281063	-1630.522706	
4.519000	0.892748	0.977502	4.588111	29.431903	0.277169	-1630.454184	
4.520000	0.778587	1.001790	4.589309	29.434023	0.281063	-1630.385773	
4.521000	0.935030	0.661755	4.590057	29.436339	0.043531	-1630.317523	
4.522000	0.985769	0.823676	4.590238	29.438737	0.273275	-1630.249434	
4.523000	0.939259	0.742716	4.589829	29.441130	0.175926	-1630.181441	
4.524000	0.736305	0.945118	4.589062	29.443635	0.300533	-1630.113414	
4.525000	1.083017	0.847965	4.588344	29.446505	0.207078	-1630.045188	
4.526000	0.901205	0.823676	4.587957	29.449817	0.339473	-1629.976590	
4.527000	0.947715	0.839869	4.588027	29.453405	0.273275	-1629.907458	
4.528000	0.854694	0.734620	4.588750	29.457099	0.210972	-1629.837678	
4.529000	1.146440	0.661755	4.590207	29.460911	0.074683	-1629.767187	
4.530000	0.981541	0.758908	4.592155	29.464925	0.246017	-1629.695976	
4.531000	0.930802	0.856061	4.594333	29.469134	0.296639	-1629.624096	
4.532000	0.782815	1.074655	4.596601	29.473488	0.386200	-1629.551655	
4.533000	0.871607	0.928926	4.598670	29.477920	0.156456	-1629.478810	
4.534000	0.892748	0.815580	4.600171	29.482315	0.312215	-1629.405735	
4.535000	0.892748	0.677947	4.601016	29.486584	0.284957	-1629.332595	
4.536000	0.761674	0.847965	4.601320	29.490794	0.234335	-1629.259513	
4.537000	1.116843	0.937022	4.601111	29.495162	0.331685	-1629.186562	
4.538000	0.985769	0.912733	4.600166	29.499777	0.273275	-1629.113776	
4.539000	0.943487	1.082751	4.597937	29.504491	0.296639	-1629.041131	
4.540000	0.791271	0.904637	4.594154	29.509153	0.257699	-1628.968542	
4.541000	0.994225	0.961310	4.589381	29.513814	0.090259	-1628.895871	
4.542000	0.989997	0.742716	4.584548	29.518604	0.253805	-1628.822955	
4.543000	0.926574	0.904637	4.580328	29.523501	0.246017	-1628.749624	
4.544000	0.896977	0.677947	4.577061	29.528378	0.296639	-1628.675732	
4.545000	0.947715	0.726523	4.574956	29.533090	0.090259	-1628.601189	
4.546000	1.036507	0.758908	4.574441	29.537517	0.238229	-1628.525954	
4.547000	0.833553	0.872253	4.576334	29.541583	0.105834	-1628.450036	
4.548000	0.850466	0.912733	4.580870	29.545330	0.277169	-1628.373509	
4.549000	0.930802	0.953214	4.586970	29.548961	0.214866	-1628.296501	
4.550000	0.888520	0.775100	4.593157	29.552591	0.234335	-1628.219176	
4.551000	0.913889	0.912733	4.598376	29.556097	0.405670	-1628.141707	
4.552000	0.951943	0.775100	4.601987	29.559355	0.253805	-1628.064246	
4.553000	0.896977	0.831773	4.603494	29.562468	0.125304	-1627.986906	
4.554000	0.968856	0.702235	4.602276	29.565621	0.304427	-1627.909750	
4.555000	0.816641	1.115135	4.597901	29.568816	0.304427	-1627.832791	
4.556000	0.892748	0.775100	4.590652	29.571891	0.222654	-1627.755979	
4.557000	0.778587	0.912733	4.581492	29.574674	0.129198	-1627.679205	
4.558000	0.994225	0.872253	4.571735	29.577045	0.386200	-1627.602321	
4.559000	0.837782	0.969406	4.562579	29.578939	0.316109	-1627.525152	
4.560000	0.905433	0.823676	4.554785	29.580372	0.390094	-1627.447531	
4.561000	0.888520	0.880349	4.548811	29.581535	0.273275	-1627.369323	
4.562000	0.964628	0.767004	4.544513	29.582557	0.172032	-1627.290452	
4.563000	0.968856	0.847965	4.540955	29.583331	0.390094	-1627.210895	
4.564000	0.939259	0.726523	4.537626	29.583754	0.284957	-1627.130683	
4.565000	0.880064	0.758908	4.534936	29.583974	0.101940	-1627.049913	
4.566000	1.019594	0.839869	4.533212	29.584227	0.109728	-1626.968733	
4.567000	0.858923	0.912733	4.532409	29.584541	0.296639	-1626.887317	
4.568000	0.913889	0.969406	4.532380	29.584750	0.210972	-1626.805838	
4.569000	0.909661	0.694139	4.532843	29.584675	0.160350	-1626.724446	
4.570000	0.964628	0.799388	4.533428	29.584225	0.133092	-1626.643245	
4.571000	0.981541	0.548410	4.533851	29.583361	0.191502	-1626.562288	
4.572000	0.888520	1.001790	4.534002	29.582109	0.261593	-1626.481567	
4.573000	0.748989	0.775100	4.534044	29.580662	0.312215	-1626.401007	
4.574000	0.825097	0.985598	4.534389	29.579162	0.296639	-1626.320479	
4.575000	0.846238	0.823676	4.535410	29.577517	0.397882	-1626.239819	
4.576000	0.863151	0.896541	4.537168	29.575632	0.355048	-1626.158849	
4.577000	0.829325	0.758908	4.539620	29.573678	0.253805	-1626.077405	
4.578000	0.964628	0.880349	4.542760	29.571922	0.467974	-1625.995364	
4.579000	0.909661	0.718427	4.546180	29.570400	0.284957	-1625.912655	
4.580000	0.935030	0.977502	4.549243	29.568926	0.347261	-1625.829264	
4.581000	0.951943	0.904637	4.552039	29.567307	0.292745	-1625.745254	
4.582000	0.947715	0.758908	4.555267	29.565460	0.203184	-1625.660756	
4.583000	0.947715	0.758908	4.559204	29.563357	0.261593	-1625.575940	
4.584000	0.858923	0.969406	4.563594	29.561007	0.226548	-1625.490988	
4.585000	0.816641	0.734620	4.568161	29.558566	0.257699	-1625.406067	
4.586000	0.901205	0.799388	4.572587	29.556159	0.226548	-1625.321318	
4.587000	1.066105	0.758908	4.576334	29.553694	0.429034	-1625.236830	
4.588000	0.901205	0.880349	4.579228	29.551095	0.098047	-1625.152647	
4.589000	0.727848	1.009886	4.581981	29.548548	0.242123	-1625.068747	
4.590000	1.049192	0.969406	4.585284	29.546344	0.210972	-1624.985042	
4.591000	0.892748	0.953214	4.589093	29.544540	0.358942	-1624.901388	
4.592000	0.829325	1.090847	4.593162	29.542949	0.312215	-1624.817608	
4.593000	0.905433	0.928926	4.597289	29.541381	0.199290	-1624.733523	
4.594000	0.977312	0.815580	4.601243	29.539780	0.183714	-1624.648985	
4.595000	0.909661	0.750812	4.604984	29.538147	0.284957	-1624.563892	
4.596000	0.888520	1.009886	4.608629	29.536487	0.378412	-1624.478191	
4.597000	0.727848	1.034175	4.612096	29.534899	0.467974	-1624.391880	
4.598000	0.858923	0.791292	4.615203	29.533455	0.331685	-1624.305033	
4.599000	0.888520	0.831773	4.617837	29.532053	0.409564	-1624.217785	
4.600000	0.935030	0.718427	4.619779	29.530609	0.242123	-1624.130306	0.000000
4.601000	0.723620	0.783196	4.620681	29.529283	0.242123	-1624.042774	
4.602000	1.087246	0.758908	4.620136	29.528356	0.288851	-1623.955349	
4.603000	0.960400	1.017982	4.618246	29.527894	0.382306	-1623.868154	
4.604000	0.981541	1.017982	4.616351	29.527715	0.210972	-1623.781263	
4.605000	0.913889	0.864157	4.615941	29.527631	0.156456	-1623.694701	
4.606000	1.006910	0.742716	4.617087	29.527608	0.117516	-1623.608432	
4.607000	0.905433	0.864157	4.619061	29.527679	0.253805	-1623.522355	
4.608000	0.922346	0.985598	4.621417	29.527842	0.187608	-1623.436318	
4.609000	0.677110	0.864157	4.623870	29.528145	0.242123	-1623.350148	
4.610000	0.994225	0.775100	4.626124	29.528606	0.047425	-1623.263680	
4.611000	0.875836	0.880349	4.628089	29.529118	0.343367	-1623.176786	
4.612000	0.960400	0.758908	4.629456	29.529601	0.312215	-1623.089379	
4.613000	0.643284	0.758908	4.629434	29.530190	0.316109	-1623.001415	
4.614000	0.989997	0.791292	4.627695	29.531150	0.320003	-1622.912912	
4.615000	0.765902	1.131328	4.624762	29.532561	0.452398	-1622.823952	
4.616000	0.909661	1.123232	4.621229	29.534250	0.335579	-1622.734677	
4.617000	0.892748	0.993694	4.617396	29.536040	0.257699	-1622.645254	
4.618000	1.036507	0.767004	4.613456	29.537922	0.117516	-1622.555861	
4.619000	0.913889	0.686043	4.609467	29.539961	0.288851	-1622.466645	
4.620000	0.867379	0.993694	4.605388	29.542142	0.323897	-1622.377704	
4.621000	0.757446	0.726523	4.601008	29.544440	0.257699	-1622.289093	
4.622000	0.973084	0.799388	4.595700	29.546807	0.136986	-1622.200821	
4.623000	0.943487	1.066559	4.589216	29.549125	0.246017	-1622.112831	
4.624000	0.922346	0.847965	4.582407	29.551306	0.222654	-1622.025000	
4.625000	0.825097	0.880349	4.576453	29.553433	0.351155	-1621.937167	
4.626000	0.998453	0.710331	4.572120	29.555738	0.234335	-1621.849155	
4.627000	0.905433	0.694139	4.569708	29.558321	0.347261	-1621.760807	
4.628000	0.951943	0.928926	4.569151	29.561033	0.436822	-1621.672006	
4.629000	0.913889	0.767004	4.570097	29.563723	0.210972	-1621.582683	
4.630000	1.015366	0.937022	4.572070	29.566433	0.105834	-1621.492824	
4.631000	0.913889	0.872253	4.574733	29.569283	0.296639	-1621.402476	
4.632000	0.858923	1.066559	4.577809	29.572265	0.351155	-1621.311742	
4.633000	0.803956	0.831773	4.580830	29.575279	0.281063	-1621.220775	
4.634000	0.787043	0.775100	4.583421	29.578207	0.129198	-1621.129747	
4.635000	0.968856	0.758908	4.585496	29.580929	0.355048	-1621.038828	
4.636000	0.892748	0.888445	4.586977	29.583360	0.284957	-1620.948149	
4.637000	0.896977	0.993694	4.587583	29.585543	0.316109	-1620.857787	
4.638000	0.930802	0.977502	4.586893	29.587678	0.320003	-1620.767775	
4.639000	0.884292	0.904637	4.584713	29.589873	0.397882	-1620.678093	
4.640000	0.799728	0.928926	4.581386	29.591995	0.335579	-1620.588655	
4.641000	0.951943	0.710331	4.577678	29.593906	0.136986	-1620.499325	
4.642000	0.943487	0.750812	4.574439	29.595681	0.168138	-1620.409941	
4.643000	1.040735	0.750812	4.572173	29.597481	0.210972	-1620.320339	
4.644000	0.918118	0.969406	4.570815	29.599304	0.284957	-1620.230375	
4.645000	0.930802	0.961310	4.569970	29.601009	0.253805	-1620.139952	
4.646000	0.880064	0.977502	4.569302	29.602448	0.113622	-1620.049026	
4.647000	0.935030	0.823676	4.568745	29.603509	0.195396	-1619.957613	
4.648000	0.884292	0.669851	4.568366	29.604128	0.296639	-1619.865787	
4.649000	0.871607	0.912733	4.568049	29.604332	0.304427	-1619.773679	
4.650000	0.884292	0.888445	4.567576	29.604320	0.230441	-1619.681449	
4.651000	0.875836	0.904637	4.566946	29.604228	0.351155	-1619.589273	
4.652000	0.909661	0.888445	4.566325	29.603950	0.323897	-1619.497308	
4.653000	0.833553	0.718427	4.565750	29.603379	0.230441	-1619.405667	
4.654000	0.820869	0.953214	4.565133	29.602643	0.226548	-1619.314417	
4.655000	0.964628	0.945118	4.564589	29.601957	0.207078	-1619.223575	
4.656000	0.875836	0.961310	4.564495	29.601331	0.320003	-1619.133087	
4.657000	0.875836	0.969406	4.565022	29.600588	0.362836	-1619.042838	
4.658000	0.850466	0.864157	4.566043	29.599544	0.105834	-1618.952674	
4.659000	0.951943	0.912733	4.567496	29.598093	0.308321	-1618.862425	
4.660000	0.960400	0.742716	4.569396	29.596182	0.238229	-1618.771928	
4.661000	0.935030	0.888445	4.571633	29.593832	0.249911	-1618.681049	
4.662000	0.880064	0.880349	4.573773	29.591232	0.257699	-1618.589705	
4.663000	0.905433	0.872253	4.575120	29.588522	0.222654	-1618.497868	
4.664000	0.935030	0.872253	4.575462	29.585609	0.390094	-1618.405567	
4.665000	0.846238	0.856061	4.575194	29.582402	0.210972	-1618.312896	
4.666000	0.842010	0.823676	4.574515	29.579072	0.207078	-1618.220005	
4.667000	0.935030	0.920829	4.573476	29.575885	0.277169	-1618.127071	
4.668000	0.981541	0.750812	4.572544	29.572880	0.300533	-1618.034273	
4.669000	0.858923	0.912733	4.572186	29.569879	0.281063	-1617.941760	
4.670000	0.909661	0.524121	4.572174	29.566698	0.304427	-1617.849638	
4.671000	0.846238	0.904637	4.571878	29.563258	0.327791	-1617.757965	
4.672000	0.935030	0.847965	4.570836	29.559532	0.238229	-1617.666739	
4.673000	0.820869	0.961310	4.568947	29.555536	0.253805	-1617.575887	
4.674000	0.664425	0.896541	4.566475	29.551432	0.288851	-1617.485276	
4.675000	0.880064	0.823676	4.563891	29.547346	0.300533	-1617.394741	
4.676000	0.981541	0.783196	4.561706	29.543183	0.339473	-1617.304106	
4.677000	0.896977	0.710331	4.560296	29.538855	0.253805	-1617.213211	
4.678000	0.672882	0.807484	4.559727	29.534545	0.370624	-1617.121939	
4.679000	1.040735	0.775100	4.559753	29.530535	0.281063	-1617.030224	
4.680000	0.913889	0.807484	4.560095	29.526873	0.308321	-1616.938056	
4.681000	0.888520	0.977502	4.560795	29.523374	0.335579	-1616.845489	
4.682000	0.951943	0.775100	4.561996	29.519840	0.187608	-1616.752644	
4.683000	1.015366	0.750812	4.563477	29.516205	0.035743	-1616.659691	
4.684000	1.032279	0.799388	4.564873	29.512467	0.172032	-1616.566813	
4.685000	0.922346	0.904637	4.565980	29.508642	0.253805	-1616.474185	
4.686000	0.744761	0.880349	4.566638	29.504859	0.253805	-1616.381945	
4.687000	0.977312	0.758908	4.567110	29.501219	0.207078	-1616.290185	
4.688000	0.909661	0.847965	4.568332	29.497628	0.522489	-1616.198949	
4.689000	0.905433	0.783196	4.570889	29.494011	0.261593	-1616.108220	
4.690000	0.643284	1.017982	4.574360	29.490547	0.207078	-1616.017904	
4.691000	1.036507	0.775100	4.578068	29.487527	0.261593	-1615.927851	
4.692000	0.829325	0.896541	4.581655	29.485020	0.199290	-1615.837881	
4.693000	0.850466	1.001790	4.584799	29.482845	0.331685	-1615.747816	
4.694000	0.896977	0.856061	4.587033	29.480815	0.261593	-1615.657502	
4.695000	1.099930	0.977502	4.588060	29.478891	0.101940	-1615.566839	
4.696000	0.981541	0.864157	4.587935	29.477099	0.277169	-1615.475773	
4.697000	0.863151	0.969406	4.587065	29.475439	0.300533	-1615.384303	
4.698000	0.664425	0.669851	4.586072	29.473971	0.366730	-1615.292493	
4.699000	0.909661	0.775100	4.585349	29.472729	0.109728	-1615.200480	
4.700000	0.939259	0.775100	4.584893	29.471601	0.320003	-1615.108438	0.000000
4.701000	1.044964	0.767004	4.584616	29.470496	0.246017	-1615.016551	
4.702000	0.787043	0.856061	4.584507	29.469542	0.335579	-1614.924981	
4.703000	1.104158	0.912733	4.584454	29.468998	0.144774	-1614.833851	
4.704000	0.901205	0.775100	4.584267	29.468938	0.144774	-1614.743236	
4.705000	0.901205	0.888445	4.583778	29.469193	0.257699	-1614.653156	
4.706000	0.863151	0.839869	4.582878	29.469587	0.218760	-1614.563571	
4.707000	1.053420	0.661755	4.581755	29.470110	0.066895	-1614.474378	
4.708000	0.956171	0.831773	4.580870	29.470823	0.156456	-1614.385424	
4.709000	0.922346	1.131328	4.580726	29.471714	0.257699	-1614.296530	
4.710000	0.748989	0.945118	4.581822	29.472763	0.140880	-1614.207520	
4.711000	0.930802	0.872253	4.584490	29.473931	0.074683	-1614.118260	
4.712000	0.913889	0.953214	4.588744	29.475103	0.351155	-1614.028664	
4.713000	0.782815	0.669851	4.594457	29.476193	0.308321	-1613.938691	
4.714000	0.748989	0.815580	4.601383	29.477290	0.320003	-1613.848349	
4.715000	1.006910	0.993694	4.608933	29.478621	0.246017	-1613.757715	
4.716000	0.892748	0.839869	4.616206	29.480269	0.312215	-1613.666926	
4.717000	0.922346	1.001790	4.622403	29.482075	0.335579	-1613.576150	
4.718000	0.918118	0.767004	4.627158	29.483878	0.249911	-1613.485561	
4.719000	1.074561	0.823676	4.630412	29.485708	0.047425	-1613.395316	
4.720000	1.095702	0.726523	4.632311	29.487668	0.288851	-1613.305523	
4.721000	0.880064	1.098943	4.633045	29.489748	0.288851	-1613.216237	
4.722000	0.854694	0.726523	4.632484	29.491863	0.284957	-1613.127461	
4.723000	0.956171	0.928926	4.630486	29.493910	0.101940	-1613.039130	
4.724000	0.977312	0.629370	4.627408	29.495771	0.390094	-1612.951124	
4.725000	0.901205	0.669851	4.623871	29.497364	0.226548	-1612.863282	
4.726000	0.905433	0.742716	4.620337	29.498751	0.199290	-1612.775423	
4.727000	0.947715	0.856061	4.617042	29.500144	0.199290	-1612.687379	
4.728000	0.956171	0.888445	4.614138	29.501652	0.284957	-1612.599026	
4.729000	0.837782	1.260865	4.612043	29.503143	0.304427	-1612.510288	
4.730000	0.854694	1.017982	4.611701	29.504480	0.253805	-1612.421140	
4.731000	0.930802	0.888445	4.613804	29.505741	0.133092	-1612.331622	
4.732000	0.985769	0.847965	4.617920	29.507083	0.292745	-1612.241839	
4.733000	0.825097	0.985598	4.622873	29.508499	0.370624	-1612.151942	
4.734000	0.905433	0.880349	4.627547	29.509853	0.261593	-1612.062100	
4.735000	0.901205	0.847965	4.631248	29.510986	0.156456	-1611.972486	
4.736000	0.985769	0.847965	4.633464	29.511783	0.249911	-1611.883242	
4.737000	0.871607	0.969406	4.633657	29.512168	0.320003	-1611.794455	
4.738000	0.858923	1.058463	4.631475	29.512168	0.148668	-1611.706162	
4.739000	0.799728	0.758908	4.626970	29.511971	0.203184	-1611.618345	
4.740000	0.896977	0.710331	4.620609	29.511695	0.257699	-1611.530923	
4.741000	0.918118	0.807484	4.613221	29.511221	0.296639	-1611.443761	
4.742000	0.994225	0.839869	4.605717	29.510431	0.156456	-1611.356690	
4.743000	0.977312	0.928926	4.598784	29.509453	0.035743	-1611.269541	
4.744000	1.019594	0.880349	4.593001	29.508502	0.074683	-1611.182169	
4.745000	0.842010	0.839869	4.588733	29.507597	0.304427	-1611.094470	
4.746000	0.884292	0.977502	4.585653	29.506574	0.284957	-1611.006386	
4.747000	0.909661	0.726523	4.583204	29.505254	0.191502	-1610.917914	
4.748000	0.968856	0.653659	4.581248	29.503537	0.343367	-1610.829121	
4.749000	0.875836	0.839869	4.579735	29.501371	0.288851	-1610.740135	
4.750000	0.842010	1.017982	4.578470	29.498779	0.257699	-1610.651110	
4.751000	0.770130	0.904637	4.577293	29.495954	0.261593	-1610.562218	
4.752000	0.833553	1.009886	4.576101	29.493040	0.253805	-1610.473617	
4.753000	0.939259	0.783196	4.574911	29.489944	0.347261	-1610.385427	
4.754000	0.842010	1.066559	4.574117	29.486572	0.335579	-1610.297713	
4.755000	0.850466	0.742716	4.574080	29.483085	0.273275	-1610.210491	
4.756000	0.935030	0.847965	4.574466	29.479740	0.288851	-1610.123712	
4.757000	0.888520	0.880349	4.574680	29.476565	0.417352	-1610.037265	
4.758000	0.884292	1.058463	4.574580	29.473374	0.281063	-1609.950997	
4.759000	0.930802	0.758908	4.574338	29.469974	0.230441	-1609.864739	
4.760000	0.977312	0.896541	4.574140	29.466277	0.269381	-1609.778330	
4.761000	0.994225	0.775100	4.574158	29.462251	0.172032	-1609.691644	
4.762000	0.918118	0.985598	4.574422	29.457916	0.269381	-1609.604594	
4.763000	0.715164	0.872253	4.574646	29.453443	0.175926	-1609.517140	
4.764000	0.896977	0.920829	4.574474	29.448967	0.238229	-1609.429301	
4.765000	0.956171	0.645563	4.573921	29.444399	0.238229	-1609.341164	
4.766000	0.909661	0.823676	4.573229	29.439657	0.203184	-1609.252870	
4.767000	0.774359	0.807484	4.572460	29.434927	0.230441	-1609.164585	
4.768000	0.977312	0.799388	4.571450	29.430497	0.281063	-1609.076481	
4.769000	0.880064	0.847965	4.569908	29.426421	0.308321	-1608.988706	
4.770000	0.867379	1.171808	4.567559	29.422521	0.323897	-1608.901361	
4.771000	0.842010	1.050367	4.564153	29.418608	0.133092	-1608.814499	
4.772000	0.892748	1.058463	4.559423	29.414615	0.226548	-1608.728122	
4.773000	0.956171	0.904637	4.553523	29.410535	0.249911	-1608.642165	
4.774000	0.880064	0.888445	4.547222	29.406381	0.296639	-1608.556495	
4.775000	0.736305	0.839869	4.541452	29.402293	0.343367	-1608.470948	
4.776000	0.842010	0.742716	4.536918	29.398377	0.234335	-1608.385352	
4.777000	0.947715	0.847965	4.534014	29.394538	0.339473	-1608.299555	
4.778000	0.947715	0.856061	4.533003	29.390696	0.187608	-1608.213437	
4.779000	0.677110	0.726523	4.533970	29.387025	0.148668	-1608.126925	
4.780000	0.981541	0.726523	4.536850	29.383812	0.296639	-1608.039998	
4.781000	0.896977	0.888445	4.541824	29.381109	0.261593	-1607.952699	
4.782000	1.074561	0.928926	4.548811	29.378729	0.362836	-1607.865141	
4.783000	0.922346	0.799388	4.556904	29.376481	0.160350	-1607.777485	
4.784000	1.006910	0.758908	4.564954	29.374322	0.133092	-1607.689915	
4.785000	0.935030	0.839869	4.572082	29.372270	0.269381	-1607.602610	
4.786000	0.956171	1.009886	4.577649	29.370332	0.261593	-1607.515709	
4.787000	0.626372	0.985598	4.581315	29.368586	0.284957	-1607.429295	
4.788000	0.901205	0.864157	4.582955	29.367084	0.214866	-1607.343409	
4.789000	0.795500	0.783196	4.582439	29.365722	0.343367	-1607.258035	
4.790000	0.985769	0.856061	4.579955	29.364417	0.133092	-1607.173083	
4.791000	0.639056	0.937022	4.576363	29.363318	0.312215	-1607.088404	
4.792000	1.044964	0.815580	4.572712	29.362692	0.374518	-1607.003820	
4.793000	0.884292	1.009886	4.569621	29.362610	0.339473	-1606.919152	
4.794000	0.956171	1.074655	4.567252	29.362891	0.382306	-1606.834247	
4.795000	0.770130	0.791292	4.565777	29.363352	0.335579	-1606.748998	
4.796000	1.044964	0.872253	4.565454	29.363971	0.160350	-1606.663350	
4.797000	0.926574	0.588890	4.566144	29.364793	0.207078	-1606.577302	
4.798000	0.846238	0.969406	4.567429	29.365810	0.327791	-1606.490919	
4.799000	0.774359	0.807484	4.569003	29.367033	0.226548	-1606.404327	
4.800000	0.968856	0.831773	4.570557	29.368454	0.101940	-1606.317700	0.000000
4.801000	0.985769	0.839869	4.571777	29.369959	0.257699	-1606.231228	
4.802000	1.002682	0.864157	4.572434	29.371461	0.238229	-1606.145082	
4.803000	0.727848	0.856061	4.572272	29.373071	0.358942	-1606.059384	
4.804000	1.083017	0.702235	4.571039	29.375035	0.246017	-1605.974202	
4.805000	0.905433	0.856061	4.569134	29.377433	0.210972	-1605.889554	
4.806000	0.896977	1.026079	4.568015	29.380100	0.277169	-1605.805398	
4.807000	0.896977	0.775100	4.568869	29.382868	0.226548	-1605.721626	
4.808000	0.989997	0.864157	4.571561	29.385751	0.094153	-1605.638088	
4.809000	0.968856	0.734620	4.575479	29.388840	0.374518	-1605.554613	
4.810000	0.880064	1.017982	4.580107	29.392120	0.335579	-1605.471025	
4.811000	0.782815	0.799388	4.584900	29.395525	0.304427	-1605.387180	
4.812000	0.833553	0.847965	4.589547	29.398967	0.136986	-1605.302986	
4.813000	0.901205	0.750812	4.594321	29.402323	0.429034	-1605.218398	
4.814000	0.939259	0.904637	4.599641	29.405506	0.249911	-1605.133428	
4.815000	0.871607	0.847965	4.605280	29.408580	0.214866	-1605.048148	
4.816000	1.006910	0.864157	4.610366	29.411762	0.323897	-1604.962696	
4.817000	0.968856	0.799388	4.614070	29.415153	0.327791	-1604.877244	
4.818000	0.875836	0.953214	4.616019	29.418610	0.312215	-1604.791974	
4.819000	0.960400	0.815580	4.616135	29.421981	0.249911	-1604.707042	
4.820000	1.015366	0.953214	4.614576	29.425320	0.066895	-1604.622559	
4.821000	0.998453	0.734620	4.611692	29.428759	0.195396	-1604.538586	
4.822000	0.871607	1.163712	4.607753	29.432289	0.296639	-1604.455122	
4.823000	0.926574	0.718427	4.602970	29.435797	0.160350	-1604.372102	
4.824000	0.905433	0.799388	4.597784	29.439156	0.051319	-1604.289407	
4.825000	0.985769	0.799388	4.592868	29.442253	0.226548	-1604.206885	
4.826000	0.880064	0.880349	4.588790	29.445013	0.292745	-1604.124364	
4.827000	0.905433	1.042271	4.585791	29.447479	0.300533	-1604.041673	
4.828000	0.782815	0.791292	4.583625	29.449860	0.312215	-1603.958680	
4.829000	0.892748	1.001790	4.581781	29.452282	0.323897	-1603.875300	
4.830000	0.901205	0.904637	4.580388	29.454626	0.355048	-1603.791500	
4.831000	0.858923	0.726523	4.580183	29.456767	0.249911	-1603.707313	
4.832000	1.011138	0.742716	4.581467	29.458804	0.160350	-1603.622842	
4.833000	0.985769	0.872253	4.583911	29.460921	0.308321	-1603.538236	
4.834000	0.854694	1.058463	4.586996	29.463118	0.320003	-1603.453667	
4.835000	0.863151	1.001790	4.590316	29.465236	0.429034	-1603.369302	
4.836000	0.863151	0.896541	4.593723	29.467102	0.125304	-1603.285281	
4.837000	0.926574	1.001790	4.597218	29.468600	0.281063	-1603.201698	
4.838000	0.985769	0.596986	4.600810	29.469661	0.117516	-1603.118596	
4.839000	0.892748	0.928926	4.604393	29.470306	0.308321	-1603.035959	
4.840000	0.880064	0.710331	4.607630	29.470726	0.179820	-1602.953707	
4.841000	0.913889	0.945118	4.610150	29.471058	0.246017	-1602.871707	
4.842000	0.968856	0.880349	4.611849	29.471199	0.230441	-1602.789797	
4.843000	0.850466	0.904637	4.612902	29.471047	0.199290	-1602.707806	
4.844000	0.871607	0.888445	4.613644	29.470744	0.172032	-1602.625584	
4.845000	0.994225	0.977502	4.614311	29.470516	0.175926	-1602.543018	
4.846000	0.901205	0.653659	4.614893	29.470381	0.277169	-1602.460040	
4.847000	0.816641	0.928926	4.615446	29.470162	0.331685	-1602.376639	
4.848000	0.909661	1.026079	4.616192	29.469679	0.121410	-1602.292871	
4.849000	0.943487	0.864157	4.617196	29.468839	0.320003	-1602.208864	
4.850000	0.905433	0.815580	4.618114	29.467602	0.312215	-1602.124779	
4.851000	0.770130	0.937022	4.618395	29.465987	0.281063	-1602.040786	
4.852000	0.732077	0.864157	4.617674	29.464177	0.273275	-1601.957036	
4.853000	0.850466	0.847965	4.615873	29.462308	0.300533	-1601.873645	
4.854000	0.930802	0.799388	4.613354	29.460283	0.436822	-1601.790679	
4.855000	0.863151	0.847965	4.610717	29.458012	0.218760	-1601.708154	
4.856000	0.812412	0.945118	4.608006	29.455671	0.109728	-1601.626030	
4.857000	1.011138	1.050367	4.604922	29.453530	0.257699	-1601.544207	
4.858000	0.956171	0.758908	4.601644	29.451627	0.300533	-1601.462539	
4.859000	0.896977	0.969406	4.598641	29.449781	0.300533	-1601.380861	
4.860000	0.918118	0.815580	4.596196	29.447800	0.148668	-1601.299012	
4.861000	0.989997	0.904637	4.594448	29.445602	0.222654	-1601.216861	
4.862000	0.947715	1.058463	4.593614	29.443162	0.195396	-1601.134321	
4.863000	0.939259	0.896541	4.593646	29.440497	0.210972	-1601.051346	
4.864000	0.748989	0.920829	4.593811	29.437772	0.246017	-1600.967947	
4.865000	0.913889	0.661755	4.593518	29.435117	0.172032	-1600.884207	
4.866000	0.926574	0.888445	4.592864	29.432443	0.343367	-1600.800270	
4.867000	0.892748	0.702235	4.591999	29.429672	0.304427	-1600.716306	
4.868000	0.643284	0.985598	4.591006	29.426985	0.366730	-1600.632482	
4.869000	0.994225	0.823676	4.590143	29.424673	0.292745	-1600.548939	
4.870000	0.799728	0.742716	4.589610	29.422788	0.429034	-1600.465772	
4.871000	0.951943	1.034175	4.589209	29.421145	0.448504	-1600.383031	
4.872000	0.918118	0.953214	4.588373	29.419550	0.249911	-1600.300717	
4.873000	1.057648	0.677947	4.586722	29.417939	0.172032	-1600.218772	
4.874000	0.909661	0.856061	4.584426	29.416312	0.246017	-1600.137077	
4.875000	0.896977	1.001790	4.582022	29.414675	0.296639	-1600.055475	
4.876000	0.647513	0.969406	4.579986	29.413133	0.308321	-1599.973793	
4.877000	0.905433	0.815580	4.578507	29.411759	0.214866	-1599.891874	
4.878000	0.884292	0.953214	4.577576	29.410449	0.382306	-1599.809599	
4.879000	0.951943	0.564602	4.577286	29.409118	0.284957	-1599.726894	
4.880000	0.643284	0.742716	4.578143	29.407935	0.222654	-1599.643734	
4.881000	1.133756	0.750812	4.580673	29.407187	0.288851	-1599.560161	
4.882000	0.829325	0.677947	4.584765	29.406943	0.277169	-1599.476286	
4.883000	0.939259	1.042271	4.589789	29.407028	0.343367	-1599.392268	
4.884000	0.854694	0.904637	4.595034	29.407259	0.043531	-1599.308285	
4.885000	1.019594	0.831773	4.599953	29.407603	0.090259	-1599.224510	
4.886000	0.922346	0.864157	4.604144	29.408095	0.281063	-1599.141079	
4.887000	0.939259	0.710331	4.607243	29.408737	0.273275	-1599.058070	
4.888000	0.672882	0.872253	4.609116	29.409584	0.288851	-1598.975517	
4.889000	0.951943	0.823676	4.609993	29.410662	0.109728	-1598.893410	
4.890000	0.816641	0.928926	4.610125	29.411866	0.320003	-1598.811677	
4.891000	0.943487	0.912733	4.609564	29.413107	0.234335	-1598.730183	
4.892000	0.710936	0.969406	4.608501	29.414505	0.316109	-1598.648755	
4.893000	1.032279	0.807484	4.607405	29.416307	0.261593	-1598.567213	
4.894000	0.863151	0.767004	4.606548	29.418584	0.479655	-1598.485398	
4.895000	0.989997	0.896541	4.605685	29.421162	0.300533	-1598.403199	
4.896000	0.956171	0.750812	4.604574	29.423863	0.226548	-1598.320556	
4.897000	1.104158	0.791292	4.603327	29.426679	0.059107	-1598.237468	
4.898000	0.994225	0.775100	4.602183	29.429677	0.284957	-1598.154008	
4.899000	0.918118	0.953214	4.601288	29.432850	0.269381	-1598.070310	
4.900000	0.825097	0.726523	4.600542	29.436177	0.222654	-1597.986544	0.000000
4.901000	0.901205	0.815580	4.599701	29.439616	0.183714	-1597.902894	
4.902000	0.956171	0.686043	4.598564	29.443053	0.218760	-1597.819531	
4.903000	0.918118	0.629370	4.596915	29.446398	0.253805	-1597.736580	
4.904000	0.833553	0.839869	4.594512	29.449727	0.113622	-1597.654109	
4.905000	1.028051	0.880349	4.591437	29.453258	0.191502	-1597.572134	
4.906000	0.973084	0.864157	4.588237	29.457074	0.355048	-1597.490614	
4.907000	0.918118	1.090847	4.585437	29.461028	0.358942	-1597.409445	
4.908000	0.922346	0.750812	4.583323	29.464965	0.281063	-1597.328476	
4.909000	0.909661	0.815580	4.582160	29.468926	0.027955	-1597.247532	
4.910000	0.930802	0.783196	4.582101	29.473020	0.308321	-1597.166439	
4.911000	0.833553	1.074655	4.583072	29.477232	0.362836	-1597.085051	
4.912000	0.901205	0.920829	4.584936	29.481456	0.316109	-1597.003266	
4.913000	0.892748	0.896541	4.587562	29.485568	0.117516	-1596.921038	
4.914000	1.023823	0.783196	4.590864	29.489444	0.281063	-1596.838386	
4.915000	0.863151	0.904637	4.594695	29.493001	0.265487	-1596.755397	
4.916000	0.884292	0.953214	4.598528	29.496280	0.214866	-1596.672216	
4.917000	0.960400	0.823676	4.601576	29.499480	0.331685	-1596.589019	
4.918000	0.947715	0.847965	4.603216	29.502706	0.179820	-1596.505986	
4.919000	0.939259	0.953214	4.603164	29.505828	0.292745	-1596.423273	
4.920000	0.909661	0.767004	4.601494	29.508709	0.320003	-1596.340989	
4.921000	1.032279	0.637467	4.598436	29.511436	0.051319	-1596.259196	
4.922000	0.981541	0.799388	4.594110	29.514174	0.164244	-1596.177904	
4.923000	0.858923	0.783196	4.588670	29.516922	0.296639	-1596.097053	
4.924000	0.875836	0.920829	4.582539	29.519537	0.281063	-1596.016520	
4.925000	0.880064	0.807484	4.576356	29.521861	0.055213	-1595.936148	
4.926000	0.892748	0.928926	4.570693	29.523785	0.300533	-1595.855765	
4.927000	0.935030	0.856061	4.565839	29.525239	0.269381	-1595.775201	
4.928000	0.846238	1.090847	4.561988	29.526253	0.230441	-1595.694318	
4.929000	0.935030	0.621274	4.559610	29.527020	0.401776	-1595.613027	
4.930000	0.901205	1.026079	4.559487	29.527671	0.292745	-1595.531295	
4.931000	0.930802	0.799388	4.562021	29.528097	0.460186	-1595.449157	
4.932000	0.909661	0.928926	4.566626	29.528186	0.238229	-1595.366714	
4.933000	0.905433	0.807484	4.572051	29.528062	0.164244	-1595.284116	
4.934000	0.913889	0.847965	4.577092	29.527939	0.234335	-1595.201535	
4.935000	0.896977	0.807484	4.580978	29.527824	0.249911	-1595.119138	
4.936000	0.858923	0.880349	4.583297	29.527551	0.277169	-1595.037059	
4.937000	0.994225	0.613178	4.583833	29.526941	0.269381	-1594.955394	
4.938000	1.032279	0.653659	4.582669	29.525893	0.242123	-1594.874192	
4.939000	0.926574	0.767004	4.580309	29.524358	0.343367	-1594.793447	
4.940000	0.901205	1.017982	4.577222	29.522361	0.292745	-1594.713082	
4.941000	0.812412	0.839869	4.573505	29.520096	0.234335	-1594.632962	
4.942000	0.829325	0.815580	4.569345	29.517707	0.183714	-1594.552920	
4.943000	0.947715	0.767004	4.565238	29.515098	0.284957	-1594.472784	
4.944000	0.875836	0.791292	4.561602	29.512179	0.234335	-1594.392397	
4.945000	0.842010	0.677947	4.558759	29.509117	0.136986	-1594.311645	
4.946000	0.960400	0.977502	4.557169	29.506174	0.249911	-1594.230462	
4.947000	0.871607	1.058463	4.557149	29.503386	0.304427	-1594.148834	
4.948000	0.854694	0.742716	4.558576	29.500576	0.355048	-1594.066816	
4.949000	0.846238	0.880349	4.560974	29.497555	0.277169	-1593.984531	
4.950000	0.896977	0.864157	4.563699	29.494238	0.351155	-1593.902141	
4.951000	0.918118	0.864157	4.566210	29.490595	0.335579	-1593.819821	
4.952000	0.867379	0.864157	4.568083	29.486643	0.343367	-1593.737724	
4.953000	0.782815	0.775100	4.568843	29.482553	0.323897	-1593.655968	
4.954000	0.896977	1.034175	4.568007	29.478457	0.308321	-1593.574627	
4.955000	0.960400	0.985598	4.565176	29.474264	0.203184	-1593.493729	
4.956000	0.930802	0.742716	4.560351	29.469890	0.269381	-1593.413240	
4.957000	0.715164	0.953214	4.554202	29.465515	0.242123	-1593.333063	
4.958000	1.040735	0.742716	4.547697	29.461424	0.238229	-1593.253055	
4.959000	0.909661	0.864157	4.541734	29.457670	0.432928	-1593.173046	
4.960000	0.943487	0.920829	4.536998	29.454069	0.172032	-1593.092865	
4.961000	0.901205	0.791292	4.533811	29.450433	0.136986	-1593.012371	
4.962000	1.006910	0.742716	4.532201	29.446702	0.210972	-1592.931479	
4.963000	0.956171	0.734620	4.532032	29.442879	0.265487	-1592.850146	
4.964000	0.930802	0.896541	4.533101	29.438981	0.273275	-1592.768383	
4.965000	0.643284	0.969406	4.535360	29.435149	0.230441	-1592.686264	
4.966000	0.871607	0.807484	4.538751	29.431490	0.191502	-1592.603928	
4.967000	0.867379	0.985598	4.542861	29.427916	0.351155	-1592.521546	
4.968000	0.901205	0.839869	4.547065	29.424346	0.195396	-1592.439287	
4.969000	0.592546	0.928926	4.550830	29.420952	0.335579	-1592.357294	
4.970000	1.015366	0.726523	4.553986	29.418019	0.133092	-1592.275668	
4.971000	0.748989	0.977502	4.556781	29.415610	0.351155	-1592.194462	
4.972000	0.943487	1.001790	4.559183	29.413540	0.366730	-1592.113680	
4.973000	0.842010	0.694139	4.560710	29.411618	0.390094	-1592.033265	
4.974000	1.011138	0.872253	4.561283	29.409803	0.207078	-1591.953098	
4.975000	0.901205	0.888445	4.561450	29.408115	0.226548	-1591.873026	
4.976000	0.918118	0.937022	4.561890	29.406551	0.277169	-1591.792873	
4.977000	0.740533	0.791292	4.563074	29.405170	0.195396	-1591.712474	
4.978000	0.989997	0.742716	4.565218	29.404005	0.043531	-1591.631709	
4.979000	0.918118	0.580794	4.568275	29.402949	0.366730	-1591.550510	
4.980000	0.998453	0.791292	4.572171	29.401919	0.308321	-1591.468857	
4.981000	0.706707	0.872253	4.577175	29.401062	0.179820	-1591.386791	
4.982000	1.044964	0.888445	4.583438	29.400656	0.351155	-1591.304417	
4.983000	0.875836	0.896541	4.590392	29.400786	0.207078	-1591.221891	
4.984000	0.922346	1.123232	4.597252	29.401283	0.284957	-1591.139390	
4.985000	0.892748	0.758908	4.603559	29.401969	0.183714	-1591.057088	
4.986000	0.994225	0.888445	4.608930	29.402833	0.082471	-1590.975123	
4.987000	1.057648	0.775100	4.612983	29.403933	0.183714	-1590.893585	
4.988000	0.833553	1.009886	4.615477	29.405255	0.242123	-1590.812511	
4.989000	0.761674	0.750812	4.616120	29.406779	0.304427	-1590.731885	
4.990000	0.964628	0.961310	4.614782	29.408459	0.168138	-1590.651635	
4.991000	0.973084	0.758908	4.611984	29.410178	0.374518	-1590.571631	
4.992000	0.863151	0.888445	4.608589	29.411850	0.331685	-1590.491702	
4.993000	0.791271	0.734620	4.605190	29.413571	0.288851	-1590.411667	
4.994000	0.998453	0.807484	4.601982	29.415578	0.238229	-1590.331364	
4.995000	1.002682	0.896541	4.599273	29.417955	0.261593	-1590.250680	
4.996000	0.854694	1.042271	4.597875	29.420542	0.308321	-1590.169557	
4.997000	0.960400	0.839869	4.598422	29.423176	0.207078	-1590.087993	
4.998000	0.994225	0.742716	4.600879	29.425883	0.024061	-1590.006061	
4.999000	1.002682	0.815580	4.604855	29.428765	0.269381	-1589.923892	
5.000000	0.854694	1.009886	4.609684	29.431814	0.362836	-1589.841653	0.000000
5.001000	0.854694	0.815580	4.614538	29.434951	0.308321	-1589.759522	
5.002000	0.892748	0.823676	4.618709	29.438077	-0.010985	-1589.677670	
5.003000	0.968856	0.807484	4.621684	29.441074	0.281063	-1589.596229	
5.004000	0.977312	0.928926	4.623028	29.443856	0.031849	-1589.515277	
5.005000	0.829325	0.993694	4.622371	29.446476	0.238229	-1589.434834	
5.006000	0.918118	0.904637	4.619734	29.449135	0.331685	-1589.354854	
5.007000	0.867379	0.896541	4.615747	29.451928	0.269381	-1589.275230	
5.008000	0.829325	1.026079	4.611397	29.454719	0.312215	-1589.195805	
5.009000	0.888520	0.823676	4.607576	29.457366	0.331685	-1589.116399	
5.010000	0.977312	0.856061	4.604745	29.459939	0.125304	-1589.036835	
5.011000	1.015366	0.839869	4.602929	29.462585	0.343367	-1588.956966	
5.012000	0.888520	1.050367	4.601893	29.465293	0.257699	-1588.876691	
5.013000	0.896977	0.953214	4.601394	29.467921	0.312215	-1588.795966	
5.014000	0.926574	0.775100	4.601452	29.470310	0.043531	-1588.714809	
5.015000	0.951943	0.758908	4.602203	29.472338	0.347261	-1588.633311	
5.016000	0.930802	0.783196	4.603454	29.473928	0.222654	-1588.551617	
5.017000	0.875836	0.945118	4.604731	29.475104	0.296639	-1588.469898	
5.018000	1.002682	0.775100	4.605646	29.476056	0.218760	-1588.388329	
5.019000	0.951943	0.815580	4.606092	29.476904	0.246017	-1588.307065	
5.020000	0.939259	0.742716	4.605987	29.477536	0.320003	-1588.226220	
5.021000	0.943487	0.807484	4.604801	29.477839	0.152562	-1588.145854	
5.022000	0.951943	0.758908	4.601957	29.477935	0.172032	-1588.065977	
5.023000	0.854694	0.888445	4.597611	29.478029	0.284957	-1587.986533	
5.024000	0.905433	0.945118	4.592510	29.478138	0.323897	-1587.907400	
5.025000	0.812412	0.985598	4.587505	29.478103	0.284957	-1587.828413	
5.026000	0.888520	0.548410	4.583262	29.477756	0.257699	-1587.749395	
5.027000	0.918118	0.791292	4.580117	29.476994	0.355048	-1587.670176	
5.028000	0.901205	0.629370	4.578190	29.475763	0.296639	-1587.590625	
5.029000	0.854694	0.912733	4.577577	29.474088	0.366730	-1587.510653	
5.030000	0.833553	0.799388	4.578436	29.472155	0.253805	-1587.430226	
5.031000	0.842010	1.147520	4.580818	29.470101	0.393988	-1587.349373	
5.032000	0.875836	1.009886	4.584318	29.467824	0.195396	-1587.268196	
5.033000	0.842010	0.928926	4.588065	29.465226	0.312215	-1587.186846	
5.034000	0.888520	0.864157	4.591235	29.462463	0.222654	-1587.105501	
5.035000	1.011138	0.718427	4.593449	29.459786	0.323897	-1587.024333	
5.036000	0.960400	0.791292	4.594560	29.457224	0.355048	-1586.943483	
5.037000	0.956171	0.864157	4.594742	29.454599	0.226548	-1586.863047	
5.038000	1.011138	0.928926	4.594672	29.451724	0.047425	-1586.783077	
5.039000	0.977312	0.799388	4.594696	29.448511	0.296639	-1586.703573	
5.040000	0.863151	0.880349	4.594469	29.444927	0.187608	-1586.624466	
5.041000	0.863151	0.856061	4.593730	29.440992	0.257699	-1586.545619	
5.042000	0.736305	0.856061	4.592666	29.436881	0.296639	-1586.466862	
5.043000	0.913889	0.783196	4.591585	29.432732	0.175926	-1586.388017	
5.044000	0.926574	0.856061	4.590707	29.428457	0.218760	-1586.308925	
5.045000	0.935030	0.912733	4.590276	29.423977	0.195396	-1586.229466	
5.046000	0.715164	0.961310	4.590546	29.419478	0.160350	-1586.149570	
5.047000	0.998453	0.847965	4.591651	29.415248	0.261593	-1586.069220	
5.048000	0.787043	0.847965	4.593538	29.411337	0.366730	-1585.988469	
5.049000	0.880064	0.945118	4.595821	29.407562	0.362836	-1585.907431	
5.050000	0.863151	0.888445	4.597811	29.403728	0.152562	-1585.826263	
5.051000	0.994225	0.880349	4.598789	29.399762	0.281063	-1585.745143	
5.052000	0.892748	0.945118	4.598099	29.395649	0.378412	-1585.664239	
5.053000	0.939259	0.969406	4.595216	29.391403	0.331685	-1585.583677	
5.054000	0.748989	0.985598	4.590109	29.387165	0.296639	-1585.503534	
5.055000	0.956171	0.783196	4.583616	29.383046	0.335579	-1585.423843	
5.056000	0.892748	0.831773	4.577210	29.378951	0.343367	-1585.344583	
5.057000	0.943487	0.677947	4.571951	29.374799	0.331685	-1585.265665	
5.058000	0.715164	0.904637	4.568027	29.370768	0.226548	-1585.186941	
5.059000	1.061876	0.815580	4.565264	29.367153	0.203184	-1585.108239	
5.060000	0.880064	0.799388	4.563248	29.364017	0.347261	-1585.029386	
5.061000	0.956171	1.050367	4.561492	29.361181	0.257699	-1584.950240	
5.062000	0.947715	0.775100	4.559843	29.358457	0.156456	-1584.870709	
5.063000	1.053420	0.847965	4.558322	29.355803	0.172032	-1584.790752	
5.064000	0.867379	0.880349	4.556945	29.353238	0.320003	-1584.710379	
5.065000	0.850466	1.098943	4.555872	29.350773	0.390094	-1584.629663	
5.066000	0.660197	0.823676	4.555157	29.348493	0.222654	-1584.548734	
5.067000	0.854694	0.888445	4.554672	29.346455	0.214866	-1584.467761	
5.068000	0.871607	0.856061	4.554482	29.344554	0.456292	-1584.386925	
5.069000	0.951943	0.807484	4.554636	29.342707	0.300533	-1584.306377	
5.070000	0.740533	0.726523	4.554734	29.341057	0.448504	-1584.226220	
5.071000	1.137984	0.815580	4.554078	29.339868	0.261593	-1584.146513	
5.072000	0.867379	0.775100	4.552213	29.339204	0.370624	-1584.067263	
5.073000	0.867379	1.228481	4.549230	29.338889	0.351155	-1583.988414	
5.074000	0.896977	0.799388	4.545629	29.338741	0.160350	-1583.909849	
5.075000	1.023823	0.815580	4.542107	29.338738	0.210972	-1583.831419	
5.076000	1.002682	0.718427	4.539309	29.338927	0.218760	-1583.752951	
5.077000	0.930802	1.074655	4.537659	29.339301	0.300533	-1583.674280	
5.078000	0.867379	0.799388	4.537408	29.339876	0.281063	-1583.595280	
5.079000	0.837782	0.896541	4.538399	29.340645	0.031849	-1583.515883	
5.080000	1.011138	0.831773	4.540164	29.341499	0.222654	-1583.436071	
5.081000	0.850466	0.896541	4.542619	29.342350	0.246017	-1583.355879	
5.082000	0.736305	0.920829	4.545935	29.343295	0.261593	-1583.275403	
5.083000	0.994225	0.702235	4.549910	29.344568	0.292745	-1583.194785	
5.084000	0.918118	0.702235	4.554082	29.346251	0.238229	-1583.114193	
5.085000	0.871607	0.993694	4.558170	29.348187	0.327791	-1583.033798	
5.086000	0.973084	0.775100	4.562281	29.350211	0.277169	-1582.953734	
5.087000	0.905433	1.066559	4.566500	29.352349	0.078577	-1582.874096	
5.088000	0.968856	0.864157	4.570653	29.354695	0.327791	-1582.794925	
5.089000	0.875836	1.115135	4.574685	29.357238	0.316109	-1582.716207	
5.090000	0.812412	0.969406	4.578639	29.359905	0.152562	-1582.637861	
5.091000	0.833553	0.799388	4.582481	29.362605	0.133092	-1582.559756	
5.092000	0.947715	0.710331	4.586195	29.365216	0.456292	-1582.481733	
5.093000	0.935030	0.702235	4.589716	29.367650	0.199290	-1582.403618	
5.094000	0.888520	0.839869	4.592884	29.369964	0.288851	-1582.325251	
5.095000	0.977312	0.718427	4.595799	29.372373	0.207078	-1582.246521	
5.096000	0.960400	1.009886	4.599234	29.374978	0.090259	-1582.167366	
5.097000	0.951943	0.977502	4.603989	29.377639	0.207078	-1582.087783	
5.098000	0.905433	0.831773	4.610092	29.380208	0.179820	-1582.007832	
5.099000	0.977312	0.742716	4.616937	29.382751	0.059107	-1581.927641	
5.100000	0.994225	0.750812	4.623610	29.385411	0.273275	-1581.847374	0.000000
5.101000	0.913889	0.985598	4.629364	29.388184	0.320003	-1581.767209	
5.102000	0.922346	0.856061	4.633915	29.390944	0.304427	-1581.687312	
5.103000	0.960400	0.726523	4.637129	29.393551	0.090259	-1581.607815	
5.104000	0.956171	0.815580	4.638954	29.395890	0.323897	-1581.528798	
5.105000	0.913889	0.694139	4.639464	29.397890	0.203184	-1581.450285	
5.106000	0.808184	0.864157	4.638384	29.399591	0.199290	-1581.372234	
5.107000	0.825097	0.839869	4.635356	29.401195	0.355048	-1581.294537	
5.108000	0.858923	0.928926	4.630692	29.402820	0.292745	-1581.217042	
5.109000	0.947715	0.856061	4.625069	29.404341	0.323897	-1581.139570	
5.110000	0.892748	0.904637	4.619087	29.405632	0.273275	-1581.061945	
5.111000	0.994225	0.653659	4.613454	29.406799	0.129198	-1580.984019	
5.112000	0.935030	0.540314	4.608942	29.408031	0.281063	-1580.905698	
5.113000	0.935030	0.920829	4.606275	29.409332	0.238229	-1580.826932	
5.114000	0.799728	0.815580	4.605963	29.410542	0.390094	-1580.747731	
5.115000	0.935030	0.839869	4.607941	29.411486	0.172032	-1580.668176	
5.116000	0.956171	0.831773	4.611602	29.412049	0.187608	-1580.588408	
5.117000	0.994225	0.823676	4.616160	29.412170	0.125304	-1580.508598	
5.118000	0.858923	0.823676	4.620950	29.411869	0.234335	-1580.428922	
5.119000	0.909661	0.710331	4.625475	29.411341	0.187608	-1580.349536	
5.120000	0.956171	0.831773	4.629251	29.410728	0.094153	-1580.270557	
5.121000	0.956171	0.726523	4.631815	29.409932	0.191502	-1580.192051	
5.122000	0.888520	0.985598	4.633022	29.408855	0.226548	-1580.114028	
5.123000	0.863151	1.026079	4.633186	29.407655	0.284957	-1580.036431	
5.124000	0.901205	0.847965	4.632725	29.406578	0.304427	-1579.959140	
5.125000	0.892748	0.880349	4.631921	29.405655	0.343367	-1579.881990	
5.126000	0.858923	0.847965	4.630769	29.404707	0.339473	-1579.804800	
5.127000	0.909661	0.726523	4.628856	29.403546	0.222654	-1579.727403	
5.128000	0.981541	0.750812	4.625933	29.402075	0.366730	-1579.649669	
5.129000	0.892748	1.026079	4.622353	29.400252	0.261593	-1579.571516	
5.130000	0.837782	0.904637	4.618567	29.398095	0.296639	-1579.492905	
5.131000	0.698251	0.937022	4.614747	29.395783	0.304427	-1579.413861	
5.132000	0.884292	0.872253	4.611061	29.393454	0.273275	-1579.334482	
5.133000	0.901205	0.742716	4.607699	29.391011	0.339473	-1579.254919	
5.134000	0.947715	0.686043	4.604665	29.388362	0.199290	-1579.175350	
5.135000	0.774359	0.920829	4.601951	29.385683	0.226548	-1579.095950	
5.136000	1.044964	0.839869	4.599635	29.383248	0.246017	-1579.016864	
5.137000	0.964628	0.961310	4.597581	29.381102	0.269381	-1578.938193	
5.138000	0.951943	0.920829	4.594943	29.379063	0.187608	-1578.859987	
5.139000	0.816641	0.807484	4.590398	29.376943	0.055213	-1578.782242	
5.140000	1.015366	0.491737	4.583504	29.374667	0.152562	-1578.704892	
5.141000	0.909661	0.702235	4.575236	29.372217	0.281063	-1578.627808	
5.142000	0.918118	0.880349	4.567057	29.369609	0.300533	-1578.550821	
5.143000	0.668654	0.928926	4.560011	29.367002	0.296639	-1578.473749	
5.144000	0.905433	0.961310	4.554395	29.364521	0.230441	-1578.396434	
5.145000	0.884292	0.815580	4.549995	29.362074	0.339473	-1578.318762	
5.146000	0.850466	0.823676	4.546719	29.359580	0.129198	-1578.240665	
5.147000	0.651741	0.937022	4.545169	29.357220	0.296639	-1578.162123	
5.148000	1.040735	0.758908	4.546307	29.355284	0.288851	-1578.083180	
5.149000	0.884292	0.896541	4.550344	29.353826	0.339473	-1578.003945	
5.150000	0.913889	0.872253	4.556419	29.352656	0.370624	-1577.924574	
5.151000	0.863151	1.001790	4.563245	29.351580	0.378412	-1577.845248	
5.152000	1.019594	0.937022	4.569626	29.350541	0.140880	-1577.766144	
5.153000	0.901205	0.864157	4.574811	29.349544	0.300533	-1577.687401	
5.154000	0.901205	0.928926	4.578499	29.348594	0.210972	-1577.609104	
5.155000	0.630600	1.017982	4.580512	29.347792	0.187608	-1577.531283	
5.156000	0.960400	0.945118	4.580719	29.347211	0.098047	-1577.453917	
5.157000	0.947715	0.864157	4.579244	29.346748	0.320003	-1577.376917	
5.158000	0.930802	0.815580	4.576573	29.346324	0.249911	-1577.300143	
5.159000	0.702479	0.807484	4.573324	29.346105	0.179820	-1577.223425	
5.160000	1.057648	0.864157	4.569778	29.346373	0.273275	-1577.146591	
5.161000	0.892748	0.726523	4.565947	29.347198	0.242123	-1577.069495	
5.162000	0.905433	0.969406	4.562095	29.348404	0.335579	-1576.992036	
5.163000	0.846238	0.888445	4.558727	29.349809	0.191502	-1576.914161	
5.164000	0.964628	1.066559	4.556315	29.351389	0.152562	-1576.835874	
5.165000	0.930802	0.815580	4.555158	29.353184	0.269381	-1576.757245	
5.166000	0.867379	1.188000	4.555174	29.355192	0.440716	-1576.678399	
5.167000	0.723620	0.783196	4.555903	29.357439	0.343367	-1576.599492	
5.168000	0.926574	0.799388	4.556858	29.359927	0.152562	-1576.520703	
5.169000	0.947715	0.767004	4.557842	29.362542	0.296639	-1576.442192	
5.170000	0.905433	0.775100	4.558700	29.365196	0.343367	-1576.364078	
5.171000	0.723620	0.726523	4.558945	29.367999	0.308321	-1576.286422	
5.172000	0.973084	1.123232	4.557757	29.371190	0.230441	-1576.209237	
5.173000	0.867379	0.718427	4.554288	29.374841	0.327791	-1576.132472	
5.174000	0.930802	1.090847	4.548576	29.378778	0.242123	-1576.056019	
5.175000	0.964628	0.742716	4.541863	29.382825	0.175926	-1575.979728	
5.176000	1.061876	0.872253	4.535443	29.386987	0.078577	-1575.903438	
5.177000	1.061876	0.726523	4.529843	29.391345	0.277169	-1575.826991	
5.178000	0.850466	1.058463	4.525283	29.395895	0.339473	-1575.750262	
5.179000	0.867379	0.969406	4.522131	29.400603	0.234335	-1575.673174	
5.180000	0.803956	1.212288	4.520537	29.405413	0.063001	-1575.595701	
5.181000	0.926574	0.823676	4.520404	29.410206	0.448504	-1575.517875	
5.182000	0.896977	0.775100	4.521714	29.414889	0.246017	-1575.439786	
5.183000	0.820869	0.888445	4.524288	29.419530	0.335579	-1575.361574	
5.184000	0.985769	0.823676	4.527725	29.424342	0.269381	-1575.283403	
5.185000	0.909661	0.896541	4.531755	29.429414	0.199290	-1575.205445	
5.186000	0.829325	1.066559	4.536202	29.434595	0.358942	-1575.127838	
5.187000	0.901205	0.775100	4.540584	29.439732	0.351155	-1575.050677	
5.188000	0.956171	0.880349	4.544035	29.444868	0.055213	-1574.974007	
5.189000	0.930802	0.961310	4.545938	29.450119	0.316109	-1574.897820	
5.190000	0.896977	0.953214	4.546419	29.455471	0.273275	-1574.822039	
5.191000	0.858923	0.807484	4.546119	29.460814	0.284957	-1574.746528	
5.192000	0.926574	0.718427	4.545761	29.466021	0.039637	-1574.671133	
5.193000	1.019594	0.896541	4.545872	29.470970	0.320003	-1574.595692	
5.194000	0.989997	0.856061	4.546743	29.475577	0.273275	-1574.520059	
5.195000	0.939259	1.090847	4.548666	29.479883	0.312215	-1574.444121	
5.196000	0.973084	0.613178	4.552101	29.484086	0.246017	-1574.367812	
5.197000	0.854694	0.896541	4.557250	29.488300	0.300533	-1574.291123	
5.198000	0.922346	0.702235	4.563704	29.492398	0.265487	-1574.214108	
5.199000	0.964628	0.831773	4.570799	29.496248	0.156456	-1574.136884	
5.200000	1.028051	0.807484	4.577873	29.499944	0.043531	-1574.059609	0.000000
5.201000	0.960400	0.839869	4.584229	29.503663	0.320003	-1573.982455	
5.202000	0.918118	0.928926	4.589213	29.507415	0.277169	-1573.905583	
5.203000	0.842010	0.993694	4.592378	29.511060	0.390094	-1573.829119	
5.204000	0.871607	0.807484	4.593967	29.514441	0.140880	-1573.753138	
5.205000	0.825097	0.993694	4.594914	29.517451	0.300533	-1573.677672	
5.206000	0.867379	0.839869	4.595694	29.520021	0.234335	-1573.602689	
5.207000	0.863151	0.937022	4.596038	29.522173	0.378412	-1573.528088	
5.208000	0.960400	0.791292	4.595841	29.524091	0.288851	-1573.453715	
5.209000	0.858923	0.807484	4.595327	29.525903	0.214866	-1573.379398	
5.210000	0.922346	0.726523	4.594612	29.527499	0.362836	-1573.304965	
5.211000	0.909661	0.880349	4.593689	29.528767	0.296639	-1573.230276	
5.212000	0.926574	0.661755	4.592967	29.529842	0.074683	-1573.155234	
5.213000	0.985769	0.831773	4.593404	29.530942	0.242123	-1573.079791	
5.214000	0.922346	0.872253	4.595556	29.532081	0.261593	-1573.003949	
5.215000	0.905433	0.888445	4.599083	29.533083	0.386200	-1572.927776	
5.216000	0.994225	0.799388	4.603308	29.533763	0.125304	-1572.851408	
5.217000	0.977312	0.686043	4.607669	29.534022	0.195396	-1572.775020	
5.218000	0.964628	0.710331	4.611777	29.533815	0.320003	-1572.698790	
5.219000	0.905433	0.775100	4.615275	29.533164	0.265487	-1572.622872	
5.220000	0.803956	0.928926	4.618305	29.532255	0.148668	-1572.547375	
5.221000	0.896977	0.839869	4.621682	29.531232	0.129198	-1572.472361	
5.222000	0.829325	0.888445	4.625352	29.530001	0.549747	-1572.397844	
5.223000	0.850466	0.856061	4.627930	29.528472	0.257699	-1572.323767	
5.224000	0.782815	0.799388	4.628489	29.526817	0.222654	-1572.250013	
5.225000	0.960400	0.726523	4.627301	29.525306	0.261593	-1572.176418	
5.226000	0.871607	0.912733	4.625016	29.523983	0.300533	-1572.102804	
5.227000	0.926574	1.001790	4.622127	29.522668	0.405670	-1572.028997	
5.228000	0.854694	1.026079	4.618877	29.521170	0.234335	-1571.954865	
5.229000	0.884292	0.783196	4.615632	29.519409	0.284957	-1571.880327	
5.230000	0.825097	1.001790	4.613307	29.517362	0.355048	-1571.805348	
5.231000	0.905433	0.831773	4.612503	29.515046	0.269381	-1571.729948	
5.232000	0.702479	0.661755	4.612749	29.512618	0.355048	-1571.654216	
5.233000	0.981541	0.629370	4.613145	29.510205	0.242123	-1571.578303	
5.234000	0.951943	0.807484	4.613015	29.507711	0.296639	-1571.502389	
5.235000	0.964628	0.856061	4.612041	29.505058	0.133092	-1571.426653	
5.236000	0.681338	0.953214	4.610170	29.502431	0.207078	-1571.351241	
5.237000	1.011138	1.001790	4.607463	29.500126	0.199290	-1571.276253	
5.238000	0.850466	0.807484	4.603981	29.498202	0.386200	-1571.201734	
5.239000	0.939259	0.969406	4.599842	29.496479	0.335579	-1571.127676	
5.240000	0.909661	0.815580	4.595308	29.494766	0.121410	-1571.054001	
5.241000	1.049192	0.815580	4.590782	29.493005	0.257699	-1570.980578	
5.242000	0.871607	0.880349	4.586770	29.491200	0.238229	-1570.907241	
5.243000	0.913889	1.074655	4.583646	29.489363	0.417352	-1570.833810	
5.244000	0.634828	0.888445	4.581457	29.487620	0.362836	-1570.760119	
5.245000	0.808184	1.115135	4.580302	29.486067	0.086365	-1570.686050	
5.246000	0.787043	0.823676	4.580415	29.484605	0.331685	-1570.611535	
5.247000	0.880064	0.734620	4.581652	29.483148	0.413458	-1570.536555	
5.248000	0.672882	0.872253	4.583710	29.481857	0.378412	-1570.461149	
5.249000	0.977312	0.823676	4.586436	29.481013	0.366730	-1570.385424	
5.250000	0.909661	0.775100	4.589451	29.480681	0.393988	-1570.309538	
5.251000	0.888520	1.082751	4.592267	29.480679	0.277169	-1570.233669	
5.252000	0.918118	0.669851	4.594560	29.480818	0.207078	-1570.157994	
5.253000	1.032279	0.904637	4.595951	29.481064	0.175926	-1570.082655	
5.254000	1.023823	0.799388	4.596321	29.481447	0.242123	-1570.007740	
5.255000	0.964628	1.107039	4.596521	29.481970	0.246017	-1569.933281	
5.256000	0.761674	0.775100	4.597668	29.482693	0.308321	-1569.859255	
5.257000	0.880064	0.880349	4.599912	29.483646	0.214866	-1569.785573	
5.258000	0.989997	0.750812	4.602810	29.484726	0.343367	-1569.712102	
5.259000	0.922346	0.783196	4.606012	29.485850	0.191502	-1569.638673	
5.260000	0.803956	0.807484	4.609227	29.487148	0.261593	-1569.565112	
5.261000	0.977312	0.856061	4.612218	29.488875	0.355048	-1569.491269	
5.262000	0.863151	0.904637	4.615073	29.491107	0.390094	-1569.417036	
5.263000	0.778587	1.131328	4.618439	29.493675	0.335579	-1569.342354	
5.264000	0.875836	0.888445	4.622770	29.496403	0.265487	-1569.267221	
5.265000	0.905433	0.742716	4.627591	29.499287	0.129198	-1569.191709	
5.266000	0.985769	0.742716	4.631959	29.502396	0.222654	-1569.115952	
5.267000	0.880064	0.993694	4.635054	29.505720	0.269381	-1569.040117	
5.268000	0.825097	0.831773	4.636299	29.509237	0.304427	-1568.964383	
5.269000	0.854694	0.799388	4.635234	29.512900	0.210972	-1568.888917	
5.270000	0.939259	0.710331	4.631388	29.516595	0.273275	-1568.813845	
5.271000	0.935030	0.953214	4.624404	29.520228	0.226548	-1568.739238	
5.272000	0.820869	0.896541	4.614497	29.523875	0.327791	-1568.665108	
5.273000	0.989997	0.775100	4.602576	29.527754	0.304427	-1568.591402	
5.274000	0.943487	0.734620	4.589802	29.531946	0.238229	-1568.518009	
5.275000	0.964628	0.880349	4.577321	29.536293	0.230441	-1568.444779	
5.276000	0.930802	0.823676	4.566274	29.540638	0.222654	-1568.371544	
5.277000	0.998453	0.815580	4.557611	29.545019	0.090259	-1568.298145	
5.278000	0.973084	0.856061	4.551711	29.549554	0.207078	-1568.224456	
5.279000	0.846238	0.839869	4.548436	29.554233	0.323897	-1568.150392	
5.280000	0.922346	0.702235	4.547802	29.558970	0.191502	-1568.075914	
5.281000	0.833553	0.775100	4.550370	29.563662	0.133092	-1568.001044	
5.282000	0.939259	0.791292	4.556273	29.568190	0.339473	-1567.925871	
5.283000	0.892748	0.815580	4.564373	29.572474	0.191502	-1567.850536	
5.284000	0.816641	0.953214	4.573091	29.576562	0.343367	-1567.775205	
5.285000	0.930802	0.928926	4.581318	29.580660	0.226548	-1567.700046	
5.286000	0.935030	1.001790	4.588483	29.584876	0.308321	-1567.625206	
5.287000	0.867379	0.977502	4.594255	29.589077	0.409564	-1567.550783	
5.288000	0.880064	0.888445	4.598230	29.593126	0.234335	-1567.476824	
5.289000	0.985769	0.742716	4.600045	29.597101	0.094153	-1567.403325	
5.290000	0.973084	0.791292	4.599770	29.601165	0.207078	-1567.330218	
5.291000	0.960400	0.831773	4.597987	29.605306	0.444610	-1567.257375	
5.292000	0.926574	0.847965	4.595486	29.609373	0.300533	-1567.184640	
5.293000	0.977312	0.823676	4.592774	29.613206	0.136986	-1567.111851	
5.294000	0.973084	0.856061	4.590039	29.616686	0.203184	-1567.038862	
5.295000	1.015366	0.993694	4.587497	29.619743	0.109728	-1566.965561	
5.296000	0.778587	1.017982	4.585260	29.622403	0.292745	-1566.891875	
5.297000	0.930802	0.880349	4.583162	29.624862	0.242123	-1566.817780	
5.298000	0.837782	0.945118	4.580967	29.627248	0.175926	-1566.743320	
5.299000	0.964628	0.775100	4.578442	29.629451	0.362836	-1566.668611	
5.300000	0.896977	0.847965	4.575366	29.631358	0.292745	-1566.593809	0.000000
5.301000	0.964628	0.726523	4.571817	29.633100	0.234335	-1566.519091	
5.302000	0.951943	0.791292	4.568392	29.634898	0.273275	-1566.444622	
5.303000	0.884292	0.912733	4.565733	29.636772	0.378412	-1566.370531	
5.304000	0.748989	0.864157	4.563938	29.638557	0.296639	-1566.296895	
5.305000	0.884292	0.912733	4.562516	29.640073	0.066895	-1566.223744	
5.306000	0.935030	0.961310	4.560783	29.641214	0.323897	-1566.151058	
5.307000	1.015366	0.799388	4.558553	29.641922	0.277169	-1566.078745	
5.308000	0.846238	0.912733	4.556326	29.642213	0.339473	-1566.006659	
5.309000	0.846238	0.767004	4.554784	29.642271	0.226548	-1565.934625	
5.310000	0.896977	0.807484	4.554388	29.642233	0.300533	-1565.862472	
5.311000	0.964628	0.718427	4.555100	29.641997	0.164244	-1565.790061	
5.312000	0.863151	0.775100	4.555966	29.641467	0.195396	-1565.717292	
5.313000	0.829325	0.928926	4.555454	29.640805	0.082471	-1565.644115	
5.314000	0.956171	0.904637	4.552895	29.640269	0.175926	-1565.570536	
5.315000	0.909661	0.637467	4.549053	29.639887	0.288851	-1565.496626	
5.316000	0.901205	0.799388	4.545043	29.639477	0.304427	-1565.422517	
5.317000	0.939259	0.750812	4.541513	29.638846	0.144774	-1565.348382	
5.318000	0.977312	0.775100	4.538718	29.637912	0.296639	-1565.274406	
5.319000	0.926574	0.872253	4.536731	29.636644	0.199290	-1565.200753	
5.320000	0.858923	1.220385	4.535358	29.635062	0.156456	-1565.127537	
5.321000	0.689795	0.953214	4.533846	29.633342	0.164244	-1565.054815	
5.322000	0.913889	0.815580	4.531429	29.631618	0.199290	-1564.982597	
5.323000	0.875836	0.799388	4.528185	29.629800	0.386200	-1564.910829	
5.324000	0.846238	0.726523	4.524906	29.627804	0.277169	-1564.839395	
5.325000	0.748989	0.839869	4.522493	29.625809	0.284957	-1564.768131	
5.326000	1.061876	0.783196	4.521635	29.624100	0.339473	-1564.696852	
5.327000	0.867379	0.880349	4.522731	29.622723	0.292745	-1564.625383	
5.328000	0.884292	0.969406	4.525721	29.621494	0.378412	-1564.553583	
5.329000	0.795500	0.993694	4.529944	29.620219	0.098047	-1564.481368	
5.330000	0.994225	0.726523	4.534513	29.618829	0.195396	-1564.408704	
5.331000	0.913889	0.847965	4.538986	29.617314	0.277169	-1564.335618	
5.332000	0.968856	0.613178	4.543456	29.615682	0.246017	-1564.262197	
5.333000	0.706707	0.815580	4.547938	29.614067	0.312215	-1564.188587	
5.334000	1.006910	0.839869	4.552182	29.612572	0.160350	-1564.114971	
5.335000	0.905433	0.920829	4.556129	29.611103	0.288851	-1564.041534	
5.336000	0.935030	0.775100	4.559877	29.609582	0.195396	-1563.968431	
5.337000	0.643284	0.945118	4.562962	29.608183	0.179820	-1563.895761	
5.338000	0.960400	0.799388	4.564485	29.607195	0.230441	-1563.823568	
5.339000	0.833553	1.009886	4.564303	29.606680	0.288851	-1563.751843	
5.340000	0.909661	1.050367	4.563056	29.606452	0.265487	-1563.680507	
5.341000	0.825097	0.945118	4.561303	29.606321	0.195396	-1563.609423	
5.342000	1.032279	0.880349	4.559469	29.606241	0.265487	-1563.538422	
5.343000	0.842010	0.864157	4.557922	29.606231	0.210972	-1563.467324	
5.344000	0.884292	1.042271	4.556939	29.606295	0.277169	-1563.395957	
5.345000	0.761674	0.880349	4.556829	29.606514	0.323897	-1563.324196	
5.346000	0.825097	1.009886	4.557781	29.606941	0.179820	-1563.251969	
5.347000	0.922346	0.807484	4.559891	29.607473	0.331685	-1563.179261	
5.348000	0.867379	0.823676	4.563285	29.608026	0.234335	-1563.106119	
5.349000	0.778587	0.888445	4.567760	29.608740	0.292745	-1563.032657	
5.350000	1.019594	0.815580	4.572648	29.609875	0.296639	-1562.959032	
5.351000	0.918118	0.823676	4.577139	29.611493	0.397882	-1562.885426	
5.352000	0.935030	1.017982	4.580605	29.613415	0.284957	-1562.812015	
5.353000	0.930802	0.815580	4.582730	29.615461	0.214866	-1562.738941	
5.354000	1.036507	0.823676	4.583125	29.617613	0.035743	-1562.666296	
5.355000	0.964628	0.831773	4.581125	29.619927	0.320003	-1562.594122	
5.356000	0.820869	1.058463	4.576611	29.622401	0.230441	-1562.522395	
5.357000	0.757446	0.694139	4.570485	29.625049	0.253805	-1562.451025	
5.358000	0.935030	0.847965	4.564078	29.627860	0.133092	-1562.379872	
5.359000	0.951943	0.726523	4.558461	29.630723	0.425140	-1562.308769	
5.360000	0.880064	0.847965	4.554272	29.633556	0.261593	-1562.237543	
5.361000	0.748989	0.872253	4.551886	29.636466	0.273275	-1562.166037	
5.362000	0.989997	1.050367	4.551402	29.639702	0.355048	-1562.094138	
5.363000	0.812412	0.904637	4.552616	29.643354	0.234335	-1562.021783	
5.364000	0.787043	1.131328	4.555340	29.647259	0.335579	-1561.948966	
5.365000	0.964628	0.686043	4.559529	29.651249	0.257699	-1561.875754	
5.366000	0.998453	0.856061	4.564994	29.655336	0.203184	-1561.802272	
5.367000	1.002682	0.750812	4.571189	29.659610	0.312215	-1561.728687	
5.368000	0.846238	1.042271	4.577437	29.664049	0.351155	-1561.655175	
5.369000	0.888520	0.856061	4.583333	29.668573	0.351155	-1561.581901	
5.370000	0.892748	0.718427	4.588761	29.673080	0.144774	-1561.508992	
5.371000	0.960400	0.718427	4.593188	29.677443	0.273275	-1561.436527	
5.372000	0.989997	0.742716	4.595283	29.681575	0.269381	-1561.364526	
5.373000	0.926574	0.783196	4.594261	29.685540	0.183714	-1561.292943	
5.374000	1.036507	0.823676	4.590893	29.689555	0.156456	-1561.221665	
5.375000	0.939259	0.807484	4.586639	29.693718	0.292745	-1561.150543	
5.376000	0.892748	1.066559	4.582659	29.697891	0.386200	-1561.079406	
5.377000	0.951943	0.896541	4.579644	29.701928	0.183714	-1561.008092	
5.378000	0.964628	0.928926	4.578039	29.705893	0.125304	-1560.936469	
5.379000	0.930802	0.694139	4.578074	29.709925	0.300533	-1560.864453	
5.380000	0.871607	0.937022	4.579785	29.714012	0.320003	-1560.792000	
5.381000	0.858923	0.831773	4.583263	29.718027	0.355048	-1560.719122	
5.382000	0.871607	0.775100	4.588402	29.721821	0.055213	-1560.645906	
5.383000	0.875836	0.888445	4.594505	29.725275	0.316109	-1560.572496	
5.384000	0.922346	0.920829	4.600537	29.728308	0.261593	-1560.499066	
5.385000	0.939259	0.928926	4.605575	29.730955	0.230441	-1560.425783	
5.386000	0.930802	0.896541	4.609073	29.733413	0.269381	-1560.352790	
5.387000	0.829325	0.969406	4.610884	29.735803	0.246017	-1560.280188	
5.388000	0.913889	0.880349	4.611016	29.738006	0.273275	-1560.208031	
5.389000	0.901205	0.928926	4.609590	29.739895	0.296639	-1560.136320	
5.390000	1.023823	0.686043	4.606983	29.741577	0.098047	-1560.064993	
5.391000	1.006910	0.775100	4.603803	29.743248	0.226548	-1559.993928	
5.392000	0.951943	0.823676	4.600686	29.744913	0.253805	-1559.922968	
5.393000	0.956171	0.896541	4.598122	29.746413	0.156456	-1559.851942	
5.394000	0.913889	0.677947	4.596438	29.747574	0.024061	-1559.780700	
5.395000	0.871607	0.937022	4.595564	29.748289	0.327791	-1559.709133	
5.396000	0.930802	0.928926	4.594995	29.748503	0.199290	-1559.637174	
5.397000	0.799728	1.042271	4.594644	29.748239	0.300533	-1559.564794	
5.398000	0.922346	0.767004	4.595163	29.747692	0.199290	-1559.492029	
5.399000	0.884292	0.686043	4.596975	29.746996	0.113622	-1559.418983	
5.400000	0.939259	0.726523	4.599759	29.746052	0.300533	-1559.345809	0.000000
5.401000	0.867379	0.888445	4.602872	29.744759	0.323897	-1559.272680	
5.402000	0.871607	0.734620	4.605811	29.743272	0.292745	-1559.199765	
5.403000	0.918118	0.896541	4.608417	29.741834	0.343367	-1559.127190	
5.404000	0.930802	0.912733	4.610686	29.740466	0.432928	-1559.055035	
5.405000	0.854694	1.163712	4.612088	29.738990	0.355048	-1558.983328	
5.406000	0.905433	0.758908	4.611318	29.737215	0.101940	-1558.912049	
5.407000	0.968856	0.904637	4.607593	29.735043	0.273275	-1558.841121	
5.408000	0.964628	0.710331	4.601579	29.732432	0.191502	-1558.770408	
5.409000	0.884292	0.815580	4.594470	29.729396	0.257699	-1558.699746	
5.410000	0.858923	0.896541	4.587087	29.726110	0.316109	-1558.628966	
5.411000	0.905433	0.953214	4.579954	29.722711	0.195396	-1558.557929	
5.412000	0.968856	0.831773	4.573531	29.719104	0.218760	-1558.486538	
5.413000	0.989997	0.928926	4.568202	29.715203	0.148668	-1558.414735	
5.414000	0.782815	0.880349	4.564305	29.711183	0.156456	-1558.342520	
5.415000	1.015366	0.710331	4.562098	29.707326	0.156456	-1558.269958	
5.416000	0.913889	0.839869	4.561563	29.703676	0.308321	-1558.197179	
5.417000	0.884292	1.001790	4.562329	29.700053	0.269381	-1558.124349	
5.418000	0.968856	0.896541	4.563812	29.696267	0.238229	-1558.051647	
5.419000	0.977312	0.912733	4.565389	29.692248	0.253805	-1557.979237	
5.420000	0.973084	1.074655	4.566563	29.687981	0.347261	-1557.907236	
5.421000	0.858923	0.888445	4.566717	29.683483	0.179820	-1557.835702	
5.422000	0.706707	0.880349	4.564849	29.678910	0.312215	-1557.764641	
5.423000	0.880064	0.783196	4.560518	29.674379	0.207078	-1557.694004	
5.424000	0.977312	0.767004	4.554657	29.669794	0.386200	-1557.623680	
5.425000	0.892748	0.815580	4.548819	29.665075	0.292745	-1557.553515	
5.426000	0.702479	0.977502	4.544019	29.660405	0.300533	-1557.483334	
5.427000	1.019594	0.953214	4.540422	29.656079	0.401776	-1557.412972	
5.428000	0.875836	0.856061	4.537972	29.652153	0.207078	-1557.342295	
5.429000	0.875836	1.074655	4.536617	29.648443	0.312215	-1557.271217	
5.430000	0.871607	0.799388	4.536000	29.644755	0.257699	-1557.199703	
5.431000	1.011138	0.775100	4.535834	29.641034	0.121410	-1557.127777	
5.432000	1.011138	0.928926	4.536223	29.637289	0.234335	-1557.055529	
5.433000	1.053420	0.831773	4.537291	29.633533	0.253805	-1556.983104	
5.434000	0.668654	0.937022	4.538930	29.629870	0.284957	-1556.910676	
5.435000	0.888520	0.661755	4.541011	29.626379	0.094153	-1556.838426	
5.436000	0.892748	0.880349	4.543528	29.622963	0.316109	-1556.766507	
5.437000	0.863151	0.807484	4.546082	29.619547	0.327791	-1556.695019	
5.438000	0.655969	0.904637	4.547521	29.616297	0.214866	-1556.624006	
5.439000	0.981541	0.815580	4.546908	29.613493	0.308321	-1556.553458	
5.440000	0.884292	0.880349	4.544293	29.611199	0.292745	-1556.483302	
5.441000	0.892748	1.058463	4.540318	29.609241	0.304427	-1556.413410	
5.442000	0.782815	0.823676	4.535855	29.607437	0.284957	-1556.343619	
5.443000	1.044964	0.823676	4.531614	29.605761	0.168138	-1556.273757	
5.444000	0.875836	0.912733	4.527697	29.604251	0.230441	-1556.203662	
5.445000	0.935030	0.977502	4.523769	29.602898	0.351155	-1556.133206	
5.446000	0.634828	0.880349	4.519597	29.601720	0.281063	-1556.062310	
5.447000	0.943487	0.783196	4.515577	29.600712	0.195396	-1555.990953	
5.448000	0.926574	0.912733	4.512791	29.599759	0.351155	-1555.919181	
5.449000	0.998453	0.726523	4.512032	29.598772	0.168138	-1555.847107	
5.450000	0.753218	0.880349	4.513084	29.597864	0.335579	-1555.774885	
5.451000	1.108387	0.864157	4.515201	29.597284	0.296639	-1555.702693	
5.452000	0.905433	0.937022	4.517703	29.597112	0.378412	-1555.630705	
5.453000	0.935030	1.090847	4.520287	29.597184	0.277169	-1555.559060	
5.454000	0.884292	0.945118	4.522941	29.597328	0.234335	-1555.487851	
5.455000	1.002682	0.783196	4.525401	29.597549	0.160350	-1555.417121	
5.456000	0.998453	0.637467	4.527227	29.597923	0.144774	-1555.346858	
5.457000	0.896977	0.961310	4.528411	29.598451	0.362836	-1555.276978	
5.458000	0.757446	0.953214	4.529410	29.599122	0.277169	-1555.207337	
5.459000	0.930802	0.912733	4.530676	29.599904	0.160350	-1555.137771	
5.460000	0.905433	0.920829	4.532399	29.600690	0.265487	-1555.068111	
5.461000	0.875836	0.896541	4.534615	29.601395	0.281063	-1554.998207	
5.462000	0.744761	1.163712	4.537509	29.602092	0.284957	-1554.927945	
5.463000	1.044964	0.669851	4.541525	29.602997	0.296639	-1554.857255	
5.464000	0.842010	0.718427	4.546989	29.604195	0.347261	-1554.786124	
5.465000	0.926574	0.961310	4.553813	29.605532	0.370624	-1554.714606	
5.466000	0.892748	0.742716	4.561546	29.606849	0.284957	-1554.642826	
5.467000	1.036507	0.937022	4.569434	29.608186	0.086365	-1554.570950	
5.468000	0.998453	0.872253	4.576713	29.609659	0.214866	-1554.499163	
5.469000	0.871607	1.196096	4.582981	29.611251	0.320003	-1554.427629	
5.470000	0.977312	0.839869	4.588013	29.612855	0.312215	-1554.356471	
5.471000	0.901205	0.993694	4.591517	29.614346	0.024061	-1554.285765	
5.472000	1.061876	0.815580	4.593328	29.615601	0.265487	-1554.215539	
5.473000	0.901205	0.742716	4.593578	29.616540	0.249911	-1554.145758	
5.474000	0.943487	0.969406	4.592701	29.617211	0.226548	-1554.076319	
5.475000	0.935030	0.904637	4.591421	29.617816	0.055213	-1554.007075	
5.476000	0.922346	0.888445	4.590450	29.618467	0.191502	-1553.937856	
5.477000	0.850466	1.090847	4.590119	29.619038	0.257699	-1553.868495	
5.478000	0.863151	0.775100	4.590420	29.619400	0.238229	-1553.798853	
5.479000	0.888520	1.058463	4.591089	29.619643	0.035743	-1553.728832	
5.480000	1.015366	0.491737	4.591711	29.619938	0.234335	-1553.658385	
5.481000	0.740533	0.953214	4.592216	29.620289	0.339473	-1553.587516	
5.482000	0.884292	0.993694	4.592852	29.620561	0.335579	-1553.516301	
5.483000	0.922346	0.937022	4.593590	29.620602	0.199290	-1553.444882	
5.484000	1.019594	0.831773	4.594176	29.620297	0.284957	-1553.373437	
5.485000	0.854694	0.758908	4.594521	29.619574	0.234335	-1553.302142	
5.486000	0.871607	0.888445	4.594707	29.618460	0.374518	-1553.231143	
5.487000	0.799728	0.969406	4.594988	29.617144	0.152562	-1553.160541	
5.488000	1.006910	0.799388	4.595622	29.615754	0.218760	-1553.090392	
5.489000	0.947715	0.920829	4.596469	29.614173	0.269381	-1553.020705	
5.490000	0.909661	0.783196	4.597118	29.612285	0.296639	-1552.951418	
5.491000	0.951943	0.839869	4.597471	29.610215	0.027955	-1552.882413	
5.492000	1.049192	0.839869	4.597855	29.608179	0.230441	-1552.813538	
5.493000	0.850466	0.872253	4.598604	29.606193	0.277169	-1552.744621	
5.494000	0.863151	0.904637	4.599904	29.604095	0.281063	-1552.675506	
5.495000	0.846238	0.823676	4.601984	29.601706	0.121410	-1552.606071	
5.496000	0.981541	0.856061	4.605177	29.598927	0.242123	-1552.536247	
5.497000	0.994225	0.945118	4.609796	29.595706	0.300533	-1552.466009	
5.498000	0.871607	0.969406	4.615836	29.592065	0.261593	-1552.395391	
5.499000	0.820869	0.856061	4.622834	29.588191	0.238229	-1552.324491	
5.500000	0.871607	0.896541	4.630064	29.584226	0.253805	-1552.253459	0.000000
5.501000	0.833553	0.823676	4.636783	29.580076	0.362836	-1552.182472	
5.502000	0.837782	0.847965	4.642366	29.575648	0.257699	-1552.111695	
5.503000	0.833553	0.831773	4.646320	29.571107	0.179820	-1552.041261	
5.504000	0.884292	0.823676	4.648393	29.566714	0.234335	-1551.971250	
5.505000	0.905433	0.767004	4.648562	29.562503	0.409564	-1551.901696	
5.506000	0.854694	0.953214	4.646971	29.558293	0.331685	-1551.832583	
5.507000	0.960400	0.750812	4.644003	29.553893	0.175926	-1551.763835	
5.508000	0.977312	0.710331	4.640201	29.549215	0.191502	-1551.695328	
5.509000	0.977312	0.677947	4.636131	29.544229	0.296639	-1551.626904	
5.510000	0.837782	1.034175	4.632270	29.538950	0.273275	-1551.558391	
5.511000	0.808184	0.912733	4.628831	29.533550	0.288851	-1551.489636	
5.512000	0.905433	0.823676	4.625816	29.528161	0.304427	-1551.420532	
5.513000	0.913889	0.758908	4.623295	29.522691	0.308321	-1551.351026	
5.514000	0.905433	0.702235	4.621580	29.517060	0.179820	-1551.281113	
5.515000	0.778587	0.637467	4.620997	29.511456	0.242123	-1551.210856	
5.516000	1.011138	0.783196	4.621498	29.506177	0.378412	-1551.140381	
5.517000	0.918118	0.807484	4.622598	29.501283	0.261593	-1551.069848	
5.518000	0.803956	1.139424	4.623691	29.496597	0.238229	-1550.999432	
5.519000	0.880064	0.864157	4.624349	29.491928	0.269381	-1550.929288	
5.520000	0.875836	0.856061	4.624400	29.487213	0.203184	-1550.859537	
5.521000	0.901205	0.791292	4.623364	29.482447	0.273275	-1550.790244	
5.522000	0.854694	1.001790	4.619867	29.477640	0.417352	-1550.721424	
5.523000	0.727848	0.904637	4.612675	29.472910	0.440716	-1550.653030	
5.524000	0.854694	1.066559	4.602315	29.468344	0.296639	-1550.584958	
5.525000	0.943487	0.920829	4.590798	29.463843	0.401776	-1550.517061	
5.526000	0.884292	0.799388	4.579971	29.459329	0.218760	-1550.449167	
5.527000	0.719392	0.977502	4.570667	29.454980	0.273275	-1550.381104	
5.528000	1.019594	0.694139	4.563209	29.451081	0.362836	-1550.312731	
5.529000	0.977312	0.783196	4.558007	29.447690	0.242123	-1550.243955	
5.530000	0.989997	0.937022	4.555655	29.444622	0.308321	-1550.174731	
5.531000	0.994225	0.799388	4.556801	29.441687	0.191502	-1550.105078	
5.532000	1.066105	0.823676	4.561372	29.438845	0.035743	-1550.035085	
5.533000	0.947715	0.880349	4.568201	29.436122	0.098047	-1549.964900	
5.534000	0.892748	0.904637	4.575786	29.433519	0.300533	-1549.894698	
5.535000	0.677110	0.807484	4.582878	29.431097	0.226548	-1549.824651	
5.536000	0.901205	0.775100	4.588582	29.428886	0.086365	-1549.754912	
5.537000	0.888520	0.896541	4.592525	29.426777	0.207078	-1549.685583	
5.538000	0.880064	0.864157	4.594921	29.424689	0.234335	-1549.616713	
5.539000	0.706707	0.904637	4.596028	29.422764	0.292745	-1549.548292	
5.540000	0.935030	0.791292	4.595759	29.421271	0.308321	-1549.480251	
5.541000	0.808184	0.880349	4.594136	29.420286	0.335579	-1549.412464	
5.542000	0.909661	0.985598	4.591563	29.419635	0.382306	-1549.344769	
5.543000	0.803956	0.912733	4.588435	29.419138	0.355048	-1549.276993	
5.544000	1.032279	0.831773	4.584901	29.418780	0.234335	-1549.208971	
5.545000	0.896977	0.775100	4.581106	29.418618	0.292745	-1549.140579	
5.546000	0.888520	0.928926	4.577154	29.418633	0.234335	-1549.071737	
5.547000	0.736305	0.791292	4.573121	29.418801	0.269381	-1549.002426	
5.548000	0.973084	0.694139	4.569529	29.419072	0.129198	-1548.932697	
5.549000	0.943487	0.710331	4.566971	29.419327	0.378412	-1548.862672	
5.550000	0.981541	0.823676	4.565364	29.419476	0.246017	-1548.792517	
5.551000	0.795500	0.985598	4.564272	29.419608	0.269381	-1548.722410	
5.552000	1.011138	0.888445	4.563418	29.419948	0.214866	-1548.652525	
5.553000	0.863151	0.831773	4.562781	29.420581	0.296639	-1548.583001	
5.554000	1.019594	0.945118	4.562907	29.421353	0.347261	-1548.513927	
5.555000	0.901205	0.702235	4.564709	29.422109	0.296639	-1548.445344	
5.556000	1.057648	0.823676	4.568222	29.422886	0.090259	-1548.377240	
5.557000	1.011138	0.904637	4.572394	29.423798	0.304427	-1548.309534	
5.558000	0.888520	1.074655	4.576276	29.424842	0.355048	-1548.242085	
5.559000	0.761674	0.977502	4.579358	29.425946	0.226548	-1548.174721	
5.560000	0.808184	0.920829	4.581145	29.427013	0.074683	-1548.107267	
5.561000	0.896977	0.937022	4.581271	29.427928	0.284957	-1548.039571	
5.562000	0.926574	0.807484	4.579740	29.428603	0.378412	-1547.971519	
5.563000	0.863151	0.815580	4.576895	29.429082	0.331685	-1547.903042	
5.564000	0.985769	0.839869	4.573334	29.429570	0.343367	-1547.834129	
5.565000	0.901205	0.767004	4.569674	29.430171	0.366730	-1547.764846	
5.566000	0.956171	1.034175	4.566263	29.430753	0.261593	-1547.695322	
5.567000	0.913889	0.775100	4.563088	29.431178	0.308321	-1547.625730	
5.568000	0.985769	0.928926	4.559912	29.431524	0.144774	-1547.556256	
5.569000	0.989997	0.734620	4.556361	29.431950	0.331685	-1547.487073	
5.570000	0.901205	0.904637	4.551987	29.432449	0.327791	-1547.418306	
5.571000	0.947715	0.686043	4.546439	29.432884	0.226548	-1547.350028	
5.572000	0.922346	0.775100	4.539585	29.433103	0.082471	-1547.282268	
5.573000	1.002682	0.767004	4.531871	29.432996	0.183714	-1547.214997	
5.574000	0.901205	0.872253	4.524313	29.432491	0.117516	-1547.148119	
5.575000	0.922346	0.823676	4.517911	29.431621	0.261593	-1547.081480	
5.576000	0.842010	0.847965	4.513322	29.430580	0.253805	-1547.014903	
5.577000	0.884292	0.791292	4.510758	29.429496	0.308321	-1546.948207	
5.578000	0.846238	1.026079	4.510121	29.428255	0.277169	-1546.881244	
5.579000	0.935030	0.435065	4.511344	29.426746	0.253805	-1546.813914	
5.580000	0.782815	1.066559	4.514591	29.425093	0.210972	-1546.746167	
5.581000	1.049192	0.823676	4.520013	29.423512	0.273275	-1546.678017	
5.582000	0.846238	1.074655	4.527418	29.422018	0.312215	-1546.609540	
5.583000	0.896977	0.872253	4.536286	29.420444	0.312215	-1546.540872	
5.584000	0.825097	0.839869	4.545779	29.418613	0.148668	-1546.472190	
5.585000	0.981541	0.613178	4.554963	29.416419	0.187608	-1546.403678	
5.586000	0.913889	0.734620	4.563367	29.413807	0.210972	-1546.335493	
5.587000	0.918118	0.847965	4.571071	29.410790	0.253805	-1546.267741	
5.588000	0.753218	0.839869	4.578285	29.407549	0.300533	-1546.200481	
5.589000	0.981541	0.896541	4.584940	29.404218	0.187608	-1546.133722	
5.590000	0.985769	0.783196	4.590621	29.400698	0.261593	-1546.067411	
5.591000	0.951943	0.767004	4.594973	29.396894	0.249911	-1546.001430	
5.592000	0.778587	0.839869	4.598036	29.392971	0.078577	-1545.935620	
5.593000	1.002682	0.742716	4.600027	29.389186	0.312215	-1545.869804	
5.594000	0.892748	0.904637	4.600987	29.385569	0.230441	-1545.803808	
5.595000	0.888520	0.799388	4.600903	29.381938	0.218760	-1545.737497	
5.596000	0.854694	0.750812	4.600007	29.378106	0.148668	-1545.670786	
5.597000	1.006910	0.742716	4.598605	29.373989	0.249911	-1545.603648	
5.598000	0.918118	0.742716	4.596959	29.369561	0.269381	-1545.536114	
5.599000	0.854694	0.953214	4.595315	29.364841	0.265487	-1545.468281	
5.600000	0.639056	0.775100	4.593637	29.360001	0.335579	-1545.400298	0.000000
5.601000	0.905433	0.928926	4.591731	29.355171	0.253805	-1545.332338	
5.602000	0.947715	0.807484	4.589641	29.350257	0.366730	-1545.264572	
5.603000	0.892748	0.831773	4.587648	29.345173	0.300533	-1545.197135	
5.604000	0.694023	0.669851	4.586188	29.340102	0.172032	-1545.130110	
5.605000	1.036507	0.912733	4.585735	29.335332	0.210972	-1545.063533	
5.606000	0.935030	0.856061	4.586259	29.330911	0.347261	-1544.997393	
5.607000	0.854694	0.977502	4.587208	29.326653	0.273275	-1544.931614	
5.608000	0.947715	0.823676	4.588283	29.322367	0.152562	-1544.866068	
5.609000	1.011138	0.969406	4.589576	29.317982	0.183714	-1544.800595	
5.610000	1.019594	0.726523	4.591126	29.313491	0.148668	-1544.735025	
5.611000	0.867379	0.896541	4.592929	29.308906	0.277169	-1544.669199	
5.612000	0.719392	0.661755	4.595389	29.304364	0.113622	-1544.603001	
5.613000	0.884292	0.758908	4.599179	29.299974	0.218760	-1544.536369	
5.614000	1.002682	0.742716	4.604518	29.295644	0.288851	-1544.469301	
5.615000	0.994225	0.969406	4.611028	29.291297	0.191502	-1544.401859	
5.616000	0.710936	0.928926	4.618063	29.287112	0.238229	-1544.334162	
5.617000	0.947715	0.969406	4.624786	29.283380	0.335579	-1544.266367	
5.618000	0.926574	0.783196	4.630381	29.280162	0.284957	-1544.198643	
5.619000	0.761674	0.961310	4.634233	29.277278	0.304427	-1544.131146	
5.620000	0.901205	0.750812	4.635818	29.274537	0.323897	-1544.063995	
5.621000	0.926574	0.872253	4.634881	29.271895	0.210972	-1543.997263	
5.622000	0.943487	1.139424	4.631495	29.269364	0.246017	-1543.930972	
5.623000	0.842010	1.082751	4.625830	29.266944	0.288851	-1543.865086	
5.624000	0.706707	0.856061	4.618449	29.264707	0.362836	-1543.799500	
5.625000	0.850466	0.872253	4.610486	29.262702	0.179820	-1543.734069	
5.626000	0.981541	0.734620	4.602961	29.260822	0.405670	-1543.668624	
5.627000	0.863151	0.791292	4.596219	29.258984	0.284957	-1543.602994	
5.628000	0.782815	0.888445	4.590339	29.257342	0.277169	-1543.537036	
5.629000	1.066105	0.928926	4.586013	29.256175	0.172032	-1543.470654	
5.630000	0.985769	0.872253	4.584499	29.255556	0.242123	-1543.403807	
5.631000	0.892748	1.107039	4.586370	29.255314	0.331685	-1543.336507	
5.632000	0.918118	0.904637	4.590944	29.255268	0.109728	-1543.268840	
5.633000	0.960400	0.864157	4.596992	29.255402	-0.088864	-1543.200948	
5.634000	0.951943	0.831773	4.603517	29.255766	0.261593	-1543.133003	
5.635000	0.880064	0.969406	4.610199	29.256354	0.288851	-1543.065178	
5.636000	0.748989	0.912733	4.616969	29.257174	0.370624	-1542.997617	
5.637000	0.875836	0.750812	4.623219	29.258211	0.207078	-1542.930429	
5.638000	0.871607	0.945118	4.628050	29.259355	0.308321	-1542.863672	
5.639000	0.892748	0.823676	4.630838	29.260519	0.238229	-1542.797351	
5.640000	0.727848	0.896541	4.631294	29.261809	0.320003	-1542.731399	
5.641000	0.947715	0.928926	4.629526	29.263462	0.308321	-1542.665690	
5.642000	0.875836	0.856061	4.626042	29.265557	0.370624	-1542.600061	
5.643000	0.863151	0.969406	4.621468	29.267928	0.386200	-1542.534334	
5.644000	0.854694	0.961310	4.616477	29.270404	0.304427	-1542.468341	
5.645000	1.044964	0.912733	4.611857	29.272998	0.109728	-1542.401958	
5.646000	0.880064	0.791292	4.608222	29.275797	0.222654	-1542.335112	
5.647000	0.960400	1.074655	4.605610	29.278787	0.362836	-1542.267778	
5.648000	0.778587	0.904637	4.603441	29.281902	0.246017	-1542.199996	
5.649000	0.880064	0.758908	4.601060	29.285057	-0.007091	-1542.131876	
5.650000	0.922346	0.839869	4.598256	29.288131	0.316109	-1542.063580	
5.651000	0.947715	0.758908	4.595090	29.291036	0.343367	-1541.995287	
5.652000	0.825097	0.977502	4.591685	29.293828	0.316109	-1541.927167	
5.653000	1.023823	0.758908	4.588211	29.296711	0.246017	-1541.859356	
5.654000	0.901205	0.985598	4.584596	29.299777	0.288851	-1541.791944	
5.655000	0.935030	0.977502	4.580334	29.302885	0.393988	-1541.724973	
5.656000	0.829325	0.985598	4.574986	29.305890	0.253805	-1541.658433	
5.657000	1.057648	0.945118	4.568740	29.308855	0.230441	-1541.592248	
5.658000	0.871607	0.969406	4.562350	29.311917	0.269381	-1541.526287	
5.659000	0.846238	1.058463	4.556797	29.315070	0.308321	-1541.460378	
5.660000	0.812412	0.953214	4.552804	29.318197	0.475762	-1541.394340	
5.661000	0.947715	0.807484	4.550453	29.321162	0.152562	-1541.328019	
5.662000	0.918118	1.163712	4.549555	29.323847	0.304427	-1541.261307	
5.663000	0.875836	0.831773	4.550475	29.326174	0.183714	-1541.194144	
5.664000	0.867379	1.050367	4.553954	29.328176	0.288851	-1541.126521	
5.665000	0.985769	0.945118	4.560044	29.330048	0.226548	-1541.058495	
5.666000	0.888520	0.791292	4.567780	29.331904	0.374518	-1540.990192	
5.667000	0.973084	0.953214	4.575797	29.333620	0.366730	-1540.921779	
5.668000	0.918118	0.807484	4.583011	29.335067	0.269381	-1540.853433	
5.669000	1.061876	0.750812	4.588856	29.336347	0.160350	-1540.785323	
5.670000	0.981541	0.815580	4.593094	29.337645	0.296639	-1540.717580	
5.671000	0.909661	0.880349	4.595661	29.338971	0.218760	-1540.650282	
5.672000	0.846238	1.042271	4.596731	29.340184	0.261593	-1540.583459	
5.673000	0.901205	0.920829	4.596611	29.341125	0.129198	-1540.517086	
5.674000	0.956171	0.791292	4.595538	29.341691	0.168138	-1540.451072	
5.675000	0.888520	0.880349	4.593773	29.341818	0.265487	-1540.385270	
5.676000	0.854694	0.864157	4.591611	29.341533	0.362836	-1540.319499	
5.677000	0.867379	0.767004	4.589119	29.341034	0.214866	-1540.253580	
5.678000	0.871607	0.775100	4.586061	29.340463	0.210972	-1540.187368	
5.679000	0.888520	0.831773	4.582211	29.339716	0.390094	-1540.120767	
5.680000	0.973084	0.783196	4.577764	29.338690	0.160350	-1540.053725	
5.681000	0.871607	0.920829	4.573417	29.337528	0.168138	-1539.986245	
5.682000	0.926574	0.775100	4.569851	29.336461	0.284957	-1539.918398	
5.683000	0.820869	0.928926	4.567150	29.335511	0.339473	-1539.850313	
5.684000	0.939259	0.815580	4.564928	29.334502	0.277169	-1539.782157	
5.685000	0.905433	0.799388	4.562888	29.333247	0.152562	-1539.714110	
5.686000	1.066105	0.710331	4.560916	29.331650	0.284957	-1539.646335	
5.687000	0.918118	0.775100	4.558731	29.329666	0.179820	-1539.578951	
5.688000	0.994225	0.694139	4.555954	29.327314	0.296639	-1539.512024	
5.689000	0.753218	0.726523	4.552615	29.324779	0.269381	-1539.445566	
5.690000	0.905433	0.864157	4.549186	29.322207	0.148668	-1539.379529	
5.691000	0.892748	0.864157	4.546239	29.319507	0.331685	-1539.313804	
5.692000	0.918118	0.767004	4.544304	29.316591	0.172032	-1539.248236	
5.693000	0.787043	0.937022	4.543756	29.313633	0.160350	-1539.182650	
5.694000	1.070333	0.783196	4.544721	29.310906	0.292745	-1539.116880	
5.695000	0.820869	0.847965	4.547137	29.308449	0.401776	-1539.050793	
5.696000	1.006910	0.831773	4.551095	29.306085	0.277169	-1538.984304	
5.697000	0.816641	0.831773	4.557066	29.303625	0.230441	-1538.917384	
5.698000	0.943487	0.742716	4.565087	29.300994	0.207078	-1538.850064	
5.699000	0.909661	0.839869	4.574209	29.298166	0.362836	-1538.782438	
5.700000	0.918118	0.985598	4.583169	29.295154	0.300533	-1538.714644	0.000000
5.701000	0.702479	0.864157	4.590955	29.292112	0.292745	-1538.646845	
5.702000	0.935030	0.742716	4.597007	29.289162	0.156456	-1538.579210	
5.703000	0.892748	0.734620	4.601172	29.286209	0.358942	-1538.511882	
5.704000	0.956171	0.783196	4.603218	29.283169	0.144774	-1538.444958	
5.705000	0.672882	0.847965	4.603047	29.280224	0.249911	-1538.378481	
5.706000	1.028051	0.661755	4.601343	29.277664	0.218760	-1538.312443	
5.707000	0.808184	0.807484	4.599008	29.275541	0.320003	-1538.246769	
5.708000	0.964628	1.034175	4.596435	29.273670	0.304427	-1538.181326	
5.709000	0.926574	0.791292	4.593740	29.271857	0.047425	-1538.115947	
5.710000	1.032279	0.677947	4.591001	29.270046	0.059107	-1538.050463	
5.711000	0.909661	0.686043	4.588357	29.268241	0.187608	-1537.984722	
5.712000	0.909661	0.912733	4.586021	29.266455	0.214866	-1537.918606	
5.713000	0.715164	0.799388	4.584186	29.264800	0.187608	-1537.852048	
5.714000	0.846238	1.026079	4.583159	29.263359	0.281063	-1537.785036	
5.715000	0.837782	0.928926	4.583313	29.262035	0.366730	-1537.717626	
5.716000	0.854694	0.831773	4.584560	29.260748	0.133092	-1537.649936	
5.717000	0.702479	0.718427	4.586156	29.259665	0.191502	-1537.582116	
5.718000	0.964628	0.718427	4.587292	29.259070	0.277169	-1537.514333	
5.719000	0.909661	0.742716	4.587610	29.259030	0.320003	-1537.446746	
5.720000	0.905433	1.074655	4.587098	29.259362	0.296639	-1537.379478	
5.721000	0.960400	0.864157	4.585851	29.259876	0.284957	-1537.312603	
5.722000	0.926574	1.034175	4.584030	29.260535	0.242123	-1537.246149	
5.723000	0.909661	0.880349	4.581817	29.261365	0.195396	-1537.180084	
5.724000	0.854694	1.017982	4.579353	29.262357	0.281063	-1537.114304	
5.725000	0.740533	0.653659	4.576889	29.263544	0.199290	-1537.048663	
5.726000	0.858923	0.791292	4.574753	29.264937	0.059107	-1536.983000	
5.727000	1.006910	0.783196	4.573139	29.266421	0.281063	-1536.917152	
5.728000	0.930802	0.775100	4.572104	29.267914	0.249911	-1536.850982	
5.729000	0.778587	0.945118	4.571628	29.269545	0.125304	-1536.784395	
5.730000	0.922346	0.985598	4.571791	29.271577	0.238229	-1536.717343	
5.731000	0.888520	0.839869	4.572799	29.274088	0.355048	-1536.649831	
5.732000	0.791271	0.961310	4.574631	29.276912	0.397882	-1536.581936	
5.733000	0.930802	0.718427	4.576877	29.279874	0.261593	-1536.513791	
5.734000	0.973084	0.896541	4.579000	29.282974	-0.003197	-1536.445566	
5.735000	0.947715	0.856061	4.580676	29.286281	0.199290	-1536.377435	
5.736000	0.863151	1.188000	4.581817	29.289791	0.300533	-1536.309550	
5.737000	0.774359	0.985598	4.582536	29.293484	0.292745	-1536.242018	
5.738000	0.770130	0.953214	4.583258	29.297319	0.172032	-1536.174898	
5.739000	0.939259	0.750812	4.584219	29.301180	0.339473	-1536.108201	
5.740000	0.901205	0.888445	4.585169	29.304976	0.308321	-1536.041866	
5.741000	0.816641	0.856061	4.585943	29.308785	0.234335	-1535.975769	
5.742000	0.968856	0.904637	4.586661	29.312831	0.261593	-1535.909745	
5.743000	0.888520	0.953214	4.587413	29.317199	0.390094	-1535.843622	
5.744000	0.935030	1.034175	4.588171	29.321733	0.331685	-1535.777237	
5.745000	0.951943	0.847965	4.588906	29.326274	0.323897	-1535.710468	
5.746000	1.049192	0.742716	4.589772	29.330854	0.246017	-1535.643240	
5.747000	0.968856	0.872253	4.590881	29.335584	0.320003	-1535.575530	
5.748000	0.922346	1.090847	4.591750	29.340449	0.246017	-1535.507368	
5.749000	0.850466	0.758908	4.591841	29.345358	0.339473	-1535.438854	
5.750000	0.896977	0.775100	4.591212	29.350202	0.078577	-1535.370144	
5.751000	0.973084	0.839869	4.590003	29.354867	0.327791	-1535.301426	
5.752000	0.981541	0.775100	4.588163	29.359273	0.269381	-1535.232876	
5.753000	0.867379	0.937022	4.585829	29.363476	0.187608	-1535.164631	
5.754000	1.028051	0.839869	4.583328	29.367690	0.378412	-1535.096778	
5.755000	0.803956	1.074655	4.580927	29.372032	0.355048	-1535.029356	
5.756000	0.926574	0.920829	4.578872	29.376370	0.304427	-1534.962348	
5.757000	0.799728	1.115135	4.577426	29.380567	0.292745	-1534.895674	
5.758000	1.006910	0.847965	4.576838	29.384701	0.175926	-1534.829200	
5.759000	0.977312	0.839869	4.577205	29.388935	0.343367	-1534.762757	
5.760000	0.930802	0.985598	4.578395	29.393267	0.343367	-1534.696168	
5.761000	0.846238	0.920829	4.580409	29.397563	0.327791	-1534.629276	
5.762000	0.926574	0.839869	4.583715	29.401674	0.094153	-1534.561973	
5.763000	0.850466	0.961310	4.588970	29.405486	0.355048	-1534.494203	
5.764000	0.951943	0.799388	4.596135	29.408922	0.253805	-1534.425954	
5.765000	0.846238	0.928926	4.604347	29.412003	0.210972	-1534.357280	
5.766000	0.973084	0.799388	4.612666	29.414921	0.214866	-1534.288300	
5.767000	0.943487	0.807484	4.620236	29.417806	0.253805	-1534.219182	
5.768000	1.023823	0.815580	4.626449	29.420546	0.304427	-1534.150117	
5.769000	0.888520	0.888445	4.631185	29.423028	0.257699	-1534.081281	
5.770000	0.930802	0.904637	4.634400	29.425383	0.148668	-1534.012813	
5.771000	0.981541	0.831773	4.636013	29.427830	0.304427	-1533.944794	
5.772000	0.968856	1.026079	4.636189	29.430384	0.277169	-1533.877250	
5.773000	0.863151	0.920829	4.635147	29.432878	0.261593	-1533.810149	
5.774000	0.960400	0.726523	4.633059	29.435133	0.117516	-1533.743397	
5.775000	0.973084	0.783196	4.630294	29.437049	0.347261	-1533.676850	
5.776000	0.964628	0.888445	4.627448	29.438578	0.284957	-1533.610337	
5.777000	0.816641	0.961310	4.625002	29.439740	0.308321	-1533.543680	
5.778000	0.782815	0.920829	4.622970	29.440722	0.207078	-1533.476726	
5.779000	0.863151	0.985598	4.621054	29.441661	0.300533	-1533.409375	
5.780000	0.926574	0.791292	4.619151	29.442451	0.300533	-1533.341574	
5.781000	0.871607	0.686043	4.617561	29.442995	0.320003	-1533.273325	
5.782000	0.787043	0.823676	4.616663	29.443454	0.078577	-1533.204706	
5.783000	1.028051	0.783196	4.616452	29.444083	0.292745	-1533.135856	
5.784000	0.935030	0.815580	4.616540	29.444910	0.238229	-1533.066950	
5.785000	0.918118	0.856061	4.616507	29.445752	0.210972	-1532.998175	
5.786000	0.918118	0.953214	4.616088	29.446416	0.183714	-1532.929695	
5.787000	0.998453	0.516025	4.615113	29.446814	0.265487	-1532.861632	
5.788000	0.909661	0.912733	4.613258	29.446911	0.218760	-1532.794052	
5.789000	0.896977	0.961310	4.610141	29.446720	0.191502	-1532.726961	
5.790000	0.761674	0.864157	4.605827	29.446411	0.327791	-1532.660303	
5.791000	0.956171	0.758908	4.600926	29.446117	0.172032	-1532.593963	
5.792000	0.926574	0.872253	4.596203	29.445747	0.331685	-1532.527789	
5.793000	0.935030	0.856061	4.592262	29.445221	0.288851	-1532.461604	
5.794000	0.639056	0.945118	4.589413	29.444726	0.113622	-1532.395237	
5.795000	1.023823	0.791292	4.587786	29.444552	0.238229	-1532.328549	
5.796000	0.808184	0.993694	4.587485	29.444747	0.323897	-1532.261450	
5.797000	0.833553	0.937022	4.588651	29.445125	0.327791	-1532.193903	
5.798000	0.871607	0.920829	4.591449	29.445488	0.234335	-1532.125933	
5.799000	1.074561	0.629370	4.595604	29.445764	0.238229	-1532.057638	
5.800000	0.913889	0.896541	4.600155	29.445942	0.269381	-1531.989173	0.000000
5.801000	0.935030	0.783196	4.604236	29.446030	0.327791	-1531.920714	
5.802000	0.668654	0.888445	4.607530	29.446163	0.312215	-1531.852440	
5.803000	0.909661	0.686043	4.609782	29.446438	0.210972	-1531.784501	
5.804000	0.880064	0.605082	4.610668	29.446758	0.284957	-1531.716999	
5.805000	0.918118	0.807484	4.610126	29.447038	0.195396	-1531.649983	
5.806000	0.761674	0.807484	4.608241	29.447447	0.261593	-1531.583442	
5.807000	1.133756	0.888445	4.604962	29.448267	0.222654	-1531.517306	
5.808000	0.922346	0.791292	4.600342	29.449556	0.351155	-1531.451446	
5.809000	0.930802	0.928926	4.594874	29.451129	0.261593	-1531.385703	
5.810000	0.880064	0.807484	4.589415	29.452800	0.094153	-1531.319909	
5.811000	0.998453	0.888445	4.584706	29.454525	0.086365	-1531.253913	
5.812000	0.951943	0.718427	4.581123	29.456330	0.222654	-1531.187598	
5.813000	0.871607	1.074655	4.578958	29.458221	0.343367	-1531.120888	
5.814000	0.753218	0.807484	4.578459	29.460280	0.304427	-1531.053758	
5.815000	0.888520	0.831773	4.579474	29.462563	0.125304	-1530.986260	
5.816000	0.880064	0.694139	4.581377	29.464966	0.397882	-1530.918515	
5.817000	0.850466	0.864157	4.583402	29.467409	0.199290	-1530.850680	
5.818000	0.723620	0.928926	4.584999	29.470031	0.292745	-1530.782925	
5.819000	0.989997	0.953214	4.585992	29.473098	0.335579	-1530.715410	
5.820000	0.905433	0.839869	4.586482	29.476678	0.316109	-1530.648259	
5.821000	0.812412	0.920829	4.586435	29.480592	0.421246	-1530.581547	
5.822000	0.905433	0.904637	4.585434	29.484655	0.281063	-1530.515306	
5.823000	0.998453	0.815580	4.583120	29.488850	0.160350	-1530.449513	
5.824000	0.973084	0.742716	4.579613	29.493228	0.238229	-1530.384087	
5.825000	0.892748	0.937022	4.575380	29.497775	0.370624	-1530.318886	
5.826000	0.825097	0.847965	4.570968	29.502488	0.230441	-1530.253746	
5.827000	0.896977	0.847965	4.566763	29.507339	0.117516	-1530.188503	
5.828000	0.922346	0.880349	4.562972	29.512214	0.210972	-1530.123022	
5.829000	0.837782	0.904637	4.559651	29.517024	0.059107	-1530.057205	
5.830000	0.748989	0.775100	4.556744	29.521865	0.195396	-1529.990996	
5.831000	1.023823	0.767004	4.554394	29.526970	0.320003	-1529.924392	
5.832000	0.977312	0.872253	4.552906	29.532425	0.339473	-1529.857458	
5.833000	0.884292	1.026079	4.552253	29.538074	0.499125	-1529.790323	
5.834000	0.905433	0.945118	4.552113	29.543759	0.140880	-1529.723155	
5.835000	0.964628	0.847965	4.552223	29.549505	0.000697	-1529.656129	
5.836000	0.871607	0.896541	4.552325	29.555415	0.195396	-1529.589400	
5.837000	0.787043	1.001790	4.552252	29.561477	0.432928	-1529.523074	
5.838000	0.778587	0.904637	4.552241	29.567610	0.425140	-1529.457208	
5.839000	0.913889	0.815580	4.552319	29.573712	-0.014879	-1529.391809	
5.840000	0.926574	0.637467	4.551905	29.579658	0.409564	-1529.326831	
5.841000	0.892748	0.815580	4.550675	29.585360	0.242123	-1529.262165	
5.842000	0.842010	1.001790	4.548918	29.590875	0.347261	-1529.197659	
5.843000	1.015366	0.702235	4.547128	29.596406	0.210972	-1529.133142	
5.844000	0.880064	0.904637	4.545602	29.602051	0.308321	-1529.068452	
5.845000	0.930802	0.920829	4.544229	29.607667	0.335579	-1529.003463	
5.846000	0.892748	0.920829	4.542838	29.613108	0.175926	-1528.938094	
5.847000	1.074561	0.694139	4.541618	29.618436	0.078577	-1528.872315	
5.848000	0.935030	0.856061	4.541068	29.623798	0.214866	-1528.806155	
5.849000	0.926574	0.847965	4.541517	29.629185	0.273275	-1528.739705	
5.850000	0.875836	0.945118	4.542759	29.634465	0.214866	-1528.673112	
5.851000	0.922346	0.767004	4.544294	29.639491	0.082471	-1528.606553	
5.852000	0.905433	0.807484	4.545596	29.644146	0.288851	-1528.540205	
5.853000	0.905433	0.815580	4.546206	29.648358	0.187608	-1528.474205	
5.854000	0.782815	0.920829	4.546192	29.652155	0.273275	-1528.408638	
5.855000	0.956171	0.775100	4.546531	29.655730	0.249911	-1528.343539	
5.856000	0.702479	0.953214	4.548189	29.659202	0.277169	-1528.278897	
5.857000	0.922346	0.823676	4.551133	29.662455	0.429034	-1528.214634	
5.858000	0.888520	0.904637	4.554906	29.665368	0.300533	-1528.150616	
5.859000	0.998453	0.823676	4.559304	29.668051	0.140880	-1528.086678	
5.860000	0.875836	0.799388	4.564094	29.670701	0.355048	-1528.022643	
5.861000	0.880064	0.937022	4.568842	29.673326	0.358942	-1527.958351	
5.862000	0.782815	1.001790	4.573210	29.675767	0.249911	-1527.893682	
5.863000	0.939259	0.823676	4.577052	29.677847	0.273275	-1527.828573	
5.864000	0.943487	0.686043	4.580451	29.679455	0.207078	-1527.763017	
5.865000	0.994225	0.783196	4.583651	29.680527	0.156456	-1527.697074	
5.866000	0.956171	0.726523	4.586732	29.681081	0.284957	-1527.630860	
5.867000	0.863151	0.791292	4.589525	29.681305	0.218760	-1527.564538	
5.868000	0.880064	0.775100	4.591777	29.681335	0.304427	-1527.498292	
5.869000	0.939259	0.937022	4.593289	29.681073	0.320003	-1527.432294	
5.870000	0.880064	0.823676	4.593912	29.680418	0.214866	-1527.366678	
5.871000	0.918118	0.920829	4.593594	29.679523	0.129198	-1527.301525	
5.872000	1.040735	0.758908	4.592874	29.678631	0.226548	-1527.236862	
5.873000	0.892748	0.823676	4.592877	29.677774	0.261593	-1527.172658	
5.874000	0.892748	1.009886	4.594162	29.676782	0.242123	-1527.108818	
5.875000	0.854694	0.880349	4.596325	29.675472	0.234335	-1527.045201	
5.876000	0.901205	0.831773	4.598941	29.673760	0.277169	-1526.981639	
5.877000	0.875836	0.896541	4.601988	29.671605	0.288851	-1526.917957	
5.878000	0.875836	1.001790	4.605424	29.669025	0.386200	-1526.854002	
5.879000	0.736305	0.783196	4.608954	29.666192	0.393988	-1526.789667	
5.880000	0.930802	0.775100	4.612355	29.663244	0.308321	-1526.724897	
5.881000	0.909661	0.864157	4.615684	29.660086	0.308321	-1526.659698	
5.882000	0.973084	0.734620	4.619097	29.656635	0.109728	-1526.594146	
5.883000	0.761674	0.799388	4.622636	29.653069	0.175926	-1526.528382	
5.884000	1.053420	0.767004	4.625985	29.649667	0.253805	-1526.462581	
5.885000	0.892748	0.937022	4.628557	29.646473	0.308321	-1526.396926	
5.886000	0.973084	0.831773	4.629893	29.643305	0.273275	-1526.331579	
5.887000	0.875836	0.718427	4.629751	29.639969	0.156456	-1526.266660	
5.888000	1.036507	0.815580	4.628105	29.636395	0.214866	-1526.202242	
5.889000	0.943487	0.758908	4.625129	29.632570	0.222654	-1526.138343	
5.890000	0.939259	0.920829	4.620974	29.628507	0.226548	-1526.074909	
5.891000	0.715164	0.920829	4.615866	29.624349	0.362836	-1526.011824	
5.892000	0.909661	0.847965	4.610373	29.620210	0.261593	-1525.948934	
5.893000	0.854694	0.937022	4.605079	29.615997	0.323897	-1525.886061	
5.894000	0.930802	0.856061	4.600107	29.611636	0.207078	-1525.823030	
5.895000	0.596774	0.880349	4.595346	29.607309	0.366730	-1525.759697	
5.896000	0.994225	0.637467	4.591137	29.603312	0.269381	-1525.695966	
5.897000	0.867379	0.904637	4.588349	29.599701	0.452398	-1525.631796	
5.898000	0.926574	1.042271	4.587702	29.596293	0.351155	-1525.567205	
5.899000	0.863151	0.775100	4.589224	29.592896	0.265487	-1525.502290	
5.900000	0.981541	0.920829	4.592271	29.589457	0.152562	-1525.437204	0.000000
5.901000	0.930802	0.937022	4.596006	29.585988	0.296639	-1525.372129	
5.902000	0.892748	1.009886	4.599813	29.582486	0.358942	-1525.307243	
5.903000	0.732077	0.823676	4.603192	29.579032	0.230441	-1525.242693	
5.904000	0.922346	0.823676	4.605501	29.575678	0.257699	-1525.178584	
5.905000	1.011138	0.831773	4.605979	29.572317	0.222654	-1525.114972	
5.906000	0.981541	0.734620	4.604129	29.568872	0.148668	-1525.051858	
5.907000	0.791271	0.718427	4.600206	29.565504	0.308321	-1524.989169	
5.908000	1.032279	0.718427	4.595156	29.562497	0.210972	-1524.926778	
5.909000	0.896977	0.823676	4.590010	29.559927	0.187608	-1524.864521	
5.910000	0.854694	0.985598	4.585356	29.557624	0.207078	-1524.802222	
5.911000	0.892748	0.839869	4.581408	29.555409	0.343367	-1524.739716	
5.912000	0.960400	0.564602	4.578361	29.553264	0.164244	-1524.676877	
5.913000	0.994225	0.799388	4.576449	29.551236	0.284957	-1524.613632	
5.914000	0.854694	0.742716	4.575829	29.549320	0.320003	-1524.549952	
5.915000	0.710936	0.807484	4.576525	29.547532	0.234335	-1524.485882	
5.916000	0.846238	0.920829	4.578342	29.545861	0.070789	-1524.421536	
5.917000	0.956171	0.864157	4.580873	29.544195	0.351155	-1524.357078	
5.918000	0.850466	1.026079	4.583811	29.542450	0.343367	-1524.292686	
5.919000	0.757446	0.880349	4.587107	29.540743	0.320003	-1524.228526	
5.920000	0.998453	0.977502	4.590492	29.539321	0.370624	-1524.164724	
5.921000	0.947715	0.669851	4.593439	29.538262	0.296639	-1524.101361	
5.922000	0.935030	1.058463	4.595612	29.537401	0.210972	-1524.038472	
5.923000	0.901205	0.783196	4.596771	29.536571	0.140880	-1523.976039	
5.924000	1.028051	0.928926	4.596805	29.535786	0.074683	-1523.913984	
5.925000	1.028051	0.912733	4.595982	29.535137	0.164244	-1523.852172	
5.926000	0.888520	1.058463	4.594824	29.534615	0.304427	-1523.790434	
5.927000	0.812412	0.904637	4.593795	29.534171	0.210972	-1523.728599	
5.928000	0.884292	0.807484	4.593125	29.533734	0.179820	-1523.666520	
5.929000	1.002682	0.815580	4.592728	29.533189	0.249911	-1523.604099	
5.930000	0.888520	0.839869	4.592202	29.532449	0.218760	-1523.541279	
5.931000	0.829325	0.985598	4.591213	29.531579	0.168138	-1523.478053	
5.932000	0.913889	1.026079	4.589840	29.530796	0.242123	-1523.414487	
5.933000	0.901205	0.977502	4.588225	29.530200	0.312215	-1523.350709	
5.934000	0.829325	1.066559	4.586289	29.529650	0.351155	-1523.286884	
5.935000	0.825097	0.888445	4.583982	29.529000	0.355048	-1523.223185	
5.936000	0.994225	0.839869	4.581286	29.528302	0.109728	-1523.159767	
5.937000	0.939259	0.726523	4.577922	29.527684	0.281063	-1523.096743	
5.938000	0.858923	0.993694	4.573857	29.527131	0.456292	-1523.034171	
5.939000	0.842010	1.009886	4.569711	29.526530	0.339473	-1522.972064	
5.940000	0.930802	0.839869	4.565842	29.525751	0.113622	-1522.910383	
5.941000	1.006910	0.815580	4.562178	29.524678	0.269381	-1522.849028	
5.942000	0.922346	0.702235	4.558957	29.523234	0.288851	-1522.787852	
5.943000	0.875836	0.880349	4.556547	29.521460	0.323897	-1522.726678	
5.944000	0.994225	0.694139	4.555050	29.519559	0.242123	-1522.665334	
5.945000	0.935030	0.937022	4.554404	29.517650	0.253805	-1522.603683	
5.946000	0.922346	0.880349	4.554220	29.515613	0.471868	-1522.541643	
5.947000	0.913889	0.750812	4.553760	29.513323	0.249911	-1522.479179	
5.948000	1.011138	0.920829	4.552754	29.510888	0.136986	-1522.416321	
5.949000	1.032279	0.864157	4.551618	29.508500	0.148668	-1522.353160	
5.950000	0.930802	0.815580	4.550636	29.506175	0.347261	-1522.289842	
5.951000	0.799728	1.001790	4.549743	29.503768	0.230441	-1522.226535	
5.952000	0.892748	0.718427	4.548980	29.501119	0.222654	-1522.163415	
5.953000	0.922346	0.953214	4.548664	29.498124	0.214866	-1522.100627	
5.954000	0.905433	0.969406	4.549157	29.494719	0.261593	-1522.038266	
5.955000	0.820869	0.977502	4.550361	29.490931	0.331685	-1521.976373	
5.956000	0.905433	0.799388	4.551536	29.486956	0.281063	-1521.914938	
5.957000	0.880064	0.912733	4.552067	29.482933	0.393988	-1521.853893	
5.958000	0.947715	0.799388	4.552042	29.478760	0.355048	-1521.793115	
5.959000	0.837782	0.823676	4.551900	29.474337	0.284957	-1521.732446	
5.960000	0.875836	0.896541	4.551913	29.469806	0.172032	-1521.671712	
5.961000	0.964628	0.823676	4.552010	29.465393	0.195396	-1521.610756	
5.962000	0.981541	0.823676	4.552044	29.461113	0.347261	-1521.549457	
5.963000	0.850466	0.758908	4.552111	29.456785	0.296639	-1521.487748	
5.964000	1.006910	0.783196	4.552580	29.452226	0.063001	-1521.425623	
5.965000	1.011138	0.742716	4.553845	29.447345	0.183714	-1521.363143	
5.966000	0.926574	0.767004	4.555928	29.442098	0.183714	-1521.300431	
5.967000	0.858923	0.985598	4.558431	29.436507	0.230441	-1521.237648	
5.968000	0.791271	0.920829	4.560875	29.430754	0.133092	-1521.174971	
5.969000	0.901205	0.831773	4.562942	29.424979	0.273275	-1521.112572	
5.970000	0.951943	0.726523	4.564422	29.419089	0.327791	-1521.050583	
5.971000	0.858923	0.564602	4.564815	29.412999	0.269381	-1520.989083	
5.972000	0.748989	0.823676	4.563094	29.406887	0.253805	-1520.928100	
5.973000	0.968856	0.742716	4.558633	29.401026	0.191502	-1520.867610	
5.974000	0.820869	0.928926	4.552170	29.395455	0.413458	-1520.807519	
5.975000	0.846238	0.880349	4.545247	29.389992	0.355048	-1520.747681	
5.976000	0.905433	0.937022	4.539323	29.384443	0.207078	-1520.687923	
5.977000	0.977312	0.775100	4.535481	29.378723	0.226548	-1520.628069	
5.978000	0.930802	0.767004	4.534232	29.372805	0.234335	-1520.567967	
5.979000	0.858923	0.702235	4.535679	29.366697	0.199290	-1520.507503	
5.980000	0.702479	0.880349	4.539974	29.360555	0.296639	-1520.446617	
5.981000	0.926574	0.839869	4.547076	29.354498	0.269381	-1520.385314	
5.982000	0.837782	0.791292	4.556350	29.348433	0.320003	-1520.323669	
5.983000	0.956171	0.815580	4.566735	29.342280	0.234335	-1520.261820	
5.984000	0.732077	0.928926	4.577068	29.336226	0.148668	-1520.199933	
5.985000	1.023823	0.710331	4.586358	29.330560	0.148668	-1520.138182	
5.986000	0.871607	0.742716	4.594007	29.325335	0.273275	-1520.076725	
5.987000	0.913889	0.807484	4.600088	29.320367	0.172032	-1520.015677	
5.988000	0.896977	0.961310	4.604843	29.315466	0.203184	-1519.955107	
5.989000	1.108387	0.767004	4.607424	29.310574	0.086365	-1519.895036	
5.990000	0.892748	0.799388	4.606752	29.305695	0.288851	-1519.835422	
5.991000	0.875836	0.904637	4.603205	29.300842	0.257699	-1519.776149	
5.992000	0.609459	0.920829	4.598135	29.296138	0.246017	-1519.717062	
5.993000	0.884292	0.856061	4.592760	29.291668	0.257699	-1519.657985	
5.994000	0.803956	0.710331	4.587809	29.287333	0.358942	-1519.598749	
5.995000	0.943487	0.807484	4.583659	29.283050	0.284957	-1519.539214	
5.996000	0.753218	0.734620	4.580677	29.278980	0.351155	-1519.479281	
5.997000	1.078789	0.888445	4.579611	29.275400	0.351155	-1519.418904	
5.998000	0.858923	0.742716	4.581576	29.272371	0.288851	-1519.358096	
5.999000	0.956171	1.009886	4.586897	29.269710	0.234335	-1519.296942	
6.000000	0.854694	0.791292	4.594487	29.267226	0.316109	-1519.235589	0.000000
6.001000	1.040735	0.767004	4.602892	29.264883	0.078577	-1519.174216	
6.002000	0.951943	0.815580	4.611173	29.262706	0.238229	-1519.113001	
6.003000	0.943487	1.066559	4.618801	29.260694	0.273275	-1519.052090	
6.004000	0.740533	0.767004	4.625230	29.258890	0.343367	-1518.991583	
6.005000	0.951943	0.847965	4.629653	29.257318	0.105834	-1518.931540	
6.006000	0.968856	0.686043	4.631169	29.255872	0.308321	-1518.871973	
6.007000	0.896977	0.888445	4.629475	29.254471	0.164244	-1518.812822	
6.008000	0.757446	0.823676	4.625256	29.253241	0.129198	-1518.753963	
6.009000	1.019594	0.953214	4.619640	29.252439	0.265487	-1518.695231	
6.010000	0.871607	0.847965	4.613576	29.252140	0.292745	-1518.636447	
6.011000	0.850466	1.123232	4.607551	29.252180	0.401776	-1518.577440	
6.012000	0.909661	0.645563	4.601379	29.252383	0.316109	-1518.518079	
6.013000	0.947715	0.969406	4.594800	29.252750	0.156456	-1518.458286	
6.014000	0.939259	0.686043	4.588540	29.253346	0.273275	-1518.398035	
6.015000	0.854694	1.082751	4.583743	29.254160	0.312215	-1518.337361	
6.016000	0.799728	0.961310	4.580828	29.255157	0.347261	-1518.276368	
6.017000	0.837782	1.034175	4.579572	29.256280	0.218760	-1518.215213	
6.018000	0.930802	0.856061	4.579493	29.257409	0.339473	-1518.154072	
6.019000	0.888520	0.904637	4.580032	29.258453	0.152562	-1518.093112	
6.020000	0.850466	0.734620	4.580688	29.259490	0.331685	-1518.032459	
6.021000	0.989997	0.799388	4.580968	29.260737	0.230441	-1517.972195	
6.022000	0.981541	0.791292	4.580087	29.262283	0.355048	-1517.912356	
6.023000	0.943487	1.163712	4.577196	29.263975	0.413458	-1517.852928	
6.024000	1.011138	0.847965	4.572276	29.265660	0.125304	-1517.793834	
6.025000	0.901205	0.969406	4.566272	29.267379	0.043531	-1517.734942	
6.026000	0.977312	0.864157	4.560435	29.269251	0.207078	-1517.676089	
6.027000	0.833553	1.082751	4.555769	29.271271	0.222654	-1517.617102	
6.028000	0.892748	0.661755	4.552715	29.273347	0.327791	-1517.557826	
6.029000	0.918118	0.904637	4.551265	29.275372	0.113622	-1517.498158	
6.030000	0.951943	1.098943	4.551190	29.277233	0.234335	-1517.438042	
6.031000	0.858923	0.993694	4.552161	29.278849	0.249911	-1517.377473	
6.032000	0.850466	1.212288	4.554074	29.280270	0.265487	-1517.316509	
6.033000	0.846238	0.904637	4.556948	29.281701	0.323897	-1517.255271	
6.034000	0.871607	0.872253	4.560497	29.283250	0.358942	-1517.193921	
6.035000	0.875836	0.912733	4.564330	29.284781	0.503019	-1517.132634	
6.036000	0.951943	0.807484	4.568279	29.286158	0.331685	-1517.071566	
6.037000	0.977312	1.034175	4.572263	29.287459	0.222654	-1517.010838	
6.038000	1.019594	1.115135	4.576429	29.288852	0.362836	-1516.950524	
6.039000	0.909661	1.115135	4.580851	29.290333	0.218760	-1516.890644	
6.040000	0.884292	1.050367	4.584645	29.291764	0.249911	-1516.831160	
6.041000	0.896977	0.758908	4.586825	29.292987	0.094153	-1516.771975	
6.042000	0.939259	0.896541	4.587545	29.293887	0.288851	-1516.712947	
6.043000	0.994225	0.726523	4.587540	29.294392	0.300533	-1516.653908	
6.044000	0.922346	0.888445	4.587461	29.294526	0.253805	-1516.594685	
6.045000	0.918118	0.742716	4.587644	29.294481	0.249911	-1516.535139	
6.046000	0.888520	0.880349	4.587695	29.294385	0.417352	-1516.475182	
6.047000	0.930802	1.090847	4.586882	29.294130	0.284957	-1516.414775	
6.048000	0.926574	0.977502	4.585083	29.293604	0.323897	-1516.353936	
6.049000	0.901205	0.799388	4.582721	29.292939	0.191502	-1516.292750	
6.050000	0.909661	0.864157	4.580087	29.292352	0.234335	-1516.231359	
6.051000	0.875836	0.985598	4.577348	29.291856	0.374518	-1516.169929	
6.052000	0.833553	0.977502	4.574780	29.291286	0.374518	-1516.108626	
6.053000	0.854694	0.839869	4.572573	29.290462	0.101940	-1516.047597	
6.054000	0.951943	0.807484	4.570478	29.289282	0.222654	-1515.986949	
6.055000	0.998453	0.645563	4.567824	29.287688	0.393988	-1515.926734	
6.056000	0.850466	0.969406	4.564195	29.285699	0.323897	-1515.866953	
6.057000	0.736305	0.726523	4.559830	29.283499	0.292745	-1515.807537	
6.058000	0.858923	0.937022	4.555359	29.281228	0.366730	-1515.748369	
6.059000	0.901205	0.945118	4.551555	29.278784	0.343367	-1515.689293	
6.060000	0.888520	0.912733	4.549015	29.276068	0.218760	-1515.630141	
6.061000	0.884292	0.823676	4.547991	29.273240	0.140880	-1515.570754	
6.062000	1.002682	0.847965	4.548634	29.270560	0.238229	-1515.511014	
6.063000	0.989997	0.783196	4.551147	29.268061	0.304427	-1515.450850	
6.064000	0.913889	0.831773	4.555683	29.265566	0.195396	-1515.390243	
6.065000	0.909661	0.856061	4.562111	29.262886	0.187608	-1515.329243	
6.066000	0.977312	0.945118	4.569780	29.259939	0.308321	-1515.267966	
6.067000	0.964628	0.904637	4.577684	29.256694	0.261593	-1515.206567	
6.068000	0.858923	0.928926	4.584916	29.253171	0.195396	-1515.145216	
6.069000	0.736305	0.831773	4.590912	29.249540	0.257699	-1515.084074	
6.070000	0.875836	0.847965	4.595407	29.245939	0.148668	-1515.023270	
6.071000	0.964628	0.645563	4.598244	29.242279	0.292745	-1514.962892	
6.072000	0.863151	0.605082	4.599169	29.238478	0.238229	-1514.902975	
6.073000	0.677110	0.953214	4.597950	29.234720	0.320003	-1514.843500	
6.074000	1.015366	0.758908	4.594815	29.231288	0.312215	-1514.784383	
6.075000	0.867379	0.977502	4.590513	29.228232	0.343367	-1514.725483	
6.076000	0.935030	0.928926	4.586001	29.225365	0.347261	-1514.666628	
6.077000	0.888520	0.807484	4.582152	29.222495	0.152562	-1514.607643	
6.078000	1.015366	0.742716	4.579649	29.219553	0.191502	-1514.548384	
6.079000	0.935030	0.920829	4.578946	29.216524	0.238229	-1514.488751	
6.080000	0.977312	0.847965	4.580079	29.213418	0.253805	-1514.428688	
6.081000	0.719392	0.686043	4.582714	29.210369	0.242123	-1514.368197	
6.082000	0.956171	0.775100	4.586396	29.207480	0.253805	-1514.307350	
6.083000	0.935030	0.726523	4.590510	29.204658	0.351155	-1514.246284	
6.084000	0.947715	0.653659	4.594360	29.201819	0.160350	-1514.185167	
6.085000	0.664425	0.831773	4.597485	29.199140	0.234335	-1514.124173	
6.086000	1.083017	0.677947	4.599730	29.196909	0.214866	-1514.063460	
6.087000	0.888520	0.742716	4.600987	29.195185	0.253805	-1514.003145	
6.088000	0.947715	1.204192	4.601108	29.193791	0.242123	-1513.943298	
6.089000	0.850466	0.912733	4.600306	29.192543	0.172032	-1513.883939	
6.090000	0.977312	0.823676	4.599137	29.191402	0.140880	-1513.825026	
6.091000	0.913889	0.807484	4.597963	29.190387	0.175926	-1513.766451	
6.092000	0.820869	0.920829	4.596960	29.189501	0.234335	-1513.708054	
6.093000	0.685566	0.847965	4.596369	29.188825	0.253805	-1513.649655	
6.094000	0.956171	0.904637	4.596369	29.188412	0.098047	-1513.591083	
6.095000	0.956171	0.783196	4.596921	29.188154	0.390094	-1513.532200	
6.096000	0.901205	0.831773	4.597390	29.187965	0.374518	-1513.472914	
6.097000	0.672882	0.726523	4.596505	29.187991	0.296639	-1513.413181	
6.098000	1.015366	0.847965	4.593644	29.188500	0.222654	-1513.353012	
6.099000	0.905433	0.653659	4.589523	29.189562	0.355048	-1513.292492	
6.100000	0.935030	0.977502	4.585112	29.190994	0.413458	-1513.231762	0.000000
6.101000	0.918118	0.726523	4.580943	29.192611	0.207078	-1513.170994	
6.102000	1.074561	0.904637	4.577347	29.194396	0.156456	-1513.110370	
6.103000	1.036507	0.734620	4.574317	29.196400	0.218760	-1513.050045	
6.104000	0.956171	0.880349	4.571570	29.198625	0.191502	-1512.990125	
6.105000	0.808184	0.847965	4.569183	29.201084	0.160350	-1512.930667	
6.106000	0.905433	0.856061	4.567388	29.203766	0.059107	-1512.871675	
6.107000	0.930802	0.750812	4.566091	29.206560	0.179820	-1512.813088	
6.108000	0.867379	0.928926	4.565257	29.209372	0.296639	-1512.754776	
6.109000	0.736305	0.807484	4.565177	29.212294	0.253805	-1512.696565	
6.110000	0.960400	0.985598	4.566084	29.215558	0.203184	-1512.638269	
6.111000	0.935030	0.718427	4.567848	29.219244	0.366730	-1512.579717	
6.112000	0.791271	1.017982	4.570124	29.223190	0.347261	-1512.520780	
6.113000	0.930802	0.783196	4.572975	29.227231	0.136986	-1512.461378	
6.114000	0.935030	0.985598	4.577237	29.231387	0.117516	-1512.401486	
6.115000	0.989997	0.807484	4.583497	29.235751	0.242123	-1512.341145	
6.116000	0.816641	1.188000	4.591167	29.240311	0.460186	-1512.280460	
6.117000	0.837782	0.928926	4.599020	29.244997	0.323897	-1512.219585	
6.118000	0.888520	0.758908	4.605910	29.249721	0.082471	-1512.158705	
6.119000	1.006910	0.653659	4.610943	29.254356	0.327791	-1512.098002	
6.120000	0.935030	0.758908	4.613575	29.258816	0.323897	-1512.037619	
6.121000	0.884292	0.904637	4.613656	29.263162	0.320003	-1511.977647	
6.122000	0.977312	0.847965	4.611147	29.267604	0.308321	-1511.918129	
6.123000	0.888520	0.969406	4.606096	29.272235	0.168138	-1511.859053	
6.124000	0.761674	0.961310	4.599074	29.276913	0.230441	-1511.800342	
6.125000	0.896977	0.815580	4.591113	29.281491	0.218760	-1511.741854	
6.126000	1.019594	0.775100	4.583120	29.286037	0.066895	-1511.683421	
6.127000	0.977312	0.686043	4.575466	29.290697	0.207078	-1511.624866	
6.128000	0.888520	0.928926	4.568254	29.295472	0.265487	-1511.566030	
6.129000	0.875836	1.034175	4.561917	29.300249	0.355048	-1511.506797	
6.130000	0.871607	0.953214	4.557181	29.304892	0.117516	-1511.447108	
6.131000	0.884292	0.928926	4.554569	29.309288	0.386200	-1511.386961	
6.132000	0.770130	0.734620	4.554182	29.313357	0.242123	-1511.326414	
6.133000	0.820869	1.017982	4.555712	29.317128	0.269381	-1511.265583	
6.134000	0.973084	0.791292	4.558531	29.320790	0.382306	-1511.204623	
6.135000	0.901205	0.888445	4.562052	29.324462	0.284957	-1511.143706	
6.136000	0.926574	0.896541	4.565919	29.328023	0.460186	-1511.082997	
6.137000	0.922346	0.912733	4.569710	29.331348	0.246017	-1511.022622	
6.138000	1.040735	0.880349	4.572856	29.334541	0.035743	-1510.962659	
6.139000	0.947715	0.864157	4.574950	29.337790	0.210972	-1510.903136	
6.140000	0.905433	0.880349	4.575923	29.341098	0.269381	-1510.844014	
6.141000	0.867379	1.009886	4.575945	29.344306	0.281063	-1510.785188	
6.142000	0.985769	0.815580	4.575341	29.347242	0.152562	-1510.726511	
6.143000	0.939259	0.726523	4.574589	29.349798	0.234335	-1510.667819	
6.144000	0.960400	0.872253	4.574231	29.351912	0.261593	-1510.608950	
6.145000	0.863151	0.880349	4.574733	29.353610	0.207078	-1510.549766	
6.146000	0.964628	0.775100	4.576442	29.355084	0.323897	-1510.490181	
6.147000	0.863151	0.961310	4.579720	29.356472	0.179820	-1510.430153	
6.148000	0.888520	0.856061	4.584787	29.357674	0.320003	-1510.369697	
6.149000	0.837782	0.661755	4.591353	29.358591	0.230441	-1510.308888	
6.150000	0.863151	0.953214	4.598612	29.359370	0.195396	-1510.247863	
6.151000	0.901205	0.791292	4.605494	29.360252	0.312215	-1510.186784	
6.152000	0.833553	0.985598	4.611143	29.361261	0.409564	-1510.125823	
6.153000	0.905433	0.896541	4.615217	29.362218	0.429034	-1510.065127	
6.154000	0.922346	0.742716	4.617723	29.362929	0.136986	-1510.004803	
6.155000	0.922346	0.767004	4.618753	29.363298	0.234335	-1509.944914	
6.156000	0.871607	0.815580	4.618241	29.363283	0.199290	-1509.885467	
6.157000	0.846238	1.009886	4.616044	29.362900	0.273275	-1509.826396	
6.158000	0.770130	0.856061	4.612363	29.362324	0.358942	-1509.767580	
6.159000	0.930802	0.831773	4.607785	29.361687	0.316109	-1509.708861	
6.160000	0.973084	0.758908	4.602853	29.360892	0.300533	-1509.650074	
6.161000	1.002682	0.799388	4.597744	29.359847	0.370624	-1509.591061	
6.162000	0.842010	0.847965	4.592484	29.358731	0.191502	-1509.531702	
6.163000	0.994225	0.767004	4.587476	29.357820	0.292745	-1509.471927	
6.164000	0.892748	0.702235	4.583432	29.357163	0.230441	-1509.411714	
6.165000	0.926574	0.961310	4.580773	29.356580	0.288851	-1509.351103	
6.166000	0.880064	0.896541	4.579560	29.355879	0.098047	-1509.290199	
6.167000	1.044964	0.694139	4.579668	29.354986	0.168138	-1509.229156	
6.168000	0.909661	0.823676	4.580779	29.353885	0.304427	-1509.168148	
6.169000	0.892748	0.904637	4.582469	29.352595	0.335579	-1509.107339	
6.170000	0.685566	0.839869	4.584304	29.351280	0.327791	-1509.046863	
6.171000	0.808184	1.009886	4.586210	29.350065	0.191502	-1508.986811	
6.172000	0.829325	0.928926	4.588502	29.348858	0.320003	-1508.927225	
6.173000	0.956171	0.888445	4.591129	29.347575	0.261593	-1508.868087	
6.174000	0.575633	0.839869	4.593562	29.346394	0.312215	-1508.809315	
6.175000	1.049192	0.734620	4.595513	29.345595	0.386200	-1508.750766	
6.176000	0.833553	0.831773	4.597159	29.345229	0.316109	-1508.692269	
6.177000	0.968856	0.904637	4.598886	29.345103	0.230441	-1508.633653	
6.178000	0.918118	0.847965	4.600966	29.345025	0.179820	-1508.574770	
6.179000	1.028051	0.742716	4.603556	29.344934	0.172032	-1508.515523	
6.180000	0.951943	0.823676	4.606918	29.344837	0.101940	-1508.455862	
6.181000	0.960400	0.920829	4.610982	29.344738	0.226548	-1508.395784	
6.182000	0.698251	0.702235	4.615055	29.344737	0.117516	-1508.335355	
6.183000	0.913889	0.718427	4.618382	29.344904	0.172032	-1508.274707	
6.184000	0.964628	0.734620	4.620478	29.345140	0.226548	-1508.214014	
6.185000	0.960400	0.758908	4.621150	29.345365	0.234335	-1508.153459	
6.186000	0.744761	0.791292	4.620584	29.345743	0.273275	-1508.093205	
6.187000	1.061876	0.880349	4.619210	29.346561	0.300533	-1508.033371	
6.188000	0.909661	0.596986	4.617298	29.347892	0.390094	-1507.974024	
6.189000	0.867379	1.026079	4.615103	29.349559	0.304427	-1507.915178	
6.190000	0.888520	0.758908	4.613083	29.351376	0.234335	-1507.856788	
6.191000	0.909661	0.694139	4.611488	29.353316	0.035743	-1507.798748	
6.192000	0.985769	0.734620	4.610296	29.355415	0.277169	-1507.740905	
6.193000	0.896977	1.042271	4.609543	29.357663	0.355048	-1507.683076	
6.194000	0.753218	0.831773	4.609296	29.360085	0.343367	-1507.625082	
6.195000	0.854694	0.823676	4.609523	29.362679	0.261593	-1507.566787	
6.196000	0.973084	0.710331	4.610189	29.365332	0.308321	-1507.508103	
6.197000	0.863151	0.823676	4.611531	29.367954	0.238229	-1507.448989	
6.198000	0.787043	0.734620	4.614183	29.370663	0.253805	-1507.389453	
6.199000	1.011138	0.815580	4.618437	29.373708	0.164244	-1507.329575	
6.200000	0.951943	0.783196	4.623599	29.377165	0.320003	-1507.269495	0.000000
6.201000	0.943487	1.050367	4.628548	29.380863	0.253805	-1507.209387	
6.202000	0.960400	0.653659	4.632371	29.384631	0.109728	-1507.149436	
6.203000	0.994225	0.807484	4.634612	29.388476	0.090259	-1507.089801	
6.204000	0.981541	0.516025	4.635125	29.392476	0.253805	-1507.030596	
6.205000	0.880064	1.123232	4.633580	29.396622	0.358942	-1506.971872	
6.206000	0.787043	0.823676	4.629689	29.400874	0.308321	-1506.913625	
6.207000	0.863151	1.155616	4.623895	29.405170	0.059107	-1506.855794	
6.208000	0.922346	0.953214	4.617255	29.409391	0.358942	-1506.798253	
6.209000	0.918118	0.823676	4.610808	29.413447	0.277169	-1506.740837	
6.210000	0.791271	0.912733	4.605076	29.417411	0.335579	-1506.683358	
6.211000	0.930802	0.783196	4.599959	29.421497	0.323897	-1506.625643	
6.212000	0.930802	0.831773	4.595161	29.425793	0.362836	-1506.567558	
6.213000	0.867379	1.204192	4.590691	29.430147	0.370624	-1506.509022	
6.214000	0.787043	0.864157	4.586999	29.434403	0.292745	-1506.450008	
6.215000	0.947715	0.937022	4.584772	29.438602	0.070789	-1506.390554	
6.216000	1.032279	0.888445	4.584302	29.442861	0.265487	-1506.330766	
6.217000	0.922346	0.888445	4.585109	29.447163	0.312215	-1506.270798	
6.218000	0.888520	0.767004	4.586430	29.451404	0.284957	-1506.210830	
6.219000	0.913889	0.783196	4.587727	29.455464	0.055213	-1506.151045	
6.220000	1.015366	0.904637	4.588626	29.459226	0.300533	-1506.091597	
6.221000	0.935030	0.872253	4.588825	29.462610	0.253805	-1506.032583	
6.222000	0.863151	0.945118	4.587993	29.465670	0.129198	-1505.974040	
6.223000	0.930802	0.783196	4.585596	29.468614	0.136986	-1505.915953	
6.224000	0.918118	0.807484	4.581444	29.471555	0.300533	-1505.858238	
6.225000	0.935030	0.847965	4.576214	29.474364	0.370624	-1505.800758	
6.226000	0.913889	0.718427	4.570975	29.476911	0.207078	-1505.743341	
6.227000	0.985769	0.807484	4.566615	29.479286	0.055213	-1505.685814	
6.228000	0.930802	1.042271	4.563553	29.481664	0.222654	-1505.628022	
6.229000	0.913889	1.009886	4.561732	29.484050	0.331685	-1505.569852	
6.230000	0.689795	0.880349	4.561228	29.486304	0.386200	-1505.511237	
6.231000	0.854694	0.815580	4.562554	29.488274	0.117516	-1505.452170	
6.232000	0.930802	1.050367	4.565971	29.489844	0.343367	-1505.392714	
6.233000	0.964628	0.823676	4.570985	29.490942	0.168138	-1505.332989	
6.234000	0.854694	0.815580	4.576645	29.491591	0.335579	-1505.273154	
6.235000	0.871607	0.839869	4.581996	29.491985	0.249911	-1505.213384	
6.236000	0.875836	0.872253	4.586267	29.492256	0.222654	-1505.153850	
6.237000	0.939259	0.839869	4.588993	29.492297	0.323897	-1505.094681	
6.238000	0.829325	0.807484	4.589981	29.491997	0.238229	-1505.035957	
6.239000	0.956171	0.888445	4.589056	29.491490	0.027955	-1504.977705	
6.240000	0.951943	0.767004	4.586220	29.490998	0.172032	-1504.919894	
6.241000	0.977312	0.847965	4.582039	29.490537	0.199290	-1504.862425	
6.242000	0.863151	0.839869	4.577421	29.489939	0.281063	-1504.805154	
6.243000	0.930802	0.831773	4.572961	29.489025	0.094153	-1504.747919	
6.244000	0.947715	0.872253	4.568699	29.487699	0.160350	-1504.690560	
6.245000	0.956171	0.847965	4.564606	29.485918	0.281063	-1504.632940	
6.246000	0.850466	0.937022	4.560666	29.483706	0.292745	-1504.574958	
6.247000	0.787043	0.791292	4.556501	29.481259	0.323897	-1504.516558	
6.248000	0.799728	0.807484	4.552148	29.478724	0.331685	-1504.457740	
6.249000	0.888520	0.807484	4.548489	29.476006	0.390094	-1504.398577	
6.250000	0.812412	0.896541	4.546213	29.473012	0.222654	-1504.339199	
6.251000	0.875836	0.904637	4.545394	29.469907	0.273275	-1504.279770	
6.252000	1.019594	0.799388	4.545869	29.466950	0.304427	-1504.220464	
6.253000	0.901205	0.880349	4.547403	29.464173	0.320003	-1504.161432	
6.254000	0.837782	0.888445	4.549529	29.461396	0.292745	-1504.102781	
6.255000	0.875836	0.945118	4.551320	29.458425	0.183714	-1504.044572	
6.256000	0.994225	0.872253	4.552041	29.455176	0.160350	-1503.986817	
6.257000	0.918118	0.872253	4.551880	29.451612	0.277169	-1503.929458	
6.258000	0.918118	0.880349	4.551588	29.447747	0.261593	-1503.872378	
6.259000	0.770130	0.799388	4.551912	29.443745	0.300533	-1503.815418	
6.260000	0.977312	0.831773	4.553271	29.439737	0.063001	-1503.758414	
6.261000	0.926574	0.847965	4.555740	29.435634	0.277169	-1503.701210	
6.262000	0.913889	0.807484	4.559257	29.431358	0.253805	-1503.643684	
6.263000	0.677110	1.155616	4.563956	29.427103	0.199290	-1503.585759	
6.264000	0.981541	0.661755	4.570342	29.423161	0.140880	-1503.527407	
6.265000	0.850466	0.799388	4.578500	29.419592	0.405670	-1503.468655	
6.266000	0.922346	1.009886	4.587569	29.416212	0.331685	-1503.409600	
6.267000	0.854694	0.945118	4.596364	29.412832	0.246017	-1503.350388	
6.268000	1.040735	0.823676	4.603937	29.409388	0.133092	-1503.291199	
6.269000	0.867379	0.896541	4.609664	29.405880	0.183714	-1503.232206	
6.270000	0.858923	0.961310	4.613336	29.402321	0.386200	-1503.173546	
6.271000	0.622143	1.058463	4.615412	29.398843	0.226548	-1503.115307	
6.272000	0.964628	0.904637	4.616790	29.395543	0.261593	-1503.057530	
6.273000	0.913889	0.783196	4.617926	29.392321	0.397882	-1503.000200	
6.274000	0.943487	0.580794	4.618557	29.389093	0.249911	-1502.943239	
6.275000	0.715164	0.799388	4.618359	29.386027	0.133092	-1502.886508	
6.276000	1.112615	0.791292	4.617397	29.383405	0.179820	-1502.829845	
6.277000	0.863151	0.807484	4.615930	29.381284	0.331685	-1502.773079	
6.278000	0.951943	1.026079	4.614191	29.379479	0.273275	-1502.716060	
6.279000	0.778587	0.856061	4.612482	29.377801	0.195396	-1502.658681	
6.280000	1.074561	0.831773	4.611239	29.376207	0.117516	-1502.600886	
6.281000	0.884292	0.742716	4.610828	29.374723	0.207078	-1502.542668	
6.282000	0.943487	0.669851	4.611259	29.373351	0.242123	-1502.484085	
6.283000	0.655969	0.718427	4.612064	29.372155	0.090259	-1502.425258	
6.284000	0.964628	0.847965	4.612636	29.371172	0.027955	-1502.366357	
6.285000	0.968856	0.847965	4.612593	29.370296	0.257699	-1502.307566	
6.286000	0.926574	0.888445	4.611810	29.369447	0.300533	-1502.249050	
6.287000	0.677110	0.920829	4.610496	29.368769	0.292745	-1502.190927	
6.288000	1.053420	0.872253	4.609062	29.368537	0.370624	-1502.133263	
6.289000	0.803956	0.872253	4.607828	29.368828	0.401776	-1502.076073	
6.290000	0.846238	0.912733	4.606966	29.369470	0.374518	-1502.019319	
6.291000	0.913889	0.896541	4.606352	29.370283	0.331685	-1501.962900	
6.292000	1.061876	0.856061	4.605682	29.371253	0.214866	-1501.906674	
6.293000	0.985769	0.856061	4.604883	29.372431	0.300533	-1501.850476	
6.294000	0.820869	1.074655	4.604024	29.373806	0.409564	-1501.794132	
6.295000	0.774359	0.864157	4.603066	29.375369	0.331685	-1501.737502	
6.296000	0.892748	1.147520	4.602131	29.377085	0.105834	-1501.680495	
6.297000	1.006910	0.686043	4.602223	29.378833	0.203184	-1501.623068	
6.298000	0.896977	0.872253	4.604944	29.380522	0.273275	-1501.565227	
6.299000	0.913889	0.791292	4.610709	29.382245	0.214866	-1501.507047	
6.300000	1.040735	0.815580	4.618145	29.384237	0.195396	-1501.448661	0.000000
6.301000	0.968856	0.726523	4.625477	29.386584	0.210972	-1501.390240	
6.302000	0.884292	0.864157	4.631554	29.389129	0.358942	-1501.331965	
6.303000	0.926574	0.767004	4.635768	29.391713	0.094153	-1501.273990	
6.304000	1.006910	0.912733	4.637422	29.394361	-0.022667	-1501.216426	
6.305000	0.943487	0.977502	4.635617	29.397175	0.308321	-1501.159331	
6.306000	0.858923	1.058463	4.630198	29.400144	0.386200	-1501.102706	
6.307000	0.863151	0.993694	4.622074	29.403194	0.347261	-1501.046486	
6.308000	0.884292	0.791292	4.612454	29.406230	0.090259	-1500.990557	
6.309000	0.918118	0.839869	4.602446	29.409135	0.382306	-1500.934770	
6.310000	0.884292	0.847965	4.593072	29.411823	0.296639	-1500.878948	
6.311000	0.829325	0.904637	4.585192	29.414350	0.284957	-1500.822921	
6.312000	0.909661	0.985598	4.579351	29.416921	0.242123	-1500.766551	
6.313000	0.842010	0.937022	4.575670	29.419637	0.265487	-1500.709754	
6.314000	0.875836	0.864157	4.574169	29.422357	0.386200	-1500.652496	
6.315000	0.977312	0.775100	4.574981	29.424937	0.284957	-1500.594807	
6.316000	1.049192	0.742716	4.577907	29.427444	0.156456	-1500.536790	
6.317000	0.994225	0.823676	4.582193	29.430023	0.292745	-1500.478600	
6.318000	0.913889	0.896541	4.586896	29.432667	0.273275	-1500.420417	
6.319000	0.896977	0.888445	4.591250	29.435249	0.277169	-1500.362415	
6.320000	0.896977	0.791292	4.594777	29.437625	0.008485	-1500.304743	
6.321000	0.935030	1.155616	4.597007	29.439682	0.269381	-1500.247502	
6.322000	0.905433	0.718427	4.596915	29.441347	0.242123	-1500.190741	
6.323000	0.863151	0.856061	4.593100	29.442657	0.199290	-1500.134447	
6.324000	1.011138	0.564602	4.585279	29.443814	0.288851	-1500.078543	
6.325000	0.922346	0.815580	4.574859	29.444950	0.401776	-1500.022895	
6.326000	0.909661	0.977502	4.563712	29.445953	0.269381	-1499.967338	
6.327000	0.837782	0.969406	4.553367	29.446713	0.234335	-1499.911696	
6.328000	0.884292	0.888445	4.545046	29.447348	0.175926	-1499.855811	
6.329000	0.774359	0.799388	4.539439	29.448063	0.409564	-1499.799561	
6.330000	0.892748	0.815580	4.536557	29.448865	0.393988	-1499.742874	
6.331000	0.867379	0.839869	4.536188	29.449584	0.331685	-1499.685731	
6.332000	0.901205	0.718427	4.538115	29.450038	0.199290	-1499.628190	
6.333000	0.918118	0.896541	4.541851	29.450121	0.179820	-1499.570375	
6.334000	0.960400	0.847965	4.546616	29.449776	0.246017	-1499.512453	
6.335000	0.820869	0.993694	4.551531	29.449024	0.249911	-1499.454600	
6.336000	0.880064	0.783196	4.555781	29.448055	0.152562	-1499.396981	
6.337000	0.880064	0.896541	4.558882	29.447005	0.261593	-1499.339729	
6.338000	0.960400	0.799388	4.560671	29.445770	0.413458	-1499.282925	
6.339000	0.930802	0.831773	4.560736	29.444249	0.094153	-1499.226600	
6.340000	0.884292	0.775100	4.558449	29.442598	0.098047	-1499.170730	
6.341000	0.964628	0.912733	4.553934	29.441069	0.234335	-1499.115227	
6.342000	0.909661	0.985598	4.548277	29.439692	0.300533	-1499.059949	
6.343000	0.888520	0.880349	4.542767	29.438296	0.261593	-1499.004730	
6.344000	0.913889	0.872253	4.538417	29.436694	0.140880	-1498.949403	
6.345000	0.892748	0.734620	4.535820	29.434801	0.249911	-1498.893825	
6.346000	0.905433	0.726523	4.535055	29.432581	0.187608	-1498.837895	
6.347000	0.871607	1.066559	4.535924	29.430052	0.261593	-1498.781552	
6.348000	0.761674	0.912733	4.538341	29.427389	0.277169	-1498.724789	
6.349000	0.884292	0.637467	4.542358	29.424725	0.249911	-1498.667673	
6.350000	0.935030	0.775100	4.547855	29.421967	0.393988	-1498.610338	
6.351000	0.951943	0.807484	4.554199	29.419027	0.312215	-1498.552951	
6.352000	0.732077	0.847965	4.560312	29.416083	0.288851	-1498.495685	
6.353000	0.968856	0.823676	4.565321	29.413412	0.257699	-1498.438694	
6.354000	0.820869	0.872253	4.568886	29.411056	0.183714	-1498.382087	
6.355000	0.956171	0.969406	4.570842	29.408825	0.331685	-1498.325928	
6.356000	0.956171	0.783196	4.571103	29.406520	0.218760	-1498.270228	
6.357000	1.032279	0.605082	4.569903	29.404064	0.175926	-1498.214942	
6.358000	0.930802	0.758908	4.567774	29.401437	0.203184	-1498.159962	
6.359000	0.960400	0.767004	4.565392	29.398655	0.187608	-1498.105138	
6.360000	0.660197	0.912733	4.563376	29.395870	0.234335	-1498.050296	
6.361000	0.901205	0.783196	4.562215	29.393204	0.152562	-1497.995275	
6.362000	0.880064	0.856061	4.562392	29.390566	0.300533	-1497.939951	
6.363000	0.935030	0.783196	4.564130	29.387879	0.175926	-1497.884238	
6.364000	0.710936	0.847965	4.567346	29.385331	0.230441	-1497.828102	
6.365000	1.083017	0.718427	4.572194	29.383224	0.281063	-1497.771563	
6.366000	0.867379	0.896541	4.578717	29.381620	0.265487	-1497.714715	
6.367000	0.913889	1.058463	4.586119	29.380338	0.249911	-1497.657709	
6.368000	0.795500	0.985598	4.593306	29.379188	0.218760	-1497.600721	
6.369000	0.964628	0.953214	4.599608	29.378116	0.175926	-1497.543926	
6.370000	0.926574	0.896541	4.604626	29.377130	0.312215	-1497.487466	
6.371000	0.935030	0.726523	4.608185	29.376233	0.343367	-1497.431429	
6.372000	0.681338	0.864157	4.610432	29.375524	0.257699	-1497.375855	
6.373000	0.901205	0.742716	4.611505	29.375076	0.183714	-1497.320740	
6.374000	0.977312	0.799388	4.611541	29.374784	0.331685	-1497.266022	
6.375000	0.947715	0.847965	4.610994	29.374565	0.222654	-1497.211578	
6.376000	0.770130	0.807484	4.610352	29.374575	0.312215	-1497.157246	
6.377000	1.044964	0.920829	4.609803	29.375092	0.238229	-1497.102853	
6.378000	0.943487	0.791292	4.609363	29.376179	0.210972	-1497.048242	
6.379000	0.884292	0.799388	4.608883	29.377655	0.210972	-1496.993297	
6.380000	0.926574	0.621274	4.608042	29.379328	0.160350	-1496.937954	
6.381000	1.083017	0.710331	4.606883	29.381168	0.210972	-1496.882207	
6.382000	0.985769	0.734620	4.605993	29.383211	0.101940	-1496.826113	
6.383000	0.930802	1.107039	4.605852	29.385454	0.253805	-1496.769792	
6.384000	0.774359	0.896541	4.606381	29.387917	0.312215	-1496.713398	
6.385000	0.850466	0.856061	4.607084	29.390601	0.214866	-1496.657109	
6.386000	0.951943	0.718427	4.607404	29.393393	0.378412	-1496.601089	
6.387000	0.871607	0.734620	4.607094	29.396207	0.207078	-1496.545458	
6.388000	0.706707	0.807484	4.606217	29.399153	0.253805	-1496.490282	
6.389000	1.011138	0.783196	4.604852	29.402481	0.234335	-1496.435576	
6.390000	0.956171	0.799388	4.603015	29.406271	0.308321	-1496.381301	
6.391000	0.909661	1.188000	4.600860	29.410357	0.351155	-1496.327358	
6.392000	0.871607	0.823676	4.598765	29.414563	0.265487	-1496.273602	
6.393000	0.951943	0.856061	4.597045	29.418891	0.203184	-1496.219866	
6.394000	0.994225	0.629370	4.595778	29.423409	0.308321	-1496.165979	
6.395000	0.875836	1.042271	4.594993	29.428100	0.304427	-1496.111793	
6.396000	0.909661	0.807484	4.594909	29.432922	0.265487	-1496.057207	
6.397000	0.871607	0.888445	4.596003	29.437817	0.012379	-1496.002176	
6.398000	1.028051	0.888445	4.598582	29.442668	0.191502	-1495.946716	
6.399000	0.951943	0.750812	4.602343	29.447386	0.249911	-1495.890906	
6.400000	0.833553	0.888445	4.606568	29.452043	0.148668	-1495.834883	0.000000
6.401000	0.964628	0.799388	4.610469	29.456859	0.222654	-1495.778816	
6.402000	0.880064	0.783196	4.613364	29.461934	0.242123	-1495.722880	
6.403000	0.880064	1.066559	4.614699	29.467121	0.300533	-1495.667231	
6.404000	0.926574	0.969406	4.614404	29.472271	0.199290	-1495.611974	
6.405000	0.968856	0.945118	4.613097	29.477438	0.179820	-1495.557168	
6.406000	0.989997	0.750812	4.611051	29.482755	0.253805	-1495.502817	
6.407000	0.850466	0.904637	4.607760	29.488214	0.397882	-1495.448861	
6.408000	0.863151	0.993694	4.603068	29.493697	0.401776	-1495.395179	
6.409000	0.842010	0.896541	4.597688	29.499067	0.082471	-1495.341617	
6.410000	0.947715	0.912733	4.592519	29.504201	0.320003	-1495.288003	
6.411000	0.896977	0.904637	4.588136	29.509012	0.269381	-1495.234167	
6.412000	0.854694	0.880349	4.584866	29.513531	0.343367	-1495.179967	
6.413000	0.960400	0.629370	4.582818	29.517957	0.253805	-1495.125314	
6.414000	0.896977	1.082751	4.581865	29.522408	0.308321	-1495.070176	
6.415000	0.968856	0.831773	4.581783	29.526763	0.362836	-1495.014584	
6.416000	0.930802	0.937022	4.582283	29.530890	0.226548	-1494.958642	
6.417000	1.011138	0.839869	4.582999	29.534890	0.183714	-1494.902503	
6.418000	0.985769	0.920829	4.583502	29.538948	0.273275	-1494.846347	
6.419000	0.858923	0.928926	4.583226	29.543073	0.281063	-1494.790345	
6.420000	0.837782	0.961310	4.581654	29.547120	0.222654	-1494.734640	
6.421000	0.922346	0.613178	4.578655	29.550931	0.164244	-1494.679331	
6.422000	0.960400	0.799388	4.574316	29.554398	0.230441	-1494.624471	
6.423000	1.011138	0.694139	4.568786	29.557455	0.253805	-1494.570057	
6.424000	0.901205	1.009886	4.562420	29.560125	0.316109	-1494.516011	
6.425000	0.846238	0.864157	4.555913	29.562600	0.281063	-1494.462190	
6.426000	0.808184	0.993694	4.550160	29.565013	0.312215	-1494.408423	
6.427000	0.867379	0.880349	4.545820	29.567260	0.362836	-1494.354529	
6.428000	0.795500	0.847965	4.543129	29.569231	0.296639	-1494.300340	
6.429000	0.901205	0.629370	4.542000	29.571066	0.261593	-1494.245734	
6.430000	0.960400	0.904637	4.542339	29.572994	0.257699	-1494.190637	
6.431000	0.973084	0.904637	4.544507	29.575035	0.304427	-1494.135031	
6.432000	0.833553	0.920829	4.548780	29.577010	0.339473	-1494.078971	
6.433000	0.935030	0.872253	4.554651	29.578729	0.094153	-1494.022584	
6.434000	0.947715	0.847965	4.561168	29.580091	0.230441	-1493.966041	
6.435000	0.926574	0.791292	4.567325	29.581047	0.187608	-1493.909529	
6.436000	0.892748	0.920829	4.572136	29.581613	0.288851	-1493.853218	
6.437000	0.846238	0.791292	4.574937	29.581967	0.308321	-1493.797239	
6.438000	0.930802	0.767004	4.575603	29.582247	0.261593	-1493.741678	
6.439000	0.964628	0.783196	4.574031	29.582360	0.121410	-1493.686569	
6.440000	0.909661	0.928926	4.570024	29.582220	0.136986	-1493.631891	
6.441000	0.715164	0.864157	4.564054	29.582002	0.113622	-1493.577552	
6.442000	0.981541	0.799388	4.557307	29.581980	0.191502	-1493.523409	
6.443000	0.896977	0.823676	4.551003	29.582194	0.296639	-1493.469286	
6.444000	0.833553	0.880349	4.545922	29.582463	0.409564	-1493.415005	
6.445000	0.901205	0.831773	4.542299	29.582596	0.331685	-1493.360414	
6.446000	1.015366	0.767004	4.539883	29.582512	0.261593	-1493.305411	
6.447000	0.871607	0.937022	4.537946	29.582185	0.257699	-1493.249942	
6.448000	0.909661	0.815580	4.535947	29.581629	0.316109	-1493.194007	
6.449000	0.719392	0.985598	4.534156	29.580998	0.214866	-1493.137675	
6.450000	0.901205	0.831773	4.533007	29.580406	0.269381	-1493.081083	
6.451000	0.867379	0.856061	4.532530	29.579756	0.397882	-1493.024407	
6.452000	0.909661	0.847965	4.532511	29.578961	0.242123	-1492.967829	
6.453000	0.702479	0.807484	4.532669	29.578202	0.327791	-1492.911507	
6.454000	1.078789	0.605082	4.532830	29.577767	0.277169	-1492.855557	
6.455000	0.863151	0.823676	4.532982	29.577709	0.257699	-1492.800047	
6.456000	1.002682	0.896541	4.533112	29.577844	0.238229	-1492.744995	
6.457000	0.896977	0.937022	4.533201	29.577981	0.148668	-1492.690360	
6.458000	1.057648	0.710331	4.533396	29.578056	0.117516	-1492.636038	
6.459000	0.880064	0.791292	4.534092	29.578068	0.195396	-1492.581878	
6.460000	0.930802	0.920829	4.535645	29.578028	0.390094	-1492.527705	
6.461000	0.660197	0.864157	4.538066	29.578053	0.296639	-1492.473344	
6.462000	0.968856	0.799388	4.541230	29.578233	0.230441	-1492.418661	
6.463000	0.884292	0.653659	4.545126	29.578469	0.300533	-1492.363572	
6.464000	0.863151	0.767004	4.549985	29.578683	0.179820	-1492.308039	
6.465000	0.689795	0.758908	4.556166	29.579048	0.277169	-1492.252079	
6.466000	1.028051	0.742716	4.563519	29.579852	0.207078	-1492.195783	
6.467000	0.799728	0.920829	4.571270	29.581162	0.460186	-1492.139293	
6.468000	0.880064	1.026079	4.578623	29.582797	0.273275	-1492.082782	
6.469000	0.875836	0.920829	4.585106	29.584561	0.230441	-1492.026423	
6.470000	1.028051	0.629370	4.590508	29.586410	0.195396	-1491.970364	
6.471000	0.943487	0.621274	4.594821	29.588370	0.327791	-1491.914704	
6.472000	0.968856	0.993694	4.598172	29.590435	0.249911	-1491.859491	
6.473000	0.748989	0.791292	4.600605	29.592653	0.343367	-1491.804720	
6.474000	0.905433	0.880349	4.601977	29.595041	0.101940	-1491.750330	
6.475000	0.926574	0.783196	4.602240	29.597486	0.382306	-1491.696204	
6.476000	0.947715	0.783196	4.601653	29.599900	0.273275	-1491.642186	
6.477000	0.791271	0.694139	4.600633	29.602413	0.246017	-1491.588104	
6.478000	1.049192	0.686043	4.599616	29.605286	0.312215	-1491.533797	
6.479000	0.909661	0.556506	4.598943	29.608601	0.390094	-1491.479147	
6.480000	0.981541	0.888445	4.598746	29.612188	0.238229	-1491.424086	
6.481000	0.943487	0.767004	4.599271	29.615872	0.144774	-1491.368597	
6.482000	1.049192	0.856061	4.600940	29.619644	0.109728	-1491.312734	
6.483000	0.939259	0.783196	4.603703	29.623571	0.284957	-1491.256611	
6.484000	0.829325	1.058463	4.606869	29.627653	0.296639	-1491.200378	
6.485000	0.778587	0.726523	4.609685	29.631884	0.335579	-1491.144200	
6.486000	0.829325	0.815580	4.611697	29.636231	0.168138	-1491.088244	
6.487000	0.960400	0.742716	4.612656	29.640577	0.343367	-1491.032638	
6.488000	0.918118	0.912733	4.612373	29.644833	0.144774	-1490.977458	
6.489000	0.846238	0.856061	4.610827	29.649098	0.160350	-1490.922726	
6.490000	0.960400	0.969406	4.608321	29.653614	0.277169	-1490.868414	
6.491000	0.918118	0.702235	4.605321	29.658470	0.195396	-1490.814430	
6.492000	0.863151	0.920829	4.602261	29.663509	0.195396	-1490.760631	
6.493000	0.901205	0.694139	4.599523	29.668566	0.277169	-1490.706849	
6.494000	1.002682	0.775100	4.597346	29.673661	0.144774	-1490.652911	
6.495000	1.023823	0.767004	4.595651	29.678892	0.316109	-1490.598674	
6.496000	0.858923	1.066559	4.593894	29.684242	0.210972	-1490.544037	
6.497000	0.947715	0.928926	4.591228	29.689628	0.105834	-1490.488951	
6.498000	0.888520	0.750812	4.587303	29.694950	-0.010985	-1490.433429	
6.499000	1.015366	0.807484	4.582683	29.700094	0.281063	-1490.377558	
6.500000	0.875836	0.831773	4.578132	29.704975	0.082471	-1490.321474	0.000000
6.501000	0.875836	0.928926	4.574054	29.709642	0.238229	-1490.265344	
6.502000	0.956171	0.880349	4.570538	29.714297	0.331685	-1490.209336	
6.503000	0.896977	0.799388	4.567473	29.719044	0.339473	-1490.153605	
6.504000	0.888520	0.847965	4.564779	29.723747	0.316109	-1490.098259	
6.505000	0.905433	0.775100	4.562661	29.728272	0.296639	-1490.043359	
6.506000	0.939259	0.880349	4.561470	29.732696	0.094153	-1489.988916	
6.507000	0.960400	1.034175	4.561322	29.737176	0.249911	-1489.934878	
6.508000	0.875836	0.985598	4.562051	29.741707	0.358942	-1489.881127	
6.509000	0.875836	1.074655	4.563518	29.746150	0.203184	-1489.827501	
6.510000	0.829325	0.904637	4.565772	29.750349	0.168138	-1489.773826	
6.511000	0.922346	0.953214	4.568992	29.754183	0.421246	-1489.719934	
6.512000	0.939259	0.775100	4.573265	29.757575	0.370624	-1489.665693	
6.513000	0.918118	0.904637	4.578286	29.760545	0.366730	-1489.611017	
6.514000	0.977312	0.872253	4.583418	29.763281	0.265487	-1489.555877	
6.515000	0.930802	0.928926	4.588118	29.765905	0.308321	-1489.500305	
6.516000	0.977312	1.009886	4.592140	29.768302	0.246017	-1489.444402	
6.517000	0.863151	1.017982	4.595342	29.770355	0.210972	-1489.388322	
6.518000	0.956171	0.896541	4.597569	29.772187	0.105834	-1489.332243	
6.519000	0.968856	0.831773	4.598670	29.774002	0.238229	-1489.276341	
6.520000	0.956171	0.758908	4.598512	29.775817	0.249911	-1489.220762	
6.521000	0.884292	0.807484	4.597394	29.777473	0.370624	-1489.165600	
6.522000	0.884292	0.977502	4.596064	29.778805	0.117516	-1489.110908	
6.523000	0.896977	1.009886	4.594805	29.779714	0.308321	-1489.056686	
6.524000	0.863151	0.847965	4.593295	29.780149	0.230441	-1489.002862	
6.525000	0.765902	1.131328	4.591402	29.780131	0.253805	-1488.949297	
6.526000	0.753218	0.928926	4.589358	29.779844	0.327791	-1488.895814	
6.527000	0.854694	0.872253	4.587443	29.779424	0.355048	-1488.842228	
6.528000	0.973084	0.847965	4.586058	29.778769	0.401776	-1488.788373	
6.529000	0.901205	1.017982	4.585698	29.777781	0.300533	-1488.734128	
6.530000	0.833553	1.001790	4.586225	29.776623	0.082471	-1488.679423	
6.531000	0.956171	0.945118	4.586835	29.775553	0.187608	-1488.624240	
6.532000	0.922346	0.969406	4.587178	29.774604	0.234335	-1488.568626	
6.533000	0.863151	0.977502	4.587459	29.773595	0.401776	-1488.512699	
6.534000	0.922346	0.823676	4.587642	29.772334	0.210972	-1488.456623	
6.535000	1.002682	0.767004	4.587458	29.770731	0.195396	-1488.400587	
6.536000	0.977312	0.920829	4.586683	29.768747	0.195396	-1488.344769	
6.537000	0.913889	1.017982	4.585043	29.766398	0.312215	-1488.289301	
6.538000	0.744761	0.807484	4.582397	29.763859	0.218760	-1488.234271	
6.539000	0.960400	0.880349	4.578992	29.761274	0.222654	-1488.179716	
6.540000	0.909661	0.928926	4.575154	29.758554	0.413458	-1488.125621	
6.541000	0.926574	0.839869	4.571081	29.755621	0.179820	-1488.071896	
6.542000	0.719392	0.969406	4.567123	29.752661	0.214866	-1488.018391	
6.543000	0.943487	0.872253	4.563681	29.749961	0.343367	-1487.964927	
6.544000	0.820869	1.034175	4.560906	29.747570	0.312215	-1487.911319	
6.545000	0.884292	1.009886	4.558833	29.745307	0.292745	-1487.857409	
6.546000	0.880064	1.082751	4.557587	29.742979	0.168138	-1487.803090	
6.547000	1.070333	0.661755	4.557312	29.740518	0.300533	-1487.748312	
6.548000	0.918118	0.920829	4.558034	29.737911	0.382306	-1487.693080	
6.549000	0.875836	0.839869	4.559734	29.735171	0.456292	-1487.637464	
6.550000	0.588318	0.977502	4.562404	29.732438	0.335579	-1487.581598	
6.551000	0.930802	0.937022	4.565787	29.729816	0.133092	-1487.525659	
6.552000	0.918118	0.856061	4.569372	29.727204	0.355048	-1487.469833	
6.553000	1.011138	0.872253	4.572743	29.724516	0.214866	-1487.414288	
6.554000	0.727848	0.896541	4.575660	29.721923	0.300533	-1487.359143	
6.555000	1.171810	0.637467	4.577808	29.719709	0.316109	-1487.304475	
6.556000	0.943487	0.847965	4.578693	29.717933	0.308321	-1487.250306	
6.557000	0.909661	1.001790	4.577995	29.716414	0.207078	-1487.196594	
6.558000	0.846238	1.050367	4.575997	29.714963	0.261593	-1487.143233	
6.559000	1.049192	0.937022	4.573510	29.713535	0.086365	-1487.090073	
6.560000	0.909661	0.896541	4.571326	29.712146	0.183714	-1487.036939	
6.561000	0.956171	0.896541	4.569962	29.710800	0.374518	-1486.983653	
6.562000	0.660197	0.839869	4.569719	29.709583	0.281063	-1486.930073	
6.563000	0.947715	0.669851	4.570620	29.708553	0.094153	-1486.876107	
6.564000	0.871607	0.791292	4.572264	29.707607	0.397882	-1486.821717	
6.565000	0.833553	0.912733	4.573949	29.706664	0.347261	-1486.766917	
6.566000	0.715164	1.058463	4.575329	29.705871	0.296639	-1486.711788	
6.567000	1.015366	0.937022	4.576585	29.705497	0.362836	-1486.656465	
6.568000	0.913889	0.726523	4.577935	29.705612	0.413458	-1486.601118	
6.569000	0.905433	1.042271	4.579499	29.706037	0.390094	-1486.545919	
6.570000	0.905433	0.677947	4.581146	29.706588	0.242123	-1486.491017	
6.571000	1.091474	0.831773	4.582236	29.707246	0.109728	-1486.436518	
6.572000	1.023823	0.702235	4.581865	29.708059	0.277169	-1486.382479	
6.573000	0.888520	1.066559	4.579639	29.709017	0.253805	-1486.328900	
6.574000	0.791271	0.815580	4.576086	29.710121	0.242123	-1486.275712	
6.575000	0.892748	0.937022	4.572217	29.711348	0.183714	-1486.222794	
6.576000	0.981541	0.661755	4.568966	29.712581	0.277169	-1486.169996	
6.577000	0.892748	0.734620	4.566986	29.713733	0.242123	-1486.117143	
6.578000	0.816641	0.669851	4.566583	29.714907	0.148668	-1486.064072	
6.579000	1.049192	0.807484	4.567639	29.716341	0.218760	-1486.010657	
6.580000	0.951943	0.661755	4.569349	29.718119	0.218760	-1485.956823	
6.581000	0.892748	1.050367	4.570442	29.720081	0.230441	-1485.902548	
6.582000	0.926574	0.767004	4.570399	29.722067	0.246017	-1485.847874	
6.583000	0.871607	0.799388	4.569804	29.724098	0.004591	-1485.792912	
6.584000	0.918118	0.750812	4.569224	29.726266	0.265487	-1485.737816	
6.585000	0.791271	0.928926	4.568765	29.728557	0.351155	-1485.682757	
6.586000	0.850466	0.839869	4.568503	29.730887	0.277169	-1485.627899	
6.587000	0.918118	0.823676	4.568550	29.733157	0.136986	-1485.573375	
6.588000	1.002682	0.953214	4.568866	29.735240	0.191502	-1485.519275	
6.589000	0.808184	0.742716	4.569473	29.737055	0.327791	-1485.465638	
6.590000	0.816641	0.815580	4.570694	29.738658	0.214866	-1485.412441	
6.591000	0.964628	0.669851	4.572791	29.740255	0.300533	-1485.359599	
6.592000	0.909661	0.677947	4.575746	29.741943	0.366730	-1485.306972	
6.593000	0.909661	0.888445	4.579513	29.743576	0.327791	-1485.254391	
6.594000	0.968856	0.758908	4.584077	29.745010	0.214866	-1485.201680	
6.595000	1.066105	0.839869	4.589309	29.746312	0.035743	-1485.148693	
6.596000	0.964628	0.896541	4.594808	29.747628	0.226548	-1485.095330	
6.597000	0.918118	0.686043	4.599986	29.748952	0.261593	-1485.041538	
6.598000	0.837782	0.945118	4.604542	29.750158	0.269381	-1484.987320	
6.599000	0.939259	0.791292	4.608568	29.751100	0.074683	-1484.932748	
6.600000	0.930802	0.896541	4.612074	29.751665	0.257699	-1484.877957	0.000000
6.601000	0.884292	0.758908	4.614772	29.751777	0.300533	-1484.823107	
6.602000	0.820869	1.009886	4.616289	29.751476	0.210972	-1484.768367	
6.603000	0.918118	0.661755	4.616327	29.750968	0.284957	-1484.713884	
6.604000	0.871607	0.912733	4.614902	29.750386	0.214866	-1484.659772	
6.605000	0.875836	0.799388	4.612543	29.749619	0.456292	-1484.606096	
6.606000	0.867379	1.001790	4.609653	29.748549	0.292745	-1484.552867	
6.607000	0.964628	0.791292	4.606001	29.747288	0.156456	-1484.500035	
6.608000	0.901205	1.009886	4.601396	29.746030	0.292745	-1484.447488	
6.609000	0.884292	0.839869	4.596224	29.744780	0.429034	-1484.395064	
6.610000	0.846238	0.823676	4.590997	29.743375	0.292745	-1484.342586	
6.611000	0.960400	0.661755	4.586094	29.741635	0.148668	-1484.289887	
6.612000	0.994225	0.750812	4.582043	29.739449	0.207078	-1484.236841	
6.613000	0.968856	0.661755	4.579294	29.736760	0.136986	-1484.183368	
6.614000	0.896977	0.969406	4.577980	29.733595	0.238229	-1484.129428	
6.615000	0.875836	0.783196	4.578171	29.730152	0.210972	-1484.075044	
6.616000	0.820869	0.904637	4.579713	29.726574	0.218760	-1484.020307	
6.617000	0.922346	0.758908	4.582026	29.722766	0.222654	-1483.965365	
6.618000	0.858923	0.718427	4.584240	29.718633	0.312215	-1483.910391	
6.619000	0.918118	0.702235	4.585422	29.714333	0.175926	-1483.855560	
6.620000	0.964628	0.815580	4.585075	29.710118	0.207078	-1483.801018	
6.621000	0.901205	1.001790	4.583304	29.706021	0.323897	-1483.746863	
6.622000	0.850466	1.001790	4.580234	29.701868	0.397882	-1483.693144	
6.623000	0.901205	0.953214	4.575789	29.697473	0.273275	-1483.639859	
6.624000	0.816641	0.888445	4.570163	29.692748	0.203184	-1483.586942	
6.625000	0.896977	0.775100	4.564033	29.687655	0.370624	-1483.534264	
6.626000	0.863151	0.823676	4.558239	29.682211	0.230441	-1483.481653	
6.627000	0.778587	0.880349	4.553373	29.676592	0.269381	-1483.428927	
6.628000	0.850466	0.937022	4.549638	29.670934	0.253805	-1483.375923	
6.629000	1.015366	0.912733	4.547041	29.665146	0.323897	-1483.322524	
6.630000	0.918118	0.969406	4.545678	29.659145	0.136986	-1483.268663	
6.631000	0.778587	0.847965	4.545758	29.653110	0.207078	-1483.214327	
6.632000	1.002682	0.750812	4.547468	29.647316	0.257699	-1483.159568	
6.633000	0.871607	0.718427	4.550713	29.641808	0.265487	-1483.104498	
6.634000	0.977312	0.920829	4.554943	29.636400	0.316109	-1483.049276	
6.635000	0.926574	0.799388	4.559436	29.630905	0.035743	-1482.994083	
6.636000	1.028051	0.750812	4.563651	29.625251	0.249911	-1482.939098	
6.637000	0.918118	0.969406	4.567376	29.619422	0.238229	-1482.884463	
6.638000	0.939259	0.912733	4.570737	29.613434	0.277169	-1482.830263	
6.639000	0.706707	0.969406	4.573806	29.607430	0.339473	-1482.776535	
6.640000	0.867379	0.872253	4.576190	29.601524	0.253805	-1482.723265	
6.641000	0.858923	0.815580	4.577437	29.595624	0.316109	-1482.670370	
6.642000	0.943487	0.831773	4.577626	29.589654	0.331685	-1482.617706	
6.643000	0.647513	0.912733	4.577352	29.583799	0.179820	-1482.565096	
6.644000	1.015366	0.807484	4.577371	29.578356	0.284957	-1482.512356	
6.645000	0.875836	0.839869	4.578020	29.573388	0.405670	-1482.459331	
6.646000	0.930802	0.896541	4.579192	29.568711	0.413458	-1482.405910	
6.647000	0.880064	1.050367	4.580943	29.564135	0.269381	-1482.352036	
6.648000	0.981541	0.847965	4.583555	29.559611	0.284957	-1482.297713	
6.649000	0.875836	0.872253	4.587024	29.555153	0.253805	-1482.243014	
6.650000	0.922346	1.074655	4.590888	29.550765	0.273275	-1482.188068	
6.651000	0.744761	0.872253	4.594500	29.546537	0.284957	-1482.133043	
6.652000	0.960400	0.799388	4.597198	29.542530	0.016273	-1482.078127	
6.653000	0.968856	0.791292	4.598484	29.538643	0.261593	-1482.023493	
6.654000	0.981541	0.694139	4.598310	29.534796	0.242123	-1481.969269	
6.655000	0.732077	1.123232	4.596846	29.531144	0.187608	-1481.915526	
6.656000	1.032279	0.888445	4.594190	29.527965	0.195396	-1481.862286	
6.657000	0.863151	0.993694	4.590487	29.525334	0.222654	-1481.809508	
6.658000	0.918118	1.171808	4.586095	29.523074	0.172032	-1481.757089	
6.659000	0.935030	0.750812	4.581628	29.521006	0.273275	-1481.704878	
6.660000	1.002682	0.847965	4.577725	29.519111	0.125304	-1481.652701	
6.661000	0.968856	0.702235	4.574793	29.517444	0.136986	-1481.600384	
6.662000	0.922346	1.090847	4.573053	29.516005	0.308321	-1481.547782	
6.663000	0.736305	0.977502	4.572632	29.514819	0.292745	-1481.494800	
6.664000	0.833553	1.001790	4.573770	29.513886	0.082471	-1481.441399	
6.665000	0.926574	0.928926	4.576884	29.513095	0.304427	-1481.387597	
6.666000	0.880064	0.977502	4.581949	29.512354	0.327791	-1481.333477	
6.667000	0.787043	0.823676	4.588192	29.511756	0.277169	-1481.279174	
6.668000	0.981541	0.791292	4.594716	29.511532	0.335579	-1481.224855	
6.669000	0.968856	0.758908	4.601034	29.511760	0.405670	-1481.170695	
6.670000	0.892748	1.066559	4.606931	29.512275	0.316109	-1481.116847	
6.671000	1.002682	0.791292	4.611998	29.512904	0.230441	-1481.063419	
6.672000	1.015366	0.799388	4.615593	29.513658	0.152562	-1481.010478	
6.673000	0.981541	0.896541	4.617255	29.514617	0.133092	-1480.958029	
6.674000	0.918118	0.977502	4.616960	29.515763	0.312215	-1480.906011	
6.675000	0.808184	0.847965	4.615162	29.517030	0.261593	-1480.854297	
6.676000	0.901205	0.702235	4.612618	29.518332	0.070789	-1480.802734	
6.677000	0.977312	0.823676	4.610078	29.519550	0.222654	-1480.751150	
6.678000	0.947715	0.920829	4.607992	29.520600	0.199290	-1480.699383	
6.679000	0.854694	0.791292	4.606493	29.521554	0.374518	-1480.647302	
6.680000	1.002682	0.823676	4.605639	29.522634	0.226548	-1480.594825	
6.681000	0.896977	0.653659	4.605795	29.523939	0.265487	-1480.541926	
6.682000	0.880064	0.953214	4.607759	29.525328	0.382306	-1480.488638	
6.683000	0.846238	0.920829	4.611827	29.526655	0.292745	-1480.435064	
6.684000	0.981541	0.888445	4.617166	29.527977	0.160350	-1480.381357	
6.685000	0.985769	0.928926	4.622508	29.529429	0.281063	-1480.327691	
6.686000	0.930802	1.034175	4.626739	29.530999	0.292745	-1480.274232	
6.687000	0.884292	0.896541	4.629231	29.532571	0.296639	-1480.221114	
6.688000	0.930802	0.742716	4.629780	29.534014	0.226548	-1480.168430	
6.689000	0.875836	0.888445	4.627951	29.535212	0.288851	-1480.116228	
6.690000	0.913889	0.645563	4.623316	29.536084	0.187608	-1480.064497	
6.691000	0.892748	0.831773	4.616211	29.536660	0.238229	-1480.013155	
6.692000	0.973084	0.807484	4.607611	29.537132	0.179820	-1479.962059	
6.693000	0.913889	0.920829	4.598677	29.537618	0.304427	-1479.911040	
6.694000	0.998453	0.839869	4.590370	29.537994	0.261593	-1479.859926	
6.695000	0.905433	0.758908	4.583184	29.538139	0.136986	-1479.808565	
6.696000	1.006910	0.912733	4.577494	29.538164	0.024061	-1479.756855	
6.697000	0.947715	0.799388	4.573555	29.538269	0.086365	-1479.704737	
6.698000	0.935030	0.872253	4.570964	29.538471	0.226548	-1479.652203	
6.699000	0.803956	1.115135	4.569285	29.538617	0.273275	-1479.599311	
6.700000	0.888520	0.791292	4.568679	29.538542	0.066895	-1479.546181	0.000000
6.701000	0.892748	0.928926	4.569201	29.538136	0.183714	-1479.492976	
6.702000	0.926574	0.775100	4.570555	29.537338	0.257699	-1479.439864	
6.703000	0.816641	1.082751	4.572515	29.536167	0.269381	-1479.387000	
6.704000	0.926574	0.791292	4.574844	29.534812	0.390094	-1479.334494	
6.705000	0.854694	1.017982	4.577395	29.533406	0.246017	-1479.282417	
6.706000	1.002682	0.815580	4.580615	29.531846	0.339473	-1479.230790	
6.707000	0.825097	0.904637	4.584948	29.530030	0.191502	-1479.179572	
6.708000	0.795500	0.758908	4.590041	29.528108	0.226548	-1479.128659	
6.709000	0.977312	0.775100	4.595280	29.526319	0.331685	-1479.077902	
6.710000	0.918118	0.783196	4.600314	29.524682	0.355048	-1479.027127	
6.711000	0.951943	0.815580	4.604831	29.523014	0.323897	-1478.976167	
6.712000	0.964628	0.847965	4.608488	29.521120	0.300533	-1478.924891	
6.713000	1.036507	0.945118	4.611202	29.518905	0.168138	-1478.873220	
6.714000	0.918118	0.799388	4.613289	29.516328	0.152562	-1478.821118	
6.715000	0.846238	0.823676	4.615266	29.513409	0.214866	-1478.768594	
6.716000	0.778587	0.702235	4.617430	29.510326	0.152562	-1478.715725	
6.717000	0.888520	0.588890	4.619487	29.507216	0.179820	-1478.662646	
6.718000	0.939259	0.815580	4.620808	29.503987	0.335579	-1478.609522	
6.719000	0.935030	0.799388	4.620951	29.500553	0.312215	-1478.556523	
6.720000	0.736305	0.823676	4.619770	29.497095	0.210972	-1478.503792	
6.721000	0.968856	0.653659	4.617371	29.493895	0.195396	-1478.451427	
6.722000	0.833553	0.904637	4.614024	29.490997	0.421246	-1478.399481	
6.723000	0.808184	0.839869	4.609863	29.488221	0.316109	-1478.347951	
6.724000	0.850466	1.009886	4.604840	29.485372	0.362836	-1478.296770	
6.725000	0.960400	0.799388	4.599026	29.482374	0.230441	-1478.245814	
6.726000	0.918118	0.807484	4.592821	29.479205	0.183714	-1478.194925	
6.727000	0.896977	0.888445	4.586836	29.475880	0.366730	-1478.143928	
6.728000	0.668654	0.807484	4.581443	29.472548	0.234335	-1478.092658	
6.729000	0.892748	0.767004	4.576777	29.469327	0.179820	-1478.040998	
6.730000	0.901205	0.799388	4.573119	29.466120	0.374518	-1477.988883	
6.731000	1.002682	0.702235	4.570637	29.462845	0.230441	-1477.936301	
6.732000	0.753218	0.864157	4.569260	29.459686	0.238229	-1477.883296	
6.733000	1.023823	0.742716	4.568943	29.456937	0.288851	-1477.829976	
6.734000	0.837782	0.847965	4.569487	29.454658	0.362836	-1477.776491	
6.735000	0.913889	0.896541	4.570471	29.452666	0.374518	-1477.723014	
6.736000	0.863151	0.856061	4.571560	29.450767	0.226548	-1477.669719	
6.737000	1.040735	0.734620	4.572610	29.448907	0.183714	-1477.616750	
6.738000	1.002682	0.888445	4.573346	29.447095	0.358942	-1477.564203	
6.739000	0.947715	0.864157	4.573260	29.445346	0.327791	-1477.512114	
6.740000	0.613687	0.831773	4.572230	29.443777	0.172032	-1477.460465	
6.741000	0.837782	0.856061	4.570645	29.442471	0.226548	-1477.409176	
6.742000	0.812412	0.807484	4.568974	29.441332	0.312215	-1477.358108	
6.743000	0.871607	0.791292	4.567596	29.440274	0.316109	-1477.307088	
6.744000	0.748989	0.799388	4.566638	29.439445	0.355048	-1477.255936	
6.745000	1.032279	0.896541	4.566047	29.439108	0.312215	-1477.204493	
6.746000	0.939259	0.775100	4.565878	29.439326	0.347261	-1477.152649	
6.747000	0.892748	0.945118	4.566374	29.439917	0.343367	-1477.100349	
6.748000	0.867379	0.864157	4.567967	29.440694	0.136986	-1477.047593	
6.749000	0.947715	0.799388	4.570878	29.441627	0.179820	-1476.994454	
6.750000	0.943487	0.807484	4.574728	29.442750	0.172032	-1476.941066	
6.751000	0.884292	1.017982	4.578811	29.444053	0.312215	-1476.887595	
6.752000	0.803956	0.783196	4.582549	29.445555	0.156456	-1476.834218	
6.753000	0.930802	0.791292	4.585684	29.447252	0.222654	-1476.781107	
6.754000	0.964628	0.726523	4.588120	29.449033	0.308321	-1476.728396	
6.755000	0.918118	0.750812	4.589580	29.450814	0.257699	-1476.676162	
6.756000	0.791271	0.669851	4.589745	29.452722	0.125304	-1476.624429	
6.757000	1.002682	0.904637	4.588856	29.455018	0.335579	-1476.573157	
6.758000	0.935030	0.653659	4.587542	29.457788	0.269381	-1476.522241	
6.759000	0.816641	1.098943	4.586195	29.460866	0.300533	-1476.471529	
6.760000	0.922346	0.702235	4.584930	29.464082	0.234335	-1476.420842	
6.761000	0.985769	0.904637	4.583652	29.467440	0.090259	-1476.370009	
6.762000	0.956171	0.839869	4.582229	29.471020	0.269381	-1476.318889	
6.763000	0.833553	1.082751	4.580768	29.474811	0.269381	-1476.267385	
6.764000	0.892748	0.783196	4.579632	29.478771	0.296639	-1476.215445	
6.765000	0.863151	0.928926	4.579294	29.482835	0.207078	-1476.163082	
6.766000	0.909661	1.082751	4.580021	29.486881	0.335579	-1476.110380	
6.767000	0.837782	0.750812	4.581592	29.490821	0.226548	-1476.057476	
6.768000	0.825097	0.904637	4.583493	29.494730	0.242123	-1476.004541	
6.769000	1.078789	0.702235	4.585290	29.498833	0.234335	-1475.951751	
6.770000	0.905433	0.872253	4.586804	29.503229	0.296639	-1475.899260	
6.771000	0.956171	0.945118	4.587925	29.507768	0.226548	-1475.847180	
6.772000	0.977312	1.074655	4.588381	29.512292	0.156456	-1475.795576	
6.773000	1.040735	0.799388	4.587930	29.516847	0.117516	-1475.744455	
6.774000	0.905433	0.742716	4.586705	29.521560	0.129198	-1475.693764	
6.775000	0.913889	0.839869	4.585197	29.526423	0.296639	-1475.643383	
6.776000	0.846238	0.937022	4.583997	29.531331	0.203184	-1475.593151	
6.777000	0.964628	0.783196	4.583485	29.536159	0.082471	-1475.542895	
6.778000	0.943487	0.945118	4.583613	29.540787	0.277169	-1475.492453	
6.779000	0.977312	0.783196	4.584050	29.545136	0.343367	-1475.441695	
6.780000	0.820869	1.009886	4.584588	29.549246	0.339473	-1475.390536	
6.781000	0.926574	0.791292	4.585253	29.553318	0.362836	-1475.338943	
6.782000	0.706707	0.977502	4.586248	29.557460	0.378412	-1475.286945	
6.783000	0.951943	0.961310	4.587757	29.561541	0.386200	-1475.234642	
6.784000	0.854694	1.082751	4.589590	29.565420	0.257699	-1475.182181	
6.785000	1.015366	0.928926	4.591279	29.569184	0.125304	-1475.129731	
6.786000	0.892748	0.856061	4.592553	29.573000	0.269381	-1475.077461	
6.787000	0.939259	0.928926	4.593414	29.576859	0.277169	-1475.025504	
6.788000	0.854694	0.783196	4.593751	29.580603	0.320003	-1474.973950	
6.789000	0.989997	0.961310	4.593263	29.584063	0.117516	-1474.922848	
6.790000	0.871607	0.912733	4.591774	29.587119	0.226548	-1474.872198	
6.791000	0.981541	0.937022	4.589417	29.589702	0.327791	-1474.821930	
6.792000	0.871607	0.880349	4.586606	29.591833	0.249911	-1474.771908	
6.793000	0.905433	0.815580	4.583743	29.593707	0.133092	-1474.721960	
6.794000	0.884292	0.694139	4.580973	29.595462	0.175926	-1474.671915	
6.795000	0.922346	0.856061	4.578296	29.596992	0.331685	-1474.621621	
6.796000	0.939259	0.750812	4.575840	29.598191	0.249911	-1474.570969	
6.797000	0.926574	0.880349	4.573999	29.599196	0.117516	-1474.519899	
6.798000	0.960400	0.880349	4.573219	29.600236	0.273275	-1474.468401	
6.799000	0.850466	1.042271	4.573675	29.601333	0.249911	-1474.416526	
6.800000	0.867379	0.937022	4.575193	29.602324	0.261593	-1474.364389	0.000000
6.801000	0.799728	0.864157	4.577329	29.603028	0.191502	-1474.312147	
6.802000	0.981541	0.686043	4.579594	29.603346	0.284957	-1474.259975	
6.803000	0.935030	0.937022	4.581667	29.603228	0.265487	-1474.208028	
6.804000	0.901205	0.831773	4.583399	29.602688	0.339473	-1474.156422	
6.805000	0.732077	0.961310	4.584466	29.601908	0.238229	-1474.105223	
6.806000	0.947715	0.872253	4.584350	29.601023	0.300533	-1474.054458	
6.807000	0.858923	0.888445	4.583112	29.599939	0.300533	-1474.004091	
6.808000	0.909661	0.653659	4.581445	29.598564	0.218760	-1473.954028	
6.809000	0.736305	0.823676	4.580044	29.597068	0.199290	-1473.904123	
6.810000	1.044964	0.758908	4.579390	29.595713	0.246017	-1473.854208	
6.811000	0.905433	0.985598	4.579635	29.594531	0.284957	-1473.804112	
6.812000	0.943487	1.009886	4.580646	29.593342	0.191502	-1473.753697	
6.813000	0.875836	0.872253	4.581855	29.591957	-0.030454	-1473.702875	
6.814000	1.049192	0.856061	4.582159	29.590298	0.234335	-1473.651611	
6.815000	0.858923	0.661755	4.580884	29.588339	0.300533	-1473.599923	
6.816000	0.935030	0.742716	4.578425	29.586095	0.308321	-1473.547886	
6.817000	0.605231	0.880349	4.575490	29.583727	0.281063	-1473.495629	
6.818000	0.867379	0.864157	4.572430	29.581365	0.316109	-1473.443315	
6.819000	0.892748	0.847965	4.569370	29.578918	0.374518	-1473.391114	
6.820000	0.888520	1.042271	4.566451	29.576307	0.292745	-1473.339173	
6.821000	0.592546	0.750812	4.563791	29.573721	0.210972	-1473.287592	
6.822000	0.998453	0.928926	4.561535	29.571458	0.296639	-1473.236427	
6.823000	0.884292	0.977502	4.559838	29.569577	0.432928	-1473.185680	
6.824000	0.880064	0.977502	4.558610	29.567894	0.288851	-1473.135290	
6.825000	0.837782	0.694139	4.557669	29.566215	0.246017	-1473.085139	
6.826000	0.956171	0.880349	4.557139	29.564477	0.109728	-1473.035073	
6.827000	0.951943	0.815580	4.557341	29.562678	0.284957	-1472.984921	
6.828000	0.901205	0.904637	4.558409	29.560822	0.222654	-1472.934517	
6.829000	0.770130	0.767004	4.560131	29.559017	0.203184	-1472.883736	
6.830000	0.951943	0.645563	4.561901	29.557346	0.277169	-1472.832510	
6.831000	1.040735	0.742716	4.563097	29.555708	0.288851	-1472.780824	
6.832000	0.884292	0.839869	4.563942	29.554022	0.207078	-1472.728720	
6.833000	0.668654	0.758908	4.565111	29.552453	0.327791	-1472.676302	
6.834000	1.006910	0.799388	4.566645	29.551283	0.218760	-1472.623720	
6.835000	0.943487	0.694139	4.568167	29.550578	0.378412	-1472.571147	
6.836000	0.926574	0.904637	4.569434	29.550162	0.265487	-1472.518754	
6.837000	0.943487	0.734620	4.570378	29.549852	0.187608	-1472.466678	
6.838000	0.943487	0.945118	4.571114	29.549617	0.043531	-1472.415011	
6.839000	0.968856	0.718427	4.571893	29.549493	0.273275	-1472.363798	
6.840000	0.778587	1.042271	4.572926	29.549486	0.323897	-1472.313026	
6.841000	0.689795	0.937022	4.574162	29.549652	0.432928	-1472.262615	
6.842000	0.816641	0.799388	4.575392	29.550017	0.246017	-1472.212431	
6.843000	0.985769	0.775100	4.576583	29.550467	0.374518	-1472.162310	
6.844000	0.888520	0.702235	4.577771	29.550914	0.308321	-1472.112075	
6.845000	0.753218	0.637467	4.578948	29.551490	0.265487	-1472.061570	
6.846000	0.930802	0.734620	4.580224	29.552465	0.249911	-1472.010680	
6.847000	0.951943	0.864157	4.581779	29.553921	0.300533	-1471.959350	
6.848000	0.943487	0.993694	4.583713	29.555688	0.378412	-1471.907580	
6.849000	0.913889	0.839869	4.585937	29.557589	0.253805	-1471.855438	
6.850000	1.087246	0.758908	4.588171	29.559617	0.027955	-1471.803056	
6.851000	1.049192	0.653659	4.590111	29.561835	0.152562	-1471.750603	
6.852000	0.901205	0.912733	4.591535	29.564231	0.249911	-1471.698259	
6.853000	0.850466	0.799388	4.592301	29.566782	0.246017	-1471.646187	
6.854000	0.905433	0.839869	4.592359	29.569443	0.027955	-1471.594521	
6.855000	0.989997	0.823676	4.591558	29.572099	0.401776	-1471.543346	
6.856000	0.867379	0.767004	4.589209	29.574664	0.175926	-1471.492693	
6.857000	0.803956	1.009886	4.584446	29.577228	0.292745	-1471.442524	
6.858000	1.087246	0.807484	4.577476	29.580026	0.386200	-1471.392734	
6.859000	0.867379	0.880349	4.569711	29.583152	0.362836	-1471.343170	
6.860000	0.858923	0.856061	4.562544	29.586455	0.382306	-1471.293655	
6.861000	0.884292	0.872253	4.556795	29.589775	0.187608	-1471.244013	
6.862000	1.032279	0.742716	4.552972	29.593147	0.059107	-1471.194104	
6.863000	0.863151	0.864157	4.551251	29.596674	0.273275	-1471.143833	
6.864000	0.888520	0.937022	4.551503	29.600345	0.312215	-1471.093149	
6.865000	0.765902	0.977502	4.553595	29.604082	0.378412	-1471.042056	
6.866000	0.803956	0.710331	4.557359	29.607789	0.024061	-1470.990635	
6.867000	0.935030	0.783196	4.562383	29.611345	0.273275	-1470.939024	
6.868000	1.002682	0.605082	4.568089	29.614661	0.269381	-1470.887397	
6.869000	0.842010	0.937022	4.573952	29.617775	0.273275	-1470.835928	
6.870000	1.057648	0.783196	4.579469	29.620887	0.195396	-1470.784768	
6.871000	0.896977	0.758908	4.584056	29.624101	0.218760	-1470.734030	
6.872000	1.002682	0.888445	4.587110	29.627285	0.214866	-1470.683778	
6.873000	0.863151	0.767004	4.588218	29.630305	0.292745	-1470.634020	
6.874000	1.011138	0.710331	4.587415	29.633240	0.133092	-1470.584705	
6.875000	0.939259	0.831773	4.585216	29.636250	0.257699	-1470.535716	
6.876000	0.951943	0.912733	4.582384	29.639331	0.284957	-1470.486889	
6.877000	0.850466	0.864157	4.579693	29.642340	0.339473	-1470.438045	
6.878000	0.918118	0.799388	4.577721	29.645126	0.055213	-1470.389018	
6.879000	0.939259	0.847965	4.576826	29.647572	0.378412	-1470.339683	
6.880000	0.833553	0.880349	4.577405	29.649609	0.140880	-1470.289958	
6.881000	0.858923	0.564602	4.580218	29.651266	0.343367	-1470.239805	
6.882000	0.922346	0.872253	4.586126	29.652736	0.273275	-1470.189246	
6.883000	0.825097	1.026079	4.594985	29.654144	0.358942	-1470.138376	
6.884000	0.909661	0.872253	4.605305	29.655373	0.351155	-1470.087341	
6.885000	0.930802	0.718427	4.615287	29.656307	0.253805	-1470.036312	
6.886000	0.956171	0.783196	4.623672	29.657070	0.144774	-1469.985459	
6.887000	1.006910	0.750812	4.629892	29.657872	0.129198	-1469.934927	
6.888000	0.947715	0.961310	4.634012	29.658725	0.292745	-1469.884810	
6.889000	0.930802	1.098943	4.636454	29.659455	0.273275	-1469.835159	
6.890000	0.943487	0.920829	4.637346	29.659881	0.175926	-1469.785971	
6.891000	1.078789	0.758908	4.636431	29.659897	0.238229	-1469.737183	
6.892000	0.922346	0.783196	4.633764	29.659450	0.172032	-1469.688668	
6.893000	0.905433	0.702235	4.629828	29.658561	0.199290	-1469.640256	
6.894000	0.808184	0.831773	4.625111	29.657415	0.316109	-1469.591771	
6.895000	0.926574	0.928926	4.619953	29.656154	0.191502	-1469.543058	
6.896000	0.909661	0.896541	4.614949	29.654686	0.207078	-1469.494003	
6.897000	0.888520	0.961310	4.611236	29.652919	0.156456	-1469.444538	
6.898000	0.748989	0.904637	4.609566	29.651022	0.144774	-1469.394648	
6.899000	0.973084	0.823676	4.609643	29.649257	0.292745	-1469.344383	
6.900000	0.799728	0.872253	4.610693	29.647659	0.397882	-1469.293857	0.000000
6.901000	0.922346	0.856061	4.611891	29.646047	0.331685	-1469.243223	
6.902000	0.850466	0.920829	4.612542	29.644231	0.164244	-1469.192653	
6.903000	1.011138	0.888445	4.612246	29.642121	0.222654	-1469.142316	
6.904000	0.867379	0.920829	4.610779	29.639683	0.304427	-1469.092339	
6.905000	0.913889	1.066559	4.608187	29.636931	0.304427	-1469.042800	
6.906000	0.689795	1.090847	4.605009	29.634039	0.214866	-1468.993725	
6.907000	0.951943	0.799388	4.601853	29.631139	0.168138	-1468.945089	
6.908000	0.905433	0.758908	4.598938	29.628138	0.327791	-1468.896801	
6.909000	0.947715	0.750812	4.596327	29.624949	0.269381	-1468.848718	
6.910000	0.774359	0.904637	4.594152	29.621756	0.199290	-1468.800670	
6.911000	1.036507	0.783196	4.592497	29.618851	0.207078	-1468.752485	
6.912000	0.875836	0.969406	4.591194	29.616289	0.172032	-1468.704021	
6.913000	0.918118	1.050367	4.589824	29.613891	0.218760	-1468.655185	
6.914000	0.863151	0.572698	4.588193	29.611470	0.136986	-1468.605932	
6.915000	0.998453	0.945118	4.586516	29.608958	0.304427	-1468.556272	
6.916000	0.884292	0.961310	4.585102	29.606348	0.253805	-1468.506278	
6.917000	0.922346	1.050367	4.584070	29.603650	0.292745	-1468.456074	
6.918000	0.698251	0.823676	4.583211	29.600993	0.296639	-1468.405818	
6.919000	0.867379	0.872253	4.582280	29.598475	0.230441	-1468.355683	
6.920000	0.871607	0.807484	4.581303	29.596002	0.327791	-1468.305822	
6.921000	0.892748	0.694139	4.580335	29.593491	0.273275	-1468.256344	
6.922000	0.634828	0.953214	4.579223	29.591116	0.273275	-1468.207306	
6.923000	0.973084	1.001790	4.577813	29.589163	0.374518	-1468.158709	
6.924000	0.803956	0.791292	4.576097	29.587698	0.281063	-1468.110493	
6.925000	0.909661	1.082751	4.574146	29.586536	0.292745	-1468.062542	
6.926000	0.943487	0.815580	4.572176	29.585485	0.339473	-1468.014700	
6.927000	1.011138	0.799388	4.570499	29.584497	0.063001	-1467.966804	
6.928000	0.981541	0.734620	4.569320	29.583594	0.222654	-1467.918694	
6.929000	0.913889	1.042271	4.568701	29.582778	0.308321	-1467.870247	
6.930000	0.744761	0.791292	4.568908	29.582132	0.249911	-1467.821385	
6.931000	0.858923	0.945118	4.570543	29.581710	0.105834	-1467.772084	
6.932000	0.871607	0.856061	4.573605	29.581410	0.300533	-1467.722382	
6.933000	0.867379	0.864157	4.577288	29.581148	0.199290	-1467.672377	
6.934000	0.787043	0.847965	4.580772	29.581060	0.230441	-1467.622214	
6.935000	0.994225	0.856061	4.583499	29.581412	0.308321	-1467.572062	
6.936000	0.905433	0.847965	4.585222	29.582275	0.249911	-1467.522091	
6.937000	0.837782	1.147520	4.585826	29.583478	0.397882	-1467.472436	
6.938000	0.875836	0.742716	4.585252	29.584842	0.323897	-1467.423187	
6.939000	0.880064	0.791292	4.583718	29.586355	0.152562	-1467.374391	
6.940000	0.909661	0.945118	4.581366	29.588070	0.374518	-1467.326035	
6.941000	0.833553	0.993694	4.578168	29.589973	0.292745	-1467.278038	
6.942000	0.820869	0.831773	4.574444	29.592048	0.327791	-1467.230262	
6.943000	0.892748	0.880349	4.570798	29.594258	0.156456	-1467.182544	
6.944000	0.947715	0.823676	4.567585	29.596485	0.429034	-1467.134719	
6.945000	0.913889	0.937022	4.564848	29.598640	0.218760	-1467.086636	
6.946000	0.808184	0.694139	4.562761	29.600816	0.320003	-1467.038182	
6.947000	0.951943	0.742716	4.561800	29.603245	0.210972	-1466.989287	
6.948000	0.901205	0.831773	4.562325	29.606009	0.218760	-1466.939938	
6.949000	0.901205	0.993694	4.564324	29.608949	0.284957	-1466.890186	
6.950000	0.896977	0.742716	4.567460	29.611899	0.246017	-1466.840152	
6.951000	1.036507	0.718427	4.571149	29.614883	0.140880	-1466.790001	
6.952000	0.973084	0.977502	4.574833	29.617997	0.238229	-1466.739914	
6.953000	0.922346	0.977502	4.578114	29.621229	0.343367	-1466.690056	
6.954000	0.850466	0.953214	4.580644	29.624506	0.261593	-1466.640552	
6.955000	0.863151	0.799388	4.582427	29.627734	0.246017	-1466.591481	
6.956000	0.935030	0.767004	4.584193	29.630797	0.335579	-1466.542869	
6.957000	0.875836	0.775100	4.586799	29.633611	0.121410	-1466.494682	
6.958000	0.803956	0.920829	4.590365	29.636238	0.288851	-1466.446810	
6.959000	0.960400	0.710331	4.594485	29.638896	0.343367	-1466.399099	
6.960000	0.880064	0.920829	4.598664	29.641688	0.292745	-1466.351373	
6.961000	0.939259	0.985598	4.602337	29.644475	0.421246	-1466.303459	
6.962000	0.863151	0.758908	4.605177	29.647111	0.183714	-1466.255217	
6.963000	0.981541	0.677947	4.607182	29.649664	0.105834	-1466.206552	
6.964000	0.850466	0.839869	4.608503	29.652279	0.409564	-1466.157416	
6.965000	0.935030	0.985598	4.609907	29.654946	0.288851	-1466.107813	
6.966000	0.888520	0.912733	4.612333	29.657528	0.281063	-1466.057818	
6.967000	0.977312	0.750812	4.615788	29.659873	0.008485	-1466.007572	
6.968000	0.968856	0.791292	4.619508	29.661861	0.335579	-1465.957255	
6.969000	1.006910	0.718427	4.622725	29.663417	0.187608	-1465.907051	
6.970000	0.842010	0.856061	4.625012	29.664570	0.331685	-1465.857118	
6.971000	0.896977	0.686043	4.626053	29.665516	0.098047	-1465.807568	
6.972000	0.913889	0.864157	4.625840	29.666378	0.292745	-1465.758468	
6.973000	0.918118	0.864157	4.625207	29.667043	0.257699	-1465.709827	
6.974000	0.918118	0.847965	4.624879	29.667393	0.218760	-1465.661589	
6.975000	0.951943	0.807484	4.624727	29.667548	0.144774	-1465.613637	
6.976000	0.973084	0.734620	4.624562	29.667711	0.242123	-1465.565814	
6.977000	0.922346	0.872253	4.624417	29.667892	0.312215	-1465.517940	
6.978000	0.837782	0.896541	4.624084	29.667935	0.246017	-1465.469845	
6.979000	0.858923	0.815580	4.623148	29.667668	0.160350	-1465.421397	
6.980000	0.956171	0.864157	4.621590	29.666983	0.059107	-1465.372515	
6.981000	0.922346	0.912733	4.619780	29.665819	0.312215	-1465.323162	
6.982000	0.850466	0.969406	4.617730	29.664193	0.214866	-1465.273358	
6.983000	0.812412	0.742716	4.615253	29.662287	0.253805	-1465.223188	
6.984000	0.968856	0.596986	4.612401	29.660235	0.210972	-1465.172796	
6.985000	0.956171	0.621274	4.609210	29.657931	0.436822	-1465.122358	
6.986000	0.973084	0.596986	4.605754	29.655275	0.218760	-1465.072051	
6.987000	0.850466	0.912733	4.602427	29.652422	0.222654	-1465.022026	
6.988000	1.053420	0.767004	4.599657	29.649616	0.179820	-1464.972380	
6.989000	0.888520	1.082751	4.597789	29.646885	0.129198	-1464.923161	
6.990000	0.901205	0.710331	4.597088	29.644057	0.218760	-1464.874361	
6.991000	1.015366	0.799388	4.597359	29.640947	0.101940	-1464.825911	
6.992000	1.032279	0.686043	4.598136	29.637465	0.183714	-1464.777690	
6.993000	0.909661	0.783196	4.599302	29.633574	0.288851	-1464.729536	
6.994000	0.951943	0.993694	4.600975	29.629297	0.312215	-1464.681273	
6.995000	0.702479	0.985598	4.602961	29.624816	0.249911	-1464.632740	
6.996000	0.875836	0.945118	4.604789	29.620276	0.362836	-1464.583816	
6.997000	0.753218	0.912733	4.606178	29.615588	0.358942	-1464.534431	
6.998000	0.803956	0.888445	4.607101	29.610667	0.320003	-1464.484563	
6.999000	0.787043	0.888445	4.607498	29.605693	0.312215	-1464.434256	
7.000000	1.053420	0.726523	4.607280	29.600941	0.238229	-1464.383620	1.000000
7.001000	0.892748	0.864157	4.606418	29.596455	0.339473	-1464.332811	
7.002000	0.909661	0.953214	4.604866	29.592052	0.343367	-1464.282006	
7.003000	0.854694	0.904637	4.602500	29.587539	0.261593	-1464.231378	
7.004000	1.015366	0.758908	4.599160	29.582842	0.187608	-1464.181066	
7.005000	0.850466	0.613178	4.594789	29.577943	0.246017	-1464.131156	
7.006000	0.837782	0.823676	4.589518	29.572853	0.429034	-1464.081677	
7.007000	0.668654	0.799388	4.583653	29.567724	0.230441	-1464.032599	
7.008000	0.956171	0.677947	4.577639	29.562674	0.172032	-1463.983837	
7.009000	0.943487	0.799388	4.571997	29.557612	0.343367	-1463.935254	
7.010000	0.943487	0.920829	4.567262	29.552463	0.277169	-1463.886687	
7.011000	0.723620	0.799388	4.563733	29.547415	0.335579	-1463.837966	
7.012000	1.032279	0.896541	4.561373	29.542764	0.214866	-1463.788947	
7.013000	0.913889	0.864157	4.560255	29.538573	0.312215	-1463.739529	
7.014000	0.842010	1.123232	4.560603	29.534663	0.347261	-1463.689655	
7.015000	0.858923	0.686043	4.562108	29.530845	0.288851	-1463.639322	
7.016000	0.985769	0.993694	4.564120	29.527072	0.230441	-1463.588600	
7.017000	0.947715	0.783196	4.566300	29.523353	0.351155	-1463.537617	
7.018000	0.837782	1.090847	4.568456	29.519692	0.362836	-1463.486537	
7.019000	0.677110	0.791292	4.570380	29.516176	0.409564	-1463.435533	
7.020000	0.896977	0.888445	4.571784	29.512862	0.242123	-1463.384764	
7.021000	0.939259	0.775100	4.572373	29.509647	0.304427	-1463.334347	
7.022000	0.816641	1.147520	4.572109	29.506446	0.347261	-1463.284343	
7.023000	0.689795	0.904637	4.571056	29.503415	0.277169	-1463.234760	
7.024000	1.015366	1.034175	4.569412	29.500831	0.316109	-1463.185541	
7.025000	0.901205	0.791292	4.567673	29.498761	0.277169	-1463.136577	
7.026000	0.909661	0.969406	4.566288	29.497029	0.374518	-1463.087721	
7.027000	0.985769	0.750812	4.565427	29.495450	0.125304	-1463.038810	
7.028000	1.066105	0.896541	4.564946	29.494000	0.109728	-1462.989691	
7.029000	0.985769	0.823676	4.564482	29.492723	0.238229	-1462.940243	
7.030000	0.846238	1.260865	4.563997	29.491614	0.292745	-1462.890387	
7.031000	0.770130	0.945118	4.564066	29.490696	0.273275	-1462.840086	
7.032000	0.846238	0.937022	4.565289	29.489964	0.105834	-1462.789369	
7.033000	0.985769	0.677947	4.567611	29.489305	0.300533	-1462.738335	
7.034000	0.896977	0.791292	4.570381	29.488636	0.222654	-1462.687132	
7.035000	0.778587	0.937022	4.572897	29.488072	0.288851	-1462.635927	
7.036000	0.977312	0.969406	4.574803	29.487864	0.308321	-1462.584887	
7.037000	0.867379	1.026079	4.576007	29.488092	0.296639	-1462.534153	
7.038000	0.787043	1.131328	4.576463	29.488591	0.281063	-1462.483817	
7.039000	0.960400	1.001790	4.576146	29.489191	0.203184	-1462.433921	
7.040000	1.040735	0.750812	4.575129	29.489903	0.183714	-1462.384459	
7.041000	0.935030	0.742716	4.573637	29.490810	0.265487	-1462.335354	
7.042000	0.863151	1.050367	4.572008	29.491902	0.191502	-1462.286475	
7.043000	0.850466	0.969406	4.570564	29.493130	0.296639	-1462.237659	
7.044000	0.926574	0.896541	4.569445	29.494424	-0.046030	-1462.188745	
7.045000	0.964628	0.823676	4.568707	29.495664	0.335579	-1462.139589	
7.046000	0.867379	0.791292	4.568318	29.496760	0.214866	-1462.090081	
7.047000	0.778587	0.920829	4.568040	29.497773	0.312215	-1462.040154	
7.048000	1.057648	0.920829	4.567761	29.498913	0.117516	-1461.989789	
7.049000	0.888520	0.896541	4.567520	29.500269	0.284957	-1461.939038	
7.050000	0.947715	1.026079	4.567286	29.501698	0.312215	-1461.888021	
7.051000	0.896977	0.928926	4.567120	29.503048	0.051319	-1461.836903	
7.052000	1.057648	0.839869	4.567170	29.504371	-0.022667	-1461.785869	
7.053000	0.960400	0.880349	4.567539	29.505800	0.168138	-1461.735088	
7.054000	0.867379	0.969406	4.568079	29.507326	0.393988	-1461.684686	
7.055000	0.778587	1.179904	4.568439	29.508832	0.316109	-1461.634734	
7.056000	0.880064	0.645563	4.568193	29.510188	-0.003197	-1461.585255	
7.057000	0.892748	0.912733	4.566739	29.511275	0.277169	-1461.536222	
7.058000	0.901205	0.985598	4.563983	29.512018	0.312215	-1461.487539	
7.059000	0.825097	0.920829	4.560814	29.512460	0.331685	-1461.439059	
7.060000	1.015366	0.823676	4.558272	29.512805	0.246017	-1461.390607	
7.061000	0.867379	0.912733	4.556918	29.513169	0.339473	-1461.342012	
7.062000	0.913889	0.451257	4.557042	29.513430	0.207078	-1461.293129	
7.063000	0.850466	0.896541	4.558766	29.513458	0.195396	-1461.243858	
7.064000	1.019594	0.775100	4.561900	29.513352	0.125304	-1461.194149	
7.065000	0.989997	0.815580	4.566132	29.513296	0.413458	-1461.144007	
7.066000	0.964628	0.694139	4.571268	29.513288	0.199290	-1461.093502	
7.067000	0.913889	0.904637	4.577091	29.513170	0.234335	-1461.042769	
7.068000	1.006910	0.799388	4.583221	29.512768	0.086365	-1460.991984	
7.069000	0.909661	0.677947	4.589185	29.511971	0.199290	-1460.941334	
7.070000	0.956171	0.775100	4.594512	29.510719	0.214866	-1460.890985	
7.071000	0.867379	0.807484	4.598993	29.509042	0.175926	-1460.841050	
7.072000	0.863151	0.726523	4.602615	29.507132	0.191502	-1460.791585	
7.073000	0.896977	0.856061	4.604927	29.505126	0.175926	-1460.742596	
7.074000	0.930802	0.945118	4.605235	29.502924	0.327791	-1460.694027	
7.075000	0.884292	0.686043	4.603539	29.500423	0.152562	-1460.645761	
7.076000	0.905433	0.767004	4.600620	29.497770	0.160350	-1460.597639	
7.077000	0.892748	0.718427	4.597461	29.495205	0.288851	-1460.549485	
7.078000	0.837782	0.961310	4.594817	29.492753	0.390094	-1460.501127	
7.079000	0.888520	1.001790	4.592973	29.490236	0.304427	-1460.452428	
7.080000	0.913889	0.985598	4.591719	29.487462	0.242123	-1460.403302	
7.081000	0.947715	0.775100	4.590680	29.484332	0.269381	-1460.353715	
7.082000	0.922346	0.677947	4.589790	29.480797	0.234335	-1460.303690	
7.083000	0.943487	0.807484	4.589285	29.476872	0.214866	-1460.253315	
7.084000	0.795500	0.742716	4.589226	29.472737	0.183714	-1460.202735	
7.085000	0.951943	0.686043	4.589462	29.468530	0.257699	-1460.152129	
7.086000	0.896977	0.969406	4.589941	29.464157	0.288851	-1460.101677	
7.087000	0.956171	0.839869	4.590716	29.459527	0.136986	-1460.051527	
7.088000	0.795500	0.888445	4.591914	29.454817	0.199290	-1460.001777	
7.089000	0.973084	0.710331	4.593704	29.450307	0.343367	-1459.952476	
7.090000	0.901205	0.775100	4.595802	29.446045	0.366730	-1459.903619	
7.091000	0.939259	0.799388	4.597546	29.441852	0.203184	-1459.855136	
7.092000	0.901205	0.839869	4.598757	29.437540	0.156456	-1459.806900	
7.093000	1.011138	0.856061	4.599718	29.433032	0.269381	-1459.758755	
7.094000	0.846238	0.896541	4.600476	29.428311	0.218760	-1459.710523	
7.095000	0.867379	1.009886	4.600841	29.423396	0.277169	-1459.662037	
7.096000	0.584090	0.758908	4.600948	29.418446	0.284957	-1459.613168	
7.097000	0.803956	0.961310	4.601272	29.413588	0.164244	-1459.563840	
7.098000	0.896977	0.734620	4.602155	29.408729	0.440716	-1459.514032	
7.099000	0.964628	0.775100	4.603677	29.403788	0.312215	-1459.463784	
7.100000	0.630600	0.920829	4.605701	29.398945	0.355048	-1459.413210	1.000000
7.101000	1.006910	0.856061	4.607824	29.394490	0.304427	-1459.362469	
7.102000	0.829325	0.686043	4.609531	29.390476	0.417352	-1459.311733	
7.103000	0.909661	0.945118	4.610457	29.386714	0.312215	-1459.261146	
7.104000	0.905433	0.629370	4.610533	29.383009	0.172032	-1459.210803	
7.105000	0.998453	0.710331	4.609708	29.379297	0.172032	-1459.160744	
7.106000	0.973084	0.637467	4.607632	29.375580	0.140880	-1459.110965	
7.107000	0.964628	1.001790	4.604020	29.371866	0.269381	-1459.061400	
7.108000	0.723620	0.791292	4.599065	29.368269	0.246017	-1459.011918	
7.109000	0.896977	0.856061	4.593355	29.364876	0.164244	-1458.962348	
7.110000	0.913889	0.775100	4.587616	29.361595	0.218760	-1458.912489	
7.111000	0.884292	0.872253	4.582413	29.358347	0.277169	-1458.862133	
7.112000	0.715164	0.726523	4.578026	29.355299	0.296639	-1458.811094	
7.113000	1.028051	0.783196	4.574886	29.352730	0.261593	-1458.759224	
7.114000	0.935030	0.750812	4.573847	29.350707	0.382306	-1458.706427	
7.115000	0.833553	1.034175	4.575227	29.349053	0.335579	-1458.652664	
7.116000	0.765902	0.734620	4.578452	29.347584	0.320003	-1458.597966	
7.117000	0.918118	0.864157	4.582879	29.346268	0.136986	-1458.542432	
7.118000	0.989997	0.775100	4.587913	29.345136	0.273275	-1458.486200	
7.119000	0.812412	1.050367	4.592707	29.344183	0.467974	-1458.429408	
7.120000	0.770130	0.888445	4.596402	29.343446	0.257699	-1458.372180	
7.121000	0.778587	0.856061	4.598938	29.342940	0.335579	-1458.314604	
7.122000	0.918118	0.726523	4.601367	29.342551	0.464080	-1458.256721	
7.123000	0.820869	1.017982	4.604539	29.342188	0.191502	-1458.198520	
7.124000	0.808184	0.758908	4.608051	29.341968	0.222654	-1458.139927	
7.125000	0.968856	0.831773	4.611109	29.342143	0.191502	-1458.080807	
7.126000	0.947715	0.799388	4.613389	29.342784	0.327791	-1458.020988	
7.127000	0.884292	1.009886	4.614720	29.343723	0.409564	-1457.960277	
7.128000	0.918118	0.815580	4.614714	29.344787	0.234335	-1457.898485	
7.129000	0.951943	0.831773	4.612942	29.345977	0.074683	-1457.835461	
7.130000	0.956171	0.815580	4.609435	29.347367	0.172032	-1457.771099	
7.131000	0.863151	0.888445	4.604846	29.348948	0.238229	-1457.705338	
7.132000	0.816641	0.961310	4.599938	29.350690	0.300533	-1457.638178	
7.133000	0.888520	0.896541	4.595171	29.352540	0.082471	-1457.569690	
7.134000	0.918118	0.953214	4.590649	29.354385	0.362836	-1457.500003	
7.135000	0.875836	0.945118	4.586230	29.356141	0.308321	-1457.429266	
7.136000	0.765902	0.953214	4.581774	29.357885	0.284957	-1457.357627	
7.137000	0.922346	0.807484	4.577135	29.359834	0.300533	-1457.285201	
7.138000	0.803956	0.920829	4.572247	29.362077	0.308321	-1457.212061	
7.139000	0.896977	0.847965	4.567349	29.364459	0.226548	-1457.138235	
7.140000	0.875836	0.928926	4.562733	29.366823	0.308321	-1457.063698	
7.141000	0.998453	0.904637	4.558575	29.369203	0.136986	-1456.988369	
7.142000	0.880064	0.945118	4.555081	29.371715	0.284957	-1456.912111	
7.143000	0.888520	0.864157	4.552476	29.374346	0.331685	-1456.834752	
7.144000	0.770130	1.009886	4.550970	29.376996	0.483549	-1456.756110	
7.145000	0.905433	0.629370	4.550703	29.379541	0.063001	-1456.676027	
7.146000	1.019594	0.791292	4.551803	29.381860	0.296639	-1456.594386	
7.147000	1.023823	0.499833	4.554863	29.383868	0.043531	-1456.511115	
7.148000	0.829325	0.928926	4.560688	29.385614	0.246017	-1456.426192	
7.149000	0.960400	0.904637	4.569202	29.387310	0.249911	-1456.339663	
7.150000	0.808184	0.945118	4.579242	29.389075	0.296639	-1456.251646	
7.151000	0.909661	1.050367	4.589354	29.390782	0.230441	-1456.162299	
7.152000	0.816641	0.872253	4.598407	29.392300	0.218760	-1456.071799	
7.153000	0.989997	0.742716	4.605619	29.393714	-0.100546	-1455.980314	
7.154000	0.880064	0.791292	4.610442	29.395193	0.304427	-1455.887972	
7.155000	0.884292	0.880349	4.612614	29.396737	0.265487	-1455.794846	
7.156000	0.863151	0.928926	4.611781	29.398202	0.281063	-1455.700962	
7.157000	0.846238	0.872253	4.607297	29.399426	0.012379	-1455.606295	
7.158000	0.863151	0.839869	4.599335	29.400296	0.269381	-1455.510755	
7.159000	0.854694	0.872253	4.589422	29.400742	0.226548	-1455.414202	
7.160000	0.799728	0.961310	4.579370	29.400788	0.335579	-1455.316460	
7.161000	0.884292	0.961310	4.570431	29.400628	0.386200	-1455.217352	
7.162000	0.837782	0.823676	4.563289	29.400393	0.288851	-1455.116734	
7.163000	0.888520	0.823676	4.558442	29.399971	0.320003	-1455.014508	
7.164000	0.858923	0.937022	4.556390	29.399246	0.140880	-1454.910629	
7.165000	0.939259	0.839869	4.557248	29.398347	0.051319	-1454.805113	
7.166000	1.006910	0.750812	4.560617	29.397490	0.300533	-1454.698047	
7.167000	0.884292	0.953214	4.565859	29.396693	0.343367	-1454.589576	
7.168000	0.913889	0.937022	4.572221	29.395784	0.323897	-1454.479880	
7.169000	0.884292	0.823676	4.578945	29.394580	0.152562	-1454.369155	
7.170000	0.968856	0.694139	4.585307	29.392981	0.156456	-1454.257579	
7.171000	0.782815	0.839869	4.590732	29.390937	0.195396	-1454.145283	
7.172000	0.842010	0.977502	4.594907	29.388471	0.284957	-1454.032343	
7.173000	0.723620	0.904637	4.597491	29.385770	0.273275	-1453.918780	
7.174000	0.926574	0.742716	4.598246	29.382981	0.393988	-1453.804556	
7.175000	0.854694	0.726523	4.597567	29.380012	0.393988	-1453.689573	
7.176000	0.833553	0.807484	4.596295	29.376779	0.265487	-1453.573686	
7.177000	0.706707	1.042271	4.595090	29.373456	0.296639	-1453.456726	
7.178000	0.926574	0.783196	4.594165	29.370310	0.308321	-1453.338532	
7.179000	0.765902	1.026079	4.593470	29.367375	0.261593	-1453.218974	
7.180000	0.884292	0.847965	4.593170	29.364469	0.249911	-1453.097976	
7.181000	0.850466	0.742716	4.593822	29.361396	0.203184	-1452.975510	
7.182000	0.994225	0.783196	4.595798	29.358072	0.152562	-1452.851619	
7.183000	0.863151	0.580794	4.598816	29.354469	0.195396	-1452.726411	
7.184000	0.833553	1.001790	4.602108	29.350601	0.343367	-1452.600046	
7.185000	0.605231	0.896541	4.604937	29.346629	0.362836	-1452.472711	
7.186000	0.913889	0.839869	4.607021	29.342677	0.234335	-1452.344601	
7.187000	0.884292	0.783196	4.608416	29.338651	0.269381	-1452.215886	
7.188000	0.901205	0.791292	4.609156	29.334469	0.179820	-1452.086685	
7.189000	0.787043	1.001790	4.609219	29.330314	0.168138	-1451.957070	
7.190000	1.044964	0.775100	4.608647	29.326480	0.269381	-1451.827056	
7.191000	0.799728	0.945118	4.607493	29.323025	0.253805	-1451.696595	
7.192000	0.863151	1.123232	4.605803	29.319771	0.222654	-1451.565576	
7.193000	0.854694	0.831773	4.603712	29.316531	0.261593	-1451.433855	
7.194000	0.943487	0.856061	4.601302	29.313244	0.175926	-1451.301276	
7.195000	0.926574	0.588890	4.598549	29.309913	0.238229	-1451.167696	
7.196000	0.833553	0.839869	4.595725	29.306551	0.382306	-1451.033003	
7.197000	0.710936	0.888445	4.593307	29.303285	0.246017	-1450.897136	
7.198000	0.825097	1.017982	4.590851	29.300210	0.253805	-1450.760093	
7.199000	0.842010	0.847965	4.587150	29.297235	0.448504	-1450.621943	
7.200000	0.871607	0.993694	4.581871	29.294284	0.249911	-1450.482811	1.000000
7.201000	0.681338	0.839869	4.575652	29.291529	0.320003	-1450.342863	
7.202000	0.926574	0.872253	4.569295	29.289257	0.246017	-1450.202279	
7.203000	0.850466	0.669851	4.563539	29.287532	0.277169	-1450.061240	
7.204000	0.782815	0.969406	4.558727	29.286169	0.347261	-1449.919892	
7.205000	0.888520	0.596986	4.555092	29.284978	0.257699	-1449.778337	
7.206000	0.922346	0.904637	4.553114	29.283922	0.004591	-1449.636634	
7.207000	0.977312	0.815580	4.552766	29.283029	0.339473	-1449.494792	
7.208000	0.812412	1.107039	4.553378	29.282294	0.343367	-1449.352744	
7.209000	0.757446	0.799388	4.554447	29.281758	0.230441	-1449.210374	
7.210000	0.846238	0.783196	4.555902	29.281434	0.066895	-1449.067540	
7.211000	0.892748	0.710331	4.557970	29.281215	0.296639	-1448.924097	
7.212000	0.803956	0.815580	4.560985	29.281014	0.218760	-1448.779919	
7.213000	0.770130	0.977502	4.565005	29.280963	0.273275	-1448.634918	
7.214000	0.998453	1.163712	4.569756	29.281321	0.210972	-1448.489054	
7.215000	0.863151	0.823676	4.575038	29.282169	0.281063	-1448.342343	
7.216000	0.854694	0.969406	4.580598	29.283341	0.417352	-1448.194874	
7.217000	0.833553	0.904637	4.585738	29.284668	0.257699	-1448.046795	
7.218000	0.905433	0.831773	4.589626	29.286154	0.121410	-1447.898292	
7.219000	0.888520	0.880349	4.591851	29.287874	0.335579	-1447.749561	
7.220000	0.740533	1.042271	4.592383	29.289819	0.327791	-1447.600772	
7.221000	0.748989	0.856061	4.590983	29.291956	0.230441	-1447.452057	
7.222000	0.795500	0.888445	4.587250	29.294224	0.355048	-1447.303502	
7.223000	0.880064	0.896541	4.581458	29.296507	0.347261	-1447.155147	
7.224000	0.846238	0.831773	4.574656	29.298717	0.214866	-1447.006969	
7.225000	0.727848	0.807484	4.567990	29.300931	0.316109	-1446.858874	
7.226000	0.956171	0.775100	4.562390	29.303368	0.288851	-1446.710726	
7.227000	0.812412	0.896541	4.558459	29.306112	0.378412	-1446.562371	
7.228000	0.892748	0.920829	4.556402	29.309006	0.378412	-1446.413659	
7.229000	0.896977	0.775100	4.556220	29.311890	0.277169	-1446.264478	
7.230000	0.998453	0.596986	4.557932	29.314809	0.031849	-1446.114766	
7.231000	1.053420	0.839869	4.561489	29.317884	0.226548	-1445.964515	
7.232000	0.880064	0.807484	4.566575	29.321109	0.203184	-1445.813768	
7.233000	0.803956	1.001790	4.572714	29.324386	0.296639	-1445.662639	
7.234000	0.863151	0.807484	4.579390	29.327596	0.086365	-1445.511296	
7.235000	0.884292	0.880349	4.585934	29.330619	0.339473	-1445.359936	
7.236000	0.909661	0.677947	4.591777	29.333376	0.242123	-1445.208752	
7.237000	0.757446	0.807484	4.596697	29.335910	0.355048	-1445.057901	
7.238000	0.922346	0.831773	4.600849	29.338425	0.269381	-1444.907497	
7.239000	0.736305	0.864157	4.605026	29.341032	0.261593	-1444.757606	
7.240000	0.812412	0.953214	4.609989	29.343604	0.265487	-1444.608244	
7.241000	0.748989	0.977502	4.615416	29.346009	0.261593	-1444.459356	
7.242000	0.960400	0.815580	4.620437	29.348339	0.148668	-1444.310831	
7.243000	0.892748	0.758908	4.624576	29.350772	0.273275	-1444.162523	
7.244000	0.884292	0.823676	4.627713	29.353305	0.382306	-1444.014268	
7.245000	0.787043	0.856061	4.629912	29.355787	0.370624	-1443.865921	
7.246000	0.884292	0.767004	4.631507	29.358049	0.140880	-1443.717382	
7.247000	0.951943	0.904637	4.632867	29.359978	0.187608	-1443.568610	
7.248000	0.964628	0.880349	4.633884	29.361503	0.117516	-1443.419615	
7.249000	0.837782	0.953214	4.634130	29.362641	0.358942	-1443.270468	
7.250000	0.858923	0.807484	4.633425	29.363575	0.199290	-1443.121302	
7.251000	0.833553	0.791292	4.631818	29.364435	0.187608	-1442.972294	
7.252000	0.905433	0.767004	4.629380	29.365113	0.300533	-1442.823639	
7.253000	0.833553	0.742716	4.626258	29.365503	0.242123	-1442.675528	
7.254000	0.880064	0.839869	4.622677	29.365751	0.191502	-1442.528112	
7.255000	1.015366	0.847965	4.618795	29.366095	0.222654	-1442.381493	
7.256000	0.951943	0.928926	4.614605	29.366560	0.335579	-1442.235722	
7.257000	0.854694	0.856061	4.610102	29.366973	0.269381	-1442.090792	
7.258000	0.799728	0.783196	4.605546	29.367149	0.059107	-1441.946629	
7.259000	0.901205	0.783196	4.601444	29.366995	0.175926	-1441.803104	
7.260000	0.875836	0.864157	4.598208	29.366464	0.234335	-1441.660058	
7.261000	0.770130	0.807484	4.595881	29.365572	0.242123	-1441.517322	
7.262000	0.698251	0.807484	4.594314	29.364501	0.144774	-1441.374750	
7.263000	0.909661	0.734620	4.593193	29.363387	0.390094	-1441.232245	
7.264000	0.909661	0.872253	4.592130	29.362134	0.323897	-1441.089761	
7.265000	0.884292	0.750812	4.591349	29.360655	0.300533	-1440.947309	
7.266000	0.702479	0.945118	4.591528	29.359125	0.246017	-1440.804965	
7.267000	0.973084	0.758908	4.592908	29.357815	0.195396	-1440.662868	
7.268000	0.825097	0.847965	4.595163	29.356761	0.218760	-1440.521193	
7.269000	0.939259	0.856061	4.597803	29.355776	0.347261	-1440.380131	
7.270000	0.867379	0.880349	4.600442	29.354664	0.156456	-1440.239860	
7.271000	1.049192	0.823676	4.602921	29.353345	0.152562	-1440.100521	
7.272000	0.943487	0.953214	4.605659	29.351798	0.113622	-1439.962202	
7.273000	0.998453	0.864157	4.609154	29.350044	0.199290	-1439.824933	
7.274000	0.639056	0.856061	4.612949	29.348247	0.214866	-1439.688681	
7.275000	0.884292	0.937022	4.616235	29.346537	0.125304	-1439.553347	
7.276000	0.833553	0.985598	4.618871	29.344824	0.222654	-1439.418793	
7.277000	0.913889	0.856061	4.620962	29.343025	0.265487	-1439.284848	
7.278000	0.647513	0.880349	4.622386	29.341322	0.242123	-1439.151343	
7.279000	0.994225	0.815580	4.623057	29.340002	0.277169	-1439.018142	
7.280000	0.825097	0.839869	4.622896	29.339120	0.273275	-1438.885154	
7.281000	0.863151	1.050367	4.621857	29.338493	0.226548	-1438.752342	
7.282000	0.740533	0.880349	4.620267	29.337933	0.187608	-1438.619726	
7.283000	0.977312	0.928926	4.618594	29.337383	0.024061	-1438.487399	
7.284000	0.854694	0.961310	4.616958	29.336842	0.281063	-1438.355511	
7.285000	0.867379	0.985598	4.615148	29.336307	0.358942	-1438.224236	
7.286000	0.647513	0.823676	4.612821	29.335875	0.133092	-1438.093752	
7.287000	0.884292	0.839869	4.609540	29.335611	0.234335	-1437.964220	
7.288000	0.926574	0.726523	4.605188	29.335415	0.487443	-1437.835753	
7.289000	0.930802	0.856061	4.600057	29.335208	0.168138	-1437.708417	
7.290000	0.689795	0.912733	4.594217	29.335163	0.172032	-1437.582220	
7.291000	0.973084	0.937022	4.587656	29.335572	0.218760	-1437.457103	
7.292000	0.884292	0.807484	4.580934	29.336512	0.304427	-1437.332950	
7.293000	0.884292	1.082751	4.574976	29.337805	0.187608	-1437.209604	
7.294000	0.871607	0.694139	4.570515	29.339267	0.140880	-1437.086898	
7.295000	0.922346	0.847965	4.568068	29.340868	0.105834	-1436.964678	
7.296000	0.994225	0.807484	4.567972	29.342645	0.222654	-1436.842828	
7.297000	0.820869	1.017982	4.569801	29.344589	0.390094	-1436.721279	
7.298000	0.698251	0.791292	4.572082	29.346729	0.234335	-1436.600016	
7.299000	0.765902	1.026079	4.573399	29.349070	0.101940	-1436.479088	
7.300000	0.875836	0.937022	4.573376	29.351506	0.203184	-1436.358611	1.000000
7.301000	0.791271	0.880349	4.572291	29.353954	0.210972	-1436.238738	
7.302000	0.715164	0.945118	4.570479	29.356537	0.191502	-1436.119638	
7.303000	0.896977	0.928926	4.568109	29.359509	0.308321	-1436.001477	
7.304000	0.918118	0.880349	4.565089	29.362948	0.355048	-1435.884387	
7.305000	0.842010	0.904637	4.561261	29.366686	0.417352	-1435.768456	
7.306000	0.880064	1.001790	4.556815	29.370546	0.366730	-1435.653726	
7.307000	0.871607	0.993694	4.552403	29.374534	0.082471	-1435.540183	
7.308000	0.905433	0.937022	4.548681	29.378725	0.323897	-1435.427748	
7.309000	0.820869	1.082751	4.545988	29.383104	0.238229	-1435.316282	
7.310000	0.816641	0.856061	4.544540	29.387617	0.273275	-1435.205618	
7.311000	0.875836	0.888445	4.544452	29.392192	0.070789	-1435.095589	
7.312000	0.977312	0.912733	4.545731	29.396709	0.304427	-1434.986059	
7.313000	0.905433	0.710331	4.548287	29.401082	0.210972	-1434.876929	
7.314000	0.816641	0.856061	4.551840	29.405392	0.156456	-1434.768144	
7.315000	0.901205	0.734620	4.556157	29.409869	0.203184	-1434.659704	
7.316000	0.791271	0.937022	4.561168	29.414619	0.269381	-1434.551680	
7.317000	0.833553	1.034175	4.566617	29.419499	0.234335	-1434.444201	
7.318000	0.875836	1.001790	4.571958	29.424357	0.207078	-1434.337433	
7.319000	0.956171	0.872253	4.576698	29.429248	0.082471	-1434.231553	
7.320000	0.909661	0.977502	4.580609	29.434305	0.218760	-1434.126723	
7.321000	0.825097	1.017982	4.583652	29.439518	0.382306	-1434.023060	
7.322000	0.765902	0.920829	4.585646	29.444770	0.362836	-1433.920631	
7.323000	0.795500	0.661755	4.586082	29.449925	0.304427	-1433.819458	
7.324000	0.829325	0.993694	4.584812	29.454863	0.347261	-1433.719502	
7.325000	0.842010	0.993694	4.582369	29.459499	0.366730	-1433.620651	
7.326000	0.778587	1.026079	4.579402	29.463869	0.284957	-1433.522745	
7.327000	0.905433	0.767004	4.576525	29.468169	0.273275	-1433.425599	
7.328000	0.787043	0.872253	4.574292	29.472517	0.327791	-1433.329038	
7.329000	0.909661	0.839869	4.573004	29.476785	0.374518	-1433.232927	
7.330000	0.858923	0.532217	4.572788	29.480844	0.238229	-1433.137182	
7.331000	0.913889	0.847965	4.573707	29.484792	0.230441	-1433.041768	
7.332000	0.901205	1.001790	4.575773	29.488813	0.335579	-1432.946708	
7.333000	0.926574	0.993694	4.578875	29.492908	0.253805	-1432.852085	
7.334000	0.820869	0.993694	4.582597	29.496918	0.355048	-1432.758038	
7.335000	0.896977	0.742716	4.586315	29.500674	0.066895	-1432.664745	
7.336000	0.863151	0.783196	4.589509	29.504065	0.129198	-1432.572389	
7.337000	0.909661	0.686043	4.591698	29.507032	0.164244	-1432.481124	
7.338000	0.774359	0.937022	4.592069	29.509603	0.273275	-1432.391050	
7.339000	0.863151	0.831773	4.589582	29.511979	0.230441	-1432.302217	
7.340000	0.812412	0.969406	4.584034	29.514302	0.370624	-1432.214626	
7.341000	0.871607	0.839869	4.576572	29.516471	0.436822	-1432.128207	
7.342000	0.782815	0.937022	4.568822	29.518380	0.191502	-1432.042830	
7.343000	0.820869	0.880349	4.562068	29.520173	0.273275	-1431.958329	
7.344000	0.842010	0.758908	4.557094	29.522082	0.284957	-1431.874520	
7.345000	0.880064	0.864157	4.554219	29.524127	0.401776	-1431.791232	
7.346000	0.896977	0.872253	4.553266	29.526132	0.362836	-1431.708334	
7.347000	0.892748	0.896541	4.553797	29.527906	0.172032	-1431.625752	
7.348000	0.901205	0.920829	4.555997	29.529350	0.133092	-1431.543466	
7.349000	0.880064	0.815580	4.560815	29.530419	0.312215	-1431.461518	
7.350000	0.846238	0.847965	4.568516	29.531128	0.281063	-1431.380007	
7.351000	0.774359	0.791292	4.578012	29.531651	0.281063	-1431.299083	
7.352000	0.901205	0.677947	4.587899	29.532123	0.226548	-1431.218922	
7.353000	0.913889	0.815580	4.597302	29.532442	0.386200	-1431.139701	
7.354000	0.951943	0.742716	4.605688	29.532520	0.191502	-1431.061564	
7.355000	0.753218	0.872253	4.612650	29.532533	0.199290	-1430.984601	
7.356000	0.896977	0.677947	4.618169	29.532760	0.249911	-1430.908852	
7.357000	0.774359	0.726523	4.622269	29.533247	0.296639	-1430.834298	
7.358000	0.951943	0.872253	4.624735	29.533813	0.226548	-1430.760849	
7.359000	0.833553	0.775100	4.625717	29.534269	0.168138	-1430.688360	
7.360000	1.006910	0.702235	4.625755	29.534540	0.105834	-1430.616657	
7.361000	0.854694	0.807484	4.625288	29.534607	0.230441	-1430.545560	
7.362000	0.884292	0.880349	4.624598	29.534487	0.366730	-1430.474906	
7.363000	0.596774	0.928926	4.623919	29.534334	0.296639	-1430.404577	
7.364000	0.884292	0.904637	4.623458	29.534267	0.207078	-1430.334509	
7.365000	0.732077	0.977502	4.623727	29.534188	0.382306	-1430.264693	
7.366000	0.943487	0.912733	4.625443	29.534014	0.218760	-1430.195182	
7.367000	0.617915	0.937022	4.628565	29.533917	0.238229	-1430.126088	
7.368000	1.061876	0.710331	4.632134	29.534175	0.351155	-1430.057563	
7.369000	0.825097	0.758908	4.635188	29.534835	0.316109	-1429.989778	
7.370000	0.930802	0.847965	4.637136	29.535708	0.292745	-1429.922892	
7.371000	0.829325	0.734620	4.637529	29.536600	0.101940	-1429.857028	
7.372000	1.044964	0.758908	4.636121	29.537454	0.109728	-1429.792263	
7.373000	0.935030	0.783196	4.633024	29.538272	0.195396	-1429.728620	
7.374000	0.867379	1.115135	4.628518	29.539057	0.358942	-1429.666054	
7.375000	0.698251	0.726523	4.623023	29.539910	0.230441	-1429.604456	
7.376000	0.909661	0.742716	4.617220	29.540904	0.222654	-1429.543674	
7.377000	0.909661	0.580794	4.611797	29.541938	0.187608	-1429.483534	
7.378000	0.926574	0.742716	4.607213	29.542935	0.164244	-1429.423862	
7.379000	0.702479	0.694139	4.603745	29.544061	0.191502	-1429.364510	
7.380000	1.036507	0.669851	4.601488	29.545606	0.343367	-1429.305373	
7.381000	0.833553	0.734620	4.600524	29.547649	0.234335	-1429.246400	
7.382000	0.833553	1.034175	4.601032	29.550015	0.308321	-1429.187591	
7.383000	0.846238	0.904637	4.602994	29.552521	0.210972	-1429.129016	
7.384000	0.960400	0.807484	4.606052	29.555139	0.265487	-1429.070806	
7.385000	0.871607	0.426968	4.609570	29.557905	0.172032	-1429.013124	
7.386000	0.812412	1.042271	4.612790	29.560810	0.432928	-1428.956131	
7.387000	0.778587	0.856061	4.615185	29.563876	0.253805	-1428.899970	
7.388000	0.842010	0.993694	4.616866	29.567097	0.265487	-1428.844743	
7.389000	0.922346	0.896541	4.618563	29.570359	0.405670	-1428.790503	
7.390000	0.732077	0.823676	4.620659	29.573576	0.265487	-1428.737248	
7.391000	0.782815	0.920829	4.622553	29.576869	0.277169	-1428.684900	
7.392000	0.947715	0.831773	4.623446	29.580493	0.292745	-1428.633321	
7.393000	0.918118	0.637467	4.623127	29.584530	0.425140	-1428.582343	
7.394000	0.837782	1.107039	4.621833	29.588812	0.281063	-1428.531788	
7.395000	0.956171	0.807484	4.619810	29.593165	0.257699	-1428.481493	
7.396000	1.006910	0.742716	4.617212	29.597598	0.008485	-1428.431335	
7.397000	0.994225	0.758908	4.614234	29.602194	0.090259	-1428.381241	
7.398000	0.765902	1.058463	4.611116	29.606947	0.269381	-1428.331180	
7.399000	0.791271	0.799388	4.608056	29.611824	0.284957	-1428.281186	
7.400000	0.740533	0.823676	4.605183	29.616770	0.105834	-1428.231360	1.000000
7.401000	0.926574	0.856061	4.602436	29.621671	0.304427	-1428.181854	
7.402000	0.875836	0.839869	4.599573	29.626438	0.210972	-1428.132836	
7.403000	0.778587	1.001790	4.596522	29.631136	0.191502	-1428.084468	
7.404000	0.913889	0.904637	4.593501	29.635981	0.308321	-1428.036876	
7.405000	0.812412	0.945118	4.590776	29.641069	0.397882	-1427.990138	
7.406000	0.727848	0.734620	4.588335	29.646255	0.393988	-1427.944290	
7.407000	0.842010	0.977502	4.585789	29.651390	0.269381	-1427.899309	
7.408000	0.973084	0.937022	4.582870	29.656527	0.129198	-1427.855105	
7.409000	0.968856	0.896541	4.579852	29.661797	0.335579	-1427.811530	
7.410000	0.829325	1.001790	4.577210	29.667192	0.378412	-1427.768406	
7.411000	0.850466	0.985598	4.575234	29.672596	0.386200	-1427.725551	
7.412000	0.875836	0.823676	4.574097	29.677880	0.012379	-1427.682817	
7.413000	0.858923	0.702235	4.573778	29.682920	0.183714	-1427.640101	
7.414000	0.905433	0.791292	4.573989	29.687633	0.226548	-1427.597341	
7.415000	0.774359	1.179904	4.574555	29.692045	0.187608	-1427.554524	
7.416000	0.956171	0.961310	4.575477	29.696349	0.300533	-1427.511702	
7.417000	0.905433	0.977502	4.576653	29.700654	0.296639	-1427.468994	
7.418000	0.892748	0.864157	4.577842	29.704836	0.316109	-1427.426557	
7.419000	0.837782	0.864157	4.578740	29.708768	0.121410	-1427.384565	
7.420000	0.985769	0.775100	4.579082	29.712555	0.039637	-1427.343179	
7.421000	0.913889	0.888445	4.578808	29.716384	0.199290	-1427.302519	
7.422000	0.922346	1.139424	4.577831	29.720260	0.281063	-1427.262652	
7.423000	0.795500	0.912733	4.575674	29.724034	0.351155	-1427.223586	
7.424000	0.884292	0.888445	4.572000	29.727537	0.125304	-1427.185275	
7.425000	0.884292	0.920829	4.567278	29.730658	0.304427	-1427.147611	
7.426000	0.875836	0.742716	4.562438	29.733331	0.347261	-1427.110435	
7.427000	0.748989	1.058463	4.558236	29.735574	0.261593	-1427.073561	
7.428000	0.880064	0.856061	4.554911	29.737576	0.312215	-1427.036805	
7.429000	0.837782	0.953214	4.552240	29.739467	0.339473	-1427.000021	
7.430000	0.808184	0.961310	4.550140	29.741140	0.257699	-1426.963113	
7.431000	0.732077	0.839869	4.549238	29.742486	0.269381	-1426.926032	
7.432000	0.829325	0.945118	4.550447	29.743643	0.101940	-1426.888785	
7.433000	0.977312	0.815580	4.554023	29.744839	0.230441	-1426.851452	
7.434000	0.901205	0.880349	4.559379	29.746089	0.238229	-1426.814168	
7.435000	0.854694	0.888445	4.565666	29.747213	0.273275	-1426.777101	
7.436000	0.913889	0.912733	4.572259	29.748020	0.152562	-1426.740432	
7.437000	0.964628	0.920829	4.578829	29.748413	0.109728	-1426.704322	
7.438000	0.922346	0.767004	4.585307	29.748349	0.203184	-1426.668880	
7.439000	0.787043	0.985598	4.591586	29.747846	0.148668	-1426.634160	
7.440000	0.723620	0.742716	4.597191	29.747086	0.253805	-1426.600155	
7.441000	0.727848	0.726523	4.601552	29.746211	0.187608	-1426.566800	
7.442000	0.896977	0.839869	4.604507	29.745130	0.358942	-1426.533969	
7.443000	0.896977	0.775100	4.606284	29.743757	0.226548	-1426.501497	
7.444000	0.702479	1.001790	4.607201	29.742273	0.316109	-1426.469200	
7.445000	0.998453	0.888445	4.607574	29.740953	0.265487	-1426.436904	
7.446000	0.837782	1.058463	4.607766	29.739841	0.436822	-1426.404472	
7.447000	0.837782	0.718427	4.608065	29.738756	0.199290	-1426.371816	
7.448000	0.782815	0.856061	4.608488	29.737505	0.125304	-1426.338899	
7.449000	0.951943	0.742716	4.608750	29.736009	0.214866	-1426.305749	
7.450000	0.867379	0.734620	4.608557	29.734243	0.238229	-1426.272456	
7.451000	0.880064	0.872253	4.607827	29.732217	0.265487	-1426.239161	
7.452000	0.651741	0.904637	4.606724	29.730077	0.300533	-1426.206030	
7.453000	0.901205	0.864157	4.605605	29.727935	0.140880	-1426.173238	
7.454000	0.858923	0.775100	4.604633	29.725693	0.277169	-1426.140926	
7.455000	1.019594	0.629370	4.603425	29.723271	0.214866	-1426.109187	
7.456000	0.609459	0.920829	4.601451	29.720852	0.168138	-1426.078059	
7.457000	0.994225	0.726523	4.598708	29.718725	0.292745	-1426.047527	
7.458000	0.884292	0.767004	4.595609	29.716944	0.246017	-1426.017507	
7.459000	0.892748	0.856061	4.592666	29.715325	0.242123	-1425.987858	
7.460000	0.816641	0.815580	4.590455	29.713679	0.172032	-1425.958411	
7.461000	1.006910	0.734620	4.589292	29.711955	0.133092	-1425.928996	
7.462000	0.892748	0.856061	4.589094	29.710162	0.140880	-1425.899459	
7.463000	0.808184	0.928926	4.589805	29.708308	0.288851	-1425.869681	
7.464000	0.579861	0.953214	4.591603	29.706500	0.191502	-1425.839591	
7.465000	0.791271	0.945118	4.594815	29.704813	0.152562	-1425.809174	
7.466000	0.875836	0.831773	4.599823	29.703145	0.300533	-1425.778486	
7.467000	0.863151	0.718427	4.606440	29.701415	0.222654	-1425.747641	
7.468000	0.609459	0.677947	4.613624	29.699783	0.296639	-1425.716787	
7.469000	1.023823	0.799388	4.620268	29.698527	0.308321	-1425.686091	
7.470000	0.871607	0.791292	4.625750	29.697710	0.335579	-1425.655710	
7.471000	0.850466	1.050367	4.629745	29.697152	0.269381	-1425.625763	
7.472000	0.744761	0.839869	4.631881	29.696670	0.370624	-1425.596322	
7.473000	0.930802	0.888445	4.631868	29.696236	0.109728	-1425.567410	
7.474000	0.956171	0.775100	4.629957	29.695888	0.144774	-1425.538991	
7.475000	0.901205	1.082751	4.626779	29.695620	0.300533	-1425.510961	
7.476000	0.770130	0.661755	4.622924	29.695463	0.269381	-1425.483166	
7.477000	0.926574	0.775100	4.618981	29.695426	0.164244	-1425.455437	
7.478000	0.943487	0.807484	4.615520	29.695401	0.199290	-1425.427609	
7.479000	0.909661	0.839869	4.612987	29.695307	0.179820	-1425.399544	
7.480000	0.744761	0.758908	4.611552	29.695275	0.175926	-1425.371144	
7.481000	0.956171	0.856061	4.610923	29.695567	0.261593	-1425.342356	
7.482000	0.799728	0.677947	4.610561	29.696264	0.210972	-1425.313180	
7.483000	0.837782	0.993694	4.610130	29.697202	0.335579	-1425.283689	
7.484000	0.918118	0.613178	4.609479	29.698209	0.172032	-1425.254010	
7.485000	0.926574	0.888445	4.608437	29.699298	0.218760	-1425.224309	
7.486000	0.951943	0.799388	4.606893	29.700551	0.261593	-1425.194756	
7.487000	0.812412	1.131328	4.604940	29.701960	0.378412	-1425.165497	
7.488000	0.736305	0.969406	4.602731	29.703476	0.366730	-1425.136632	
7.489000	0.723620	0.783196	4.600231	29.705029	0.168138	-1425.108220	
7.490000	0.918118	0.758908	4.597367	29.706495	0.425140	-1425.080262	
7.491000	0.816641	0.888445	4.594237	29.707780	0.238229	-1425.052690	
7.492000	0.846238	0.767004	4.591104	29.708935	0.242123	-1425.025368	
7.493000	0.935030	0.823676	4.588357	29.710162	0.269381	-1424.998128	
7.494000	0.918118	0.710331	4.586344	29.711547	0.343367	-1424.970794	
7.495000	0.825097	1.001790	4.585119	29.712942	0.362836	-1424.943204	
7.496000	0.896977	0.677947	4.584265	29.714198	0.230441	-1424.915235	
7.497000	0.909661	0.896541	4.583375	29.715369	0.027955	-1424.886814	
7.498000	0.939259	0.815580	4.582643	29.716590	0.172032	-1424.857917	
7.499000	0.791271	0.953214	4.582436	29.717847	0.199290	-1424.828575	
7.500000	0.888520	0.864157	4.582770	29.719020	0.191502	-1424.798888	1.000000
7.501000	0.816641	0.710331	4.583430	29.719971	0.000697	-1424.769012	
7.502000	0.918118	0.831773	4.584173	29.720585	0.281063	-1424.739126	
7.503000	0.846238	0.783196	4.584839	29.720789	0.281063	-1424.709404	
7.504000	0.858923	0.799388	4.585310	29.720625	0.358942	-1424.679982	
7.505000	0.875836	0.726523	4.585507	29.720297	0.343367	-1424.650945	
7.506000	0.825097	0.734620	4.585601	29.719928	0.288851	-1424.622332	
7.507000	0.787043	0.969406	4.585920	29.719400	0.296639	-1424.594128	
7.508000	0.812412	0.791292	4.586553	29.718591	0.117516	-1424.566250	
7.509000	0.850466	0.823676	4.587356	29.717611	0.133092	-1424.538557	
7.510000	0.926574	0.823676	4.588271	29.716653	0.370624	-1424.510878	
7.511000	0.863151	0.864157	4.589365	29.715727	0.444610	-1424.483036	
7.512000	0.867379	1.001790	4.590692	29.714677	0.269381	-1424.454870	
7.513000	0.854694	0.775100	4.591908	29.713335	0.195396	-1424.426269	
7.514000	0.829325	0.912733	4.591731	29.711594	0.312215	-1424.397171	
7.515000	0.842010	0.807484	4.588831	29.709392	0.199290	-1424.367560	
7.516000	0.791271	1.074655	4.583490	29.706746	0.296639	-1424.337484	
7.517000	0.880064	0.661755	4.577108	29.703842	0.269381	-1424.307056	
7.518000	0.896977	0.815580	4.570673	29.700813	0.323897	-1424.276434	
7.519000	0.960400	0.775100	4.564576	29.697557	0.277169	-1424.245796	
7.520000	0.909661	0.864157	4.559049	29.693973	0.362836	-1424.215311	
7.521000	0.846238	0.864157	4.554325	29.690218	0.098047	-1424.185112	
7.522000	0.968856	0.920829	4.550220	29.686539	0.214866	-1424.155278	
7.523000	0.850466	0.912733	4.545731	29.682965	0.312215	-1424.125831	
7.524000	0.846238	0.872253	4.540097	29.679320	0.238229	-1424.096737	
7.525000	0.880064	0.791292	4.533770	29.675419	0.284957	-1424.067899	
7.526000	0.871607	0.896541	4.527801	29.671173	0.210972	-1424.039172	
7.527000	0.909661	0.791292	4.523110	29.666547	0.199290	-1424.010390	
7.528000	0.825097	1.074655	4.520325	29.661563	0.284957	-1423.981376	
7.529000	0.740533	0.888445	4.519720	29.656404	0.277169	-1423.951983	
7.530000	0.761674	1.026079	4.521216	29.651211	0.238229	-1423.922112	
7.531000	0.905433	0.742716	4.524501	29.645894	0.440716	-1423.891711	
7.532000	0.846238	0.993694	4.529091	29.640363	0.222654	-1423.860779	
7.533000	0.753218	0.856061	4.534470	29.634797	0.312215	-1423.829387	
7.534000	0.892748	0.750812	4.540197	29.629470	0.284957	-1423.797667	
7.535000	0.896977	0.847965	4.545844	29.624427	0.347261	-1423.765785	
7.536000	0.880064	0.985598	4.551060	29.619481	0.257699	-1423.733923	
7.537000	0.901205	0.839869	4.555622	29.614440	0.152562	-1423.702242	
7.538000	0.964628	0.904637	4.559488	29.609232	0.246017	-1423.670866	
7.539000	0.930802	0.920829	4.562990	29.603847	0.269381	-1423.639862	
7.540000	0.884292	0.953214	4.566429	29.598302	0.183714	-1423.609240	
7.541000	0.782815	0.775100	4.569686	29.592747	0.246017	-1423.578945	
7.542000	0.837782	0.815580	4.572565	29.587296	0.101940	-1423.548867	
7.543000	0.926574	0.807484	4.575030	29.581859	0.300533	-1423.518861	
7.544000	0.913889	0.831773	4.577126	29.576360	0.172032	-1423.488760	
7.545000	0.630600	0.872253	4.578891	29.570983	0.304427	-1423.458398	
7.546000	0.994225	0.937022	4.580345	29.566025	0.308321	-1423.427642	
7.547000	0.791271	0.791292	4.581330	29.561553	0.304427	-1423.396403	
7.548000	0.922346	0.985598	4.581621	29.557389	0.386200	-1423.364644	
7.549000	0.808184	0.880349	4.581664	29.553345	0.269381	-1423.332386	
7.550000	0.994225	0.726523	4.582279	29.549377	0.191502	-1423.299724	
7.551000	0.867379	0.896541	4.583612	29.545500	0.222654	-1423.266802	
7.552000	0.913889	0.993694	4.585234	29.541716	0.386200	-1423.233785	
7.553000	0.672882	0.799388	4.586784	29.538096	0.238229	-1423.200841	
7.554000	0.905433	0.758908	4.588199	29.534685	0.249911	-1423.168115	
7.555000	0.770130	0.815580	4.589405	29.531375	0.316109	-1423.135702	
7.556000	0.854694	0.969406	4.590250	29.528083	0.296639	-1423.103648	
7.557000	0.715164	1.034175	4.590970	29.524954	0.331685	-1423.071939	
7.558000	1.040735	0.483641	4.591920	29.522257	0.253805	-1423.040497	
7.559000	0.858923	0.839869	4.593141	29.520058	0.300533	-1423.009188	
7.560000	0.968856	0.904637	4.594602	29.518179	0.269381	-1422.977852	
7.561000	0.896977	0.775100	4.596215	29.516439	0.257699	-1422.946322	
7.562000	1.019594	0.799388	4.597811	29.514820	0.160350	-1422.914457	
7.563000	0.854694	0.831773	4.599582	29.513375	0.257699	-1422.882152	
7.564000	0.774359	1.017982	4.602294	29.512100	0.249911	-1422.849340	
7.565000	0.727848	0.953214	4.606440	29.511017	0.136986	-1422.816008	
7.566000	0.943487	0.888445	4.611598	29.510122	0.035743	-1422.782208	
7.567000	0.833553	0.767004	4.616926	29.509306	0.195396	-1422.748061	
7.568000	0.901205	0.823676	4.621622	29.508485	0.246017	-1422.713723	
7.569000	0.732077	0.896541	4.625077	29.507764	0.253805	-1422.679364	
7.570000	0.977312	0.912733	4.627141	29.507378	0.207078	-1422.645143	
7.571000	0.740533	0.937022	4.628163	29.507405	0.300533	-1422.611182	
7.572000	0.871607	1.244673	4.628287	29.507681	0.292745	-1422.577553	
7.573000	0.867379	0.686043	4.627015	29.508039	0.269381	-1422.544275	
7.574000	1.006910	0.742716	4.623913	29.508495	0.074683	-1422.511314	
7.575000	0.943487	0.661755	4.619183	29.509144	0.152562	-1422.478571	
7.576000	0.837782	0.985598	4.613529	29.509974	0.230441	-1422.445898	
7.577000	0.833553	0.775100	4.607766	29.510918	0.187608	-1422.413123	
7.578000	0.871607	1.034175	4.602291	29.511884	0.059107	-1422.380085	
7.579000	0.918118	0.823676	4.597105	29.512753	0.308321	-1422.346653	
7.580000	0.951943	0.864157	4.592339	29.513436	0.226548	-1422.312733	
7.581000	0.820869	0.783196	4.588685	29.513987	0.296639	-1422.278273	
7.582000	0.951943	0.807484	4.587401	29.514610	0.249911	-1422.243275	
7.583000	0.896977	0.702235	4.589217	29.515404	0.214866	-1422.207814	
7.584000	0.858923	1.026079	4.593535	29.516234	0.351155	-1422.172026	
7.585000	0.913889	0.799388	4.599129	29.516962	0.199290	-1422.136078	
7.586000	0.935030	0.888445	4.604939	29.517664	0.113622	-1422.100150	
7.587000	0.960400	0.799388	4.610270	29.518497	0.288851	-1422.064397	
7.588000	0.732077	0.945118	4.614606	29.519453	0.425140	-1422.028925	
7.589000	0.799728	0.985598	4.617455	29.520387	0.347261	-1421.993788	
7.590000	0.778587	1.042271	4.618510	29.521138	0.027955	-1421.958992	
7.591000	0.930802	0.572698	4.617768	29.521586	0.277169	-1421.924481	
7.592000	0.719392	0.937022	4.615579	29.521656	0.273275	-1421.890134	
7.593000	0.858923	0.920829	4.612506	29.521375	0.320003	-1421.855786	
7.594000	0.825097	0.888445	4.609077	29.520938	0.214866	-1421.821260	
7.595000	0.867379	0.823676	4.605604	29.520474	0.246017	-1421.786388	
7.596000	0.799728	0.856061	4.602131	29.519870	0.382306	-1421.751040	
7.597000	0.765902	0.767004	4.598849	29.519012	0.257699	-1421.715135	
7.598000	0.833553	0.896541	4.596119	29.518021	0.121410	-1421.678641	
7.599000	0.981541	0.856061	4.593891	29.517109	0.152562	-1421.641591	
7.600000	0.922346	0.896541	4.591910	29.516289	0.191502	-1421.604084	1.000000
7.601000	0.926574	0.872253	4.590055	29.515396	0.292745	-1421.566275	
7.602000	0.909661	0.734620	4.588249	29.514253	0.035743	-1421.528349	
7.603000	0.973084	0.839869	4.586634	29.512758	0.269381	-1421.490491	
7.604000	0.829325	0.718427	4.585496	29.510857	0.175926	-1421.452852	
7.605000	0.829325	1.042271	4.584735	29.508573	0.175926	-1421.415522	
7.606000	0.791271	0.815580	4.583567	29.506093	0.249911	-1421.378545	
7.607000	0.867379	0.807484	4.581018	29.503557	0.288851	-1421.341912	
7.608000	0.880064	0.847965	4.576809	29.500868	0.366730	-1421.305548	
7.609000	0.867379	0.791292	4.571556	29.497935	0.210972	-1421.269319	
7.610000	0.778587	0.767004	4.566226	29.494927	0.156456	-1421.233058	
7.611000	0.943487	0.823676	4.561497	29.492102	0.191502	-1421.196587	
7.612000	0.765902	0.823676	4.557445	29.489494	0.351155	-1421.159748	
7.613000	0.795500	1.204192	4.553520	29.486924	0.370624	-1421.122418	
7.614000	0.875836	0.856061	4.548741	29.484198	0.210972	-1421.084530	
7.615000	0.935030	0.888445	4.542716	29.481226	0.304427	-1421.046075	
7.616000	0.888520	0.677947	4.536316	29.477974	0.249911	-1421.007106	
7.617000	0.816641	0.896541	4.530719	29.474456	0.335579	-1420.967736	
7.618000	0.698251	0.783196	4.526484	29.470843	0.261593	-1420.928119	
7.619000	0.803956	0.912733	4.523753	29.467264	0.222654	-1420.888436	
7.620000	0.930802	0.702235	4.522620	29.463624	0.273275	-1420.848859	
7.621000	0.837782	0.839869	4.523033	29.459837	0.425140	-1420.809523	
7.622000	0.778587	0.961310	4.524827	29.456082	0.343367	-1420.770509	
7.623000	1.011138	0.637467	4.528258	29.452641	0.218760	-1420.731846	
7.624000	0.905433	0.629370	4.533962	29.449560	0.339473	-1420.693505	
7.625000	0.736305	0.969406	4.542021	29.446654	0.230441	-1420.655391	
7.626000	0.905433	0.767004	4.551770	29.443729	0.109728	-1420.617364	
7.627000	0.918118	0.953214	4.562320	29.440722	0.109728	-1420.579264	
7.628000	0.918118	0.807484	4.572743	29.437629	0.168138	-1420.540929	
7.629000	0.820869	1.082751	4.582394	29.434464	0.393988	-1420.502214	
7.630000	0.592546	0.888445	4.591180	29.431359	0.238229	-1420.463013	
7.631000	0.803956	0.864157	4.599332	29.428415	0.261593	-1420.423274	
7.632000	0.905433	0.645563	4.607133	29.425539	0.432928	-1420.383003	
7.633000	0.706707	0.767004	4.614697	29.422654	0.323897	-1420.342274	
7.634000	0.694023	0.839869	4.621730	29.419946	0.246017	-1420.301218	
7.635000	1.006910	0.896541	4.627688	29.417708	0.393988	-1420.260004	
7.636000	0.909661	0.912733	4.632137	29.416000	0.331685	-1420.218809	
7.637000	0.816641	0.953214	4.634802	29.414636	0.393988	-1420.177795	
7.638000	0.787043	0.904637	4.635589	29.413421	0.214866	-1420.137079	
7.639000	1.057648	0.734620	4.634619	29.412307	0.269381	-1420.096731	
7.640000	0.960400	0.856061	4.632019	29.411312	0.230441	-1420.056768	
7.641000	0.880064	0.953214	4.627882	29.410431	0.351155	-1420.017141	
7.642000	0.757446	0.961310	4.622534	29.409719	0.339473	-1419.977741	
7.643000	0.892748	0.823676	4.616589	29.409202	0.121410	-1419.938425	
7.644000	0.968856	0.734620	4.610614	29.408775	0.323897	-1419.899031	
7.645000	0.909661	0.734620	4.604938	29.408358	0.179820	-1419.859400	
7.646000	0.698251	0.839869	4.599833	29.408092	0.210972	-1419.819400	
7.647000	1.032279	0.694139	4.595676	29.408250	0.366730	-1419.778947	
7.648000	0.837782	0.872253	4.593154	29.408909	0.316109	-1419.738007	
7.649000	0.880064	0.864157	4.593077	29.409900	0.347261	-1419.696605	
7.650000	0.850466	0.912733	4.595581	29.411046	0.292745	-1419.654832	
7.651000	1.002682	0.807484	4.599851	29.412343	0.129198	-1419.612837	
7.652000	0.875836	0.888445	4.604610	29.413859	0.292745	-1419.570794	
7.653000	0.846238	0.945118	4.608625	29.415585	0.308321	-1419.528874	
7.654000	0.622143	0.969406	4.611133	29.417506	0.312215	-1419.487215	
7.655000	0.854694	1.115135	4.612065	29.419580	0.172032	-1419.445913	
7.656000	0.778587	0.945118	4.611602	29.421687	0.440716	-1419.405019	
7.657000	0.960400	0.856061	4.609782	29.423736	0.292745	-1419.364525	
7.658000	0.672882	1.001790	4.606874	29.425812	0.386200	-1419.324355	
7.659000	1.028051	0.710331	4.603530	29.428144	0.234335	-1419.284378	
7.660000	0.820869	0.864157	4.600436	29.430815	0.281063	-1419.244437	
7.661000	0.909661	0.823676	4.598119	29.433671	0.269381	-1419.204369	
7.662000	0.842010	0.783196	4.596787	29.436548	0.222654	-1419.164026	
7.663000	1.011138	0.961310	4.596209	29.439480	0.156456	-1419.123300	
7.664000	0.892748	0.815580	4.595800	29.442573	0.331685	-1419.082127	
7.665000	0.930802	0.896541	4.595291	29.445811	0.249911	-1419.040492	
7.666000	0.787043	0.791292	4.595335	29.449104	0.296639	-1418.998449	
7.667000	0.901205	0.767004	4.596526	29.452341	0.078577	-1418.956120	
7.668000	0.909661	0.758908	4.598470	29.455405	0.226548	-1418.913676	
7.669000	0.935030	0.839869	4.600510	29.458214	0.257699	-1418.871299	
7.670000	0.744761	0.888445	4.602370	29.460819	0.191502	-1418.829153	
7.671000	0.901205	0.904637	4.603962	29.463429	0.222654	-1418.787364	
7.672000	0.753218	0.945118	4.604851	29.466160	0.187608	-1418.746005	
7.673000	0.871607	0.937022	4.604240	29.468881	0.491337	-1418.705100	
7.674000	0.778587	0.799388	4.602125	29.471455	0.288851	-1418.664619	
7.675000	0.875836	0.937022	4.599346	29.473966	0.078577	-1418.624467	
7.676000	0.926574	0.847965	4.596564	29.476582	0.323897	-1418.584503	
7.677000	0.850466	1.042271	4.594056	29.479301	0.390094	-1418.544552	
7.678000	0.820869	0.888445	4.591775	29.481984	0.390094	-1418.504439	
7.679000	0.795500	0.823676	4.589676	29.484475	0.148668	-1418.464019	
7.680000	0.989997	0.799388	4.588127	29.486661	0.238229	-1418.423196	
7.681000	0.892748	0.677947	4.587669	29.488468	0.355048	-1418.381919	
7.682000	0.812412	0.742716	4.588504	29.489916	0.281063	-1418.340187	
7.683000	0.880064	0.669851	4.590481	29.491194	0.199290	-1418.298069	
7.684000	0.935030	0.847965	4.593327	29.492426	0.242123	-1418.255702	
7.685000	0.884292	1.058463	4.596544	29.493500	0.327791	-1418.213260	
7.686000	0.901205	0.718427	4.599488	29.494304	0.105834	-1418.170924	
7.687000	0.816641	0.920829	4.601733	29.494965	0.152562	-1418.128858	
7.688000	1.015366	0.742716	4.603138	29.495698	0.218760	-1418.087177	
7.689000	0.782815	0.815580	4.603387	29.496518	0.238229	-1418.045944	
7.690000	0.930802	0.880349	4.602008	29.497258	0.179820	-1418.005168	
7.691000	0.842010	0.937022	4.599239	29.497740	0.207078	-1417.964796	
7.692000	0.939259	0.758908	4.595814	29.497865	0.207078	-1417.924719	
7.693000	0.816641	0.864157	4.592123	29.497581	0.234335	-1417.884781	
7.694000	0.825097	0.847965	4.588383	29.496912	0.347261	-1417.844805	
7.695000	0.605231	0.920829	4.584762	29.496045	0.203184	-1417.804613	
7.696000	0.812412	0.880349	4.581299	29.495122	0.335579	-1417.764069	
7.697000	0.782815	1.001790	4.578545	29.494041	0.327791	-1417.723086	
7.698000	0.901205	0.758908	4.577699	29.492701	0.207078	-1417.681626	
7.699000	0.787043	0.928926	4.579428	29.491269	0.378412	-1417.639708	
7.700000	0.943487	0.985598	4.583354	29.490011	0.335579	-1417.597427	1.000000
7.701000	0.863151	0.896541	4.588692	29.488962	0.320003	-1417.554932	
7.702000	0.858923	0.896541	4.594568	29.487942	0.312215	-1417.512402	
7.703000	0.854694	0.661755	4.600117	29.486757	0.249911	-1417.470019	
7.704000	0.947715	0.945118	4.604635	29.485317	0.144774	-1417.427940	
7.705000	0.909661	0.847965	4.607544	29.483591	0.164244	-1417.386269	
7.706000	0.837782	0.953214	4.608320	29.481594	0.234335	-1417.345055	
7.707000	0.647513	0.799388	4.606618	29.479496	0.195396	-1417.304294	
7.708000	0.770130	0.750812	4.602529	29.477434	0.129198	-1417.263920	
7.709000	0.896977	0.669851	4.596701	29.475317	0.199290	-1417.223808	
7.710000	0.854694	0.847965	4.590096	29.473067	0.179820	-1417.183796	
7.711000	0.655969	0.807484	4.583373	29.470867	0.210972	-1417.143705	
7.712000	0.935030	0.928926	4.576708	29.469006	0.156456	-1417.103371	
7.713000	0.858923	0.904637	4.570430	29.467534	0.343367	-1417.062666	
7.714000	0.820869	0.920829	4.565301	29.466268	0.347261	-1417.021515	
7.715000	0.812412	0.734620	4.562177	29.465017	0.086365	-1416.979896	
7.716000	0.871607	0.839869	4.561630	29.463716	0.117516	-1416.937860	
7.717000	0.922346	0.677947	4.563390	29.462359	0.238229	-1416.895522	
7.718000	0.799728	1.123232	4.566310	29.460955	0.409564	-1416.853039	
7.719000	0.677110	0.831773	4.569316	29.459630	0.355048	-1416.810587	
7.720000	0.744761	1.082751	4.571873	29.458480	0.308321	-1416.768338	
7.721000	0.867379	0.750812	4.573717	29.457402	0.312215	-1416.726429	
7.722000	0.778587	0.961310	4.575010	29.456308	0.210972	-1416.684942	
7.723000	0.723620	0.532217	4.576375	29.455362	0.172032	-1416.643909	
7.724000	0.981541	0.742716	4.578152	29.454845	0.156456	-1416.603303	
7.725000	0.922346	0.653659	4.580156	29.454820	0.249911	-1416.563030	
7.726000	0.858923	1.098943	4.582207	29.455102	0.351155	-1416.522952	
7.727000	0.901205	0.888445	4.584272	29.455504	0.140880	-1416.482906	
7.728000	0.913889	0.823676	4.586202	29.455986	0.117516	-1416.442732	
7.729000	0.913889	0.783196	4.587704	29.456575	0.172032	-1416.402289	
7.730000	0.842010	0.896541	4.588685	29.457273	0.195396	-1416.361473	
7.731000	0.672882	0.791292	4.589524	29.458147	0.269381	-1416.320229	
7.732000	0.854694	0.856061	4.590754	29.459237	0.078577	-1416.278562	
7.733000	0.947715	0.710331	4.592608	29.460440	0.222654	-1416.236547	
7.734000	0.825097	1.001790	4.594918	29.461674	0.281063	-1416.194317	
7.735000	0.677110	0.920829	4.597224	29.463079	0.218760	-1416.152035	
7.736000	0.875836	0.758908	4.599060	29.464917	0.292745	-1416.109875	
7.737000	0.808184	0.856061	4.600175	29.467261	0.331685	-1416.067991	
7.738000	0.846238	1.058463	4.600403	29.469932	0.288851	-1416.026494	
7.739000	0.867379	0.815580	4.599507	29.472745	0.094153	-1415.985444	
7.740000	1.083017	0.831773	4.597194	29.475684	0.214866	-1415.944853	
7.741000	0.905433	0.710331	4.593383	29.478806	0.191502	-1415.904673	
7.742000	0.884292	0.945118	4.588487	29.482101	0.343367	-1415.864792	
7.743000	0.761674	0.831773	4.583277	29.485550	0.323897	-1415.825056	
7.744000	0.901205	0.653659	4.578527	29.489111	0.078577	-1415.785300	
7.745000	0.905433	0.839869	4.574825	29.492663	0.323897	-1415.745364	
7.746000	0.922346	0.734620	4.572489	29.496117	0.207078	-1415.705117	
7.747000	0.803956	0.710331	4.572104	29.499568	0.113622	-1415.664472	
7.748000	1.087246	0.613178	4.574877	29.503253	0.059107	-1415.623392	
7.749000	0.867379	0.750812	4.581378	29.507263	0.191502	-1415.581901	
7.750000	0.960400	0.710331	4.590713	29.511446	0.347261	-1415.540096	
7.751000	0.854694	0.718427	4.601319	29.515640	0.055213	-1415.498128	
7.752000	1.032279	0.734620	4.611762	29.519869	0.199290	-1415.456178	
7.753000	0.867379	0.799388	4.621035	29.524233	0.300533	-1415.414423	
7.754000	0.850466	1.042271	4.628433	29.528718	0.316109	-1415.373003	
7.755000	0.803956	1.082751	4.633439	29.533241	0.269381	-1415.332011	
7.756000	0.846238	0.734620	4.635918	29.537701	0.043531	-1415.291495	
7.757000	0.837782	0.783196	4.636092	29.541978	0.362836	-1415.251450	
7.758000	0.918118	0.686043	4.634397	29.545985	0.246017	-1415.211802	
7.759000	0.799728	0.937022	4.631444	29.549776	0.308321	-1415.172414	
7.760000	0.947715	0.864157	4.627895	29.553562	0.339473	-1415.133121	
7.761000	0.799728	1.050367	4.624198	29.557445	0.331685	-1415.093746	
7.762000	0.858923	1.050367	4.620521	29.561287	0.308321	-1415.054131	
7.763000	0.905433	0.945118	4.616849	29.564941	0.257699	-1415.014156	
7.764000	1.032279	0.815580	4.613095	29.568476	0.063001	-1414.973755	
7.765000	0.922346	0.726523	4.609620	29.572035	0.238229	-1414.932913	
7.766000	0.943487	0.847965	4.607145	29.575608	0.140880	-1414.891682	
7.767000	0.787043	0.880349	4.605820	29.579053	0.343367	-1414.850176	
7.768000	0.939259	0.872253	4.605193	29.582218	0.039637	-1414.808562	
7.769000	0.913889	0.799388	4.604800	29.584990	0.160350	-1414.767027	
7.770000	0.875836	0.791292	4.604365	29.587296	0.230441	-1414.725748	
7.771000	0.820869	0.758908	4.603860	29.589163	0.207078	-1414.684854	
7.772000	0.867379	0.669851	4.603098	29.590786	0.257699	-1414.644420	
7.773000	0.951943	0.799388	4.601250	29.592290	0.304427	-1414.604473	
7.774000	0.820869	0.831773	4.597587	29.593562	0.218760	-1414.564985	
7.775000	0.901205	0.734620	4.592377	29.594490	0.288851	-1414.525858	
7.776000	0.888520	1.017982	4.586509	29.595200	0.117516	-1414.486947	
7.777000	0.930802	0.742716	4.580910	29.595905	0.246017	-1414.448078	
7.778000	0.723620	0.953214	4.576315	29.596622	0.366730	-1414.409072	
7.779000	0.863151	0.831773	4.573102	29.597182	0.425140	-1414.369771	
7.780000	0.880064	0.880349	4.571789	29.597404	0.214866	-1414.330066	
7.781000	0.989997	0.653659	4.573482	29.597182	0.249911	-1414.289904	
7.782000	0.833553	0.839869	4.578777	29.596461	0.296639	-1414.249287	
7.783000	0.880064	1.001790	4.586870	29.595257	0.343367	-1414.208283	
7.784000	0.761674	0.896541	4.596267	29.593755	0.242123	-1414.167022	
7.785000	0.892748	0.718427	4.605569	29.592095	0.195396	-1414.125677	
7.786000	0.842010	0.864157	4.613668	29.590176	0.413458	-1414.084430	
7.787000	0.922346	0.767004	4.619749	29.587904	0.214866	-1414.043446	
7.788000	0.808184	1.179904	4.623429	29.585441	0.179820	-1414.002845	
7.789000	1.083017	0.912733	4.624665	29.583041	0.269381	-1413.962700	
7.790000	0.875836	0.856061	4.623228	29.580737	0.292745	-1413.923026	
7.791000	0.926574	1.026079	4.618988	29.578351	0.179820	-1413.883779	
7.792000	0.896977	0.767004	4.612574	29.575700	0.140880	-1413.844852	
7.793000	0.973084	0.823676	4.605077	29.572704	0.172032	-1413.806098	
7.794000	0.850466	0.880349	4.597384	29.569340	0.284957	-1413.767341	
7.795000	0.837782	0.856061	4.589870	29.565632	0.284957	-1413.728403	
7.796000	0.592546	0.953214	4.582596	29.561754	0.269381	-1413.689137	
7.797000	0.863151	1.017982	4.575860	29.557841	0.230441	-1413.649449	
7.798000	0.715164	0.856061	4.570785	29.553804	0.366730	-1413.609298	
7.799000	0.875836	0.791292	4.568996	29.549563	0.284957	-1413.568697	
7.800000	0.736305	0.694139	4.570991	29.545305	0.156456	-1413.527731	0.000000
7.801000	0.977312	0.985598	4.575541	29.541317	0.327791	-1413.486539	
7.802000	0.820869	0.839869	4.580989	29.537650	0.491337	-1413.445293	
7.803000	0.808184	1.090847	4.586080	29.534120	0.390094	-1413.404169	
7.804000	0.808184	0.872253	4.589946	29.530535	0.261593	-1413.363314	
7.805000	0.968856	0.945118	4.592475	29.526829	0.246017	-1413.322835	
7.806000	0.943487	0.669851	4.594320	29.522997	0.273275	-1413.282786	
7.807000	0.875836	1.098943	4.595841	29.519042	0.304427	-1413.243168	
7.808000	0.660197	0.758908	4.596659	29.515080	0.218760	-1413.203916	
7.809000	0.875836	0.937022	4.596461	29.511195	0.183714	-1413.164912	
7.810000	0.905433	0.872253	4.595423	29.507290	0.257699	-1413.126004	
7.811000	0.778587	0.920829	4.593881	29.503291	0.164244	-1413.087022	
7.812000	0.702479	0.847965	4.592145	29.499374	0.140880	-1413.047801	
7.813000	0.901205	0.872253	4.590563	29.495833	0.234335	-1413.008216	
7.814000	0.871607	0.815580	4.589374	29.492734	0.304427	-1412.968190	
7.815000	0.863151	0.961310	4.588570	29.489901	0.226548	-1412.927701	
7.816000	0.888520	0.767004	4.588065	29.487149	0.148668	-1412.886792	
7.817000	0.871607	0.864157	4.587716	29.484444	0.078577	-1412.845576	
7.818000	0.896977	0.815580	4.587172	29.481815	0.249911	-1412.804208	
7.819000	0.706707	1.139424	4.586045	29.479262	0.296639	-1412.762860	
7.820000	0.660197	0.831773	4.584257	29.476839	0.261593	-1412.721696	
7.821000	0.812412	0.767004	4.582139	29.474575	0.249911	-1412.680847	
7.822000	0.905433	0.621274	4.580019	29.472360	0.417352	-1412.640400	
7.823000	0.782815	0.912733	4.577668	29.470108	0.214866	-1412.600391	
7.824000	0.748989	0.977502	4.574552	29.467954	0.230441	-1412.560799	
7.825000	0.930802	0.880349	4.570534	29.466156	0.273275	-1412.521537	
7.826000	0.863151	0.896541	4.565998	29.464788	0.323897	-1412.482468	
7.827000	0.829325	1.026079	4.561561	29.463676	0.405670	-1412.443430	
7.828000	0.888520	0.847965	4.557719	29.462642	0.234335	-1412.404257	
7.829000	0.968856	0.815580	4.554767	29.461680	0.094153	-1412.364807	
7.830000	0.981541	0.758908	4.552709	29.460854	0.214866	-1412.324980	
7.831000	0.803956	0.928926	4.551115	29.460158	0.226548	-1412.284719	
7.832000	0.753218	0.799388	4.549814	29.459575	0.253805	-1412.244024	
7.833000	0.871607	0.953214	4.549252	29.459064	0.160350	-1412.202972	
7.834000	0.909661	0.880349	4.549715	29.458513	0.207078	-1412.161704	
7.835000	0.837782	0.791292	4.551000	29.457840	0.226548	-1412.120386	
7.836000	0.727848	0.945118	4.552770	29.457138	0.343367	-1412.079188	
7.837000	0.985769	0.750812	4.554787	29.456644	0.246017	-1412.038259	
7.838000	0.909661	0.985598	4.557090	29.456454	0.246017	-1411.997711	
7.839000	0.867379	0.791292	4.559953	29.456414	0.347261	-1411.957604	
7.840000	0.795500	0.694139	4.563431	29.456367	0.300533	-1411.917952	
7.841000	0.989997	0.742716	4.567223	29.456351	0.156456	-1411.878708	
7.842000	0.816641	0.823676	4.571006	29.456484	0.214866	-1411.839765	
7.843000	0.858923	1.026079	4.574777	29.456754	0.362836	-1411.800970	
7.844000	0.719392	0.880349	4.578734	29.457067	0.316109	-1411.762147	
7.845000	0.867379	0.888445	4.582695	29.457311	0.172032	-1411.723132	
7.846000	0.892748	0.896541	4.586091	29.457364	0.199290	-1411.683795	
7.847000	0.901205	0.524121	4.588570	29.457143	0.355048	-1411.644055	
7.848000	0.778587	0.823676	4.590250	29.456699	0.140880	-1411.603874	
7.849000	0.985769	0.694139	4.591497	29.456244	0.222654	-1411.563277	
7.850000	0.892748	0.937022	4.592632	29.455893	0.331685	-1411.522356	
7.851000	0.964628	0.928926	4.593717	29.455517	0.253805	-1411.481262	
7.852000	0.782815	0.912733	4.594533	29.454984	0.199290	-1411.440172	
7.853000	1.002682	0.783196	4.594795	29.454373	0.043531	-1411.399264	
7.854000	0.926574	0.775100	4.594301	29.453843	0.265487	-1411.358686	
7.855000	0.846238	0.742716	4.592827	29.453389	0.156456	-1411.318535	
7.856000	0.770130	0.775100	4.590159	29.452872	0.358942	-1411.278857	
7.857000	0.867379	0.718427	4.586457	29.452137	0.125304	-1411.239651	
7.858000	0.854694	0.750812	4.582260	29.451076	0.300533	-1411.200855	
7.859000	0.896977	0.872253	4.578161	29.449622	0.308321	-1411.162341	
7.860000	0.710936	0.961310	4.574786	29.447806	0.347261	-1411.123941	
7.861000	0.846238	0.847965	4.572672	29.445824	0.257699	-1411.085472	
7.862000	0.850466	0.831773	4.571993	29.443802	0.246017	-1411.046768	
7.863000	0.989997	0.856061	4.572612	29.441625	0.355048	-1411.007702	
7.864000	0.846238	0.726523	4.574347	29.439175	0.203184	-1410.968199	
7.865000	0.842010	0.767004	4.576915	29.436580	0.187608	-1410.928236	
7.866000	0.905433	0.831773	4.579930	29.434053	0.253805	-1410.887859	
7.867000	0.867379	0.896541	4.583113	29.431606	0.207078	-1410.847174	
7.868000	0.842010	0.896541	4.586226	29.429067	0.366730	-1410.806341	
7.869000	0.896977	0.880349	4.589090	29.426254	0.027955	-1410.765541	
7.870000	0.951943	0.718427	4.591727	29.423064	0.226548	-1410.724953	
7.871000	0.951943	0.831773	4.594130	29.419445	0.191502	-1410.684717	
7.872000	0.947715	1.026079	4.596138	29.415420	0.234335	-1410.644917	
7.873000	0.778587	0.677947	4.597814	29.411177	0.210972	-1410.605590	
7.874000	0.956171	0.839869	4.599604	29.406863	0.226548	-1410.566723	
7.875000	0.884292	0.993694	4.601712	29.402384	0.277169	-1410.528236	
7.876000	0.875836	0.783196	4.603808	29.397652	0.246017	-1410.489987	
7.877000	0.702479	0.896541	4.605662	29.392839	0.257699	-1410.451806	
7.878000	0.956171	0.734620	4.607530	29.388207	0.331685	-1410.413511	
7.879000	0.787043	0.815580	4.609884	29.383793	0.288851	-1410.374942	
7.880000	0.922346	0.904637	4.612889	29.379418	0.335579	-1410.335985	
7.881000	0.854694	0.993694	4.616171	29.374895	0.168138	-1410.296580	
7.882000	0.943487	0.799388	4.619327	29.370139	0.296639	-1410.256728	
7.883000	0.782815	0.856061	4.622270	29.365120	0.320003	-1410.216495	
7.884000	0.837782	0.880349	4.624788	29.359850	0.269381	-1410.176003	
7.885000	0.596774	0.856061	4.626432	29.354492	0.284957	-1410.135408	
7.886000	0.867379	0.677947	4.626893	29.349175	0.210972	-1410.094887	
7.887000	0.896977	0.815580	4.626110	29.343806	0.343367	-1410.054603	
7.888000	0.922346	0.823676	4.624445	29.338300	0.246017	-1410.014679	
7.889000	0.710936	1.098943	4.622617	29.332842	0.284957	-1409.975189	
7.890000	1.011138	0.758908	4.620739	29.327721	0.195396	-1409.936153	
7.891000	0.850466	0.726523	4.618165	29.322993	0.339473	-1409.897532	
7.892000	0.926574	0.775100	4.614638	29.318477	0.366730	-1409.859218	
7.893000	0.808184	0.823676	4.610667	29.313981	0.195396	-1409.821063	
7.894000	0.956171	0.831773	4.606877	29.309439	0.152562	-1409.782901	
7.895000	0.871607	0.953214	4.603444	29.304850	0.207078	-1409.744567	
7.896000	0.875836	0.993694	4.600161	29.300223	0.261593	-1409.705922	
7.897000	0.685566	0.775100	4.596698	29.295685	0.277169	-1409.666873	
7.898000	0.829325	1.017982	4.592617	29.291336	0.269381	-1409.627381	
7.899000	0.850466	0.758908	4.587779	29.287081	0.358942	-1409.587466	
7.900000	0.854694	0.896541	4.582727	29.282847	0.316109	-1409.547206	0.000000
7.901000	0.605231	1.050367	4.578145	29.278801	0.257699	-1409.506735	
7.902000	0.943487	0.985598	4.574243	29.275227	0.222654	-1409.466219	
7.903000	0.863151	0.839869	4.570929	29.272181	0.296639	-1409.425855	
7.904000	0.875836	0.969406	4.568112	29.269481	0.467974	-1409.385837	
7.905000	0.816641	0.677947	4.565825	29.266935	0.207078	-1409.346323	
7.906000	0.956171	0.799388	4.564456	29.264505	0.160350	-1409.307428	
7.907000	0.829325	0.734620	4.564382	29.262218	0.242123	-1409.269212	
7.908000	0.803956	1.026079	4.565394	29.260075	0.207078	-1409.231664	
7.909000	0.689795	0.937022	4.567090	29.258134	0.308321	-1409.194712	
7.910000	0.863151	0.872253	4.569244	29.256422	0.156456	-1409.158251	
7.911000	0.935030	0.758908	4.571712	29.254833	0.172032	-1409.122165	
7.912000	0.901205	0.856061	4.574484	29.253284	0.152562	-1409.086345	
7.913000	0.748989	0.791292	4.577877	29.251923	0.242123	-1409.050714	
7.914000	0.947715	0.815580	4.582504	29.251027	0.098047	-1409.015242	
7.915000	0.863151	0.726523	4.588442	29.250681	0.238229	-1408.979952	
7.916000	0.765902	1.196096	4.594611	29.250714	0.273275	-1408.944927	
7.917000	0.918118	0.985598	4.599775	29.250950	0.242123	-1408.910316	
7.918000	0.867379	0.920829	4.603731	29.251376	0.144774	-1408.876307	
7.919000	0.884292	0.799388	4.607177	29.252047	0.288851	-1408.843107	
7.920000	0.799728	1.050367	4.611066	29.252954	0.261593	-1408.810912	
7.921000	0.753218	0.831773	4.615740	29.254088	0.253805	-1408.779883	
7.922000	0.791271	0.605082	4.620122	29.255414	0.140880	-1408.750141	
7.923000	0.888520	0.993694	4.622092	29.256813	0.277169	-1408.721760	
7.924000	0.867379	0.937022	4.619792	29.258192	0.370624	-1408.694754	
7.925000	0.723620	1.066559	4.612832	29.259640	0.351155	-1408.669063	
7.926000	0.947715	0.758908	4.602957	29.261385	0.281063	-1408.644572	
7.927000	0.867379	0.831773	4.593534	29.263507	0.257699	-1408.621135	
7.928000	0.854694	0.985598	4.587668	29.265846	0.320003	-1408.598606	
7.929000	0.968856	0.839869	4.586359	29.268238	0.210972	-1408.576861	
7.930000	1.040735	0.904637	4.588365	29.270706	0.074683	-1408.555823	
7.931000	0.968856	1.050367	4.591487	29.273352	0.148668	-1408.535461	
7.932000	0.875836	1.066559	4.593802	29.276164	0.261593	-1408.515794	
7.933000	0.757446	0.839869	4.594393	29.279062	0.320003	-1408.496903	
7.934000	0.854694	0.734620	4.593648	29.281948	0.121410	-1408.478936	
7.935000	0.935030	0.856061	4.592949	29.284704	0.436822	-1408.462076	
7.936000	0.926574	0.791292	4.593713	29.287245	0.269381	-1408.446513	
7.937000	0.816641	1.009886	4.596266	29.289632	0.257699	-1408.432419	
7.938000	0.981541	0.839869	4.599509	29.292083	0.234335	-1408.419921	
7.939000	0.842010	1.090847	4.601604	29.294715	0.183714	-1408.409101	
7.940000	0.846238	0.839869	4.601078	29.297395	0.277169	-1408.399985	
7.941000	0.761674	0.888445	4.597728	29.299987	0.284957	-1408.392540	
7.942000	0.888520	0.791292	4.592718	29.302561	0.160350	-1408.386667	
7.943000	0.922346	0.775100	4.587897	29.305266	0.339473	-1408.382223	
7.944000	0.854694	0.953214	4.584807	29.308089	0.335579	-1408.379037	
7.945000	0.825097	0.896541	4.583934	29.310894	0.355048	-1408.376941	
7.946000	0.896977	0.710331	4.584831	29.313528	0.004591	-1408.375806	
7.947000	0.956171	1.001790	4.586757	29.315871	0.238229	-1408.375555	
7.948000	0.913889	0.677947	4.589668	29.317849	0.191502	-1408.376153	
7.949000	0.812412	0.969406	4.594614	29.319491	0.273275	-1408.377613	
7.950000	0.968856	0.645563	4.602427	29.320992	0.304427	-1408.380016	
7.951000	0.863151	0.969406	4.612716	29.322477	0.273275	-1408.383503	
7.952000	0.935030	0.839869	4.624142	29.323827	0.273275	-1408.388248	
7.953000	0.850466	0.888445	4.634684	29.324924	0.195396	-1408.394427	
7.954000	0.960400	0.718427	4.642235	29.325887	0.051319	-1408.402195	
7.955000	0.922346	0.823676	4.645510	29.326922	0.074683	-1408.411657	
7.956000	0.833553	0.872253	4.644392	29.328045	0.296639	-1408.422866	
7.957000	0.774359	0.791292	4.639869	29.329103	0.273275	-1408.435816	
7.958000	0.795500	0.920829	4.633631	29.329927	0.261593	-1408.450438	
7.959000	0.867379	0.920829	4.627243	29.330416	0.234335	-1408.466601	
7.960000	0.888520	0.783196	4.621383	29.330511	0.335579	-1408.484132	
7.961000	0.782815	0.896541	4.615659	29.330234	0.288851	-1408.502842	
7.962000	0.833553	0.856061	4.609243	29.329772	0.214866	-1408.522549	
7.963000	0.854694	1.017982	4.601926	29.329263	0.339473	-1408.543118	
7.964000	0.985769	0.977502	4.594480	29.328603	0.327791	-1408.564464	
7.965000	0.795500	1.034175	4.588202	29.327692	0.261593	-1408.586553	
7.966000	0.791271	1.017982	4.584353	29.326682	0.175926	-1408.609412	
7.967000	0.926574	0.742716	4.583347	29.325815	0.230441	-1408.633137	
7.968000	0.871607	0.799388	4.584183	29.325108	0.284957	-1408.657872	
7.969000	0.922346	0.864157	4.585221	29.324379	0.261593	-1408.683784	
7.970000	0.905433	0.758908	4.585369	29.323434	0.195396	-1408.711043	
7.971000	1.011138	0.742716	4.584613	29.322184	0.210972	-1408.739788	
7.972000	0.850466	0.864157	4.583832	29.320591	0.199290	-1408.770105	
7.973000	0.863151	0.953214	4.583879	29.318674	0.210972	-1408.802023	
7.974000	0.677110	0.928926	4.584924	29.316610	0.203184	-1408.835513	
7.975000	0.896977	0.758908	4.586560	29.314535	0.133092	-1408.870478	
7.976000	0.880064	0.823676	4.588110	29.312356	0.370624	-1408.906765	
7.977000	0.880064	0.637467	4.589099	29.309989	0.226548	-1408.944185	
7.978000	0.681338	0.977502	4.589641	29.307616	0.199290	-1408.982539	
7.979000	0.985769	0.839869	4.590353	29.305527	0.308321	-1409.021652	
7.980000	0.732077	0.977502	4.591604	29.303772	0.370624	-1409.061388	
7.981000	0.778587	0.969406	4.593363	29.302170	0.382306	-1409.101665	
7.982000	0.812412	0.864157	4.595935	29.300525	0.105834	-1409.142456	
7.983000	0.943487	0.799388	4.599471	29.298761	0.191502	-1409.183805	
7.984000	0.871607	0.864157	4.603107	29.296859	0.362836	-1409.225817	
7.985000	0.875836	0.856061	4.605741	29.294827	0.323897	-1409.268636	
7.986000	0.634828	0.896541	4.607021	29.292805	0.288851	-1409.312418	
7.987000	0.896977	0.945118	4.607341	29.290899	0.195396	-1409.357320	
7.988000	0.913889	0.839869	4.607298	29.289013	0.374518	-1409.403459	
7.989000	0.884292	0.856061	4.606955	29.287065	0.187608	-1409.450897	
7.990000	0.571405	0.783196	4.605532	29.285230	0.203184	-1409.499638	
7.991000	1.006910	0.775100	4.602100	29.283792	0.230441	-1409.549626	
7.992000	0.795500	0.742716	4.596524	29.282809	0.172032	-1409.600738	
7.993000	0.888520	0.953214	4.589684	29.282097	0.355048	-1409.652807	
7.994000	0.867379	0.904637	4.583014	29.281466	0.257699	-1409.705643	
7.995000	0.989997	0.912733	4.577768	29.280870	0.105834	-1409.759061	
7.996000	0.863151	0.791292	4.574587	29.280326	0.249911	-1409.812903	
7.997000	0.863151	1.212288	4.573834	29.279848	0.261593	-1409.867052	
7.998000	0.626372	0.807484	4.575732	29.279539	0.230441	-1409.921435	
7.999000	0.803956	0.953214	4.579539	29.279474	0.281063	-1409.976040	
8.000000	0.799728	0.783196	4.583794	29.279555	0.355048	-1410.030924	0.000000
8.001000	0.846238	0.912733	4.587669	29.279703	0.281063	-1410.086199	
8.002000	0.706707	0.847965	4.591144	29.280075	0.358942	-1410.142008	
8.003000	1.015366	0.823676	4.594411	29.280952	0.284957	-1410.198499	
8.004000	0.846238	0.726523	4.597489	29.282406	0.308321	-1410.255806	
8.005000	0.770130	1.090847	4.600100	29.284260	0.386200	-1410.314016	
8.006000	0.854694	0.750812	4.601508	29.286328	0.296639	-1410.373171	
8.007000	0.935030	0.920829	4.600544	29.288589	0.074683	-1410.433264	
8.008000	0.951943	0.775100	4.596687	29.291087	0.320003	-1410.494221	
8.009000	0.816641	1.107039	4.590903	29.293816	0.382306	-1410.555904	
8.010000	0.787043	0.742716	4.584867	29.296794	0.199290	-1410.618134	
8.011000	0.888520	0.783196	4.579808	29.300013	0.098047	-1410.680727	
8.012000	0.943487	0.686043	4.576052	29.303366	0.300533	-1410.743507	
8.013000	0.820869	0.961310	4.573144	29.306767	0.281063	-1410.806334	
8.014000	0.744761	1.001790	4.570371	29.310326	0.226548	-1410.869109	
8.015000	0.896977	1.082751	4.567351	29.314282	0.261593	-1410.931782	
8.016000	0.863151	0.856061	4.564470	29.318713	0.312215	-1410.994366	
8.017000	0.787043	0.993694	4.562640	29.323455	0.323897	-1411.056940	
8.018000	0.888520	0.815580	4.562386	29.328337	0.152562	-1411.119633	
8.019000	0.905433	0.807484	4.563480	29.333372	0.179820	-1411.182603	
8.020000	0.892748	0.920829	4.565256	29.338646	0.261593	-1411.246005	
8.021000	0.803956	1.179904	4.567047	29.344143	0.316109	-1411.309956	
8.022000	0.829325	0.896541	4.568542	29.349795	0.331685	-1411.374525	
8.023000	0.867379	0.977502	4.569790	29.355511	0.203184	-1411.439735	
8.024000	0.875836	0.791292	4.571103	29.361165	0.242123	-1411.505554	
8.025000	0.842010	0.791292	4.572885	29.366661	0.203184	-1411.571878	
8.026000	0.812412	0.904637	4.575336	29.372053	0.277169	-1411.638547	
8.027000	0.985769	0.815580	4.578255	29.377545	0.273275	-1411.705370	
8.028000	0.918118	0.864157	4.580999	29.383230	0.343367	-1411.772157	
8.029000	0.943487	0.993694	4.582789	29.388964	0.343367	-1411.838740	
8.030000	0.892748	0.985598	4.583359	29.394600	0.125304	-1411.904995	
8.031000	0.973084	0.775100	4.583290	29.400195	0.094153	-1411.970849	
8.032000	0.867379	0.977502	4.583654	29.405886	0.090259	-1412.036282	
8.033000	0.833553	1.001790	4.585265	29.411658	0.257699	-1412.101338	
8.034000	0.837782	0.912733	4.588098	29.417379	0.199290	-1412.166122	
8.035000	0.913889	0.856061	4.591368	29.422898	0.152562	-1412.230787	
8.036000	0.918118	0.847965	4.594120	29.428099	0.214866	-1412.295501	
8.037000	0.905433	0.839869	4.595777	29.432906	0.257699	-1412.360414	
8.038000	0.816641	1.009886	4.596393	29.437356	0.308321	-1412.425629	
8.039000	0.812412	0.775100	4.596532	29.441645	0.195396	-1412.491199	
8.040000	0.736305	0.775100	4.596927	29.445892	0.343367	-1412.557125	
8.041000	0.905433	0.831773	4.598057	29.449972	0.339473	-1412.623353	
8.042000	0.846238	0.912733	4.599866	29.453759	0.253805	-1412.689764	
8.043000	0.994225	0.767004	4.602071	29.457360	0.175926	-1412.756188	
8.044000	0.888520	0.864157	4.604517	29.460968	0.148668	-1412.822437	
8.045000	0.901205	0.856061	4.606989	29.464589	0.440716	-1412.888321	
8.046000	0.833553	0.847965	4.609169	29.468068	0.292745	-1412.953683	
8.047000	0.867379	0.831773	4.611139	29.471233	0.070789	-1413.018418	
8.048000	0.901205	0.807484	4.613234	29.473974	0.234335	-1413.082474	
8.049000	0.951943	0.856061	4.615084	29.476229	0.203184	-1413.145851	
8.050000	0.892748	0.953214	4.615973	29.478021	0.281063	-1413.208611	
8.051000	0.884292	0.823676	4.615664	29.479542	0.234335	-1413.270880	
8.052000	0.833553	0.775100	4.614231	29.480934	0.168138	-1413.332817	
8.053000	0.964628	0.775100	4.611960	29.482093	0.288851	-1413.394593	
8.054000	0.854694	0.807484	4.609344	29.482921	0.207078	-1413.456353	
8.055000	0.867379	0.880349	4.606963	29.483572	0.117516	-1413.518189	
8.056000	0.842010	0.993694	4.605304	29.484294	0.308321	-1413.580143	
8.057000	0.829325	1.042271	4.604439	29.485114	0.304427	-1413.642197	
8.058000	0.871607	0.945118	4.603970	29.485857	0.281063	-1413.704270	
8.059000	0.812412	0.815580	4.603524	29.486337	0.156456	-1413.766224	
8.060000	0.926574	0.823676	4.603261	29.486463	0.187608	-1413.827884	
8.061000	0.930802	0.904637	4.603664	29.486196	0.281063	-1413.889060	
8.062000	0.854694	0.985598	4.605052	29.485552	0.366730	-1413.949564	
8.063000	0.681338	0.839869	4.607444	29.484709	0.343367	-1414.009248	
8.064000	0.808184	0.783196	4.610506	29.483805	0.277169	-1414.068016	
8.065000	0.867379	0.945118	4.613283	29.482742	0.257699	-1414.125827	
8.066000	0.888520	0.613178	4.614450	29.481432	0.238229	-1414.182702	
8.067000	0.795500	0.920829	4.613545	29.480049	0.156456	-1414.238732	
8.068000	1.015366	0.645563	4.611315	29.478870	0.203184	-1414.294061	
8.069000	0.913889	0.920829	4.608699	29.477939	0.238229	-1414.348858	
8.070000	0.896977	0.969406	4.606043	29.477076	0.230441	-1414.403294	
8.071000	0.833553	0.839869	4.603041	29.476093	0.144774	-1414.457508	
8.072000	0.901205	0.742716	4.599240	29.474919	0.063001	-1414.511590	
8.073000	0.875836	0.912733	4.594503	29.473541	0.199290	-1414.565575	
8.074000	0.905433	0.831773	4.589068	29.471975	0.308321	-1414.619435	
8.075000	0.672882	0.767004	4.583498	29.470375	0.222654	-1414.673073	
8.076000	0.863151	0.847965	4.578576	29.468860	0.218760	-1414.726343	
8.077000	0.858923	0.928926	4.575097	29.467338	0.347261	-1414.779067	
8.078000	0.854694	0.904637	4.573524	29.465734	0.277169	-1414.831057	
8.079000	0.537579	1.009886	4.573775	29.464232	0.331685	-1414.882140	
8.080000	0.943487	0.710331	4.575869	29.463118	0.316109	-1414.932185	
8.081000	0.787043	0.985598	4.580552	29.462442	0.386200	-1414.981112	
8.082000	0.871607	0.864157	4.588381	29.462012	0.347261	-1415.028894	
8.083000	0.808184	1.082751	4.598708	29.461630	0.273275	-1415.075581	
8.084000	0.989997	0.815580	4.610079	29.461238	0.113622	-1415.121292	
8.085000	0.905433	0.928926	4.621003	29.460839	0.284957	-1415.166188	
8.086000	0.909661	0.953214	4.630340	29.460433	0.347261	-1415.210445	
8.087000	0.639056	0.880349	4.637408	29.460114	0.347261	-1415.254227	
8.088000	0.880064	0.920829	4.641865	29.459944	0.191502	-1415.297661	
8.089000	0.858923	0.839869	4.643439	29.459820	0.249911	-1415.340827	
8.090000	0.880064	1.017982	4.641756	29.459661	0.234335	-1415.383745	
8.091000	0.651741	0.904637	4.636668	29.459630	0.246017	-1415.426374	
8.092000	1.015366	0.718427	4.628791	29.460009	0.175926	-1415.468605	
8.093000	0.833553	0.864157	4.619376	29.460870	0.355048	-1415.510285	
8.094000	0.926574	1.082751	4.609641	29.462036	0.323897	-1415.551235	
8.095000	0.842010	0.742716	4.600393	29.463328	0.210972	-1415.591276	
8.096000	0.926574	0.928926	4.592179	29.464719	0.183714	-1415.630260	
8.097000	0.867379	0.767004	4.585518	29.466250	0.284957	-1415.668087	
8.098000	0.795500	1.139424	4.580867	29.467919	0.432928	-1415.704699	
8.099000	0.634828	0.872253	4.578438	29.469767	0.390094	-1415.740093	
8.100000	0.905433	0.807484	4.577997	29.471804	0.175926	-1415.774339	0.000000
8.101000	0.913889	0.807484	4.578863	29.473919	0.347261	-1415.807573	
8.102000	0.867379	0.872253	4.580234	29.476023	0.210972	-1415.839959	
8.103000	0.702479	0.734620	4.581519	29.478238	0.246017	-1415.871668	
8.104000	0.956171	0.880349	4.582364	29.480817	0.261593	-1415.902850	
8.105000	0.913889	1.001790	4.582581	29.483837	0.253805	-1415.933612	
8.106000	0.816641	1.123232	4.582133	29.487127	0.355048	-1415.964013	
8.107000	0.842010	0.807484	4.580942	29.490509	0.343367	-1415.994062	
8.108000	0.973084	0.880349	4.578861	29.493986	0.160350	-1416.023708	
8.109000	1.002682	0.613178	4.575996	29.497631	0.218760	-1416.052837	
8.110000	0.829325	0.985598	4.572786	29.501436	0.226548	-1416.081292	
8.111000	0.774359	0.807484	4.569867	29.505363	0.152562	-1416.108900	
8.112000	0.795500	0.993694	4.567899	29.509356	0.074683	-1416.135504	
8.113000	0.930802	0.880349	4.567217	29.513298	0.308321	-1416.160980	
8.114000	0.816641	0.888445	4.567749	29.517103	0.187608	-1416.185244	
8.115000	0.799728	0.969406	4.569337	29.520857	0.331685	-1416.208256	
8.116000	0.884292	0.847965	4.571822	29.524793	0.265487	-1416.230036	
8.117000	0.825097	0.758908	4.574840	29.529008	0.308321	-1416.250676	
8.118000	0.774359	1.001790	4.577921	29.533353	0.331685	-1416.270322	
8.119000	0.858923	0.807484	4.580660	29.537672	0.199290	-1416.289149	
8.120000	0.922346	0.904637	4.582658	29.542008	0.121410	-1416.307332	
8.121000	0.939259	0.904637	4.583466	29.546477	0.246017	-1416.325012	
8.122000	0.732077	1.228481	4.582670	29.551064	0.327791	-1416.342276	
8.123000	0.723620	0.937022	4.580028	29.555665	0.358942	-1416.359164	
8.124000	0.854694	0.807484	4.575694	29.560156	0.090259	-1416.375669	
8.125000	1.028051	0.783196	4.570319	29.564412	0.339473	-1416.391724	
8.126000	0.901205	0.742716	4.564801	29.568347	0.242123	-1416.407204	
8.127000	0.888520	0.977502	4.560152	29.571999	0.230441	-1416.421947	
8.128000	0.943487	0.847965	4.557303	29.575569	0.191502	-1416.435784	
8.129000	0.888520	0.928926	4.556609	29.579168	0.175926	-1416.448567	
8.130000	0.778587	1.017982	4.557909	29.582667	0.226548	-1416.460189	
8.131000	0.850466	0.653659	4.561009	29.585936	0.203184	-1416.470591	
8.132000	0.985769	0.669851	4.565855	29.589062	0.078577	-1416.479768	
8.133000	0.989997	0.856061	4.572512	29.592214	0.327791	-1416.487777	
8.134000	0.871607	0.920829	4.580692	29.595388	0.366730	-1416.494739	
8.135000	0.816641	1.050367	4.589464	29.598440	0.304427	-1416.500815	
8.136000	0.854694	0.847965	4.597931	29.601208	0.094153	-1416.506188	
8.137000	0.871607	0.888445	4.605767	29.603582	0.199290	-1416.511036	
8.138000	0.795500	0.758908	4.612810	29.605492	0.253805	-1416.515489	
8.139000	0.753218	0.969406	4.618494	29.606962	0.347261	-1416.519619	
8.140000	0.867379	0.839869	4.621972	29.608179	0.148668	-1416.523445	
8.141000	0.829325	0.953214	4.622846	29.609271	0.281063	-1416.526934	
8.142000	0.918118	0.702235	4.621551	29.610126	0.269381	-1416.529993	
8.143000	0.850466	0.839869	4.618981	29.610634	0.234335	-1416.532479	
8.144000	0.922346	0.864157	4.615910	29.610932	0.105834	-1416.534228	
8.145000	0.926574	0.710331	4.612581	29.611244	0.179820	-1416.535074	
8.146000	0.909661	0.839869	4.608847	29.611587	0.320003	-1416.534878	
8.147000	0.896977	1.171808	4.604699	29.611789	0.214866	-1416.533549	
8.148000	0.926574	0.758908	4.600546	29.611668	0.039637	-1416.531048	
8.149000	0.896977	0.847965	4.597158	29.611127	0.253805	-1416.527396	
8.150000	0.964628	0.702235	4.595286	29.610121	0.164244	-1416.522680	
8.151000	0.850466	0.896541	4.595101	29.608673	0.144774	-1416.517038	
8.152000	0.816641	0.718427	4.596135	29.606973	0.136986	-1416.510642	
8.153000	0.867379	0.847965	4.597788	29.605165	0.277169	-1416.503678	
8.154000	0.875836	0.880349	4.599893	29.603156	0.273275	-1416.496311	
8.155000	0.770130	0.977502	4.602737	29.600858	0.222654	-1416.488651	
8.156000	0.778587	0.920829	4.606396	29.598442	0.183714	-1416.480756	
8.157000	0.922346	0.758908	4.610552	29.596178	0.382306	-1416.472629	
8.158000	0.812412	0.823676	4.614892	29.594102	0.405670	-1416.464209	
8.159000	0.880064	0.758908	4.619147	29.592035	0.378412	-1416.455377	
8.160000	0.901205	0.839869	4.623083	29.589783	0.152562	-1416.445978	
8.161000	0.977312	0.839869	4.626650	29.587262	0.288851	-1416.435845	
8.162000	0.880064	0.945118	4.630058	29.584443	0.390094	-1416.424816	
8.163000	0.833553	0.945118	4.633649	29.581342	0.347261	-1416.412763	
8.164000	0.681338	0.920829	4.637765	29.578124	0.172032	-1416.399605	
8.165000	0.909661	0.605082	4.642599	29.574918	0.191502	-1416.385317	
8.166000	0.926574	0.742716	4.647533	29.571630	0.417352	-1416.369937	
8.167000	0.930802	0.596986	4.651419	29.568175	0.242123	-1416.353572	
8.168000	0.744761	0.847965	4.653575	29.564739	0.175926	-1416.336377	
8.169000	1.028051	0.742716	4.653760	29.561609	0.129198	-1416.318538	
8.170000	0.820869	0.815580	4.651992	29.558840	0.300533	-1416.300238	
8.171000	0.867379	0.904637	4.648641	29.556250	0.207078	-1416.281626	
8.172000	0.846238	0.799388	4.644520	29.553648	0.175926	-1416.262802	
8.173000	0.951943	0.856061	4.640583	29.550973	0.140880	-1416.243817	
8.174000	0.892748	0.694139	4.637056	29.548224	0.397882	-1416.224668	
8.175000	0.867379	1.009886	4.633542	29.545416	0.320003	-1416.205277	
8.176000	0.626372	0.847965	4.629879	29.542680	0.253805	-1416.185513	
8.177000	0.833553	0.864157	4.626194	29.540116	0.265487	-1416.165212	
8.178000	0.829325	0.839869	4.622625	29.537629	0.382306	-1416.144207	
8.179000	0.871607	0.694139	4.619197	29.535139	0.257699	-1416.122340	
8.180000	0.643284	1.268961	4.615791	29.532819	0.265487	-1416.099492	
8.181000	1.006910	0.823676	4.612454	29.530958	0.230441	-1416.075593	
8.182000	0.803956	0.880349	4.609670	29.529622	0.401776	-1416.050629	
8.183000	0.901205	1.090847	4.608078	29.528626	0.269381	-1416.024659	
8.184000	0.884292	0.775100	4.607855	29.527778	0.261593	-1415.997811	
8.185000	1.028051	0.734620	4.608497	29.527035	0.117516	-1415.970262	
8.186000	0.909661	0.758908	4.609348	29.526420	0.296639	-1415.942206	
8.187000	0.858923	1.017982	4.610133	29.525935	0.292745	-1415.913820	
8.188000	0.689795	0.815580	4.610852	29.525647	0.253805	-1415.885237	
8.189000	0.812412	0.799388	4.611532	29.525596	0.160350	-1415.856548	
8.190000	0.905433	0.888445	4.612321	29.525679	0.109728	-1415.827793	
8.191000	0.867379	0.807484	4.613431	29.525812	0.168138	-1415.798946	
8.192000	0.770130	0.847965	4.614792	29.526127	0.284957	-1415.769916	
8.193000	0.973084	0.856061	4.616142	29.526883	0.300533	-1415.740557	
8.194000	0.829325	0.775100	4.617273	29.528153	0.347261	-1415.710703	
8.195000	0.782815	1.155616	4.618014	29.529767	0.304427	-1415.680182	
8.196000	0.833553	0.799388	4.618349	29.531548	0.273275	-1415.648848	
8.197000	0.808184	0.839869	4.618402	29.533484	0.316109	-1415.616606	
8.198000	0.968856	0.710331	4.618481	29.535632	0.339473	-1415.583407	
8.199000	0.842010	1.098943	4.619153	29.537969	0.234335	-1415.549254	
8.200000	0.774359	0.661755	4.620744	29.540457	0.464080	-1415.514221	0.000000
8.201000	0.803956	0.888445	4.622840	29.543037	0.109728	-1415.478451	
8.202000	0.913889	0.799388	4.624441	29.545585	0.288851	-1415.442129	
8.203000	0.854694	0.945118	4.624466	29.548013	0.210972	-1415.405443	
8.204000	0.761674	0.920829	4.622300	29.550411	0.296639	-1415.368557	
8.205000	0.926574	1.001790	4.617975	29.553014	0.296639	-1415.331592	
8.206000	0.922346	0.864157	4.611606	29.555908	0.269381	-1415.294620	
8.207000	0.867379	0.896541	4.602691	29.558938	0.347261	-1415.257658	
8.208000	0.918118	0.718427	4.590880	29.561945	0.226548	-1415.220663	
8.209000	0.951943	0.767004	4.577183	29.564964	0.090259	-1415.183538	
8.210000	0.964628	0.799388	4.563412	29.568104	0.281063	-1415.146140	
8.211000	0.842010	1.058463	4.551127	29.571349	0.292745	-1415.108303	
8.212000	0.808184	0.937022	4.541538	29.574595	0.234335	-1415.069863	
8.213000	0.791271	0.937022	4.535604	29.577718	0.172032	-1415.030696	
8.214000	0.888520	0.775100	4.533506	29.580596	0.226548	-1414.990724	
8.215000	0.892748	0.839869	4.534811	29.583150	0.207078	-1414.949916	
8.216000	0.787043	0.815580	4.539508	29.585427	0.343367	-1414.908294	
8.217000	0.875836	0.815580	4.547503	29.587627	0.339473	-1414.865950	
8.218000	0.888520	0.896541	4.557642	29.589853	0.281063	-1414.823035	
8.219000	0.854694	1.001790	4.568480	29.591968	0.417352	-1414.779733	
8.220000	0.884292	0.767004	4.579171	29.593836	0.242123	-1414.736225	
8.221000	0.896977	0.775100	4.589357	29.595533	0.063001	-1414.692663	
8.222000	0.964628	0.864157	4.598740	29.597218	0.308321	-1414.649153	
8.223000	0.922346	0.847965	4.606638	29.598882	0.436822	-1414.605747	
8.224000	0.837782	0.775100	4.611935	29.600386	0.370624	-1414.562445	
8.225000	0.829325	0.734620	4.614023	29.601577	0.078577	-1414.519185	
8.226000	0.943487	0.864157	4.613379	29.602340	0.300533	-1414.475854	
8.227000	0.989997	0.807484	4.610931	29.602603	0.257699	-1414.432300	
8.228000	0.820869	0.912733	4.607450	29.602394	0.242123	-1414.388354	
8.229000	0.854694	0.767004	4.603399	29.601907	0.179820	-1414.343861	
8.230000	0.791271	0.961310	4.599160	29.601271	0.242123	-1414.298708	
8.231000	0.943487	0.888445	4.595478	29.600375	0.253805	-1414.252831	
8.232000	0.829325	0.969406	4.593313	29.599107	0.257699	-1414.206218	
8.233000	0.867379	0.896541	4.593185	29.597595	0.074683	-1414.158923	
8.234000	0.913889	0.896541	4.594830	29.596054	0.288851	-1414.111064	
8.235000	0.871607	0.912733	4.597443	29.594498	0.257699	-1414.062804	
8.236000	0.774359	0.904637	4.600272	29.592766	0.401776	-1414.014324	
8.237000	0.846238	0.831773	4.602932	29.590685	0.105834	-1413.965806	
8.238000	0.880064	0.904637	4.605144	29.588151	0.284957	-1413.917390	
8.239000	0.926574	0.823676	4.606550	29.585109	0.425140	-1413.869161	
8.240000	0.820869	0.945118	4.606905	29.581574	0.343367	-1413.821146	
8.241000	0.803956	0.815580	4.606064	29.577736	0.292745	-1413.773319	
8.242000	0.884292	0.799388	4.604103	29.573734	0.281063	-1413.725597	
8.243000	0.913889	0.750812	4.601631	29.569470	0.292745	-1413.677848	
8.244000	0.896977	0.718427	4.599420	29.564851	0.242123	-1413.629914	
8.245000	0.829325	0.734620	4.597764	29.560040	0.234335	-1413.581633	
8.246000	0.964628	0.864157	4.596497	29.555298	0.152562	-1413.532866	
8.247000	0.846238	0.985598	4.595495	29.550657	0.156456	-1413.483520	
8.248000	0.795500	0.791292	4.594979	29.545941	0.172032	-1413.433547	
8.249000	0.884292	0.710331	4.595481	29.540960	-0.018773	-1413.382962	
8.250000	0.973084	0.629370	4.597384	29.535632	0.207078	-1413.331850	
8.251000	0.918118	0.799388	4.600423	29.529927	0.281063	-1413.280354	
8.252000	0.896977	0.880349	4.603822	29.523869	0.265487	-1413.228646	
8.253000	0.651741	0.969406	4.606760	29.517631	0.288851	-1413.176902	
8.254000	0.867379	0.856061	4.608711	29.511352	0.296639	-1413.125285	
8.255000	0.884292	0.953214	4.609559	29.504941	0.378412	-1413.073912	
8.256000	0.799728	0.637467	4.609501	29.498318	0.191502	-1413.022846	
8.257000	0.630600	0.621274	4.608720	29.491668	0.312215	-1412.972097	
8.258000	1.002682	0.653659	4.607203	29.485271	0.300533	-1412.921612	
8.259000	0.816641	0.912733	4.605084	29.479173	0.506913	-1412.871277	
8.260000	0.880064	0.896541	4.602835	29.473190	0.358942	-1412.820941	
8.261000	0.837782	0.831773	4.600911	29.467132	0.183714	-1412.770436	
8.262000	0.968856	0.896541	4.599629	29.460934	0.172032	-1412.719607	
8.263000	0.875836	0.758908	4.599330	29.454587	0.265487	-1412.668329	
8.264000	0.867379	0.880349	4.600222	29.448105	0.331685	-1412.616522	
8.265000	0.719392	1.009886	4.602402	29.441624	0.281063	-1412.564151	
8.266000	0.947715	0.726523	4.606031	29.435254	0.140880	-1412.511246	
8.267000	0.901205	1.058463	4.610970	29.428903	0.257699	-1412.457909	
8.268000	0.909661	0.726523	4.616555	29.422498	0.183714	-1412.404294	
8.269000	0.677110	0.896541	4.621902	29.416224	0.195396	-1412.350579	
8.270000	1.019594	0.718427	4.626241	29.410381	0.203184	-1412.296946	
8.271000	0.820869	0.791292	4.629098	29.405041	0.343367	-1412.243543	
8.272000	0.846238	0.993694	4.630264	29.400029	0.261593	-1412.190468	
8.273000	0.782815	1.155616	4.629418	29.395155	0.234335	-1412.137768	
8.274000	0.998453	0.880349	4.626132	29.390379	0.195396	-1412.085441	
8.275000	0.850466	0.864157	4.620521	29.385723	0.265487	-1412.033420	
8.276000	0.816641	1.026079	4.613482	29.381191	0.409564	-1411.981573	
8.277000	0.668654	0.847965	4.606238	29.376842	0.409564	-1411.929740	
8.278000	0.901205	0.847965	4.599780	29.372705	0.253805	-1411.877753	
8.279000	0.875836	0.645563	4.594605	29.368674	0.386200	-1411.825460	
8.280000	0.892748	0.872253	4.590802	29.364666	0.253805	-1411.772744	
8.281000	0.744761	0.799388	4.588135	29.360829	0.331685	-1411.719532	
8.282000	0.968856	0.807484	4.586208	29.357435	0.323897	-1411.665807	
8.283000	0.880064	0.613178	4.584555	29.354557	0.304427	-1411.611620	
8.284000	0.880064	0.847965	4.582863	29.352022	0.160350	-1411.557096	
8.285000	0.943487	0.669851	4.581176	29.349651	0.156456	-1411.502403	
8.286000	1.006910	0.839869	4.579563	29.347431	0.164244	-1411.447728	
8.287000	0.918118	0.677947	4.577919	29.345423	0.214866	-1411.393252	
8.288000	0.808184	1.034175	4.576101	29.343624	0.335579	-1411.339112	
8.289000	0.744761	0.799388	4.574366	29.342035	0.277169	-1411.285393	
8.290000	0.837782	0.856061	4.573661	29.340634	-0.018773	-1411.232133	
8.291000	1.011138	0.710331	4.574728	29.339305	0.429034	-1411.179314	
8.292000	0.816641	0.783196	4.577287	29.337965	0.238229	-1411.126850	
8.293000	0.723620	0.823676	4.580672	29.336712	0.300533	-1411.074597	
8.294000	0.935030	0.896541	4.584493	29.335786	0.300533	-1411.022383	
8.295000	0.808184	0.847965	4.588538	29.335275	0.386200	-1410.970036	
8.296000	0.727848	1.139424	4.592578	29.335026	0.401776	-1410.917407	
8.297000	0.846238	0.912733	4.596401	29.334875	0.253805	-1410.864394	
8.298000	0.905433	1.042271	4.599930	29.334847	0.105834	-1410.810945	
8.299000	0.989997	0.799388	4.603178	29.335040	0.269381	-1410.757060	
8.300000	0.778587	1.034175	4.606109	29.335444	0.312215	-1410.702805	1.000000
8.301000	0.820869	0.864157	4.608553	29.335978	0.222654	-1410.648312	
8.302000	0.837782	0.823676	4.610162	29.336541	0.074683	-1410.593755	
8.303000	0.964628	0.775100	4.610542	29.337012	0.214866	-1410.539326	
8.304000	0.867379	1.001790	4.609398	29.337304	0.273275	-1410.485196	
8.305000	0.842010	0.710331	4.606852	29.337472	0.234335	-1410.431484	
8.306000	0.918118	0.710331	4.603720	29.337723	0.164244	-1410.378258	
8.307000	0.858923	0.443161	4.600971	29.338159	0.195396	-1410.325536	
8.308000	0.901205	0.961310	4.599068	29.338644	0.355048	-1410.273273	
8.309000	0.930802	0.896541	4.598002	29.339043	0.117516	-1410.221365	
8.310000	0.956171	0.888445	4.597615	29.339426	0.063001	-1410.169666	
8.311000	0.989997	0.912733	4.597789	29.339942	0.288851	-1410.118008	
8.312000	0.787043	1.026079	4.598416	29.340589	0.269381	-1410.066222	
8.313000	0.799728	0.985598	4.599375	29.341244	0.316109	-1410.014172	
8.314000	0.803956	0.677947	4.600430	29.341770	0.172032	-1409.961770	
8.315000	0.943487	0.767004	4.601412	29.342050	0.366730	-1409.908981	
8.316000	0.871607	0.823676	4.602757	29.342006	0.261593	-1409.855822	
8.317000	0.884292	1.009886	4.605008	29.341669	0.304427	-1409.802375	
8.318000	0.951943	0.839869	4.607967	29.341236	0.253805	-1409.748783	
8.319000	0.863151	0.831773	4.610963	29.340830	0.242123	-1409.695223	
8.320000	0.871607	0.718427	4.613393	29.340336	0.479655	-1409.641875	
8.321000	0.829325	0.864157	4.614795	29.339629	0.312215	-1409.588890	
8.322000	0.968856	0.694139	4.614816	29.338822	0.086365	-1409.536374	
8.323000	0.901205	1.098943	4.613266	29.338108	0.323897	-1409.484383	
8.324000	0.896977	0.742716	4.610133	29.337493	0.222654	-1409.432916	
8.325000	0.867379	0.928926	4.605711	29.336818	0.242123	-1409.381907	
8.326000	0.930802	0.726523	4.600713	29.335912	0.012379	-1409.331240	
8.327000	0.892748	0.872253	4.595928	29.334672	0.183714	-1409.280766	
8.328000	0.909661	0.767004	4.591869	29.333046	0.179820	-1409.230322	
8.329000	0.782815	0.969406	4.588816	29.331059	0.362836	-1409.179749	
8.330000	0.816641	0.912733	4.587007	29.328900	0.393988	-1409.128925	
8.331000	0.816641	0.961310	4.586773	29.326708	0.148668	-1409.077778	
8.332000	0.884292	0.742716	4.588395	29.324381	0.288851	-1409.026285	
8.333000	0.803956	0.791292	4.591720	29.321824	0.242123	-1408.974483	
8.334000	0.778587	0.621274	4.596147	29.319193	0.140880	-1408.922480	
8.335000	0.875836	0.831773	4.600946	29.316740	0.218760	-1408.870428	
8.336000	0.850466	0.888445	4.605430	29.314486	0.397882	-1408.818501	
8.337000	0.829325	1.009886	4.609080	29.312251	0.331685	-1408.766867	
8.338000	0.875836	0.872253	4.611702	29.309842	0.164244	-1408.715660	
8.339000	0.918118	0.912733	4.613394	29.307167	0.261593	-1408.664968	
8.340000	0.820869	0.775100	4.614402	29.304185	0.207078	-1408.614827	
8.341000	0.905433	0.783196	4.614938	29.300912	0.218760	-1408.565215	
8.342000	0.778587	0.637467	4.615055	29.297516	0.277169	-1408.516047	
8.343000	0.918118	0.726523	4.614810	29.294128	0.098047	-1408.467193	
8.344000	0.930802	0.985598	4.614400	29.290654	0.261593	-1408.418491	
8.345000	0.922346	0.791292	4.614058	29.287006	0.136986	-1408.369778	
8.346000	0.715164	0.928926	4.613933	29.283368	0.136986	-1408.320908	
8.347000	1.032279	0.702235	4.614092	29.280033	0.269381	-1408.271779	
8.348000	0.833553	0.847965	4.614839	29.277054	0.323897	-1408.222333	
8.349000	0.892748	0.815580	4.616582	29.274251	0.242123	-1408.172569	
8.350000	0.947715	0.815580	4.619242	29.271434	0.168138	-1408.122552	
8.351000	0.977312	0.767004	4.622322	29.268535	0.214866	-1408.072415	
8.352000	0.854694	0.912733	4.625291	29.265547	0.331685	-1408.022322	
8.353000	0.892748	0.977502	4.627730	29.262485	0.339473	-1407.972441	
8.354000	0.554492	0.880349	4.629320	29.259491	0.207078	-1407.922926	
8.355000	0.782815	0.686043	4.630053	29.256671	0.261593	-1407.873892	
8.356000	0.812412	0.985598	4.630456	29.253930	0.284957	-1407.825405	
8.357000	0.947715	0.661755	4.630941	29.251184	0.312215	-1407.777479	
8.358000	0.609459	0.904637	4.631252	29.248609	0.320003	-1407.730064	
8.359000	1.061876	0.726523	4.631067	29.246493	0.269381	-1407.683048	
8.360000	0.846238	0.912733	4.630498	29.244896	0.125304	-1407.636282	
8.361000	0.858923	0.969406	4.629764	29.243632	0.351155	-1407.589595	
8.362000	0.829325	0.710331	4.628919	29.242506	0.136986	-1407.542825	
8.363000	0.973084	0.767004	4.628008	29.241468	0.133092	-1407.495845	
8.364000	0.833553	0.864157	4.627127	29.240529	0.230441	-1407.448572	
8.365000	0.905433	0.961310	4.626401	29.239688	0.148668	-1407.400968	
8.366000	0.643284	0.920829	4.626065	29.239008	0.117516	-1407.353050	
8.367000	0.799728	0.856061	4.626171	29.238529	0.175926	-1407.304912	
8.368000	0.909661	0.783196	4.626322	29.238146	0.187608	-1407.256707	
8.369000	0.909661	0.783196	4.626018	29.237778	0.031849	-1407.208612	
8.370000	0.685566	0.888445	4.624954	29.237577	0.300533	-1407.160796	
8.371000	0.926574	0.896541	4.622991	29.237823	0.316109	-1407.113403	
8.372000	0.875836	0.945118	4.620009	29.238591	0.343367	-1407.066525	
8.373000	0.808184	1.179904	4.615859	29.239707	0.347261	-1407.020207	
8.374000	0.812412	0.758908	4.610579	29.240988	0.183714	-1406.974438	
8.375000	0.888520	0.864157	4.604522	29.242419	0.148668	-1406.929145	
8.376000	0.922346	0.750812	4.598201	29.244053	0.187608	-1406.884196	
8.377000	0.880064	1.090847	4.592193	29.245876	0.386200	-1406.839422	
8.378000	0.732077	0.815580	4.586978	29.247878	0.152562	-1406.794646	
8.379000	0.787043	0.937022	4.582812	29.250024	0.160350	-1406.749707	
8.380000	0.901205	0.742716	4.579861	29.252197	0.312215	-1406.704491	
8.381000	0.858923	0.807484	4.578060	29.254304	0.277169	-1406.658929	
8.382000	0.820869	0.815580	4.577136	29.256427	0.284957	-1406.612999	
8.383000	1.002682	0.621274	4.577114	29.258784	0.226548	-1406.566747	
8.384000	0.880064	0.669851	4.578041	29.261457	0.246017	-1406.520287	
8.385000	0.863151	1.131328	4.579538	29.264290	0.222654	-1406.473783	
8.386000	0.875836	0.783196	4.581204	29.267127	0.195396	-1406.427417	
8.387000	0.926574	0.928926	4.582980	29.269998	0.199290	-1406.381367	
8.388000	0.964628	0.928926	4.584888	29.273005	0.277169	-1406.335769	
8.389000	0.774359	1.204192	4.586701	29.276139	0.386200	-1406.290700	
8.390000	0.782815	0.937022	4.588265	29.279323	0.304427	-1406.246186	
8.391000	0.842010	0.807484	4.589851	29.282462	0.195396	-1406.202200	
8.392000	0.888520	0.831773	4.591631	29.285441	0.234335	-1406.158655	
8.393000	0.833553	0.920829	4.593419	29.288179	0.246017	-1406.115408	
8.394000	0.765902	0.985598	4.594992	29.290737	0.355048	-1406.072282	
8.395000	0.863151	0.904637	4.595971	29.293325	0.312215	-1406.029097	
8.396000	0.871607	0.977502	4.595826	29.296047	0.335579	-1405.985699	
8.397000	0.892748	1.147520	4.594387	29.298766	0.448504	-1405.941979	
8.398000	0.833553	0.758908	4.591917	29.301336	0.288851	-1405.897879	
8.399000	0.901205	0.807484	4.588875	29.303822	0.066895	-1405.853399	
8.400000	0.998453	0.839869	4.585720	29.306368	0.246017	-1405.808610	1.000000
8.401000	0.858923	0.985598	4.582670	29.308962	0.355048	-1405.763637	
8.402000	0.846238	0.904637	4.579663	29.311472	0.273275	-1405.718624	
8.403000	0.833553	0.815580	4.576544	29.313754	-0.003197	-1405.673714	
8.404000	0.939259	0.847965	4.573127	29.315694	0.300533	-1405.629035	
8.405000	0.913889	0.718427	4.568840	29.317221	0.284957	-1405.584668	
8.406000	0.837782	0.945118	4.562864	29.318372	0.320003	-1405.540639	
8.407000	0.880064	0.661755	4.555322	29.319354	0.257699	-1405.496922	
8.408000	0.858923	0.920829	4.547515	29.320298	0.203184	-1405.453431	
8.409000	0.892748	0.815580	4.540641	29.321092	0.397882	-1405.410024	
8.410000	0.854694	0.856061	4.535198	29.321622	0.269381	-1405.366513	
8.411000	0.867379	0.767004	4.531322	29.322009	0.074683	-1405.322687	
8.412000	0.892748	0.961310	4.528959	29.322457	0.358942	-1405.278337	
8.413000	0.816641	0.783196	4.527938	29.322981	0.312215	-1405.233283	
8.414000	0.727848	0.993694	4.527938	29.323424	0.475762	-1405.187393	
8.415000	0.930802	0.815580	4.528501	29.323616	0.121410	-1405.140589	
8.416000	0.939259	0.888445	4.529543	29.323450	0.405670	-1405.092857	
8.417000	0.968856	0.718427	4.531420	29.322867	0.246017	-1405.044249	
8.418000	0.791271	0.945118	4.534134	29.321884	0.347261	-1404.994876	
8.419000	0.799728	0.807484	4.537142	29.320682	0.172032	-1404.944880	
8.420000	0.795500	0.961310	4.540038	29.319395	0.179820	-1404.894412	
8.421000	0.926574	0.904637	4.542900	29.317915	0.351155	-1404.843599	
8.422000	0.812412	0.718427	4.546077	29.316142	0.296639	-1404.792518	
8.423000	0.905433	0.961310	4.549958	29.314227	0.218760	-1404.741193	
8.424000	1.032279	0.815580	4.554687	29.312419	0.296639	-1404.689599	
8.425000	0.964628	0.742716	4.560086	29.310745	0.366730	-1404.637639	
8.426000	0.820869	0.839869	4.565810	29.309030	0.323897	-1404.585160	
8.427000	0.888520	0.742716	4.571330	29.307090	0.172032	-1404.531977	
8.428000	0.918118	0.815580	4.576141	29.304839	0.175926	-1404.477897	
8.429000	0.909661	0.791292	4.580213	29.302240	0.187608	-1404.422735	
8.430000	0.803956	0.985598	4.584009	29.299317	0.331685	-1404.366337	
8.431000	0.719392	0.945118	4.588081	29.296246	0.308321	-1404.308600	
8.432000	0.901205	0.839869	4.592642	29.293166	0.187608	-1404.249477	
8.433000	0.892748	0.799388	4.597537	29.289985	0.257699	-1404.188992	
8.434000	0.837782	0.653659	4.602337	29.286620	0.249911	-1404.127232	
8.435000	0.681338	0.904637	4.606371	29.283255	0.292745	-1404.064332	
8.436000	0.964628	0.807484	4.609048	29.280171	0.327791	-1404.000450	
8.437000	0.816641	0.985598	4.610215	29.277414	0.308321	-1403.935734	
8.438000	0.842010	0.896541	4.610156	29.274796	0.355048	-1403.870298	
8.439000	0.833553	0.945118	4.609175	29.272122	0.059107	-1403.804212	
8.440000	0.930802	0.532217	4.607276	29.269318	0.222654	-1403.737502	
8.441000	0.930802	0.686043	4.604519	29.266367	0.300533	-1403.670147	
8.442000	0.880064	0.791292	4.601273	29.263283	0.432928	-1403.602051	
8.443000	0.664425	0.937022	4.598074	29.260203	0.214866	-1403.533068	
8.444000	0.909661	0.702235	4.595577	29.257234	0.218760	-1403.463024	
8.445000	0.867379	0.945118	4.594219	29.254280	0.214866	-1403.391745	
8.446000	0.913889	0.694139	4.593974	29.251261	0.055213	-1403.319072	
8.447000	0.647513	0.791292	4.594796	29.248363	0.078577	-1403.244891	
8.448000	0.951943	0.629370	4.596879	29.245881	0.222654	-1403.169136	
8.449000	0.842010	0.815580	4.600281	29.243879	0.304427	-1403.091796	
8.450000	0.829325	0.896541	4.604791	29.242177	0.230441	-1403.012934	
8.451000	0.837782	0.831773	4.610005	29.240589	0.226548	-1402.932675	
8.452000	0.926574	0.904637	4.615297	29.239069	0.214866	-1402.851185	
8.453000	0.837782	0.823676	4.620027	29.237636	0.144774	-1402.768639	
8.454000	0.829325	0.953214	4.623737	29.236292	0.105834	-1402.685187	
8.455000	0.571405	0.799388	4.626044	29.235115	0.281063	-1402.600938	
8.456000	0.896977	0.839869	4.626567	29.234153	0.218760	-1402.515955	
8.457000	0.892748	0.847965	4.624942	29.233299	0.417352	-1402.430251	
8.458000	0.935030	0.856061	4.621099	29.232465	0.249911	-1402.343778	
8.459000	0.694023	0.880349	4.615696	29.231793	0.304427	-1402.256426	
8.460000	0.977312	0.710331	4.609953	29.231555	0.257699	-1402.168042	
8.461000	0.816641	0.864157	4.604970	29.231824	0.370624	-1402.078456	
8.462000	0.867379	1.001790	4.601377	29.232422	0.343367	-1401.987503	
8.463000	0.880064	0.653659	4.599397	29.233165	0.160350	-1401.895053	
8.464000	0.964628	1.034175	4.599139	29.234035	0.094153	-1401.801027	
8.465000	1.002682	0.605082	4.601016	29.235089	0.199290	-1401.705395	
8.466000	0.901205	1.026079	4.605432	29.236320	0.323897	-1401.608179	
8.467000	0.655969	0.637467	4.612011	29.237724	0.331685	-1401.509476	
8.468000	0.829325	0.791292	4.619671	29.239272	0.113622	-1401.409447	
8.469000	0.901205	0.815580	4.627177	29.240848	0.242123	-1401.308280	
8.470000	0.816641	0.920829	4.633461	29.242368	0.133092	-1401.206162	
8.471000	0.795500	0.864157	4.637968	29.243935	0.203184	-1401.103245	
8.472000	0.837782	0.839869	4.640684	29.245788	0.218760	-1400.999633	
8.473000	0.935030	0.831773	4.641612	29.248011	0.210972	-1400.895381	
8.474000	0.837782	1.026079	4.640668	29.250442	0.304427	-1400.790493	
8.475000	0.765902	0.661755	4.638072	29.252920	0.246017	-1400.684910	
8.476000	0.850466	0.945118	4.634346	29.255470	0.187608	-1400.578516	
8.477000	0.960400	0.791292	4.630000	29.258191	0.327791	-1400.471162	
8.478000	0.791271	1.139424	4.625170	29.261063	0.335579	-1400.362680	
8.479000	0.803956	0.985598	4.619718	29.264001	0.331685	-1400.252915	
8.480000	0.787043	1.017982	4.613912	29.266899	0.031849	-1400.141758	
8.481000	0.960400	0.791292	4.608108	29.269635	0.296639	-1400.029153	
8.482000	0.913889	0.580794	4.602055	29.272124	0.327791	-1399.915096	
8.483000	0.880064	0.791292	4.595732	29.274419	0.296639	-1399.799644	
8.484000	0.935030	0.961310	4.589699	29.276727	0.374518	-1399.682923	
8.485000	0.884292	0.920829	4.584176	29.279144	0.331685	-1399.565108	
8.486000	0.875836	1.050367	4.578995	29.281533	0.246017	-1399.446397	
8.487000	0.905433	0.961310	4.574163	29.283753	0.156456	-1399.326979	
8.488000	0.913889	0.847965	4.569919	29.285879	-0.010985	-1399.207012	
8.489000	0.981541	0.912733	4.566502	29.288065	0.292745	-1399.086599	
8.490000	0.850466	0.880349	4.564016	29.290313	0.393988	-1398.965793	
8.491000	0.854694	0.856061	4.562413	29.292501	0.175926	-1398.844588	
8.492000	0.960400	0.920829	4.561515	29.294494	0.133092	-1398.722919	
8.493000	0.896977	0.872253	4.561239	29.296185	0.316109	-1398.600670	
8.494000	0.850466	0.880349	4.561750	29.297505	0.218760	-1398.477691	
8.495000	0.753218	1.017982	4.563196	29.298487	0.257699	-1398.353819	
8.496000	0.808184	0.839869	4.565564	29.299324	0.339473	-1398.228909	
8.497000	0.808184	0.864157	4.569095	29.300139	0.335579	-1398.102864	
8.498000	0.892748	0.815580	4.574513	29.300813	0.296639	-1397.975637	
8.499000	0.850466	0.896541	4.582057	29.301228	0.331685	-1397.847236	
8.500000	0.833553	0.767004	4.590856	29.301500	0.191502	-1397.717744	1.000000
8.501000	0.871607	0.937022	4.599679	29.301836	0.304427	-1397.587308	
8.502000	0.850466	0.864157	4.607519	29.302244	0.358942	-1397.456111	
8.503000	0.791271	0.904637	4.613653	29.302564	0.327791	-1397.324354	
8.504000	0.896977	0.653659	4.617787	29.302620	0.086365	-1397.192226	
8.505000	0.884292	0.750812	4.620289	29.302305	0.207078	-1397.059877	
8.506000	0.943487	0.750812	4.621789	29.301562	0.238229	-1396.927403	
8.507000	0.803956	1.009886	4.622153	29.300409	0.265487	-1396.794842	
8.508000	0.896977	0.783196	4.620688	29.299034	0.292745	-1396.662179	
8.509000	0.867379	0.928926	4.617322	29.297577	0.269381	-1396.529336	
8.510000	0.935030	0.815580	4.612736	29.295939	0.288851	-1396.396194	
8.511000	0.799728	0.742716	4.607760	29.294025	0.281063	-1396.262602	
8.512000	0.842010	0.799388	4.603022	29.291997	0.117516	-1396.128410	
8.513000	0.880064	0.880349	4.598896	29.290111	0.249911	-1395.993496	
8.514000	0.981541	0.953214	4.595555	29.288401	0.284957	-1395.857780	
8.515000	0.799728	1.082751	4.593028	29.286691	0.265487	-1395.721232	
8.516000	0.892748	0.686043	4.591298	29.284797	0.269381	-1395.583883	
8.517000	0.825097	0.791292	4.590345	29.282636	0.386200	-1395.445841	
8.518000	0.880064	0.864157	4.590015	29.280175	0.304427	-1395.307265	
8.519000	0.812412	0.961310	4.590045	29.277431	0.432928	-1395.168341	
8.520000	0.715164	0.904637	4.590312	29.274573	0.277169	-1395.029259	
8.521000	0.842010	0.920829	4.590781	29.271731	0.343367	-1394.890188	
8.522000	0.884292	0.912733	4.591581	29.268810	0.195396	-1394.751254	
8.523000	0.930802	0.750812	4.593176	29.265723	0.140880	-1394.612533	
8.524000	0.740533	0.872253	4.595662	29.262651	0.105834	-1394.474048	
8.525000	1.019594	0.847965	4.598426	29.259880	0.284957	-1394.335758	
8.526000	0.867379	0.872253	4.600942	29.257457	0.284957	-1394.197566	
8.527000	0.930802	0.937022	4.603168	29.255199	0.304427	-1394.059339	
8.528000	0.863151	0.961310	4.605171	29.252916	0.210972	-1393.920932	
8.529000	0.973084	0.937022	4.606829	29.250539	0.082471	-1393.782211	
8.530000	0.871607	0.677947	4.607942	29.248057	0.214866	-1393.643075	
8.531000	0.888520	0.904637	4.608263	29.245483	0.187608	-1393.503467	
8.532000	0.685566	0.702235	4.607560	29.242950	0.133092	-1393.363378	
8.533000	0.922346	0.791292	4.606077	29.240561	0.168138	-1393.222868	
8.534000	0.875836	1.042271	4.604354	29.238221	0.413458	-1393.082059	
8.535000	0.871607	0.937022	4.602600	29.235857	0.249911	-1392.941120	
8.536000	0.592546	1.042271	4.600839	29.233655	0.249911	-1392.800235	
8.537000	0.951943	0.888445	4.599156	29.231918	0.214866	-1392.659579	
8.538000	0.732077	0.945118	4.597473	29.230713	0.413458	-1392.519298	
8.539000	0.888520	1.074655	4.595623	29.229857	0.316109	-1392.379489	
8.540000	0.896977	0.694139	4.593749	29.229154	0.320003	-1392.240207	
8.541000	1.049192	0.904637	4.592000	29.228559	0.210972	-1392.101460	
8.542000	0.896977	1.090847	4.590352	29.228091	0.246017	-1391.963190	
8.543000	0.884292	1.066559	4.589076	29.227749	0.284957	-1391.825280	
8.544000	0.655969	0.864157	4.588654	29.227590	0.261593	-1391.687581	
8.545000	0.901205	0.807484	4.589167	29.227642	0.082471	-1391.549942	
8.546000	0.888520	0.864157	4.590160	29.227792	0.374518	-1391.412236	
8.547000	0.930802	0.605082	4.591240	29.227955	0.160350	-1391.274370	
8.548000	0.723620	0.767004	4.592246	29.228273	0.253805	-1391.136296	
8.549000	1.091474	0.807484	4.592873	29.229022	0.207078	-1390.998022	
8.550000	0.833553	0.767004	4.593098	29.230281	0.249911	-1390.859625	
8.551000	0.892748	0.969406	4.593295	29.231881	0.230441	-1390.721249	
8.552000	0.884292	0.742716	4.593543	29.233644	0.195396	-1390.583072	
8.553000	0.951943	0.815580	4.593628	29.235562	0.031849	-1390.445288	
8.554000	0.918118	0.686043	4.593472	29.237696	0.386200	-1390.308070	
8.555000	0.829325	1.082751	4.593246	29.240040	0.390094	-1390.171547	
8.556000	0.753218	0.872253	4.593216	29.242587	0.308321	-1390.035794	
8.557000	0.905433	0.912733	4.593466	29.245307	0.043531	-1389.900844	
8.558000	0.884292	0.742716	4.593766	29.248086	0.343367	-1389.766674	
8.559000	0.854694	1.042271	4.593792	29.250838	0.277169	-1389.633193	
8.560000	0.770130	0.775100	4.593451	29.253649	0.277169	-1389.500261	
8.561000	0.930802	0.823676	4.592944	29.256741	0.261593	-1389.367714	
8.562000	0.825097	0.750812	4.592607	29.260195	0.316109	-1389.235391	
8.563000	0.799728	1.001790	4.592729	29.263852	0.296639	-1389.103162	
8.564000	0.913889	0.977502	4.593357	29.267548	0.269381	-1388.970948	
8.565000	0.892748	0.823676	4.594429	29.271306	0.031849	-1388.838721	
8.566000	1.002682	0.661755	4.596224	29.275224	0.261593	-1388.706508	
8.567000	0.884292	1.090847	4.599001	29.279287	0.374518	-1388.574405	
8.568000	0.875836	0.856061	4.602378	29.283414	0.249911	-1388.442567	
8.569000	0.837782	0.880349	4.605698	29.287507	0.175926	-1388.311183	
8.570000	0.939259	0.904637	4.608551	29.291446	0.249911	-1388.180447	
8.571000	0.812412	0.839869	4.610659	29.295151	0.168138	-1388.050525	
8.572000	0.850466	0.937022	4.611836	29.298675	0.172032	-1387.921528	
8.573000	0.930802	0.686043	4.612342	29.302230	0.133092	-1387.793518	
8.574000	0.909661	0.823676	4.612658	29.305927	0.327791	-1387.666512	
8.575000	0.892748	0.807484	4.612948	29.309637	0.277169	-1387.540458	
8.576000	0.888520	0.831773	4.613146	29.313227	0.308321	-1387.415245	
8.577000	0.892748	0.920829	4.613233	29.316779	0.125304	-1387.290723	
8.578000	0.909661	0.856061	4.613171	29.320454	0.277169	-1387.166726	
8.579000	0.715164	1.001790	4.612658	29.324246	0.261593	-1387.043088	
8.580000	0.837782	0.880349	4.611314	29.328012	0.425140	-1386.919682	
8.581000	0.833553	0.661755	4.609406	29.331591	0.191502	-1386.796434	
8.582000	0.981541	0.775100	4.607915	29.334862	0.382306	-1386.673330	
8.583000	0.842010	0.831773	4.607423	29.337750	0.249911	-1386.550412	
8.584000	0.812412	1.009886	4.607587	29.340291	0.335579	-1386.427789	
8.585000	0.833553	0.734620	4.607719	29.342683	0.300533	-1386.305618	
8.586000	0.820869	0.896541	4.607278	29.345054	0.362836	-1386.184087	
8.587000	0.871607	0.750812	4.606086	29.347288	0.327791	-1386.063381	
8.588000	0.854694	0.758908	4.604297	29.349267	0.121410	-1385.943649	
8.589000	0.943487	0.629370	4.601936	29.351113	0.121410	-1385.824991	
8.590000	1.011138	0.750812	4.599018	29.353033	0.351155	-1385.707458	
8.591000	0.905433	0.783196	4.596190	29.355039	0.316109	-1385.591045	
8.592000	0.812412	0.904637	4.594102	29.356973	0.386200	-1385.475680	
8.593000	0.854694	0.823676	4.592687	29.358669	0.047425	-1385.361238	
8.594000	0.880064	0.920829	4.591651	29.360027	0.284957	-1385.247563	
8.595000	0.892748	0.767004	4.590792	29.360993	0.172032	-1385.134488	
8.596000	0.770130	0.937022	4.589990	29.361586	0.300533	-1385.021856	
8.597000	0.833553	0.799388	4.589168	29.361992	0.281063	-1384.909552	
8.598000	0.791271	0.888445	4.588262	29.362355	0.362836	-1384.797514	
8.599000	0.896977	0.839869	4.587450	29.362582	0.253805	-1384.685734	
8.600000	0.765902	0.937022	4.587149	29.362581	0.265487	-1384.574275	1.000000
8.601000	0.803956	0.807484	4.587551	29.362513	0.195396	-1384.463263	
8.602000	0.880064	0.912733	4.588386	29.362632	0.374518	-1384.352860	
8.603000	0.842010	0.896541	4.589174	29.362963	0.218760	-1384.243244	
8.604000	0.799728	1.026079	4.589553	29.363321	0.351155	-1384.134577	
8.605000	0.918118	0.791292	4.589401	29.363508	0.238229	-1384.026990	
8.606000	0.960400	0.669851	4.588711	29.363435	0.207078	-1383.920566	
8.607000	0.930802	0.758908	4.587219	29.363069	0.214866	-1383.815341	
8.608000	0.863151	0.831773	4.584321	29.362424	0.222654	-1383.711286	
8.609000	0.732077	0.839869	4.579901	29.361674	0.172032	-1383.608304	
8.610000	0.867379	0.823676	4.574812	29.360952	0.183714	-1383.506257	
8.611000	0.884292	0.799388	4.570181	29.360166	0.304427	-1383.404983	
8.612000	0.837782	0.767004	4.566961	29.359235	0.226548	-1383.304314	
8.613000	0.677110	0.847965	4.565854	29.358344	0.222654	-1383.204108	
8.614000	0.964628	0.710331	4.566738	29.357779	0.101940	-1383.104267	
8.615000	0.816641	0.807484	4.568760	29.357588	0.343367	-1383.004742	
8.616000	0.913889	0.847965	4.571410	29.357587	0.277169	-1382.905542	
8.617000	0.808184	0.653659	4.574763	29.357584	0.187608	-1382.806748	
8.618000	0.960400	0.831773	4.578779	29.357518	0.164244	-1382.708507	
8.619000	0.795500	0.920829	4.583178	29.357387	0.234335	-1382.610989	
8.620000	0.770130	1.017982	4.587769	29.357201	0.355048	-1382.514366	
8.621000	0.558720	0.937022	4.592274	29.357088	0.316109	-1382.418783	
8.622000	0.892748	0.904637	4.595763	29.357135	0.207078	-1382.324345	
8.623000	0.884292	0.815580	4.596832	29.357243	0.390094	-1382.231111	
8.624000	0.935030	0.742716	4.594797	29.357327	0.226548	-1382.139086	
8.625000	0.579861	0.937022	4.590279	29.357558	0.281063	-1382.048210	
8.626000	1.006910	0.920829	4.584568	29.358223	0.203184	-1381.958362	
8.627000	0.820869	0.856061	4.578960	29.359383	0.312215	-1381.869386	
8.628000	0.918118	0.961310	4.574356	29.360852	0.261593	-1381.781114	
8.629000	0.854694	0.815580	4.571098	29.362436	0.284957	-1381.693388	
8.630000	1.032279	0.734620	4.569208	29.364086	0.082471	-1381.606088	
8.631000	0.913889	0.767004	4.568553	29.365822	0.269381	-1381.519143	
8.632000	0.875836	0.977502	4.568869	29.367644	0.249911	-1381.432526	
8.633000	0.655969	0.985598	4.570199	29.369621	0.183714	-1381.346276	
8.634000	0.913889	0.783196	4.572822	29.371796	0.117516	-1381.260500	
8.635000	0.892748	0.977502	4.576552	29.374065	0.265487	-1381.175359	
8.636000	0.867379	0.888445	4.580755	29.376343	0.199290	-1381.091028	
8.637000	0.689795	0.839869	4.584802	29.378765	0.308321	-1381.007672	
8.638000	0.989997	0.912733	4.588293	29.381593	0.246017	-1380.925420	
8.639000	0.867379	0.839869	4.591062	29.384899	0.288851	-1380.844353	
8.640000	0.833553	1.042271	4.592908	29.388512	0.210972	-1380.764504	
8.641000	0.803956	0.880349	4.593475	29.392254	0.222654	-1380.685859	
8.642000	0.884292	0.920829	4.592650	29.396112	0.187608	-1380.608338	
8.643000	0.922346	0.758908	4.590946	29.400142	0.183714	-1380.531803	
8.644000	0.816641	1.098943	4.589151	29.404327	0.370624	-1380.456078	
8.645000	0.736305	0.831773	4.587705	29.408654	0.253805	-1380.380980	
8.646000	0.812412	0.888445	4.586530	29.413086	0.066895	-1380.306352	
8.647000	0.875836	0.645563	4.585375	29.417505	0.222654	-1380.232084	
8.648000	0.846238	0.750812	4.584409	29.421820	0.316109	-1380.158111	
8.649000	0.833553	0.718427	4.584290	29.426114	0.308321	-1380.084420	
8.650000	1.011138	0.750812	4.585536	29.430619	0.296639	-1380.011072	
8.651000	0.926574	0.702235	4.588162	29.435422	0.296639	-1379.938190	
8.652000	0.854694	0.977502	4.591829	29.440369	0.327791	-1379.865939	
8.653000	0.880064	0.694139	4.596088	29.445301	0.156456	-1379.794496	
8.654000	0.926574	0.839869	4.600597	29.450253	0.027955	-1379.724029	
8.655000	0.977312	0.783196	4.605076	29.455330	0.277169	-1379.654662	
8.656000	0.795500	1.204192	4.608874	29.460520	0.238229	-1379.586462	
8.657000	0.913889	0.823676	4.611051	29.465733	0.210972	-1379.519445	
8.658000	0.816641	0.831773	4.611227	29.470862	-0.038242	-1379.453568	
8.659000	0.935030	0.734620	4.609871	29.475791	0.273275	-1379.388728	
8.660000	0.850466	0.953214	4.607754	29.480441	0.292745	-1379.324769	
8.661000	0.740533	0.953214	4.605473	29.484864	0.281063	-1379.261505	
8.662000	0.829325	1.001790	4.603448	29.489269	0.257699	-1379.198747	
8.663000	0.880064	0.937022	4.601966	29.493766	0.405670	-1379.136343	
8.664000	0.896977	1.171808	4.601074	29.498218	0.378412	-1379.074185	
8.665000	0.956171	0.775100	4.601112	29.502487	0.203184	-1379.012220	
8.666000	0.943487	0.726523	4.603028	29.506653	0.082471	-1378.950455	
8.667000	0.939259	1.098943	4.607187	29.510882	0.230441	-1378.888967	
8.668000	0.842010	0.961310	4.612677	29.515168	0.257699	-1378.827893	
8.669000	0.850466	0.928926	4.618200	29.519369	0.210972	-1378.767401	
8.670000	0.854694	0.823676	4.622857	29.523324	0.105834	-1378.707671	
8.671000	0.994225	0.823676	4.626105	29.526917	0.308321	-1378.648860	
8.672000	0.905433	0.831773	4.627271	29.530076	0.175926	-1378.591076	
8.673000	0.964628	0.880349	4.625307	29.532830	0.207078	-1378.534370	
8.674000	0.880064	0.969406	4.619617	29.535376	0.222654	-1378.478745	
8.675000	0.892748	0.904637	4.610755	29.537848	0.195396	-1378.424141	
8.676000	0.901205	0.831773	4.600032	29.540136	0.183714	-1378.370442	
8.677000	0.854694	0.928926	4.588988	29.542130	0.199290	-1378.317486	
8.678000	0.901205	0.823676	4.578982	29.543963	0.179820	-1378.265092	
8.679000	0.867379	0.888445	4.570933	29.545852	0.218760	-1378.213083	
8.680000	0.854694	0.815580	4.565454	29.547815	0.257699	-1378.161312	
8.681000	0.761674	1.050367	4.562772	29.549684	0.296639	-1378.109683	
8.682000	0.837782	0.888445	4.562270	29.551279	0.195396	-1378.058155	
8.683000	0.863151	0.904637	4.562550	29.552501	0.230441	-1378.006757	
8.684000	0.947715	0.807484	4.562621	29.553297	0.257699	-1377.955580	
8.685000	0.761674	1.017982	4.562470	29.553686	0.323897	-1377.904761	
8.686000	0.748989	0.839869	4.562317	29.553850	0.320003	-1377.854466	
8.687000	0.765902	0.880349	4.562157	29.553927	0.320003	-1377.804862	
8.688000	0.951943	0.856061	4.561819	29.553815	0.312215	-1377.756085	
8.689000	0.905433	1.074655	4.561257	29.553419	0.288851	-1377.708224	
8.690000	0.871607	0.945118	4.560503	29.552903	0.148668	-1377.661320	
8.691000	0.985769	0.823676	4.559425	29.552526	0.253805	-1377.615361	
8.692000	0.875836	0.831773	4.558018	29.552320	0.347261	-1377.570269	
8.693000	0.863151	1.001790	4.556635	29.552100	0.246017	-1377.525906	
8.694000	0.867379	0.807484	4.555776	29.551677	0.164244	-1377.482106	
8.695000	0.875836	0.799388	4.555819	29.550970	0.082471	-1377.438697	
8.696000	0.947715	0.847965	4.556963	29.549956	0.238229	-1377.395519	
8.697000	0.854694	1.050367	4.559405	29.548654	0.214866	-1377.352445	
8.698000	0.727848	0.888445	4.563438	29.547223	0.238229	-1377.309400	
8.699000	0.871607	0.864157	4.569071	29.545791	0.269381	-1377.266368	
8.700000	0.825097	0.783196	4.575791	29.544267	0.300533	-1377.223404	1.000000
8.701000	0.863151	0.767004	4.582871	29.542575	0.386200	-1377.180618	
8.702000	0.639056	0.953214	4.589601	29.540900	0.320003	-1377.138160	
8.703000	0.892748	0.839869	4.595445	29.539531	0.331685	-1377.096195	
8.704000	0.825097	0.928926	4.600207	29.538520	0.405670	-1377.054877	
8.705000	0.880064	0.953214	4.603803	29.537678	0.413458	-1377.014322	
8.706000	0.829325	0.864157	4.605866	29.536810	0.273275	-1376.974596	
8.707000	0.956171	0.653659	4.605739	29.535852	0.125304	-1376.935720	
8.708000	0.884292	0.726523	4.603024	29.534800	0.261593	-1376.897660	
8.709000	0.799728	0.807484	4.598136	29.533664	0.347261	-1376.860314	
8.710000	0.651741	0.928926	4.592130	29.532561	0.320003	-1376.823534	
8.711000	0.888520	0.823676	4.585972	29.531576	0.246017	-1376.787153	
8.712000	0.842010	0.856061	4.580223	29.530609	0.331685	-1376.751000	
8.713000	0.951943	0.702235	4.575322	29.529575	0.199290	-1376.714933	
8.714000	0.715164	0.686043	4.571797	29.528641	0.269381	-1376.678848	
8.715000	1.044964	0.532217	4.570157	29.528094	0.187608	-1376.642696	
8.716000	0.842010	0.783196	4.570597	29.528004	0.393988	-1376.606483	
8.717000	0.939259	1.026079	4.572826	29.528197	0.214866	-1376.570285	
8.718000	0.842010	0.937022	4.576240	29.528486	0.160350	-1376.534233	
8.719000	0.968856	0.920829	4.580218	29.528838	0.222654	-1376.498494	
8.720000	0.812412	0.815580	4.584323	29.529282	0.152562	-1376.463238	
8.721000	0.842010	1.042271	4.588294	29.529819	0.284957	-1376.428610	
8.722000	0.681338	0.896541	4.591925	29.530492	0.421246	-1376.394706	
8.723000	0.901205	0.880349	4.595021	29.531321	0.133092	-1376.361580	
8.724000	0.842010	0.718427	4.597315	29.532197	0.362836	-1376.329238	
8.725000	0.892748	0.888445	4.598522	29.533032	0.339473	-1376.297618	
8.726000	0.744761	0.969406	4.598650	29.533953	0.370624	-1376.266596	
8.727000	0.989997	0.864157	4.598149	29.535222	0.300533	-1376.236008	
8.728000	0.812412	0.799388	4.597643	29.536914	0.331685	-1376.205675	
8.729000	0.825097	1.098943	4.597732	29.538857	0.261593	-1376.175426	
8.730000	0.867379	0.726523	4.598866	29.540873	0.195396	-1376.145127	
8.731000	1.019594	0.839869	4.600984	29.542955	0.020167	-1376.114696	
8.732000	0.998453	0.661755	4.603789	29.545164	0.253805	-1376.084104	
8.733000	0.871607	1.171808	4.607310	29.547488	0.273275	-1376.053378	
8.734000	0.926574	0.734620	4.611538	29.549894	0.304427	-1376.022615	
8.735000	0.858923	0.847965	4.615986	29.552328	0.035743	-1375.991968	
8.736000	0.905433	0.661755	4.619980	29.554672	0.210972	-1375.961618	
8.737000	0.846238	0.864157	4.623059	29.556843	0.222654	-1375.931737	
8.738000	0.787043	0.839869	4.625153	29.558936	0.222654	-1375.902456	
8.739000	0.960400	0.856061	4.626378	29.561191	0.125304	-1375.873859	
8.740000	0.901205	0.734620	4.626693	29.563703	0.316109	-1375.845978	
8.741000	0.774359	0.856061	4.625965	29.566326	0.351155	-1375.818796	
8.742000	0.896977	0.540314	4.624249	29.568907	0.284957	-1375.792229	
8.743000	0.930802	0.888445	4.621868	29.571486	0.156456	-1375.766141	
8.744000	0.854694	0.831773	4.619421	29.574177	0.246017	-1375.740360	
8.745000	0.757446	1.107039	4.617600	29.576972	0.308321	-1375.714704	
8.746000	0.808184	0.896541	4.616813	29.579779	0.339473	-1375.689005	
8.747000	0.778587	0.847965	4.616854	29.582492	0.090259	-1375.663143	
8.748000	0.913889	0.686043	4.616926	29.584989	0.335579	-1375.637049	
8.749000	0.791271	0.702235	4.616567	29.587187	0.265487	-1375.610705	
8.750000	0.825097	0.953214	4.616351	29.589133	0.331685	-1375.584158	
8.751000	0.880064	0.742716	4.616943	29.591035	0.230441	-1375.557520	
8.752000	0.854694	0.896541	4.618176	29.592999	0.304427	-1375.530948	
8.753000	0.896977	0.912733	4.619556	29.594894	0.300533	-1375.504616	
8.754000	0.875836	0.920829	4.620880	29.596582	0.179820	-1375.478689	
8.755000	1.002682	0.710331	4.621998	29.598151	0.063001	-1375.453294	
8.756000	0.880064	0.596986	4.622586	29.599774	0.160350	-1375.428504	
8.757000	0.918118	0.734620	4.622074	29.601459	0.242123	-1375.404340	
8.758000	0.875836	0.823676	4.619731	29.603074	0.230441	-1375.380764	
8.759000	0.816641	0.750812	4.615471	29.604471	0.024061	-1375.357679	
8.760000	0.875836	0.961310	4.610150	29.605541	0.343367	-1375.334940	
8.761000	0.896977	0.742716	4.604725	29.606213	0.308321	-1375.312371	
8.762000	0.736305	1.009886	4.599746	29.606514	0.222654	-1375.289786	
8.763000	0.850466	0.686043	4.595460	29.606638	0.316109	-1375.267024	
8.764000	0.753218	0.961310	4.592030	29.606718	0.242123	-1375.243975	
8.765000	0.748989	0.815580	4.589586	29.606646	0.413458	-1375.220577	
8.766000	0.846238	0.864157	4.588047	29.606313	0.308321	-1375.196826	
8.767000	0.922346	0.969406	4.587284	29.605856	0.203184	-1375.172788	
8.768000	0.909661	0.961310	4.587235	29.605500	0.284957	-1375.148591	
8.769000	0.842010	0.888445	4.587638	29.605263	0.358942	-1375.124398	
8.770000	0.778587	1.017982	4.588080	29.604969	0.316109	-1375.100378	
8.771000	0.880064	0.686043	4.588348	29.604430	0.086365	-1375.076686	
8.772000	0.926574	0.799388	4.588531	29.603539	0.152562	-1375.053439	
8.773000	1.019594	0.580794	4.588685	29.602239	0.218760	-1375.030703	
8.774000	0.829325	1.009886	4.588705	29.600545	0.269381	-1375.008487	
8.775000	0.820869	0.977502	4.588449	29.598641	0.179820	-1374.986739	
8.776000	0.799728	0.823676	4.587799	29.596665	0.203184	-1374.965349	
8.777000	0.892748	0.807484	4.586896	29.594522	0.397882	-1374.944166	
8.778000	0.825097	0.896541	4.586039	29.592123	0.121410	-1374.923020	
8.779000	0.782815	0.847965	4.585448	29.589643	0.172032	-1374.901742	
8.780000	0.960400	0.799388	4.585458	29.587355	0.164244	-1374.880195	
8.781000	0.816641	0.726523	4.586349	29.585302	0.355048	-1374.858289	
8.782000	0.867379	0.783196	4.588161	29.583307	0.296639	-1374.835982	
8.783000	0.808184	0.953214	4.590927	29.581185	0.222654	-1374.813299	
8.784000	0.947715	0.945118	4.594398	29.578861	0.281063	-1374.790336	
8.785000	0.808184	0.928926	4.597863	29.576314	0.382306	-1374.767235	
8.786000	0.787043	0.880349	4.600605	29.573563	0.296639	-1374.744158	
8.787000	0.622143	0.985598	4.602114	29.570770	0.308321	-1374.721265	
8.788000	0.858923	0.823676	4.602010	29.568057	0.218760	-1374.698689	
8.789000	0.799728	0.880349	4.600277	29.565330	0.429034	-1374.676522	
8.790000	0.884292	0.767004	4.597321	29.562507	0.133092	-1374.654805	
8.791000	0.617915	0.831773	4.593463	29.559773	0.172032	-1374.633527	
8.792000	1.049192	0.669851	4.588843	29.557420	0.312215	-1374.612613	
8.793000	0.833553	0.856061	4.583795	29.555503	0.347261	-1374.591934	
8.794000	0.871607	0.953214	4.578827	29.553836	0.296639	-1374.571327	
8.795000	0.816641	1.050367	4.574405	29.552226	0.148668	-1374.550620	
8.796000	1.019594	0.823676	4.570990	29.550616	0.172032	-1374.529661	
8.797000	0.926574	0.734620	4.568992	29.549009	0.160350	-1374.508336	
8.798000	0.901205	0.815580	4.568666	29.547417	0.082471	-1374.486574	
8.799000	0.651741	0.864157	4.570198	29.545942	0.246017	-1374.464362	
8.800000	0.909661	0.880349	4.573607	29.544661	0.105834	-1374.441754	1.000000
8.801000	0.846238	0.977502	4.578396	29.543473	0.327791	-1374.418869	
8.802000	0.913889	0.912733	4.583637	29.542302	0.288851	-1374.395862	
8.803000	0.567177	0.937022	4.588499	29.541313	0.382306	-1374.372895	
8.804000	1.028051	0.888445	4.592624	29.540786	0.327791	-1374.350125	
8.805000	0.803956	0.847965	4.595941	29.540783	0.292745	-1374.327667	
8.806000	0.816641	0.864157	4.598229	29.541121	0.292745	-1374.305595	
8.807000	0.748989	0.831773	4.598983	29.541616	0.144774	-1374.283934	
8.808000	1.011138	0.953214	4.597664	29.542233	0.090259	-1374.262655	
8.809000	0.867379	0.937022	4.594180	29.543005	0.308321	-1374.241668	
8.810000	0.829325	1.082751	4.589200	29.543927	0.366730	-1374.220825	
8.811000	0.685566	0.912733	4.583782	29.545041	0.277169	-1374.199954	
8.812000	0.850466	0.847965	4.578772	29.546360	0.214866	-1374.178887	
8.813000	0.926574	0.694139	4.574598	29.547772	0.351155	-1374.157485	
8.814000	0.926574	0.945118	4.571575	29.549185	0.136986	-1374.135652	
8.815000	0.787043	0.775100	4.570193	29.550707	0.249911	-1374.113336	
8.816000	1.032279	0.750812	4.570835	29.552582	0.230441	-1374.090544	
8.817000	0.964628	0.847965	4.573373	29.554880	0.265487	-1374.067355	
8.818000	0.850466	1.107039	4.577149	29.557434	0.222654	-1374.043910	
8.819000	0.854694	0.775100	4.581258	29.560072	0.191502	-1374.020382	
8.820000	0.985769	0.912733	4.584975	29.562798	0.203184	-1373.996952	
8.821000	0.935030	0.742716	4.588052	29.565686	0.249911	-1373.973780	
8.822000	0.884292	1.390402	4.590567	29.568727	0.284957	-1373.950971	
8.823000	0.816641	0.799388	4.592507	29.571887	0.156456	-1373.928581	
8.824000	0.791271	0.823676	4.593746	29.575113	0.031849	-1373.906619	
8.825000	0.968856	0.847965	4.594269	29.578297	0.425140	-1373.885033	
8.826000	0.787043	0.750812	4.594229	29.581354	0.168138	-1373.863704	
8.827000	0.736305	0.807484	4.593924	29.584358	0.331685	-1373.842465	
8.828000	0.850466	0.888445	4.593740	29.587524	0.265487	-1373.821131	
8.829000	0.875836	0.807484	4.593972	29.590938	0.366730	-1373.799525	
8.830000	0.854694	1.074655	4.594666	29.594447	0.487443	-1373.777509	
8.831000	0.892748	0.896541	4.595948	29.597892	0.172032	-1373.754996	
8.832000	0.918118	0.937022	4.598340	29.601318	0.195396	-1373.731955	
8.833000	0.968856	0.677947	4.602212	29.604845	0.207078	-1373.708417	
8.834000	0.922346	1.009886	4.607325	29.608459	0.234335	-1373.684481	
8.835000	0.850466	0.839869	4.613075	29.612049	0.323897	-1373.660300	
8.836000	0.842010	0.775100	4.618887	29.615486	0.156456	-1373.636055	
8.837000	0.973084	0.823676	4.624480	29.618649	0.355048	-1373.611930	
8.838000	0.892748	0.767004	4.629667	29.621453	0.152562	-1373.588072	
8.839000	0.816641	0.928926	4.633852	29.623937	0.148668	-1373.564574	
8.840000	0.901205	0.799388	4.636238	29.626305	0.281063	-1373.541481	
8.841000	0.880064	0.742716	4.636577	29.628671	0.257699	-1373.518786	
8.842000	0.956171	0.896541	4.635309	29.630915	0.246017	-1373.496414	
8.843000	0.884292	0.864157	4.633102	29.632910	0.148668	-1373.474231	
8.844000	0.867379	0.831773	4.630516	29.634756	0.160350	-1373.452068	
8.845000	0.930802	0.945118	4.627875	29.636641	0.210972	-1373.429746	
8.846000	0.842010	0.872253	4.625193	29.638569	0.327791	-1373.407094	
8.847000	0.803956	0.669851	4.622342	29.640391	0.335579	-1373.383984	
8.848000	0.808184	0.799388	4.619784	29.641942	0.246017	-1373.360342	
8.849000	0.926574	0.815580	4.618552	29.643112	0.269381	-1373.336154	
8.850000	0.922346	0.823676	4.618831	29.643835	0.133092	-1373.311466	
8.851000	0.770130	0.977502	4.619848	29.644135	0.288851	-1373.286390	
8.852000	0.842010	0.767004	4.621010	29.644207	0.358942	-1373.261078	
8.853000	0.808184	1.017982	4.622023	29.644185	0.249911	-1373.235708	
8.854000	0.909661	0.702235	4.622566	29.643961	0.335579	-1373.210452	
8.855000	0.854694	0.702235	4.622266	29.643424	0.257699	-1373.185438	
8.856000	0.846238	0.605082	4.620897	29.642711	0.172032	-1373.160749	
8.857000	0.922346	0.807484	4.618348	29.642051	0.284957	-1373.136417	
8.858000	0.909661	0.799388	4.614465	29.641458	0.253805	-1373.112413	
8.859000	0.833553	0.880349	4.609453	29.640756	0.288851	-1373.088646	
8.860000	0.854694	0.847965	4.604130	29.639758	0.066895	-1373.064976	
8.861000	0.888520	0.742716	4.599414	29.638373	0.183714	-1373.041240	
8.862000	0.930802	0.734620	4.595867	29.636562	0.183714	-1373.017262	
8.863000	0.803956	0.937022	4.593597	29.634343	0.187608	-1372.992888	
8.864000	0.803956	0.904637	4.592475	29.631899	0.281063	-1372.968004	
8.865000	0.825097	0.872253	4.592708	29.629373	0.199290	-1372.942554	
8.866000	0.930802	0.904637	4.594656	29.626675	0.312215	-1372.916542	
8.867000	0.854694	1.001790	4.598101	29.623723	0.288851	-1372.890038	
8.868000	0.634828	0.823676	4.602301	29.620699	0.183714	-1372.863174	
8.869000	0.888520	0.799388	4.606477	29.617881	0.362836	-1372.836108	
8.870000	0.875836	0.847965	4.610142	29.615313	0.417352	-1372.809012	
8.871000	0.858923	0.969406	4.613094	29.612808	0.277169	-1372.782034	
8.872000	0.842010	0.856061	4.614856	29.610171	0.273275	-1372.755289	
8.873000	0.994225	0.694139	4.614918	29.607329	0.277169	-1372.728845	
8.874000	0.935030	0.920829	4.613563	29.604267	0.343367	-1372.702723	
8.875000	0.875836	0.888445	4.611131	29.601004	0.261593	-1372.676875	
8.876000	0.689795	0.750812	4.607623	29.597695	0.312215	-1372.651193	
8.877000	0.850466	0.734620	4.603539	29.594461	0.183714	-1372.625532	
8.878000	0.854694	0.856061	4.599657	29.591209	0.323897	-1372.599724	
8.879000	0.947715	0.775100	4.596464	29.587857	0.187608	-1372.573601	
8.880000	0.643284	0.872253	4.594119	29.584588	0.253805	-1372.547028	
8.881000	0.977312	0.807484	4.592693	29.581694	0.117516	-1372.519918	
8.882000	0.846238	0.799388	4.592364	29.579235	0.335579	-1372.492237	
8.883000	0.926574	1.017982	4.593130	29.577031	0.242123	-1372.464010	
8.884000	0.880064	0.985598	4.594578	29.574893	0.261593	-1372.435333	
8.885000	0.968856	0.823676	4.596112	29.572774	0.156456	-1372.406357	
8.886000	0.829325	0.928926	4.597316	29.570687	0.195396	-1372.377255	
8.887000	0.846238	0.961310	4.598150	29.568639	0.191502	-1372.348193	
8.888000	0.579861	0.961310	4.598687	29.566728	0.265487	-1372.319311	
8.889000	0.871607	0.694139	4.598696	29.565021	0.284957	-1372.290704	
8.890000	0.850466	0.815580	4.597665	29.563417	0.440716	-1372.262421	
8.891000	0.926574	0.710331	4.595288	29.561832	0.249911	-1372.234455	
8.892000	0.655969	0.880349	4.591740	29.560419	0.261593	-1372.206730	
8.893000	0.935030	0.896541	4.587527	29.559454	0.292745	-1372.179117	
8.894000	0.799728	0.969406	4.583298	29.559003	0.331685	-1372.151455	
8.895000	0.901205	1.017982	4.579574	29.558885	0.374518	-1372.123573	
8.896000	0.846238	0.791292	4.576563	29.558913	0.242123	-1372.095316	
8.897000	0.922346	0.718427	4.574337	29.559056	0.183714	-1372.066573	
8.898000	0.930802	0.661755	4.572992	29.559354	0.238229	-1372.037284	
8.899000	0.884292	1.188000	4.572677	29.559800	0.249911	-1372.007437	
8.900000	0.719392	0.839869	4.573739	29.560411	0.195396	-1371.977090	0.000000
8.901000	0.833553	1.001790	4.576315	29.561186	0.059107	-1371.946369	
8.902000	0.871607	0.839869	4.579823	29.562016	0.292745	-1371.915442	
8.903000	0.829325	0.856061	4.583473	29.562815	0.156456	-1371.884490	
8.904000	0.736305	0.758908	4.586810	29.563696	0.343367	-1371.853679	
8.905000	1.002682	0.831773	4.589444	29.564899	0.386200	-1371.823132	
8.906000	0.863151	0.694139	4.590687	29.566504	0.499125	-1371.792927	
8.907000	0.863151	1.179904	4.589520	29.568349	0.343367	-1371.763093	
8.908000	0.880064	0.783196	4.585226	29.570266	0.214866	-1371.733606	
8.909000	0.842010	0.993694	4.578205	29.572269	0.246017	-1371.704379	
8.910000	0.884292	0.742716	4.569866	29.574445	0.179820	-1371.675268	
8.911000	0.799728	1.082751	4.561731	29.576781	0.429034	-1371.646097	
8.912000	0.795500	0.839869	4.554786	29.579221	0.242123	-1371.616684	
8.913000	0.816641	0.791292	4.549366	29.581686	0.140880	-1371.586880	
8.914000	0.918118	0.734620	4.545438	29.584055	0.370624	-1371.556589	
8.915000	0.816641	1.090847	4.543229	29.586241	0.281063	-1371.525762	
8.916000	0.816641	0.912733	4.543561	29.588310	0.269381	-1371.494401	
8.917000	0.943487	0.904637	4.547003	29.590482	0.370624	-1371.462580	
8.918000	0.905433	0.807484	4.553091	29.592857	0.323897	-1371.430436	
8.919000	0.846238	1.001790	4.560729	29.595290	0.300533	-1371.398144	
8.920000	0.973084	0.767004	4.568769	29.597633	0.179820	-1371.365888	
8.921000	0.951943	0.888445	4.576271	29.599944	0.090259	-1371.333838	
8.922000	0.968856	0.775100	4.582471	29.602366	0.214866	-1371.302117	
8.923000	0.867379	0.928926	4.586645	29.604896	0.218760	-1371.270796	
8.924000	0.888520	0.791292	4.588270	29.607423	0.261593	-1371.239888	
8.925000	0.867379	0.726523	4.587290	29.609816	0.094153	-1371.209353	
8.926000	0.939259	0.904637	4.584305	29.611963	0.331685	-1371.179089	
8.927000	0.820869	0.856061	4.580483	29.613790	0.253805	-1371.148942	
8.928000	0.795500	1.082751	4.576947	29.615333	0.242123	-1371.118733	
8.929000	0.871607	0.823676	4.574368	29.616790	0.284957	-1371.088279	
8.930000	0.774359	1.017982	4.572941	29.618275	0.175926	-1371.057440	
8.931000	0.871607	0.872253	4.572602	29.619664	0.370624	-1371.026124	
8.932000	0.850466	1.001790	4.573353	29.620827	0.249911	-1370.994290	
8.933000	0.918118	0.702235	4.575245	29.621869	0.031849	-1370.961960	
8.934000	0.956171	0.912733	4.578174	29.622978	0.210972	-1370.929223	
8.935000	0.825097	0.896541	4.581752	29.624161	0.370624	-1370.896227	
8.936000	0.842010	0.928926	4.585428	29.625255	0.281063	-1370.863150	
8.937000	0.892748	0.734620	4.588791	29.626084	0.051319	-1370.830175	
8.938000	0.922346	0.807484	4.591627	29.626537	0.277169	-1370.797461	
8.939000	0.973084	0.718427	4.593901	29.626548	0.242123	-1370.765110	
8.940000	0.871607	0.920829	4.595612	29.626135	0.386200	-1370.733175	
8.941000	0.905433	0.791292	4.596529	29.625484	0.308321	-1370.701655	
8.942000	0.837782	0.937022	4.596385	29.624733	0.273275	-1370.670488	
8.943000	0.909661	0.872253	4.595234	29.623784	0.304427	-1370.639552	
8.944000	0.829325	0.945118	4.593477	29.622538	0.246017	-1370.608688	
8.945000	0.854694	0.823676	4.591712	29.621148	0.129198	-1370.577720	
8.946000	0.947715	0.880349	4.590386	29.619857	0.253805	-1370.546487	
8.947000	0.863151	0.783196	4.589569	29.618693	0.355048	-1370.514859	
8.948000	0.803956	0.888445	4.589170	29.617478	0.382306	-1370.482758	
8.949000	0.858923	0.669851	4.589269	29.616024	0.125304	-1370.450163	
8.950000	0.858923	0.953214	4.590212	29.614238	0.249911	-1370.417125	
8.951000	0.858923	0.937022	4.592182	29.612081	0.281063	-1370.383754	
8.952000	0.795500	1.009886	4.594764	29.609568	0.300533	-1370.350201	
8.953000	0.689795	0.831773	4.597361	29.606872	0.284957	-1370.316639	
8.954000	0.795500	0.807484	4.599681	29.604125	0.288851	-1370.283238	
8.955000	0.892748	0.710331	4.601522	29.601231	0.343367	-1370.250130	
8.956000	0.850466	0.864157	4.602974	29.598101	0.335579	-1370.217400	
8.957000	0.732077	0.823676	4.605317	29.594914	0.187608	-1370.185079	
8.958000	0.964628	0.799388	4.610236	29.591948	0.226548	-1370.153147	
8.959000	0.922346	0.864157	4.617829	29.589249	0.296639	-1370.121521	
8.960000	0.880064	0.912733	4.626739	29.586631	0.347261	-1370.090065	
8.961000	0.896977	0.904637	4.635656	29.583899	0.226548	-1370.058617	
8.962000	0.935030	0.686043	4.643763	29.580979	0.074683	-1370.027015	
8.963000	0.850466	0.775100	4.650558	29.577856	0.273275	-1369.995112	
8.964000	0.820869	0.839869	4.655803	29.574547	0.429034	-1369.962800	
8.965000	0.668654	0.726523	4.659542	29.571202	0.230441	-1369.930016	
8.966000	0.871607	0.823676	4.661941	29.567935	0.234335	-1369.896758	
8.967000	0.922346	0.815580	4.663019	29.564656	0.401776	-1369.863093	
8.968000	0.850466	0.726523	4.662618	29.561292	0.183714	-1369.829147	
8.969000	0.609459	0.993694	4.660568	29.558032	0.148668	-1369.795077	
8.970000	0.943487	0.799388	4.656858	29.555176	0.300533	-1369.761050	
8.971000	0.736305	1.017982	4.651707	29.552789	0.397882	-1369.727219	
8.972000	0.820869	1.115135	4.645506	29.550689	0.331685	-1369.693694	
8.973000	0.774359	1.042271	4.638643	29.548685	0.242123	-1369.660538	
8.974000	1.023823	0.702235	4.631262	29.546726	0.156456	-1369.627770	
8.975000	0.888520	0.896541	4.623454	29.544829	0.304427	-1369.595346	
8.976000	0.816641	0.904637	4.615595	29.542992	0.277169	-1369.563159	
8.977000	0.592546	0.985598	4.608223	29.541282	0.304427	-1369.531060	
8.978000	0.888520	0.823676	4.601826	29.539737	0.218760	-1369.498887	
8.979000	0.825097	0.896541	4.596781	29.538244	0.355048	-1369.466481	
8.980000	0.926574	0.775100	4.593312	29.536721	0.191502	-1369.433709	
8.981000	0.660197	0.912733	4.591486	29.535317	0.351155	-1369.400482	
8.982000	1.104158	0.694139	4.591614	29.534305	0.175926	-1369.366758	
8.983000	0.842010	0.669851	4.594355	29.533757	0.327791	-1369.332554	
8.984000	0.922346	0.920829	4.599667	29.533498	0.281063	-1369.297961	
8.985000	0.837782	0.977502	4.606374	29.533352	0.203184	-1369.263123	
8.986000	0.989997	0.912733	4.613156	29.533304	0.090259	-1369.228216	
8.987000	0.850466	0.937022	4.619246	29.533407	0.214866	-1369.193415	
8.988000	0.863151	0.977502	4.624234	29.533650	0.331685	-1369.158862	
8.989000	0.626372	0.953214	4.627700	29.534025	0.370624	-1369.124651	
8.990000	0.880064	0.750812	4.629088	29.534502	0.218760	-1369.090833	
8.991000	0.871607	0.847965	4.627782	29.534970	0.304427	-1369.057412	
8.992000	0.867379	0.847965	4.623634	29.535349	0.355048	-1369.024321	
8.993000	0.732077	0.823676	4.617323	29.535749	0.300533	-1368.991431	
8.994000	0.973084	0.920829	4.609957	29.536415	0.300533	-1368.958577	
8.995000	0.829325	0.791292	4.602569	29.537429	0.405670	-1368.925586	
8.996000	0.812412	0.985598	4.595921	29.538630	0.327791	-1368.892298	
8.997000	0.837782	0.864157	4.590460	29.539850	0.238229	-1368.858591	
8.998000	0.977312	1.009886	4.586553	29.541111	-0.030454	-1368.824401	
8.999000	0.871607	0.718427	4.584929	29.542503	0.261593	-1368.789711	
9.000000	0.867379	1.139424	4.586156	29.544014	0.277169	-1368.754569	0.000000
9.001000	0.913889	0.888445	4.589721	29.545577	0.323897	-1368.719085	
9.002000	0.964628	0.880349	4.594340	29.547109	0.082471	-1368.683429	
9.003000	0.943487	0.783196	4.598815	29.548497	0.230441	-1368.647814	
9.004000	0.829325	0.880349	4.602381	29.549659	0.148668	-1368.612459	
9.005000	0.778587	0.896541	4.604746	29.550654	0.339473	-1368.577552	
9.006000	0.964628	0.645563	4.606046	29.551704	0.358942	-1368.543228	
9.007000	0.968856	0.726523	4.606632	29.552919	0.327791	-1368.509576	
9.008000	0.871607	1.058463	4.606725	29.554170	0.323897	-1368.476634	
9.009000	0.833553	0.847965	4.606276	29.555318	0.179820	-1368.444368	
9.010000	0.926574	0.920829	4.605241	29.556436	-0.007091	-1368.412691	
9.011000	0.918118	0.783196	4.603776	29.557672	0.370624	-1368.381482	
9.012000	0.706707	1.050367	4.602117	29.559019	0.335579	-1368.350612	
9.013000	0.816641	0.896541	4.600674	29.560345	0.284957	-1368.319971	
9.014000	0.880064	0.661755	4.599947	29.561500	0.059107	-1368.289496	
9.015000	0.947715	0.839869	4.599802	29.562362	0.320003	-1368.259176	
9.016000	0.884292	0.823676	4.599492	29.562851	0.284957	-1368.229052	
9.017000	0.943487	0.856061	4.598561	29.562996	0.277169	-1368.199228	
9.018000	0.863151	0.823676	4.597102	29.562985	0.179820	-1368.169875	
9.019000	0.896977	0.783196	4.595659	29.562936	0.226548	-1368.141202	
9.020000	0.812412	0.937022	4.595247	29.562729	0.320003	-1368.113428	
9.021000	0.918118	0.775100	4.596766	29.562242	0.160350	-1368.086754	
9.022000	0.901205	0.872253	4.600034	29.561590	0.035743	-1368.061338	
9.023000	0.989997	0.726523	4.603492	29.560976	0.090259	-1368.037284	
9.024000	0.795500	0.775100	4.604874	29.560410	0.304427	-1368.014640	
9.025000	0.905433	0.856061	4.602553	29.559724	0.199290	-1367.993396	
9.026000	0.846238	1.026079	4.596772	29.558740	0.059107	-1367.973477	
9.027000	0.935030	0.977502	4.589747	29.557351	0.308321	-1367.954768	
9.028000	0.867379	0.775100	4.584478	29.555501	0.362836	-1367.937123	
9.029000	0.808184	1.115135	4.582894	29.553218	0.210972	-1367.920392	
9.030000	0.795500	0.799388	4.584776	29.550696	0.351155	-1367.904447	
9.031000	0.803956	0.775100	4.588359	29.548079	0.362836	-1367.889213	
9.032000	0.837782	0.807484	4.591689	29.545268	0.316109	-1367.874661	
9.033000	0.825097	0.856061	4.593675	29.542165	0.327791	-1367.860817	
9.034000	0.858923	0.791292	4.594408	29.538926	0.246017	-1367.847776	
9.035000	0.981541	0.912733	4.594686	29.535798	0.362836	-1367.835695	
9.036000	0.871607	0.856061	4.595356	29.532810	0.366730	-1367.824762	
9.037000	0.825097	0.888445	4.596933	29.529784	0.257699	-1367.815163	
9.038000	0.875836	0.726523	4.599281	29.526530	0.117516	-1367.807064	
9.039000	0.985769	0.742716	4.601426	29.522954	0.199290	-1367.800585	
9.040000	0.973084	0.629370	4.601660	29.519015	0.210972	-1367.795797	
9.041000	0.858923	0.953214	4.598433	29.514730	0.312215	-1367.792710	
9.042000	0.770130	0.969406	4.591882	29.510275	0.214866	-1367.791271	
9.043000	0.867379	0.888445	4.583901	29.505791	0.175926	-1367.791372	
9.044000	0.888520	0.742716	4.576583	29.501186	0.249911	-1367.792868	
9.045000	0.867379	0.783196	4.571148	29.496376	0.140880	-1367.795593	
9.046000	0.723620	0.758908	4.567732	29.491541	0.144774	-1367.799390	
9.047000	0.947715	0.831773	4.565670	29.486954	0.226548	-1367.804130	
9.048000	0.854694	0.799388	4.564269	29.482657	0.257699	-1367.809732	
9.049000	0.808184	0.969406	4.563658	29.478470	0.370624	-1367.816165	
9.050000	0.875836	0.783196	4.564881	29.474204	0.218760	-1367.823466	
9.051000	0.867379	0.839869	4.568747	29.469789	0.277169	-1367.831743	
9.052000	0.884292	0.783196	4.574855	29.465212	0.288851	-1367.841150	
9.053000	0.782815	0.953214	4.581944	29.460487	0.335579	-1367.851853	
9.054000	0.651741	0.961310	4.588495	29.455763	0.378412	-1367.864015	
9.055000	0.812412	0.912733	4.593129	29.451156	0.242123	-1367.877766	
9.056000	0.922346	0.807484	4.595459	29.446570	0.483549	-1367.893190	
9.057000	0.884292	0.928926	4.596347	29.441924	0.125304	-1367.910322	
9.058000	0.757446	0.799388	4.596663	29.437399	0.253805	-1367.929138	
9.059000	1.019594	0.718427	4.596755	29.433286	0.335579	-1367.949556	
9.060000	0.922346	0.669851	4.596873	29.429647	0.234335	-1367.971434	
9.061000	0.888520	0.920829	4.596879	29.426299	0.347261	-1367.994603	
9.062000	0.901205	0.791292	4.596182	29.423052	0.129198	-1368.018887	
9.063000	0.943487	0.912733	4.594377	29.419861	0.172032	-1368.044133	
9.064000	0.973084	1.017982	4.591799	29.416745	0.207078	-1368.070227	
9.065000	0.795500	0.807484	4.589599	29.413709	0.351155	-1368.097095	
9.066000	0.694023	0.856061	4.589290	29.410835	0.351155	-1368.124718	
9.067000	0.842010	0.677947	4.591671	29.408177	0.117516	-1368.153144	
9.068000	0.875836	0.880349	4.595956	29.405634	0.339473	-1368.182490	
9.069000	0.837782	0.912733	4.600245	29.403126	0.253805	-1368.212904	
9.070000	0.647513	1.026079	4.602814	29.400802	0.288851	-1368.244548	
9.071000	0.922346	0.839869	4.603017	29.398936	0.269381	-1368.277566	
9.072000	0.812412	0.953214	4.601180	29.397604	0.421246	-1368.312061	
9.073000	0.875836	0.896541	4.597706	29.396629	0.304427	-1368.348087	
9.074000	0.854694	0.775100	4.592487	29.395825	0.351155	-1368.385651	
9.075000	1.002682	0.694139	4.585369	29.395173	0.074683	-1368.424705	
9.076000	0.939259	0.864157	4.576643	29.394723	0.249911	-1368.465134	
9.077000	0.875836	1.001790	4.566859	29.394473	0.284957	-1368.506777	
9.078000	0.689795	1.058463	4.556893	29.394441	0.308321	-1368.549450	
9.079000	0.884292	0.742716	4.547946	29.394617	0.152562	-1368.592974	
9.080000	0.896977	0.864157	4.541030	29.394887	0.421246	-1368.637200	
9.081000	0.892748	0.718427	4.537120	29.395161	0.281063	-1368.682023	
9.082000	0.782815	0.847965	4.537232	29.395542	0.230441	-1368.727381	
9.083000	1.036507	0.791292	4.541417	29.396272	0.148668	-1368.773268	
9.084000	0.846238	0.977502	4.548500	29.397437	0.238229	-1368.819751	
9.085000	0.901205	1.058463	4.556906	29.398880	0.265487	-1368.866957	
9.086000	0.812412	0.904637	4.565308	29.400440	0.269381	-1368.915043	
9.087000	0.985769	0.734620	4.572900	29.402140	0.094153	-1368.964172	
9.088000	0.816641	0.904637	4.579313	29.404075	0.183714	-1369.014476	
9.089000	0.829325	1.017982	4.584268	29.406235	0.374518	-1369.066035	
9.090000	0.732077	0.758908	4.587260	29.408556	0.304427	-1369.118880	
9.091000	0.770130	0.872253	4.587566	29.410953	0.125304	-1369.172994	
9.092000	0.939259	0.831773	4.584815	29.413306	0.382306	-1369.228301	
9.093000	0.918118	0.864157	4.579705	29.415528	0.277169	-1369.284660	
9.094000	0.820869	0.896541	4.573760	29.417672	0.374518	-1369.341886	
9.095000	0.918118	0.928926	4.568376	29.419948	0.288851	-1369.399783	
9.096000	0.846238	0.888445	4.564358	29.422455	0.429034	-1369.458166	
9.097000	0.854694	0.993694	4.561957	29.425050	0.378412	-1369.516890	
9.098000	0.837782	0.435065	4.561167	29.427579	0.121410	-1369.575860	
9.099000	0.964628	0.937022	4.562092	29.430099	0.020167	-1369.635036	
9.100000	0.968856	0.734620	4.564611	29.432747	0.284957	-1369.694442	0.000000
9.101000	0.858923	1.074655	4.568115	29.435510	0.308321	-1369.754167	
9.102000	0.888520	0.710331	4.572069	29.438261	0.226548	-1369.814350	
9.103000	0.837782	0.864157	4.576439	29.440859	-0.034348	-1369.875161	
9.104000	0.951943	0.799388	4.581352	29.443185	0.343367	-1369.936763	
9.105000	0.837782	0.961310	4.586457	29.445166	0.168138	-1369.999277	
9.106000	0.846238	0.823676	4.590895	29.446833	0.140880	-1370.062765	
9.107000	0.816641	0.653659	4.593803	29.448376	0.253805	-1370.127238	
9.108000	0.867379	0.775100	4.594851	29.449911	0.261593	-1370.192658	
9.109000	0.837782	0.661755	4.594533	29.451319	0.370624	-1370.258923	
9.110000	0.858923	0.758908	4.593917	29.452481	0.207078	-1370.325875	
9.111000	0.791271	0.928926	4.593969	29.453507	0.168138	-1370.393322	
9.112000	0.947715	0.896541	4.594998	29.454595	0.292745	-1370.461067	
9.113000	0.812412	1.098943	4.596687	29.455748	0.316109	-1370.528928	
9.114000	0.842010	0.831773	4.598526	29.456798	0.358942	-1370.596766	
9.115000	0.787043	0.928926	4.600309	29.457565	0.253805	-1370.664498	
9.116000	0.951943	0.783196	4.602373	29.457937	0.288851	-1370.732099	
9.117000	0.880064	0.507929	4.605266	29.457850	0.218760	-1370.799620	
9.118000	0.888520	0.856061	4.609180	29.457321	0.257699	-1370.867168	
9.119000	0.820869	0.839869	4.613736	29.456538	0.226548	-1370.934896	
9.120000	0.922346	0.937022	4.618229	29.455639	0.308321	-1371.002969	
9.121000	0.922346	0.783196	4.621999	29.454522	0.421246	-1371.071539	
9.122000	0.850466	0.888445	4.624600	29.453090	0.253805	-1371.140712	
9.123000	0.795500	0.710331	4.625836	29.451495	0.183714	-1371.210545	
9.124000	0.951943	0.807484	4.625830	29.449986	0.327791	-1371.281038	
9.125000	0.846238	0.799388	4.624939	29.448591	0.401776	-1371.352132	
9.126000	0.892748	0.920829	4.623538	29.447138	0.203184	-1371.423704	
9.127000	0.850466	0.864157	4.621948	29.445444	0.214866	-1371.495586	
9.128000	0.880064	0.928926	4.620411	29.443423	0.316109	-1371.567588	
9.129000	0.926574	0.694139	4.619110	29.441042	0.265487	-1371.639518	
9.130000	0.748989	0.928926	4.618329	29.438317	0.327791	-1371.711205	
9.131000	0.685566	0.880349	4.618572	29.435426	0.207078	-1371.782526	
9.132000	0.896977	0.750812	4.620426	29.432503	0.308321	-1371.853412	
9.133000	0.956171	0.823676	4.624255	29.429451	0.444610	-1371.923857	
9.134000	0.820869	0.847965	4.629838	29.426181	0.292745	-1371.993923	
9.135000	0.748989	0.799388	4.636213	29.422873	0.214866	-1372.063734	
9.136000	0.935030	0.880349	4.642064	29.419802	0.183714	-1372.133449	
9.137000	0.867379	0.677947	4.646396	29.417009	0.335579	-1372.203231	
9.138000	0.842010	1.017982	4.648916	29.414307	0.405670	-1372.273222	
9.139000	0.816641	0.839869	4.649957	29.411502	0.242123	-1372.343518	
9.140000	0.968856	0.864157	4.650138	29.408523	0.031849	-1372.414164	
9.141000	0.977312	0.718427	4.649849	29.405355	0.133092	-1372.485152	
9.142000	0.842010	0.807484	4.649027	29.402010	0.246017	-1372.556404	
9.143000	0.706707	0.718427	4.647472	29.398634	0.253805	-1372.627778	
9.144000	0.858923	0.847965	4.645236	29.395340	0.242123	-1372.699101	
9.145000	0.901205	0.807484	4.642703	29.392037	0.331685	-1372.770183	
9.146000	0.833553	0.839869	4.640496	29.388649	0.249911	-1372.840838	
9.147000	0.643284	0.872253	4.639066	29.385359	0.316109	-1372.910912	
9.148000	0.875836	0.945118	4.638351	29.382459	0.296639	-1372.980303	
9.149000	0.820869	0.969406	4.637981	29.380012	0.327791	-1373.048956	
9.150000	0.748989	0.977502	4.637350	29.377837	0.386200	-1373.116885	
9.151000	0.875836	0.985598	4.635847	29.375749	0.226548	-1373.184176	
9.152000	0.989997	0.726523	4.633263	29.373697	0.183714	-1373.250967	
9.153000	0.909661	0.912733	4.629781	29.371697	0.366730	-1373.317424	
9.154000	0.816641	1.009886	4.625928	29.369752	0.277169	-1373.383702	
9.155000	0.634828	0.977502	4.622368	29.367945	0.230441	-1373.449925	
9.156000	0.918118	0.767004	4.619442	29.366328	0.238229	-1373.516171	
9.157000	0.905433	0.710331	4.617034	29.364796	0.269381	-1373.582474	
9.158000	0.951943	0.653659	4.614864	29.363263	0.191502	-1373.648811	
9.159000	0.710936	0.694139	4.612779	29.361879	0.288851	-1373.715092	
9.160000	1.074561	0.791292	4.610954	29.360920	0.191502	-1373.781169	
9.161000	0.816641	1.001790	4.609817	29.360462	0.296639	-1373.846868	
9.162000	0.854694	0.920829	4.609540	29.360335	0.277169	-1373.912001	
9.163000	0.782815	0.896541	4.609740	29.360361	0.125304	-1373.976404	
9.164000	1.002682	0.912733	4.609771	29.360525	0.024061	-1374.039952	
9.165000	0.905433	0.758908	4.609257	29.360876	0.323897	-1374.102572	
9.166000	0.846238	0.831773	4.608426	29.361412	0.277169	-1374.164237	
9.167000	0.647513	0.912733	4.607710	29.362147	0.292745	-1374.224987	
9.168000	0.880064	0.904637	4.607154	29.363070	0.082471	-1374.284934	
9.169000	0.820869	0.953214	4.606523	29.364070	0.347261	-1374.344237	
9.170000	0.829325	0.896541	4.605556	29.365061	0.296639	-1374.403061	
9.171000	0.689795	0.847965	4.604037	29.366150	0.335579	-1374.461555	
9.172000	0.968856	0.872253	4.601954	29.367582	0.277169	-1374.519824	
9.173000	0.795500	0.791292	4.599296	29.369438	0.323897	-1374.577926	
9.174000	0.871607	1.123232	4.595601	29.371557	0.487443	-1374.635869	
9.175000	0.867379	0.864157	4.590279	29.373767	0.331685	-1374.693607	
9.176000	1.011138	0.904637	4.583461	29.376086	0.070789	-1374.751039	
9.177000	0.922346	0.839869	4.576152	29.378607	0.343367	-1374.808017	
9.178000	0.854694	1.050367	4.569427	29.381317	0.187608	-1374.864367	
9.179000	0.812412	0.864157	4.563720	29.384140	0.269381	-1374.919911	
9.180000	0.846238	0.896541	4.558972	29.386983	0.020167	-1374.974508	
9.181000	0.901205	0.783196	4.555060	29.389724	0.242123	-1375.028060	
9.182000	0.880064	0.783196	4.552103	29.392279	0.199290	-1375.080516	
9.183000	0.829325	0.888445	4.550733	29.394708	0.175926	-1375.131872	
9.184000	0.985769	1.001790	4.551518	29.397227	0.253805	-1375.182196	
9.185000	0.888520	0.815580	4.554151	29.399938	0.304427	-1375.231619	
9.186000	0.842010	1.026079	4.557762	29.402706	0.413458	-1375.280302	
9.187000	0.854694	0.864157	4.561650	29.405391	0.218760	-1375.328414	
9.188000	0.880064	0.920829	4.565335	29.408058	0.070789	-1375.376100	
9.189000	0.922346	0.880349	4.568476	29.410854	0.362836	-1375.423457	
9.190000	0.795500	1.123232	4.571152	29.413775	0.335579	-1375.470530	
9.191000	0.939259	0.920829	4.573511	29.416705	0.429034	-1375.517310	
9.192000	0.850466	0.775100	4.575243	29.419504	0.098047	-1375.563732	
9.193000	0.939259	0.807484	4.576011	29.422054	0.292745	-1375.609679	
9.194000	0.825097	0.831773	4.575879	29.424275	0.218760	-1375.654992	
9.195000	0.837782	0.896541	4.575171	29.426190	0.284957	-1375.699495	
9.196000	0.820869	0.896541	4.574101	29.427986	0.284957	-1375.743017	
9.197000	0.884292	0.864157	4.572575	29.429776	0.214866	-1375.785428	
9.198000	0.850466	0.945118	4.570416	29.431441	0.292745	-1375.826652	
9.199000	0.909661	0.710331	4.567644	29.432857	0.277169	-1375.866664	
9.200000	0.913889	0.791292	4.564696	29.434141	0.156456	-1375.905501	0.000000
9.201000	0.985769	0.807484	4.562160	29.435498	0.140880	-1375.943269	
9.202000	0.829325	0.904637	4.560192	29.436940	0.129198	-1375.980118	
9.203000	0.867379	0.977502	4.558591	29.438311	0.230441	-1376.016222	
9.204000	0.829325	0.912733	4.557228	29.439437	0.051319	-1376.051755	
9.205000	0.935030	0.920829	4.556263	29.440214	0.261593	-1376.086859	
9.206000	0.846238	0.605082	4.556103	29.440587	0.203184	-1376.121619	
9.207000	0.930802	0.775100	4.557155	29.440575	0.347261	-1376.156067	
9.208000	0.732077	0.750812	4.559347	29.440371	0.199290	-1376.190179	
9.209000	0.774359	0.904637	4.562094	29.440114	0.343367	-1376.223873	
9.210000	0.867379	0.888445	4.564910	29.439706	0.393988	-1376.257015	
9.211000	0.854694	0.937022	4.567667	29.439048	0.218760	-1376.289434	
9.212000	0.774359	0.904637	4.570442	29.438296	0.133092	-1376.320954	
9.213000	0.913889	0.864157	4.573330	29.437702	0.226548	-1376.351415	
9.214000	0.842010	0.815580	4.576142	29.437294	0.425140	-1376.380699	
9.215000	0.803956	0.799388	4.578492	29.436887	0.347261	-1376.408740	
9.216000	0.918118	0.572698	4.580380	29.436285	0.187608	-1376.435536	
9.217000	1.044964	0.831773	4.582204	29.435396	0.296639	-1376.461159	
9.218000	0.981541	0.823676	4.584232	29.434187	0.164244	-1376.485743	
9.219000	0.888520	0.953214	4.586391	29.432673	0.226548	-1376.509455	
9.220000	0.715164	0.596986	4.588487	29.431027	0.253805	-1376.532475	
9.221000	0.803956	0.880349	4.590490	29.429384	0.214866	-1376.554973	
9.222000	0.922346	0.629370	4.592499	29.427654	0.253805	-1376.577077	
9.223000	0.842010	0.847965	4.594835	29.425752	0.269381	-1376.598860	
9.224000	0.689795	0.904637	4.598240	29.423859	0.214866	-1376.620345	
9.225000	0.896977	0.767004	4.603020	29.422259	0.242123	-1376.641493	
9.226000	0.896977	0.645563	4.608586	29.421003	0.218760	-1376.662201	
9.227000	0.803956	0.985598	4.614334	29.419911	0.327791	-1376.682318	
9.228000	0.825097	0.742716	4.619930	29.418790	0.226548	-1376.701666	
9.229000	0.850466	0.856061	4.624983	29.417568	0.179820	-1376.720075	
9.230000	0.918118	0.734620	4.629069	29.416230	0.281063	-1376.737397	
9.231000	0.820869	1.058463	4.631864	29.414779	0.362836	-1376.753528	
9.232000	0.723620	0.661755	4.633398	29.413341	0.296639	-1376.768414	
9.233000	0.799728	0.702235	4.634135	29.412011	0.199290	-1376.782064	
9.234000	0.994225	0.702235	4.634610	29.410689	0.331685	-1376.794564	
9.235000	0.875836	0.734620	4.635070	29.409290	0.288851	-1376.806059	
9.236000	0.694023	0.775100	4.635533	29.407985	0.230441	-1376.816725	
9.237000	0.985769	0.807484	4.636005	29.407061	0.199290	-1376.826746	
9.238000	0.875836	0.872253	4.636289	29.406579	0.300533	-1376.836282	
9.239000	0.918118	0.880349	4.635510	29.406355	0.218760	-1376.845449	
9.240000	0.850466	0.702235	4.632713	29.406199	0.296639	-1376.854312	
9.241000	1.023823	0.702235	4.628258	29.406066	0.039637	-1376.862887	
9.242000	1.011138	0.799388	4.623384	29.405977	0.320003	-1376.871127	
9.243000	0.871607	0.937022	4.618903	29.405939	0.347261	-1376.878915	
9.244000	0.710936	0.856061	4.615277	29.406039	0.347261	-1376.886096	
9.245000	0.833553	0.912733	4.612827	29.406335	0.300533	-1376.892496	
9.246000	0.871607	0.880349	4.611571	29.406729	0.413458	-1376.897949	
9.247000	0.871607	0.831773	4.611351	29.407138	0.242123	-1376.902323	
9.248000	0.596774	0.799388	4.611949	29.407710	0.226548	-1376.905527	
9.249000	0.960400	0.734620	4.613259	29.408710	0.238229	-1376.907527	
9.250000	0.896977	0.896541	4.615377	29.410201	0.323897	-1376.908345	
9.251000	0.892748	1.204192	4.618267	29.412004	0.355048	-1376.908081	
9.252000	0.842010	0.880349	4.621494	29.413936	0.172032	-1376.906886	
9.253000	0.989997	0.823676	4.624469	29.415979	0.179820	-1376.904943	
9.254000	0.867379	0.985598	4.626758	29.418184	0.226548	-1376.902434	
9.255000	0.858923	0.912733	4.628190	29.420539	0.288851	-1376.899502	
9.256000	0.761674	0.888445	4.628564	29.423037	0.253805	-1376.896243	
9.257000	0.939259	0.734620	4.627297	29.425649	0.121410	-1376.892712	
9.258000	0.892748	0.969406	4.624027	29.428258	0.269381	-1376.888911	
9.259000	1.078789	0.912733	4.619232	29.430778	0.191502	-1376.884777	
9.260000	0.698251	0.953214	4.613804	29.433317	0.246017	-1376.880185	
9.261000	1.002682	0.945118	4.608476	29.436124	0.191502	-1376.874975	
9.262000	0.795500	0.839869	4.603697	29.439285	0.292745	-1376.868974	
9.263000	0.892748	1.009886	4.599805	29.442643	0.390094	-1376.862027	
9.264000	0.837782	0.904637	4.597042	29.446033	0.183714	-1376.854019	
9.265000	0.998453	0.928926	4.595498	29.449478	0.117516	-1376.844886	
9.266000	0.918118	0.912733	4.595216	29.453074	0.316109	-1376.834616	
9.267000	0.842010	1.074655	4.596131	29.456817	0.370624	-1376.823264	
9.268000	0.706707	1.009886	4.597922	29.460647	0.288851	-1376.810953	
9.269000	0.863151	0.953214	4.600073	29.464487	0.191502	-1376.797849	
9.270000	0.863151	0.847965	4.602121	29.468221	0.323897	-1376.784138	
9.271000	0.863151	0.969406	4.603756	29.471759	0.339473	-1376.769988	
9.272000	0.740533	0.912733	4.604840	29.475160	0.226548	-1376.755523	
9.273000	0.935030	1.009886	4.605020	29.478634	0.199290	-1376.740816	
9.274000	0.825097	0.742716	4.603366	29.482280	0.203184	-1376.725901	
9.275000	0.926574	1.042271	4.599321	29.485956	0.265487	-1376.710754	
9.276000	0.939259	0.742716	4.593523	29.489517	0.156456	-1376.695296	
9.277000	0.981541	0.896541	4.587234	29.493028	-0.010985	-1376.679398	
9.278000	0.977312	0.758908	4.581509	29.496632	0.218760	-1376.662907	
9.279000	0.808184	1.058463	4.576828	29.500323	0.195396	-1376.645657	
9.280000	0.846238	0.791292	4.573266	29.503982	0.164244	-1376.627510	
9.281000	0.858923	1.001790	4.570951	29.507476	0.043531	-1376.608374	
9.282000	0.985769	0.864157	4.570318	29.510694	0.242123	-1376.588211	
9.283000	0.854694	0.791292	4.571723	29.513560	0.160350	-1376.567032	
9.284000	0.791271	0.831773	4.574956	29.516112	0.253805	-1376.544914	
9.285000	0.863151	0.856061	4.579368	29.518548	0.253805	-1376.521994	
9.286000	0.854694	0.896541	4.584120	29.520989	0.312215	-1376.498441	
9.287000	0.757446	1.026079	4.588416	29.523314	0.288851	-1376.474435	
9.288000	0.791271	0.734620	4.591748	29.525401	0.343367	-1376.450134	
9.289000	0.846238	1.050367	4.593859	29.527357	0.203184	-1376.425651	
9.290000	0.930802	0.839869	4.594561	29.529375	0.226548	-1376.401053	
9.291000	0.858923	0.953214	4.593634	29.531465	0.343367	-1376.376354	
9.292000	0.846238	0.758908	4.590984	29.533468	0.362836	-1376.351507	
9.293000	0.812412	0.912733	4.586994	29.535215	0.160350	-1376.326410	
9.294000	0.977312	0.912733	4.582434	29.536595	0.316109	-1376.300921	
9.295000	0.854694	0.856061	4.578002	29.537541	0.312215	-1376.274879	
9.296000	0.884292	1.017982	4.574041	29.538071	0.230441	-1376.248120	
9.297000	0.837782	0.839869	4.570607	29.538370	0.253805	-1376.220518	
9.298000	0.926574	0.928926	4.567736	29.538572	0.160350	-1376.192002	
9.299000	0.888520	0.799388	4.565407	29.538576	0.195396	-1376.162551	
9.300000	0.880064	0.904637	4.563356	29.538281	0.113622	-1376.132203	0.000000
9.301000	0.816641	0.904637	4.561353	29.537843	0.051319	-1376.101062	
9.302000	0.951943	0.896541	4.559442	29.537508	0.281063	-1376.069287	
9.303000	0.808184	0.993694	4.557662	29.537308	0.355048	-1376.037055	
9.304000	0.825097	1.017982	4.555961	29.537067	0.320003	-1376.004542	
9.305000	0.833553	0.823676	4.554397	29.536603	0.168138	-1375.971891	
9.306000	0.913889	0.985598	4.553368	29.535821	0.164244	-1375.939201	
9.307000	0.913889	0.677947	4.553487	29.534681	0.226548	-1375.906523	
9.308000	0.833553	0.977502	4.554744	29.533201	0.187608	-1375.873850	
9.309000	0.748989	0.888445	4.556417	29.531561	0.277169	-1375.841113	
9.310000	0.833553	0.993694	4.558104	29.529897	0.320003	-1375.808191	
9.311000	0.863151	0.783196	4.559862	29.528111	0.378412	-1375.774931	
9.312000	0.808184	0.847965	4.561603	29.526115	0.351155	-1375.741168	
9.313000	0.765902	0.775100	4.563050	29.524084	0.179820	-1375.706751	
9.314000	0.994225	0.750812	4.563676	29.522296	0.214866	-1375.671571	
9.315000	0.901205	0.750812	4.562674	29.520797	0.222654	-1375.635567	
9.316000	0.803956	1.058463	4.559900	29.519402	0.253805	-1375.598735	
9.317000	0.973084	0.815580	4.556281	29.517918	0.172032	-1375.561143	
9.318000	0.968856	0.839869	4.552900	29.516273	0.207078	-1375.522929	
9.319000	0.913889	0.694139	4.550357	29.514449	0.253805	-1375.484268	
9.320000	0.812412	0.904637	4.548858	29.512461	0.347261	-1375.445346	
9.321000	0.689795	0.726523	4.548399	29.510459	0.195396	-1375.406333	
9.322000	0.854694	0.815580	4.548872	29.508558	0.226548	-1375.367364	
9.323000	0.956171	0.856061	4.549990	29.506665	0.339473	-1375.328524	
9.324000	0.850466	0.945118	4.551207	29.504702	0.292745	-1375.289847	
9.325000	0.727848	0.985598	4.552069	29.502852	0.199290	-1375.251305	
9.326000	1.032279	0.831773	4.552613	29.501406	0.358942	-1375.212811	
9.327000	0.782815	0.856061	4.553272	29.500423	0.425140	-1375.174222	
9.328000	0.816641	1.009886	4.554572	29.499717	0.421246	-1375.135368	
9.329000	0.905433	0.872253	4.556758	29.499094	0.397882	-1375.096077	
9.330000	0.956171	0.864157	4.559569	29.498498	0.246017	-1375.056207	
9.331000	0.918118	0.791292	4.562630	29.497934	0.191502	-1375.015664	
9.332000	0.901205	0.783196	4.565928	29.497403	0.269381	-1374.974398	
9.333000	0.694023	0.864157	4.569639	29.496986	0.265487	-1374.932416	
9.334000	0.812412	0.653659	4.573830	29.496739	0.187608	-1374.889801	
9.335000	0.939259	0.750812	4.578381	29.496558	0.261593	-1374.846703	
9.336000	0.875836	0.734620	4.583015	29.496362	0.121410	-1374.803300	
9.337000	0.727848	0.937022	4.587433	29.496308	0.281063	-1374.759774	
9.338000	1.032279	0.742716	4.591264	29.496673	0.261593	-1374.716286	
9.339000	0.888520	0.767004	4.594367	29.497528	0.362836	-1374.672956	
9.340000	0.896977	0.686043	4.597474	29.498699	0.191502	-1374.629853	
9.341000	0.850466	0.872253	4.601494	29.500006	0.203184	-1374.586996	
9.342000	0.998453	0.596986	4.606299	29.501428	-0.010985	-1374.544342	
9.343000	0.918118	0.880349	4.611177	29.503013	0.230441	-1374.501787	
9.344000	0.837782	1.017982	4.615751	29.504759	0.242123	-1374.459177	
9.345000	0.664425	0.969406	4.619827	29.506689	0.304427	-1374.416335	
9.346000	0.833553	0.831773	4.623079	29.508802	0.090259	-1374.373096	
9.347000	0.816641	0.847965	4.625237	29.510988	0.366730	-1374.329333	
9.348000	0.947715	0.686043	4.626061	29.513157	0.382306	-1374.284959	
9.349000	0.681338	0.823676	4.625009	29.515411	0.249911	-1374.239940	
9.350000	1.083017	0.807484	4.621710	29.517988	0.292745	-1374.194300	
9.351000	0.778587	0.928926	4.616636	29.520970	0.304427	-1374.148140	
9.352000	0.884292	1.066559	4.610638	29.524195	0.413458	-1374.101618	
9.353000	0.791271	0.872253	4.604377	29.527491	0.226548	-1374.054914	
9.354000	0.998453	0.767004	4.598271	29.530868	0.055213	-1374.008214	
9.355000	0.905433	0.856061	4.592620	29.534413	0.288851	-1373.961667	
9.356000	0.977312	1.042271	4.587576	29.538105	0.339473	-1373.915374	
9.357000	0.761674	0.856061	4.582921	29.541874	0.183714	-1373.869387	
9.358000	0.918118	0.702235	4.578496	29.545631	0.055213	-1373.823715	
9.359000	0.964628	0.904637	4.574674	29.549261	0.242123	-1373.778304	
9.360000	0.909661	0.864157	4.572008	29.552684	0.265487	-1373.733034	
9.361000	0.778587	0.904637	4.570847	29.555970	0.339473	-1373.687745	
9.362000	0.922346	0.856061	4.571169	29.559340	0.284957	-1373.642262	
9.363000	0.812412	0.791292	4.572587	29.562897	0.378412	-1373.596424	
9.364000	0.842010	1.188000	4.574785	29.566499	0.249911	-1373.550110	
9.365000	0.854694	0.686043	4.577865	29.570004	0.222654	-1373.503248	
9.366000	0.884292	0.823676	4.582022	29.573472	0.242123	-1373.455822	
9.367000	0.905433	0.945118	4.587131	29.577044	0.366730	-1373.407882	
9.368000	0.761674	1.115135	4.592723	29.580711	0.296639	-1373.359545	
9.369000	0.829325	0.831773	4.598206	29.584349	0.405670	-1373.310968	
9.370000	0.795500	0.880349	4.603116	29.587817	-0.018773	-1373.262333	
9.371000	0.909661	0.791292	4.607134	29.590995	0.288851	-1373.213813	
9.372000	0.850466	0.945118	4.610006	29.593805	0.199290	-1373.165547	
9.373000	0.922346	0.823676	4.611524	29.596279	0.246017	-1373.117616	
9.374000	0.875836	0.945118	4.611247	29.598615	0.226548	-1373.070056	
9.375000	0.850466	0.645563	4.608653	29.600936	0.323897	-1373.022855	
9.376000	0.913889	0.750812	4.604071	29.603123	0.355048	-1372.975936	
9.377000	0.918118	0.734620	4.598744	29.605057	0.144774	-1372.929168	
9.378000	0.846238	0.888445	4.593937	29.606849	0.063001	-1372.882391	
9.379000	0.913889	0.815580	4.590492	29.608694	0.195396	-1372.835444	
9.380000	0.825097	0.888445	4.588690	29.610596	0.358942	-1372.788184	
9.381000	0.863151	0.896541	4.588179	29.612393	0.312215	-1372.740511	
9.382000	0.825097	0.726523	4.588460	29.613907	0.098047	-1372.692378	
9.383000	0.964628	0.872253	4.589508	29.615033	0.273275	-1372.643794	
9.384000	0.833553	0.758908	4.591629	29.615710	0.378412	-1372.594834	
9.385000	0.867379	0.969406	4.594785	29.615961	0.261593	-1372.545627	
9.386000	0.664425	0.928926	4.598459	29.615977	0.382306	-1372.496335	
9.387000	0.867379	0.839869	4.602048	29.615896	0.277169	-1372.447137	
9.388000	0.820869	0.856061	4.605013	29.615613	0.417352	-1372.398191	
9.389000	0.930802	0.945118	4.606873	29.615021	0.374518	-1372.349611	
9.390000	0.803956	0.564602	4.607507	29.614266	0.191502	-1372.301463	
9.391000	0.973084	0.677947	4.607260	29.613587	0.288851	-1372.253760	
9.392000	0.905433	0.864157	4.606473	29.613005	0.269381	-1372.206458	
9.393000	0.918118	0.961310	4.605332	29.612348	0.288851	-1372.159454	
9.394000	0.888520	0.823676	4.604141	29.611431	0.207078	-1372.112607	
9.395000	0.951943	0.928926	4.603243	29.610162	0.347261	-1372.065758	
9.396000	0.926574	0.750812	4.602750	29.608500	0.230441	-1372.018750	
9.397000	0.846238	0.847965	4.602544	29.606463	0.331685	-1371.971448	
9.398000	0.668654	0.572698	4.602513	29.604230	0.304427	-1371.923768	
9.399000	0.875836	0.742716	4.602608	29.601941	0.203184	-1371.875678	
9.400000	0.905433	0.783196	4.602733	29.599506	0.292745	-1371.827205	0.000000
9.401000	0.888520	0.718427	4.602763	29.596842	0.269381	-1371.778439	
9.402000	0.732077	0.775100	4.602481	29.594138	0.179820	-1371.729527	
9.403000	0.884292	0.937022	4.601718	29.591684	0.261593	-1371.680636	
9.404000	0.837782	0.815580	4.600601	29.589534	0.331685	-1371.631936	
9.405000	0.799728	0.920829	4.599336	29.587512	0.292745	-1371.583566	
9.406000	0.820869	0.637467	4.597910	29.585427	0.304427	-1371.535619	
9.407000	0.913889	0.872253	4.595917	29.583207	0.207078	-1371.488148	
9.408000	0.989997	0.807484	4.592812	29.580835	0.339473	-1371.441151	
9.409000	0.825097	1.082751	4.588587	29.578319	0.444610	-1371.394560	
9.410000	0.668654	0.783196	4.583903	29.575809	0.292745	-1371.348248	
9.411000	0.808184	0.872253	4.579562	29.573421	0.195396	-1371.302061	
9.412000	0.909661	0.767004	4.576078	29.571057	0.323897	-1371.255838	
9.413000	0.820869	0.839869	4.573609	29.568634	0.265487	-1371.209424	
9.414000	0.715164	0.742716	4.571916	29.566331	0.281063	-1371.162705	
9.415000	1.019594	0.847965	4.570499	29.564436	0.238229	-1371.115612	
9.416000	0.930802	0.880349	4.569071	29.563006	0.140880	-1371.068134	
9.417000	0.884292	0.847965	4.567671	29.561856	0.210972	-1371.020329	
9.418000	0.913889	0.710331	4.566480	29.560796	0.207078	-1370.972323	
9.419000	0.930802	0.767004	4.565730	29.559778	0.133092	-1370.924285	
9.420000	0.905433	0.928926	4.565508	29.558811	0.249911	-1370.876402	
9.421000	0.842010	1.034175	4.565777	29.557903	0.316109	-1370.828842	
9.422000	0.643284	0.904637	4.566555	29.557150	0.335579	-1370.781732	
9.423000	0.795500	0.807484	4.567730	29.556619	0.281063	-1370.735153	
9.424000	0.939259	0.953214	4.568828	29.556212	0.288851	-1370.689138	
9.425000	0.842010	0.831773	4.569565	29.555851	0.288851	-1370.643662	
9.426000	0.634828	0.888445	4.570168	29.555695	0.288851	-1370.598633	
9.427000	1.023823	0.864157	4.570961	29.556015	0.378412	-1370.553905	
9.428000	0.863151	0.945118	4.572186	29.556868	0.417352	-1370.509305	
9.429000	0.837782	1.058463	4.573895	29.558068	0.335579	-1370.464660	
9.430000	0.842010	0.985598	4.575990	29.559429	0.191502	-1370.419823	
9.431000	0.981541	0.742716	4.578106	29.560920	0.129198	-1370.374695	
9.432000	0.825097	0.653659	4.579496	29.562578	0.331685	-1370.329228	
9.433000	0.951943	0.653659	4.579937	29.564392	0.222654	-1370.283423	
9.434000	0.782815	0.937022	4.580065	29.566387	0.191502	-1370.237353	
9.435000	0.943487	0.758908	4.580391	29.568565	0.101940	-1370.191158	
9.436000	0.896977	0.912733	4.580934	29.570819	0.218760	-1370.145015	
9.437000	0.867379	0.856061	4.581582	29.573065	0.242123	-1370.099105	
9.438000	0.647513	0.815580	4.582260	29.575417	0.199290	-1370.053584	
9.439000	1.074561	0.596986	4.582988	29.578123	0.281063	-1370.008563	
9.440000	0.825097	0.758908	4.583493	29.581258	0.273275	-1369.964104	
9.441000	0.947715	1.107039	4.582856	29.584659	0.288851	-1369.920219	
9.442000	0.748989	0.937022	4.580538	29.588158	0.277169	-1369.876859	
9.443000	0.973084	0.888445	4.577158	29.591770	-0.030454	-1369.833918	
9.444000	0.846238	0.831773	4.573767	29.595580	0.405670	-1369.791246	
9.445000	0.799728	1.074655	4.571177	29.599579	0.374518	-1369.748668	
9.446000	0.719392	0.888445	4.569794	29.603719	0.370624	-1369.706009	
9.447000	0.871607	0.839869	4.569663	29.607927	0.226548	-1369.663130	
9.448000	0.888520	0.888445	4.570778	29.612081	0.362836	-1369.619947	
9.449000	0.858923	0.880349	4.573244	29.616093	0.063001	-1369.576418	
9.450000	0.782815	0.791292	4.577089	29.620032	0.296639	-1369.532559	
9.451000	1.028051	1.001790	4.582100	29.624116	0.168138	-1369.488455	
9.452000	0.863151	0.767004	4.587766	29.628436	0.429034	-1369.444256	
9.453000	0.875836	1.001790	4.593326	29.632839	0.308321	-1369.400142	
9.454000	0.854694	0.726523	4.598049	29.637171	0.281063	-1369.356292	
9.455000	0.998453	0.888445	4.601517	29.641483	0.172032	-1369.312858	
9.456000	0.964628	0.556506	4.603723	29.645905	0.140880	-1369.269941	
9.457000	0.837782	1.026079	4.604739	29.650427	0.249911	-1369.227591	
9.458000	0.875836	0.969406	4.604445	29.654941	0.199290	-1369.185806	
9.459000	0.888520	0.912733	4.602840	29.659321	0.020167	-1369.144526	
9.460000	0.947715	0.864157	4.600302	29.663450	0.249911	-1369.103629	
9.461000	0.833553	0.937022	4.597353	29.667255	0.242123	-1369.062953	
9.462000	0.787043	0.953214	4.594321	29.670776	0.183714	-1369.022311	
9.463000	0.820869	0.993694	4.591273	29.674214	0.269381	-1368.981532	
9.464000	0.778587	0.815580	4.588321	29.677686	0.312215	-1368.940485	
9.465000	0.740533	1.058463	4.585522	29.681066	0.440716	-1368.899091	
9.466000	0.939259	0.734620	4.582586	29.684224	0.183714	-1368.857327	
9.467000	0.922346	0.864157	4.579559	29.687257	0.098047	-1368.815239	
9.468000	0.922346	0.791292	4.576990	29.690344	0.195396	-1368.772939	
9.469000	0.753218	1.017982	4.575106	29.693491	0.300533	-1368.730581	
9.470000	0.850466	0.969406	4.573816	29.696543	0.378412	-1368.688335	
9.471000	0.812412	1.009886	4.573127	29.699335	0.055213	-1368.646375	
9.472000	0.956171	0.847965	4.573040	29.701749	0.226548	-1368.604840	
9.473000	0.812412	0.669851	4.573442	29.703715	0.277169	-1368.563816	
9.474000	0.892748	0.953214	4.574425	29.705259	0.358942	-1368.523338	
9.475000	0.892748	0.710331	4.576359	29.706578	0.191502	-1368.483385	
9.476000	0.892748	0.791292	4.579284	29.707811	0.269381	-1368.443878	
9.477000	0.846238	0.856061	4.582801	29.708852	0.284957	-1368.404682	
9.478000	0.867379	0.953214	4.586502	29.709597	0.226548	-1368.365632	
9.479000	0.833553	0.872253	4.590041	29.710185	0.094153	-1368.326555	
9.480000	0.951943	0.839869	4.593047	29.710849	0.234335	-1368.287298	
9.481000	0.812412	0.677947	4.595207	29.711610	0.296639	-1368.247749	
9.482000	0.829325	0.823676	4.596415	29.712298	0.362836	-1368.207844	
9.483000	0.816641	0.815580	4.596855	29.712729	0.136986	-1368.167581	
9.484000	0.875836	1.017982	4.596873	29.712804	0.304427	-1368.127034	
9.485000	0.837782	0.856061	4.596706	29.712476	0.300533	-1368.086334	
9.486000	0.816641	1.115135	4.596282	29.711762	0.316109	-1368.045642	
9.487000	0.740533	0.839869	4.595440	29.710842	0.253805	-1368.005127	
9.488000	0.795500	0.864157	4.594198	29.709851	0.238229	-1367.964947	
9.489000	0.875836	0.629370	4.592845	29.708689	0.448504	-1367.925219	
9.490000	0.842010	0.750812	4.591488	29.707261	0.335579	-1367.886009	
9.491000	0.820869	0.710331	4.589222	29.705734	0.210972	-1367.847334	
9.492000	0.964628	0.783196	4.584956	29.704374	0.284957	-1367.809151	
9.493000	0.930802	0.888445	4.578974	29.703216	0.432928	-1367.771355	
9.494000	0.867379	0.969406	4.572510	29.702078	0.296639	-1367.733799	
9.495000	0.935030	0.726523	4.566610	29.700767	0.125304	-1367.696315	
9.496000	0.846238	0.856061	4.561826	29.699205	0.063001	-1367.658741	
9.497000	0.905433	0.758908	4.558442	29.697366	0.214866	-1367.620940	
9.498000	0.812412	0.953214	4.556380	29.695263	0.269381	-1367.582818	
9.499000	0.736305	0.613178	4.555224	29.693052	0.312215	-1367.544331	
9.500000	0.896977	0.896541	4.554971	29.690856	0.222654	-1367.505497	1.000000
9.501000	0.901205	1.026079	4.556023	29.688585	0.312215	-1367.466408	
9.502000	0.799728	0.993694	4.558360	29.686164	0.214866	-1367.427204	
9.503000	0.647513	0.872253	4.561544	29.683778	0.210972	-1367.388056	
9.504000	0.837782	0.872253	4.565109	29.681719	0.265487	-1367.349134	
9.505000	0.850466	0.799388	4.568651	29.680041	0.347261	-1367.310581	
9.506000	0.905433	0.993694	4.572014	29.678554	0.417352	-1367.272490	
9.507000	0.913889	0.783196	4.575262	29.677064	0.261593	-1367.234912	
9.508000	0.973084	0.831773	4.578280	29.675510	0.218760	-1367.197849	
9.509000	0.905433	0.669851	4.580823	29.673896	0.281063	-1367.161236	
9.510000	0.884292	0.961310	4.582918	29.672224	0.238229	-1367.124947	
9.511000	0.655969	0.847965	4.584901	29.670601	0.296639	-1367.088823	
9.512000	0.854694	0.831773	4.587085	29.669101	0.210972	-1367.052694	
9.513000	0.901205	0.880349	4.589482	29.667620	0.405670	-1367.016405	
9.514000	0.905433	0.661755	4.592092	29.666077	0.117516	-1366.979836	
9.515000	0.723620	0.937022	4.595518	29.664634	0.226548	-1366.942909	
9.516000	1.011138	0.621274	4.600600	29.663574	0.199290	-1366.905603	
9.517000	0.884292	0.864157	4.607496	29.662971	0.218760	-1366.867963	
9.518000	0.875836	0.920829	4.615577	29.662650	0.218760	-1366.830106	
9.519000	0.837782	0.953214	4.623802	29.662431	0.312215	-1366.792190	
9.520000	0.964628	0.896541	4.631212	29.662288	0.121410	-1366.754397	
9.521000	0.825097	0.993694	4.637293	29.662260	0.238229	-1366.716896	
9.522000	0.829325	0.977502	4.641918	29.662342	0.273275	-1366.679812	
9.523000	0.588318	0.920829	4.644899	29.662566	0.292745	-1366.643224	
9.524000	0.833553	0.799388	4.645817	29.662936	0.125304	-1366.607165	
9.525000	0.858923	0.823676	4.644545	29.663339	0.440716	-1366.571618	
9.526000	0.964628	0.839869	4.641494	29.663686	0.246017	-1366.536498	
9.527000	0.664425	0.977502	4.637343	29.664097	0.214866	-1366.501664	
9.528000	0.968856	0.799388	4.632710	29.664821	0.288851	-1366.466945	
9.529000	0.795500	0.920829	4.627836	29.665936	0.339473	-1366.432166	
9.530000	0.888520	0.896541	4.622850	29.667270	0.265487	-1366.397176	
9.531000	0.892748	0.669851	4.618368	29.668645	0.242123	-1366.361871	
9.532000	1.049192	0.775100	4.615284	29.670065	0.183714	-1366.326201	
9.533000	0.960400	0.718427	4.614094	29.671603	0.288851	-1366.290169	
9.534000	0.939259	1.074655	4.614744	29.673252	0.210972	-1366.253848	
9.535000	0.727848	0.839869	4.616859	29.674987	0.203184	-1366.217372	
9.536000	0.863151	0.880349	4.619917	29.676758	0.113622	-1366.180922	
9.537000	0.846238	0.783196	4.623367	29.678451	0.265487	-1366.144684	
9.538000	0.884292	0.815580	4.626724	29.679980	0.195396	-1366.108822	
9.539000	0.719392	0.718427	4.629290	29.681422	0.284957	-1366.073448	
9.540000	0.947715	0.661755	4.630203	29.683000	0.308321	-1366.038623	
9.541000	0.846238	0.758908	4.629231	29.684807	0.355048	-1366.004354	
9.542000	0.909661	1.009886	4.626754	29.686694	0.327791	-1365.970593	
9.543000	0.808184	0.807484	4.623167	29.688511	0.327791	-1365.937234	
9.544000	0.901205	0.888445	4.619016	29.690305	0.195396	-1365.904124	
9.545000	0.926574	0.694139	4.614891	29.692199	0.284957	-1365.871086	
9.546000	0.833553	1.082751	4.611119	29.694181	0.292745	-1365.837940	
9.547000	0.812412	0.839869	4.607929	29.696143	0.284957	-1365.804539	
9.548000	0.825097	0.880349	4.605181	29.697958	0.136986	-1365.770792	
9.549000	0.930802	0.856061	4.602265	29.699499	0.401776	-1365.736662	
9.550000	0.867379	0.815580	4.599131	29.700680	0.168138	-1365.702167	
9.551000	0.922346	0.969406	4.596384	29.701544	0.351155	-1365.667393	
9.552000	0.926574	0.815580	4.594233	29.702291	0.288851	-1365.632485	
9.553000	0.880064	0.823676	4.592494	29.703036	0.312215	-1365.597620	
9.554000	0.863151	1.026079	4.591038	29.703653	0.304427	-1365.562978	
9.555000	0.850466	0.783196	4.589764	29.704011	0.238229	-1365.528710	
9.556000	0.905433	0.775100	4.588341	29.704203	0.024061	-1365.494918	
9.557000	0.964628	0.847965	4.585900	29.704402	0.288851	-1365.461653	
9.558000	0.854694	0.937022	4.581670	29.704602	0.214866	-1365.428913	
9.559000	0.799728	0.758908	4.575916	29.704654	0.351155	-1365.396626	
9.560000	0.791271	0.864157	4.569650	29.704400	0.086365	-1365.364669	
9.561000	0.926574	0.953214	4.563944	29.703731	0.343367	-1365.332880	
9.562000	0.816641	0.872253	4.559689	29.702584	0.230441	-1365.301081	
9.563000	0.761674	0.961310	4.557503	29.700983	0.370624	-1365.269094	
9.564000	0.719392	0.937022	4.557544	29.699121	0.304427	-1365.236782	
9.565000	0.935030	0.815580	4.560024	29.697130	0.378412	-1365.204060	
9.566000	0.905433	0.637467	4.565700	29.694898	0.316109	-1365.170900	
9.567000	0.888520	0.888445	4.574683	29.692317	0.261593	-1365.137341	
9.568000	0.850466	0.791292	4.585711	29.689521	0.246017	-1365.103494	
9.569000	0.951943	1.001790	4.597088	29.686734	0.156456	-1365.069522	
9.570000	0.850466	0.880349	4.607379	29.683971	0.296639	-1365.035606	
9.571000	0.854694	1.042271	4.615657	29.681060	0.390094	-1365.001921	
9.572000	0.846238	0.767004	4.621535	29.677812	0.055213	-1364.968610	
9.573000	1.019594	0.807484	4.624808	29.674127	0.347261	-1364.935767	
9.574000	0.985769	0.734620	4.625256	29.669960	0.253805	-1364.903435	
9.575000	0.791271	0.888445	4.622822	29.665337	0.269381	-1364.871597	
9.576000	0.778587	0.694139	4.617847	29.660452	0.230441	-1364.840169	
9.577000	0.829325	0.872253	4.611109	29.655455	0.261593	-1364.809015	
9.578000	0.880064	0.823676	4.603507	29.650255	0.351155	-1364.777966	
9.579000	0.829325	0.815580	4.595665	29.644767	0.288851	-1364.746841	
9.580000	0.770130	0.767004	4.587995	29.639164	0.296639	-1364.715479	
9.581000	0.846238	0.945118	4.580646	29.633717	0.331685	-1364.683761	
9.582000	0.837782	0.993694	4.573466	29.628462	0.261593	-1364.651616	
9.583000	0.740533	1.066559	4.566699	29.623221	0.382306	-1364.619036	
9.584000	0.850466	0.945118	4.561057	29.617806	0.160350	-1364.586083	
9.585000	0.905433	0.993694	4.556901	29.612134	0.312215	-1364.552889	
9.586000	0.905433	0.815580	4.554070	29.606178	0.269381	-1364.519620	
9.587000	0.753218	1.017982	4.552312	29.599952	0.320003	-1364.486446	
9.588000	0.647513	0.928926	4.551516	29.593616	0.296639	-1364.453527	
9.589000	0.837782	0.880349	4.551616	29.587295	0.210972	-1364.420986	
9.590000	0.875836	0.823676	4.552427	29.580894	0.432928	-1364.388897	
9.591000	0.909661	1.009886	4.553897	29.574332	0.187608	-1364.357290	
9.592000	0.748989	0.856061	4.556418	29.567794	0.308321	-1364.326128	
9.593000	1.044964	0.928926	4.560224	29.561574	0.292745	-1364.295314	
9.594000	0.871607	0.783196	4.564871	29.555733	0.370624	-1364.264701	
9.595000	0.825097	0.977502	4.569793	29.550092	0.304427	-1364.234118	
9.596000	0.867379	0.856061	4.574616	29.544462	0.156456	-1364.203396	
9.597000	0.939259	0.847965	4.578930	29.538785	0.113622	-1364.172400	
9.598000	0.896977	0.920829	4.582458	29.533064	0.320003	-1364.141035	
9.599000	0.795500	0.977502	4.585293	29.527311	0.358942	-1364.109246	
9.600000	0.689795	0.864157	4.587530	29.521649	0.277169	-1364.077035	1.000000
9.601000	0.901205	0.888445	4.589174	29.516173	0.210972	-1364.044467	
9.602000	0.837782	0.864157	4.590278	29.510787	0.343367	-1364.011640	
9.603000	0.774359	0.839869	4.590792	29.505409	0.222654	-1363.978660	
9.604000	0.655969	1.042271	4.590656	29.500206	0.436822	-1363.945643	
9.605000	0.960400	0.856061	4.589863	29.495458	0.320003	-1363.912687	
9.606000	0.846238	1.042271	4.588488	29.491230	0.405670	-1363.879849	
9.607000	0.863151	0.815580	4.586746	29.487341	0.257699	-1363.847143	
9.608000	0.884292	0.864157	4.584731	29.483602	0.195396	-1363.814536	
9.609000	0.968856	0.831773	4.582526	29.479976	0.101940	-1363.781938	
9.610000	0.901205	0.839869	4.580565	29.476487	0.300533	-1363.749201	
9.611000	0.905433	1.017982	4.579360	29.473131	0.382306	-1363.716138	
9.612000	0.672882	0.961310	4.579174	29.469958	0.187608	-1363.682544	
9.613000	0.926574	0.872253	4.580019	29.466994	0.074683	-1363.648232	
9.614000	0.867379	0.864157	4.581708	29.464131	0.393988	-1363.613051	
9.615000	0.905433	0.726523	4.584353	29.461281	0.320003	-1363.576895	
9.616000	0.710936	0.621274	4.588655	29.458567	0.300533	-1363.539708	
9.617000	1.078789	0.677947	4.594922	29.456236	0.269381	-1363.501500	
9.618000	0.829325	0.783196	4.602413	29.454360	0.366730	-1363.462346	
9.619000	0.858923	1.204192	4.609922	29.452771	0.312215	-1363.422370	
9.620000	0.753218	1.042271	4.616325	29.451299	0.210972	-1363.381713	
9.621000	0.981541	0.928926	4.620838	29.449942	0.129198	-1363.340516	
9.622000	0.854694	0.872253	4.623313	29.448771	0.242123	-1363.298881	
9.623000	0.829325	1.220385	4.624250	29.447772	0.335579	-1363.256860	
9.624000	0.787043	0.912733	4.624501	29.446915	0.257699	-1363.214462	
9.625000	0.905433	0.945118	4.624740	29.446144	0.055213	-1363.171649	
9.626000	0.981541	0.928926	4.624916	29.445340	0.362836	-1363.128319	
9.627000	0.880064	0.847965	4.624518	29.444414	0.335579	-1363.084309	
9.628000	0.723620	0.912733	4.623283	29.443441	0.335579	-1363.039421	
9.629000	0.973084	0.880349	4.621376	29.442639	0.242123	-1362.993452	
9.630000	0.884292	0.661755	4.619229	29.442097	0.370624	-1362.946224	
9.631000	0.956171	0.937022	4.617362	29.441663	0.413458	-1362.897605	
9.632000	0.956171	0.726523	4.616192	29.441183	0.144774	-1362.847514	
9.633000	1.044964	0.993694	4.615817	29.440703	0.024061	-1362.795933	
9.634000	0.977312	0.710331	4.616044	29.440347	0.183714	-1362.742910	
9.635000	0.833553	0.985598	4.616592	29.440109	0.296639	-1362.688556	
9.636000	0.816641	0.880349	4.617130	29.439899	0.358942	-1362.633015	
9.637000	0.833553	0.758908	4.617519	29.439606	0.078577	-1362.576453	
9.638000	0.930802	0.767004	4.618076	29.439115	0.331685	-1362.519019	
9.639000	0.880064	0.847965	4.619198	29.438344	0.257699	-1362.460817	
9.640000	0.842010	0.694139	4.620832	29.437336	0.339473	-1362.401895	
9.641000	0.858923	1.026079	4.622921	29.436288	0.296639	-1362.342254	
9.642000	0.909661	0.758908	4.625761	29.435315	0.226548	-1362.281837	
9.643000	0.812412	1.058463	4.629360	29.434289	0.265487	-1362.220529	
9.644000	0.833553	0.750812	4.633364	29.433082	0.191502	-1362.158169	
9.645000	0.867379	0.888445	4.637481	29.431784	0.121410	-1362.094577	
9.646000	0.960400	0.880349	4.641329	29.430566	0.300533	-1362.029573	
9.647000	0.803956	0.912733	4.644428	29.429424	0.347261	-1361.963008	
9.648000	0.871607	1.042271	4.646561	29.428206	0.335579	-1361.894780	
9.649000	0.833553	0.904637	4.647548	29.426748	0.129198	-1361.824847	
9.650000	0.994225	0.734620	4.646801	29.424935	0.327791	-1361.753227	
9.651000	0.981541	0.742716	4.643943	29.422700	0.152562	-1361.680007	
9.652000	0.884292	0.710331	4.639426	29.420074	0.238229	-1361.605328	
9.653000	0.833553	0.888445	4.634090	29.417254	0.269381	-1361.529360	
9.654000	0.884292	0.904637	4.628645	29.414377	0.277169	-1361.452281	
9.655000	0.854694	0.856061	4.623542	29.411339	0.335579	-1361.374246	
9.656000	0.875836	0.702235	4.618913	29.408035	0.261593	-1361.295363	
9.657000	0.863151	0.807484	4.614680	29.404611	0.094153	-1361.215691	
9.658000	0.913889	0.661755	4.610801	29.401302	0.160350	-1361.135238	
9.659000	0.884292	0.856061	4.607338	29.398132	0.296639	-1361.053942	
9.660000	0.880064	1.050367	4.604489	29.394930	0.281063	-1360.971683	
9.661000	0.808184	0.977502	4.602536	29.391516	0.136986	-1360.888309	
9.662000	0.892748	0.961310	4.601574	29.387798	0.129198	-1360.803653	
9.663000	0.820869	0.775100	4.601467	29.383731	0.393988	-1360.717556	
9.664000	0.744761	0.880349	4.602046	29.379333	0.366730	-1360.629887	
9.665000	0.706707	0.661755	4.603470	29.374786	0.339473	-1360.540567	
9.666000	0.913889	0.791292	4.606440	29.370228	0.351155	-1360.449573	
9.667000	0.935030	0.694139	4.611495	29.365564	0.421246	-1360.356949	
9.668000	0.867379	0.937022	4.618196	29.360707	0.284957	-1360.262808	
9.669000	0.744761	0.815580	4.625353	29.355832	0.249911	-1360.167311	
9.670000	0.913889	0.856061	4.631634	29.351211	0.292745	-1360.070641	
9.671000	0.901205	0.661755	4.636030	29.346886	0.347261	-1359.972978	
9.672000	0.829325	0.807484	4.638074	29.342672	0.390094	-1359.874468	
9.673000	0.943487	0.661755	4.637580	29.338373	0.121410	-1359.775214	
9.674000	0.926574	1.009886	4.634402	29.333910	0.300533	-1359.675278	
9.675000	0.985769	0.799388	4.628634	29.329258	0.234335	-1359.574667	
9.676000	0.820869	0.928926	4.620813	29.324433	0.226548	-1359.473315	
9.677000	0.672882	0.783196	4.611922	29.319589	0.175926	-1359.371101	
9.678000	0.791271	0.937022	4.602998	29.314849	0.265487	-1359.267879	
9.679000	0.854694	0.799388	4.594491	29.310122	0.316109	-1359.163500	
9.680000	0.799728	0.864157	4.586346	29.305331	0.234335	-1359.057826	
9.681000	0.668654	0.823676	4.578712	29.300665	0.179820	-1358.950755	
9.682000	0.892748	0.864157	4.572013	29.296418	0.320003	-1358.842232	
9.683000	0.820869	0.872253	4.566596	29.292645	0.327791	-1358.732260	
9.684000	0.791271	0.928926	4.562694	29.289161	0.323897	-1358.620914	
9.685000	0.850466	0.815580	4.560330	29.285778	0.331685	-1358.508335	
9.686000	0.918118	0.815580	4.559163	29.282439	0.148668	-1358.394703	
9.687000	0.896977	0.847965	4.558792	29.279145	0.187608	-1358.280211	
9.688000	0.812412	0.969406	4.559117	29.275899	0.358942	-1358.165031	
9.689000	0.664425	0.961310	4.560237	29.272791	0.417352	-1358.049301	
9.690000	0.816641	0.758908	4.562480	29.269878	0.316109	-1357.933114	
9.691000	0.901205	0.880349	4.566061	29.267054	0.413458	-1357.816517	
9.692000	0.880064	0.677947	4.570023	29.264233	0.284957	-1357.699497	
9.693000	0.736305	0.904637	4.572937	29.261577	0.358942	-1357.581974	
9.694000	0.994225	0.710331	4.574539	29.259370	0.222654	-1357.463820	
9.695000	0.867379	0.912733	4.575388	29.257688	0.284957	-1357.344887	
9.696000	0.871607	0.945118	4.575977	29.256354	0.444610	-1357.225024	
9.697000	0.846238	0.928926	4.576642	29.255188	0.210972	-1357.104112	
9.698000	0.968856	0.750812	4.577313	29.254165	0.074683	-1356.982082	
9.699000	0.926574	0.653659	4.577370	29.253330	0.218760	-1356.858911	
9.700000	0.905433	0.904637	4.576479	29.252675	0.390094	-1356.734630	1.000000
9.701000	0.715164	1.131328	4.575049	29.252220	0.265487	-1356.609337	
9.702000	0.833553	1.001790	4.573469	29.251965	0.121410	-1356.483191	
9.703000	0.820869	0.937022	4.571807	29.251800	0.351155	-1356.356385	
9.704000	0.850466	0.815580	4.570253	29.251643	0.172032	-1356.229107	
9.705000	0.584090	0.945118	4.569263	29.251613	0.242123	-1356.101521	
9.706000	1.044964	0.888445	4.569100	29.251959	0.331685	-1355.973741	
9.707000	0.854694	0.807484	4.569393	29.252758	0.370624	-1355.845836	
9.708000	0.896977	0.856061	4.569509	29.253843	0.320003	-1355.717827	
9.709000	0.854694	0.613178	4.569158	29.255038	0.230441	-1355.589672	
9.710000	0.964628	0.839869	4.568499	29.256352	0.070789	-1355.461276	
9.711000	0.888520	0.856061	4.568014	29.257864	0.238229	-1355.332509	
9.712000	0.846238	1.050367	4.568195	29.259560	0.277169	-1355.203222	
9.713000	0.774359	0.831773	4.569296	29.261394	0.370624	-1355.073274	
9.714000	0.930802	0.596986	4.571434	29.263297	0.121410	-1354.942570	
9.715000	0.981541	0.677947	4.574351	29.265151	0.343367	-1354.811060	
9.716000	0.981541	0.483641	4.577472	29.266871	0.316109	-1354.678745	
9.717000	0.765902	0.920829	4.581091	29.268535	0.238229	-1354.545681	
9.718000	0.951943	0.823676	4.585986	29.270372	0.160350	-1354.411995	
9.719000	0.816641	0.945118	4.591904	29.272483	0.343367	-1354.277861	
9.720000	0.875836	1.026079	4.597942	29.274723	0.288851	-1354.143476	
9.721000	0.858923	0.669851	4.603511	29.276941	0.195396	-1354.009030	
9.722000	0.951943	0.831773	4.608359	29.279191	0.090259	-1353.874679	
9.723000	0.896977	0.710331	4.612014	29.281608	0.230441	-1353.740526	
9.724000	0.850466	1.082751	4.613435	29.284186	0.269381	-1353.606623	
9.725000	0.808184	0.920829	4.611822	29.286810	0.164244	-1353.472970	
9.726000	0.825097	0.904637	4.607535	29.289351	0.051319	-1353.339509	
9.727000	0.926574	0.799388	4.601830	29.291690	0.269381	-1353.206126	
9.728000	0.871607	0.888445	4.596021	29.293745	0.440716	-1353.072670	
9.729000	0.858923	0.896541	4.590903	29.295550	0.327791	-1352.938974	
9.730000	0.858923	0.937022	4.586795	29.297299	0.238229	-1352.804894	
9.731000	0.930802	0.896541	4.583888	29.299109	0.269381	-1352.670336	
9.732000	0.888520	0.669851	4.582232	29.300854	0.452398	-1352.535255	
9.733000	0.892748	0.694139	4.581680	29.302408	0.179820	-1352.399660	
9.734000	0.951943	0.686043	4.581884	29.303870	0.230441	-1352.263633	
9.735000	1.002682	0.669851	4.582441	29.305423	0.284957	-1352.127314	
9.736000	0.825097	0.945118	4.583193	29.307069	0.300533	-1351.990883	
9.737000	0.922346	0.864157	4.584231	29.308653	0.210972	-1351.854532	
9.738000	0.799728	0.815580	4.585676	29.310003	0.168138	-1351.718446	
9.739000	0.964628	0.750812	4.587355	29.311012	0.308321	-1351.582774	
9.740000	0.884292	0.775100	4.588610	29.311614	0.277169	-1351.447608	
9.741000	0.829325	0.726523	4.588491	29.311833	0.253805	-1351.312988	
9.742000	0.837782	0.896541	4.586558	29.311868	0.238229	-1351.178889	
9.743000	0.820869	0.750812	4.583469	29.311865	0.179820	-1351.045229	
9.744000	0.778587	0.961310	4.580468	29.311725	0.242123	-1350.911875	
9.745000	0.850466	0.993694	4.578614	29.311346	0.203184	-1350.778669	
9.746000	0.732077	0.904637	4.578484	29.310875	0.121410	-1350.645451	
9.747000	0.888520	0.856061	4.580071	29.310546	0.098047	-1350.512089	
9.748000	0.850466	0.961310	4.582966	29.310377	0.491337	-1350.378496	
9.749000	0.854694	1.042271	4.587164	29.310189	0.355048	-1350.244635	
9.750000	0.833553	0.799388	4.593141	29.309790	0.261593	-1350.110528	
9.751000	0.905433	0.904637	4.600827	29.309083	0.226548	-1349.976273	
9.752000	0.888520	0.920829	4.609329	29.308023	0.203184	-1349.842025	
9.753000	0.829325	1.034175	4.617628	29.306622	0.413458	-1349.707969	
9.754000	0.740533	0.880349	4.625161	29.305056	0.308321	-1349.574297	
9.755000	0.880064	0.945118	4.631723	29.303460	0.218760	-1349.441181	
9.756000	0.994225	0.710331	4.636969	29.301737	0.386200	-1349.308749	
9.757000	0.935030	0.880349	4.640213	29.299802	0.156456	-1349.177077	
9.758000	0.791271	0.880349	4.640603	29.297835	0.218760	-1349.046190	
9.759000	0.918118	0.864157	4.637651	29.296120	0.242123	-1348.916047	
9.760000	0.880064	0.839869	4.631884	29.294707	0.175926	-1348.786540	
9.761000	0.787043	1.163712	4.624549	29.293414	0.253805	-1348.657522	
9.762000	0.896977	0.734620	4.616652	29.292051	0.148668	-1348.528831	
9.763000	0.901205	0.945118	4.608755	29.290539	0.210972	-1348.400314	
9.764000	0.871607	0.775100	4.601437	29.288862	0.222654	-1348.271854	
9.765000	0.681338	1.009886	4.595184	29.287035	0.370624	-1348.143375	
9.766000	0.715164	1.034175	4.589969	29.285210	0.214866	-1348.014854	
9.767000	0.740533	0.928926	4.585508	29.283505	0.304427	-1347.886339	
9.768000	0.892748	0.783196	4.581705	29.281829	0.351155	-1347.757944	
9.769000	0.825097	0.864157	4.578629	29.280100	0.405670	-1347.629825	
9.770000	0.677110	0.847965	4.576324	29.278495	0.386200	-1347.502159	
9.771000	0.943487	0.872253	4.574870	29.277301	0.292745	-1347.375121	
9.772000	0.901205	0.831773	4.574494	29.276570	0.335579	-1347.248858	
9.773000	0.825097	0.961310	4.575013	29.276118	0.308321	-1347.123472	
9.774000	0.846238	0.977502	4.575763	29.275749	0.242123	-1346.999025	
9.775000	0.964628	0.799388	4.576590	29.275411	0.140880	-1346.875528	
9.776000	0.956171	0.945118	4.577794	29.275112	0.238229	-1346.752923	
9.777000	0.867379	0.847965	4.579442	29.274858	0.355048	-1346.631084	
9.778000	0.685566	0.872253	4.581472	29.274736	0.214866	-1346.509853	
9.779000	0.837782	0.823676	4.583775	29.274806	0.129198	-1346.389069	
9.780000	0.913889	0.888445	4.586169	29.274966	0.351155	-1346.268590	
9.781000	0.960400	0.823676	4.588481	29.275139	0.129198	-1346.148313	
9.782000	0.757446	0.912733	4.590601	29.275484	0.261593	-1346.028175	
9.783000	1.015366	0.653659	4.592653	29.276279	0.265487	-1345.908172	
9.784000	0.871607	0.864157	4.594877	29.277597	0.440716	-1345.788368	
9.785000	0.825097	0.977502	4.597251	29.279262	0.351155	-1345.668892	
9.786000	0.782815	0.993694	4.599422	29.281096	0.222654	-1345.549910	
9.787000	0.930802	0.856061	4.601042	29.283076	0.164244	-1345.431610	
9.788000	0.787043	0.831773	4.602043	29.285248	0.257699	-1345.314163	
9.789000	0.880064	1.058463	4.602624	29.287602	0.421246	-1345.197698	
9.790000	0.677110	1.115135	4.602735	29.290157	0.253805	-1345.082293	
9.791000	0.977312	0.815580	4.601399	29.292908	0.101940	-1344.967983	
9.792000	0.829325	0.896541	4.597275	29.295741	0.452398	-1344.854750	
9.793000	0.892748	0.758908	4.590230	29.298566	0.320003	-1344.742506	
9.794000	0.655969	1.058463	4.581599	29.301489	0.246017	-1344.631107	
9.795000	1.023823	0.791292	4.572944	29.304752	0.327791	-1344.520387	
9.796000	0.812412	0.791292	4.565151	29.308433	0.300533	-1344.410180	
9.797000	0.964628	0.864157	4.558480	29.312366	0.366730	-1344.300354	
9.798000	0.905433	0.856061	4.552933	29.316381	0.308321	-1344.190823	
9.799000	1.087246	0.775100	4.548577	29.320491	0.125304	-1344.081553	
9.800000	0.880064	0.783196	4.545792	29.324790	0.203184	-1343.972565	1.000000
9.801000	0.803956	0.985598	4.545024	29.329264	0.316109	-1343.863946	
9.802000	0.757446	0.912733	4.546255	29.333842	0.187608	-1343.755840	
9.803000	0.850466	0.928926	4.548869	29.338425	0.172032	-1343.648427	
9.804000	0.896977	0.807484	4.551987	29.342890	0.358942	-1343.541896	
9.805000	0.858923	0.864157	4.554936	29.347149	0.203184	-1343.436405	
9.806000	0.774359	0.904637	4.557484	29.351264	0.261593	-1343.332060	
9.807000	0.935030	1.026079	4.559786	29.355447	0.191502	-1343.228920	
9.808000	0.825097	0.864157	4.562037	29.359802	0.300533	-1343.126992	
9.809000	0.846238	1.196096	4.564177	29.364188	0.370624	-1343.026224	
9.810000	0.867379	0.823676	4.566153	29.368460	0.351155	-1342.926499	
9.811000	0.968856	0.904637	4.568246	29.372674	0.168138	-1342.827665	
9.812000	0.922346	0.677947	4.570800	29.376970	0.257699	-1342.729549	
9.813000	0.778587	1.034175	4.573905	29.381330	0.300533	-1342.631985	
9.814000	0.901205	0.791292	4.577445	29.385612	0.300533	-1342.534845	
9.815000	0.846238	1.026079	4.581248	29.389658	0.059107	-1342.438057	
9.816000	1.044964	0.775100	4.585198	29.393343	0.281063	-1342.341605	
9.817000	0.901205	0.750812	4.589386	29.396590	0.160350	-1342.245532	
9.818000	0.935030	0.856061	4.593923	29.399432	0.261593	-1342.149941	
9.819000	0.875836	0.847965	4.598514	29.402062	0.175926	-1342.054986	
9.820000	0.892748	0.791292	4.602561	29.404599	0.265487	-1341.960850	
9.821000	0.803956	0.928926	4.605766	29.406925	0.226548	-1341.867713	
9.822000	0.909661	0.791292	4.608231	29.408923	0.210972	-1341.775720	
9.823000	0.884292	0.872253	4.609718	29.410709	-0.022667	-1341.684967	
9.824000	0.998453	0.686043	4.609117	29.412488	0.304427	-1341.595502	
9.825000	0.837782	0.888445	4.605272	29.414272	0.323897	-1341.507312	
9.826000	0.863151	0.985598	4.598345	29.415902	0.323897	-1341.420322	
9.827000	0.820869	0.856061	4.589791	29.417206	0.148668	-1341.334399	
9.828000	0.922346	0.775100	4.581245	29.418080	0.351155	-1341.249385	
9.829000	0.808184	0.726523	4.573961	29.418467	0.253805	-1341.165099	
9.830000	0.837782	0.888445	4.568773	29.418390	0.323897	-1341.081377	
9.831000	0.850466	0.734620	4.566013	29.418037	0.246017	-1340.998092	
9.832000	0.850466	0.775100	4.565684	29.417543	0.269381	-1340.915177	
9.833000	0.909661	0.637467	4.567619	29.416808	0.335579	-1340.832625	
9.834000	0.854694	0.872253	4.571516	29.415735	0.273275	-1340.750495	
9.835000	0.820869	0.718427	4.576929	29.414484	0.242123	-1340.668910	
9.836000	0.947715	0.880349	4.583112	29.413301	0.323897	-1340.588031	
9.837000	0.888520	0.815580	4.589162	29.412213	0.323897	-1340.508035	
9.838000	0.875836	0.961310	4.594374	29.411041	0.257699	-1340.429088	
9.839000	0.918118	0.653659	4.598381	29.409599	0.168138	-1340.351318	
9.840000	0.968856	0.669851	4.600965	29.407801	0.136986	-1340.274807	
9.841000	0.837782	0.564602	4.601721	29.405615	0.152562	-1340.199581	
9.842000	0.850466	0.945118	4.600262	29.403059	0.199290	-1340.125603	
9.843000	0.795500	0.815580	4.596786	29.400310	0.203184	-1340.052772	
9.844000	0.778587	0.945118	4.592123	29.397503	0.172032	-1339.980939	
9.845000	0.909661	0.758908	4.587244	29.394545	0.378412	-1339.909929	
9.846000	0.787043	0.823676	4.582874	29.391353	0.242123	-1339.839563	
9.847000	0.689795	0.799388	4.579478	29.388112	0.218760	-1339.769683	
9.848000	0.909661	0.775100	4.577501	29.385105	0.265487	-1339.700181	
9.849000	0.909661	0.775100	4.577643	29.382380	0.401776	-1339.630997	
9.850000	0.770130	1.123232	4.580577	29.379752	0.281063	-1339.562129	
9.851000	0.884292	0.880349	4.586191	29.377030	0.148668	-1339.493649	
9.852000	0.892748	0.969406	4.593482	29.374141	0.320003	-1339.425693	
9.853000	0.875836	0.872253	4.601223	29.371072	0.261593	-1339.358426	
9.854000	0.782815	0.928926	4.608530	29.367832	0.320003	-1339.292018	
9.855000	0.664425	0.783196	4.614901	29.364551	0.351155	-1339.226615	
9.856000	0.896977	0.783196	4.620262	29.361327	0.175926	-1339.162330	
9.857000	0.947715	0.945118	4.624910	29.358062	0.257699	-1339.099226	
9.858000	0.918118	0.880349	4.628735	29.354673	0.257699	-1339.037312	
9.859000	0.681338	1.042271	4.631145	29.351340	0.207078	-1338.976531	
9.860000	0.998453	0.807484	4.631910	29.348360	0.261593	-1338.916763	
9.861000	0.850466	0.896541	4.631261	29.345803	0.125304	-1338.857846	
9.862000	0.880064	0.864157	4.629524	29.343492	0.355048	-1338.799599	
9.863000	0.854694	0.807484	4.626968	29.341243	0.136986	-1338.741849	
9.864000	0.998453	0.799388	4.623792	29.339016	0.136986	-1338.684460	
9.865000	0.896977	0.831773	4.620196	29.336840	0.304427	-1338.627348	
9.866000	0.918118	0.750812	4.616365	29.334718	0.284957	-1338.570475	
9.867000	0.643284	1.017982	4.612346	29.332711	0.355048	-1338.513862	
9.868000	0.791271	0.856061	4.608221	29.330851	0.129198	-1338.457602	
9.869000	0.812412	0.888445	4.604184	29.329037	0.323897	-1338.401840	
9.870000	0.812412	0.856061	4.600291	29.327187	0.296639	-1338.346741	
9.871000	0.617915	0.977502	4.596619	29.325438	0.242123	-1338.292465	
9.872000	1.015366	0.888445	4.593614	29.324050	0.281063	-1338.239140	
9.873000	0.753218	0.928926	4.591688	29.323092	0.312215	-1338.186849	
9.874000	0.909661	1.179904	4.590656	29.322389	0.409564	-1338.135633	
9.875000	0.837782	0.961310	4.589955	29.321763	0.273275	-1338.085480	
9.876000	0.981541	0.815580	4.589199	29.321204	0.117516	-1338.036316	
9.877000	0.867379	0.847965	4.588522	29.320772	0.203184	-1337.988012	
9.878000	0.863151	1.042271	4.588426	29.320460	0.335579	-1337.940399	
9.879000	0.715164	1.034175	4.589268	29.320252	0.331685	-1337.893300	
9.880000	0.901205	0.880349	4.590842	29.320113	0.082471	-1337.846559	
9.881000	0.939259	1.123232	4.592621	29.319930	0.226548	-1337.800063	
9.882000	0.850466	1.001790	4.594456	29.319622	0.121410	-1337.753743	
9.883000	0.765902	0.896541	4.596551	29.319286	0.133092	-1337.707579	
9.884000	0.989997	0.799388	4.599017	29.319161	0.175926	-1337.661615	
9.885000	0.829325	0.847965	4.601782	29.319342	0.335579	-1337.615964	
9.886000	0.854694	1.147520	4.604531	29.319678	0.320003	-1337.570777	
9.887000	0.846238	0.904637	4.606784	29.320013	0.347261	-1337.526223	
9.888000	0.939259	0.904637	4.608163	29.320382	0.090259	-1337.482463	
9.889000	0.930802	0.767004	4.608562	29.320895	0.265487	-1337.439614	
9.890000	0.770130	1.244673	4.608060	29.321541	0.393988	-1337.397741	
9.891000	0.757446	0.864157	4.606227	29.322227	0.207078	-1337.356862	
9.892000	0.799728	1.090847	4.601956	29.322844	0.203184	-1337.316946	
9.893000	0.875836	0.856061	4.594916	29.323273	0.370624	-1337.277898	
9.894000	0.842010	0.904637	4.586340	29.323430	0.308321	-1337.239571	
9.895000	0.795500	0.896541	4.577931	29.323361	0.417352	-1337.201783	
9.896000	0.863151	0.912733	4.570914	29.323269	0.343367	-1337.164351	
9.897000	0.888520	0.767004	4.565925	29.323264	0.288851	-1337.127125	
9.898000	0.858923	0.815580	4.563169	29.323214	0.226548	-1337.090000	
9.899000	0.901205	0.629370	4.562508	29.322982	0.191502	-1337.052925	
9.900000	1.015366	0.815580	4.563727	29.322652	0.063001	-1337.015904	1.000000
9.901000	1.061876	0.864157	4.566763	29.322392	0.199290	-1336.979012	
9.902000	0.850466	0.937022	4.571401	29.322202	0.323897	-1336.942382	
9.903000	0.812412	0.920829	4.577123	29.321941	0.203184	-1336.906179	
9.904000	0.842010	0.799388	4.583401	29.321453	0.066895	-1336.870583	
9.905000	0.939259	0.815580	4.589811	29.320630	0.362836	-1336.835752	
9.906000	0.964628	0.831773	4.595605	29.319408	0.199290	-1336.801796	
9.907000	0.888520	0.791292	4.599510	29.317811	0.273275	-1336.768767	
9.908000	0.820869	0.823676	4.600567	29.316034	0.436822	-1336.736665	
9.909000	0.842010	1.009886	4.598921	29.314213	0.253805	-1336.705433	
9.910000	0.850466	0.928926	4.595549	29.312243	0.429034	-1336.674950	
9.911000	0.791271	0.864157	4.591672	29.310019	0.273275	-1336.645054	
9.912000	0.770130	0.799388	4.588329	29.307679	0.191502	-1336.615562	
9.913000	0.935030	0.864157	4.586264	29.305450	0.288851	-1336.586295	
9.914000	0.913889	0.847965	4.586010	29.303346	0.475762	-1336.557106	
9.915000	0.850466	0.710331	4.587634	29.301192	0.374518	-1336.527902	
9.916000	0.880064	0.758908	4.590682	29.298799	0.199290	-1336.498646	
9.917000	0.888520	0.799388	4.594798	29.296071	0.172032	-1336.469363	
9.918000	0.947715	0.734620	4.599859	29.292965	0.218760	-1336.440144	
9.919000	0.812412	0.839869	4.605519	29.289499	0.300533	-1336.411128	
9.920000	0.787043	0.726523	4.611178	29.285855	0.316109	-1336.382485	
9.921000	0.837782	0.856061	4.616205	29.282171	0.257699	-1336.354384	
9.922000	0.964628	0.767004	4.620278	29.278351	0.374518	-1336.326970	
9.923000	0.871607	0.580794	4.623567	29.274306	0.269381	-1336.300332	
9.924000	0.846238	0.661755	4.626247	29.270215	0.160350	-1336.274513	
9.925000	0.960400	0.750812	4.628078	29.266356	0.187608	-1336.249504	
9.926000	0.913889	0.831773	4.628691	29.262777	0.277169	-1336.225226	
9.927000	0.854694	0.856061	4.628070	29.259299	0.277169	-1336.201544	
9.928000	0.896977	0.839869	4.626695	29.255735	0.257699	-1336.178290	
9.929000	0.854694	0.904637	4.625257	29.252005	0.284957	-1336.155287	
9.930000	0.880064	0.815580	4.624187	29.248087	0.218760	-1336.132370	
9.931000	0.833553	0.823676	4.623548	29.243993	0.323897	-1336.109404	
9.932000	0.639056	0.953214	4.623394	29.239876	0.288851	-1336.086307	
9.933000	0.820869	0.767004	4.624174	29.235858	0.214866	-1336.063057	
9.934000	0.913889	0.791292	4.626612	29.231846	0.316109	-1336.039698	
9.935000	0.854694	0.823676	4.630740	29.227761	0.156456	-1336.016336	
9.936000	0.651741	1.026079	4.635504	29.223791	0.331685	-1335.993114	
9.937000	0.947715	0.815580	4.639761	29.220231	0.281063	-1335.970196	
9.938000	0.837782	0.783196	4.642951	29.217143	0.339473	-1335.947739	
9.939000	0.901205	0.767004	4.644935	29.214341	0.265487	-1335.925866	
9.940000	0.909661	0.451257	4.645648	29.211631	0.397882	-1335.904653	
9.941000	0.994225	0.524121	4.644810	29.208958	0.125304	-1335.884133	
9.942000	0.922346	0.920829	4.642049	29.206329	0.257699	-1335.864278	
9.943000	0.922346	0.969406	4.637386	29.203752	0.242123	-1335.844991	
9.944000	0.609459	0.807484	4.631363	29.201323	0.304427	-1335.826125	
9.945000	0.867379	0.710331	4.624670	29.199114	0.129198	-1335.807512	
9.946000	0.875836	0.888445	4.617854	29.197022	0.265487	-1335.788981	
9.947000	0.913889	0.726523	4.611302	29.194967	0.253805	-1335.770379	
9.948000	0.609459	0.815580	4.605368	29.193103	0.269381	-1335.751595	
9.949000	1.011138	0.564602	4.600421	29.191709	0.238229	-1335.732561	
9.950000	0.825097	0.920829	4.596744	29.190855	0.425140	-1335.713269	
9.951000	0.816641	1.074655	4.594365	29.190366	0.374518	-1335.693778	
9.952000	0.757446	0.864157	4.592992	29.190059	0.300533	-1335.674213	
9.953000	0.892748	0.742716	4.592186	29.189910	0.179820	-1335.654732	
9.954000	0.842010	0.791292	4.591542	29.189962	0.284957	-1335.635506	
9.955000	0.863151	1.082751	4.590700	29.190206	0.370624	-1335.616679	
9.956000	0.732077	0.856061	4.589291	29.190658	0.355048	-1335.598355	
9.957000	0.926574	0.791292	4.587413	29.191312	0.187608	-1335.580599	
9.958000	0.842010	0.847965	4.586056	29.192055	0.300533	-1335.563431	
9.959000	0.922346	0.880349	4.585841	29.192798	0.195396	-1335.546802	
9.960000	0.744761	0.556506	4.586310	29.193655	0.214866	-1335.530600	
9.961000	0.998453	0.783196	4.587051	29.194874	0.273275	-1335.514668	
9.962000	0.850466	0.831773	4.587917	29.196532	0.284957	-1335.498829	
9.963000	0.867379	1.179904	4.588523	29.198465	0.382306	-1335.482913	
9.964000	0.947715	0.686043	4.588542	29.200503	0.203184	-1335.466785	
9.965000	0.989997	0.516025	4.587949	29.202661	0.098047	-1335.450361	
9.966000	0.968856	0.718427	4.586514	29.205029	0.300533	-1335.433611	
9.967000	0.816641	1.107039	4.583668	29.207601	0.304427	-1335.416554	
9.968000	0.694023	0.742716	4.579357	29.210335	0.203184	-1335.399279	
9.969000	0.748989	0.823676	4.574225	29.213167	0.008485	-1335.381930	
9.970000	0.871607	0.839869	4.568871	29.215984	0.261593	-1335.364676	
9.971000	0.765902	0.880349	4.563594	29.218702	0.304427	-1335.347678	
9.972000	0.812412	0.880349	4.558553	29.221391	0.249911	-1335.331065	
9.973000	0.880064	1.009886	4.553939	29.224269	0.409564	-1335.314917	
9.974000	0.850466	0.831773	4.550061	29.227436	0.308321	-1335.299275	
9.975000	0.867379	0.969406	4.547128	29.230747	0.355048	-1335.284127	
9.976000	0.926574	0.856061	4.545136	29.234048	0.234335	-1335.269395	
9.977000	0.939259	0.945118	4.544103	29.237394	0.156456	-1335.254946	
9.978000	0.905433	0.977502	4.544221	29.240915	0.246017	-1335.240612	
9.979000	0.803956	1.155616	4.545615	29.244602	0.382306	-1335.226216	
9.980000	0.858923	0.888445	4.548024	29.248338	0.269381	-1335.211593	
9.981000	0.816641	0.718427	4.550979	29.251992	0.269381	-1335.196628	
9.982000	0.973084	0.856061	4.554246	29.255444	0.343367	-1335.181258	
9.983000	0.922346	0.613178	4.557881	29.258618	0.335579	-1335.165471	
9.984000	0.892748	1.050367	4.562137	29.261562	0.261593	-1335.149313	
9.985000	0.918118	1.034175	4.567055	29.264484	0.292745	-1335.132898	
9.986000	0.812412	0.945118	4.572044	29.267508	0.210972	-1335.116379	
9.987000	0.846238	0.856061	4.576346	29.270511	0.195396	-1335.099932	
9.988000	0.867379	0.791292	4.579463	29.273366	0.175926	-1335.083719	
9.989000	0.930802	0.726523	4.581135	29.276171	0.203184	-1335.067866	
9.990000	0.994225	0.969406	4.581620	29.279113	0.339473	-1335.052451	
9.991000	0.850466	0.928926	4.581582	29.282197	0.257699	-1335.037497	
9.992000	0.842010	0.977502	4.581349	29.285266	0.347261	-1335.022973	
9.993000	0.765902	0.856061	4.580933	29.288150	0.101940	-1335.008787	
9.994000	0.774359	1.026079	4.580579	29.290737	0.246017	-1334.994794	
9.995000	0.871607	0.791292	4.580673	29.292959	0.168138	-1334.980816	
9.996000	0.782815	1.050367	4.581364	29.294831	0.358942	-1334.966668	
9.997000	0.888520	0.985598	4.582571	29.296533	0.253805	-1334.952191	
9.998000	0.774359	0.831773	4.584290	29.298193	0.203184	-1334.937277	
9.999000	0.833553	0.750812	4.586613	29.299703	0.467974	-1334.921871	
10.000000	0.825097	0.993694	4.589585	29.300955	0.312215	-1334.905978	1.000000
10.001000	0.820869	0.961310	4.593122	29.302097	0.179820	-1334.889670	
10.002000	0.943487	0.864157	4.596885	29.303366	0.327791	-1334.873081	
10.003000	0.905433	0.872253	4.600407	29.304782	0.366730	-1334.856378	
10.004000	0.854694	0.953214	4.603454	29.306163	0.152562	-1334.839739	
10.005000	0.939259	0.856061	4.606156	29.307317	0.101940	-1334.823328	
10.006000	0.981541	0.945118	4.608714	29.308148	0.098047	-1334.807269	
10.007000	0.892748	0.945118	4.611034	29.308614	0.207078	-1334.791632	
10.008000	0.770130	0.775100	4.612722	29.308734	0.300533	-1334.776430	
10.009000	0.765902	0.920829	4.613307	29.308685	0.284957	-1334.761607	
10.010000	0.880064	0.775100	4.612689	29.308604	0.253805	-1334.747053	
10.011000	0.850466	0.937022	4.611393	29.308398	0.351155	-1334.732611	
10.012000	0.820869	0.969406	4.610019	29.307982	0.187608	-1334.718099	
10.013000	0.664425	0.928926	4.608845	29.307536	0.168138	-1334.703336	
10.014000	0.998453	0.783196	4.608167	29.307339	0.261593	-1334.688175	
10.015000	0.723620	1.058463	4.608452	29.307436	0.378412	-1334.672519	
10.016000	0.913889	0.912733	4.610342	29.307645	0.308321	-1334.656320	
10.017000	0.854694	0.831773	4.614474	29.307767	0.253805	-1334.639597	
10.018000	1.044964	0.872253	4.620743	29.307723	0.187608	-1334.622443	
10.019000	0.816641	0.953214	4.628154	29.307494	0.308321	-1334.605004	
10.020000	0.842010	0.993694	4.635523	29.307094	0.312215	-1334.587446	
10.021000	0.596774	0.953214	4.642011	29.306671	0.335579	-1334.569939	
10.022000	0.909661	0.734620	4.647165	29.306339	0.249911	-1334.552631	
10.023000	0.905433	0.783196	4.650717	29.306002	0.362836	-1334.535628	
10.024000	0.981541	0.775100	4.652506	29.305574	0.246017	-1334.518982	
10.025000	0.668654	0.815580	4.652515	29.305234	0.156456	-1334.502688	
10.026000	1.116843	0.718427	4.650862	29.305275	0.242123	-1334.486678	
10.027000	0.799728	0.864157	4.647903	29.305759	0.331685	-1334.470827	
10.028000	0.854694	1.026079	4.644274	29.306503	0.277169	-1334.454972	
10.029000	0.808184	0.726523	4.640630	29.307319	0.175926	-1334.438941	
10.030000	0.964628	0.880349	4.637468	29.308152	0.187608	-1334.422571	
10.031000	0.930802	0.742716	4.635034	29.309012	0.343367	-1334.405738	
10.032000	0.850466	1.082751	4.633145	29.309905	0.207078	-1334.388360	
10.033000	0.643284	0.856061	4.631157	29.310926	0.378412	-1334.370413	
10.034000	0.854694	0.928926	4.628155	29.312144	0.253805	-1334.351943	
10.035000	0.833553	0.961310	4.623631	29.313456	0.436822	-1334.333066	
10.036000	0.825097	0.839869	4.617775	29.314782	0.304427	-1334.313936	
10.037000	0.702479	0.758908	4.611227	29.316272	0.312215	-1334.294721	
10.038000	0.973084	0.928926	4.604890	29.318199	0.335579	-1334.275584	
10.039000	0.867379	0.734620	4.599318	29.320634	0.440716	-1334.256647	
10.040000	0.808184	1.098943	4.594434	29.323399	0.304427	-1334.237987	
10.041000	0.867379	0.750812	4.589948	29.326310	0.199290	-1334.219636	
10.042000	0.951943	0.977502	4.585666	29.329348	0.109728	-1334.201574	
10.043000	0.994225	0.605082	4.581648	29.332563	0.393988	-1334.183717	
10.044000	0.829325	1.050367	4.578220	29.335945	0.316109	-1334.165927	
10.045000	0.778587	0.718427	4.575903	29.339492	0.253805	-1334.148036	
10.046000	0.846238	0.839869	4.575368	29.343178	0.055213	-1334.129877	
10.047000	0.956171	0.710331	4.577177	29.346890	0.249911	-1334.111307	
10.048000	0.812412	0.742716	4.581151	29.350539	0.304427	-1334.092225	
10.049000	0.850466	0.596986	4.586328	29.354226	0.265487	-1334.072571	
10.050000	0.973084	0.726523	4.591906	29.358192	0.210972	-1334.052342	
10.051000	0.854694	0.637467	4.597604	29.362527	0.378412	-1334.031608	
10.052000	0.842010	0.888445	4.603085	29.367074	0.358942	-1334.010501	
10.053000	0.842010	0.831773	4.607806	29.371670	0.269381	-1333.989188	
10.054000	0.918118	0.872253	4.611464	29.376340	0.105834	-1333.967847	
10.055000	0.918118	0.937022	4.614135	29.381182	0.277169	-1333.946637	
10.056000	0.727848	1.204192	4.615603	29.386181	0.284957	-1333.925669	
10.057000	0.761674	0.928926	4.615242	29.391257	0.362836	-1333.905002	
10.058000	0.854694	1.042271	4.613049	29.396309	0.086365	-1333.884650	
10.059000	0.930802	0.872253	4.609814	29.401213	0.393988	-1333.864571	
10.060000	0.863151	0.767004	4.606243	29.405884	0.218760	-1333.844657	
10.061000	0.765902	0.977502	4.602776	29.410378	0.351155	-1333.824753	
10.062000	0.926574	0.775100	4.599751	29.414904	0.238229	-1333.804679	
10.063000	0.837782	0.880349	4.597174	29.419560	0.284957	-1333.784263	
10.064000	0.922346	0.791292	4.594648	29.424201	0.277169	-1333.763370	
10.065000	0.833553	0.823676	4.591446	29.428684	0.320003	-1333.741915	
10.066000	0.977312	0.661755	4.586725	29.433081	0.179820	-1333.719865	
10.067000	0.947715	0.888445	4.580463	29.437548	0.129198	-1333.697252	
10.068000	0.896977	1.017982	4.573587	29.442084	0.249911	-1333.674171	
10.069000	0.778587	1.066559	4.566872	29.446551	0.242123	-1333.650769	
10.070000	0.867379	0.799388	4.560654	29.450797	-0.010985	-1333.627227	
10.071000	0.867379	0.839869	4.555221	29.454705	0.281063	-1333.603727	
10.072000	0.896977	0.702235	4.550915	29.458203	0.257699	-1333.580416	
10.073000	0.825097	0.807484	4.547958	29.461325	0.358942	-1333.557389	
10.074000	0.888520	0.677947	4.546232	29.464270	0.284957	-1333.534691	
10.075000	0.761674	0.888445	4.545320	29.467171	0.339473	-1333.512321	
10.076000	0.930802	0.945118	4.544806	29.469918	0.397882	-1333.490211	
10.077000	0.753218	0.920829	4.544560	29.472398	0.296639	-1333.468236	
10.078000	0.854694	0.872253	4.544732	29.474737	0.230441	-1333.446235	
10.079000	0.901205	0.831773	4.545536	29.477143	0.249911	-1333.424033	
10.080000	0.854694	0.945118	4.547145	29.479621	0.343367	-1333.401465	
10.081000	0.787043	0.823676	4.549440	29.481997	0.339473	-1333.378406	
10.082000	0.867379	0.758908	4.551964	29.484087	0.187608	-1333.354785	
10.083000	0.947715	0.864157	4.554723	29.485781	0.210972	-1333.330591	
10.084000	0.880064	0.856061	4.558245	29.487021	0.234335	-1333.305875	
10.085000	0.871607	0.791292	4.562518	29.487823	0.292745	-1333.280752	
10.086000	0.795500	0.831773	4.566829	29.488369	0.366730	-1333.255380	
10.087000	0.909661	0.677947	4.570455	29.488800	0.335579	-1333.229943	
10.088000	0.880064	0.856061	4.573046	29.489016	0.308321	-1333.204622	
10.089000	0.854694	0.702235	4.574709	29.488925	0.140880	-1333.179553	
10.090000	0.778587	0.904637	4.575902	29.488692	0.039637	-1333.154823	
10.091000	0.956171	0.831773	4.577023	29.488578	0.187608	-1333.130466	
10.092000	0.808184	0.880349	4.577971	29.488617	0.362836	-1333.106462	
10.093000	0.968856	0.937022	4.578423	29.488633	0.366730	-1333.082721	
10.094000	0.787043	0.896541	4.578405	29.488439	0.160350	-1333.059107	
10.095000	0.947715	0.928926	4.578135	29.487953	0.199290	-1333.035455	
10.096000	0.791271	0.937022	4.577715	29.487144	0.249911	-1333.011590	
10.097000	0.765902	0.920829	4.577288	29.486030	0.320003	-1332.987357	
10.098000	0.617915	0.904637	4.577166	29.484779	0.378412	-1332.962642	
10.099000	0.892748	0.718427	4.577689	29.483520	0.199290	-1332.937386	
10.100000	0.858923	0.920829	4.579137	29.482156	0.281063	-1332.911586	0.000000
10.101000	0.913889	0.653659	4.581629	29.480603	0.269381	-1332.885312	
10.102000	0.639056	0.742716	4.584926	29.479041	0.238229	-1332.858691	
10.103000	1.006910	0.831773	4.588472	29.477753	0.351155	-1332.831889	
10.104000	0.795500	0.839869	4.591746	29.476786	0.397882	-1332.805086	
10.105000	0.905433	0.977502	4.594395	29.475951	0.284957	-1332.778447	
10.106000	0.863151	0.613178	4.596233	29.475055	0.125304	-1332.752096	
10.107000	0.968856	0.896541	4.597476	29.474034	0.210972	-1332.726114	
10.108000	1.019594	0.524121	4.598821	29.472886	0.261593	-1332.700526	
10.109000	0.935030	0.961310	4.600942	29.471622	0.308321	-1332.675295	
10.110000	0.651741	0.904637	4.603902	29.470371	0.300533	-1332.650319	
10.111000	0.854694	0.928926	4.607292	29.469229	0.160350	-1332.625459	
10.112000	0.939259	0.734620	4.610762	29.468103	0.386200	-1332.600551	
10.113000	0.842010	0.872253	4.614091	29.466919	0.105834	-1332.575427	
10.114000	0.681338	0.767004	4.617083	29.465856	0.308321	-1332.549944	
10.115000	0.892748	0.799388	4.619521	29.465210	0.355048	-1332.524003	
10.116000	0.871607	0.686043	4.621016	29.465055	0.335579	-1332.497555	
10.117000	0.833553	1.009886	4.621188	29.465207	0.253805	-1332.470610	
10.118000	0.833553	0.694139	4.620099	29.465480	0.249911	-1332.443253	
10.119000	0.935030	0.945118	4.618074	29.465836	0.144774	-1332.415629	
10.120000	0.935030	0.839869	4.615319	29.466302	0.362836	-1332.387915	
10.121000	0.774359	1.066559	4.612042	29.466875	0.296639	-1332.360281	
10.122000	0.681338	0.839869	4.608613	29.467606	0.288851	-1332.332873	
10.123000	0.748989	0.791292	4.605243	29.468519	0.144774	-1332.305795	
10.124000	0.922346	0.734620	4.601641	29.469503	0.203184	-1332.279108	
10.125000	0.880064	0.823676	4.597515	29.470473	0.257699	-1332.252815	
10.126000	0.753218	0.823676	4.593137	29.471561	0.277169	-1332.226852	
10.127000	1.040735	0.815580	4.589114	29.473029	0.222654	-1332.201095	
10.128000	0.901205	0.831773	4.585995	29.474950	0.288851	-1332.175385	
10.129000	0.905433	0.993694	4.584012	29.477151	0.226548	-1332.149553	
10.130000	0.837782	0.856061	4.583024	29.479458	0.210972	-1332.123438	
10.131000	0.968856	0.953214	4.582789	29.481868	0.160350	-1332.096923	
10.132000	0.943487	0.904637	4.583293	29.484453	0.136986	-1332.069934	
10.133000	0.846238	0.945118	4.584719	29.487200	0.316109	-1332.042444	
10.134000	0.782815	0.815580	4.587252	29.490070	0.351155	-1332.014490	
10.135000	0.795500	0.742716	4.590867	29.493001	0.125304	-1331.986178	
10.136000	0.867379	0.880349	4.595158	29.495878	0.308321	-1331.957667	
10.137000	0.905433	0.864157	4.599599	29.498620	0.308321	-1331.929130	
10.138000	0.664425	0.937022	4.603933	29.501308	0.269381	-1331.900734	
10.139000	0.892748	0.807484	4.608170	29.504169	0.358942	-1331.872606	
10.140000	0.770130	1.034175	4.612252	29.507290	0.312215	-1331.844822	
10.141000	0.816641	0.880349	4.615898	29.510517	0.358942	-1331.817414	
10.142000	0.842010	0.758908	4.618775	29.513690	0.191502	-1331.790358	
10.143000	1.023823	0.734620	4.620732	29.516847	0.098047	-1331.763574	
10.144000	0.880064	0.872253	4.621927	29.520107	0.284957	-1331.736928	
10.145000	0.905433	1.009886	4.622748	29.523459	0.191502	-1331.710256	
10.146000	0.791271	0.937022	4.623537	29.526807	0.366730	-1331.683388	
10.147000	0.888520	0.888445	4.624452	29.530032	0.133092	-1331.656183	
10.148000	0.774359	0.904637	4.625305	29.533015	0.323897	-1331.628546	
10.149000	0.998453	0.831773	4.625441	29.535675	0.164244	-1331.600423	
10.150000	0.808184	0.945118	4.624539	29.538060	0.214866	-1331.571812	
10.151000	0.875836	0.856061	4.623147	29.540383	0.183714	-1331.542780	
10.152000	0.842010	0.847965	4.621797	29.542764	0.207078	-1331.513461	
10.153000	0.905433	1.026079	4.620469	29.545080	0.327791	-1331.484025	
10.154000	0.837782	0.928926	4.619011	29.547201	0.316109	-1331.454652	
10.155000	0.935030	0.977502	4.617420	29.549221	0.187608	-1331.425506	
10.156000	0.935030	0.864157	4.615823	29.551314	0.390094	-1331.396703	
10.157000	0.837782	1.082751	4.614320	29.553479	0.304427	-1331.368303	
10.158000	0.854694	0.896541	4.612803	29.555563	0.343367	-1331.340313	
10.159000	0.842010	0.734620	4.611123	29.557406	0.281063	-1331.312690	
10.160000	0.951943	0.953214	4.609354	29.558898	0.444610	-1331.285329	
10.161000	0.901205	0.896541	4.607736	29.559973	0.316109	-1331.258081	
10.162000	0.850466	0.985598	4.606570	29.560658	0.417352	-1331.230768	
10.163000	0.825097	0.945118	4.606120	29.561156	0.327791	-1331.203215	
10.164000	0.846238	0.856061	4.606447	29.561603	0.203184	-1331.175282	
10.165000	0.871607	1.026079	4.607561	29.561891	0.413458	-1331.146883	
10.166000	0.888520	0.750812	4.609574	29.561908	0.109728	-1331.117978	
10.167000	0.867379	0.953214	4.612213	29.561791	0.179820	-1331.088585	
10.168000	0.977312	0.839869	4.614895	29.561768	0.284957	-1331.058794	
10.169000	0.880064	0.977502	4.617349	29.561860	0.401776	-1331.028747	
10.170000	0.956171	0.904637	4.619439	29.561897	0.378412	-1330.998624	
10.171000	0.803956	0.856061	4.620880	29.561701	0.156456	-1330.968607	
10.172000	0.964628	0.726523	4.621234	29.561175	0.230441	-1330.938860	
10.173000	0.833553	0.677947	4.620003	29.560274	0.214866	-1330.909491	
10.174000	0.918118	0.896541	4.617061	29.559014	0.323897	-1330.880556	
10.175000	0.757446	0.993694	4.612770	29.557578	0.366730	-1330.852054	
10.176000	0.896977	0.880349	4.607598	29.556105	0.179820	-1330.823922	
10.177000	0.799728	0.888445	4.602053	29.554501	0.413458	-1330.796038	
10.178000	0.901205	0.928926	4.596762	29.552681	0.284957	-1330.768245	
10.179000	0.685566	0.912733	4.592151	29.550822	0.257699	-1330.740369	
10.180000	0.901205	0.969406	4.588220	29.549199	0.304427	-1330.712249	
10.181000	0.782815	0.920829	4.584830	29.547850	0.471868	-1330.683758	
10.182000	0.896977	1.098943	4.582224	29.546588	0.335579	-1330.654816	
10.183000	0.833553	0.953214	4.580788	29.545213	0.331685	-1330.625401	
10.184000	0.964628	1.017982	4.580072	29.543641	0.210972	-1330.595554	
10.185000	0.837782	0.775100	4.579173	29.541847	0.246017	-1330.565384	
10.186000	0.867379	1.017982	4.577783	29.539841	0.405670	-1330.535044	
10.187000	0.681338	0.888445	4.576073	29.537776	0.226548	-1330.504715	
10.188000	0.846238	0.856061	4.574378	29.535768	0.300533	-1330.474577	
10.189000	0.880064	0.742716	4.572826	29.533722	0.281063	-1330.444778	
10.190000	1.006910	0.920829	4.571099	29.531555	0.370624	-1330.415409	
10.191000	0.727848	0.677947	4.569009	29.529455	0.195396	-1330.386511	
10.192000	0.985769	0.694139	4.566676	29.527715	0.210972	-1330.358071	
10.193000	0.888520	0.637467	4.564254	29.526395	0.347261	-1330.330009	
10.194000	0.854694	1.034175	4.562104	29.525314	0.370624	-1330.302189	
10.195000	0.935030	0.815580	4.560719	29.524283	0.242123	-1330.274452	
10.196000	0.922346	0.839869	4.560314	29.523250	0.242123	-1330.246632	
10.197000	0.871607	0.823676	4.560895	29.522223	0.281063	-1330.218580	
10.198000	0.778587	0.961310	4.562587	29.521206	0.343367	-1330.190183	
10.199000	0.647513	0.872253	4.565596	29.520292	0.230441	-1330.161369	
10.200000	0.723620	0.758908	4.570000	29.519544	0.195396	-1330.132131	0.000000
10.201000	0.854694	0.677947	4.575640	29.518857	0.432928	-1330.102528	
10.202000	0.909661	0.945118	4.582046	29.518147	0.296639	-1330.072685	
10.203000	0.740533	0.912733	4.588520	29.517571	0.335579	-1330.042786	
10.204000	0.956171	0.912733	4.594371	29.517411	0.261593	-1330.013049	
10.205000	0.854694	0.742716	4.599179	29.517735	0.292745	-1329.983690	
10.206000	0.782815	0.945118	4.602883	29.518365	0.269381	-1329.954888	
10.207000	0.913889	0.783196	4.605349	29.519111	0.191502	-1329.926772	
10.208000	0.989997	0.491737	4.606227	29.519940	0.098047	-1329.899427	
10.209000	1.044964	0.742716	4.605514	29.520888	0.304427	-1329.872874	
10.210000	0.884292	0.904637	4.603626	29.521943	0.261593	-1329.847066	
10.211000	0.825097	0.888445	4.601091	29.523129	0.199290	-1329.821905	
10.212000	0.842010	0.694139	4.598477	29.524445	0.125304	-1329.797279	
10.213000	0.909661	0.718427	4.596339	29.525784	0.273275	-1329.773071	
10.214000	0.863151	0.629370	4.595098	29.527068	0.172032	-1329.749189	
10.215000	0.736305	0.775100	4.594811	29.528417	0.292745	-1329.725575	
10.216000	0.994225	0.823676	4.594801	29.530090	0.366730	-1329.702216	
10.217000	0.854694	0.937022	4.593824	29.532167	0.405670	-1329.679150	
10.218000	0.837782	1.066559	4.591367	29.534486	0.288851	-1329.656487	
10.219000	0.858923	0.815580	4.588311	29.536880	0.191502	-1329.634397	
10.220000	0.943487	0.734620	4.586021	29.539365	0.144774	-1329.613086	
10.221000	0.854694	0.726523	4.585451	29.542025	0.261593	-1329.592765	
10.222000	0.892748	0.912733	4.586504	29.544850	0.421246	-1329.573613	
10.223000	0.664425	0.912733	4.587793	29.547779	0.409564	-1329.555760	
10.224000	0.842010	0.961310	4.587590	29.550737	0.082471	-1329.539292	
10.225000	0.875836	0.888445	4.585025	29.553601	0.261593	-1329.524245	
10.226000	0.905433	0.588890	4.580525	29.556284	0.086365	-1329.510587	
10.227000	0.808184	0.807484	4.575823	29.558844	0.327791	-1329.498224	
10.228000	1.015366	0.661755	4.573319	29.561492	0.210972	-1329.487023	
10.229000	0.875836	0.718427	4.574671	29.564317	0.257699	-1329.476838	
10.230000	0.947715	0.961310	4.579790	29.567176	0.249911	-1329.467532	
10.231000	0.842010	1.009886	4.586795	29.569921	0.047425	-1329.459002	
10.232000	1.032279	0.904637	4.593073	29.572607	0.039637	-1329.451192	
10.233000	0.918118	0.734620	4.597087	29.575365	0.195396	-1329.444098	
10.234000	0.909661	0.961310	4.599069	29.578185	0.238229	-1329.437769	
10.235000	0.744761	0.831773	4.600128	29.580943	0.355048	-1329.432321	
10.236000	0.918118	0.815580	4.601382	29.583506	0.129198	-1329.427919	
10.237000	0.880064	0.799388	4.603437	29.585756	0.327791	-1329.424749	
10.238000	0.901205	0.856061	4.606012	29.587622	0.179820	-1329.422992	
10.239000	0.795500	0.896541	4.608164	29.589140	0.425140	-1329.422785	
10.240000	0.820869	1.042271	4.609249	29.590505	0.467974	-1329.424217	
10.241000	0.842010	0.847965	4.609497	29.591832	0.226548	-1329.427330	
10.242000	0.905433	0.993694	4.609309	29.592996	0.401776	-1329.432112	
10.243000	0.896977	0.807484	4.608823	29.593869	0.355048	-1329.438489	
10.244000	0.930802	0.734620	4.608386	29.594554	0.136986	-1329.446331	
10.245000	0.951943	0.807484	4.608373	29.595243	0.281063	-1329.455477	
10.246000	0.875836	1.001790	4.608837	29.595944	0.257699	-1329.465757	
10.247000	0.896977	0.775100	4.609777	29.596504	0.164244	-1329.477023	
10.248000	0.820869	0.904637	4.611390	29.596753	0.164244	-1329.489172	
10.249000	0.943487	0.734620	4.613982	29.596581	0.358942	-1329.502151	
10.250000	0.884292	0.791292	4.617779	29.595924	0.273275	-1329.515955	
10.251000	0.981541	0.839869	4.622792	29.594806	0.199290	-1329.530643	
10.252000	0.803956	0.767004	4.628583	29.593421	0.238229	-1329.546336	
10.253000	0.901205	0.815580	4.634052	29.591907	0.195396	-1329.563197	
10.254000	0.867379	0.815580	4.637726	29.590167	0.304427	-1329.581405	
10.255000	0.918118	0.815580	4.638559	29.588101	0.265487	-1329.601122	
10.256000	0.727848	0.694139	4.636560	29.585864	0.246017	-1329.622467	
10.257000	0.909661	0.807484	4.632587	29.583700	0.246017	-1329.645506	
10.258000	0.774359	0.920829	4.627742	29.581637	0.475762	-1329.670250	
10.259000	0.871607	1.115135	4.622994	29.579497	0.335579	-1329.696651	
10.260000	0.757446	0.896541	4.618728	29.577093	0.242123	-1329.724599	
10.261000	0.977312	0.864157	4.614562	29.574331	0.242123	-1329.753937	
10.262000	0.875836	0.791292	4.609840	29.571170	0.312215	-1329.784486	
10.263000	0.842010	0.864157	4.604378	29.567628	0.304427	-1329.816061	
10.264000	0.689795	0.847965	4.598847	29.563887	0.296639	-1329.848508	
10.265000	0.778587	0.880349	4.594520	29.560083	0.413458	-1329.881727	
10.266000	0.858923	0.977502	4.592579	29.556122	0.382306	-1329.915667	
10.267000	0.918118	0.823676	4.593417	29.551912	0.242123	-1329.950331	
10.268000	0.736305	0.694139	4.596437	29.547633	0.327791	-1329.985789	
10.269000	0.998453	0.767004	4.600336	29.543567	0.246017	-1330.022170	
10.270000	0.918118	0.783196	4.603467	29.539762	0.179820	-1330.059637	
10.271000	0.854694	1.009886	4.604592	29.536040	0.242123	-1330.098356	
10.272000	0.880064	0.750812	4.603736	29.532214	0.199290	-1330.138477	
10.273000	0.973084	1.058463	4.601958	29.528214	0.246017	-1330.180101	
10.274000	0.875836	0.750812	4.600335	29.524031	0.148668	-1330.223277	
10.275000	0.795500	1.034175	4.599187	29.519681	0.432928	-1330.267989	
10.276000	0.613687	1.074655	4.598117	29.515322	0.249911	-1330.314155	
10.277000	0.799728	0.872253	4.596781	29.511075	0.292745	-1330.361636	
10.278000	0.922346	0.823676	4.595321	29.506851	0.397882	-1330.410256	
10.279000	0.753218	0.823676	4.594111	29.502571	0.281063	-1330.459824	
10.280000	0.634828	0.912733	4.593592	29.498417	0.195396	-1330.510154	
10.281000	0.964628	0.969406	4.594115	29.494678	0.269381	-1330.561101	
10.282000	0.825097	0.856061	4.595741	29.491405	0.386200	-1330.612566	
10.283000	0.799728	0.928926	4.598426	29.488411	0.464080	-1330.664501	
10.284000	0.884292	0.775100	4.602056	29.485505	0.269381	-1330.716924	
10.285000	0.930802	0.985598	4.606110	29.482628	0.222654	-1330.769926	
10.286000	0.951943	0.694139	4.609841	29.479784	0.323897	-1330.823649	
10.287000	0.875836	0.985598	4.612711	29.476967	0.327791	-1330.878255	
10.288000	0.702479	0.872253	4.614404	29.474257	0.230441	-1330.933907	
10.289000	0.863151	0.888445	4.614800	29.471708	0.246017	-1330.990738	
10.290000	0.901205	0.637467	4.613919	29.469213	0.207078	-1331.048839	
10.291000	0.892748	0.815580	4.611434	29.466696	0.203184	-1331.108240	
10.292000	0.668654	0.880349	4.606547	29.464316	0.308321	-1331.168912	
10.293000	0.935030	0.742716	4.599139	29.462356	0.183714	-1331.230754	
10.294000	0.888520	0.888445	4.590479	29.460887	0.358942	-1331.293609	
10.295000	0.871607	1.042271	4.582375	29.459735	0.335579	-1331.357288	
10.296000	0.854694	0.912733	4.576288	29.458721	0.249911	-1331.421595	
10.297000	0.994225	0.831773	4.572974	29.457829	0.055213	-1331.486357	
10.298000	0.892748	0.839869	4.572247	29.457104	0.086365	-1331.551444	
10.299000	0.774359	0.993694	4.573003	29.456546	0.374518	-1331.616768	
10.300000	0.647513	0.977502	4.573914	29.456182	0.495231	-1331.682294	0.000000
10.301000	0.842010	1.066559	4.574574	29.456012	0.238229	-1331.748060	
10.302000	0.888520	0.961310	4.575680	29.455921	0.417352	-1331.814168	
10.303000	0.939259	0.750812	4.577988	29.455821	0.316109	-1331.880760	
10.304000	0.698251	0.807484	4.581656	29.455831	0.265487	-1331.947992	
10.305000	1.044964	0.661755	4.586427	29.456200	0.175926	-1332.016010	
10.306000	0.867379	0.815580	4.591758	29.457008	0.296639	-1332.084926	
10.307000	0.935030	0.945118	4.596443	29.458091	0.393988	-1332.154801	
10.308000	0.905433	0.912733	4.598763	29.459278	0.347261	-1332.225646	
10.309000	1.036507	0.839869	4.597852	29.460577	0.113622	-1332.297415	
10.310000	0.943487	0.807484	4.594547	29.462065	0.300533	-1332.369994	
10.311000	0.880064	0.831773	4.590524	29.463726	0.148668	-1332.443216	
10.312000	0.803956	0.661755	4.587051	29.465508	0.226548	-1332.516887	
10.313000	0.905433	0.823676	4.584495	29.467336	0.070789	-1332.590820	
10.314000	0.918118	0.872253	4.582663	29.469093	0.164244	-1332.664859	
10.315000	0.909661	0.783196	4.581520	29.470693	0.327791	-1332.738886	
10.316000	0.664425	0.928926	4.581533	29.472207	0.339473	-1332.812824	
10.317000	0.930802	0.912733	4.583302	29.473847	0.238229	-1332.886650	
10.318000	0.770130	0.677947	4.587052	29.475703	0.432928	-1332.960413	
10.319000	0.833553	0.912733	4.592364	29.477627	0.304427	-1333.034224	
10.320000	0.896977	0.742716	4.598228	29.479465	0.210972	-1333.108229	
10.321000	0.981541	0.839869	4.603491	29.481269	0.129198	-1333.182586	
10.322000	0.968856	0.823676	4.607191	29.483165	0.253805	-1333.257433	
10.323000	0.888520	1.026079	4.608629	29.485142	0.323897	-1333.332859	
10.324000	0.778587	1.017982	4.607502	29.487081	0.331685	-1333.408905	
10.325000	0.884292	0.726523	4.604132	29.488845	0.136986	-1333.485567	
10.326000	0.973084	0.767004	4.599336	29.490312	0.269381	-1333.562775	
10.327000	0.901205	0.758908	4.594045	29.491403	0.175926	-1333.640396	
10.328000	0.913889	0.791292	4.589102	29.492157	0.238229	-1333.718252	
10.329000	0.951943	0.904637	4.585096	29.492777	0.175926	-1333.796149	
10.330000	0.896977	0.767004	4.582432	29.493382	0.269381	-1333.873904	
10.331000	0.833553	0.896541	4.581541	29.493854	0.265487	-1333.951372	
10.332000	0.901205	0.783196	4.582597	29.494067	0.125304	-1334.028458	
10.333000	0.884292	0.912733	4.585338	29.494119	0.063001	-1334.105113	
10.334000	0.951943	0.726523	4.589393	29.494187	0.175926	-1334.181346	
10.335000	0.795500	0.864157	4.594219	29.494275	0.343367	-1334.257226	
10.336000	0.850466	0.912733	4.598909	29.494239	0.409564	-1334.332880	
10.337000	0.825097	0.872253	4.602628	29.493924	0.191502	-1334.408465	
10.338000	0.926574	0.750812	4.605091	29.493223	0.355048	-1334.484140	
10.339000	0.833553	0.775100	4.606467	29.492074	0.257699	-1334.560032	
10.340000	1.028051	0.912733	4.607017	29.490507	0.316109	-1334.636208	
10.341000	0.791271	1.082751	4.607050	29.488718	0.242123	-1334.712689	
10.342000	0.909661	0.856061	4.606842	29.486843	0.355048	-1334.789444	
10.343000	0.820869	0.783196	4.606399	29.484776	0.355048	-1334.866382	
10.344000	0.905433	0.823676	4.605653	29.482405	0.242123	-1334.943351	
10.345000	0.846238	0.839869	4.604738	29.479866	0.152562	-1335.020172	
10.346000	0.994225	0.734620	4.603963	29.477383	0.281063	-1335.096656	
10.347000	0.901205	0.783196	4.603735	29.474976	0.246017	-1335.172633	
10.348000	0.863151	1.009886	4.604354	29.472475	0.226548	-1335.247976	
10.349000	0.854694	0.937022	4.605633	29.469702	0.109728	-1335.322613	
10.350000	0.871607	0.872253	4.607035	29.466560	0.230441	-1335.396526	
10.351000	0.901205	0.969406	4.608290	29.463004	0.195396	-1335.469758	
10.352000	0.812412	1.034175	4.609449	29.459057	0.265487	-1335.542411	
10.353000	0.774359	0.750812	4.610483	29.454907	0.370624	-1335.614630	
10.354000	0.842010	0.880349	4.611233	29.450699	0.273275	-1335.686576	
10.355000	0.863151	0.750812	4.611429	29.446343	0.390094	-1335.758401	
10.356000	0.842010	0.953214	4.610613	29.441753	0.323897	-1335.830216	
10.357000	0.770130	0.977502	4.608585	29.437108	0.117516	-1335.902077	
10.358000	0.829325	1.017982	4.605751	29.432679	0.370624	-1335.973993	
10.359000	0.850466	0.807484	4.602622	29.428506	0.413458	-1336.045915	
10.360000	0.698251	0.904637	4.599480	29.424403	0.308321	-1336.117725	
10.361000	0.888520	0.767004	4.596690	29.420176	0.312215	-1336.189260	
10.362000	0.901205	0.839869	4.594738	29.415740	0.156456	-1336.260334	
10.363000	0.913889	0.677947	4.593784	29.411065	0.288851	-1336.330762	
10.364000	0.850466	1.042271	4.593449	29.406165	0.358942	-1336.400385	
10.365000	0.681338	0.580794	4.593166	29.401196	0.191502	-1336.469095	
10.366000	0.795500	0.880349	4.592730	29.396282	0.226548	-1336.536838	
10.367000	0.943487	0.791292	4.592509	29.391331	0.393988	-1336.603615	
10.368000	0.837782	0.807484	4.593047	29.386264	0.355048	-1336.669493	
10.369000	0.702479	0.831773	4.594445	29.381266	0.199290	-1336.734595	
10.370000	0.943487	0.767004	4.596360	29.376633	0.234335	-1336.799079	
10.371000	0.880064	0.847965	4.598421	29.372422	0.417352	-1336.863110	
10.372000	0.846238	1.026079	4.600392	29.368454	0.214866	-1336.926835	
10.373000	0.880064	0.669851	4.601960	29.364541	0.230441	-1336.990355	
10.374000	0.951943	0.912733	4.602562	29.360629	0.331685	-1337.053725	
10.375000	0.909661	0.937022	4.601678	29.356725	0.183714	-1337.116942	
10.376000	0.799728	0.880349	4.599297	29.352841	0.339473	-1337.179933	
10.377000	0.626372	0.904637	4.595909	29.349095	0.335579	-1337.242565	
10.378000	0.765902	0.831773	4.592185	29.345571	0.296639	-1337.304670	
10.379000	0.918118	0.977502	4.588621	29.342170	0.425140	-1337.366064	
10.380000	0.892748	0.791292	4.585369	29.338808	0.304427	-1337.426569	
10.381000	0.677110	0.920829	4.582491	29.335642	0.288851	-1337.486040	
10.382000	0.935030	0.767004	4.580312	29.332953	0.300533	-1337.544386	
10.383000	0.825097	0.928926	4.579419	29.330803	0.257699	-1337.601569	
10.384000	0.884292	0.823676	4.580218	29.329011	0.316109	-1337.657611	
10.385000	0.846238	0.823676	4.582562	29.327388	0.203184	-1337.712609	
10.386000	1.006910	0.791292	4.585878	29.325897	0.144774	-1337.766712	
10.387000	0.892748	0.880349	4.589476	29.324569	0.261593	-1337.820094	
10.388000	0.918118	0.945118	4.592797	29.323397	0.253805	-1337.872925	
10.389000	0.689795	0.839869	4.595422	29.322415	0.257699	-1337.925342	
10.390000	0.846238	0.702235	4.597111	29.321637	0.090259	-1337.977443	
10.391000	0.846238	0.661755	4.597906	29.320956	0.269381	-1338.029280	
10.392000	0.837782	0.847965	4.597887	29.320294	0.168138	-1338.080846	
10.393000	0.664425	0.864157	4.597134	29.319795	0.362836	-1338.132059	
10.394000	0.973084	0.904637	4.596040	29.319735	0.327791	-1338.182774	
10.395000	0.774359	0.880349	4.595192	29.320204	0.312215	-1338.232815	
10.396000	0.905433	0.945118	4.595047	29.321036	0.405670	-1338.281994	
10.397000	0.765902	0.864157	4.595940	29.322056	0.191502	-1338.330142	
10.398000	0.935030	0.880349	4.598097	29.323264	0.012379	-1338.377138	
10.399000	0.854694	0.864157	4.601451	29.324728	0.207078	-1338.422913	
10.400000	0.901205	1.293249	4.605602	29.326434	0.370624	-1338.467448	0.000000
10.401000	0.601002	0.961310	4.610020	29.328341	0.281063	-1338.510791	
10.402000	0.896977	0.872253	4.614223	29.330383	0.160350	-1338.553060	
10.403000	0.884292	0.807484	4.617835	29.332438	0.308321	-1338.594417	
10.404000	0.926574	0.775100	4.620702	29.334412	0.242123	-1338.635040	
10.405000	0.782815	0.742716	4.622918	29.336383	0.277169	-1338.675096	
10.406000	1.036507	0.945118	4.624522	29.338575	0.316109	-1338.714713	
10.407000	0.930802	0.928926	4.625240	29.341078	0.347261	-1338.753973	
10.408000	0.985769	1.204192	4.624538	29.343743	0.312215	-1338.792906	
10.409000	0.867379	0.605082	4.622054	29.346414	0.148668	-1338.831489	
10.410000	0.981541	0.783196	4.618053	29.349140	-0.030454	-1338.869631	
10.411000	0.913889	0.661755	4.613323	29.352043	0.203184	-1338.907188	
10.412000	0.816641	0.969406	4.608726	29.355114	0.308321	-1338.943984	
10.413000	0.812412	0.823676	4.604934	29.358244	0.195396	-1338.979843	
10.414000	0.833553	0.961310	4.602231	29.361310	0.047425	-1339.014618	
10.415000	1.006910	0.742716	4.600702	29.364191	0.304427	-1339.048212	
10.416000	0.825097	0.823676	4.600738	29.366805	0.300533	-1339.080570	
10.417000	0.748989	0.807484	4.602655	29.369196	0.339473	-1339.111689	
10.418000	0.833553	1.009886	4.606150	29.371567	0.405670	-1339.141637	
10.419000	0.901205	0.718427	4.610586	29.374030	0.312215	-1339.170541	
10.420000	0.850466	0.912733	4.615253	29.376453	0.374518	-1339.198568	
10.421000	0.892748	0.856061	4.619583	29.378701	0.214866	-1339.225890	
10.422000	0.901205	0.872253	4.623239	29.380863	0.109728	-1339.252663	
10.423000	0.981541	0.839869	4.626125	29.383108	0.168138	-1339.279005	
10.424000	0.888520	0.912733	4.628540	29.385436	0.277169	-1339.304982	
10.425000	0.896977	0.702235	4.630928	29.387706	0.230441	-1339.330613	
10.426000	0.829325	0.783196	4.633413	29.389761	0.129198	-1339.355857	
10.427000	1.011138	0.799388	4.635798	29.391490	0.261593	-1339.380609	
10.428000	0.888520	0.807484	4.637814	29.392821	0.210972	-1339.404721	
10.429000	0.884292	0.807484	4.639277	29.393778	0.292745	-1339.428018	
10.430000	0.875836	0.783196	4.640015	29.394551	0.277169	-1339.450334	
10.431000	0.913889	0.767004	4.639732	29.395274	0.246017	-1339.471540	
10.432000	0.854694	0.758908	4.638241	29.395842	0.343367	-1339.491556	
10.433000	0.901205	0.775100	4.635649	29.396148	0.242123	-1339.510350	
10.434000	0.778587	0.856061	4.632182	29.396332	0.125304	-1339.527945	
10.435000	0.901205	0.872253	4.628124	29.396620	0.288851	-1339.544430	
10.436000	0.791271	0.912733	4.623712	29.397029	0.347261	-1339.559942	
10.437000	0.816641	0.856061	4.618979	29.397383	0.327791	-1339.574645	
10.438000	0.863151	0.653659	4.613913	29.397495	0.156456	-1339.588709	
10.439000	0.968856	0.815580	4.608649	29.397263	0.308321	-1339.602281	
10.440000	0.867379	0.839869	4.603408	29.396636	0.249911	-1339.615457	
10.441000	0.842010	0.953214	4.598319	29.395634	0.218760	-1339.628285	
10.442000	0.770130	0.904637	4.593397	29.394439	0.195396	-1339.640758	
10.443000	0.884292	1.001790	4.588700	29.393188	0.273275	-1339.652816	
10.444000	0.901205	0.742716	4.584439	29.391783	0.308321	-1339.664339	
10.445000	0.858923	0.758908	4.580928	29.390131	0.207078	-1339.675170	
10.446000	0.808184	0.767004	4.578355	29.388399	0.183714	-1339.685138	
10.447000	0.998453	0.702235	4.576615	29.386857	0.168138	-1339.694092	
10.448000	0.905433	0.572698	4.575539	29.385542	0.179820	-1339.701921	
10.449000	0.850466	0.977502	4.575360	29.384280	0.230441	-1339.708564	
10.450000	0.867379	0.767004	4.576604	29.382884	0.090259	-1339.714019	
10.451000	0.901205	0.896541	4.579448	29.381280	0.246017	-1339.718349	
10.452000	0.909661	0.799388	4.583506	29.379448	0.339473	-1339.721679	
10.453000	0.748989	0.969406	4.588074	29.377403	0.390094	-1339.724166	
10.454000	0.672882	0.807484	4.592415	29.375308	0.312215	-1339.725978	
10.455000	0.816641	0.864157	4.595770	29.373287	0.308321	-1339.727282	
10.456000	0.858923	0.750812	4.597397	29.371247	0.355048	-1339.728211	
10.457000	0.842010	0.775100	4.596984	29.369106	0.203184	-1339.728848	
10.458000	0.677110	0.807484	4.594694	29.367043	0.164244	-1339.729223	
10.459000	0.977312	0.767004	4.590715	29.365339	0.203184	-1339.729314	
10.460000	0.837782	0.823676	4.585346	29.364041	0.425140	-1339.729032	
10.461000	0.774359	0.961310	4.579308	29.362963	0.312215	-1339.728238	
10.462000	0.875836	0.791292	4.573607	29.361909	0.222654	-1339.726768	
10.463000	0.981541	0.807484	4.569214	29.360815	0.183714	-1339.724461	
10.464000	0.930802	0.767004	4.566645	29.359681	0.296639	-1339.721180	
10.465000	0.884292	1.107039	4.565940	29.358517	0.335579	-1339.716832	
10.466000	0.702479	0.937022	4.566954	29.357447	0.203184	-1339.711371	
10.467000	0.880064	0.775100	4.569313	29.356563	0.218760	-1339.704815	
10.468000	0.863151	0.977502	4.572541	29.355770	0.304427	-1339.697251	
10.469000	0.854694	0.815580	4.576232	29.354991	0.195396	-1339.688822	
10.470000	0.655969	0.969406	4.579958	29.354391	0.261593	-1339.679698	
10.471000	1.019594	0.726523	4.583252	29.354255	0.343367	-1339.670056	
10.472000	0.863151	0.847965	4.585593	29.354649	0.327791	-1339.660052	
10.473000	0.901205	1.001790	4.586447	29.355393	0.312215	-1339.649801	
10.474000	0.858923	1.050367	4.585413	29.356304	0.191502	-1339.639367	
10.475000	1.006910	0.694139	4.582399	29.357351	0.183714	-1339.628767	
10.476000	0.820869	0.912733	4.577669	29.358570	0.320003	-1339.617954	
10.477000	0.837782	1.082751	4.571778	29.359957	0.335579	-1339.606817	
10.478000	0.601002	0.969406	4.565577	29.361549	0.355048	-1339.595202	
10.479000	0.854694	0.961310	4.559957	29.363353	0.187608	-1339.582944	
10.480000	0.787043	0.831773	4.555469	29.365254	0.409564	-1339.569881	
10.481000	0.913889	0.783196	4.552350	29.367162	0.277169	-1339.555885	
10.482000	0.672882	0.791292	4.550882	29.369199	0.234335	-1339.540875	
10.483000	1.116843	0.507929	4.551603	29.371613	0.277169	-1339.524825	
10.484000	0.829325	0.880349	4.555008	29.374476	0.226548	-1339.507774	
10.485000	0.913889	1.034175	4.560950	29.377613	0.351155	-1339.489826	
10.486000	0.854694	0.969406	4.568547	29.380849	0.261593	-1339.471145	
10.487000	1.028051	0.872253	4.576656	29.384183	0.066895	-1339.451919	
10.488000	0.863151	0.864157	4.584239	29.387683	0.323897	-1339.432335	
10.489000	0.896977	0.953214	4.590475	29.391341	0.292745	-1339.412545	
10.490000	0.791271	0.734620	4.594694	29.395128	0.281063	-1339.392652	
10.491000	0.905433	0.961310	4.596199	29.398993	0.136986	-1339.372714	
10.492000	0.913889	0.791292	4.594563	29.402818	0.292745	-1339.352736	
10.493000	0.816641	1.017982	4.590151	29.406522	0.226548	-1339.332650	
10.494000	0.740533	0.880349	4.584066	29.410195	0.234335	-1339.312322	
10.495000	0.896977	0.864157	4.577695	29.414069	0.261593	-1339.291585	
10.496000	0.765902	0.726523	4.572329	29.418231	0.401776	-1339.270263	
10.497000	0.842010	1.107039	4.568850	29.422527	0.370624	-1339.248194	
10.498000	0.930802	0.912733	4.567480	29.426797	0.257699	-1339.225258	
10.499000	0.913889	0.969406	4.567783	29.431076	0.191502	-1339.201390	
10.500000	0.871607	0.807484	4.569093	29.435478	0.320003	-1339.176580	0.000000
10.501000	0.829325	1.171808	4.571129	29.439987	0.409564	-1339.150884	
10.502000	0.842010	0.767004	4.574020	29.444497	0.316109	-1339.124426	
10.503000	0.837782	0.831773	4.577745	29.448885	0.086365	-1339.097381	
10.504000	0.956171	0.807484	4.581982	29.453026	0.265487	-1339.069947	
10.505000	0.901205	0.904637	4.586372	29.456833	0.296639	-1339.042304	
10.506000	0.905433	0.856061	4.590616	29.460346	0.238229	-1339.014588	
10.507000	0.875836	0.985598	4.594440	29.463768	0.253805	-1338.986888	
10.508000	0.964628	0.726523	4.597613	29.467212	0.230441	-1338.959245	
10.509000	0.850466	0.945118	4.599992	29.470555	0.246017	-1338.931646	
10.510000	0.943487	0.775100	4.601656	29.473665	0.203184	-1338.904013	
10.511000	0.922346	0.904637	4.602904	29.476631	0.090259	-1338.876213	
10.512000	0.922346	0.896541	4.604101	29.479623	0.238229	-1338.848080	
10.513000	0.782815	1.042271	4.605534	29.482641	0.397882	-1338.819438	
10.514000	0.825097	0.953214	4.607351	29.485544	0.269381	-1338.790137	
10.515000	0.791271	0.815580	4.609522	29.488176	0.164244	-1338.760075	
10.516000	0.935030	0.661755	4.611666	29.490424	0.347261	-1338.729206	
10.517000	0.888520	0.742716	4.613286	29.492216	0.339473	-1338.697537	
10.518000	0.850466	0.945118	4.614377	29.493575	0.370624	-1338.665137	
10.519000	0.782815	0.847965	4.615252	29.494686	0.288851	-1338.632139	
10.520000	0.825097	0.953214	4.616005	29.495672	0.238229	-1338.598718	
10.521000	0.863151	0.953214	4.616509	29.496419	0.203184	-1338.565060	
10.522000	0.901205	0.856061	4.616637	29.496812	0.230441	-1338.531333	
10.523000	0.943487	0.767004	4.616651	29.496975	-0.003197	-1338.497663	
10.524000	1.002682	0.758908	4.617291	29.497124	0.288851	-1338.464127	
10.525000	0.981541	0.888445	4.618812	29.497274	0.292745	-1338.430752	
10.526000	0.935030	0.920829	4.620539	29.497264	0.253805	-1338.397500	
10.527000	0.858923	0.775100	4.621850	29.496923	0.261593	-1338.364276	
10.528000	0.930802	0.977502	4.622742	29.496155	0.214866	-1338.330939	
10.529000	0.892748	0.694139	4.623401	29.494913	0.218760	-1338.297321	
10.530000	0.799728	0.888445	4.623810	29.493219	0.304427	-1338.263248	
10.531000	0.803956	0.677947	4.623801	29.491262	0.374518	-1338.228578	
10.532000	0.850466	0.847965	4.623352	29.489184	0.300533	-1338.193223	
10.533000	0.880064	0.904637	4.622788	29.486896	0.312215	-1338.157144	
10.534000	0.842010	0.888445	4.622542	29.484307	0.300533	-1338.120364	
10.535000	0.706707	0.872253	4.622783	29.481591	0.230441	-1338.082974	
10.536000	0.901205	0.872253	4.623348	29.479008	0.312215	-1338.045121	
10.537000	0.833553	0.896541	4.623908	29.476593	0.374518	-1338.006977	
10.538000	0.816641	1.034175	4.624262	29.474163	0.300533	-1337.968719	
10.539000	0.863151	0.961310	4.624568	29.471528	0.281063	-1337.930501	
10.540000	0.930802	0.912733	4.625013	29.468602	0.304427	-1337.892431	
10.541000	0.833553	0.888445	4.625363	29.465350	0.253805	-1337.854570	
10.542000	0.854694	1.058463	4.625291	29.461787	0.347261	-1337.816917	
10.543000	0.660197	0.799388	4.624732	29.458080	0.347261	-1337.779412	
10.544000	0.854694	0.823676	4.623772	29.454360	0.277169	-1337.741937	
10.545000	0.926574	0.807484	4.622645	29.450536	0.284957	-1337.704342	
10.546000	0.858923	0.775100	4.621643	29.446531	0.195396	-1337.666459	
10.547000	0.668654	0.823676	4.620955	29.442528	0.265487	-1337.628128	
10.548000	0.939259	0.710331	4.620473	29.438815	0.183714	-1337.589230	
10.549000	0.880064	0.621274	4.620002	29.435439	0.288851	-1337.549693	
10.550000	0.901205	0.985598	4.619886	29.432217	0.331685	-1337.509500	
10.551000	0.837782	0.872253	4.620705	29.428962	0.214866	-1337.468703	
10.552000	0.896977	0.775100	4.622460	29.425617	0.140880	-1337.427422	
10.553000	0.842010	0.880349	4.624601	29.422185	0.308321	-1337.385820	
10.554000	0.799728	0.928926	4.626398	29.418676	0.331685	-1337.344072	
10.555000	0.571405	1.001790	4.627201	29.415211	0.343367	-1337.302345	
10.556000	0.854694	0.872253	4.626634	29.411876	0.249911	-1337.260778	
10.557000	0.926574	0.945118	4.624677	29.408571	0.526383	-1337.219458	
10.558000	0.913889	0.839869	4.621606	29.405215	0.393988	-1337.178422	
10.559000	0.651741	0.945118	4.617640	29.401978	0.308321	-1337.137652	
10.560000	0.985769	0.864157	4.612813	29.399140	0.339473	-1337.097067	
10.561000	0.846238	0.920829	4.607393	29.396764	0.339473	-1337.056536	
10.562000	0.905433	1.017982	4.601920	29.394667	0.409564	-1337.015899	
10.563000	0.808184	0.904637	4.596777	29.392660	0.175926	-1336.974989	
10.564000	1.036507	0.799388	4.592087	29.390702	0.074683	-1336.933669	
10.565000	0.846238	0.702235	4.588333	29.388822	0.156456	-1336.891843	
10.566000	0.888520	0.767004	4.586770	29.387021	0.273275	-1336.849460	
10.567000	0.651741	0.945118	4.588192	29.385357	0.284957	-1336.806525	
10.568000	0.880064	0.775100	4.591927	29.383866	0.094153	-1336.763117	
10.569000	0.871607	0.920829	4.596662	29.382445	0.281063	-1336.719381	
10.570000	0.880064	0.888445	4.601307	29.381013	0.351155	-1336.675492	
10.571000	0.605231	0.953214	4.605115	29.379707	0.347261	-1336.631627	
10.572000	0.964628	0.880349	4.607706	29.378798	0.226548	-1336.587944	
10.573000	0.837782	0.726523	4.609291	29.378368	0.401776	-1336.544558	
10.574000	0.791271	0.888445	4.610979	29.378250	0.386200	-1336.501533	
10.575000	0.795500	0.742716	4.613720	29.378269	0.207078	-1336.458885	
10.576000	0.985769	0.904637	4.616650	29.378420	0.101940	-1336.416573	
10.577000	0.960400	0.767004	4.618203	29.378766	0.308321	-1336.374496	
10.578000	0.774359	1.171808	4.618039	29.379296	0.320003	-1336.332504	
10.579000	0.719392	0.750812	4.616565	29.379991	0.304427	-1336.290426	
10.580000	0.799728	0.904637	4.614245	29.380811	0.187608	-1336.248103	
10.581000	0.939259	0.661755	4.611641	29.381638	0.397882	-1336.205412	
10.582000	0.871607	1.001790	4.608981	29.382374	0.265487	-1336.162273	
10.583000	0.850466	0.734620	4.606167	29.383094	0.323897	-1336.118652	
10.584000	0.913889	0.856061	4.603431	29.384015	0.238229	-1336.074572	
10.585000	0.888520	0.742716	4.601091	29.385225	0.347261	-1336.030131	
10.586000	0.854694	0.945118	4.598982	29.386573	0.320003	-1335.985484	
10.587000	0.854694	0.702235	4.596794	29.387903	0.203184	-1335.940817	
10.588000	0.926574	0.831773	4.594518	29.389258	-0.057712	-1335.896319	
10.589000	0.964628	0.742716	4.592320	29.390753	0.191502	-1335.852143	
10.590000	0.812412	1.034175	4.590314	29.392381	0.401776	-1335.808390	
10.591000	0.744761	0.823676	4.588465	29.394055	0.218760	-1335.765108	
10.592000	0.812412	0.920829	4.586597	29.395674	0.039637	-1335.722298	
10.593000	0.935030	0.831773	4.584568	29.397124	0.242123	-1335.679899	
10.594000	0.791271	0.775100	4.582525	29.398324	0.292745	-1335.637786	
10.595000	0.787043	0.945118	4.580862	29.399328	0.397882	-1335.595792	
10.596000	0.905433	0.758908	4.579826	29.400345	0.316109	-1335.553738	
10.597000	0.846238	0.961310	4.579365	29.401486	0.273275	-1335.511460	
10.598000	0.833553	0.928926	4.579438	29.402617	0.393988	-1335.468838	
10.599000	0.905433	0.831773	4.580391	29.403600	0.249911	-1335.425800	
10.600000	1.011138	0.605082	4.583000	29.404513	0.043531	-1335.382332	0.000000
10.601000	0.994225	0.702235	4.587810	29.405517	0.288851	-1335.338486	
10.602000	0.918118	0.807484	4.594486	29.406604	0.203184	-1335.294377	
10.603000	0.875836	0.872253	4.602057	29.407634	0.370624	-1335.250169	
10.604000	0.913889	0.718427	4.609596	29.408454	-0.038242	-1335.206052	
10.605000	0.926574	0.856061	4.616685	29.408951	0.199290	-1335.162208	
10.606000	0.880064	0.847965	4.623113	29.409055	0.109728	-1335.118777	
10.607000	0.795500	0.726523	4.628328	29.408794	0.195396	-1335.075842	
10.608000	0.939259	0.710331	4.631563	29.408369	0.242123	-1335.033433	
10.609000	0.842010	0.758908	4.632343	29.407916	0.203184	-1334.991531	
10.610000	0.888520	0.750812	4.630893	29.407330	0.230441	-1334.950055	
10.611000	0.820869	0.904637	4.628038	29.406502	0.203184	-1334.908869	
10.612000	0.888520	0.758908	4.624600	29.405563	0.051319	-1334.867807	
10.613000	0.880064	0.864157	4.621119	29.404732	0.284957	-1334.826695	
10.614000	0.799728	0.775100	4.617912	29.404025	0.405670	-1334.785378	
10.615000	0.829325	0.767004	4.615391	29.403270	0.312215	-1334.743743	
10.616000	0.896977	0.799388	4.614443	29.402283	0.133092	-1334.701727	
10.617000	0.880064	0.823676	4.615890	29.400958	0.273275	-1334.659330	
10.618000	0.943487	0.726523	4.619650	29.399244	0.292745	-1334.616616	
10.619000	0.795500	0.928926	4.624862	29.397157	0.210972	-1334.573714	
10.620000	0.803956	0.920829	4.630396	29.394874	0.183714	-1334.530794	
10.621000	0.829325	0.750812	4.635258	29.392532	0.284957	-1334.488039	
10.622000	0.913889	0.775100	4.638745	29.390030	0.366730	-1334.445621	
10.623000	0.816641	0.823676	4.640162	29.387276	0.320003	-1334.403663	
10.624000	0.918118	0.888445	4.638805	29.384436	0.160350	-1334.362238	
10.625000	0.909661	0.621274	4.634369	29.381778	0.222654	-1334.321362	
10.626000	0.816641	0.758908	4.627363	29.379343	0.284957	-1334.280991	
10.627000	0.875836	0.969406	4.619023	29.376949	0.401776	-1334.241021	
10.628000	0.863151	0.823676	4.610776	29.374409	0.129198	-1334.201308	
10.629000	0.947715	0.839869	4.603759	29.371643	0.156456	-1334.161685	
10.630000	0.854694	0.880349	4.598639	29.368629	0.320003	-1334.121985	
10.631000	0.812412	0.977502	4.595647	29.365385	0.277169	-1334.082062	
10.632000	0.567177	1.001790	4.594690	29.362078	0.366730	-1334.041817	
10.633000	0.842010	0.993694	4.595390	29.358834	0.257699	-1334.001202	
10.634000	0.842010	0.937022	4.597096	29.355562	0.409564	-1333.960229	
10.635000	0.875836	0.880349	4.599186	29.352178	0.273275	-1333.918976	
10.636000	0.672882	0.896541	4.601281	29.348863	0.316109	-1333.877583	
10.637000	0.977312	0.758908	4.603164	29.345906	0.273275	-1333.836221	
10.638000	0.791271	0.888445	4.604764	29.343363	0.335579	-1333.795067	
10.639000	0.837782	1.082751	4.605891	29.341048	0.378412	-1333.754272	
10.640000	0.791271	0.839869	4.606333	29.338766	0.222654	-1333.713943	
10.641000	1.023823	0.920829	4.606419	29.336449	0.175926	-1333.674141	
10.642000	0.850466	0.758908	4.606600	29.334093	0.277169	-1333.634874	
10.643000	0.935030	0.937022	4.606811	29.331704	0.370624	-1333.596076	
10.644000	0.664425	0.847965	4.606862	29.329405	0.234335	-1333.557627	
10.645000	0.888520	0.807484	4.606818	29.327289	0.121410	-1333.519375	
10.646000	0.850466	0.823676	4.606815	29.325266	0.378412	-1333.481159	
10.647000	0.896977	0.831773	4.606904	29.323259	0.094153	-1333.442818	
10.648000	0.664425	0.912733	4.607085	29.321443	0.320003	-1333.404227	
10.649000	0.973084	0.799388	4.607383	29.320105	0.179820	-1333.365304	
10.650000	0.778587	0.896541	4.607999	29.319308	0.292745	-1333.326018	
10.651000	0.909661	1.107039	4.609207	29.318874	0.320003	-1333.286398	
10.652000	0.867379	0.888445	4.610972	29.318614	0.304427	-1333.246547	
10.653000	0.930802	0.953214	4.612841	29.318493	0.312215	-1333.206619	
10.654000	0.854694	0.977502	4.614321	29.318542	0.312215	-1333.166790	
10.655000	0.867379	1.074655	4.615175	29.318758	0.382306	-1333.127226	
10.656000	0.634828	0.961310	4.615269	29.319195	0.370624	-1333.088058	
10.657000	0.825097	0.993694	4.614436	29.319878	0.140880	-1333.049375	
10.658000	0.854694	0.815580	4.612977	29.320697	0.362836	-1333.011219	
10.659000	0.875836	1.050367	4.611930	29.321564	0.164244	-1332.973577	
10.660000	0.791271	0.856061	4.611914	29.322611	0.320003	-1332.936367	
10.661000	0.960400	1.001790	4.612555	29.324104	0.207078	-1332.899455	
10.662000	0.943487	0.847965	4.613320	29.326119	0.261593	-1332.862677	
10.663000	0.875836	0.993694	4.613749	29.328487	0.382306	-1332.825869	
10.664000	0.909661	0.686043	4.613430	29.331033	0.133092	-1332.788887	
10.665000	0.901205	1.017982	4.612542	29.333755	0.016273	-1332.751631	
10.666000	0.867379	0.702235	4.611952	29.336725	0.265487	-1332.714046	
10.667000	0.808184	0.904637	4.612445	29.339934	0.362836	-1332.676127	
10.668000	0.905433	0.888445	4.614138	29.343346	0.300533	-1332.637935	
10.669000	0.829325	0.969406	4.616562	29.346902	0.098047	-1332.599599	
10.670000	0.892748	0.807484	4.618984	29.350486	0.339473	-1332.561286	
10.671000	0.825097	0.904637	4.620778	29.354012	0.312215	-1332.523171	
10.672000	0.732077	0.912733	4.621596	29.357565	0.249911	-1332.485410	
10.673000	0.837782	0.928926	4.621326	29.361380	0.355048	-1332.448117	
10.674000	0.922346	1.082751	4.620057	29.365550	0.339473	-1332.411358	
10.675000	0.837782	1.147520	4.618078	29.369920	0.351155	-1332.375152	
10.676000	0.854694	0.888445	4.615866	29.374328	0.207078	-1332.339454	
10.677000	0.951943	0.888445	4.613834	29.378812	0.175926	-1332.304164	
10.678000	0.968856	0.815580	4.612123	29.383487	0.300533	-1332.269133	
10.679000	0.880064	1.001790	4.610727	29.388336	0.288851	-1332.234194	
10.680000	0.816641	0.920829	4.609726	29.393252	0.253805	-1332.199182	
10.681000	0.880064	0.856061	4.609363	29.398112	0.125304	-1332.163971	
10.682000	0.977312	0.847965	4.609950	29.402788	0.339473	-1332.128483	
10.683000	0.905433	0.775100	4.611933	29.407195	0.113622	-1332.092684	
10.684000	0.820869	0.928926	4.615637	29.411374	0.234335	-1332.056583	
10.685000	0.951943	0.702235	4.620725	29.415526	0.144774	-1332.020260	
10.686000	0.858923	0.823676	4.626293	29.419758	0.300533	-1331.983855	
10.687000	0.935030	0.783196	4.631283	29.423938	0.339473	-1331.947542	
10.688000	0.858923	0.847965	4.634825	29.427934	0.308321	-1331.911495	
10.689000	0.977312	0.904637	4.636506	29.431832	0.082471	-1331.875864	
10.690000	0.875836	1.017982	4.636267	29.435799	0.253805	-1331.840752	
10.691000	0.901205	1.058463	4.634048	29.439836	0.390094	-1331.806208	
10.692000	0.698251	0.985598	4.629806	29.443801	0.273275	-1331.772227	
10.693000	0.875836	0.791292	4.623899	29.447534	0.136986	-1331.738740	
10.694000	0.901205	0.920829	4.617142	29.450921	0.242123	-1331.705627	
10.695000	0.935030	0.750812	4.610429	29.453892	0.308321	-1331.672724	
10.696000	0.833553	0.904637	4.604435	29.456472	0.409564	-1331.639850	
10.697000	0.863151	0.823676	4.599729	29.458853	0.351155	-1331.606843	
10.698000	0.808184	1.001790	4.596918	29.461163	0.323897	-1331.573581	
10.699000	0.964628	0.799388	4.596312	29.463287	0.312215	-1331.539997	
10.700000	0.842010	0.564602	4.597752	29.465108	0.281063	-1331.506071	0.000000
10.701000	0.909661	0.799388	4.600893	29.466751	0.129198	-1331.471846	
10.702000	0.935030	0.904637	4.605265	29.468428	0.308321	-1331.437434	
10.703000	0.926574	0.896541	4.610152	29.470153	0.199290	-1331.402990	
10.704000	0.867379	0.799388	4.614752	29.471761	0.261593	-1331.368692	
10.705000	0.871607	0.702235	4.618482	29.473080	0.133092	-1331.334722	
10.706000	0.926574	0.775100	4.620982	29.474010	0.246017	-1331.301226	
10.707000	0.880064	0.953214	4.621680	29.474500	0.109728	-1331.268294	
10.708000	0.820869	0.637467	4.619793	29.474570	0.378412	-1331.235961	
10.709000	0.761674	0.920829	4.615429	29.474403	0.257699	-1331.204202	
10.710000	0.850466	0.605082	4.609737	29.474137	0.222654	-1331.172925	
10.711000	0.858923	0.872253	4.603753	29.473674	0.382306	-1331.141987	
10.712000	0.795500	0.726523	4.598174	29.472923	0.343367	-1331.111210	
10.713000	0.761674	0.791292	4.593424	29.472055	0.304427	-1331.080410	
10.714000	0.909661	0.718427	4.589490	29.471332	0.261593	-1331.049430	
10.715000	0.880064	0.977502	4.586518	29.470789	0.316109	-1331.018154	
10.716000	0.833553	0.815580	4.585445	29.470241	0.327791	-1330.986517	
10.717000	0.757446	0.856061	4.587353	29.469492	0.125304	-1330.954515	
10.718000	0.998453	0.540314	4.592317	29.468453	0.199290	-1330.922216	
10.719000	0.871607	0.758908	4.599303	29.467090	0.226548	-1330.889750	
10.720000	0.922346	0.807484	4.606890	29.465414	0.323897	-1330.857279	
10.721000	0.639056	0.775100	4.613974	29.463588	0.316109	-1330.824986	
10.722000	0.973084	0.758908	4.620114	29.461743	0.175926	-1330.793044	
10.723000	0.871607	0.791292	4.625236	29.459789	0.257699	-1330.761585	
10.724000	0.888520	0.791292	4.628792	29.457650	0.218760	-1330.730685	
10.725000	0.592546	0.823676	4.629448	29.455513	0.292745	-1330.700360	
10.726000	0.994225	0.669851	4.626162	29.453670	0.148668	-1330.670563	
10.727000	0.837782	0.847965	4.619437	29.452177	0.269381	-1330.641182	
10.728000	0.858923	0.823676	4.611006	29.450851	0.296639	-1330.612056	
10.729000	0.842010	0.783196	4.602602	29.449506	0.300533	-1330.583005	
10.730000	0.947715	0.823676	4.595333	29.448087	0.129198	-1330.553855	
10.731000	0.846238	0.750812	4.589829	29.446601	0.308321	-1330.524462	
10.732000	0.727848	1.277057	4.586347	29.445063	0.195396	-1330.494725	
10.733000	0.639056	0.961310	4.584717	29.443595	0.405670	-1330.464588	
10.734000	0.875836	0.888445	4.584655	29.442284	0.140880	-1330.434055	
10.735000	0.918118	0.605082	4.586024	29.441031	0.226548	-1330.403208	
10.736000	0.871607	0.783196	4.588543	29.439751	0.203184	-1330.372183	
10.737000	0.715164	0.783196	4.591673	29.438605	0.160350	-1330.341152	
10.738000	1.015366	0.847965	4.594891	29.437862	0.261593	-1330.310292	
10.739000	0.909661	0.726523	4.597865	29.437579	0.296639	-1330.279759	
10.740000	0.816641	1.001790	4.600260	29.437570	0.362836	-1330.249660	
10.741000	0.871607	0.686043	4.601661	29.437651	0.183714	-1330.220053	
10.742000	0.956171	0.880349	4.601821	29.437787	0.074683	-1330.190945	
10.743000	0.981541	0.694139	4.600748	29.438010	0.246017	-1330.162276	
10.744000	0.825097	0.953214	4.598758	29.438319	0.273275	-1330.133918	
10.745000	0.748989	0.799388	4.596447	29.438770	0.296639	-1330.105707	
10.746000	0.846238	0.831773	4.594384	29.439393	0.183714	-1330.077472	
10.747000	0.922346	0.726523	4.592986	29.440087	0.292745	-1330.049051	
10.748000	0.799728	0.839869	4.592586	29.440771	0.195396	-1330.020313	
10.749000	0.651741	0.807484	4.593717	29.441582	0.362836	-1329.991171	
10.750000	0.918118	0.896541	4.597376	29.442783	0.257699	-1329.961590	
10.751000	0.774359	0.799388	4.604083	29.444456	0.362836	-1329.931595	
10.752000	0.774359	1.017982	4.612943	29.446430	0.362836	-1329.901282	
10.753000	0.913889	0.880349	4.622276	29.448531	0.331685	-1329.870800	
10.754000	0.968856	0.904637	4.630589	29.450750	0.101940	-1329.840325	
10.755000	0.939259	0.839869	4.636880	29.453155	0.281063	-1329.810031	
10.756000	0.791271	1.074655	4.640460	29.455736	0.331685	-1329.780058	
10.757000	0.732077	0.864157	4.640790	29.458457	0.269381	-1329.750496	
10.758000	0.782815	0.961310	4.637856	29.461258	0.238229	-1329.721392	
10.759000	0.909661	0.904637	4.632477	29.464013	0.257699	-1329.692744	
10.760000	0.880064	0.694139	4.625725	29.466631	0.214866	-1329.664473	
10.761000	0.782815	0.969406	4.618425	29.469194	0.144774	-1329.636442	
10.762000	1.032279	0.580794	4.611405	29.471933	0.226548	-1329.608481	
10.763000	0.825097	0.856061	4.605302	29.474941	0.242123	-1329.580418	
10.764000	0.888520	0.880349	4.600172	29.478071	0.382306	-1329.552105	
10.765000	0.863151	0.742716	4.596092	29.481170	0.238229	-1329.523434	
10.766000	1.040735	0.669851	4.593602	29.484282	0.086365	-1329.494346	
10.767000	0.884292	0.807484	4.593013	29.487525	0.405670	-1329.464833	
10.768000	0.825097	0.912733	4.593992	29.490888	0.308321	-1329.434948	
10.769000	0.774359	0.912733	4.595902	29.494272	0.203184	-1329.404809	
10.770000	0.854694	0.775100	4.598102	29.497559	0.027955	-1329.374577	
10.771000	0.795500	0.888445	4.600184	29.500630	0.382306	-1329.344438	
10.772000	0.884292	0.807484	4.601967	29.503403	0.316109	-1329.314555	
10.773000	0.753218	0.969406	4.603148	29.505930	0.362836	-1329.285048	
10.774000	0.880064	1.082751	4.603276	29.508417	0.234335	-1329.255983	
10.775000	0.748989	0.888445	4.601833	29.510974	0.343367	-1329.227384	
10.776000	0.871607	0.920829	4.598381	29.513470	0.370624	-1329.199214	
10.777000	0.808184	0.993694	4.593204	29.515767	0.140880	-1329.171374	
10.778000	1.011138	0.742716	4.587429	29.517943	0.140880	-1329.143721	
10.779000	0.960400	0.856061	4.582081	29.520158	0.393988	-1329.116091	
10.780000	0.909661	1.034175	4.577544	29.522408	0.390094	-1329.088319	
10.781000	0.842010	0.993694	4.574060	29.524556	0.312215	-1329.060269	
10.782000	0.842010	0.896541	4.571966	29.526452	0.086365	-1329.031857	
10.783000	0.918118	0.758908	4.571478	29.527981	0.312215	-1329.003048	
10.784000	0.922346	0.799388	4.572723	29.529074	0.238229	-1328.973853	
10.785000	0.854694	0.556506	4.575617	29.529756	0.195396	-1328.944347	
10.786000	0.846238	0.847965	4.579674	29.530216	0.203184	-1328.914662	
10.787000	0.896977	0.815580	4.584148	29.530583	0.230441	-1328.884968	
10.788000	0.837782	1.001790	4.588330	29.530750	0.323897	-1328.855441	
10.789000	0.896977	0.945118	4.591805	29.530609	0.273275	-1328.826230	
10.790000	0.778587	0.888445	4.594777	29.530291	0.214866	-1328.797439	
10.791000	0.858923	0.758908	4.598114	29.530009	0.316109	-1328.769119	
10.792000	0.765902	0.945118	4.602486	29.529773	0.409564	-1328.741263	
10.793000	0.939259	1.066559	4.607647	29.529415	0.401776	-1328.713801	
10.794000	0.825097	0.912733	4.613003	29.528756	0.253805	-1328.686610	
10.795000	0.960400	0.839869	4.618198	29.527695	0.269381	-1328.659537	
10.796000	0.880064	0.896541	4.622974	29.526179	0.320003	-1328.632411	
10.797000	0.892748	0.920829	4.627026	29.524225	0.292745	-1328.605070	
10.798000	0.770130	0.807484	4.630133	29.522015	0.234335	-1328.577391	
10.799000	0.880064	0.872253	4.632615	29.519687	0.351155	-1328.549302	
10.800000	0.875836	0.953214	4.635222	29.517144	0.343367	-1328.520781	0.000000
10.801000	0.939259	0.807484	4.638030	29.514293	0.246017	-1328.491867	
10.802000	0.791271	0.880349	4.640376	29.511298	0.101940	-1328.462667	
10.803000	1.015366	0.839869	4.641733	29.508415	0.242123	-1328.433338	
10.804000	0.871607	0.726523	4.641921	29.505677	0.288851	-1328.404064	
10.805000	0.913889	0.920829	4.640927	29.502905	0.210972	-1328.375019	
10.806000	0.858923	0.799388	4.638788	29.499911	0.265487	-1328.346349	
10.807000	0.947715	0.928926	4.635638	29.496614	0.242123	-1328.318147	
10.808000	0.837782	0.839869	4.631697	29.492985	0.378412	-1328.290453	
10.809000	0.871607	1.026079	4.627159	29.489045	0.393988	-1328.263245	
10.810000	0.672882	0.750812	4.622279	29.484962	0.347261	-1328.236434	
10.811000	0.795500	0.831773	4.617514	29.480868	0.261593	-1328.209879	
10.812000	0.918118	0.742716	4.613427	29.476671	0.366730	-1328.183410	
10.813000	0.858923	0.920829	4.610422	29.472285	0.156456	-1328.156849	
10.814000	0.672882	0.888445	4.608616	29.467892	0.261593	-1328.130037	
10.815000	0.896977	0.888445	4.607934	29.463775	0.136986	-1328.102859	
10.816000	0.867379	0.823676	4.608277	29.459984	0.374518	-1328.075252	
10.817000	0.846238	1.082751	4.609607	29.456331	0.308321	-1328.047210	
10.818000	0.816641	0.686043	4.611834	29.452621	0.210972	-1328.018797	
10.819000	0.973084	0.783196	4.614601	29.448787	0.125304	-1327.990146	
10.820000	0.989997	0.645563	4.617333	29.444821	0.284957	-1327.961424	
10.821000	0.909661	0.945118	4.619577	29.440735	0.214866	-1327.932810	
10.822000	0.698251	0.872253	4.621244	29.436670	0.308321	-1327.904472	
10.823000	0.871607	0.847965	4.622339	29.432736	0.109728	-1327.876538	
10.824000	0.892748	0.864157	4.622913	29.428842	0.257699	-1327.849086	
10.825000	0.858923	0.613178	4.623327	29.424907	0.172032	-1327.822137	
10.826000	0.668654	0.669851	4.623651	29.421106	0.230441	-1327.795645	
10.827000	0.943487	0.734620	4.623450	29.417728	0.339473	-1327.769500	
10.828000	0.854694	0.791292	4.622611	29.414834	0.370624	-1327.743540	
10.829000	0.850466	1.034175	4.621372	29.412243	0.386200	-1327.717586	
10.830000	0.825097	0.904637	4.619970	29.409770	0.144774	-1327.691460	
10.831000	0.935030	0.888445	4.618841	29.407370	0.214866	-1327.665024	
10.832000	0.892748	0.791292	4.618304	29.405064	0.284957	-1327.638182	
10.833000	0.829325	0.928926	4.618021	29.402852	0.300533	-1327.610879	
10.834000	0.672882	0.823676	4.617546	29.400809	0.425140	-1327.583119	
10.835000	0.867379	0.734620	4.616843	29.398986	0.191502	-1327.554978	
10.836000	0.922346	0.799388	4.615940	29.397280	0.327791	-1327.526600	
10.837000	0.896977	0.750812	4.614755	29.395605	0.210972	-1327.498157	
10.838000	0.736305	0.920829	4.613284	29.394110	0.191502	-1327.469828	
10.839000	1.036507	0.750812	4.611630	29.393069	0.214866	-1327.441768	
10.840000	0.918118	0.912733	4.609807	29.392554	0.362836	-1327.414087	
10.841000	0.871607	0.742716	4.607657	29.392393	0.320003	-1327.386846	
10.842000	0.880064	0.791292	4.605021	29.392407	0.238229	-1327.360055	
10.843000	1.011138	0.888445	4.601952	29.392583	0.070789	-1327.333658	
10.844000	0.901205	0.847965	4.598793	29.392978	0.238229	-1327.307539	
10.845000	0.896977	1.026079	4.595988	29.393589	0.265487	-1327.281540	
10.846000	0.702479	0.831773	4.593850	29.394422	0.230441	-1327.255482	
10.847000	0.837782	0.791292	4.592532	29.395459	0.133092	-1327.229202	
10.848000	0.850466	0.856061	4.592063	29.396591	0.320003	-1327.202573	
10.849000	0.808184	0.734620	4.592362	29.397730	0.222654	-1327.175510	
10.850000	0.634828	0.912733	4.593046	29.398980	0.308321	-1327.147974	
10.851000	1.019594	0.734620	4.593509	29.400579	0.253805	-1327.119990	
10.852000	0.825097	0.920829	4.593559	29.402609	0.471868	-1327.091654	
10.853000	0.901205	0.888445	4.593361	29.404907	0.432928	-1327.063113	
10.854000	0.799728	0.734620	4.592979	29.407304	0.265487	-1327.034542	
10.855000	0.989997	0.807484	4.592539	29.409822	0.047425	-1327.006117	
10.856000	0.896977	0.864157	4.592248	29.412555	0.362836	-1326.977982	
10.857000	0.791271	0.961310	4.592112	29.415489	0.374518	-1326.950231	
10.858000	0.774359	0.621274	4.592066	29.418550	0.358942	-1326.922907	
10.859000	0.939259	0.912733	4.591934	29.421646	0.000697	-1326.896007	
10.860000	0.930802	0.718427	4.591431	29.424656	0.343367	-1326.869463	
10.861000	0.871607	0.734620	4.590578	29.427494	0.242123	-1326.843148	
10.862000	0.825097	0.783196	4.589620	29.430226	0.199290	-1326.816897	
10.863000	0.947715	0.847965	4.588578	29.433072	0.203184	-1326.790537	
10.864000	0.867379	0.847965	4.587331	29.436136	0.191502	-1326.763913	
10.865000	0.846238	1.034175	4.585929	29.439281	0.320003	-1326.736916	
10.866000	0.829325	0.767004	4.584593	29.442368	0.242123	-1326.709478	
10.867000	0.901205	0.799388	4.583639	29.445467	0.101940	-1326.681585	
10.868000	0.888520	0.694139	4.583299	29.448725	0.284957	-1326.653289	
10.869000	0.736305	0.896541	4.583468	29.452134	0.499125	-1326.624702	
10.870000	0.816641	0.767004	4.583817	29.455556	0.366730	-1326.595980	
10.871000	0.850466	0.904637	4.584134	29.458839	0.242123	-1326.567301	
10.872000	0.960400	0.872253	4.584432	29.461858	0.249911	-1326.538834	
10.873000	0.808184	0.839869	4.584776	29.464534	0.148668	-1326.510708	
10.874000	0.846238	0.912733	4.585262	29.466894	0.362836	-1326.482996	
10.875000	0.858923	1.034175	4.586044	29.469131	0.308321	-1326.455717	
10.876000	0.867379	0.758908	4.587078	29.471366	0.273275	-1326.428839	
10.877000	0.875836	0.847965	4.588216	29.473479	0.487443	-1326.402267	
10.878000	0.913889	0.742716	4.589568	29.475350	0.203184	-1326.375856	
10.879000	0.968856	0.912733	4.591227	29.477091	0.051319	-1326.349438	
10.880000	1.032279	0.815580	4.592943	29.478903	0.281063	-1326.322850	
10.881000	0.837782	0.880349	4.594376	29.480792	0.316109	-1326.295951	
10.882000	0.846238	0.556506	4.595254	29.482595	0.339473	-1326.268650	
10.883000	0.850466	0.686043	4.595539	29.484136	0.121410	-1326.240900	
10.884000	0.913889	0.694139	4.595755	29.485310	0.257699	-1326.212710	
10.885000	0.905433	0.718427	4.596598	29.486062	0.246017	-1326.184152	
10.886000	0.820869	1.009886	4.598203	29.486421	0.218760	-1326.155347	
10.887000	0.782815	0.823676	4.600146	29.486584	0.261593	-1326.126451	
10.888000	0.825097	0.904637	4.601877	29.486695	0.281063	-1326.097636	
10.889000	0.854694	0.880349	4.602914	29.486656	0.339473	-1326.069055	
10.890000	0.753218	0.953214	4.602792	29.486367	0.284957	-1326.040814	
10.891000	0.842010	0.880349	4.601134	29.485984	0.210972	-1326.012967	
10.892000	0.905433	0.912733	4.597911	29.485752	0.374518	-1325.985514	
10.893000	0.871607	0.799388	4.593463	29.485698	0.335579	-1325.958390	
10.894000	0.867379	1.009886	4.588411	29.485641	0.362836	-1325.931476	
10.895000	0.913889	0.783196	4.583588	29.485389	0.246017	-1325.904620	
10.896000	0.913889	0.710331	4.579637	29.484850	0.246017	-1325.877660	
10.897000	0.973084	0.661755	4.576617	29.483983	0.168138	-1325.850440	
10.898000	0.863151	0.896541	4.574325	29.482801	0.339473	-1325.822835	
10.899000	0.753218	0.621274	4.572994	29.481478	0.214866	-1325.794769	
10.900000	0.825097	0.847965	4.573453	29.480153	0.156456	-1325.766218	0.000000
10.901000	0.858923	0.912733	4.576510	29.478734	0.393988	-1325.737219	
10.902000	0.956171	0.888445	4.582239	29.477139	0.257699	-1325.707874	
10.903000	0.770130	0.775100	4.589806	29.475548	0.257699	-1325.678333	
10.904000	0.973084	0.799388	4.597979	29.474241	0.253805	-1325.648769	
10.905000	0.884292	0.791292	4.605914	29.473266	0.284957	-1325.619354	
10.906000	0.846238	0.969406	4.613374	29.472441	0.257699	-1325.590226	
10.907000	0.820869	1.017982	4.620227	29.471579	0.207078	-1325.561474	
10.908000	0.846238	0.912733	4.626099	29.470609	0.273275	-1325.533144	
10.909000	0.829325	0.831773	4.630533	29.469517	0.366730	-1325.505224	
10.910000	0.871607	0.912733	4.633287	29.468309	0.257699	-1325.477631	
10.911000	0.660197	0.815580	4.634574	29.467120	0.413458	-1325.450224	
10.912000	0.854694	0.791292	4.634863	29.466054	0.253805	-1325.422836	
10.913000	0.880064	0.872253	4.634579	29.465015	0.273275	-1325.395297	
10.914000	0.880064	0.872253	4.634225	29.463921	0.273275	-1325.367451	
10.915000	0.727848	0.985598	4.634207	29.462948	0.281063	-1325.339188	
10.916000	1.057648	0.831773	4.634616	29.462380	0.226548	-1325.310442	
10.917000	0.926574	0.799388	4.635206	29.462269	0.378412	-1325.281204	
10.918000	0.918118	0.799388	4.635227	29.462425	0.397882	-1325.251531	
10.919000	0.880064	0.742716	4.634027	29.462653	0.304427	-1325.221546	
10.920000	1.015366	0.783196	4.631602	29.462904	0.133092	-1325.191420	
10.921000	0.867379	0.896541	4.628113	29.463197	0.222654	-1325.161333	
10.922000	0.880064	0.953214	4.623660	29.463536	0.273275	-1325.131453	
10.923000	0.660197	0.977502	4.618448	29.464007	0.175926	-1325.101905	
10.924000	0.896977	0.807484	4.612668	29.464665	0.175926	-1325.072769	
10.925000	0.842010	0.888445	4.606303	29.465408	0.401776	-1325.044071	
10.926000	0.850466	0.775100	4.599463	29.466154	0.210972	-1325.015772	
10.927000	0.567177	0.872253	4.592743	29.467047	0.187608	-1324.987763	
10.928000	0.960400	0.847965	4.586960	29.468349	0.292745	-1324.959890	
10.929000	0.791271	0.839869	4.582713	29.470119	0.382306	-1324.931975	
10.930000	0.901205	1.155616	4.580271	29.472180	0.405670	-1324.903846	
10.931000	0.850466	0.888445	4.579620	29.474349	0.452398	-1324.875359	
10.932000	0.935030	0.734620	4.580411	29.476609	0.179820	-1324.846420	
10.933000	0.871607	0.807484	4.582078	29.479013	0.234335	-1324.816984	
10.934000	0.833553	1.042271	4.584196	29.481552	0.358942	-1324.787057	
10.935000	0.715164	0.823676	4.586622	29.484227	0.351155	-1324.756712	
10.936000	0.901205	0.815580	4.589247	29.487014	0.133092	-1324.726089	
10.937000	0.964628	0.896541	4.591728	29.489800	0.343367	-1324.695363	
10.938000	0.930802	0.767004	4.593656	29.492494	0.242123	-1324.664717	
10.939000	0.795500	0.872253	4.594943	29.495193	0.284957	-1324.634309	
10.940000	0.943487	0.847965	4.595472	29.498126	0.249911	-1324.604249	
10.941000	0.812412	0.807484	4.594575	29.501375	0.261593	-1324.574604	
10.942000	0.871607	1.131328	4.591768	29.504780	0.273275	-1324.545382	
10.943000	0.909661	0.823676	4.587450	29.508176	0.187608	-1324.516529	
10.944000	0.939259	0.961310	4.582537	29.511587	0.125304	-1324.487927	
10.945000	0.913889	0.807484	4.577988	29.515106	0.218760	-1324.459416	
10.946000	0.799728	1.163712	4.574367	29.518720	0.343367	-1324.430817	
10.947000	0.829325	0.734620	4.571817	29.522354	0.296639	-1324.401959	
10.948000	0.698251	0.920829	4.570530	29.525912	0.133092	-1324.372713	
10.949000	0.850466	0.904637	4.570510	29.529274	0.370624	-1324.343002	
10.950000	0.880064	0.953214	4.571120	29.532352	0.261593	-1324.312791	
10.951000	0.803956	0.961310	4.571715	29.535202	0.331685	-1324.282105	
10.952000	0.930802	0.847965	4.572186	29.538033	0.234335	-1324.251032	
10.953000	0.888520	0.742716	4.572575	29.540944	0.304427	-1324.219723	
10.954000	0.837782	1.001790	4.572773	29.543799	0.370624	-1324.188356	
10.955000	0.926574	0.775100	4.572592	29.546456	0.230441	-1324.157111	
10.956000	0.947715	0.896541	4.571849	29.548982	0.148668	-1324.126142	
10.957000	0.985769	0.767004	4.570466	29.551524	0.351155	-1324.095550	
10.958000	0.833553	1.058463	4.568567	29.554076	0.370624	-1324.065386	
10.959000	0.884292	0.856061	4.566451	29.556510	0.304427	-1324.035639	
10.960000	0.791271	0.904637	4.564422	29.558685	0.086365	-1324.006240	
10.961000	0.926574	0.742716	4.562785	29.560491	0.218760	-1323.977062	
10.962000	0.867379	0.758908	4.561896	29.561858	0.218760	-1323.947945	
10.963000	0.837782	0.977502	4.561938	29.562821	0.382306	-1323.918708	
10.964000	0.888520	0.856061	4.562828	29.563576	0.269381	-1323.889192	
10.965000	0.901205	1.042271	4.564340	29.564246	0.296639	-1323.859280	
10.966000	0.854694	1.066559	4.566172	29.564719	0.249911	-1323.828903	
10.967000	0.858923	0.920829	4.568106	29.564876	0.323897	-1323.798046	
10.968000	0.825097	0.718427	4.570159	29.564835	0.098047	-1323.766759	
10.969000	0.964628	0.807484	4.572383	29.564797	0.207078	-1323.735159	
10.970000	0.875836	0.888445	4.574616	29.564771	0.421246	-1323.703404	
10.971000	0.850466	0.993694	4.576656	29.564592	0.308321	-1323.671670	
10.972000	0.863151	0.815580	4.578465	29.564089	0.246017	-1323.640135	
10.973000	0.913889	0.856061	4.579887	29.563152	0.312215	-1323.608939	
10.974000	0.892748	0.669851	4.580522	29.561725	0.121410	-1323.578168	
10.975000	0.825097	0.710331	4.580210	29.559831	0.261593	-1323.547850	
10.976000	0.842010	0.621274	4.579392	29.557665	0.257699	-1323.517952	
10.977000	0.850466	0.961310	4.578707	29.555364	0.366730	-1323.488380	
10.978000	0.939259	0.791292	4.578545	29.552830	0.296639	-1323.458995	
10.979000	0.842010	0.856061	4.579073	29.549962	0.203184	-1323.429630	
10.980000	0.884292	0.637467	4.580334	29.546918	0.051319	-1323.400115	
10.981000	0.943487	0.734620	4.582319	29.543951	0.300533	-1323.370308	
10.982000	0.880064	0.669851	4.584876	29.541094	0.355048	-1323.340110	
10.983000	0.863151	0.734620	4.587765	29.538177	0.327791	-1323.309470	
10.984000	0.846238	0.872253	4.590916	29.535019	0.098047	-1323.278391	
10.985000	0.829325	0.912733	4.594328	29.531531	0.207078	-1323.246950	
10.986000	0.888520	0.783196	4.597779	29.527676	0.238229	-1323.215277	
10.987000	0.787043	0.839869	4.600915	29.523471	0.292745	-1323.183533	
10.988000	0.694023	0.734620	4.603593	29.519091	0.281063	-1323.151894	
10.989000	0.850466	0.742716	4.605837	29.514670	0.335579	-1323.120519	
10.990000	0.905433	0.831773	4.607470	29.510111	0.393988	-1323.089526	
10.991000	0.833553	0.831773	4.607972	29.505326	0.273275	-1323.058980	
10.992000	0.694023	0.904637	4.606916	29.500490	0.343367	-1323.028892	
10.993000	0.926574	0.807484	4.604481	29.495873	0.296639	-1322.999207	
10.994000	0.833553	0.637467	4.601287	29.491509	0.312215	-1322.969812	
10.995000	0.888520	0.726523	4.597998	29.487211	0.296639	-1322.940551	
10.996000	0.896977	0.710331	4.595215	29.482784	0.133092	-1322.911258	
10.997000	1.011138	0.718427	4.593467	29.478154	0.210972	-1322.881777	
10.998000	0.960400	0.888445	4.593011	29.473308	0.222654	-1322.851989	
10.999000	0.829325	0.629370	4.593932	29.468267	0.405670	-1322.821813	
11.000000	0.592546	0.920829	4.596323	29.463184	0.199290	-1322.791219	0.000000
11.001000	0.896977	0.702235	4.599910	29.458177	0.218760	-1322.760240	
11.002000	0.884292	0.710331	4.604063	29.453155	0.288851	-1322.728972	
11.003000	0.951943	0.596986	4.608239	29.448044	0.203184	-1322.697560	
11.004000	0.668654	0.775100	4.612045	29.443036	0.133092	-1322.666170	
11.005000	0.985769	0.702235	4.615195	29.438435	0.199290	-1322.634972	
11.006000	0.808184	0.847965	4.617566	29.434308	0.413458	-1322.604105	
11.007000	0.850466	1.074655	4.619416	29.430476	0.160350	-1322.573662	
11.008000	0.740533	0.920829	4.621340	29.426752	0.292745	-1322.543689	
11.009000	0.989997	0.758908	4.623513	29.423084	0.136986	-1322.514178	
11.010000	0.854694	0.815580	4.625512	29.419483	0.304427	-1322.485053	
11.011000	0.858923	0.888445	4.627014	29.415952	0.393988	-1322.456176	
11.012000	0.626372	0.831773	4.628045	29.412583	0.288851	-1322.427380	
11.013000	0.896977	0.831773	4.628497	29.409436	0.047425	-1322.398495	
11.014000	0.901205	0.783196	4.627865	29.406405	0.409564	-1322.369374	
11.015000	0.858923	0.726523	4.625609	29.403406	0.144774	-1322.339906	
11.016000	0.694023	0.718427	4.621691	29.400586	0.331685	-1322.310028	
11.017000	1.006910	0.734620	4.616896	29.398221	0.269381	-1322.279726	
11.018000	0.880064	0.807484	4.612539	29.396378	0.261593	-1322.249052	
11.019000	0.884292	1.131328	4.609516	29.394883	0.320003	-1322.218123	
11.020000	0.892748	0.807484	4.607824	29.393551	0.323897	-1322.187098	
11.021000	1.019594	0.856061	4.607034	29.392361	0.020167	-1322.156157	
11.022000	0.947715	0.718427	4.606777	29.391360	0.304427	-1322.125469	
11.023000	0.854694	0.969406	4.606859	29.390541	0.374518	-1322.095160	
11.024000	0.668654	1.001790	4.607151	29.389917	0.265487	-1322.065303	
11.025000	0.795500	0.767004	4.607519	29.389473	-0.003197	-1322.035922	
11.026000	0.850466	0.823676	4.607955	29.389097	0.397882	-1322.006986	
11.027000	0.748989	0.864157	4.608533	29.388707	0.382306	-1321.978394	
11.028000	0.744761	0.807484	4.609296	29.388411	0.160350	-1321.949990	
11.029000	0.989997	0.864157	4.610306	29.388451	0.281063	-1321.921593	
11.030000	0.871607	0.734620	4.611562	29.388907	0.366730	-1321.893027	
11.031000	0.820869	0.993694	4.613089	29.389620	0.323897	-1321.864144	
11.032000	0.837782	0.880349	4.614792	29.390423	0.292745	-1321.834848	
11.033000	0.985769	0.888445	4.616101	29.391333	0.160350	-1321.805095	
11.034000	0.905433	0.880349	4.616672	29.392439	0.288851	-1321.774897	
11.035000	0.744761	1.090847	4.616911	29.393727	0.269381	-1321.744326	
11.036000	0.871607	0.856061	4.617190	29.395138	0.222654	-1321.713522	
11.037000	0.871607	0.839869	4.617324	29.396592	0.105834	-1321.682660	
11.038000	0.951943	0.686043	4.616816	29.397973	0.288851	-1321.651932	
11.039000	0.896977	0.799388	4.615236	29.399198	0.168138	-1321.621505	
11.040000	0.774359	0.872253	4.612275	29.400336	0.347261	-1321.591495	
11.041000	0.939259	0.993694	4.607263	29.401614	0.320003	-1321.561967	
11.042000	0.884292	1.042271	4.599380	29.403144	0.362836	-1321.532927	
11.043000	0.799728	0.977502	4.588902	29.404790	0.374518	-1321.504318	
11.044000	0.854694	0.823676	4.577453	29.406407	0.265487	-1321.476018	
11.045000	0.964628	0.734620	4.566918	29.408061	0.144774	-1321.447862	
11.046000	0.896977	0.823676	4.558588	29.409898	0.296639	-1321.419669	
11.047000	0.795500	0.993694	4.552941	29.411913	0.467974	-1321.391262	
11.048000	0.812412	1.082751	4.549880	29.413987	0.390094	-1321.362501	
11.049000	0.871607	0.985598	4.549088	29.415984	0.082471	-1321.333302	
11.050000	0.846238	0.856061	4.550220	29.417783	0.440716	-1321.303638	
11.051000	0.901205	0.839869	4.552948	29.419303	0.183714	-1321.273534	
11.052000	0.787043	1.058463	4.556928	29.420567	0.296639	-1321.243083	
11.053000	0.926574	0.726523	4.561651	29.421754	0.296639	-1321.212432	
11.054000	0.833553	0.831773	4.566653	29.422974	0.269381	-1321.181764	
11.055000	0.951943	0.928926	4.571840	29.424101	0.308321	-1321.151262	
11.056000	0.884292	0.953214	4.577129	29.425014	0.214866	-1321.121081	
11.057000	1.011138	1.082751	4.582113	29.425825	0.098047	-1321.091326	
11.058000	0.846238	1.115135	4.586282	29.426734	0.238229	-1321.062052	
11.059000	0.854694	1.082751	4.589288	29.427750	0.421246	-1321.033250	
11.060000	0.842010	0.904637	4.591068	29.428714	0.246017	-1321.004845	
11.061000	0.896977	0.758908	4.591902	29.429450	0.160350	-1320.976706	
11.062000	0.888520	0.912733	4.592172	29.429852	0.218760	-1320.948672	
11.063000	0.888520	0.847965	4.592047	29.429861	0.218760	-1320.920564	
11.064000	0.803956	1.090847	4.591606	29.429502	0.249911	-1320.892214	
11.065000	0.820869	0.807484	4.591139	29.428972	0.281063	-1320.863494	
11.066000	0.727848	0.880349	4.591429	29.428409	0.339473	-1320.834332	
11.067000	0.825097	1.001790	4.593635	29.427713	0.413458	-1320.804706	
11.068000	0.846238	0.904637	4.598361	29.426781	0.308321	-1320.774662	
11.069000	0.803956	0.961310	4.605044	29.425763	0.191502	-1320.744309	
11.070000	0.926574	0.815580	4.612421	29.424901	0.203184	-1320.713805	
11.071000	0.858923	0.920829	4.619310	29.424222	0.335579	-1320.683328	
11.072000	0.888520	0.961310	4.625070	29.423545	0.284957	-1320.653053	
11.073000	0.892748	0.888445	4.629510	29.422681	0.172032	-1320.623124	
11.074000	0.989997	0.750812	4.632445	29.421534	0.207078	-1320.593635	
11.075000	0.842010	1.009886	4.633591	29.420064	0.284957	-1320.564628	
11.076000	0.905433	0.977502	4.632776	29.418285	0.277169	-1320.536081	
11.077000	0.685566	0.896541	4.630088	29.416370	0.203184	-1320.507905	
11.078000	0.922346	0.758908	4.625975	29.414458	0.207078	-1320.479958	
11.079000	0.884292	0.726523	4.621093	29.412458	0.269381	-1320.452071	
11.080000	0.935030	0.588890	4.616016	29.410285	0.273275	-1320.424068	
11.081000	0.698251	0.872253	4.611300	29.408124	0.234335	-1320.395800	
11.082000	0.968856	0.791292	4.607510	29.406259	0.172032	-1320.367161	
11.083000	0.774359	0.961310	4.604992	29.404741	0.413458	-1320.338090	
11.084000	0.913889	0.985598	4.603807	29.403387	0.284957	-1320.308584	
11.085000	0.765902	0.856061	4.603782	29.402004	0.179820	-1320.278712	
11.086000	0.888520	0.767004	4.604461	29.400518	0.199290	-1320.248606	
11.087000	0.884292	0.823676	4.605273	29.398912	0.292745	-1320.218428	
11.088000	0.884292	0.993694	4.605833	29.397196	0.370624	-1320.188352	
11.089000	0.630600	0.920829	4.605981	29.395515	0.347261	-1320.158535	
11.090000	0.871607	0.904637	4.605525	29.393980	0.242123	-1320.129099	
11.091000	0.871607	0.718427	4.603945	29.392494	0.366730	-1320.100116	
11.092000	0.918118	0.912733	4.600629	29.390974	0.269381	-1320.071607	
11.093000	0.681338	0.791292	4.595424	29.389600	0.257699	-1320.043524	
11.094000	1.053420	0.718427	4.588968	29.388662	0.230441	-1320.015755	
11.095000	0.896977	0.710331	4.582413	29.388213	0.296639	-1319.988146	
11.096000	0.922346	0.856061	4.576676	29.388064	0.277169	-1319.960524	
11.097000	0.875836	0.775100	4.572199	29.388025	0.179820	-1319.932727	
11.098000	0.977312	0.750812	4.569329	29.388046	0.207078	-1319.904628	
11.099000	0.846238	0.864157	4.568480	29.388143	0.179820	-1319.876151	
11.100000	0.812412	1.058463	4.570400	29.388321	0.238229	-1319.847257	0.000000
11.101000	0.634828	0.758908	4.576115	29.388669	0.393988	-1319.817961	
11.102000	0.820869	0.937022	4.585759	29.389248	0.191502	-1319.788350	
11.103000	0.901205	0.864157	4.598069	29.389954	0.261593	-1319.758567	
11.104000	0.884292	0.823676	4.611306	29.390704	0.292745	-1319.728779	
11.105000	0.634828	0.791292	4.623991	29.391654	0.257699	-1319.699153	
11.106000	0.926574	0.912733	4.635064	29.393085	0.300533	-1319.669829	
11.107000	0.905433	0.767004	4.643867	29.395069	0.390094	-1319.640903	
11.108000	0.837782	1.139424	4.650049	29.397426	0.386200	-1319.612423	
11.109000	0.875836	0.702235	4.653429	29.399969	0.226548	-1319.584384	
11.110000	0.867379	0.734620	4.654024	29.402671	0.187608	-1319.556719	
11.111000	0.951943	0.783196	4.652309	29.405569	0.253805	-1319.529301	
11.112000	0.850466	0.880349	4.649120	29.408655	0.265487	-1319.501964	
11.113000	0.787043	0.718427	4.645227	29.411946	0.191502	-1319.474535	
11.114000	0.884292	0.750812	4.641305	29.415439	0.078577	-1319.446858	
11.115000	0.985769	0.572698	4.638163	29.419022	0.370624	-1319.418823	
11.116000	0.918118	0.686043	4.636489	29.422608	0.066895	-1319.390365	
11.117000	0.748989	0.418872	4.636396	29.426308	0.179820	-1319.361467	
11.118000	0.922346	0.831773	4.637577	29.430364	0.323897	-1319.332173	
11.119000	0.854694	0.799388	4.639586	29.434853	0.292745	-1319.302596	
11.120000	0.884292	1.017982	4.641794	29.439608	0.444610	-1319.272894	
11.121000	0.918118	0.661755	4.643582	29.444460	0.234335	-1319.243245	
11.122000	0.968856	0.856061	4.644748	29.449422	0.156456	-1319.213822	
11.123000	0.888520	0.888445	4.645269	29.454584	0.199290	-1319.184758	
11.124000	0.799728	0.791292	4.644931	29.459933	0.246017	-1319.156131	
11.125000	0.651741	1.050367	4.643574	29.465406	0.308321	-1319.127969	
11.126000	0.812412	0.888445	4.641204	29.470919	0.242123	-1319.100246	
11.127000	0.985769	0.937022	4.637869	29.476346	0.370624	-1319.072875	
11.128000	0.922346	0.734620	4.633799	29.481595	0.343367	-1319.045709	
11.129000	0.778587	0.799388	4.629358	29.486719	0.284957	-1319.018569	
11.130000	1.002682	0.677947	4.624852	29.491923	0.366730	-1318.991277	
11.131000	0.880064	0.839869	4.620514	29.497297	0.199290	-1318.963684	
11.132000	0.875836	0.912733	4.616555	29.502697	0.358942	-1318.935693	
11.133000	0.930802	0.831773	4.613369	29.507972	0.284957	-1318.907255	
11.134000	1.044964	0.694139	4.611340	29.513176	0.047425	-1318.878375	
11.135000	0.943487	0.839869	4.610470	29.518440	0.273275	-1318.849127	
11.136000	0.901205	0.734620	4.610483	29.523754	0.222654	-1318.819642	
11.137000	0.787043	0.702235	4.610940	29.529005	0.300533	-1318.790086	
11.138000	0.892748	0.726523	4.611208	29.534063	0.012379	-1318.760648	
11.139000	0.875836	0.977502	4.610551	29.538817	0.168138	-1318.731498	
11.140000	0.943487	0.742716	4.608205	29.543190	0.121410	-1318.702758	
11.141000	0.723620	0.888445	4.603370	29.547225	0.234335	-1318.674490	
11.142000	0.842010	0.791292	4.595647	29.551131	0.323897	-1318.646705	
11.143000	0.803956	0.912733	4.585549	29.555032	0.327791	-1318.619352	
11.144000	0.871607	0.872253	4.574393	29.558807	0.312215	-1318.592317	
11.145000	0.770130	0.807484	4.563775	29.562332	0.304427	-1318.565440	
11.146000	0.960400	0.880349	4.554965	29.565711	0.152562	-1318.538541	
11.147000	0.930802	0.912733	4.548725	29.569131	0.304427	-1318.511448	
11.148000	0.858923	0.945118	4.545389	29.572596	0.335579	-1318.484018	
11.149000	0.782815	0.856061	4.544765	29.575951	0.273275	-1318.456163	
11.150000	0.791271	0.872253	4.546390	29.579023	0.187608	-1318.427848	
11.151000	0.947715	0.791292	4.549952	29.581702	0.362836	-1318.399097	
11.152000	0.905433	0.928926	4.555206	29.583919	0.183714	-1318.370004	
11.153000	0.875836	0.847965	4.561660	29.585693	0.261593	-1318.340709	
11.154000	0.833553	0.945118	4.568504	29.587212	0.238229	-1318.311387	
11.155000	0.981541	0.775100	4.574821	29.588611	0.269381	-1318.282220	
11.156000	0.846238	0.912733	4.579913	29.589787	0.246017	-1318.253364	
11.157000	0.863151	0.839869	4.583533	29.590642	0.238229	-1318.224930	
11.158000	0.825097	0.799388	4.585820	29.591325	0.183714	-1318.196973	
11.159000	0.998453	0.710331	4.586957	29.592076	0.323897	-1318.169493	
11.160000	0.850466	0.977502	4.587056	29.592923	0.323897	-1318.142417	
11.161000	0.854694	0.896541	4.586417	29.593692	0.335579	-1318.115607	
11.162000	0.799728	0.920829	4.585524	29.594199	0.296639	-1318.088895	
11.163000	0.964628	0.702235	4.584628	29.594351	0.281063	-1318.062104	
11.164000	0.765902	0.839869	4.583560	29.594104	0.343367	-1318.035074	
11.165000	0.837782	0.945118	4.582197	29.593475	0.261593	-1318.007678	
11.166000	0.706707	1.179904	4.580753	29.592644	0.230441	-1317.979839	
11.167000	0.871607	1.001790	4.579451	29.591749	0.320003	-1317.951539	
11.168000	0.812412	1.001790	4.578417	29.590694	0.390094	-1317.922823	
11.169000	0.850466	0.977502	4.577767	29.589387	0.265487	-1317.893804	
11.170000	0.736305	0.839869	4.577484	29.588000	0.226548	-1317.864637	
11.171000	0.998453	0.734620	4.577304	29.586801	0.304427	-1317.835501	
11.172000	0.892748	0.783196	4.576867	29.585830	0.312215	-1317.806569	
11.173000	0.918118	0.969406	4.576115	29.584903	0.362836	-1317.777980	
11.174000	0.833553	0.799388	4.575386	29.583834	0.144774	-1317.749827	
11.175000	1.019594	0.969406	4.574897	29.582547	0.191502	-1317.722157	
11.176000	0.896977	0.815580	4.574263	29.581022	0.094153	-1317.694960	
11.177000	0.867379	1.066559	4.573017	29.579273	0.214866	-1317.668150	
11.178000	0.664425	0.912733	4.571316	29.577452	0.292745	-1317.641587	
11.179000	0.880064	0.920829	4.569732	29.575679	0.312215	-1317.615103	
11.180000	0.939259	0.880349	4.568657	29.573862	0.304427	-1317.588527	
11.181000	0.833553	0.993694	4.568162	29.571924	0.265487	-1317.561705	
11.182000	0.677110	0.880349	4.568747	29.570054	0.277169	-1317.534526	
11.183000	0.930802	0.831773	4.571508	29.568546	0.246017	-1317.506927	
11.184000	0.812412	0.807484	4.576939	29.567459	0.327791	-1317.478897	
11.185000	0.740533	1.204192	4.584389	29.566609	0.444610	-1317.450493	
11.186000	0.884292	0.750812	4.592696	29.565801	0.222654	-1317.421837	
11.187000	0.939259	0.880349	4.600791	29.564974	0.288851	-1317.393092	
11.188000	0.905433	0.856061	4.607825	29.564127	0.246017	-1317.364437	
11.189000	0.799728	1.139424	4.612960	29.563264	0.308321	-1317.336032	
11.190000	0.681338	0.953214	4.615346	29.562485	0.148668	-1317.308000	
11.191000	0.795500	0.783196	4.614432	29.561860	0.179820	-1317.280419	
11.192000	0.922346	0.864157	4.610464	29.561286	0.261593	-1317.253316	
11.193000	0.892748	0.961310	4.604620	29.560678	0.300533	-1317.226651	
11.194000	0.799728	0.839869	4.598348	29.560200	0.183714	-1317.200316	
11.195000	0.994225	0.767004	4.592770	29.560135	0.257699	-1317.174161	
11.196000	0.875836	0.831773	4.588562	29.560550	0.300533	-1317.148016	
11.197000	0.846238	1.090847	4.585966	29.561268	0.323897	-1317.121719	
11.198000	0.930802	0.734620	4.585011	29.562107	0.257699	-1317.095138	
11.199000	0.939259	1.066559	4.585894	29.563040	0.094153	-1317.068191	
11.200000	0.956171	0.904637	4.589106	29.564106	0.257699	-1317.040843	0.000000
11.201000	0.774359	1.001790	4.594947	29.565303	0.355048	-1317.013103	
11.202000	0.710936	0.896541	4.602992	29.566666	0.253805	-1316.985047	
11.203000	0.820869	0.831773	4.612194	29.568200	0.199290	-1316.956814	
11.204000	0.854694	0.888445	4.621394	29.569792	0.390094	-1316.928573	
11.205000	0.875836	0.799388	4.629719	29.571359	0.273275	-1316.900495	
11.206000	0.748989	0.872253	4.636557	29.573021	0.390094	-1316.872721	
11.207000	0.926574	0.799388	4.641356	29.575032	0.047425	-1316.845345	
11.208000	0.791271	0.750812	4.643475	29.577465	0.362836	-1316.818419	
11.209000	0.888520	0.961310	4.642544	29.580152	0.343367	-1316.791940	
11.210000	0.901205	1.098943	4.638980	29.582914	0.300533	-1316.765848	
11.211000	1.049192	0.734620	4.633816	29.585752	0.039637	-1316.740023	
11.212000	0.913889	0.758908	4.628154	29.588735	0.214866	-1316.714312	
11.213000	0.943487	0.912733	4.622774	29.591848	0.304427	-1316.688547	
11.214000	0.799728	0.831773	4.618088	29.595043	0.339473	-1316.662570	
11.215000	0.896977	0.588890	4.614456	29.598255	-0.077182	-1316.636267	
11.216000	0.909661	0.920829	4.612316	29.601366	0.327791	-1316.609573	
11.217000	0.905433	0.629370	4.611651	29.604294	0.086365	-1316.582462	
11.218000	0.765902	0.831773	4.611679	29.607124	0.144774	-1316.554970	
11.219000	1.006910	0.726523	4.611718	29.610093	0.191502	-1316.527193	
11.220000	0.795500	0.807484	4.611664	29.613302	0.222654	-1316.499276	
11.221000	0.875836	0.928926	4.611511	29.616606	0.386200	-1316.471385	
11.222000	0.820869	0.758908	4.611175	29.619855	0.249911	-1316.443685	
11.223000	0.956171	0.823676	4.610553	29.623095	0.078577	-1316.416308	
11.224000	0.829325	0.912733	4.609611	29.626448	0.234335	-1316.389336	
11.225000	0.816641	1.317538	4.608297	29.629900	0.366730	-1316.362800	
11.226000	0.770130	0.928926	4.606448	29.633338	0.374518	-1316.336677	
11.227000	0.833553	0.977502	4.604061	29.636635	0.179820	-1316.310881	
11.228000	0.918118	0.718427	4.601442	29.639669	0.366730	-1316.285279	
11.229000	0.909661	0.904637	4.599074	29.642355	0.246017	-1316.259707	
11.230000	0.846238	0.864157	4.597377	29.644728	0.351155	-1316.233995	
11.231000	0.968856	0.904637	4.596747	29.646979	0.273275	-1316.207995	
11.232000	0.880064	0.807484	4.597386	29.649216	0.370624	-1316.181606	
11.233000	0.930802	1.179904	4.598863	29.651311	0.327791	-1316.154772	
11.234000	0.994225	0.775100	4.600659	29.653135	0.175926	-1316.127491	
11.235000	0.926574	0.775100	4.602749	29.654784	-0.022667	-1316.099827	
11.236000	0.973084	0.661755	4.605083	29.656440	0.292745	-1316.071906	
11.237000	0.867379	0.969406	4.607315	29.658111	0.214866	-1316.043888	
11.238000	0.896977	0.815580	4.609227	29.659652	0.273275	-1316.015948	
11.239000	0.867379	0.880349	4.610923	29.660902	0.199290	-1315.988249	
11.240000	0.926574	0.726523	4.612502	29.661756	0.370624	-1315.960915	
11.241000	0.812412	0.791292	4.614148	29.662152	0.323897	-1315.934014	
11.242000	0.888520	0.807484	4.616391	29.662120	0.335579	-1315.907556	
11.243000	0.698251	0.775100	4.619253	29.661855	0.323897	-1315.881489	
11.244000	0.867379	0.767004	4.622099	29.661494	0.343367	-1315.855703	
11.245000	0.863151	0.872253	4.624716	29.660930	0.397882	-1315.830046	
11.246000	0.918118	0.839869	4.627194	29.660055	0.327791	-1315.804343	
11.247000	0.778587	0.847965	4.629327	29.659009	0.323897	-1315.778426	
11.248000	0.930802	0.807484	4.630925	29.658020	0.191502	-1315.752158	
11.249000	0.884292	1.050367	4.632251	29.657107	0.226548	-1315.725451	
11.250000	0.913889	0.783196	4.633901	29.656094	0.292745	-1315.698265	
11.251000	0.846238	0.750812	4.636390	29.654794	0.226548	-1315.670620	
11.252000	0.985769	1.001790	4.639647	29.653107	0.179820	-1315.642605	
11.253000	0.888520	0.767004	4.642895	29.650983	0.304427	-1315.614367	
11.254000	0.896977	0.864157	4.645214	29.648442	0.284957	-1315.586080	
11.255000	0.698251	0.758908	4.646195	29.645669	0.246017	-1315.557919	
11.256000	0.833553	0.880349	4.646001	29.642811	0.210972	-1315.530037	
11.257000	0.867379	0.734620	4.644940	29.639776	0.253805	-1315.502539	
11.258000	0.905433	1.009886	4.643264	29.636481	0.335579	-1315.475476	
11.259000	0.740533	0.799388	4.641057	29.633101	0.320003	-1315.448841	
11.260000	0.909661	0.686043	4.638029	29.629909	0.175926	-1315.422561	
11.261000	0.820869	0.775100	4.633874	29.626945	0.292745	-1315.396503	
11.262000	0.833553	1.001790	4.628739	29.624029	0.269381	-1315.370501	
11.263000	0.799728	0.758908	4.623193	29.620970	0.253805	-1315.344379	
11.264000	0.896977	0.904637	4.617818	29.617690	0.175926	-1315.317978	
11.265000	0.930802	0.718427	4.612849	29.614166	0.351155	-1315.291176	
11.266000	0.791271	1.123232	4.608776	29.610411	0.238229	-1315.263891	
11.267000	0.689795	0.815580	4.606909	29.606585	0.261593	-1315.236092	
11.268000	0.833553	1.009886	4.607982	29.602810	0.195396	-1315.207822	
11.269000	0.973084	0.588890	4.611149	29.598994	0.393988	-1315.179191	
11.270000	0.880064	0.775100	4.615054	29.595055	0.187608	-1315.150356	
11.271000	0.770130	0.710331	4.618712	29.591175	0.183714	-1315.121499	
11.272000	0.968856	0.912733	4.621377	29.587644	0.308321	-1315.092796	
11.273000	0.926574	0.880349	4.622411	29.584518	0.405670	-1315.064389	
11.274000	0.774359	0.896541	4.621591	29.581614	0.335579	-1315.036367	
11.275000	0.930802	0.758908	4.618847	29.578745	0.296639	-1315.008777	
11.276000	0.892748	0.839869	4.613551	29.575855	0.140880	-1314.981613	
11.277000	0.935030	0.629370	4.605477	29.572948	0.207078	-1314.954798	
11.278000	0.850466	0.985598	4.595829	29.570038	0.358942	-1314.928195	
11.279000	0.677110	0.856061	4.586200	29.567247	0.238229	-1314.901634	
11.280000	0.787043	1.082751	4.577684	29.564670	0.222654	-1314.874944	
11.281000	0.913889	0.945118	4.571064	29.562214	0.378412	-1314.847972	
11.282000	0.744761	1.107039	4.566801	29.559800	0.273275	-1314.820608	
11.283000	0.655969	1.058463	4.565317	29.557597	0.316109	-1314.792783	
11.284000	0.913889	0.783196	4.567514	29.555889	0.265487	-1314.764482	
11.285000	0.875836	0.847965	4.573806	29.554740	0.401776	-1314.735761	
11.286000	0.833553	1.009886	4.583171	29.553965	0.386200	-1314.706747	
11.287000	0.880064	0.953214	4.593896	29.553377	0.230441	-1314.677606	
11.288000	0.973084	0.920829	4.604512	29.552940	0.125304	-1314.648525	
11.289000	0.913889	0.920829	4.613987	29.552683	0.277169	-1314.619676	
11.290000	0.901205	0.864157	4.621536	29.552598	0.339473	-1314.591185	
11.291000	0.689795	0.928926	4.627038	29.552720	0.273275	-1314.563126	
11.292000	0.939259	0.572698	4.631447	29.553062	0.164244	-1314.535528	
11.293000	0.935030	0.702235	4.635656	29.553509	0.277169	-1314.508361	
11.294000	0.888520	0.596986	4.639590	29.553977	0.249911	-1314.481524	
11.295000	0.698251	0.864157	4.642874	29.554590	0.238229	-1314.454872	
11.296000	1.019594	0.872253	4.645407	29.555601	0.343367	-1314.428232	
11.297000	0.812412	0.937022	4.647168	29.557085	0.374518	-1314.401436	
11.298000	0.888520	1.001790	4.647928	29.558875	0.355048	-1314.374339	
11.299000	0.799728	1.050367	4.647653	29.560796	0.175926	-1314.346844	
11.300000	0.956171	0.791292	4.647063	29.562846	0.160350	-1314.318903	0.000000
11.301000	0.875836	0.831773	4.646982	29.565090	0.253805	-1314.290521	
11.302000	0.761674	1.066559	4.647476	29.567517	0.308321	-1314.261771	
11.303000	0.732077	1.009886	4.647997	29.570092	0.362836	-1314.232787	
11.304000	0.918118	0.791292	4.647747	29.572758	0.191502	-1314.203744	
11.305000	0.875836	0.945118	4.645943	29.575394	0.320003	-1314.174823	
11.306000	0.842010	0.750812	4.642178	29.577913	0.284957	-1314.146177	
11.307000	0.757446	0.702235	4.636620	29.580396	0.253805	-1314.117904	
11.308000	1.006910	0.799388	4.629783	29.583069	0.316109	-1314.090056	
11.309000	0.854694	0.742716	4.622175	29.586015	0.277169	-1314.062636	
11.310000	0.930802	0.880349	4.614212	29.589079	0.327791	-1314.035588	
11.311000	0.918118	0.726523	4.606408	29.592103	0.109728	-1314.008799	
11.312000	1.036507	0.750812	4.599428	29.595127	0.020167	-1313.982121	
11.313000	0.935030	0.758908	4.593681	29.598266	0.199290	-1313.955386	
11.314000	0.846238	1.026079	4.589130	29.601513	0.230441	-1313.928433	
11.315000	0.820869	0.904637	4.585740	29.604776	0.269381	-1313.901133	
11.316000	0.808184	0.896541	4.583467	29.607946	0.082471	-1313.873414	
11.317000	0.896977	0.912733	4.581807	29.610906	0.378412	-1313.845250	
11.318000	0.909661	0.718427	4.580238	29.613577	0.253805	-1313.816678	
11.319000	0.829325	0.823676	4.578884	29.616010	0.253805	-1313.787797	
11.320000	0.896977	0.896541	4.578130	29.618416	0.253805	-1313.758755	
11.321000	0.854694	0.823676	4.578023	29.620913	0.335579	-1313.729721	
11.322000	0.757446	1.026079	4.578408	29.623373	0.374518	-1313.700863	
11.323000	0.854694	0.807484	4.579173	29.625661	0.214866	-1313.672312	
11.324000	0.913889	1.034175	4.580051	29.627859	0.164244	-1313.644151	
11.325000	0.968856	0.864157	4.580705	29.630129	0.444610	-1313.616417	
11.326000	0.846238	0.937022	4.581039	29.632469	0.347261	-1313.589089	
11.327000	0.922346	0.807484	4.581073	29.634730	0.355048	-1313.562086	
11.328000	0.863151	0.856061	4.580910	29.636748	0.098047	-1313.535280	
11.329000	0.947715	0.726523	4.580796	29.638404	0.312215	-1313.508515	
11.330000	0.858923	0.888445	4.580948	29.639622	0.339473	-1313.481626	
11.331000	0.850466	0.977502	4.581478	29.640426	0.199290	-1313.454460	
11.332000	0.850466	0.710331	4.582481	29.641006	0.296639	-1313.426902	
11.333000	0.837782	0.661755	4.584309	29.641494	0.187608	-1313.398893	
11.334000	0.829325	0.758908	4.587448	29.641779	0.390094	-1313.370427	
11.335000	0.909661	0.596986	4.591876	29.641753	0.253805	-1313.341568	
11.336000	0.863151	0.993694	4.596854	29.641548	0.172032	-1313.312448	
11.337000	0.951943	0.815580	4.601425	29.641385	0.230441	-1313.283233	
11.338000	0.757446	1.050367	4.605014	29.641286	0.378412	-1313.254101	
11.339000	0.820869	1.082751	4.607402	29.641091	0.284957	-1313.225215	
11.340000	0.732077	0.767004	4.608281	29.640629	0.121410	-1313.196696	
11.341000	0.892748	0.783196	4.607380	29.639807	0.300533	-1313.168617	
11.342000	0.854694	0.669851	4.604751	29.638573	0.347261	-1313.140992	
11.343000	0.884292	0.953214	4.600597	29.636947	0.292745	-1313.113775	
11.344000	0.706707	0.920829	4.595240	29.635112	0.269381	-1313.086856	
11.345000	0.837782	0.920829	4.589287	29.633206	0.308321	-1313.060087	
11.346000	0.812412	0.807484	4.583490	29.631133	0.308321	-1313.033295	
11.347000	0.837782	0.920829	4.578400	29.628797	0.203184	-1313.006311	
11.348000	0.761674	0.783196	4.574179	29.626359	0.160350	-1312.978993	
11.349000	0.930802	0.856061	4.570737	29.624076	0.246017	-1312.951249	
11.350000	0.896977	0.888445	4.567568	29.621979	0.288851	-1312.923035	
11.351000	0.896977	0.928926	4.563766	29.619883	0.347261	-1312.894363	
11.352000	0.825097	0.791292	4.559169	29.617596	0.094153	-1312.865324	
11.353000	0.922346	0.783196	4.554618	29.615037	0.210972	-1312.836071	
11.354000	0.918118	0.596986	4.550832	29.612183	0.238229	-1312.806788	
11.355000	0.799728	1.026079	4.548145	29.609054	0.284957	-1312.777652	
11.356000	0.689795	0.775100	4.546863	29.605820	0.238229	-1312.748815	
11.357000	0.875836	0.791292	4.547402	29.602615	0.284957	-1312.720382	
11.358000	0.863151	0.783196	4.550101	29.599348	0.351155	-1312.692408	
11.359000	0.808184	0.872253	4.554703	29.595940	0.249911	-1312.664889	
11.360000	0.694023	0.791292	4.560643	29.592573	0.269381	-1312.637757	
11.361000	0.871607	0.872253	4.567569	29.589531	0.261593	-1312.610882	
11.362000	0.837782	0.823676	4.575090	29.586860	0.471868	-1312.584100	
11.363000	0.795500	1.026079	4.582657	29.584374	0.222654	-1312.557230	
11.364000	0.846238	0.896541	4.589682	29.581876	0.183714	-1312.530105	
11.365000	0.909661	0.847965	4.595816	29.579300	0.140880	-1312.502599	
11.366000	0.926574	0.937022	4.600876	29.576639	0.187608	-1312.474636	
11.367000	0.867379	0.920829	4.604679	29.573898	0.397882	-1312.446187	
11.368000	0.702479	0.694139	4.607720	29.571196	0.284957	-1312.417289	
11.369000	0.837782	1.017982	4.610849	29.568619	0.261593	-1312.388056	
11.370000	0.922346	0.807484	4.614178	29.566067	0.378412	-1312.358655	
11.371000	0.880064	0.937022	4.617277	29.563462	0.261593	-1312.329271	
11.372000	0.664425	0.969406	4.619719	29.560981	0.234335	-1312.300083	
11.373000	0.943487	0.864157	4.621238	29.558921	0.300533	-1312.271231	
11.374000	0.913889	0.694139	4.621374	29.557356	0.316109	-1312.242808	
11.375000	0.875836	0.977502	4.619007	29.556104	0.207078	-1312.214857	
11.376000	0.875836	0.799388	4.613328	29.554979	0.230441	-1312.187367	
11.377000	0.947715	0.815580	4.605012	29.553943	0.125304	-1312.160266	
11.378000	0.871607	0.945118	4.595676	29.553023	0.300533	-1312.133421	
11.379000	0.829325	1.155616	4.586917	29.552221	0.164244	-1312.106659	
11.380000	0.609459	0.985598	4.580052	29.551600	0.249911	-1312.079797	
11.381000	0.799728	0.750812	4.575931	29.551193	0.246017	-1312.052675	
11.382000	0.871607	1.090847	4.574793	29.550891	0.316109	-1312.025179	
11.383000	0.854694	0.596986	4.576475	29.550607	0.226548	-1311.997243	
11.384000	0.702479	0.920829	4.580733	29.550480	0.331685	-1311.968851	
11.385000	1.121071	0.888445	4.587273	29.550779	0.343367	-1311.940059	
11.386000	0.812412	0.953214	4.595467	29.551581	0.390094	-1311.910989	
11.387000	0.896977	1.034175	4.604324	29.552712	0.308321	-1311.881810	
11.388000	0.842010	0.823676	4.612895	29.553992	0.300533	-1311.852705	
11.389000	1.036507	0.750812	4.620660	29.555409	0.140880	-1311.823846	
11.390000	0.913889	0.823676	4.627493	29.557018	0.187608	-1311.795367	
11.391000	0.951943	1.074655	4.633196	29.558810	0.234335	-1311.767342	
11.392000	0.770130	0.718427	4.637208	29.560774	0.323897	-1311.739796	
11.393000	0.922346	0.767004	4.638967	29.562879	0.043531	-1311.712698	
11.394000	0.871607	0.896541	4.638484	29.565011	0.249911	-1311.685957	
11.395000	0.926574	0.750812	4.636429	29.567082	0.152562	-1311.659427	
11.396000	0.702479	0.783196	4.633581	29.569181	0.366730	-1311.632927	
11.397000	0.947715	0.767004	4.630347	29.571538	0.191502	-1311.606278	
11.398000	0.803956	0.839869	4.626856	29.574238	0.172032	-1311.579328	
11.399000	0.880064	0.920829	4.623120	29.577125	0.133092	-1311.551976	
11.400000	0.829325	0.864157	4.618967	29.580039	0.335579	-1311.524172	0.000000
11.401000	1.002682	0.856061	4.614409	29.583009	0.105834	-1311.495926	
11.402000	0.922346	0.815580	4.609942	29.586136	0.355048	-1311.467320	
11.403000	0.850466	1.131328	4.606050	29.589398	0.355048	-1311.438491	
11.404000	0.791271	0.888445	4.602764	29.592703	0.296639	-1311.409608	
11.405000	0.846238	0.896541	4.599958	29.595939	0.082471	-1311.380852	
11.406000	0.930802	0.815580	4.597848	29.598980	0.284957	-1311.352385	
11.407000	0.888520	0.912733	4.596758	29.601737	0.199290	-1311.324317	
11.408000	0.888520	0.928926	4.596573	29.604260	0.284957	-1311.296709	
11.409000	0.973084	0.961310	4.596905	29.606757	0.261593	-1311.269566	
11.410000	0.922346	0.694139	4.597465	29.609334	0.296639	-1311.242838	
11.411000	0.901205	1.001790	4.598211	29.611859	0.152562	-1311.216412	
11.412000	0.854694	0.791292	4.599361	29.614193	0.214866	-1311.190136	
11.413000	0.905433	0.856061	4.601253	29.616411	0.000697	-1311.163839	
11.414000	0.918118	0.864157	4.604212	29.618664	0.218760	-1311.137354	
11.415000	0.820869	1.090847	4.608290	29.620948	0.339473	-1311.110544	
11.416000	0.888520	1.026079	4.613110	29.623128	0.323897	-1311.083322	
11.417000	0.812412	0.977502	4.618221	29.625060	0.207078	-1311.055660	
11.418000	0.994225	0.839869	4.623438	29.626630	0.327791	-1311.027595	
11.419000	0.816641	0.807484	4.628496	29.627769	0.273275	-1310.999230	
11.420000	0.774359	0.847965	4.632755	29.628513	0.308321	-1310.970709	
11.421000	0.795500	0.945118	4.635587	29.629066	0.452398	-1310.942201	
11.422000	0.854694	0.912733	4.636826	29.629554	0.304427	-1310.913871	
11.423000	0.846238	0.880349	4.636882	29.629860	0.487443	-1310.885857	
11.424000	0.871607	0.742716	4.636196	29.629866	0.175926	-1310.858246	
11.425000	0.892748	1.009886	4.634764	29.629694	0.187608	-1310.831080	
11.426000	0.981541	0.864157	4.632532	29.629552	0.273275	-1310.804352	
11.427000	0.884292	0.961310	4.629614	29.629451	0.366730	-1310.777985	
11.428000	0.884292	1.050367	4.626157	29.629221	0.296639	-1310.751849	
11.429000	0.863151	0.920829	4.622309	29.628684	0.152562	-1310.725784	
11.430000	0.960400	1.009886	4.618164	29.627734	0.284957	-1310.699623	
11.431000	0.846238	0.718427	4.614033	29.626316	0.129198	-1310.673214	
11.432000	0.926574	0.937022	4.610327	29.624452	0.300533	-1310.646439	
11.433000	0.791271	0.694139	4.607141	29.622330	0.242123	-1310.619230	
11.434000	0.837782	0.856061	4.604489	29.620092	0.273275	-1310.591582	
11.435000	0.947715	0.937022	4.602480	29.617646	0.320003	-1310.563555	
11.436000	0.820869	0.945118	4.601021	29.614904	0.253805	-1310.535273	
11.437000	0.770130	0.920829	4.599749	29.612032	0.160350	-1310.506894	
11.438000	0.905433	0.945118	4.598379	29.609288	0.246017	-1310.478589	
11.439000	0.829325	0.831773	4.596863	29.606703	0.374518	-1310.450517	
11.440000	0.748989	0.969406	4.595124	29.604095	0.331685	-1310.422798	
11.441000	0.884292	0.694139	4.593071	29.601270	0.358942	-1310.395505	
11.442000	0.943487	1.179904	4.591168	29.598137	0.378412	-1310.368667	
11.443000	0.968856	0.856061	4.590361	29.594662	0.288851	-1310.342256	
11.444000	0.812412	0.953214	4.591083	29.590862	0.467974	-1310.316173	
11.445000	0.677110	0.807484	4.593116	29.586909	0.257699	-1310.290271	
11.446000	0.820869	0.807484	4.596206	29.582933	0.308321	-1310.264379	
11.447000	0.951943	0.750812	4.599946	29.578840	0.335579	-1310.238329	
11.448000	0.858923	0.807484	4.603499	29.574540	0.199290	-1310.211977	
11.449000	0.829325	0.823676	4.606013	29.570215	0.136986	-1310.185226	
11.450000	0.981541	0.888445	4.607246	29.566148	0.129198	-1310.158024	
11.451000	0.880064	0.920829	4.607629	29.562389	0.257699	-1310.130381	
11.452000	0.791271	0.888445	4.607623	29.558757	0.238229	-1310.102376	
11.453000	0.833553	0.880349	4.607212	29.555064	0.199290	-1310.074147	
11.454000	0.913889	0.872253	4.606083	29.551242	0.175926	-1310.045870	
11.455000	0.913889	0.912733	4.603877	29.547282	0.308321	-1310.017721	
11.456000	0.803956	0.872253	4.600441	29.543194	0.296639	-1309.989849	
11.457000	0.647513	0.831773	4.596084	29.539112	0.246017	-1309.962355	
11.458000	0.795500	0.791292	4.591122	29.535135	0.261593	-1309.935297	
11.459000	0.833553	0.775100	4.585236	29.531169	0.316109	-1309.908685	
11.460000	0.825097	0.596986	4.578136	29.527139	0.304427	-1309.882460	
11.461000	0.613687	0.945118	4.570458	29.523225	0.432928	-1309.856502	
11.462000	0.960400	0.856061	4.563323	29.519720	0.335579	-1309.830650	
11.463000	0.803956	1.090847	4.557573	29.516686	0.475762	-1309.804723	
11.464000	0.875836	0.985598	4.553585	29.513939	0.362836	-1309.778550	
11.465000	0.850466	0.920829	4.551378	29.511286	0.129198	-1309.752003	
11.466000	0.977312	0.686043	4.550817	29.508678	0.109728	-1309.725008	
11.467000	0.896977	0.588890	4.552128	29.506135	0.175926	-1309.697540	
11.468000	0.922346	0.888445	4.555938	29.503657	0.277169	-1309.669633	
11.469000	0.647513	0.920829	4.562332	29.501307	0.249911	-1309.641391	
11.470000	0.918118	0.831773	4.570402	29.499124	0.183714	-1309.612968	
11.471000	0.833553	0.815580	4.578924	29.497001	0.320003	-1309.584545	
11.472000	0.905433	0.750812	4.586993	29.494860	0.199290	-1309.556299	
11.473000	0.664425	0.750812	4.594097	29.492854	0.281063	-1309.528369	
11.474000	1.032279	0.710331	4.599987	29.491261	0.292745	-1309.500845	
11.475000	0.816641	0.823676	4.604304	29.490161	0.335579	-1309.473769	
11.476000	0.842010	1.026079	4.606262	29.489385	0.320003	-1309.447131	
11.477000	0.803956	0.904637	4.605454	29.488759	0.257699	-1309.420857	
11.478000	0.951943	0.928926	4.602570	29.488276	0.187608	-1309.394818	
11.479000	0.778587	0.912733	4.598717	29.487993	0.226548	-1309.368849	
11.480000	0.842010	1.074655	4.594643	29.487898	0.374518	-1309.342768	
11.481000	0.770130	0.775100	4.590552	29.487979	0.261593	-1309.316411	
11.482000	0.913889	0.856061	4.586502	29.488201	0.238229	-1309.289661	
11.483000	0.884292	0.694139	4.582935	29.488442	0.269381	-1309.262457	
11.484000	0.922346	0.815580	4.580618	29.488612	0.312215	-1309.234789	
11.485000	0.803956	0.823676	4.580147	29.488805	0.273275	-1309.206715	
11.486000	0.989997	0.807484	4.581531	29.489253	0.358942	-1309.178359	
11.487000	0.867379	0.734620	4.584230	29.490040	0.277169	-1309.149888	
11.488000	0.842010	0.928926	4.587570	29.491005	0.401776	-1309.121482	
11.489000	0.939259	0.605082	4.591054	29.491984	0.277169	-1309.093315	
11.490000	0.960400	0.807484	4.594411	29.492999	0.039637	-1309.065522	
11.491000	0.989997	0.702235	4.597443	29.494152	0.238229	-1309.038188	
11.492000	0.846238	1.171808	4.599992	29.495437	0.296639	-1309.011344	
11.493000	0.837782	0.872253	4.602141	29.496794	0.358942	-1308.984959	
11.494000	0.854694	0.629370	4.604175	29.498142	0.148668	-1308.958941	
11.495000	0.901205	0.734620	4.606386	29.499367	0.347261	-1308.933148	
11.496000	0.820869	0.807484	4.608875	29.500387	0.269381	-1308.907404	
11.497000	0.816641	0.799388	4.611484	29.501263	0.199290	-1308.881524	
11.498000	0.896977	0.783196	4.614114	29.502209	0.277169	-1308.855357	
11.499000	0.833553	0.823676	4.616892	29.503327	0.347261	-1308.828797	
11.500000	0.846238	0.937022	4.619941	29.504478	0.242123	-1308.801795	0.000000
11.501000	0.977312	0.856061	4.623162	29.505513	0.172032	-1308.774353	
11.502000	0.884292	0.799388	4.626347	29.506497	0.191502	-1308.746546	
11.503000	0.905433	0.799388	4.629267	29.507573	0.242123	-1308.718510	
11.504000	0.799728	0.937022	4.631587	29.508730	0.358942	-1308.690417	
11.505000	0.858923	0.953214	4.633023	29.509835	0.296639	-1308.662447	
11.506000	0.880064	0.710331	4.633479	29.510736	0.086365	-1308.634763	
11.507000	0.989997	1.171808	4.632884	29.511313	0.362836	-1308.607490	
11.508000	0.922346	0.767004	4.631206	29.511486	0.191502	-1308.580698	
11.509000	0.926574	0.605082	4.628782	29.511282	0.199290	-1308.554399	
11.510000	0.884292	0.605082	4.626235	29.510891	0.230441	-1308.528539	
11.511000	0.816641	0.767004	4.623997	29.510435	0.261593	-1308.503002	
11.512000	0.858923	0.856061	4.622335	29.509797	0.355048	-1308.477632	
11.513000	0.875836	0.856061	4.621449	29.508860	0.257699	-1308.452246	
11.514000	0.909661	0.734620	4.621254	29.507746	0.179820	-1308.426673	
11.515000	0.892748	0.807484	4.621383	29.506667	0.207078	-1308.400771	
11.516000	0.880064	0.872253	4.621530	29.505637	0.320003	-1308.374452	
11.517000	0.863151	0.880349	4.621779	29.504498	0.230441	-1308.347676	
11.518000	0.799728	0.912733	4.622581	29.503071	0.109728	-1308.320471	
11.519000	0.740533	0.953214	4.624191	29.501253	0.300533	-1308.292934	
11.520000	0.880064	0.791292	4.626271	29.498985	0.234335	-1308.265210	
11.521000	0.816641	1.050367	4.628179	29.496285	0.331685	-1308.237466	
11.522000	0.808184	0.718427	4.629473	29.493335	0.160350	-1308.209867	
11.523000	0.833553	0.823676	4.630010	29.490273	0.343367	-1308.182553	
11.524000	1.032279	0.750812	4.629770	29.486998	0.362836	-1308.155623	
11.525000	0.867379	0.815580	4.628800	29.483417	0.051319	-1308.129128	
11.526000	0.740533	0.823676	4.627217	29.479692	0.133092	-1308.103071	
11.527000	0.896977	0.847965	4.625096	29.476078	0.207078	-1308.077384	
11.528000	0.871607	0.856061	4.622497	29.472607	0.351155	-1308.051936	
11.529000	0.850466	0.912733	4.619604	29.469101	0.234335	-1308.026563	
11.530000	0.863151	0.742716	4.616498	29.465372	0.210972	-1308.001092	
11.531000	0.918118	0.815580	4.613156	29.461338	0.277169	-1307.975369	
11.532000	0.977312	0.856061	4.609920	29.456972	0.370624	-1307.949279	
11.533000	0.846238	0.953214	4.607571	29.452302	0.296639	-1307.922750	
11.534000	0.702479	0.742716	4.606850	29.447509	0.242123	-1307.895763	
11.535000	0.757446	0.912733	4.607987	29.442735	0.273275	-1307.868371	
11.536000	0.880064	0.912733	4.610536	29.437894	0.304427	-1307.840688	
11.537000	0.825097	0.767004	4.613605	29.432903	0.281063	-1307.812870	
11.538000	0.596774	0.823676	4.616257	29.427943	0.273275	-1307.785086	
11.539000	0.947715	0.750812	4.617795	29.423299	0.382306	-1307.757496	
11.540000	0.871607	0.945118	4.617906	29.419021	0.366730	-1307.730225	
11.541000	0.913889	1.115135	4.616657	29.414922	0.335579	-1307.703347	
11.542000	0.842010	0.945118	4.614317	29.410811	0.246017	-1307.676894	
11.543000	0.939259	0.702235	4.611102	29.406621	0.125304	-1307.650842	
11.544000	0.901205	0.937022	4.607149	29.402339	0.242123	-1307.625106	
11.545000	0.880064	0.815580	4.602767	29.397973	0.296639	-1307.599542	
11.546000	0.672882	0.904637	4.598451	29.393652	0.253805	-1307.573977	
11.547000	0.930802	0.856061	4.594562	29.389472	0.164244	-1307.548242	
11.548000	0.892748	0.904637	4.591201	29.385338	0.393988	-1307.522198	
11.549000	0.935030	0.831773	4.588439	29.381174	0.218760	-1307.495747	
11.550000	0.630600	0.799388	4.586405	29.377164	0.210972	-1307.468842	
11.551000	1.015366	0.661755	4.585266	29.373603	0.175926	-1307.441488	
11.552000	0.858923	0.969406	4.585214	29.370552	0.296639	-1307.413759	
11.553000	0.888520	1.001790	4.586164	29.367828	0.409564	-1307.385787	
11.554000	0.787043	0.993694	4.587520	29.365242	0.308321	-1307.357738	
11.555000	0.989997	0.896541	4.588510	29.362751	0.148668	-1307.329786	
11.556000	0.837782	0.969406	4.588755	29.360375	0.214866	-1307.302090	
11.557000	0.884292	1.042271	4.588118	29.358121	0.234335	-1307.274757	
11.558000	0.546036	0.904637	4.586304	29.356068	0.417352	-1307.247850	
11.559000	0.863151	0.961310	4.583378	29.354268	0.133092	-1307.221384	
11.560000	0.842010	0.888445	4.580073	29.352614	0.413458	-1307.195310	
11.561000	0.854694	0.920829	4.577136	29.351019	0.226548	-1307.169515	
11.562000	0.630600	0.904637	4.574991	29.349623	0.374518	-1307.143836	
11.563000	1.032279	0.856061	4.573857	29.348686	0.284957	-1307.118097	
11.564000	0.875836	0.726523	4.573609	29.348276	0.273275	-1307.092129	
11.565000	0.909661	0.977502	4.573764	29.348215	0.425140	-1307.065805	
11.566000	0.985769	0.847965	4.573669	29.348322	0.284957	-1307.039050	
11.567000	1.036507	0.742716	4.572661	29.348583	0.179820	-1307.011843	
11.568000	0.964628	0.775100	4.570703	29.349053	0.210972	-1306.984219	
11.569000	0.787043	1.115135	4.568491	29.349720	0.203184	-1306.956276	
11.570000	0.757446	0.928926	4.566579	29.350573	0.296639	-1306.928160	
11.571000	0.833553	0.904637	4.565176	29.351574	0.035743	-1306.900050	
11.572000	0.951943	0.677947	4.564372	29.352609	0.292745	-1306.872124	
11.573000	0.892748	0.831773	4.563936	29.353587	0.214866	-1306.844526	
11.574000	0.744761	0.823676	4.563734	29.354601	0.183714	-1306.817346	
11.575000	0.909661	0.856061	4.564240	29.355885	0.214866	-1306.790626	
11.576000	0.863151	0.953214	4.565765	29.357530	0.355048	-1306.764357	
11.577000	0.698251	1.179904	4.568001	29.359383	0.304427	-1306.738462	
11.578000	0.837782	0.807484	4.570691	29.361282	0.358942	-1306.712808	
11.579000	0.947715	0.961310	4.573899	29.363251	0.144774	-1306.687229	
11.580000	0.960400	0.742716	4.577781	29.365381	0.242123	-1306.661547	
11.581000	0.812412	0.985598	4.582238	29.367655	0.393988	-1306.635597	
11.582000	0.846238	0.791292	4.586413	29.369979	0.257699	-1306.609260	
11.583000	0.820869	0.823676	4.589198	29.372245	0.164244	-1306.582473	
11.584000	0.918118	1.074655	4.590829	29.374326	0.288851	-1306.555232	
11.585000	0.837782	0.775100	4.592755	29.376131	0.277169	-1306.527594	
11.586000	0.778587	0.847965	4.595774	29.377704	0.320003	-1306.499674	
11.587000	0.947715	0.775100	4.599493	29.379243	0.242123	-1306.471627	
11.588000	0.935030	0.726523	4.603191	29.380851	0.304427	-1306.443630	
11.589000	0.875836	0.945118	4.606450	29.382396	0.343367	-1306.415856	
11.590000	0.875836	0.856061	4.609133	29.383742	0.265487	-1306.388439	
11.591000	0.998453	0.904637	4.611143	29.384965	0.086365	-1306.361466	
11.592000	0.968856	0.621274	4.612224	29.386225	0.183714	-1306.334970	
11.593000	0.875836	0.969406	4.611889	29.387524	0.288851	-1306.308927	
11.594000	0.782815	0.880349	4.610007	29.388730	0.390094	-1306.283239	
11.595000	0.761674	0.839869	4.607218	29.389697	0.047425	-1306.257763	
11.596000	0.875836	0.880349	4.604383	29.390308	0.288851	-1306.232327	
11.597000	0.863151	0.758908	4.601930	29.390492	0.257699	-1306.206751	
11.598000	0.816641	0.888445	4.599786	29.390282	0.308321	-1306.180876	
11.599000	0.939259	0.807484	4.598043	29.389876	0.347261	-1306.154595	
11.600000	0.837782	0.904637	4.597255	29.389402	0.382306	-1306.127857	0.000000
11.601000	0.884292	0.815580	4.597697	29.388744	0.432928	-1306.100667	
11.602000	0.782815	0.896541	4.599280	29.387787	0.327791	-1306.073101	
11.603000	0.943487	0.775100	4.601968	29.386650	0.027955	-1306.045295	
11.604000	0.871607	0.831773	4.605464	29.385536	0.288851	-1306.017423	
11.605000	0.939259	0.847965	4.609104	29.384452	0.210972	-1305.989665	
11.606000	0.863151	0.791292	4.612245	29.383232	0.249911	-1305.962182	
11.607000	0.977312	0.799388	4.614585	29.381696	0.125304	-1305.935095	
11.608000	0.926574	0.677947	4.616252	29.379741	0.269381	-1305.908483	
11.609000	0.871607	0.799388	4.617417	29.377312	0.222654	-1305.882367	
11.610000	0.774359	0.888445	4.617984	29.374433	0.199290	-1305.856697	
11.611000	0.825097	0.928926	4.617856	29.371293	0.187608	-1305.831357	
11.612000	0.846238	0.880349	4.617238	29.368034	0.187608	-1305.806188	
11.613000	0.871607	0.815580	4.616433	29.364557	0.234335	-1305.781012	
11.614000	0.850466	0.726523	4.615519	29.360771	0.129198	-1305.755651	
11.615000	0.787043	0.856061	4.614547	29.356838	0.226548	-1305.729963	
11.616000	0.922346	0.856061	4.613907	29.353014	0.277169	-1305.703856	
11.617000	0.825097	0.937022	4.614530	29.349332	0.316109	-1305.677289	
11.618000	0.816641	0.896541	4.617500	29.345615	0.358942	-1305.650277	
11.619000	0.909661	0.864157	4.622896	29.341673	0.140880	-1305.622909	
11.620000	0.909661	0.815580	4.629542	29.337416	0.214866	-1305.595333	
11.621000	0.863151	0.791292	4.636054	29.332806	0.226548	-1305.567721	
11.622000	0.871607	0.791292	4.641432	29.327860	0.226548	-1305.540242	
11.623000	0.685566	0.791292	4.644857	29.322747	0.296639	-1305.513037	
11.624000	0.875836	0.775100	4.645368	29.317604	0.238229	-1305.486211	
11.625000	0.930802	0.928926	4.641799	29.312338	0.304427	-1305.459822	
11.626000	0.905433	0.856061	4.633493	29.306871	0.199290	-1305.433869	
11.627000	0.689795	0.969406	4.621298	29.301390	0.074683	-1305.408283	
11.628000	0.943487	0.750812	4.607252	29.296188	0.195396	-1305.382934	
11.629000	0.829325	0.767004	4.593393	29.291318	0.308321	-1305.357657	
11.630000	0.888520	0.823676	4.581141	29.286602	0.277169	-1305.332278	
11.631000	0.833553	0.807484	4.571258	29.281851	0.203184	-1305.306636	
11.632000	1.011138	0.815580	4.563921	29.276999	0.292745	-1305.280613	
11.633000	0.816641	1.009886	4.558797	29.272039	0.393988	-1305.254140	
11.634000	0.867379	0.928926	4.555492	29.266990	0.168138	-1305.227192	
11.635000	0.592546	0.815580	4.553970	29.261997	0.409564	-1305.199813	
11.636000	0.778587	0.953214	4.554236	29.257171	0.257699	-1305.172111	
11.637000	0.787043	0.831773	4.555993	29.252421	0.374518	-1305.144241	
11.638000	0.926574	0.702235	4.558760	29.247663	0.253805	-1305.116372	
11.639000	0.681338	0.969406	4.562097	29.243068	0.253805	-1305.088665	
11.640000	0.977312	0.807484	4.565760	29.238920	0.246017	-1305.061245	
11.641000	0.791271	0.888445	4.569453	29.235278	0.471868	-1305.034193	
11.642000	0.913889	1.066559	4.572393	29.231959	0.339473	-1305.007545	
11.643000	0.803956	0.718427	4.573827	29.228773	0.261593	-1304.981288	
11.644000	0.956171	0.750812	4.573818	29.225669	0.125304	-1304.955347	
11.645000	0.909661	0.726523	4.573026	29.222660	0.320003	-1304.929585	
11.646000	0.913889	1.009886	4.572163	29.219748	0.207078	-1304.903834	
11.647000	0.732077	0.775100	4.571610	29.217020	0.273275	-1304.877921	
11.648000	0.850466	0.750812	4.571356	29.214536	0.074683	-1304.851708	
11.649000	0.956171	0.896541	4.571382	29.212199	0.230441	-1304.825101	
11.650000	0.896977	0.872253	4.571979	29.209929	0.284957	-1304.798051	
11.651000	0.672882	0.694139	4.573500	29.207879	0.358942	-1304.770554	
11.652000	0.951943	0.937022	4.575990	29.206328	0.366730	-1304.742669	
11.653000	0.803956	0.872253	4.579107	29.205352	0.479655	-1304.714518	
11.654000	0.846238	1.001790	4.582251	29.204780	0.390094	-1304.686258	
11.655000	0.846238	0.839869	4.584912	29.204433	0.397882	-1304.658060	
11.656000	0.896977	0.791292	4.586910	29.204296	0.090259	-1304.630078	
11.657000	0.913889	0.767004	4.588307	29.204422	0.320003	-1304.602429	
11.658000	0.875836	0.993694	4.588975	29.204802	0.444610	-1304.575177	
11.659000	0.753218	0.880349	4.588434	29.205438	0.456292	-1304.548334	
11.660000	0.782815	0.928926	4.586608	29.206310	0.203184	-1304.521857	
11.661000	0.867379	0.888445	4.584182	29.207301	0.339473	-1304.495642	
11.662000	0.867379	0.928926	4.582044	29.208318	0.160350	-1304.469537	
11.663000	0.774359	0.710331	4.580748	29.209455	0.222654	-1304.443372	
11.664000	0.998453	0.686043	4.580422	29.210945	0.366730	-1304.416982	
11.665000	0.930802	0.783196	4.581172	29.212868	0.179820	-1304.390239	
11.666000	1.032279	1.082751	4.583172	29.215061	0.253805	-1304.363066	
11.667000	0.951943	0.896541	4.586275	29.217357	0.183714	-1304.335434	
11.668000	0.896977	0.920829	4.590140	29.219780	0.109728	-1304.307372	
11.669000	0.880064	0.823676	4.594494	29.222426	0.199290	-1304.278976	
11.670000	0.833553	0.912733	4.598957	29.225283	0.393988	-1304.250389	
11.671000	0.829325	0.864157	4.603034	29.228286	0.253805	-1304.221780	
11.672000	0.842010	0.831773	4.606358	29.231350	0.066895	-1304.193324	
11.673000	0.935030	0.912733	4.608661	29.234358	0.308321	-1304.165170	
11.674000	0.880064	0.864157	4.609762	29.237226	0.179820	-1304.137420	
11.675000	0.706707	1.034175	4.609869	29.240013	0.308321	-1304.110118	
11.676000	0.829325	0.961310	4.609354	29.242931	0.355048	-1304.083255	
11.677000	0.850466	1.042271	4.608478	29.246075	0.413458	-1304.056754	
11.678000	0.875836	0.920829	4.607602	29.249301	0.386200	-1304.030482	
11.679000	0.871607	0.872253	4.607032	29.252463	0.281063	-1304.004272	
11.680000	0.981541	0.750812	4.606894	29.255623	0.094153	-1303.977949	
11.681000	0.922346	1.107039	4.607332	29.258924	0.288851	-1303.951357	
11.682000	0.956171	0.864157	4.608426	29.262355	0.249911	-1303.924378	
11.683000	0.867379	1.066559	4.610068	29.265791	0.296639	-1303.896945	
11.684000	0.858923	0.823676	4.612191	29.269093	-0.073288	-1303.869049	
11.685000	0.947715	0.872253	4.614958	29.272143	0.242123	-1303.840748	
11.686000	0.951943	0.653659	4.618343	29.274864	0.191502	-1303.812157	
11.687000	0.820869	0.945118	4.621695	29.277291	0.277169	-1303.783432	
11.688000	0.896977	0.791292	4.624238	29.279625	0.210972	-1303.754748	
11.689000	0.833553	0.928926	4.625621	29.281991	0.187608	-1303.726277	
11.690000	0.956171	0.969406	4.625715	29.284271	0.300533	-1303.698157	
11.691000	0.837782	0.815580	4.624102	29.286347	0.316109	-1303.670474	
11.692000	0.871607	0.532217	4.620138	29.288332	0.047425	-1303.643263	
11.693000	0.846238	0.888445	4.613935	29.290425	0.222654	-1303.616499	
11.694000	0.909661	0.912733	4.606613	29.292631	0.277169	-1303.590087	
11.695000	0.744761	0.993694	4.599446	29.294790	0.370624	-1303.563878	
11.696000	0.854694	0.823676	4.593412	29.296726	0.218760	-1303.537701	
11.697000	0.892748	0.928926	4.589174	29.298329	0.312215	-1303.511383	
11.698000	0.926574	0.823676	4.586992	29.299534	0.265487	-1303.484775	
11.699000	0.787043	1.066559	4.586775	29.300359	0.378412	-1303.457768	
11.700000	0.803956	0.799388	4.588305	29.300991	0.160350	-1303.430302	0.000000
11.701000	0.837782	0.920829	4.591392	29.301568	0.172032	-1303.402380	
11.702000	0.867379	0.718427	4.595793	29.301983	0.425140	-1303.374075	
11.703000	0.892748	0.823676	4.601042	29.302132	0.234335	-1303.345522	
11.704000	0.863151	0.864157	4.606458	29.302166	0.109728	-1303.316892	
11.705000	1.011138	0.726523	4.611365	29.302333	0.261593	-1303.288366	
11.706000	0.892748	0.920829	4.615294	29.302662	0.246017	-1303.260106	
11.707000	0.782815	0.977502	4.617746	29.302975	0.261593	-1303.232234	
11.708000	0.837782	0.847965	4.617624	29.303085	0.164244	-1303.204823	
11.709000	0.913889	0.815580	4.613697	29.302905	0.168138	-1303.177898	
11.710000	0.905433	0.912733	4.605941	29.302401	0.269381	-1303.151418	
11.711000	0.858923	0.872253	4.595728	29.301591	0.210972	-1303.125266	
11.712000	0.664425	0.799388	4.584858	29.300654	0.378412	-1303.099282	
11.713000	0.884292	0.767004	4.574859	29.299728	0.164244	-1303.073284	
11.714000	0.863151	0.661755	4.566863	29.298721	0.401776	-1303.047099	
11.715000	0.820869	0.734620	4.561557	29.297548	0.218760	-1303.020584	
11.716000	0.664425	0.928926	4.559104	29.296388	0.148668	-1302.993644	
11.717000	0.994225	0.783196	4.559497	29.295520	0.253805	-1302.966234	
11.718000	0.791271	1.026079	4.562778	29.294981	0.378412	-1302.938365	
11.719000	0.930802	0.864157	4.568620	29.294584	0.390094	-1302.910117	
11.720000	0.795500	0.758908	4.576155	29.294131	0.335579	-1302.881629	
11.721000	1.002682	0.718427	4.584212	29.293546	0.234335	-1302.853081	
11.722000	0.884292	0.758908	4.591649	29.292809	0.242123	-1302.824654	
11.723000	0.913889	0.904637	4.597718	29.291930	0.296639	-1302.796497	
11.724000	0.639056	0.856061	4.602261	29.291052	0.265487	-1302.768718	
11.725000	0.880064	0.985598	4.605391	29.290283	0.140880	-1302.741378	
11.726000	0.795500	0.758908	4.606897	29.289528	0.226548	-1302.714487	
11.727000	0.854694	0.791292	4.606553	29.288706	0.316109	-1302.687981	
11.728000	0.647513	0.856061	4.604826	29.287996	0.179820	-1302.661731	
11.729000	0.989997	0.758908	4.602569	29.287690	0.148668	-1302.635573	
11.730000	0.850466	0.847965	4.600319	29.287847	0.269381	-1302.609327	
11.731000	0.867379	1.082751	4.598291	29.288288	0.269381	-1302.582827	
11.732000	0.816641	1.090847	4.596890	29.288827	0.300533	-1302.555950	
11.733000	0.871607	0.742716	4.596212	29.289419	0.246017	-1302.528621	
11.734000	0.816641	0.864157	4.595483	29.290076	0.238229	-1302.500816	
11.735000	0.770130	1.107039	4.594229	29.290802	0.343367	-1302.472566	
11.736000	0.655969	0.904637	4.592838	29.291670	0.308321	-1302.443970	
11.737000	0.884292	0.985598	4.591630	29.292725	0.308321	-1302.415182	
11.738000	0.909661	0.823676	4.590607	29.293857	0.413458	-1302.386382	
11.739000	0.854694	0.856061	4.589907	29.294984	0.401776	-1302.357740	
11.740000	0.698251	0.775100	4.589892	29.296264	0.210972	-1302.329388	
11.741000	1.023823	0.783196	4.590460	29.297977	0.277169	-1302.301415	
11.742000	0.888520	0.605082	4.590579	29.300198	0.304427	-1302.273862	
11.743000	0.842010	1.034175	4.589302	29.302745	0.355048	-1302.246715	
11.744000	0.985769	0.775100	4.586747	29.305434	0.214866	-1302.219897	
11.745000	0.977312	0.920829	4.583728	29.308239	0.109728	-1302.193272	
11.746000	0.922346	0.791292	4.581024	29.311208	0.210972	-1302.166675	
11.747000	0.787043	0.945118	4.579135	29.314333	0.191502	-1302.139933	
11.748000	0.757446	0.726523	4.578459	29.317635	0.323897	-1302.112897	
11.749000	0.820869	0.912733	4.579269	29.321106	0.183714	-1302.085471	
11.750000	0.884292	0.767004	4.581560	29.324641	0.339473	-1302.057607	
11.751000	0.774359	0.945118	4.585094	29.328157	0.238229	-1302.029301	
11.752000	0.736305	1.001790	4.589447	29.331760	0.370624	-1302.000612	
11.753000	0.909661	0.928926	4.594064	29.335689	0.265487	-1301.971657	
11.754000	0.808184	0.815580	4.598360	29.340018	0.491337	-1301.942595	
11.755000	0.791271	0.993694	4.601883	29.344583	0.452398	-1301.913598	
11.756000	0.909661	0.791292	4.604463	29.349215	0.214866	-1301.884826	
11.757000	0.985769	0.880349	4.605975	29.353925	0.078577	-1301.856402	
11.758000	0.943487	0.904637	4.606081	29.358799	0.397882	-1301.828396	
11.759000	0.858923	1.058463	4.604694	29.363824	0.382306	-1301.800826	
11.760000	0.787043	0.928926	4.602352	29.368930	0.358942	-1301.773651	
11.761000	0.812412	0.815580	4.599779	29.374028	0.152562	-1301.746771	
11.762000	0.935030	0.783196	4.597570	29.378992	0.421246	-1301.720043	
11.763000	0.901205	0.613178	4.596066	29.383734	0.362836	-1301.693300	
11.764000	0.875836	0.847965	4.595215	29.388321	0.292745	-1301.666376	
11.765000	1.032279	0.653659	4.594827	29.392976	0.246017	-1301.639136	
11.766000	0.816641	0.856061	4.595076	29.397805	0.168138	-1301.611498	
11.767000	0.930802	1.009886	4.596545	29.402670	0.370624	-1301.583427	
11.768000	0.808184	0.864157	4.599406	29.407426	0.121410	-1301.554945	
11.769000	0.981541	0.726523	4.603131	29.412133	0.183714	-1301.526142	
11.770000	0.884292	0.864157	4.607006	29.416928	0.269381	-1301.497161	
11.771000	0.854694	0.864157	4.610407	29.421802	0.362836	-1301.468168	
11.772000	0.808184	1.026079	4.612862	29.426631	0.323897	-1301.439334	
11.773000	0.901205	0.912733	4.613882	29.431274	0.203184	-1301.410810	
11.774000	0.812412	1.058463	4.612584	29.435613	0.355048	-1301.382705	
11.775000	0.926574	0.920829	4.607829	29.439570	0.261593	-1301.355072	
11.776000	0.770130	0.969406	4.599315	29.443178	0.300533	-1301.327905	
11.777000	0.981541	0.694139	4.588175	29.446629	0.331685	-1301.301130	
11.778000	0.812412	0.686043	4.576301	29.450039	0.370624	-1301.274620	
11.779000	0.913889	0.831773	4.565492	29.453284	0.331685	-1301.248211	
11.780000	0.863151	0.799388	4.556954	29.456238	0.234335	-1301.221730	
11.781000	0.998453	0.742716	4.551293	29.459005	0.148668	-1301.195020	
11.782000	0.973084	0.783196	4.548788	29.461772	0.320003	-1301.167967	
11.783000	0.918118	0.799388	4.549626	29.464545	0.277169	-1301.140505	
11.784000	0.842010	0.775100	4.554008	29.467166	0.273275	-1301.112616	
11.785000	0.884292	0.807484	4.561964	29.469464	0.012379	-1301.084351	
11.786000	0.909661	0.710331	4.572932	29.471328	0.242123	-1301.055826	
11.787000	0.918118	0.799388	4.585585	29.472698	0.238229	-1301.027198	
11.788000	0.850466	0.904637	4.598411	29.473598	0.300533	-1300.998643	
11.789000	0.850466	0.864157	4.610262	29.474223	0.273275	-1300.970326	
11.790000	0.892748	0.775100	4.620304	29.474713	0.277169	-1300.942385	
11.791000	0.909661	0.831773	4.628050	29.474969	0.304427	-1300.914903	
11.792000	0.842010	0.783196	4.633567	29.474894	0.214866	-1300.887915	
11.793000	0.744761	0.912733	4.637149	29.474641	0.238229	-1300.861399	
11.794000	0.939259	0.815580	4.639005	29.474453	0.203184	-1300.835269	
11.795000	0.842010	1.017982	4.639484	29.474353	0.281063	-1300.809377	
11.796000	0.909661	0.880349	4.639025	29.474161	0.432928	-1300.783550	
11.797000	0.867379	0.839869	4.637747	29.473686	0.179820	-1300.757614	
11.798000	0.956171	0.677947	4.635578	29.472832	0.207078	-1300.731423	
11.799000	0.858923	1.009886	4.632844	29.471556	0.312215	-1300.704879	
11.800000	0.875836	0.839869	4.630364	29.469875	0.343367	-1300.677924	0.000000
11.801000	0.727848	0.928926	4.628814	29.467970	0.351155	-1300.650557	
11.802000	0.943487	0.815580	4.628329	29.465975	0.133092	-1300.622844	
11.803000	0.888520	0.856061	4.628687	29.463797	0.269381	-1300.594921	
11.804000	0.947715	0.661755	4.629447	29.461349	0.152562	-1300.566955	
11.805000	0.736305	0.734620	4.630114	29.458810	0.207078	-1300.539128	
11.806000	1.015366	0.694139	4.630252	29.456455	0.152562	-1300.511605	
11.807000	0.947715	0.920829	4.629409	29.454327	0.339473	-1300.484507	
11.808000	0.825097	1.001790	4.627397	29.452248	0.207078	-1300.457905	
11.809000	0.782815	0.904637	4.624885	29.450032	0.136986	-1300.431819	
11.810000	0.918118	0.839869	4.622979	29.447608	0.191502	-1300.406209	
11.811000	0.850466	0.831773	4.622108	29.444965	0.203184	-1300.380964	
11.812000	0.875836	0.904637	4.622050	29.442119	0.366730	-1300.355920	
11.813000	0.588318	0.807484	4.622501	29.439219	0.269381	-1300.330892	
11.814000	0.863151	0.920829	4.623073	29.436381	0.308321	-1300.305705	
11.815000	0.880064	1.001790	4.623369	29.433508	0.401776	-1300.280219	
11.816000	0.884292	0.928926	4.623292	29.430519	0.273275	-1300.254337	
11.817000	0.520666	0.912733	4.623151	29.427593	0.230441	-1300.228009	
11.818000	0.956171	0.904637	4.623360	29.425020	0.296639	-1300.201240	
11.819000	0.842010	0.815580	4.623982	29.422855	0.261593	-1300.174106	
11.820000	0.901205	0.961310	4.624669	29.420913	0.191502	-1300.146745	
11.821000	0.922346	0.783196	4.624937	29.419001	0.210972	-1300.119333	
11.822000	1.002682	0.977502	4.624350	29.417068	0.207078	-1300.092054	
11.823000	0.977312	0.734620	4.622705	29.415124	0.152562	-1300.065067	
11.824000	0.888520	1.301345	4.620387	29.413182	0.253805	-1300.038480	
11.825000	0.622143	0.694139	4.618089	29.411350	0.238229	-1300.012350	
11.826000	0.795500	0.775100	4.615744	29.409709	0.207078	-1299.986681	
11.827000	0.850466	0.750812	4.612586	29.408166	0.417352	-1299.961413	
11.828000	0.846238	0.839869	4.608377	29.406638	0.175926	-1299.936418	
11.829000	0.723620	0.815580	4.603651	29.405286	0.269381	-1299.911530	
11.830000	0.922346	0.912733	4.599021	29.404389	0.238229	-1299.886565	
11.831000	0.867379	0.904637	4.594868	29.404024	0.390094	-1299.861353	
11.832000	0.782815	1.090847	4.591439	29.404014	0.355048	-1299.835765	
11.833000	0.791271	0.734620	4.588892	29.404179	0.210972	-1299.809721	
11.834000	0.795500	0.928926	4.587450	29.404491	0.152562	-1299.783195	
11.835000	0.909661	0.872253	4.587489	29.404989	0.277169	-1299.756225	
11.836000	0.812412	1.090847	4.589034	29.405663	0.296639	-1299.728912	
11.837000	0.732077	0.888445	4.591465	29.406529	0.323897	-1299.701406	
11.838000	0.816641	0.961310	4.594023	29.407577	0.230441	-1299.673887	
11.839000	0.956171	0.799388	4.596219	29.408692	0.273275	-1299.646538	
11.840000	0.871607	0.734620	4.597735	29.409785	0.246017	-1299.619506	
11.841000	0.689795	1.115135	4.598198	29.410964	0.179820	-1299.592879	
11.842000	0.968856	0.969406	4.597082	29.412470	0.316109	-1299.566699	
11.843000	0.863151	0.937022	4.594080	29.414377	0.269381	-1299.540951	
11.844000	0.884292	0.928926	4.589567	29.416516	0.222654	-1299.515557	
11.845000	0.833553	0.864157	4.584523	29.418720	0.168138	-1299.490382	
11.846000	0.981541	0.815580	4.579848	29.421004	0.016273	-1299.465260	
11.847000	0.947715	0.791292	4.575846	29.423459	0.288851	-1299.440019	
11.848000	0.863151	1.098943	4.572603	29.426073	0.370624	-1299.414505	
11.849000	0.710936	1.171808	4.570307	29.428775	0.226548	-1299.388605	
11.850000	0.778587	0.937022	4.569129	29.431473	0.133092	-1299.362259	
11.851000	0.850466	0.977502	4.569289	29.434047	0.296639	-1299.335463	
11.852000	0.846238	0.937022	4.570961	29.436413	0.242123	-1299.308274	
11.853000	0.668654	0.920829	4.573942	29.438635	0.323897	-1299.280812	
11.854000	0.960400	0.872253	4.577642	29.440919	0.292745	-1299.253234	
11.855000	0.829325	0.937022	4.581548	29.443355	0.281063	-1299.225719	
11.856000	0.918118	1.026079	4.585613	29.445798	0.358942	-1299.198433	
11.857000	0.808184	0.985598	4.590007	29.448100	0.199290	-1299.171505	
11.858000	0.973084	1.034175	4.594661	29.450319	0.094153	-1299.145014	
11.859000	0.960400	0.985598	4.599214	29.452588	0.253805	-1299.118985	
11.860000	0.896977	0.856061	4.603221	29.454897	0.242123	-1299.093379	
11.861000	0.774359	0.856061	4.606417	29.457129	0.316109	-1299.068092	
11.862000	0.947715	0.767004	4.608879	29.459150	0.024061	-1299.042978	
11.863000	0.960400	0.815580	4.610843	29.460842	0.296639	-1299.017873	
11.864000	0.905433	0.767004	4.612518	29.462132	0.218760	-1298.992615	
11.865000	0.799728	0.896541	4.614213	29.463059	0.339473	-1298.967066	
11.866000	0.935030	0.807484	4.616193	29.463822	0.273275	-1298.941134	
11.867000	0.842010	0.742716	4.618268	29.464540	0.257699	-1298.914781	
11.868000	0.854694	0.872253	4.619946	29.465090	0.374518	-1298.888020	
11.869000	0.778587	0.815580	4.620955	29.465351	0.296639	-1298.860931	
11.870000	0.901205	0.888445	4.621250	29.465425	0.109728	-1298.833651	
11.871000	0.926574	0.815580	4.620736	29.465502	0.304427	-1298.806349	
11.872000	0.803956	0.961310	4.619290	29.465590	0.168138	-1298.779199	
11.873000	0.833553	0.945118	4.616699	29.465532	0.300533	-1298.752351	
11.874000	0.799728	1.042271	4.612664	29.465158	0.214866	-1298.725912	
11.875000	0.939259	0.904637	4.607313	29.464357	0.257699	-1298.699941	
11.876000	0.829325	0.888445	4.601350	29.463062	0.331685	-1298.674442	
11.877000	0.799728	0.742716	4.595467	29.461295	0.246017	-1298.649348	
11.878000	0.825097	0.937022	4.590139	29.459246	0.242123	-1298.624531	
11.879000	0.905433	0.742716	4.585862	29.457047	0.312215	-1298.599835	
11.880000	0.909661	0.896541	4.583051	29.454593	0.269381	-1298.575090	
11.881000	0.951943	0.677947	4.581912	29.451781	0.195396	-1298.550138	
11.882000	0.854694	0.847965	4.582517	29.448758	0.246017	-1298.524857	
11.883000	1.006910	0.677947	4.584871	29.445762	0.098047	-1298.499172	
11.884000	0.740533	0.847965	4.589071	29.442821	0.249911	-1298.473058	
11.885000	0.884292	0.945118	4.595224	29.439768	0.335579	-1298.446552	
11.886000	0.782815	0.758908	4.602978	29.436426	0.086365	-1298.419763	
11.887000	1.011138	0.799388	4.611422	29.432704	0.370624	-1298.392850	
11.888000	0.863151	0.758908	4.619533	29.428562	0.308321	-1298.365991	
11.889000	0.892748	0.880349	4.626617	29.424024	0.304427	-1298.339353	
11.890000	0.681338	0.904637	4.632342	29.419274	0.288851	-1298.313069	
11.891000	0.863151	0.637467	4.636503	29.414456	0.331685	-1298.287224	
11.892000	0.689795	0.920829	4.639056	29.409481	0.421246	-1298.261859	
11.893000	0.875836	0.823676	4.640047	29.404259	0.277169	-1298.236951	
11.894000	0.778587	0.783196	4.639470	29.398964	0.234335	-1298.212413	
11.895000	0.956171	0.645563	4.637614	29.393869	0.257699	-1298.188102	
11.896000	0.803956	0.718427	4.635023	29.389015	0.405670	-1298.163847	
11.897000	0.863151	0.953214	4.631824	29.384222	0.417352	-1298.139476	
11.898000	0.858923	0.791292	4.627629	29.379299	0.230441	-1298.114840	
11.899000	0.968856	0.669851	4.622089	29.374170	0.160350	-1298.089841	
11.900000	0.939259	0.767004	4.615292	29.368815	0.207078	-1298.064426	0.000000
11.901000	0.922346	1.042271	4.607972	29.363247	0.370624	-1298.038589	
11.902000	0.719392	0.694139	4.601198	29.357614	0.257699	-1298.012394	
11.903000	0.896977	0.694139	4.595600	29.352034	0.179820	-1297.985973	
11.904000	0.930802	0.637467	4.591281	29.346415	0.199290	-1297.959500	
11.905000	0.888520	0.783196	4.588235	29.340683	0.140880	-1297.933158	
11.906000	0.694023	0.807484	4.586576	29.335027	0.121410	-1297.907112	
11.907000	0.998453	0.791292	4.586529	29.329749	0.308321	-1297.881481	
11.908000	0.833553	1.058463	4.588181	29.324917	0.300533	-1297.856333	
11.909000	0.816641	1.042271	4.591176	29.320353	0.292745	-1297.831683	
11.910000	0.880064	0.734620	4.594759	29.315868	0.172032	-1297.807487	
11.911000	0.947715	0.815580	4.598307	29.311406	0.226548	-1297.783639	
11.912000	0.909661	0.758908	4.601702	29.306971	0.246017	-1297.759985	
11.913000	0.820869	1.017982	4.604946	29.302569	0.199290	-1297.736346	
11.914000	0.672882	0.937022	4.607878	29.298301	0.242123	-1297.712543	
11.915000	0.808184	0.937022	4.610475	29.294242	0.249911	-1297.688435	
11.916000	0.884292	0.872253	4.612675	29.290292	0.355048	-1297.663929	
11.917000	0.803956	0.937022	4.613992	29.286365	0.218760	-1297.638978	
11.918000	0.727848	0.807484	4.614183	29.282615	0.195396	-1297.613590	
11.919000	1.023823	0.823676	4.613678	29.279315	0.218760	-1297.587843	
11.920000	0.930802	0.823676	4.612891	29.276534	0.339473	-1297.561879	
11.921000	0.867379	1.058463	4.611824	29.274098	0.331685	-1297.535872	
11.922000	0.964628	0.864157	4.610238	29.271825	0.168138	-1297.510005	
11.923000	0.892748	0.758908	4.608035	29.269694	0.101940	-1297.484442	
11.924000	0.960400	0.920829	4.605476	29.267755	0.238229	-1297.459297	
11.925000	0.803956	0.856061	4.602733	29.266013	0.312215	-1297.434626	
11.926000	0.723620	0.872253	4.599471	29.264506	0.191502	-1297.410428	
11.927000	0.892748	0.847965	4.595451	29.263245	0.152562	-1297.386640	
11.928000	0.901205	0.896541	4.591073	29.262126	0.323897	-1297.363143	
11.929000	0.846238	0.888445	4.587010	29.261068	0.265487	-1297.339776	
11.930000	0.694023	0.928926	4.583775	29.260195	0.296639	-1297.316354	
11.931000	0.913889	0.710331	4.581623	29.259767	0.284957	-1297.292706	
11.932000	0.732077	0.775100	4.580642	29.259875	0.339473	-1297.268693	
11.933000	0.812412	0.920829	4.580677	29.260354	0.351155	-1297.244232	
11.934000	0.842010	0.864157	4.581537	29.261031	0.440716	-1297.219288	
11.935000	0.989997	0.783196	4.583647	29.261910	0.121410	-1297.193894	
11.936000	0.816641	1.001790	4.587388	29.263068	0.261593	-1297.168155	
11.937000	0.901205	0.937022	4.592080	29.264483	0.327791	-1297.142224	
11.938000	0.765902	0.880349	4.596653	29.266083	0.249911	-1297.116282	
11.939000	0.922346	0.742716	4.600400	29.267781	0.136986	-1297.090514	
11.940000	0.854694	0.904637	4.602683	29.269455	0.195396	-1297.065071	
11.941000	0.896977	0.645563	4.603115	29.271019	0.230441	-1297.040050	
11.942000	0.753218	0.767004	4.602250	29.272546	0.327791	-1297.015491	
11.943000	0.981541	0.694139	4.600986	29.274265	0.175926	-1296.991387	
11.944000	0.791271	0.758908	4.599591	29.276285	0.230441	-1296.967663	
11.945000	0.909661	0.888445	4.598041	29.278467	0.183714	-1296.944189	
11.946000	0.850466	0.767004	4.596421	29.280665	0.308321	-1296.920799	
11.947000	0.960400	0.920829	4.594645	29.282935	0.121410	-1296.897319	
11.948000	0.846238	0.912733	4.592668	29.285413	0.246017	-1296.873591	
11.949000	0.791271	1.090847	4.590992	29.288088	0.284957	-1296.849495	
11.950000	0.799728	0.953214	4.590289	29.290841	0.382306	-1296.824957	
11.951000	0.795500	0.815580	4.590823	29.293536	0.129198	-1296.799964	
11.952000	0.884292	0.904637	4.592509	29.296052	0.413458	-1296.774574	
11.953000	0.888520	0.823676	4.595035	29.298309	0.288851	-1296.748907	
11.954000	0.833553	0.920829	4.597787	29.300346	0.304427	-1296.723122	
11.955000	0.888520	0.864157	4.600097	29.302372	0.249911	-1296.697392	
11.956000	0.808184	1.017982	4.601652	29.304510	0.210972	-1296.671883	
11.957000	0.825097	1.042271	4.602515	29.306638	0.347261	-1296.646724	
11.958000	0.884292	0.637467	4.602929	29.308625	0.265487	-1296.621991	
11.959000	0.998453	0.847965	4.602849	29.310570	0.129198	-1296.597711	
11.960000	1.011138	0.669851	4.601456	29.312659	0.281063	-1296.573854	
11.961000	0.901205	0.880349	4.598190	29.314892	0.269381	-1296.550321	
11.962000	0.901205	0.872253	4.593753	29.317109	0.230441	-1296.526970	
11.963000	0.842010	0.928926	4.589318	29.319137	0.055213	-1296.503638	
11.964000	0.913889	0.839869	4.585774	29.320870	0.230441	-1296.480164	
11.965000	0.850466	0.953214	4.583514	29.322244	0.187608	-1296.456410	
11.966000	0.854694	0.847965	4.582578	29.323284	0.362836	-1296.432275	
11.967000	0.774359	0.758908	4.583415	29.324175	0.320003	-1296.407703	
11.968000	0.854694	0.767004	4.586705	29.325051	0.187608	-1296.382697	
11.969000	0.833553	0.904637	4.592329	29.325807	0.382306	-1296.357329	
11.970000	0.842010	0.880349	4.599290	29.326340	0.242123	-1296.331731	
11.971000	0.757446	1.001790	4.606454	29.326795	0.312215	-1296.306073	
11.972000	0.964628	0.880349	4.612961	29.327406	0.292745	-1296.280530	
11.973000	0.833553	0.839869	4.618208	29.328189	0.351155	-1296.255251	
11.974000	0.753218	0.872253	4.621858	29.328967	0.366730	-1296.230341	
11.975000	0.795500	0.815580	4.623749	29.329550	0.187608	-1296.205860	
11.976000	0.960400	0.807484	4.623784	29.329839	0.207078	-1296.181821	
11.977000	0.901205	0.750812	4.622040	29.329786	0.203184	-1296.158173	
11.978000	0.913889	1.017982	4.618960	29.329402	0.257699	-1296.134800	
11.979000	0.727848	0.945118	4.615302	29.328866	0.257699	-1296.111547	
11.980000	0.892748	0.839869	4.611763	29.328314	0.327791	-1296.088248	
11.981000	0.892748	0.847965	4.608571	29.327650	0.382306	-1296.064745	
11.982000	0.884292	0.823676	4.605460	29.326784	0.269381	-1296.040915	
11.983000	0.668654	0.799388	4.602188	29.325894	0.113622	-1296.016675	
11.984000	0.989997	0.726523	4.598937	29.325253	0.160350	-1295.991992	
11.985000	0.863151	0.888445	4.596141	29.324903	0.390094	-1295.966893	
11.986000	0.905433	0.961310	4.594204	29.324660	0.269381	-1295.941473	
11.987000	0.863151	0.791292	4.593285	29.324332	0.203184	-1295.915879	
11.988000	0.905433	0.928926	4.593265	29.323845	0.257699	-1295.890286	
11.989000	0.896977	0.669851	4.594064	29.323179	0.277169	-1295.864864	
11.990000	0.740533	0.993694	4.595829	29.322346	0.347261	-1295.839744	
11.991000	0.630600	0.694139	4.598710	29.321494	0.378412	-1295.815008	
11.992000	0.820869	0.945118	4.602612	29.320737	0.238229	-1295.790695	
11.993000	0.935030	0.750812	4.607159	29.319978	0.397882	-1295.766796	
11.994000	0.803956	0.767004	4.611845	29.319137	0.261593	-1295.743237	
11.995000	0.689795	0.572698	4.616341	29.318394	0.261593	-1295.719887	
11.996000	0.951943	0.872253	4.620572	29.318034	0.284957	-1295.696583	
11.997000	0.880064	0.783196	4.624465	29.318107	0.413458	-1295.673155	
11.998000	0.795500	1.082751	4.627866	29.318428	0.199290	-1295.649455	
11.999000	0.871607	0.969406	4.630568	29.318799	0.144774	-1295.625371	
12.000000	0.913889	0.807484	4.632380	29.319165	0.105834	-1295.600845	0.000000
12.001000	0.968856	0.807484	4.633544	29.319530	0.152562	-1295.575872	
12.002000	0.799728	0.872253	4.634687	29.319907	0.156456	-1295.550510	
12.003000	0.710936	0.726523	4.636025	29.320411	0.273275	-1295.524881	
12.004000	0.833553	0.888445	4.637142	29.321129	0.152562	-1295.499152	
12.005000	0.905433	0.920829	4.637543	29.321965	0.316109	-1295.473501	
12.006000	0.850466	0.896541	4.636902	29.322840	0.386200	-1295.448090	
12.007000	0.651741	0.904637	4.635026	29.323918	0.296639	-1295.423033	
12.008000	0.960400	0.677947	4.631851	29.325487	0.277169	-1295.398393	
12.009000	0.837782	0.758908	4.627523	29.327617	0.320003	-1295.374182	
12.010000	0.787043	0.904637	4.622667	29.330130	0.358942	-1295.350361	
12.011000	0.884292	0.750812	4.618024	29.332841	0.261593	-1295.326831	
12.012000	0.985769	0.856061	4.613890	29.335721	0.218760	-1295.303450	
12.013000	0.888520	0.977502	4.610325	29.338805	0.288851	-1295.280050	
12.014000	0.795500	1.050367	4.607317	29.342085	0.393988	-1295.256456	
12.015000	0.672882	0.945118	4.604925	29.345585	0.261593	-1295.232522	
12.016000	0.842010	0.937022	4.603357	29.349305	0.140880	-1295.208156	
12.017000	0.858923	0.831773	4.602589	29.353129	0.273275	-1295.183315	
12.018000	0.930802	0.831773	4.602519	29.356965	0.160350	-1295.158009	
12.019000	0.753218	0.823676	4.603158	29.360921	0.288851	-1295.132314	
12.020000	1.061876	0.758908	4.604230	29.365241	0.281063	-1295.106366	
12.021000	0.825097	0.831773	4.605189	29.370000	0.323897	-1295.080336	
12.022000	0.854694	0.880349	4.605610	29.375033	0.320003	-1295.054405	
12.023000	0.803956	0.847965	4.605293	29.380170	0.253805	-1295.028726	
12.024000	1.036507	0.580794	4.604525	29.385416	0.125304	-1295.003413	
12.025000	0.913889	0.750812	4.604141	29.390848	0.195396	-1294.978524	
12.026000	0.833553	1.285153	4.604501	29.396454	0.362836	-1294.954062	
12.027000	0.622143	0.920829	4.605086	29.402184	0.351155	-1294.929968	
12.028000	0.880064	0.945118	4.605428	29.407963	-0.007091	-1294.906126	
12.029000	0.808184	0.856061	4.605491	29.413672	0.436822	-1294.882385	
12.030000	0.825097	0.839869	4.605394	29.419224	0.358942	-1294.858571	
12.031000	0.753218	0.920829	4.605182	29.424696	0.323897	-1294.834507	
12.032000	0.960400	0.888445	4.604764	29.430307	0.409564	-1294.810056	
12.033000	0.825097	0.953214	4.604278	29.436149	0.347261	-1294.785130	
12.034000	0.842010	1.074655	4.604241	29.442073	0.378412	-1294.759696	
12.035000	0.930802	0.823676	4.604807	29.447927	0.191502	-1294.733788	
12.036000	0.977312	0.815580	4.605519	29.453764	0.105834	-1294.707512	
12.037000	0.930802	0.661755	4.605871	29.459718	0.300533	-1294.681026	
12.038000	0.850466	1.050367	4.605627	29.465780	0.308321	-1294.654508	
12.039000	0.825097	0.831773	4.604754	29.471835	0.316109	-1294.628131	
12.040000	0.884292	0.888445	4.603055	29.477745	0.136986	-1294.602041	
12.041000	0.943487	0.920829	4.600177	29.483394	0.222654	-1294.576340	
12.042000	0.846238	0.710331	4.595975	29.488704	0.265487	-1294.551075	
12.043000	0.888520	0.710331	4.590582	29.493717	0.273275	-1294.526237	
12.044000	0.935030	0.928926	4.584362	29.498634	0.347261	-1294.501751	
12.045000	0.896977	0.791292	4.577922	29.503574	0.222654	-1294.477486	
12.046000	0.795500	1.017982	4.571962	29.508417	0.355048	-1294.453277	
12.047000	0.850466	0.928926	4.566943	29.513039	0.355048	-1294.428945	
12.048000	0.888520	1.001790	4.562918	29.517546	0.210972	-1294.404327	
12.049000	0.863151	0.888445	4.559655	29.522127	0.199290	-1294.379304	
12.050000	0.803956	0.831773	4.557222	29.526789	0.409564	-1294.353802	
12.051000	0.833553	0.880349	4.556232	29.531383	0.405670	-1294.327804	
12.052000	0.850466	0.799388	4.557123	29.535740	0.129198	-1294.301365	
12.053000	0.888520	0.839869	4.559651	29.539746	0.323897	-1294.274612	
12.054000	0.825097	0.872253	4.563162	29.543336	0.246017	-1294.247712	
12.055000	0.867379	1.001790	4.566919	29.546528	0.335579	-1294.220840	
12.056000	0.803956	0.896541	4.570211	29.549509	0.284957	-1294.194164	
12.057000	0.888520	0.767004	4.572516	29.552406	0.253805	-1294.167816	
12.058000	0.884292	0.767004	4.573793	29.555110	0.378412	-1294.141879	
12.059000	0.956171	0.750812	4.574304	29.557511	0.187608	-1294.116388	
12.060000	0.880064	0.872253	4.574011	29.559755	0.020167	-1294.091321	
12.061000	0.994225	0.815580	4.572831	29.562082	0.222654	-1294.066592	
12.062000	0.863151	0.888445	4.571248	29.564519	0.269381	-1294.042063	
12.063000	0.863151	0.993694	4.569928	29.566894	0.358942	-1294.017563	
12.064000	0.854694	0.847965	4.569019	29.569019	0.238229	-1293.992925	
12.065000	0.930802	0.758908	4.568261	29.570799	0.238229	-1293.968007	
12.066000	0.892748	0.686043	4.567631	29.572193	0.242123	-1293.942709	
12.067000	0.892748	0.969406	4.567538	29.573220	0.273275	-1293.916971	
12.068000	0.702479	0.815580	4.568460	29.574062	0.343367	-1293.890790	
12.069000	0.787043	0.945118	4.570584	29.574861	0.316109	-1293.864241	
12.070000	0.913889	0.815580	4.573692	29.575522	0.390094	-1293.837459	
12.071000	0.837782	0.864157	4.577299	29.575952	0.203184	-1293.810613	
12.072000	0.736305	0.872253	4.580858	29.576323	0.296639	-1293.783875	
12.073000	0.884292	0.847965	4.583799	29.576905	0.355048	-1293.757396	
12.074000	0.808184	0.750812	4.585405	29.577732	0.452398	-1293.731284	
12.075000	0.863151	1.074655	4.584892	29.578620	0.218760	-1293.705602	
12.076000	0.926574	0.605082	4.581989	29.579372	0.094153	-1293.680368	
12.077000	0.888520	0.831773	4.577322	29.579909	0.214866	-1293.655544	
12.078000	0.956171	0.815580	4.571985	29.580209	0.343367	-1293.631029	
12.079000	0.842010	0.928926	4.566994	29.580285	0.331685	-1293.606672	
12.080000	0.698251	0.791292	4.563160	29.580285	0.175926	-1293.582305	
12.081000	0.820869	0.718427	4.561171	29.580326	0.187608	-1293.557764	
12.082000	0.909661	0.791292	4.561529	29.580316	0.339473	-1293.532927	
12.083000	0.875836	0.791292	4.564528	29.580173	0.277169	-1293.507714	
12.084000	0.694023	0.775100	4.570347	29.580086	0.226548	-1293.482089	
12.085000	0.930802	0.734620	4.578650	29.580349	0.284957	-1293.456078	
12.086000	0.846238	0.856061	4.588383	29.581022	0.343367	-1293.429771	
12.087000	0.803956	0.920829	4.598308	29.581923	0.284957	-1293.403309	
12.088000	0.808184	0.888445	4.607403	29.582859	0.273275	-1293.376862	
12.089000	0.863151	0.831773	4.615042	29.583772	0.144774	-1293.350599	
12.090000	0.918118	0.856061	4.620880	29.584666	0.242123	-1293.324655	
12.091000	0.913889	1.042271	4.624854	29.585546	0.397882	-1293.299116	
12.092000	0.605231	1.042271	4.627486	29.586512	0.230441	-1293.274021	
12.093000	0.808184	0.710331	4.629265	29.587637	0.207078	-1293.249372	
12.094000	0.918118	0.758908	4.630128	29.588821	0.172032	-1293.225106	
12.095000	0.901205	0.629370	4.630105	29.589979	0.210972	-1293.201096	
12.096000	0.668654	0.920829	4.629524	29.591262	0.257699	-1293.177177	
12.097000	1.011138	0.734620	4.628605	29.592945	0.273275	-1293.153174	
12.098000	0.854694	0.847965	4.627537	29.595095	0.401776	-1293.128928	
12.099000	0.968856	0.864157	4.626286	29.597534	0.300533	-1293.104324	
12.100000	0.846238	0.977502	4.624167	29.600081	0.121410	-1293.079294	0.000000
12.101000	1.116843	0.677947	4.620772	29.602710	0.027955	-1293.053833	
12.102000	0.846238	0.726523	4.616743	29.605463	0.238229	-1293.027999	
12.103000	0.858923	0.961310	4.612863	29.608339	0.292745	-1293.001910	
12.104000	0.660197	0.928926	4.609371	29.611378	0.316109	-1292.975719	
12.105000	0.825097	0.839869	4.606270	29.614592	0.230441	-1292.949598	
12.106000	0.795500	0.783196	4.603649	29.617872	0.378412	-1292.923710	
12.107000	0.909661	0.750812	4.601609	29.621130	0.273275	-1292.898173	
12.108000	0.537579	0.856061	4.600319	29.624477	0.358942	-1292.873054	
12.109000	1.002682	0.742716	4.600050	29.628159	0.265487	-1292.848369	
12.110000	0.837782	0.872253	4.600512	29.632249	0.339473	-1292.824087	
12.111000	0.985769	1.188000	4.600987	29.636580	0.390094	-1292.800115	
12.112000	0.787043	0.928926	4.601293	29.640978	0.242123	-1292.776309	
12.113000	0.939259	0.807484	4.601653	29.645453	0.059107	-1292.752503	
12.114000	0.867379	0.880349	4.602231	29.650080	0.144774	-1292.728528	
12.115000	0.867379	0.872253	4.603129	29.654846	0.292745	-1292.704236	
12.116000	0.770130	0.734620	4.604528	29.659697	0.323897	-1292.679528	
12.117000	0.884292	0.831773	4.606862	29.664564	0.101940	-1292.654361	
12.118000	0.985769	0.823676	4.610277	29.669327	0.218760	-1292.628749	
12.119000	0.947715	0.669851	4.614257	29.673900	0.300533	-1292.602768	
12.120000	0.753218	0.791292	4.618088	29.678355	0.156456	-1292.576551	
12.121000	0.926574	0.767004	4.621184	29.682910	0.238229	-1292.550262	
12.122000	0.846238	0.742716	4.623266	29.687658	0.378412	-1292.524078	
12.123000	0.863151	0.912733	4.624386	29.692453	0.393988	-1292.498150	
12.124000	0.871607	0.783196	4.624555	29.697144	0.393988	-1292.472589	
12.125000	0.947715	0.961310	4.623284	29.701782	0.035743	-1292.447451	
12.126000	0.964628	0.807484	4.619995	29.706493	0.304427	-1292.422745	
12.127000	0.816641	1.098943	4.615128	29.711270	0.323897	-1292.398412	
12.128000	0.753218	0.823676	4.609775	29.716003	0.288851	-1292.374335	
12.129000	0.765902	0.953214	4.604645	29.720560	-0.034348	-1292.350362	
12.130000	0.939259	0.847965	4.600099	29.724820	0.304427	-1292.326322	
12.131000	0.854694	0.953214	4.596314	29.728695	0.284957	-1292.302045	
12.132000	0.833553	0.920829	4.593359	29.732225	0.292745	-1292.277392	
12.133000	0.913889	0.969406	4.590997	29.735611	0.355048	-1292.252275	
12.134000	0.909661	1.042271	4.588269	29.738968	0.249911	-1292.226662	
12.135000	0.909661	0.847965	4.584195	29.742168	0.343367	-1292.200584	
12.136000	0.947715	0.661755	4.578860	29.745080	0.284957	-1292.174142	
12.137000	0.909661	0.904637	4.573032	29.747798	0.152562	-1292.147490	
12.138000	0.956171	0.937022	4.567359	29.750497	0.230441	-1292.120811	
12.139000	0.833553	0.945118	4.562305	29.753178	0.253805	-1292.094279	
12.140000	0.829325	0.904637	4.558245	29.755685	0.273275	-1292.068039	
12.141000	0.820869	0.661755	4.555262	29.757849	0.059107	-1292.042193	
12.142000	0.943487	1.034175	4.553119	29.759562	0.121410	-1292.016798	
12.143000	0.951943	0.815580	4.551660	29.760761	0.164244	-1291.991852	
12.144000	0.837782	1.074655	4.550873	29.761477	0.304427	-1291.967280	
12.145000	0.770130	1.009886	4.550681	29.761915	0.136986	-1291.942946	
12.146000	0.846238	1.001790	4.551177	29.762217	0.304427	-1291.918684	
12.147000	0.791271	0.928926	4.552625	29.762278	0.382306	-1291.894315	
12.148000	0.808184	0.839869	4.555072	29.761993	0.265487	-1291.869674	
12.149000	0.842010	1.050367	4.558298	29.761500	0.238229	-1291.844638	
12.150000	1.002682	0.758908	4.562039	29.761026	0.257699	-1291.819130	
12.151000	0.863151	0.742716	4.566277	29.760587	0.386200	-1291.793132	
12.152000	0.816641	1.090847	4.571219	29.760007	0.460186	-1291.766694	
12.153000	0.867379	0.904637	4.576799	29.759102	0.222654	-1291.739938	
12.154000	0.892748	0.937022	4.582453	29.757771	0.187608	-1291.713031	
12.155000	0.901205	0.734620	4.587497	29.755966	0.234335	-1291.686155	
12.156000	0.867379	0.928926	4.591445	29.753702	0.281063	-1291.659477	
12.157000	0.842010	0.596986	4.594088	29.751159	0.242123	-1291.633125	
12.158000	0.858923	0.888445	4.595297	29.748476	0.101940	-1291.607187	
12.159000	0.973084	0.726523	4.594927	29.745561	0.351155	-1291.581703	
12.160000	0.871607	0.928926	4.593189	29.742331	0.242123	-1291.556658	
12.161000	0.761674	0.791292	4.590722	29.738966	0.203184	-1291.531968	
12.162000	0.913889	0.912733	4.588243	29.735736	0.288851	-1291.507491	
12.163000	0.850466	0.823676	4.586371	29.732675	0.347261	-1291.483052	
12.164000	0.799728	1.026079	4.585538	29.729602	0.187608	-1291.458476	
12.165000	0.833553	0.799388	4.585857	29.726327	0.152562	-1291.433611	
12.166000	0.905433	0.718427	4.586925	29.722770	0.327791	-1291.408358	
12.167000	0.795500	0.937022	4.587910	29.718910	0.288851	-1291.382661	
12.168000	0.833553	1.098943	4.588293	29.714760	0.409564	-1291.356516	
12.169000	0.706707	0.977502	4.588276	29.710474	0.242123	-1291.329987	
12.170000	0.820869	0.912733	4.588246	29.706171	0.355048	-1291.303208	
12.171000	0.875836	0.864157	4.588362	29.701759	0.366730	-1291.276347	
12.172000	0.837782	0.726523	4.588577	29.697155	0.246017	-1291.249582	
12.173000	0.681338	0.856061	4.588622	29.692542	0.218760	-1291.223069	
12.174000	1.044964	0.961310	4.588090	29.688207	0.296639	-1291.196925	
12.175000	0.896977	0.896541	4.586310	29.684204	0.405670	-1291.171217	
12.176000	0.977312	0.799388	4.582435	29.680353	0.257699	-1291.145967	
12.177000	0.926574	0.742716	4.576476	29.676465	0.117516	-1291.121132	
12.178000	1.032279	0.677947	4.569634	29.672488	0.133092	-1291.096611	
12.179000	0.858923	0.783196	4.563310	29.668429	0.164244	-1291.072254	
12.180000	0.829325	0.896541	4.558502	29.664303	0.164244	-1291.047889	
12.181000	0.668654	0.937022	4.555803	29.660221	0.226548	-1291.023346	
12.182000	0.888520	0.742716	4.555437	29.656265	0.175926	-1290.998495	
12.183000	0.964628	0.799388	4.557056	29.652338	0.393988	-1290.973250	
12.184000	0.884292	0.710331	4.559728	29.648364	0.179820	-1290.947572	
12.185000	0.685566	0.888445	4.562939	29.644514	0.269381	-1290.921477	
12.186000	0.960400	0.783196	4.567009	29.641077	0.421246	-1290.895050	
12.187000	0.727848	0.896541	4.572114	29.638131	0.296639	-1290.868430	
12.188000	0.871607	0.961310	4.577868	29.635497	0.308321	-1290.841787	
12.189000	0.854694	0.945118	4.583818	29.632987	0.277169	-1290.815289	
12.190000	0.998453	0.831773	4.589687	29.630563	0.152562	-1290.789078	
12.191000	0.850466	0.661755	4.595241	29.628255	0.284957	-1290.763254	
12.192000	0.905433	0.839869	4.600111	29.626058	0.362836	-1290.737865	
12.193000	0.689795	1.001790	4.603745	29.624007	0.316109	-1290.712915	
12.194000	0.922346	0.775100	4.605782	29.622111	0.144774	-1290.688346	
12.195000	0.854694	0.888445	4.606391	29.620256	0.277169	-1290.664047	
12.196000	0.913889	0.823676	4.605988	29.618354	0.140880	-1290.639863	
12.197000	0.740533	0.961310	4.604918	29.616525	0.218760	-1290.615618	
12.198000	1.044964	0.726523	4.603432	29.615020	0.300533	-1290.591151	
12.199000	0.820869	0.669851	4.601569	29.613920	0.234335	-1290.566342	
12.200000	0.981541	1.009886	4.599156	29.613062	0.269381	-1290.541121	0.000000
12.201000	0.880064	0.799388	4.595989	29.612280	0.269381	-1290.515471	
12.202000	1.036507	0.823676	4.591914	29.611583	0.101940	-1290.489442	
12.203000	0.880064	0.937022	4.587141	29.611047	0.214866	-1290.463144	
12.204000	0.837782	1.115135	4.582285	29.610668	0.323897	-1290.436727	
12.205000	0.706707	0.823676	4.577863	29.610417	0.300533	-1290.410352	
12.206000	0.799728	0.791292	4.574166	29.610242	0.066895	-1290.384184	
12.207000	0.850466	0.734620	4.571432	29.610030	0.405670	-1290.358349	
12.208000	0.909661	0.896541	4.570056	29.609691	0.172032	-1290.332924	
12.209000	0.732077	0.734620	4.570430	29.609293	0.405670	-1290.307935	
12.210000	0.935030	0.912733	4.572214	29.609049	0.335579	-1290.283354	
12.211000	0.753218	0.912733	4.574557	29.609050	0.300533	-1290.259093	
12.212000	0.854694	1.034175	4.577080	29.609146	0.327791	-1290.235014	
12.213000	0.863151	0.750812	4.579762	29.609183	0.199290	-1290.210949	
12.214000	0.951943	0.823676	4.582354	29.609208	0.109728	-1290.186733	
12.215000	0.985769	0.718427	4.584526	29.609347	0.246017	-1290.162222	
12.216000	0.888520	1.155616	4.586386	29.609592	0.226548	-1290.137313	
12.217000	0.901205	0.686043	4.588527	29.609840	0.230441	-1290.111956	
12.218000	0.833553	1.009886	4.591472	29.609968	0.086365	-1290.086160	
12.219000	0.964628	0.516025	4.595259	29.609863	0.230441	-1290.060003	
12.220000	0.829325	0.831773	4.599507	29.609446	0.164244	-1290.033621	
12.221000	0.842010	0.767004	4.603644	29.608754	0.242123	-1290.007174	
12.222000	0.854694	0.880349	4.607119	29.607984	0.323897	-1289.980830	
12.223000	0.829325	0.799388	4.609531	29.607250	0.296639	-1289.954740	
12.224000	0.825097	1.026079	4.610698	29.606430	0.355048	-1289.929011	
12.225000	0.837782	0.928926	4.610704	29.605398	0.284957	-1289.903703	
12.226000	0.833553	0.856061	4.609701	29.604257	0.195396	-1289.878831	
12.227000	0.892748	0.799388	4.607739	29.603188	0.265487	-1289.854346	
12.228000	0.778587	1.139424	4.605022	29.602193	0.390094	-1289.830133	
12.229000	0.829325	0.969406	4.602063	29.601119	0.320003	-1289.806034	
12.230000	0.774359	0.953214	4.599382	29.599799	0.098047	-1289.781876	
12.231000	0.977312	0.896541	4.597372	29.598125	0.339473	-1289.757495	
12.232000	0.850466	0.767004	4.596443	29.596029	0.172032	-1289.732756	
12.233000	0.837782	0.791292	4.596943	29.593533	0.308321	-1289.707575	
12.234000	0.816641	0.726523	4.599014	29.590822	0.207078	-1289.681914	
12.235000	0.913889	0.937022	4.602416	29.588025	0.327791	-1289.655803	
12.236000	0.896977	0.686043	4.606439	29.585033	0.304427	-1289.629340	
12.237000	0.871607	0.839869	4.610185	29.581744	0.195396	-1289.602678	
12.238000	0.791271	0.831773	4.612900	29.578301	0.172032	-1289.575993	
12.239000	0.960400	0.791292	4.614094	29.574941	0.164244	-1289.549461	
12.240000	0.854694	0.645563	4.613522	29.571684	0.246017	-1289.523225	
12.241000	0.880064	0.847965	4.611478	29.568358	0.351155	-1289.497383	
12.242000	0.896977	0.856061	4.608876	29.564781	0.277169	-1289.471986	
12.243000	0.981541	0.985598	4.606276	29.560866	0.300533	-1289.447035	
12.244000	0.825097	0.775100	4.603487	29.556575	0.257699	-1289.422460	
12.245000	0.778587	1.050367	4.600376	29.551932	0.362836	-1289.398125	
12.246000	0.617915	0.888445	4.597210	29.547120	0.288851	-1289.373859	
12.247000	0.799728	0.847965	4.594328	29.542279	0.343367	-1289.349481	
12.248000	0.896977	0.791292	4.591827	29.537312	0.382306	-1289.324826	
12.249000	0.858923	0.904637	4.589742	29.532127	0.242123	-1289.299771	
12.250000	0.723620	0.669851	4.588385	29.526900	0.183714	-1289.274245	
12.251000	0.918118	0.864157	4.588374	29.521900	0.374518	-1289.248232	
12.252000	0.892748	0.823676	4.590519	29.517165	0.347261	-1289.221786	
12.253000	0.850466	1.050367	4.594933	29.512508	0.358942	-1289.195027	
12.254000	0.888520	0.637467	4.600544	29.507732	0.226548	-1289.168123	
12.255000	0.926574	0.847965	4.606117	29.502759	0.323897	-1289.141260	
12.256000	0.973084	0.669851	4.610865	29.497567	0.183714	-1289.114613	
12.257000	0.837782	0.977502	4.614207	29.492170	0.316109	-1289.088314	
12.258000	0.757446	0.904637	4.615695	29.486720	0.164244	-1289.062447	
12.259000	0.863151	0.945118	4.615049	29.481338	0.179820	-1289.037057	
12.260000	0.918118	0.888445	4.612225	29.475935	0.358942	-1289.012132	
12.261000	0.871607	0.904637	4.607547	29.470436	0.175926	-1288.987591	
12.262000	0.685566	0.823676	4.601725	29.465030	0.230441	-1288.963288	
12.263000	0.909661	0.742716	4.595632	29.460010	0.355048	-1288.939044	
12.264000	0.867379	0.815580	4.590164	29.455436	0.444610	-1288.914678	
12.265000	0.808184	1.009886	4.586054	29.451124	0.448504	-1288.890036	
12.266000	0.850466	1.058463	4.583678	29.446882	0.246017	-1288.865015	
12.267000	0.922346	0.831773	4.583141	29.442654	0.121410	-1288.839565	
12.268000	0.951943	0.783196	4.584270	29.438446	0.195396	-1288.813689	
12.269000	0.812412	0.823676	4.586636	29.434267	0.335579	-1288.787452	
12.270000	0.630600	0.912733	4.589736	29.430231	0.296639	-1288.760978	
12.271000	0.833553	0.807484	4.593069	29.426423	0.226548	-1288.734438	
12.272000	0.943487	0.823676	4.596178	29.422744	0.347261	-1288.708013	
12.273000	0.943487	0.742716	4.598645	29.419107	0.222654	-1288.681867	
12.274000	0.757446	0.928926	4.600101	29.415664	0.347261	-1288.656120	
12.275000	1.036507	0.767004	4.600202	29.412689	0.246017	-1288.630842	
12.276000	0.871607	0.856061	4.599000	29.410248	0.218760	-1288.606054	
12.277000	0.850466	0.945118	4.597477	29.408167	0.242123	-1288.581716	
12.278000	0.833553	0.896541	4.596816	29.406262	0.148668	-1288.557722	
12.279000	0.960400	0.791292	4.597455	29.404507	0.133092	-1288.533923	
12.280000	0.905433	0.888445	4.599416	29.402942	0.347261	-1288.510149	
12.281000	0.884292	0.928926	4.602566	29.401564	0.312215	-1288.486223	
12.282000	0.681338	0.839869	4.606373	29.400403	0.339473	-1288.462003	
12.283000	0.867379	0.742716	4.610322	29.399463	0.168138	-1288.437400	
12.284000	0.896977	0.880349	4.614523	29.398637	0.339473	-1288.412376	
12.285000	0.816641	0.807484	4.619361	29.397840	0.292745	-1288.386950	
12.286000	0.634828	1.009886	4.624915	29.397185	0.358942	-1288.361202	
12.287000	1.053420	0.864157	4.630867	29.396920	0.366730	-1288.335267	
12.288000	0.846238	0.945118	4.636575	29.397126	0.370624	-1288.309312	
12.289000	0.913889	0.815580	4.641313	29.397636	0.413458	-1288.283508	
12.290000	0.854694	0.823676	4.644557	29.398276	0.355048	-1288.258000	
12.291000	1.066105	0.767004	4.646007	29.399051	0.055213	-1288.232894	
12.292000	0.913889	0.937022	4.645558	29.400041	0.246017	-1288.208246	
12.293000	0.871607	0.993694	4.643297	29.401236	0.281063	-1288.184056	
12.294000	0.808184	0.945118	4.639498	29.402592	0.273275	-1288.160256	
12.295000	0.913889	0.896541	4.634680	29.404040	0.101940	-1288.136727	
12.296000	0.918118	0.767004	4.629512	29.405464	0.312215	-1288.113314	
12.297000	0.909661	0.767004	4.624478	29.406771	0.308321	-1288.089847	
12.298000	0.782815	0.896541	4.619582	29.408025	0.323897	-1288.066166	
12.299000	1.040735	0.864157	4.614441	29.409434	0.105834	-1288.042145	
12.300000	0.863151	0.718427	4.608988	29.411093	0.300533	-1288.017711	0.000000
12.301000	0.935030	1.026079	4.603989	29.412855	0.292745	-1287.992842	
12.302000	0.808184	0.945118	4.600452	29.414575	0.222654	-1287.967582	
12.303000	0.989997	0.912733	4.598729	29.416311	0.066895	-1287.942036	
12.304000	0.901205	0.783196	4.598519	29.418200	0.136986	-1287.916358	
12.305000	0.808184	0.993694	4.599380	29.420230	0.370624	-1287.890716	
12.306000	0.842010	0.775100	4.600997	29.422276	0.370624	-1287.865273	
12.307000	0.913889	0.937022	4.603016	29.424193	0.129198	-1287.840164	
12.308000	0.935030	0.726523	4.605237	29.425858	0.351155	-1287.815478	
12.309000	0.812412	0.904637	4.608020	29.427191	0.156456	-1287.791248	
12.310000	0.816641	0.912733	4.611427	29.428228	0.172032	-1287.767448	
12.311000	0.825097	0.872253	4.614744	29.429166	0.366730	-1287.743987	
12.312000	0.880064	0.621274	4.617516	29.430119	0.331685	-1287.720724	
12.313000	0.896977	0.847965	4.619846	29.430966	0.312215	-1287.697496	
12.314000	0.922346	0.767004	4.621768	29.431581	0.308321	-1287.674133	
12.315000	0.930802	0.904637	4.623114	29.432065	0.070789	-1287.650496	
12.316000	0.960400	0.702235	4.623615	29.432609	0.203184	-1287.626484	
12.317000	0.854694	0.758908	4.622918	29.433221	0.195396	-1287.602042	
12.318000	0.850466	0.880349	4.621032	29.433751	0.320003	-1287.577169	
12.319000	0.803956	0.961310	4.618519	29.434029	0.152562	-1287.551934	
12.320000	0.994225	0.823676	4.615868	29.433950	0.316109	-1287.526471	
12.321000	0.812412	0.864157	4.613176	29.433452	0.261593	-1287.500943	
12.322000	0.846238	1.034175	4.610353	29.432565	0.218760	-1287.475515	
12.323000	0.782815	1.050367	4.607328	29.431489	0.292745	-1287.450339	
12.324000	0.791271	0.847965	4.603932	29.430367	0.471868	-1287.425528	
12.325000	0.719392	0.815580	4.599971	29.429099	0.355048	-1287.401151	
12.326000	0.842010	0.993694	4.595663	29.427578	0.035743	-1287.377220	
12.327000	0.799728	0.823676	4.591455	29.425948	0.226548	-1287.353683	
12.328000	0.939259	0.815580	4.587674	29.424445	0.113622	-1287.330426	
12.329000	0.816641	0.920829	4.584702	29.423093	0.382306	-1287.307291	
12.330000	0.880064	0.961310	4.582915	29.421724	0.320003	-1287.284103	
12.331000	0.825097	0.839869	4.582368	29.420154	0.059107	-1287.260700	
12.332000	0.960400	0.856061	4.582836	29.418289	0.374518	-1287.236958	
12.333000	0.846238	0.872253	4.584144	29.416083	0.207078	-1287.212795	
12.334000	0.884292	0.661755	4.586232	29.413548	0.296639	-1287.188169	
12.335000	0.706707	0.856061	4.588818	29.410856	0.179820	-1287.163095	
12.336000	0.854694	0.920829	4.591504	29.408144	0.288851	-1287.137657	
12.337000	0.884292	0.758908	4.594075	29.405317	0.331685	-1287.112002	
12.338000	0.926574	0.807484	4.596301	29.402290	0.335579	-1287.086304	
12.339000	0.753218	0.856061	4.597825	29.399247	0.269381	-1287.060741	
12.340000	0.973084	0.750812	4.598427	29.396472	0.300533	-1287.035461	
12.341000	0.829325	0.580794	4.597970	29.394014	0.409564	-1287.010563	
12.342000	0.778587	0.993694	4.596075	29.391693	0.355048	-1286.986093	
12.343000	0.829325	0.856061	4.592377	29.389317	0.191502	-1286.962046	
12.344000	0.888520	1.009886	4.587118	29.386810	0.281063	-1286.938355	
12.345000	0.901205	0.791292	4.581153	29.384153	0.284957	-1286.914891	
12.346000	0.812412	1.017982	4.575490	29.381360	0.378412	-1286.891488	
12.347000	0.736305	0.823676	4.570844	29.378579	0.308321	-1286.867965	
12.348000	0.812412	0.839869	4.567443	29.375928	0.234335	-1286.844163	
12.349000	0.858923	0.839869	4.565057	29.373311	0.409564	-1286.819966	
12.350000	0.757446	1.009886	4.563232	29.370642	0.226548	-1286.795302	
12.351000	0.639056	0.831773	4.561596	29.368094	0.136986	-1286.770149	
12.352000	0.947715	0.823676	4.560121	29.365950	0.277169	-1286.744548	
12.353000	0.842010	0.645563	4.559075	29.364265	0.210972	-1286.718609	
12.354000	0.884292	0.985598	4.558642	29.362854	0.253805	-1286.692490	
12.355000	0.935030	0.718427	4.558845	29.361526	0.222654	-1286.666374	
12.356000	0.918118	0.807484	4.559697	29.360230	0.144774	-1286.640440	
12.357000	0.935030	0.742716	4.561139	29.358980	0.242123	-1286.614832	
12.358000	0.791271	0.807484	4.563019	29.357786	0.183714	-1286.589634	
12.359000	0.706707	0.839869	4.565321	29.356751	0.191502	-1286.564882	
12.360000	0.787043	0.880349	4.568037	29.355947	0.140880	-1286.540560	
12.361000	1.015366	0.823676	4.571022	29.355274	0.234335	-1286.516584	
12.362000	0.854694	0.807484	4.574236	29.354650	0.172032	-1286.492814	
12.363000	0.681338	0.880349	4.577848	29.354235	0.273275	-1286.469074	
12.364000	0.875836	0.823676	4.581957	29.354307	0.382306	-1286.445184	
12.365000	0.858923	0.864157	4.586295	29.354936	0.300533	-1286.420990	
12.366000	0.854694	1.034175	4.590505	29.355940	0.300533	-1286.396382	
12.367000	0.867379	0.864157	4.594572	29.357132	0.432928	-1286.371300	
12.368000	0.871607	0.702235	4.598864	29.358482	0.082471	-1286.345746	
12.369000	0.918118	0.775100	4.603752	29.360032	0.230441	-1286.319791	
12.370000	0.867379	0.912733	4.609153	29.361772	0.242123	-1286.293563	
12.371000	0.727848	0.872253	4.614476	29.363717	0.355048	-1286.267233	
12.372000	0.939259	0.783196	4.618938	29.365856	0.246017	-1286.240992	
12.373000	0.909661	0.880349	4.621851	29.368075	0.397882	-1286.215017	
12.374000	0.909661	0.677947	4.623011	29.370285	0.210972	-1286.189436	
12.375000	0.672882	0.847965	4.622825	29.372588	0.347261	-1286.164319	
12.376000	1.036507	0.912733	4.621515	29.375221	0.129198	-1286.139682	
12.377000	0.803956	0.791292	4.618928	29.378261	0.265487	-1286.115483	
12.378000	0.922346	0.872253	4.615309	29.381548	0.234335	-1286.091613	
12.379000	0.871607	0.912733	4.611335	29.384914	0.218760	-1286.067917	
12.380000	0.985769	0.758908	4.607570	29.388379	0.074683	-1286.044224	
12.381000	0.854694	0.799388	4.604252	29.392032	0.308321	-1286.020363	
12.382000	0.858923	0.953214	4.601488	29.395858	0.374518	-1285.996188	
12.383000	0.689795	0.864157	4.599480	29.399784	0.405670	-1285.971602	
12.384000	0.850466	0.993694	4.598485	29.403715	0.242123	-1285.946558	
12.385000	0.867379	0.823676	4.598761	29.407523	0.370624	-1285.921072	
12.386000	0.939259	0.750812	4.600368	29.411120	0.374518	-1285.895222	
12.387000	0.803956	0.977502	4.602929	29.414572	0.269381	-1285.869142	
12.388000	0.994225	0.629370	4.605714	29.418100	0.362836	-1285.843003	
12.389000	0.812412	0.888445	4.608032	29.421804	0.300533	-1285.816983	
12.390000	0.905433	0.912733	4.609621	29.425541	0.370624	-1285.791239	
12.391000	0.892748	0.912733	4.610727	29.429160	0.331685	-1285.765882	
12.392000	1.044964	0.831773	4.611809	29.432715	0.070789	-1285.740973	
12.393000	0.960400	0.758908	4.612952	29.436340	0.277169	-1285.716518	
12.394000	0.926574	0.953214	4.613792	29.440020	0.218760	-1285.692453	
12.395000	0.829325	0.645563	4.614166	29.443628	0.242123	-1285.668659	
12.396000	0.896977	0.758908	4.614327	29.447021	0.055213	-1285.644986	
12.397000	0.867379	0.799388	4.614637	29.450084	0.195396	-1285.621268	
12.398000	0.875836	0.945118	4.615495	29.452742	0.249911	-1285.597345	
12.399000	0.867379	0.961310	4.617197	29.455032	0.413458	-1285.573085	
12.400000	0.875836	0.945118	4.620068	29.457149	0.288851	-1285.548401	0.000000
12.401000	0.808184	0.969406	4.624582	29.459209	0.265487	-1285.523262	
12.402000	0.846238	0.928926	4.630330	29.461092	0.327791	-1285.497700	
12.403000	0.820869	0.839869	4.635926	29.462675	0.386200	-1285.471820	
12.404000	0.913889	0.864157	4.640183	29.464063	0.090259	-1285.445775	
12.405000	0.960400	0.750812	4.642370	29.465441	0.277169	-1285.419743	
12.406000	0.858923	1.131328	4.642071	29.466809	0.397882	-1285.393896	
12.407000	0.837782	0.920829	4.639329	29.468006	0.300533	-1285.368368	
12.408000	0.842010	0.823676	4.634514	29.468856	0.246017	-1285.343247	
12.409000	0.968856	0.807484	4.627898	29.469246	0.273275	-1285.318575	
12.410000	0.892748	0.783196	4.619694	29.469111	0.199290	-1285.294339	
12.411000	0.875836	0.702235	4.610480	29.468472	0.312215	-1285.270456	
12.412000	0.858923	0.969406	4.601231	29.467521	0.246017	-1285.246791	
12.413000	0.922346	0.872253	4.592910	29.466400	0.191502	-1285.223181	
12.414000	0.884292	0.977502	4.586015	29.465010	0.284957	-1285.199456	
12.415000	0.867379	0.872253	4.580535	29.463253	0.179820	-1285.175465	
12.416000	0.812412	0.767004	4.576523	29.461287	0.273275	-1285.151100	
12.417000	0.956171	0.669851	4.574385	29.459360	0.281063	-1285.126299	
12.418000	0.863151	0.661755	4.574179	29.457505	0.308321	-1285.101053	
12.419000	0.820869	1.001790	4.575388	29.455552	0.269381	-1285.075422	
12.420000	0.808184	0.977502	4.577470	29.453317	0.183714	-1285.049532	
12.421000	0.968856	1.001790	4.579946	29.450712	0.378412	-1285.023552	
12.422000	0.812412	0.904637	4.582344	29.447696	0.284957	-1284.997662	
12.423000	0.791271	0.928926	4.584309	29.444289	0.284957	-1284.972018	
12.424000	0.651741	0.953214	4.585661	29.440673	0.316109	-1284.946734	
12.425000	0.854694	0.831773	4.586512	29.436984	0.351155	-1284.921874	
12.426000	0.888520	0.710331	4.587186	29.433127	0.386200	-1284.897457	
12.427000	0.888520	0.872253	4.587775	29.429016	0.327791	-1284.873442	
12.428000	0.677110	0.920829	4.588169	29.424832	0.156456	-1284.849727	
12.429000	0.985769	0.912733	4.588479	29.420856	0.238229	-1284.826164	
12.430000	0.863151	0.815580	4.589001	29.417137	0.401776	-1284.802586	
12.431000	0.863151	0.993694	4.590073	29.413491	0.210972	-1284.778825	
12.432000	0.884292	0.791292	4.591987	29.409728	0.253805	-1284.754749	
12.433000	1.032279	0.985598	4.594818	29.405773	0.257699	-1284.730274	
12.434000	0.884292	0.694139	4.598722	29.401609	0.249911	-1284.705363	
12.435000	0.858923	1.026079	4.604014	29.397255	0.316109	-1284.680032	
12.436000	0.715164	0.669851	4.610365	29.392866	0.242123	-1284.654364	
12.437000	0.867379	0.937022	4.616616	29.388562	0.292745	-1284.628508	
12.438000	0.896977	0.839869	4.621650	29.384252	0.323897	-1284.602644	
12.439000	0.803956	0.880349	4.624854	29.379862	0.300533	-1284.576947	
12.440000	0.651741	0.831773	4.626097	29.375579	0.288851	-1284.551564	
12.441000	0.951943	0.807484	4.625661	29.371701	0.362836	-1284.526589	
12.442000	0.863151	0.823676	4.623817	29.368289	0.366730	-1284.502068	
12.443000	0.787043	1.042271	4.620504	29.365158	0.432928	-1284.477990	
12.444000	0.960400	0.621274	4.615731	29.362116	0.207078	-1284.454287	
12.445000	0.935030	0.896541	4.610004	29.359109	0.207078	-1284.430835	
12.446000	0.930802	0.694139	4.604126	29.356144	0.292745	-1284.407475	
12.447000	0.757446	1.107039	4.598703	29.353229	0.339473	-1284.384028	
12.448000	0.639056	0.953214	4.593928	29.350455	0.331685	-1284.360326	
12.449000	0.833553	0.953214	4.589803	29.347881	0.152562	-1284.336247	
12.450000	0.964628	0.815580	4.586095	29.345402	0.327791	-1284.311722	
12.451000	0.880064	0.775100	4.582503	29.342935	0.300533	-1284.286731	
12.452000	0.757446	0.880349	4.579625	29.340639	0.191502	-1284.261317	
12.453000	0.973084	0.807484	4.578495	29.338790	0.191502	-1284.235590	
12.454000	0.863151	0.710331	4.579204	29.337453	0.253805	-1284.209710	
12.455000	0.846238	1.042271	4.581156	29.336451	0.378412	-1284.183862	
12.456000	0.892748	0.823676	4.583766	29.335604	0.199290	-1284.158222	
12.457000	0.951943	0.880349	4.586552	29.334888	0.187608	-1284.132934	
12.458000	0.888520	0.637467	4.589149	29.334343	0.277169	-1284.108084	
12.459000	0.833553	1.050367	4.591438	29.333967	0.281063	-1284.083703	
12.460000	0.715164	0.856061	4.593704	29.333781	0.304427	-1284.059768	
12.461000	0.867379	0.815580	4.596216	29.333784	0.222654	-1284.036198	
12.462000	0.812412	0.945118	4.598855	29.333867	0.378412	-1284.012859	
12.463000	0.842010	0.791292	4.601407	29.333947	0.277169	-1283.989581	
12.464000	0.698251	1.026079	4.603773	29.334139	0.316109	-1283.966178	
12.465000	1.019594	0.718427	4.605968	29.334689	0.331685	-1283.942486	
12.466000	0.820869	0.864157	4.608092	29.335669	0.246017	-1283.918390	
12.467000	0.943487	0.856061	4.610550	29.336910	0.327791	-1283.893824	
12.468000	0.888520	0.758908	4.614115	29.338239	0.246017	-1283.868787	
12.469000	1.015366	0.645563	4.619078	29.339668	0.063001	-1283.843351	
12.470000	0.909661	0.880349	4.624832	29.341279	0.230441	-1283.817656	
12.471000	0.892748	1.017982	4.630475	29.343065	0.199290	-1283.791872	
12.472000	0.765902	0.945118	4.635429	29.344980	0.265487	-1283.766181	
12.473000	0.913889	0.775100	4.639605	29.346955	0.039637	-1283.740756	
12.474000	0.880064	0.734620	4.642997	29.348872	0.265487	-1283.715730	
12.475000	0.892748	0.702235	4.645765	29.350645	0.168138	-1283.691179	
12.476000	0.816641	0.532217	4.648596	29.352344	0.207078	-1283.667123	
12.477000	1.006910	0.791292	4.651709	29.354186	0.281063	-1283.643521	
12.478000	0.854694	0.937022	4.654353	29.356265	0.308321	-1283.620272	
12.479000	0.858923	0.969406	4.655872	29.358439	0.374518	-1283.597225	
12.480000	0.778587	0.864157	4.656187	29.360560	0.246017	-1283.574202	
12.481000	0.964628	0.791292	4.655347	29.362675	0.059107	-1283.551028	
12.482000	0.833553	0.807484	4.653366	29.364908	0.277169	-1283.527558	
12.483000	0.905433	1.042271	4.650565	29.367244	0.331685	-1283.503688	
12.484000	0.842010	0.839869	4.647976	29.369561	0.281063	-1283.479365	
12.485000	0.909661	0.807484	4.647075	29.371720	0.082471	-1283.454602	
12.486000	0.926574	0.856061	4.648474	29.373601	0.343367	-1283.429487	
12.487000	0.884292	0.750812	4.651357	29.375127	0.191502	-1283.404161	
12.488000	0.820869	0.856061	4.654601	29.376341	0.393988	-1283.378795	
12.489000	0.935030	0.710331	4.657625	29.377442	0.320003	-1283.353564	
12.490000	0.909661	0.710331	4.660242	29.378543	0.172032	-1283.328622	
12.491000	0.930802	0.969406	4.662084	29.379519	0.222654	-1283.304083	
12.492000	0.918118	0.880349	4.662360	29.380240	0.090259	-1283.280007	
12.493000	0.909661	0.783196	4.660691	29.380806	0.024061	-1283.256404	
12.494000	0.947715	0.807484	4.657413	29.381401	0.238229	-1283.233215	
12.495000	0.816641	0.823676	4.652921	29.382032	0.214866	-1283.210319	
12.496000	0.846238	0.847965	4.647741	29.382551	0.269381	-1283.187555	
12.497000	0.833553	0.912733	4.642613	29.382792	0.179820	-1283.164746	
12.498000	0.951943	0.742716	4.638043	29.382648	0.292745	-1283.141731	
12.499000	0.816641	0.872253	4.634104	29.382054	0.191502	-1283.118377	
12.500000	0.913889	0.993694	4.630703	29.381038	0.269381	-1283.094595	0.000000
12.501000	0.723620	0.758908	4.627820	29.379794	0.281063	-1283.070352	
12.502000	0.837782	0.758908	4.625405	29.378459	0.234335	-1283.045681	
12.503000	0.820869	0.896541	4.623339	29.376930	0.296639	-1283.020686	
12.504000	0.850466	0.880349	4.621377	29.375098	0.249911	-1282.995520	
12.505000	0.765902	0.969406	4.619236	29.373104	0.125304	-1282.970355	
12.506000	0.968856	0.734620	4.616906	29.371179	0.242123	-1282.945360	
12.507000	0.829325	0.928926	4.614730	29.369343	0.265487	-1282.920670	
12.508000	0.880064	0.807484	4.612904	29.367421	0.370624	-1282.896373	
12.509000	0.863151	0.710331	4.610827	29.365225	0.117516	-1282.872517	
12.510000	1.002682	0.807484	4.607725	29.362658	0.269381	-1282.849104	
12.511000	0.905433	0.823676	4.603656	29.359675	0.148668	-1282.826063	
12.512000	0.892748	1.001790	4.599250	29.356295	0.257699	-1282.803262	
12.513000	0.689795	0.823676	4.595118	29.352703	0.218760	-1282.780536	
12.514000	0.858923	0.807484	4.591778	29.349041	0.105834	-1282.757712	
12.515000	0.880064	0.686043	4.589629	29.345217	0.335579	-1282.734637	
12.516000	0.922346	0.596986	4.588760	29.341143	0.207078	-1282.711200	
12.517000	0.715164	0.791292	4.589189	29.336997	0.199290	-1282.687335	
12.518000	0.947715	0.677947	4.591202	29.333056	0.300533	-1282.663032	
12.519000	0.842010	0.945118	4.594816	29.329364	0.386200	-1282.638347	
12.520000	0.808184	1.115135	4.599380	29.325744	0.397882	-1282.613400	
12.521000	0.782815	0.912733	4.603965	29.322004	0.327791	-1282.588351	
12.522000	0.909661	0.847965	4.607748	29.318066	0.257699	-1282.563379	
12.523000	0.909661	0.669851	4.610238	29.313906	0.292745	-1282.538645	
12.524000	0.867379	0.985598	4.611372	29.309540	0.409564	-1282.514265	
12.525000	0.575633	0.783196	4.611313	29.305128	0.327791	-1282.490309	
12.526000	0.829325	0.953214	4.610549	29.300800	0.343367	-1282.466801	
12.527000	0.939259	0.799388	4.610021	29.296468	0.226548	-1282.443715	
12.528000	0.833553	0.904637	4.610253	29.292047	0.214866	-1282.420957	
12.529000	0.672882	0.823676	4.610940	29.287716	0.249911	-1282.398381	
12.530000	0.989997	0.775100	4.611793	29.283760	0.164244	-1282.375813	
12.531000	0.926574	0.758908	4.612914	29.280235	0.253805	-1282.353078	
12.532000	0.850466	1.026079	4.614392	29.276956	0.273275	-1282.330034	
12.533000	0.867379	0.880349	4.615985	29.273739	0.183714	-1282.306589	
12.534000	0.973084	0.896541	4.617270	29.270534	0.183714	-1282.282707	
12.535000	0.896977	0.799388	4.617906	29.267356	0.172032	-1282.258403	
12.536000	0.774359	1.001790	4.617729	29.264215	0.242123	-1282.233755	
12.537000	0.651741	0.872253	4.616663	29.261222	0.386200	-1282.208896	
12.538000	0.761674	0.904637	4.614560	29.258456	0.199290	-1282.183999	
12.539000	0.896977	0.807484	4.611354	29.255818	0.370624	-1282.159239	
12.540000	0.812412	1.042271	4.607209	29.253229	0.281063	-1282.134768	
12.541000	0.668654	1.082751	4.602006	29.250844	0.257699	-1282.110684	
12.542000	0.960400	0.904637	4.595064	29.248935	0.269381	-1282.087038	
12.543000	0.960400	0.912733	4.586019	29.247564	0.413458	-1282.063830	
12.544000	0.816641	0.985598	4.575490	29.246549	0.370624	-1282.041000	
12.545000	0.833553	0.839869	4.564705	29.245703	0.288851	-1282.018424	
12.546000	0.926574	0.856061	4.554983	29.244994	0.066895	-1281.995946	
12.547000	0.943487	0.775100	4.547291	29.244457	0.300533	-1281.973392	
12.548000	0.850466	0.945118	4.542003	29.244079	0.417352	-1281.950593	
12.549000	0.782815	0.920829	4.539102	29.243875	0.273275	-1281.927425	
12.550000	0.812412	0.807484	4.538729	29.243838	0.191502	-1281.903819	
12.551000	1.002682	0.807484	4.541447	29.243853	0.320003	-1281.879762	
12.552000	0.880064	0.767004	4.547435	29.243835	0.152562	-1281.855296	
12.553000	0.685566	0.977502	4.555890	29.243903	0.246017	-1281.830527	
12.554000	0.968856	0.823676	4.565541	29.244308	0.136986	-1281.805604	
12.555000	0.858923	0.888445	4.575160	29.245127	0.284957	-1281.780704	
12.556000	0.884292	0.977502	4.583804	29.246199	0.214866	-1281.755996	
12.557000	0.787043	0.823676	4.590942	29.247353	0.246017	-1281.731620	
12.558000	0.956171	0.661755	4.596330	29.248604	0.105834	-1281.707670	
12.559000	0.909661	1.001790	4.599942	29.250035	0.312215	-1281.684189	
12.560000	0.820869	1.026079	4.601984	29.251634	0.273275	-1281.661160	
12.561000	0.609459	0.977502	4.602692	29.253345	0.339473	-1281.638501	
12.562000	0.888520	0.904637	4.602239	29.255087	0.035743	-1281.616079	
12.563000	0.892748	0.937022	4.600937	29.256732	0.331685	-1281.593728	
12.564000	0.905433	0.718427	4.599124	29.258189	0.343367	-1281.571271	
12.565000	0.744761	0.847965	4.597077	29.259524	0.347261	-1281.548550	
12.566000	1.032279	0.686043	4.595157	29.260953	0.246017	-1281.525449	
12.567000	0.778587	0.872253	4.593544	29.262569	0.312215	-1281.501910	
12.568000	0.973084	0.945118	4.592267	29.264224	0.300533	-1281.477926	
12.569000	0.846238	0.912733	4.591577	29.265764	0.230441	-1281.453562	
12.570000	1.002682	0.953214	4.591700	29.267237	-0.030454	-1281.428950	
12.571000	0.918118	0.783196	4.592500	29.268770	0.187608	-1281.404258	
12.572000	0.871607	1.026079	4.593659	29.270362	0.323897	-1281.379666	
12.573000	0.820869	0.694139	4.594918	29.271926	0.261593	-1281.355341	
12.574000	0.918118	0.831773	4.596101	29.273357	-0.022667	-1281.331415	
12.575000	0.918118	0.791292	4.597046	29.274545	0.374518	-1281.307971	
12.576000	0.930802	1.034175	4.597743	29.275414	0.269381	-1281.285035	
12.577000	0.787043	0.888445	4.598475	29.276013	0.409564	-1281.262567	
12.578000	0.863151	0.856061	4.599579	29.276549	0.164244	-1281.240458	
12.579000	0.820869	0.710331	4.601344	29.277141	0.269381	-1281.218551	
12.580000	0.816641	0.937022	4.604017	29.277666	0.320003	-1281.196666	
12.581000	0.863151	0.750812	4.607553	29.277994	0.417352	-1281.174622	
12.582000	0.964628	0.993694	4.611626	29.278220	0.140880	-1281.152273	
12.583000	1.006910	0.937022	4.616048	29.278519	0.351155	-1281.129520	
12.584000	0.812412	0.888445	4.620969	29.278891	0.393988	-1281.106313	
12.585000	0.846238	0.702235	4.626571	29.279184	0.308321	-1281.082660	
12.586000	0.825097	0.799388	4.632732	29.279233	0.066895	-1281.058642	
12.587000	0.951943	0.686043	4.638948	29.278923	0.226548	-1281.034404	
12.588000	0.867379	0.750812	4.644538	29.278186	0.284957	-1281.010120	
12.589000	0.909661	0.888445	4.649031	29.277040	0.234335	-1280.985965	
12.590000	0.880064	0.864157	4.652214	29.275674	0.199290	-1280.962095	
12.591000	0.998453	0.864157	4.653936	29.274220	0.335579	-1280.938623	
12.592000	0.867379	0.961310	4.654124	29.272576	0.288851	-1280.915619	
12.593000	0.896977	0.791292	4.652887	29.270637	0.261593	-1280.893094	
12.594000	0.803956	0.839869	4.650416	29.268546	0.016273	-1280.870996	
12.595000	0.994225	0.783196	4.646953	29.266533	0.210972	-1280.849206	
12.596000	0.803956	0.937022	4.642936	29.264617	0.393988	-1280.827564	
12.597000	0.858923	0.920829	4.638830	29.262623	0.125304	-1280.805888	
12.598000	0.816641	0.880349	4.635005	29.260368	0.257699	-1280.784007	
12.599000	0.909661	0.872253	4.631953	29.257757	0.320003	-1280.761793	
12.600000	0.757446	0.742716	4.630194	29.254747	0.296639	-1280.739164	0.000000
12.601000	0.875836	0.831773	4.630015	29.251359	0.296639	-1280.716083	
12.602000	0.719392	0.823676	4.631418	29.247779	0.370624	-1280.692578	
12.603000	0.888520	0.864157	4.634052	29.244148	0.226548	-1280.668745	
12.604000	0.825097	0.823676	4.637198	29.240371	0.432928	-1280.644730	
12.605000	0.888520	0.807484	4.640066	29.236353	0.218760	-1280.620706	
12.606000	0.778587	0.750812	4.642083	29.232266	0.199290	-1280.596842	
12.607000	0.985769	0.694139	4.642892	29.228375	0.210972	-1280.573281	
12.608000	0.833553	0.775100	4.642321	29.224718	0.335579	-1280.550116	
12.609000	0.918118	1.147520	4.640448	29.221117	0.230441	-1280.527396	
12.610000	0.892748	0.864157	4.637491	29.217381	0.144774	-1280.505115	
12.611000	0.892748	0.775100	4.633620	29.213430	0.238229	-1280.483206	
12.612000	0.854694	0.783196	4.629112	29.209241	0.296639	-1280.461539	
12.613000	0.850466	0.888445	4.624449	29.204831	0.133092	-1280.439941	
12.614000	0.694023	0.621274	4.619873	29.200358	0.323897	-1280.418233	
12.615000	0.871607	0.775100	4.615212	29.195945	0.261593	-1280.396253	
12.616000	0.905433	0.831773	4.610232	29.191501	0.320003	-1280.373889	
12.617000	0.795500	0.896541	4.604761	29.186953	0.386200	-1280.351072	
12.618000	0.664425	0.993694	4.598908	29.182491	0.312215	-1280.327783	
12.619000	0.820869	0.847965	4.593295	29.178411	0.261593	-1280.304071	
12.620000	0.761674	0.823676	4.588661	29.174772	0.440716	-1280.280046	
12.621000	0.825097	1.026079	4.585398	29.171389	0.366730	-1280.255859	
12.622000	0.892748	0.726523	4.583527	29.168067	0.199290	-1280.231683	
12.623000	0.935030	0.864157	4.582939	29.164744	0.261593	-1280.207683	
12.624000	0.926574	0.864157	4.583621	29.161419	0.316109	-1280.183991	
12.625000	0.787043	1.325634	4.585392	29.158094	0.288851	-1280.160683	
12.626000	0.698251	0.912733	4.587584	29.154878	0.277169	-1280.137789	
12.627000	0.829325	0.823676	4.589539	29.151847	0.226548	-1280.115283	
12.628000	1.011138	0.856061	4.591097	29.148899	0.281063	-1280.093078	
12.629000	0.875836	0.702235	4.592445	29.145952	0.175926	-1280.071030	
12.630000	0.757446	0.896541	4.593822	29.143175	0.265487	-1280.048967	
12.631000	0.985769	0.856061	4.595396	29.140856	0.308321	-1280.026715	
12.632000	0.846238	0.847965	4.597271	29.139066	0.432928	-1280.004135	
12.633000	0.846238	1.042271	4.599418	29.137630	0.253805	-1279.981131	
12.634000	0.871607	0.710331	4.601762	29.136364	0.308321	-1279.957657	
12.635000	0.909661	0.928926	4.604366	29.135238	0.168138	-1279.933721	
12.636000	0.888520	1.017982	4.607148	29.134287	0.327791	-1279.909398	
12.637000	0.770130	0.912733	4.609668	29.133510	0.300533	-1279.884814	
12.638000	0.727848	0.937022	4.611487	29.132952	0.296639	-1279.860128	
12.639000	0.820869	0.823676	4.612464	29.132628	0.269381	-1279.835512	
12.640000	0.863151	0.888445	4.612690	29.132432	0.370624	-1279.811120	
12.641000	0.913889	0.937022	4.612080	29.132279	0.300533	-1279.787059	
12.642000	0.698251	1.009886	4.610140	29.132294	0.358942	-1279.763384	
12.643000	0.968856	0.734620	4.606601	29.132731	0.277169	-1279.740102	
12.644000	0.825097	0.847965	4.601801	29.133661	0.296639	-1279.717161	
12.645000	0.833553	1.058463	4.596347	29.134913	0.327791	-1279.694450	
12.646000	0.820869	0.928926	4.590960	29.136309	0.199290	-1279.671818	
12.647000	1.070333	0.783196	4.586289	29.137849	0.136986	-1279.649103	
12.648000	0.930802	0.710331	4.582632	29.139606	0.273275	-1279.626148	
12.649000	0.930802	0.985598	4.580011	29.141570	0.281063	-1279.602829	
12.650000	0.753218	0.605082	4.578504	29.143713	0.160350	-1279.579074	
12.651000	0.905433	0.386488	4.578108	29.145979	-0.010985	-1279.554862	
12.652000	0.850466	0.767004	4.578423	29.148253	0.370624	-1279.530234	
12.653000	0.960400	0.742716	4.579032	29.150450	0.156456	-1279.505287	
12.654000	0.757446	0.961310	4.579786	29.152664	0.242123	-1279.480163	
12.655000	1.006910	0.750812	4.580616	29.155134	0.339473	-1279.455025	
12.656000	0.829325	0.912733	4.581537	29.157958	0.335579	-1279.430041	
12.657000	0.896977	1.050367	4.582666	29.160990	0.339473	-1279.405347	
12.658000	0.892748	0.815580	4.583976	29.164075	0.187608	-1279.381035	
12.659000	0.888520	0.831773	4.585026	29.167256	0.144774	-1279.357153	
12.660000	0.863151	0.993694	4.585315	29.170647	0.308321	-1279.333692	
12.661000	0.842010	1.163712	4.584831	29.174230	0.409564	-1279.310576	
12.662000	0.808184	0.791292	4.583971	29.177894	0.249911	-1279.287666	
12.663000	0.867379	0.823676	4.583237	29.181511	0.082471	-1279.264799	
12.664000	0.943487	0.702235	4.583060	29.184956	0.277169	-1279.241810	
12.665000	0.943487	0.758908	4.583649	29.188144	0.222654	-1279.218548	
12.666000	0.880064	0.912733	4.584970	29.191122	0.269381	-1279.194900	
12.667000	0.960400	0.945118	4.586866	29.194099	0.222654	-1279.170804	
12.668000	0.922346	0.823676	4.589240	29.197192	0.327791	-1279.146251	
12.669000	0.888520	1.017982	4.592089	29.200272	0.308321	-1279.121298	
12.670000	0.854694	0.694139	4.595320	29.203206	0.168138	-1279.096068	
12.671000	0.918118	0.767004	4.598611	29.206086	0.121410	-1279.070724	
12.672000	0.973084	0.726523	4.601548	29.209085	0.179820	-1279.045443	
12.673000	0.850466	1.090847	4.603923	29.212208	0.304427	-1279.020389	
12.674000	0.909661	0.904637	4.605748	29.215311	0.304427	-1278.995686	
12.675000	0.757446	0.815580	4.606910	29.218237	0.055213	-1278.971415	
12.676000	0.960400	0.758908	4.607424	29.220876	0.475762	-1278.947606	
12.677000	0.833553	0.815580	4.608007	29.223159	0.230441	-1278.924225	
12.678000	0.702479	0.815580	4.609365	29.225112	0.288851	-1278.901165	
12.679000	0.782815	0.742716	4.611457	29.226926	0.312215	-1278.878270	
12.680000	0.901205	0.799388	4.613871	29.228732	0.273275	-1278.855364	
12.681000	0.875836	0.904637	4.616171	29.230417	0.343367	-1278.832272	
12.682000	0.896977	0.945118	4.618250	29.231870	0.210972	-1278.808851	
12.683000	0.816641	0.726523	4.620342	29.233222	0.304427	-1278.785005	
12.684000	1.006910	0.928926	4.622754	29.234693	0.195396	-1278.760688	
12.685000	0.829325	0.864157	4.625855	29.236295	0.308321	-1278.735909	
12.686000	0.867379	0.823676	4.629666	29.237848	0.327791	-1278.710745	
12.687000	0.858923	0.856061	4.633619	29.239162	0.140880	-1278.685335	
12.688000	0.998453	0.807484	4.637029	29.240133	0.210972	-1278.659859	
12.689000	0.977312	0.718427	4.639406	29.240710	0.265487	-1278.634498	
12.690000	0.833553	0.880349	4.640367	29.240914	0.222654	-1278.609411	
12.691000	0.770130	0.232662	4.639734	29.240932	0.199290	-1278.584713	
12.692000	0.947715	0.823676	4.637468	29.240907	0.261593	-1278.560469	
12.693000	0.888520	0.783196	4.633256	29.240744	0.432928	-1278.536689	
12.694000	0.846238	1.026079	4.627022	29.240352	0.362836	-1278.513316	
12.695000	0.736305	0.815580	4.619582	29.239903	0.238229	-1278.490225	
12.696000	0.913889	0.888445	4.612049	29.239670	0.335579	-1278.467252	
12.697000	0.892748	0.661755	4.605162	29.239691	0.378412	-1278.444211	
12.698000	0.787043	1.050367	4.599178	29.239786	0.417352	-1278.420930	
12.699000	0.884292	0.791292	4.594122	29.239762	0.172032	-1278.397275	
12.700000	0.926574	0.839869	4.590317	29.239536	0.172032	-1278.373167	0.000000
12.701000	0.901205	0.775100	4.588707	29.239079	0.218760	-1278.348567	
12.702000	0.782815	1.090847	4.590335	29.238401	0.253805	-1278.323496	
12.703000	0.626372	0.872253	4.595218	29.237660	0.312215	-1278.298045	
12.704000	0.829325	0.937022	4.602173	29.236974	0.172032	-1278.272363	
12.705000	0.960400	0.564602	4.609815	29.236247	0.386200	-1278.246633	
12.706000	0.880064	0.799388	4.617051	29.235396	0.281063	-1278.221036	
12.707000	0.774359	0.734620	4.622850	29.234603	0.207078	-1278.195721	
12.708000	1.028051	0.815580	4.626087	29.234163	0.210972	-1278.170789	
12.709000	0.905433	0.847965	4.625741	29.234135	0.370624	-1278.146288	
12.710000	0.799728	0.977502	4.621639	29.234338	0.164244	-1278.122212	
12.711000	0.880064	0.823676	4.614733	29.234584	0.148668	-1278.098484	
12.712000	0.922346	0.815580	4.606402	29.234816	0.090259	-1278.074977	
12.713000	0.960400	0.645563	4.597852	29.235038	0.144774	-1278.051524	
12.714000	0.842010	0.953214	4.589849	29.235262	0.284957	-1278.027946	
12.715000	0.668654	0.880349	4.582822	29.235598	0.175926	-1278.004079	
12.716000	0.820869	0.937022	4.577115	29.236127	0.230441	-1277.979807	
12.717000	0.846238	0.734620	4.572956	29.236753	0.393988	-1277.955063	
12.718000	0.744761	0.904637	4.570465	29.237391	0.249911	-1277.929829	
12.719000	0.672882	0.928926	4.569738	29.238201	0.323897	-1277.904148	
12.720000	1.028051	0.815580	4.570695	29.239461	0.378412	-1277.878128	
12.721000	0.871607	0.767004	4.572898	29.241233	0.320003	-1277.851927	
12.722000	0.846238	0.872253	4.575731	29.243336	0.456292	-1277.825725	
12.723000	0.833553	0.945118	4.578588	29.245581	0.300533	-1277.799697	
12.724000	0.998453	0.831773	4.580944	29.247935	0.074683	-1277.773987	
12.725000	0.842010	0.734620	4.582753	29.250426	0.312215	-1277.748684	
12.726000	0.892748	0.783196	4.584711	29.253048	0.195396	-1277.723822	
12.727000	0.613687	0.847965	4.587606	29.255827	0.261593	-1277.699374	
12.728000	0.930802	0.799388	4.591547	29.258769	0.133092	-1277.675251	
12.729000	0.888520	0.831773	4.596120	29.261761	0.323897	-1277.651313	
12.730000	0.913889	0.799388	4.600809	29.264721	0.269381	-1277.627386	
12.731000	0.681338	0.783196	4.605092	29.267780	0.191502	-1277.603297	
12.732000	1.023823	0.791292	4.608600	29.271198	0.230441	-1277.578899	
12.733000	0.858923	0.904637	4.611633	29.275056	0.265487	-1277.554091	
12.734000	0.846238	1.066559	4.615279	29.279190	0.417352	-1277.528819	
12.735000	0.761674	0.880349	4.620262	29.283428	0.242123	-1277.503086	
12.736000	0.973084	0.564602	4.626173	29.287772	0.187608	-1277.476966	
12.737000	0.791271	0.831773	4.632037	29.292292	0.261593	-1277.450590	
12.738000	0.825097	1.098943	4.636774	29.296973	0.343367	-1277.424120	
12.739000	0.710936	0.993694	4.639394	29.301774	0.358942	-1277.397729	
12.740000	0.871607	0.977502	4.639238	29.306629	0.230441	-1277.371579	
12.741000	0.909661	0.710331	4.635914	29.311417	0.452398	-1277.345791	
12.742000	0.871607	0.872253	4.628746	29.316050	0.312215	-1277.320432	
12.743000	0.681338	0.928926	4.616999	29.320607	0.238229	-1277.295514	
12.744000	0.994225	0.831773	4.601329	29.325310	0.312215	-1277.270985	
12.745000	0.867379	0.694139	4.583938	29.330246	0.327791	-1277.246732	
12.746000	0.909661	0.993694	4.567127	29.335263	0.288851	-1277.222603	
12.747000	0.918118	0.750812	4.552552	29.340205	0.242123	-1277.198429	
12.748000	1.019594	0.758908	4.541314	29.345112	0.012379	-1277.174050	
12.749000	0.918118	0.734620	4.534081	29.350102	0.269381	-1277.149343	
12.750000	0.858923	1.026079	4.531316	29.355167	0.230441	-1277.124227	
12.751000	0.842010	0.880349	4.533007	29.360213	0.475762	-1277.098671	
12.752000	0.833553	0.985598	4.538224	29.365126	0.125304	-1277.072704	
12.753000	0.926574	0.783196	4.545755	29.369789	0.288851	-1277.046420	
12.754000	0.808184	0.815580	4.554686	29.374121	0.331685	-1277.019964	
12.755000	0.833553	0.856061	4.564259	29.378168	0.323897	-1276.993502	
12.756000	0.871607	0.856061	4.573862	29.382134	0.331685	-1276.967203	
12.757000	0.846238	0.904637	4.582811	29.386128	0.370624	-1276.941210	
12.758000	0.744761	1.212288	4.590257	29.390021	0.382306	-1276.915620	
12.759000	0.825097	0.920829	4.595517	29.393679	0.281063	-1276.890478	
12.760000	0.888520	0.856061	4.598273	29.397182	0.195396	-1276.865778	
12.761000	0.960400	0.588890	4.598740	29.400697	0.296639	-1276.841446	
12.762000	0.808184	0.839869	4.597677	29.404223	0.281063	-1276.817351	
12.763000	0.913889	0.758908	4.595950	29.407618	0.327791	-1276.793332	
12.764000	0.871607	0.758908	4.594098	29.410725	0.090259	-1276.769225	
12.765000	0.998453	0.839869	4.592421	29.413430	0.261593	-1276.744886	
12.766000	0.905433	0.945118	4.591526	29.415662	0.214866	-1276.720210	
12.767000	0.854694	1.115135	4.592478	29.417444	0.304427	-1276.695134	
12.768000	0.803956	0.637467	4.595874	29.418967	0.238229	-1276.669645	
12.769000	0.871607	0.815580	4.601303	29.420360	0.355048	-1276.643794	
12.770000	0.842010	0.815580	4.607919	29.421515	0.300533	-1276.617699	
12.771000	0.926574	0.783196	4.614778	29.422322	0.222654	-1276.591520	
12.772000	0.930802	0.831773	4.621055	29.422918	0.117516	-1276.565436	
12.773000	0.935030	0.912733	4.626257	29.423525	0.347261	-1276.539618	
12.774000	0.825097	0.896541	4.629978	29.424167	0.234335	-1276.514193	
12.775000	0.875836	0.896541	4.631790	29.424679	0.203184	-1276.489235	
12.776000	0.799728	0.734620	4.631467	29.424885	0.222654	-1276.464772	
12.777000	0.825097	0.937022	4.629257	29.424683	0.292745	-1276.440773	
12.778000	0.994225	0.831773	4.625884	29.424020	0.222654	-1276.417142	
12.779000	0.854694	1.050367	4.622140	29.422919	0.288851	-1276.393725	
12.780000	0.829325	0.831773	4.618491	29.421564	0.432928	-1276.370344	
12.781000	0.778587	0.961310	4.614847	29.420095	0.378412	-1276.346827	
12.782000	0.913889	0.823676	4.610747	29.418412	0.343367	-1276.323032	
12.783000	0.896977	0.961310	4.605812	29.416422	0.191502	-1276.298866	
12.784000	0.761674	0.629370	4.599885	29.414285	0.094153	-1276.274283	
12.785000	0.960400	0.783196	4.593176	29.412259	0.281063	-1276.249290	
12.786000	0.939259	0.896541	4.586432	29.410375	0.323897	-1276.223958	
12.787000	0.871607	0.937022	4.580429	29.408455	0.249911	-1276.198417	
12.788000	0.913889	0.742716	4.575494	29.406312	0.168138	-1276.172840	
12.789000	0.951943	0.726523	4.571706	29.403864	0.168138	-1276.147415	
12.790000	0.956171	0.767004	4.569101	29.401083	0.210972	-1276.122308	
12.791000	0.812412	0.993694	4.567760	29.397990	0.164244	-1276.097635	
12.792000	0.672882	0.872253	4.567645	29.394760	0.316109	-1276.073457	
12.793000	0.812412	0.969406	4.568156	29.391528	0.222654	-1276.049784	
12.794000	0.863151	0.815580	4.568481	29.388203	0.401776	-1276.026562	
12.795000	0.858923	0.864157	4.568413	29.384704	0.343367	-1276.003670	
12.796000	0.647513	0.864157	4.568347	29.381214	0.226548	-1275.980945	
12.797000	0.939259	0.791292	4.568732	29.378020	0.374518	-1275.958206	
12.798000	0.858923	0.856061	4.569803	29.375171	0.378412	-1275.935278	
12.799000	0.888520	0.977502	4.571602	29.372482	0.292745	-1275.912023	
12.800000	0.842010	0.864157	4.573705	29.369761	0.249911	-1275.888355	0.000000
12.801000	0.939259	0.961310	4.575244	29.366943	0.148668	-1275.864244	
12.802000	0.880064	1.026079	4.575845	29.364019	0.230441	-1275.839712	
12.803000	0.791271	0.750812	4.575925	29.360995	0.273275	-1275.814847	
12.804000	0.689795	0.856061	4.575864	29.357990	0.347261	-1275.789792	
12.805000	0.892748	0.742716	4.575738	29.355098	0.183714	-1275.764728	
12.806000	0.918118	0.758908	4.575686	29.352221	0.249911	-1275.739840	
12.807000	0.973084	0.726523	4.575856	29.349282	0.175926	-1275.715282	
12.808000	0.592546	0.896541	4.575947	29.346460	0.335579	-1275.691152	
12.809000	0.998453	0.831773	4.575074	29.344047	0.222654	-1275.667500	
12.810000	0.770130	0.872253	4.572642	29.342111	0.312215	-1275.644319	
12.811000	0.863151	1.131328	4.569084	29.340470	0.362836	-1275.621536	
12.812000	0.816641	0.783196	4.565453	29.338938	0.218760	-1275.599017	
12.813000	0.981541	0.831773	4.562654	29.337479	0.086365	-1275.576599	
12.814000	0.901205	0.969406	4.561080	29.336121	0.327791	-1275.554103	
12.815000	0.863151	1.179904	4.560637	29.334866	0.284957	-1275.531365	
12.816000	0.613687	1.026079	4.560872	29.333768	0.378412	-1275.508261	
12.817000	0.820869	0.912733	4.561562	29.332853	0.207078	-1275.484718	
12.818000	0.842010	0.815580	4.563248	29.332009	0.308321	-1275.460719	
12.819000	0.888520	0.823676	4.566490	29.331154	0.175926	-1275.436305	
12.820000	0.702479	0.880349	4.571012	29.330431	0.331685	-1275.411581	
12.821000	1.011138	0.856061	4.575978	29.330110	0.242123	-1275.386701	
12.822000	0.880064	0.839869	4.580646	29.330271	0.351155	-1275.361841	
12.823000	0.875836	1.082751	4.584710	29.330741	0.343367	-1275.337175	
12.824000	0.905433	0.677947	4.588134	29.331343	0.183714	-1275.312840	
12.825000	0.926574	0.977502	4.590871	29.332074	0.144774	-1275.288927	
12.826000	0.905433	0.742716	4.592714	29.333002	0.210972	-1275.265476	
12.827000	0.833553	1.017982	4.593139	29.334121	0.331685	-1275.242462	
12.828000	0.761674	0.734620	4.591829	29.335412	0.238229	-1275.219801	
12.829000	0.812412	0.928926	4.589257	29.336834	0.168138	-1275.197358	
12.830000	0.951943	0.783196	4.586244	29.338274	0.226548	-1275.174973	
12.831000	0.871607	0.718427	4.583343	29.339649	0.331685	-1275.152477	
12.832000	0.778587	0.847965	4.580783	29.341041	0.323897	-1275.129717	
12.833000	0.947715	0.912733	4.578897	29.342683	0.296639	-1275.106582	
12.834000	0.816641	0.839869	4.578291	29.344675	0.257699	-1275.083012	
12.835000	0.710936	1.009886	4.579228	29.346870	0.417352	-1275.058997	
12.836000	0.765902	0.783196	4.581342	29.349111	0.246017	-1275.034600	
12.837000	0.960400	0.880349	4.584064	29.351434	0.144774	-1275.009950	
12.838000	0.935030	0.823676	4.586832	29.353950	0.296639	-1274.985213	
12.839000	0.820869	1.050367	4.589206	29.356645	0.343367	-1274.960565	
12.840000	0.803956	0.783196	4.590942	29.359419	0.320003	-1274.936167	
12.841000	0.748989	0.920829	4.591474	29.362154	0.156456	-1274.912146	
12.842000	0.947715	0.718427	4.589538	29.364726	0.257699	-1274.888579	
12.843000	0.837782	0.872253	4.584380	29.367047	0.284957	-1274.865485	
12.844000	0.812412	0.872253	4.576912	29.369158	0.273275	-1274.842817	
12.845000	0.909661	0.734620	4.568835	29.371262	0.257699	-1274.820469	
12.846000	0.943487	0.710331	4.561538	29.373469	0.214866	-1274.798291	
12.847000	0.863151	0.864157	4.555932	29.375651	0.300533	-1274.776116	
12.848000	0.867379	0.815580	4.552508	29.377676	0.300533	-1274.753778	
12.849000	0.943487	0.799388	4.551447	29.379635	0.090259	-1274.731147	
12.850000	0.884292	0.864157	4.553034	29.381695	0.351155	-1274.708138	
12.851000	0.842010	0.945118	4.557930	29.383856	0.421246	-1274.684707	
12.852000	0.761674	0.993694	4.566256	29.385971	0.281063	-1274.660868	
12.853000	0.795500	0.839869	4.576937	29.387881	0.234335	-1274.636705	
12.854000	0.880064	0.677947	4.588534	29.389473	0.218760	-1274.612360	
12.855000	0.842010	0.661755	4.599797	29.390679	0.222654	-1274.588005	
12.856000	0.808184	0.928926	4.609694	29.391522	0.390094	-1274.563809	
12.857000	0.913889	0.815580	4.617714	29.392186	0.366730	-1274.539913	
12.858000	0.740533	0.856061	4.623786	29.392794	0.261593	-1274.516413	
12.859000	0.871607	0.977502	4.627322	29.393233	0.308321	-1274.493359	
12.860000	0.791271	0.799388	4.627120	29.393387	0.277169	-1274.470746	
12.861000	0.939259	0.613178	4.622951	29.393389	0.152562	-1274.448509	
12.862000	0.926574	0.783196	4.616169	29.393456	0.207078	-1274.426521	
12.863000	0.935030	0.750812	4.608538	29.393606	0.296639	-1274.404624	
12.864000	0.858923	1.017982	4.601388	29.393665	0.378412	-1274.382649	
12.865000	0.930802	0.872253	4.595583	29.393448	0.016273	-1274.360451	
12.866000	0.892748	0.807484	4.591605	29.392855	0.191502	-1274.337923	
12.867000	0.922346	0.694139	4.589550	29.391839	0.304427	-1274.315001	
12.868000	0.863151	0.904637	4.589261	29.390417	0.183714	-1274.291667	
12.869000	0.795500	0.702235	4.590431	29.388777	0.210972	-1274.267961	
12.870000	0.854694	0.621274	4.592649	29.387062	0.281063	-1274.243994	
12.871000	0.918118	0.872253	4.595514	29.385178	0.249911	-1274.219922	
12.872000	0.808184	0.847965	4.598713	29.383038	0.273275	-1274.195918	
12.873000	0.782815	0.945118	4.602019	29.380816	0.195396	-1274.172146	
12.874000	0.909661	0.831773	4.605072	29.378778	0.281063	-1274.148732	
12.875000	0.736305	0.985598	4.607630	29.376965	0.335579	-1274.125750	
12.876000	0.795500	0.839869	4.610380	29.375198	0.218760	-1274.103229	
12.877000	0.867379	1.009886	4.614473	29.373286	0.195396	-1274.081144	
12.878000	0.935030	0.847965	4.620128	29.371142	0.277169	-1274.059410	
12.879000	0.918118	0.839869	4.626638	29.368733	0.210972	-1274.037888	
12.880000	0.880064	0.920829	4.633244	29.366074	0.281063	-1274.016409	
12.881000	0.677110	0.880349	4.639259	29.363331	0.288851	-1273.994801	
12.882000	0.901205	0.653659	4.644057	29.360633	0.347261	-1273.972922	
12.883000	0.909661	0.588890	4.647186	29.357888	0.331685	-1273.950676	
12.884000	0.935030	0.637467	4.648526	29.355008	0.226548	-1273.928009	
12.885000	0.660197	0.912733	4.648752	29.352176	0.238229	-1273.904921	
12.886000	1.061876	0.653659	4.648844	29.349680	0.066895	-1273.881475	
12.887000	0.842010	0.791292	4.649044	29.347575	0.281063	-1273.857799	
12.888000	0.901205	0.864157	4.648994	29.345681	0.288851	-1273.834056	
12.889000	0.846238	0.758908	4.648355	29.343808	0.226548	-1273.810426	
12.890000	0.989997	0.742716	4.646940	29.341894	0.222654	-1273.787073	
12.891000	0.816641	0.823676	4.644789	29.339934	0.323897	-1273.764115	
12.892000	0.833553	1.123232	4.641967	29.337939	0.366730	-1273.741614	
12.893000	0.634828	0.856061	4.637991	29.336024	0.261593	-1273.719575	
12.894000	0.842010	0.758908	4.632383	29.334275	0.222654	-1273.697950	
12.895000	0.791271	0.734620	4.625536	29.332590	0.405670	-1273.676632	
12.896000	0.918118	0.799388	4.618367	29.330888	0.195396	-1273.655466	
12.897000	0.685566	0.847965	4.611719	29.329334	0.308321	-1273.634274	
12.898000	0.981541	0.896541	4.606207	29.328211	0.327791	-1273.612885	
12.899000	0.770130	0.945118	4.602313	29.327578	0.378412	-1273.591161	
12.900000	0.884292	1.066559	4.600429	29.327249	0.374518	-1273.569012	0.000000
12.901000	0.884292	0.969406	4.600982	29.327033	0.148668	-1273.546400	
12.902000	1.011138	0.807484	4.604210	29.326885	0.047425	-1273.523350	
12.903000	0.926574	0.880349	4.609563	29.326832	0.308321	-1273.499954	
12.904000	0.913889	0.985598	4.615876	29.326875	0.351155	-1273.476352	
12.905000	0.740533	0.847965	4.621988	29.327067	0.261593	-1273.452718	
12.906000	0.863151	0.872253	4.627019	29.327438	0.191502	-1273.429233	
12.907000	0.896977	0.807484	4.630410	29.327881	0.253805	-1273.406054	
12.908000	0.867379	0.977502	4.631735	29.328317	0.218760	-1273.383280	
12.909000	0.706707	0.710331	4.630578	29.328883	0.179820	-1273.360960	
12.910000	0.968856	0.823676	4.626895	29.329848	0.331685	-1273.339082	
12.911000	0.871607	0.896541	4.621268	29.331292	0.323897	-1273.317572	
12.912000	0.820869	1.163712	4.614574	29.333051	0.390094	-1273.296298	
12.913000	0.884292	0.896541	4.607610	29.334951	0.172032	-1273.275095	
12.914000	0.888520	0.928926	4.600966	29.336991	0.308321	-1273.253792	
12.915000	0.880064	0.888445	4.595007	29.339238	0.323897	-1273.232226	
12.916000	0.812412	1.155616	4.589750	29.341678	0.312215	-1273.210270	
12.917000	0.791271	0.831773	4.584913	29.344276	0.370624	-1273.187846	
12.918000	0.812412	0.839869	4.580237	29.346977	0.105834	-1273.164933	
12.919000	0.896977	0.791292	4.575683	29.349659	0.401776	-1273.141579	
12.920000	0.863151	0.912733	4.571327	29.352233	0.327791	-1273.117894	
12.921000	0.795500	0.856061	4.567202	29.354784	0.156456	-1273.094038	
12.922000	0.981541	0.904637	4.563306	29.357537	0.210972	-1273.070187	
12.923000	0.867379	0.888445	4.559702	29.360579	0.238229	-1273.046518	
12.924000	0.875836	1.009886	4.556467	29.363754	0.339473	-1273.023170	
12.925000	0.892748	0.977502	4.553546	29.366905	0.238229	-1273.000229	
12.926000	0.977312	0.775100	4.550934	29.370070	0.082471	-1272.977736	
12.927000	0.985769	0.912733	4.548876	29.373368	0.210972	-1272.955675	
12.928000	0.867379	0.896541	4.547595	29.376793	0.347261	-1272.933963	
12.929000	0.808184	1.001790	4.547191	29.380253	0.296639	-1272.912463	
12.930000	0.867379	0.847965	4.547731	29.383635	0.105834	-1272.891011	
12.931000	0.820869	0.896541	4.549145	29.386826	0.308321	-1272.869437	
12.932000	0.871607	0.888445	4.551226	29.389748	0.257699	-1272.847587	
12.933000	0.757446	1.026079	4.553679	29.392450	0.296639	-1272.825343	
12.934000	0.896977	0.985598	4.556267	29.395135	0.265487	-1272.802634	
12.935000	0.812412	0.945118	4.559097	29.397913	0.444610	-1272.779449	
12.936000	0.896977	1.001790	4.562433	29.400651	0.495231	-1272.755849	
12.937000	0.829325	0.888445	4.566183	29.403208	0.129198	-1272.731962	
12.938000	0.981541	0.807484	4.569810	29.405666	0.129198	-1272.707957	
12.939000	0.854694	0.928926	4.572850	29.408189	0.207078	-1272.684014	
12.940000	0.863151	0.993694	4.575460	29.410772	0.347261	-1272.660294	
12.941000	0.799728	0.985598	4.578093	29.413267	0.277169	-1272.636920	
12.942000	0.875836	0.686043	4.580616	29.415513	0.187608	-1272.613969	
12.943000	0.846238	1.009886	4.582147	29.417393	0.281063	-1272.591471	
12.944000	0.989997	0.847965	4.581943	29.418838	0.284957	-1272.569392	
12.945000	0.812412	0.839869	4.580021	29.419878	0.242123	-1272.547628	
12.946000	0.896977	0.807484	4.576913	29.420711	0.249911	-1272.526036	
12.947000	0.880064	0.807484	4.573334	29.421472	0.238229	-1272.504451	
12.948000	0.884292	1.009886	4.569956	29.422055	0.242123	-1272.482710	
12.949000	0.875836	0.872253	4.566997	29.422351	0.214866	-1272.460674	
12.950000	0.778587	0.896541	4.564491	29.422497	0.156456	-1272.438250	
12.951000	0.926574	0.799388	4.562959	29.422716	0.253805	-1272.415388	
12.952000	0.803956	0.807484	4.563041	29.423029	0.366730	-1272.392095	
12.953000	0.825097	1.026079	4.564747	29.423269	0.230441	-1272.368444	
12.954000	0.825097	0.888445	4.567506	29.423256	0.203184	-1272.344574	
12.955000	0.951943	0.880349	4.570682	29.422887	0.300533	-1272.320661	
12.956000	0.863151	0.937022	4.573908	29.422110	0.312215	-1272.296880	
12.957000	0.833553	0.969406	4.576991	29.420942	0.323897	-1272.273377	
12.958000	0.643284	0.807484	4.579710	29.419566	0.397882	-1272.250250	
12.959000	0.922346	0.742716	4.581718	29.418118	0.386200	-1272.227558	
12.960000	0.871607	0.880349	4.582574	29.416494	0.429034	-1272.205306	
12.961000	0.850466	0.677947	4.582189	29.414597	0.261593	-1272.183436	
12.962000	0.770130	0.847965	4.581070	29.412589	0.164244	-1272.161828	
12.963000	1.032279	0.791292	4.579950	29.410733	0.320003	-1272.140329	
12.964000	0.833553	0.928926	4.579218	29.409060	0.320003	-1272.118767	
12.965000	0.867379	0.856061	4.578744	29.407393	0.175926	-1272.096985	
12.966000	0.732077	1.058463	4.578324	29.405544	0.179820	-1272.074864	
12.967000	0.964628	0.856061	4.578308	29.403428	0.273275	-1272.052331	
12.968000	0.875836	0.758908	4.579665	29.401013	0.160350	-1272.029366	
12.969000	0.901205	1.017982	4.583156	29.398315	0.222654	-1272.006001	
12.970000	0.664425	0.864157	4.588658	29.395502	0.300533	-1271.982338	
12.971000	0.888520	0.847965	4.595376	29.392708	0.253805	-1271.958528	
12.972000	0.871607	0.750812	4.602345	29.389845	0.390094	-1271.934748	
12.973000	0.808184	0.767004	4.608856	29.386833	0.207078	-1271.911163	
12.974000	0.630600	0.904637	4.614557	29.383859	0.355048	-1271.887897	
12.975000	1.070333	0.783196	4.619282	29.381212	0.277169	-1271.865027	
12.976000	0.816641	0.961310	4.622989	29.378939	0.370624	-1271.842580	
12.977000	0.875836	0.993694	4.625827	29.376853	0.292745	-1271.820536	
12.978000	0.829325	0.904637	4.627983	29.374757	0.234335	-1271.798810	
12.979000	1.006910	0.734620	4.629602	29.372586	0.055213	-1271.777274	
12.980000	0.943487	0.677947	4.630931	29.370332	0.172032	-1271.755770	
12.981000	0.842010	0.912733	4.632097	29.368007	0.292745	-1271.734128	
12.982000	0.677110	0.718427	4.633047	29.365738	0.355048	-1271.712202	
12.983000	0.867379	0.904637	4.633995	29.363621	0.242123	-1271.689892	
12.984000	0.985769	0.726523	4.635551	29.361562	0.277169	-1271.667148	
12.985000	0.863151	0.775100	4.638258	29.359483	0.238229	-1271.643966	
12.986000	0.655969	0.596986	4.642167	29.357556	0.296639	-1271.620408	
12.987000	0.985769	0.807484	4.646771	29.356068	0.172032	-1271.596599	
12.988000	0.884292	0.734620	4.651214	29.355081	0.277169	-1271.572702	
12.989000	0.833553	1.017982	4.654716	29.354418	0.265487	-1271.548891	
12.990000	0.808184	0.920829	4.656738	29.353893	0.288851	-1271.525327	
12.991000	0.905433	0.953214	4.656939	29.353475	0.055213	-1271.502128	
12.992000	0.909661	0.839869	4.655277	29.353192	0.249911	-1271.479360	
12.993000	0.685566	0.864157	4.652044	29.353046	0.320003	-1271.457031	
12.994000	0.723620	0.702235	4.647788	29.353092	0.277169	-1271.435091	
12.995000	0.825097	1.058463	4.643101	29.353359	0.183714	-1271.413431	
12.996000	0.905433	0.799388	4.638389	29.353737	0.393988	-1271.391906	
12.997000	0.820869	0.896541	4.633844	29.354142	0.265487	-1271.370344	
12.998000	0.727848	0.815580	4.629492	29.354704	0.172032	-1271.348574	
12.999000	0.935030	0.888445	4.625324	29.355677	0.218760	-1271.326459	
13.000000	0.875836	0.677947	4.621187	29.357127	0.273275	-1271.303909	0.000000
13.001000	0.854694	0.864157	4.616529	29.358880	0.343367	-1271.280885	
13.002000	0.880064	0.726523	4.610993	29.360755	0.133092	-1271.257404	
13.003000	1.044964	0.791292	4.604963	29.362743	0.082471	-1271.233554	
13.004000	0.947715	0.847965	4.598977	29.364906	0.242123	-1271.209484	
13.005000	0.829325	0.985598	4.593326	29.367236	0.288851	-1271.185368	
13.006000	0.774359	0.993694	4.588285	29.369714	0.203184	-1271.161384	
13.007000	0.837782	0.791292	4.584181	29.372298	0.082471	-1271.137685	
13.008000	0.956171	0.694139	4.581267	29.374876	0.351155	-1271.114376	
13.009000	0.842010	0.710331	4.579798	29.377366	0.304427	-1271.091507	
13.010000	0.732077	0.888445	4.580061	29.379870	0.374518	-1271.069066	
13.011000	0.960400	0.758908	4.581917	29.382632	0.358942	-1271.046982	
13.012000	0.795500	0.872253	4.584835	29.385751	0.355048	-1271.025126	
13.013000	0.858923	1.017982	4.588468	29.389077	0.343367	-1271.003338	
13.014000	0.867379	0.953214	4.592565	29.392450	0.249911	-1270.981443	
13.015000	1.002682	0.839869	4.596758	29.395896	0.175926	-1270.959279	
13.016000	0.833553	0.799388	4.600847	29.399521	0.222654	-1270.936720	
13.017000	0.863151	0.920829	4.604852	29.403311	0.401776	-1270.913688	
13.018000	0.757446	0.839869	4.608780	29.407183	0.277169	-1270.890152	
13.019000	0.935030	0.694139	4.612585	29.411035	0.074683	-1270.866154	
13.020000	0.837782	0.831773	4.616099	29.414744	0.292745	-1270.841807	
13.021000	0.930802	0.767004	4.618908	29.418225	0.246017	-1270.817273	
13.022000	0.787043	0.888445	4.620609	29.421525	0.253805	-1270.792729	
13.023000	1.002682	0.734620	4.620994	29.424846	0.355048	-1270.768350	
13.024000	0.774359	0.864157	4.619954	29.428290	0.351155	-1270.744272	
13.025000	0.854694	0.783196	4.617654	29.431724	0.327791	-1270.720585	
13.026000	0.842010	0.928926	4.614143	29.435011	0.429034	-1270.697329	
13.027000	0.985769	1.017982	4.608735	29.438228	0.148668	-1270.674491	
13.028000	0.981541	0.880349	4.601064	29.441537	0.281063	-1270.651991	
13.029000	0.850466	0.993694	4.592023	29.444938	0.284957	-1270.629694	
13.030000	0.799728	0.977502	4.582997	29.448298	0.386200	-1270.607431	
13.031000	0.820869	0.791292	4.575086	29.451467	0.148668	-1270.585031	
13.032000	0.803956	0.937022	4.568910	29.454332	0.296639	-1270.562345	
13.033000	0.880064	1.017982	4.564628	29.456817	0.094153	-1270.539262	
13.034000	0.837782	0.702235	4.562008	29.458945	0.316109	-1270.515709	
13.035000	0.854694	0.880349	4.560653	29.460905	0.226548	-1270.491671	
13.036000	0.913889	0.799388	4.560353	29.462826	0.296639	-1270.467210	
13.037000	0.875836	0.961310	4.560949	29.464595	0.409564	-1270.442453	
13.038000	0.892748	0.847965	4.562067	29.466098	0.362836	-1270.417569	
13.039000	0.875836	0.953214	4.563361	29.467459	0.140880	-1270.392742	
13.040000	0.943487	0.888445	4.564763	29.468887	0.230441	-1270.368142	
13.041000	0.918118	1.050367	4.566293	29.470392	0.253805	-1270.343894	
13.042000	0.884292	0.807484	4.567708	29.471802	0.253805	-1270.320072	
13.043000	0.905433	0.839869	4.568603	29.472934	0.156456	-1270.296702	
13.044000	0.960400	0.645563	4.568918	29.473684	0.249911	-1270.273758	
13.045000	0.791271	0.799388	4.568941	29.474002	0.210972	-1270.251144	
13.046000	0.875836	0.888445	4.568993	29.473917	0.284957	-1270.228713	
13.047000	0.732077	0.896541	4.569360	29.473623	0.308321	-1270.206294	
13.048000	0.854694	0.977502	4.570128	29.473270	0.261593	-1270.183719	
13.049000	0.774359	0.969406	4.571083	29.472764	0.362836	-1270.160849	
13.050000	0.842010	0.799388	4.571796	29.472012	0.098047	-1270.137586	
13.051000	0.719392	1.042271	4.571499	29.471178	0.230441	-1270.113882	
13.052000	0.913889	0.953214	4.569552	29.470519	0.203184	-1270.089740	
13.053000	0.753218	0.888445	4.566218	29.470063	0.366730	-1270.065235	
13.054000	0.939259	1.042271	4.562340	29.469629	0.316109	-1270.040504	
13.055000	0.803956	0.928926	4.558557	29.469025	0.253805	-1270.015723	
13.056000	0.956171	0.928926	4.555165	29.468164	0.257699	-1269.991077	
13.057000	0.833553	0.880349	4.552425	29.467016	0.179820	-1269.966722	
13.058000	0.842010	0.928926	4.550388	29.465592	0.358942	-1269.942761	
13.059000	0.723620	0.864157	4.548341	29.464050	0.179820	-1269.919250	
13.060000	0.947715	0.856061	4.545570	29.462514	0.238229	-1269.896196	
13.061000	0.905433	0.799388	4.542313	29.460889	0.281063	-1269.873548	
13.062000	0.951943	0.896541	4.539352	29.459096	0.323897	-1269.851193	
13.063000	0.668654	0.888445	4.537445	29.457321	0.055213	-1269.828976	
13.064000	0.989997	0.823676	4.537204	29.455857	0.331685	-1269.806727	
13.065000	0.850466	0.750812	4.539072	29.454762	0.355048	-1269.784284	
13.066000	0.850466	0.920829	4.543134	29.453853	0.265487	-1269.761517	
13.067000	0.850466	1.098943	4.548940	29.452938	0.246017	-1269.738348	
13.068000	0.913889	0.985598	4.555813	29.451949	0.265487	-1269.714746	
13.069000	0.918118	0.815580	4.563347	29.450879	0.273275	-1269.690747	
13.070000	0.837782	0.904637	4.571339	29.449740	0.358942	-1269.666447	
13.071000	0.643284	0.823676	4.579416	29.448655	0.331685	-1269.641992	
13.072000	0.778587	0.856061	4.587071	29.447716	0.300533	-1269.617554	
13.073000	0.922346	0.758908	4.593780	29.446825	0.335579	-1269.593306	
13.074000	0.850466	0.953214	4.599102	29.445898	0.273275	-1269.569382	
13.075000	0.744761	0.694139	4.603042	29.445103	0.246017	-1269.545863	
13.076000	0.939259	0.896541	4.605927	29.444725	0.331685	-1269.522781	
13.077000	0.896977	0.872253	4.607883	29.444827	0.238229	-1269.500122	
13.078000	0.795500	0.928926	4.608886	29.445227	0.378412	-1269.477809	
13.079000	0.960400	0.742716	4.609104	29.445736	0.199290	-1269.455716	
13.080000	0.947715	0.888445	4.608849	29.446314	0.043531	-1269.433687	
13.081000	0.964628	0.686043	4.608285	29.446987	0.292745	-1269.411558	
13.082000	0.837782	1.034175	4.607541	29.447751	0.312215	-1269.389175	
13.083000	0.740533	0.807484	4.607250	29.448655	0.300533	-1269.366426	
13.084000	0.795500	0.807484	4.608554	29.449719	0.094153	-1269.343252	
13.085000	0.935030	0.758908	4.612151	29.450837	0.292745	-1269.319653	
13.086000	0.884292	0.799388	4.617819	29.451924	0.288851	-1269.295688	
13.087000	0.748989	0.896541	4.624736	29.453108	0.323897	-1269.271477	
13.088000	0.939259	0.912733	4.631756	29.454649	0.246017	-1269.247179	
13.089000	0.858923	0.985598	4.637932	29.456622	0.296639	-1269.222964	
13.090000	0.799728	1.042271	4.642875	29.458862	0.456292	-1269.198989	
13.091000	0.863151	0.928926	4.646466	29.461192	0.312215	-1269.175371	
13.092000	0.977312	0.726523	4.648804	29.463610	-0.034348	-1269.152178	
13.093000	0.968856	0.904637	4.650272	29.466180	0.292745	-1269.129431	
13.094000	0.863151	0.977502	4.650927	29.468887	0.401776	-1269.107087	
13.095000	0.736305	1.001790	4.650498	29.471695	0.323897	-1269.085044	
13.096000	0.875836	0.807484	4.649091	29.474550	0.098047	-1269.063163	
13.097000	0.892748	0.880349	4.646967	29.477333	0.343367	-1269.041279	
13.098000	0.896977	0.726523	4.644182	29.479954	0.199290	-1269.019228	
13.099000	0.770130	0.888445	4.640890	29.482488	0.378412	-1268.996866	
13.100000	1.044964	0.669851	4.637506	29.485154	0.246017	-1268.974097	0.000000
13.101000	0.905433	0.750812	4.634574	29.488036	0.292745	-1268.950876	
13.102000	0.918118	0.847965	4.632549	29.490983	0.265487	-1268.927216	
13.103000	0.825097	0.807484	4.631505	29.493842	0.300533	-1268.903198	
13.104000	1.028051	0.815580	4.631037	29.496654	0.098047	-1268.878969	
13.105000	0.863151	0.904637	4.630542	29.499540	0.304427	-1268.854703	
13.106000	0.875836	1.058463	4.629731	29.502487	0.331685	-1268.830572	
13.107000	0.727848	0.799388	4.628715	29.505382	0.249911	-1268.806723	
13.108000	0.892748	0.799388	4.627587	29.508097	0.105834	-1268.783259	
13.109000	0.871607	0.864157	4.626069	29.510515	0.304427	-1268.760241	
13.110000	0.854694	0.783196	4.623716	29.512559	0.265487	-1268.737670	
13.111000	0.740533	0.937022	4.620439	29.514275	0.351155	-1268.715481	
13.112000	0.913889	0.847965	4.616584	29.515859	0.296639	-1268.693549	
13.113000	0.787043	0.888445	4.612613	29.517421	0.405670	-1268.671715	
13.114000	0.875836	0.937022	4.608942	29.518830	0.374518	-1268.649804	
13.115000	0.825097	0.823676	4.605888	29.519956	0.339473	-1268.627649	
13.116000	0.951943	0.912733	4.603663	29.520888	0.214866	-1268.605125	
13.117000	0.935030	0.758908	4.602436	29.521796	0.253805	-1268.582156	
13.118000	0.888520	0.864157	4.602027	29.522685	0.355048	-1268.558715	
13.119000	0.863151	0.888445	4.601669	29.523418	0.390094	-1268.534843	
13.120000	0.909661	0.847965	4.600750	29.523845	-0.018773	-1268.510651	
13.121000	0.951943	0.726523	4.599281	29.523859	0.378412	-1268.486306	
13.122000	0.842010	0.847965	4.597477	29.523395	0.175926	-1268.461992	
13.123000	0.820869	0.831773	4.595602	29.522481	0.343367	-1268.437880	
13.124000	0.816641	0.888445	4.593856	29.521313	0.210972	-1268.414105	
13.125000	0.863151	0.775100	4.592122	29.520025	0.269381	-1268.390754	
13.126000	0.858923	0.937022	4.590030	29.518514	0.304427	-1268.367870	
13.127000	0.833553	0.775100	4.587417	29.516676	0.312215	-1268.345440	
13.128000	0.863151	0.977502	4.584567	29.514652	0.144774	-1268.323385	
13.129000	0.935030	0.718427	4.581982	29.512673	0.265487	-1268.301569	
13.130000	0.761674	1.017982	4.580112	29.510764	0.401776	-1268.279818	
13.131000	0.791271	0.953214	4.579121	29.508756	0.432928	-1268.257950	
13.132000	0.787043	0.904637	4.578852	29.506467	0.253805	-1268.235808	
13.133000	0.943487	0.977502	4.579075	29.503794	0.191502	-1268.213278	
13.134000	0.867379	0.548410	4.579667	29.500685	0.413458	-1268.190295	
13.135000	0.858923	0.864157	4.580729	29.497154	0.320003	-1268.166845	
13.136000	0.617915	0.872253	4.582517	29.493382	0.257699	-1268.142988	
13.137000	0.888520	0.831773	4.585037	29.489507	0.269381	-1268.118858	
13.138000	0.846238	0.945118	4.587886	29.485429	0.347261	-1268.094629	
13.139000	0.884292	0.726523	4.590641	29.481058	0.304427	-1268.070488	
13.140000	0.770130	0.807484	4.593107	29.476562	0.195396	-1268.046608	
13.141000	1.044964	0.734620	4.595069	29.472208	0.253805	-1268.023118	
13.142000	0.825097	0.799388	4.596280	29.468035	0.284957	-1268.000094	
13.143000	0.825097	0.920829	4.596790	29.463864	0.261593	-1267.977563	
13.144000	0.846238	0.896541	4.596869	29.459507	0.152562	-1267.955495	
13.145000	0.981541	1.155616	4.596738	29.454886	0.226548	-1267.933800	
13.146000	0.846238	0.888445	4.596614	29.449983	0.183714	-1267.912334	
13.147000	0.820869	1.066559	4.596704	29.444813	0.316109	-1267.890917	
13.148000	0.622143	0.823676	4.597102	29.439538	0.347261	-1267.869369	
13.149000	0.854694	0.734620	4.597852	29.434282	0.300533	-1267.847541	
13.150000	0.837782	0.483641	4.598816	29.428952	0.499125	-1267.825333	
13.151000	0.863151	0.937022	4.599472	29.423474	0.226548	-1267.802692	
13.152000	0.706707	0.799388	4.599498	29.418031	0.273275	-1267.779621	
13.153000	0.939259	0.937022	4.599232	29.412911	0.304427	-1267.756197	
13.154000	0.820869	0.864157	4.599032	29.408166	0.417352	-1267.732556	
13.155000	0.829325	0.993694	4.598779	29.403612	0.358942	-1267.708872	
13.156000	0.837782	0.791292	4.598238	29.399058	0.292745	-1267.685325	
13.157000	0.964628	0.775100	4.597423	29.394441	0.199290	-1267.662073	
13.158000	0.968856	0.637467	4.596210	29.389763	0.339473	-1267.639229	
13.159000	0.846238	1.042271	4.594146	29.385029	0.323897	-1267.616854	
13.160000	0.715164	0.750812	4.591166	29.380350	0.179820	-1267.594956	
13.161000	0.833553	0.904637	4.587726	29.375806	0.136986	-1267.573488	
13.162000	0.880064	0.734620	4.584340	29.371301	0.234335	-1267.552343	
13.163000	0.837782	0.847965	4.581542	29.366761	0.199290	-1267.531366	
13.164000	0.685566	0.775100	4.579721	29.362357	0.246017	-1267.510380	
13.165000	0.960400	0.750812	4.578935	29.358380	0.230441	-1267.489211	
13.166000	0.871607	0.847965	4.579048	29.354901	0.312215	-1267.467723	
13.167000	0.842010	0.694139	4.579859	29.351747	0.288851	-1267.445829	
13.168000	0.918118	0.904637	4.581011	29.348738	0.269381	-1267.423497	
13.169000	0.913889	0.928926	4.582134	29.345846	0.222654	-1267.400760	
13.170000	0.863151	0.799388	4.583147	29.343108	0.253805	-1267.377717	
13.171000	0.825097	1.107039	4.584038	29.340521	0.405670	-1267.354514	
13.172000	0.689795	0.977502	4.584684	29.338121	0.281063	-1267.331320	
13.173000	0.816641	0.969406	4.585059	29.335916	0.222654	-1267.308308	
13.174000	0.880064	0.920829	4.585298	29.333795	0.343367	-1267.285623	
13.175000	0.850466	0.750812	4.585396	29.331673	0.277169	-1267.263357	
13.176000	0.765902	0.815580	4.585069	29.329686	0.277169	-1267.241551	
13.177000	1.053420	0.734620	4.584181	29.328096	0.300533	-1267.220200	
13.178000	0.833553	0.775100	4.582950	29.326987	0.203184	-1267.199234	
13.179000	0.850466	0.985598	4.581751	29.326190	0.226548	-1267.178523	
13.180000	0.888520	0.888445	4.580979	29.325533	0.246017	-1267.157906	
13.181000	0.973084	0.767004	4.581000	29.325019	0.121410	-1267.137212	
13.182000	0.930802	0.815580	4.582190	29.324724	0.203184	-1267.116287	
13.183000	0.871607	1.026079	4.584709	29.324642	0.175926	-1267.095016	
13.184000	0.808184	0.791292	4.588355	29.324737	0.246017	-1267.073335	
13.185000	0.901205	0.839869	4.592800	29.324953	-0.003197	-1267.051235	
13.186000	0.842010	0.880349	4.597645	29.325177	0.234335	-1267.028776	
13.187000	0.880064	0.896541	4.602347	29.325327	0.234335	-1267.006073	
13.188000	0.681338	1.074655	4.606366	29.325486	0.230441	-1266.983279	
13.189000	0.901205	0.904637	4.609330	29.325886	0.222654	-1266.960557	
13.190000	0.803956	0.904637	4.611055	29.326625	0.320003	-1266.938065	
13.191000	0.926574	0.880349	4.611497	29.327552	0.393988	-1266.915919	
13.192000	0.905433	0.969406	4.610574	29.328510	0.397882	-1266.894191	
13.193000	0.951943	0.961310	4.608032	29.329543	0.125304	-1266.872906	
13.194000	0.884292	0.839869	4.603761	29.330771	0.393988	-1266.852034	
13.195000	0.863151	1.196096	4.598208	29.332184	0.312215	-1266.831478	
13.196000	0.774359	0.945118	4.592272	29.333680	0.300533	-1266.811094	
13.197000	0.875836	0.750812	4.586842	29.335139	0.020167	-1266.790715	
13.198000	0.892748	0.807484	4.582395	29.336440	0.238229	-1266.770178	
13.199000	0.964628	0.815580	4.578954	29.337501	0.183714	-1266.749340	
13.200000	0.808184	0.767004	4.576124	29.338369	0.172032	-1266.728105	0.000000
13.201000	0.922346	0.775100	4.573039	29.339253	0.203184	-1266.706425	
13.202000	0.812412	0.937022	4.568946	29.340271	0.246017	-1266.684313	
13.203000	0.943487	1.074655	4.564105	29.341297	0.312215	-1266.661850	
13.204000	0.825097	0.888445	4.559466	29.342205	0.355048	-1266.639175	
13.205000	0.947715	0.937022	4.555585	29.343090	0.090259	-1266.616456	
13.206000	0.901205	0.791292	4.552504	29.344131	0.323897	-1266.593864	
13.207000	0.837782	0.977502	4.550281	29.345330	0.355048	-1266.571544	
13.208000	0.846238	0.839869	4.549237	29.346533	0.292745	-1266.549597	
13.209000	0.765902	1.001790	4.549887	29.347570	0.191502	-1266.528080	
13.210000	0.888520	0.726523	4.552391	29.348329	0.312215	-1266.507003	
13.211000	0.888520	0.928926	4.556273	29.348746	0.296639	-1266.486305	
13.212000	0.820869	0.896541	4.560980	29.348843	0.425140	-1266.465858	
13.213000	0.795500	0.847965	4.566263	29.348810	0.218760	-1266.445494	
13.214000	0.863151	0.758908	4.571955	29.348777	0.284957	-1266.425034	
13.215000	0.863151	1.139424	4.577797	29.348631	0.304427	-1266.404309	
13.216000	0.901205	0.945118	4.583547	29.348260	0.288851	-1266.383191	
13.217000	0.888520	0.815580	4.588964	29.347798	0.156456	-1266.361604	
13.218000	0.994225	0.710331	4.594063	29.347469	0.172032	-1266.339526	
13.219000	0.846238	0.993694	4.599409	29.347289	0.214866	-1266.316993	
13.220000	0.888520	0.653659	4.605201	29.347087	0.288851	-1266.294110	
13.221000	0.787043	0.864157	4.610633	29.346680	0.125304	-1266.271034	
13.222000	0.947715	0.791292	4.614827	29.345974	0.168138	-1266.247949	
13.223000	0.850466	0.864157	4.617384	29.344924	0.195396	-1266.225028	
13.224000	0.909661	0.920829	4.618042	29.343548	0.382306	-1266.202408	
13.225000	0.706707	0.823676	4.616616	29.342032	0.222654	-1266.180175	
13.226000	0.901205	0.888445	4.613282	29.340518	0.242123	-1266.158373	
13.227000	0.808184	0.710331	4.608650	29.338914	0.238229	-1266.136996	
13.228000	0.761674	0.710331	4.603428	29.337131	0.253805	-1266.115965	
13.229000	0.592546	0.920829	4.598244	29.335342	0.362836	-1266.095141	
13.230000	0.964628	0.880349	4.593801	29.333808	0.335579	-1266.074347	
13.231000	0.803956	1.009886	4.590863	29.332562	0.339473	-1266.053401	
13.232000	0.884292	1.034175	4.589808	29.331414	0.366730	-1266.032140	
13.233000	0.943487	0.831773	4.590220	29.330169	0.226548	-1266.010454	
13.234000	0.956171	0.750812	4.591456	29.328749	0.234335	-1265.988281	
13.235000	0.867379	0.742716	4.593443	29.327126	0.281063	-1265.965620	
13.236000	0.909661	0.977502	4.596320	29.325314	0.320003	-1265.942528	
13.237000	0.655969	0.856061	4.599872	29.323469	0.261593	-1265.919130	
13.238000	0.884292	1.017982	4.603611	29.321715	0.203184	-1265.895595	
13.239000	0.935030	0.726523	4.607046	29.319957	0.362836	-1265.872106	
13.240000	0.922346	0.702235	4.609797	29.318114	0.164244	-1265.848833	
13.241000	0.672882	0.661755	4.611533	29.316372	0.238229	-1265.825906	
13.242000	0.926574	0.758908	4.611933	29.315018	0.351155	-1265.803404	
13.243000	0.880064	0.686043	4.610736	29.314104	0.417352	-1265.781357	
13.244000	0.850466	1.066559	4.607943	29.313448	0.308321	-1265.759737	
13.245000	0.842010	0.864157	4.604012	29.312860	0.316109	-1265.738450	
13.246000	0.871607	0.985598	4.599742	29.312286	0.226548	-1265.717353	
13.247000	0.892748	0.775100	4.595911	29.311730	0.207078	-1265.696270	
13.248000	0.748989	0.985598	4.592938	29.311196	0.292745	-1265.675022	
13.249000	0.647513	0.807484	4.590921	29.310793	0.316109	-1265.653454	
13.250000	0.842010	0.702235	4.589796	29.310593	0.265487	-1265.631467	
13.251000	0.994225	0.710331	4.589509	29.310494	0.452398	-1265.609013	
13.252000	0.808184	1.017982	4.590258	29.310413	0.320003	-1265.586099	
13.253000	0.660197	0.896541	4.592263	29.310515	0.296639	-1265.562798	
13.254000	0.947715	0.864157	4.595286	29.311080	0.238229	-1265.539244	
13.255000	0.884292	0.588890	4.598816	29.312167	0.304427	-1265.515607	
13.256000	0.871607	0.912733	4.602467	29.313587	0.343367	-1265.492066	
13.257000	0.939259	0.734620	4.605909	29.315149	0.281063	-1265.468783	
13.258000	1.083017	0.920829	4.608783	29.316814	0.121410	-1265.445878	
13.259000	0.951943	0.985598	4.610797	29.318611	0.207078	-1265.423423	
13.260000	0.795500	0.920829	4.611799	29.320542	0.144774	-1265.401429	
13.261000	0.626372	0.807484	4.611857	29.322655	0.405670	-1265.379843	
13.262000	0.812412	0.645563	4.611290	29.324974	0.175926	-1265.358556	
13.263000	0.930802	0.791292	4.610594	29.327388	0.335579	-1265.337416	
13.264000	0.850466	0.791292	4.610276	29.329812	0.320003	-1265.316247	
13.265000	0.694023	0.864157	4.610772	29.332375	0.304427	-1265.294872	
13.266000	0.994225	0.864157	4.612324	29.335340	0.323897	-1265.273152	
13.267000	0.825097	0.864157	4.614911	29.338789	0.444610	-1265.250999	
13.268000	0.871607	1.001790	4.618724	29.342556	0.444610	-1265.228378	
13.269000	0.820869	0.864157	4.624300	29.346469	0.257699	-1265.205315	
13.270000	0.956171	0.864157	4.631557	29.350526	0.148668	-1265.181906	
13.271000	0.888520	0.888445	4.639379	29.354790	0.281063	-1265.158299	
13.272000	0.846238	0.937022	4.646423	29.359250	0.429034	-1265.134661	
13.273000	0.723620	0.847965	4.651760	29.363881	0.320003	-1265.111162	
13.274000	0.918118	0.823676	4.655005	29.368635	0.090259	-1265.087947	
13.275000	0.943487	0.888445	4.656080	29.373392	0.320003	-1265.065123	
13.276000	0.943487	0.791292	4.654758	29.378060	0.281063	-1265.042745	
13.277000	0.753218	0.880349	4.650693	29.382716	0.238229	-1265.020812	
13.278000	1.011138	0.742716	4.643935	29.387589	0.339473	-1264.999252	
13.279000	0.803956	0.831773	4.635164	29.392768	0.269381	-1264.977935	
13.280000	0.909661	0.872253	4.625461	29.398103	0.292745	-1264.956698	
13.281000	0.812412	0.888445	4.615823	29.403435	0.246017	-1264.935369	
13.282000	1.040735	0.750812	4.606970	29.408803	0.070789	-1264.913792	
13.283000	0.913889	0.799388	4.599456	29.414323	0.249911	-1264.891852	
13.284000	0.922346	0.783196	4.593646	29.419983	0.183714	-1264.869478	
13.285000	0.740533	0.937022	4.589876	29.425679	0.269381	-1264.846654	
13.286000	0.850466	1.026079	4.588628	29.431288	0.051319	-1264.823432	
13.287000	0.825097	0.937022	4.589884	29.436688	0.378412	-1264.799929	
13.288000	0.854694	0.856061	4.592702	29.441795	0.312215	-1264.776300	
13.289000	0.816641	0.872253	4.596065	29.446649	0.308321	-1264.752714	
13.290000	0.935030	0.799388	4.599536	29.451444	0.277169	-1264.729328	
13.291000	0.871607	0.767004	4.602813	29.456285	0.230441	-1264.706267	
13.292000	0.905433	0.710331	4.605272	29.461040	0.257699	-1264.683610	
13.293000	0.884292	0.839869	4.605968	29.465577	0.304427	-1264.661386	
13.294000	0.951943	0.839869	4.604123	29.469985	0.226548	-1264.639572	
13.295000	0.884292	0.920829	4.599839	29.474438	0.320003	-1264.618078	
13.296000	0.892748	0.969406	4.594185	29.478935	0.269381	-1264.596759	
13.297000	0.842010	0.807484	4.588449	29.483323	0.316109	-1264.575444	
13.298000	0.905433	0.831773	4.583405	29.487438	0.121410	-1264.553966	
13.299000	0.956171	0.783196	4.579255	29.491167	0.288851	-1264.532183	
13.300000	0.918118	0.880349	4.575798	29.494445	0.160350	-1264.510000	0.000000
13.301000	0.820869	0.961310	4.572630	29.497300	0.242123	-1264.487367	
13.302000	0.770130	0.856061	4.569663	29.499927	0.164244	-1264.464286	
13.303000	0.863151	0.888445	4.567193	29.502463	0.277169	-1264.440831	
13.304000	0.825097	0.896541	4.565374	29.504800	0.339473	-1264.417135	
13.305000	0.854694	0.799388	4.564071	29.506833	0.265487	-1264.393359	
13.306000	0.833553	0.823676	4.563124	29.508702	0.047425	-1264.369676	
13.307000	0.884292	0.758908	4.562428	29.510636	0.273275	-1264.346236	
13.308000	0.774359	1.042271	4.562099	29.512657	0.366730	-1264.323148	
13.309000	0.951943	0.977502	4.562560	29.514590	0.347261	-1264.300473	
13.310000	0.799728	0.920829	4.563596	29.516252	0.164244	-1264.278227	
13.311000	0.935030	0.831773	4.563899	29.517543	0.226548	-1264.256363	
13.312000	0.795500	0.953214	4.562573	29.518413	0.281063	-1264.234773	
13.313000	0.875836	0.969406	4.560079	29.518876	0.362836	-1264.213299	
13.314000	0.719392	0.856061	4.557386	29.519109	0.246017	-1264.191766	
13.315000	0.922346	0.758908	4.555146	29.519248	0.339473	-1264.170006	
13.316000	0.901205	0.847965	4.553594	29.519195	0.390094	-1264.147893	
13.317000	0.998453	0.775100	4.553163	29.518858	0.210972	-1264.125346	
13.318000	0.698251	0.791292	4.554754	29.518412	0.101940	-1264.102338	
13.319000	0.951943	0.791292	4.558583	29.518130	0.249911	-1264.078899	
13.320000	0.799728	0.839869	4.563843	29.518056	0.378412	-1264.055121	
13.321000	0.871607	0.920829	4.569627	29.518007	0.265487	-1264.031152	
13.322000	0.846238	0.856061	4.575266	29.517790	0.191502	-1264.007165	
13.323000	0.968856	0.937022	4.580290	29.517328	0.168138	-1263.983335	
13.324000	0.858923	0.847965	4.584366	29.516602	0.207078	-1263.959808	
13.325000	0.875836	1.139424	4.587149	29.515630	0.292745	-1263.936671	
13.326000	0.609459	0.807484	4.588301	29.514571	0.242123	-1263.913967	
13.327000	0.795500	0.920829	4.587705	29.513547	0.292745	-1263.891689	
13.328000	0.918118	0.937022	4.585687	29.512467	0.390094	-1263.869767	
13.329000	0.863151	0.920829	4.582978	29.511246	0.238229	-1263.848068	
13.330000	0.660197	0.953214	4.580256	29.510065	0.296639	-1263.826420	
13.331000	0.896977	0.742716	4.577719	29.509214	0.316109	-1263.804640	
13.332000	0.846238	0.702235	4.575290	29.508745	0.378412	-1263.782568	
13.333000	0.850466	0.953214	4.572869	29.508475	0.308321	-1263.760088	
13.334000	0.888520	0.864157	4.570256	29.508211	0.226548	-1263.737138	
13.335000	0.964628	0.937022	4.567619	29.507899	0.144774	-1263.713716	
13.336000	0.930802	0.904637	4.565677	29.507546	0.238229	-1263.689882	
13.337000	0.808184	1.074655	4.564979	29.507160	0.257699	-1263.665756	
13.338000	0.702479	0.775100	4.565558	29.506846	0.277169	-1263.641497	
13.339000	0.782815	0.831773	4.567038	29.506677	0.086365	-1263.617288	
13.340000	0.943487	0.661755	4.568792	29.506556	0.288851	-1263.593304	
13.341000	0.863151	0.775100	4.570319	29.506403	0.242123	-1263.569675	
13.342000	0.727848	0.985598	4.571776	29.506381	0.207078	-1263.546481	
13.343000	1.053420	0.896541	4.573858	29.506772	0.175926	-1263.523749	
13.344000	0.825097	0.888445	4.576661	29.507646	0.316109	-1263.501452	
13.345000	0.799728	1.042271	4.579624	29.508826	0.246017	-1263.479499	
13.346000	0.833553	0.767004	4.582558	29.510129	0.281063	-1263.457744	
13.347000	0.854694	0.791292	4.585607	29.511527	0.140880	-1263.436017	
13.348000	0.939259	0.742716	4.588735	29.513058	0.210972	-1263.414142	
13.349000	0.867379	1.171808	4.591630	29.514713	0.351155	-1263.391964	
13.350000	0.774359	0.985598	4.593848	29.516520	0.261593	-1263.369378	
13.351000	0.850466	0.742716	4.595222	29.518482	0.136986	-1263.346332	
13.352000	0.973084	0.896541	4.596074	29.520486	0.366730	-1263.322833	
13.353000	0.892748	0.831773	4.596853	29.522440	0.222654	-1263.298954	
13.354000	0.740533	0.775100	4.597725	29.524451	0.300533	-1263.274826	
13.355000	1.011138	0.734620	4.598657	29.526762	0.351155	-1263.250616	
13.356000	0.896977	0.839869	4.599675	29.529447	0.374518	-1263.226502	
13.357000	0.913889	1.009886	4.600750	29.532340	0.277169	-1263.202645	
13.358000	0.808184	0.783196	4.601518	29.535270	0.172032	-1263.179169	
13.359000	1.040735	0.742716	4.601491	29.538245	0.281063	-1263.156151	
13.360000	0.892748	0.864157	4.600668	29.541348	0.055213	-1263.133616	
13.361000	0.842010	1.001790	4.599527	29.544566	0.281063	-1263.111515	
13.362000	0.748989	1.017982	4.598669	29.547842	0.253805	-1263.089733	
13.363000	0.842010	0.831773	4.598641	29.551101	0.129198	-1263.068116	
13.364000	0.816641	0.912733	4.599697	29.554223	0.269381	-1263.046490	
13.365000	0.909661	0.726523	4.601870	29.557122	0.304427	-1263.024684	
13.366000	0.715164	0.847965	4.605170	29.559868	0.277169	-1263.002555	
13.367000	1.002682	0.718427	4.609350	29.562670	0.409564	-1262.980009	
13.368000	0.808184	0.904637	4.613736	29.565613	0.432928	-1262.957008	
13.369000	0.951943	0.920829	4.617762	29.568544	0.335579	-1262.933574	
13.370000	0.757446	0.815580	4.621351	29.571310	0.218760	-1262.909802	
13.371000	0.956171	0.823676	4.624545	29.573961	0.035743	-1262.885839	
13.372000	0.871607	0.896541	4.627247	29.576626	0.288851	-1262.861862	
13.373000	0.875836	0.904637	4.629354	29.579296	0.378412	-1262.838045	
13.374000	0.825097	0.750812	4.630901	29.581855	0.292745	-1262.814534	
13.375000	0.947715	0.758908	4.632154	29.584169	0.004591	-1262.791435	
13.376000	0.973084	0.734620	4.633333	29.586120	0.136986	-1262.768810	
13.377000	0.939259	0.831773	4.634192	29.587630	0.152562	-1262.746665	
13.378000	0.702479	0.864157	4.634356	29.588738	0.175926	-1262.724932	
13.379000	0.913889	0.872253	4.633907	29.589643	0.117516	-1262.703484	
13.380000	0.829325	0.758908	4.633220	29.590460	0.312215	-1262.682158	
13.381000	0.858923	0.896541	4.632603	29.591068	0.277169	-1262.660778	
13.382000	0.909661	0.702235	4.632222	29.591346	0.226548	-1262.639178	
13.383000	0.930802	0.758908	4.631771	29.591401	0.066895	-1262.617232	
13.384000	0.994225	0.629370	4.630184	29.591425	0.292745	-1262.594865	
13.385000	0.846238	0.767004	4.626719	29.591428	0.312215	-1262.572052	
13.386000	0.774359	0.896541	4.621950	29.591257	0.257699	-1262.548836	
13.387000	0.863151	0.831773	4.616973	29.590746	0.210972	-1262.525327	
13.388000	0.926574	0.750812	4.612444	29.589788	0.436822	-1262.501684	
13.389000	0.858923	0.750812	4.608591	29.588321	0.335579	-1262.478079	
13.390000	0.863151	0.734620	4.605497	29.586368	0.343367	-1262.454674	
13.391000	0.778587	0.904637	4.603288	29.584118	0.374518	-1262.431597	
13.392000	0.880064	0.815580	4.602042	29.581707	0.281063	-1262.408930	
13.393000	0.884292	0.791292	4.601502	29.579029	0.390094	-1262.386712	
13.394000	0.926574	0.694139	4.601220	29.575983	0.140880	-1262.364928	
13.395000	0.799728	0.896541	4.600999	29.572717	0.039637	-1262.343496	
13.396000	0.989997	0.726523	4.600954	29.569470	0.246017	-1262.322280	
13.397000	0.825097	0.783196	4.601285	29.566266	0.269381	-1262.301112	
13.398000	0.880064	0.872253	4.602123	29.562930	0.312215	-1262.279820	
13.399000	0.846238	0.783196	4.603478	29.559280	0.109728	-1262.258259	
13.400000	1.006910	0.831773	4.605112	29.555230	0.207078	-1262.236333	0.000000
13.401000	0.867379	0.815580	4.606684	29.550742	0.269381	-1262.213993	
13.402000	0.863151	0.920829	4.608188	29.545842	0.273275	-1262.191237	
13.403000	0.660197	0.969406	4.609776	29.540716	0.281063	-1262.168133	
13.404000	0.816641	0.856061	4.611328	29.535509	0.210972	-1262.144811	
13.405000	0.791271	0.856061	4.612545	29.530130	0.323897	-1262.121437	
13.406000	0.850466	0.847965	4.613158	29.524495	0.320003	-1262.098183	
13.407000	0.706707	0.961310	4.613005	29.518783	0.358942	-1262.075198	
13.408000	1.040735	0.775100	4.612099	29.513275	0.351155	-1262.052592	
13.409000	0.854694	0.669851	4.610347	29.508019	0.351155	-1262.030426	
13.410000	0.782815	0.888445	4.607353	29.502835	0.261593	-1262.008714	
13.411000	0.825097	0.904637	4.602904	29.497532	0.234335	-1261.987414	
13.412000	0.888520	0.961310	4.597384	29.492032	0.253805	-1261.966426	
13.413000	0.884292	0.783196	4.591590	29.486315	0.207078	-1261.945600	
13.414000	0.875836	1.050367	4.586165	29.480394	0.168138	-1261.924761	
13.415000	0.710936	0.758908	4.581292	29.474419	0.230441	-1261.903738	
13.416000	0.918118	0.807484	4.577106	29.468513	0.203184	-1261.882401	
13.417000	0.888520	0.831773	4.573964	29.462585	0.277169	-1261.860669	
13.418000	0.901205	0.791292	4.572068	29.456564	0.187608	-1261.838510	
13.419000	0.702479	0.823676	4.571154	29.450642	0.249911	-1261.815941	
13.420000	0.956171	0.823676	4.570780	29.445117	0.222654	-1261.793048	
13.421000	0.842010	0.880349	4.570668	29.440056	0.401776	-1261.769970	
13.422000	0.774359	1.050367	4.570575	29.435280	0.370624	-1261.746871	
13.423000	0.833553	0.823676	4.570317	29.430602	0.265487	-1261.723917	
13.424000	0.905433	0.856061	4.569942	29.425972	0.078577	-1261.701252	
13.425000	0.833553	0.694139	4.569511	29.421404	0.292745	-1261.678971	
13.426000	0.833553	1.082751	4.568849	29.416904	0.378412	-1261.657121	
13.427000	0.723620	0.767004	4.567742	29.412563	0.378412	-1261.635693	
13.428000	0.820869	1.066559	4.566201	29.408441	0.265487	-1261.614622	
13.429000	0.888520	0.823676	4.564523	29.404431	0.460186	-1261.593783	
13.430000	0.816641	0.904637	4.563169	29.400450	0.331685	-1261.573016	
13.431000	0.727848	0.734620	4.562385	29.396644	0.230441	-1261.552146	
13.432000	0.968856	0.783196	4.562229	29.393285	0.312215	-1261.531011	
13.433000	0.905433	0.653659	4.563125	29.390441	0.300533	-1261.509490	
13.434000	0.808184	0.920829	4.565807	29.387935	0.366730	-1261.487517	
13.435000	0.951943	0.888445	4.570456	29.385588	0.273275	-1261.465079	
13.436000	1.006910	0.888445	4.576314	29.383381	0.210972	-1261.442233	
13.437000	0.888520	0.726523	4.582267	29.381362	0.152562	-1261.419101	
13.438000	0.795500	0.953214	4.587454	29.379533	0.304427	-1261.395842	
13.439000	0.723620	0.896541	4.591351	29.377920	0.242123	-1261.372633	
13.440000	0.892748	0.807484	4.593727	29.376521	0.144774	-1261.349647	
13.441000	0.968856	0.864157	4.594616	29.375225	0.269381	-1261.327017	
13.442000	0.867379	0.807484	4.594287	29.373948	0.168138	-1261.304823	
13.443000	0.778587	1.034175	4.593220	29.372802	0.261593	-1261.283090	
13.444000	0.994225	0.767004	4.591814	29.372028	0.234335	-1261.261791	
13.445000	0.787043	0.928926	4.590222	29.371707	0.386200	-1261.240836	
13.446000	0.829325	0.928926	4.588607	29.371674	0.358942	-1261.220084	
13.447000	0.791271	0.993694	4.587228	29.371759	0.210972	-1261.199362	
13.448000	0.960400	0.831773	4.586112	29.371971	0.082471	-1261.178495	
13.449000	0.854694	0.839869	4.584843	29.372392	0.292745	-1261.157331	
13.450000	0.875836	1.107039	4.582776	29.373006	0.246017	-1261.135760	
13.451000	0.799728	0.823676	4.579640	29.373746	0.308321	-1261.113724	
13.452000	0.947715	0.734620	4.576036	29.374527	0.101940	-1261.091231	
13.453000	0.943487	0.896541	4.572955	29.375226	0.386200	-1261.068362	
13.454000	0.947715	0.799388	4.570923	29.375752	0.214866	-1261.045256	
13.455000	0.782815	0.961310	4.569974	29.376166	0.222654	-1261.022078	
13.456000	0.994225	0.783196	4.569941	29.376677	0.246017	-1260.999006	
13.457000	0.757446	0.847965	4.570516	29.377381	0.284957	-1260.976201	
13.458000	0.951943	0.953214	4.571396	29.378137	0.429034	-1260.953782	
13.459000	0.837782	0.734620	4.572353	29.378799	0.238229	-1260.931824	
13.460000	1.019594	0.864157	4.573043	29.379429	0.066895	-1260.910347	
13.461000	0.892748	0.856061	4.573052	29.380167	0.238229	-1260.889309	
13.462000	0.812412	1.090847	4.572356	29.381012	0.327791	-1260.868598	
13.463000	0.765902	0.937022	4.571479	29.381850	0.175926	-1260.848056	
13.464000	0.837782	0.920829	4.571045	29.382549	0.203184	-1260.827506	
13.465000	0.833553	0.815580	4.571384	29.382991	0.347261	-1260.806778	
13.466000	0.892748	0.775100	4.572508	29.383096	0.195396	-1260.785732	
13.467000	0.850466	1.066559	4.574200	29.382901	0.343367	-1260.764271	
13.468000	0.930802	0.953214	4.576277	29.382610	0.288851	-1260.742353	
13.469000	0.820869	0.807484	4.578966	29.382342	0.347261	-1260.719997	
13.470000	0.850466	0.831773	4.582569	29.381976	0.300533	-1260.697297	
13.471000	0.858923	0.767004	4.586821	29.381385	0.246017	-1260.674399	
13.472000	0.935030	0.815580	4.591100	29.380672	0.133092	-1260.651482	
13.473000	0.964628	0.645563	4.594949	29.380029	0.261593	-1260.628722	
13.474000	0.896977	0.872253	4.598055	29.379460	0.284957	-1260.606265	
13.475000	0.913889	0.928926	4.600064	29.378813	0.109728	-1260.584213	
13.476000	0.820869	0.896541	4.601047	29.377922	-0.081076	-1260.562622	
13.477000	0.951943	0.799388	4.601830	29.376679	0.187608	-1260.541501	
13.478000	0.842010	0.985598	4.602940	29.375026	0.296639	-1260.520784	
13.479000	0.871607	0.864157	4.604091	29.372992	0.195396	-1260.500340	
13.480000	0.753218	0.831773	4.605086	29.370773	0.323897	-1260.480001	
13.481000	0.837782	0.839869	4.606212	29.368511	0.308321	-1260.459585	
13.482000	0.791271	0.904637	4.607990	29.366103	0.417352	-1260.438922	
13.483000	0.888520	0.815580	4.610767	29.363450	0.253805	-1260.417882	
13.484000	0.698251	0.847965	4.614311	29.360700	0.129198	-1260.396384	
13.485000	0.964628	0.928926	4.617914	29.358092	0.432928	-1260.374403	
13.486000	0.825097	0.928926	4.620909	29.355649	0.378412	-1260.351976	
13.487000	0.892748	0.945118	4.623005	29.353191	0.288851	-1260.329208	
13.488000	0.757446	0.807484	4.624162	29.350530	0.218760	-1260.306255	
13.489000	0.909661	0.953214	4.624477	29.347570	0.226548	-1260.283298	
13.490000	0.875836	0.880349	4.624130	29.344263	0.199290	-1260.260507	
13.491000	0.884292	0.896541	4.623176	29.340623	0.304427	-1260.238012	
13.492000	0.816641	0.896541	4.621629	29.336826	0.284957	-1260.215898	
13.493000	0.926574	0.888445	4.619474	29.333004	0.195396	-1260.194206	
13.494000	0.909661	0.653659	4.616461	29.329063	0.366730	-1260.172931	
13.495000	0.905433	0.872253	4.612529	29.324915	0.082471	-1260.151996	
13.496000	0.719392	0.823676	4.608240	29.320737	0.207078	-1260.131266	
13.497000	0.935030	0.775100	4.604274	29.316801	0.257699	-1260.110573	
13.498000	0.846238	0.799388	4.600801	29.313145	0.253805	-1260.089740	
13.499000	0.850466	0.969406	4.597810	29.309590	0.281063	-1260.068613	
13.500000	0.842010	0.791292	4.595718	29.305947	0.242123	-1260.047083	0.000000
13.501000	0.905433	0.888445	4.594916	29.302145	0.168138	-1260.025092	
13.502000	0.913889	0.807484	4.595141	29.298169	0.261593	-1260.002636	
13.503000	0.846238	1.155616	4.595975	29.294038	0.370624	-1259.979775	
13.504000	0.533351	0.953214	4.597263	29.289914	0.355048	-1259.956633	
13.505000	0.791271	0.985598	4.598842	29.285917	0.296639	-1259.933373	
13.506000	0.905433	0.807484	4.600533	29.281953	0.296639	-1259.910173	
13.507000	0.825097	0.831773	4.602266	29.277940	0.207078	-1259.887189	
13.508000	0.694023	0.767004	4.604006	29.274057	0.316109	-1259.864538	
13.509000	0.956171	0.864157	4.605740	29.270594	0.246017	-1259.842286	
13.510000	0.909661	0.896541	4.607383	29.267609	0.257699	-1259.820457	
13.511000	0.833553	1.050367	4.608704	29.264918	0.277169	-1259.799016	
13.512000	0.867379	0.823676	4.609504	29.262328	0.210972	-1259.777867	
13.513000	0.951943	0.937022	4.609805	29.259782	0.214866	-1259.756871	
13.514000	0.968856	0.807484	4.609769	29.257285	0.226548	-1259.735862	
13.515000	0.837782	0.928926	4.609599	29.254844	0.339473	-1259.714671	
13.516000	0.677110	0.799388	4.609593	29.252570	0.234335	-1259.693160	
13.517000	0.918118	0.993694	4.610087	29.250545	0.090259	-1259.671243	
13.518000	0.896977	0.807484	4.611427	29.248673	0.339473	-1259.648888	
13.519000	0.888520	0.807484	4.613857	29.246872	0.308321	-1259.626109	
13.520000	0.575633	1.017982	4.617129	29.245296	0.257699	-1259.602986	
13.521000	0.918118	0.864157	4.620518	29.244219	0.261593	-1259.579655	
13.522000	0.820869	0.969406	4.623265	29.243715	0.226548	-1259.556278	
13.523000	0.808184	0.953214	4.624786	29.243607	0.320003	-1259.533020	
13.524000	0.782815	0.872253	4.624729	29.243712	0.351155	-1259.510023	
13.525000	1.002682	0.985598	4.623200	29.244001	0.140880	-1259.487388	
13.526000	0.930802	0.839869	4.620690	29.244513	0.273275	-1259.465166	
13.527000	0.888520	1.098943	4.617696	29.245240	0.316109	-1259.443355	
13.528000	0.613687	1.009886	4.614495	29.246205	0.382306	-1259.421886	
13.529000	0.833553	0.864157	4.611265	29.247407	0.199290	-1259.400641	
13.530000	0.837782	0.815580	4.608281	29.248730	0.378412	-1259.379469	
13.531000	0.892748	0.702235	4.605853	29.250084	0.343367	-1259.358202	
13.532000	0.685566	0.864157	4.604223	29.251581	0.374518	-1259.336677	
13.533000	1.057648	0.823676	4.603338	29.253465	0.265487	-1259.314773	
13.534000	0.989997	0.985598	4.602501	29.255816	0.168138	-1259.292420	
13.535000	0.884292	1.034175	4.600948	29.258470	0.277169	-1259.269599	
13.536000	0.850466	0.839869	4.598893	29.261259	0.273275	-1259.246358	
13.537000	0.951943	0.831773	4.597054	29.264193	-0.018773	-1259.222813	
13.538000	0.884292	0.856061	4.595625	29.267354	0.277169	-1259.199121	
13.539000	0.892748	1.042271	4.594446	29.270737	0.327791	-1259.175453	
13.540000	0.723620	0.953214	4.593416	29.274291	0.362836	-1259.151973	
13.541000	0.863151	0.904637	4.592434	29.277948	0.063001	-1259.128815	
13.542000	0.918118	0.750812	4.591276	29.281592	0.358942	-1259.106067	
13.543000	0.803956	0.758908	4.589419	29.285135	0.351155	-1259.083765	
13.544000	0.710936	0.928926	4.586018	29.288647	0.331685	-1259.061890	
13.545000	0.947715	0.856061	4.580793	29.292343	0.277169	-1259.040355	
13.546000	0.842010	1.017982	4.574645	29.296310	0.366730	-1259.019024	
13.547000	0.842010	1.082751	4.568942	29.300401	0.355048	-1258.997729	
13.548000	0.837782	0.726523	4.564884	29.304464	0.327791	-1258.976299	
13.549000	0.994225	0.750812	4.563256	29.308550	0.090259	-1258.954582	
13.550000	0.913889	0.556506	4.564295	29.312793	0.117516	-1258.932477	
13.551000	0.913889	1.074655	4.567956	29.317184	0.327791	-1258.909929	
13.552000	0.880064	0.904637	4.574031	29.321609	0.292745	-1258.886941	
13.553000	0.892748	0.961310	4.582006	29.325934	0.144774	-1258.863591	
13.554000	0.973084	0.775100	4.590985	29.330038	0.195396	-1258.840021	
13.555000	0.850466	0.864157	4.599863	29.333840	0.300533	-1258.816402	
13.556000	0.863151	0.831773	4.607737	29.337379	0.148668	-1258.792911	
13.557000	0.825097	0.823676	4.614086	29.340854	0.105834	-1258.769704	
13.558000	0.977312	0.791292	4.618772	29.344385	0.265487	-1258.746898	
13.559000	0.846238	0.856061	4.621699	29.347851	0.218760	-1258.724560	
13.560000	0.875836	0.540314	4.622389	29.351132	0.261593	-1258.702707	
13.561000	0.884292	0.888445	4.620774	29.354332	0.070789	-1258.681296	
13.562000	0.973084	0.847965	4.617697	29.357639	0.304427	-1258.660219	
13.563000	0.710936	0.961310	4.614069	29.361055	0.409564	-1258.639322	
13.564000	0.892748	0.839869	4.610409	29.364424	0.429034	-1258.618427	
13.565000	0.837782	0.783196	4.606987	29.367573	0.175926	-1258.597360	
13.566000	0.960400	0.734620	4.604005	29.370385	0.288851	-1258.575982	
13.567000	0.909661	0.750812	4.601315	29.372789	0.284957	-1258.554203	
13.568000	0.858923	0.847965	4.598242	29.374805	0.284957	-1258.531981	
13.569000	0.782815	0.912733	4.594608	29.376619	0.203184	-1258.509328	
13.570000	0.884292	0.783196	4.591089	29.378362	0.168138	-1258.486336	
13.571000	0.842010	0.937022	4.588191	29.379923	0.405670	-1258.463155	
13.572000	0.909661	0.856061	4.585879	29.381194	0.175926	-1258.439962	
13.573000	0.888520	0.807484	4.583903	29.382315	0.156456	-1258.416939	
13.574000	0.998453	0.767004	4.582102	29.383518	0.199290	-1258.394237	
13.575000	0.888520	0.750812	4.580286	29.384823	0.246017	-1258.371957	
13.576000	0.913889	0.896541	4.577919	29.386054	0.121410	-1258.350151	
13.577000	0.896977	0.758908	4.574592	29.387022	0.183714	-1258.328822	
13.578000	0.930802	0.953214	4.570593	29.387632	0.230441	-1258.307908	
13.579000	0.875836	0.669851	4.566726	29.387841	0.242123	-1258.287285	
13.580000	0.787043	0.985598	4.563862	29.387669	0.343367	-1258.266786	
13.581000	0.706707	0.783196	4.562419	29.387300	0.284957	-1258.246226	
13.582000	0.799728	0.896541	4.562296	29.386875	0.320003	-1258.225435	
13.583000	0.875836	0.815580	4.563308	29.386298	0.386200	-1258.204285	
13.584000	0.858923	0.726523	4.565220	29.385482	0.327791	-1258.182695	
13.585000	0.787043	0.807484	4.567411	29.384600	0.129198	-1258.160640	
13.586000	0.922346	0.823676	4.569264	29.383926	0.288851	-1258.138156	
13.587000	0.774359	0.718427	4.570729	29.383502	0.335579	-1258.115350	
13.588000	0.820869	1.115135	4.572008	29.383141	0.292745	-1258.092375	
13.589000	0.888520	0.847965	4.573201	29.382649	0.210972	-1258.069410	
13.590000	0.951943	0.815580	4.574350	29.381942	0.257699	-1258.046634	
13.591000	0.951943	0.750812	4.575351	29.381000	0.312215	-1258.024186	
13.592000	0.880064	0.904637	4.576072	29.379833	0.316109	-1258.002152	
13.593000	0.757446	0.758908	4.576749	29.378590	0.339473	-1257.980571	
13.594000	0.791271	0.839869	4.577741	29.377388	0.121410	-1257.959434	
13.595000	0.909661	0.783196	4.578994	29.376140	0.323897	-1257.938663	
13.596000	0.816641	0.839869	4.580297	29.374771	0.316109	-1257.918122	
13.597000	0.655969	0.937022	4.581702	29.373471	0.265487	-1257.897636	
13.598000	0.947715	0.734620	4.583302	29.372531	0.421246	-1257.877024	
13.599000	0.850466	0.880349	4.584977	29.372012	0.335579	-1257.856124	
