LabVIEW Measurement	
Writer_Version	2
Reader_Version	2
Separator	Tab
Decimal_Separator	.
Multi_Headings	No
X_Columns	One
Time_Pref	Absolute
Operator	twtn4
Date	2023/08/21
Time	16:21:24.4266166499426623499
***End_of_Header***	
	
Notes	X values guaranteed valid only for Dev1/ai2							
Channels	7							
Samples	100	100	100	100	100	100	1	
Date	2023/08/21	2023/08/21	2023/08/21	2023/08/21	2023/08/21	2023/08/21	2023/08/21	
Time	16:21:24.4266166499426623499	16:21:24.4266306495836039698	16:21:24.4266726487392594731	16:21:24.4266586490983178532	16:21:24.4266446494573762333	16:21:24.4266866483802010929	16:21:24.5541234016418457031	
Y_Unit_Label	Volts	Volts	Volts	Volts	Volts	Volts		
X_Dimension	Time	Time	Time	Time	Time	Time	Time	
X0	0.0000000000000000E+0	0.0000000000000000E+0	0.0000000000000000E+0	0.0000000000000000E+0	0.0000000000000000E+0	0.0000000000000000E+0	0.0000000000000000E+0	
Delta_X	0.001000	0.001000	0.001000	0.001000	0.001000	0.001000	1.000000	
***End_of_Header***								
X_Value	Dev1/ai2	Dev1/ai3	Dev1/ai17 (Filtered)	Dev1/ai1 (Filtered)	Dev1/ai16	Dev1/ai12 (Filtered)	Untitled	Comment
0.000000	15.416632	0.831773	-4.686288	-249.999802	0.136986	-250.001194	0.000000
0.001000	15.374350	0.783196	-4.665805	-249.998649	0.238229	-250.008311	
0.002000	15.492740	0.775100	-4.610928	-249.995363	0.129198	-250.029480	
0.003000	15.336296	0.767004	-4.510412	-249.988896	0.222654	-250.073713	
0.004000	15.319384	1.050367	-4.362380	-249.978441	0.471868	-250.149684	
0.005000	15.281330	0.847965	-4.171670	-249.963190	0.246017	-250.265733	
0.006000	15.357437	0.937022	-3.946973	-249.942121	0.218760	-250.429873	
0.007000	15.382807	0.880349	-3.698617	-249.914122	0.230441	-250.649792	
0.008000	15.357437	0.734620	-3.437383	-249.878304	0.339473	-250.932871	
0.009000	15.344753	1.050367	-3.173845	-249.834019	0.526383	-251.286220	
0.010000	15.323612	0.847965	-2.917921	-249.780616	0.304427	-251.716706	
0.011000	15.336296	0.815580	-2.678200	-249.717236	0.113622	-252.230979	
0.012000	15.463143	0.702235	-2.461097	-249.642924	0.242123	-252.835480	
0.013000	15.399719	0.653659	-2.270660	-249.556948	0.160350	-253.536451	
0.014000	15.357437	1.050367	-2.108954	-249.458809	0.249911	-254.339939	
0.015000	15.399719	0.904637	-1.976502	-249.347999	0.195396	-255.251812	
0.016000	15.298242	0.791292	-1.872785	-249.223802	0.136986	-256.277743	
0.017000	15.454686	0.864157	-1.796468	-249.085408	0.230441	-257.423185	
0.018000	15.391263	0.726523	-1.745343	-248.932220	0.409564	-258.693347	
0.019000	15.315155	1.082751	-1.716382	-248.763870	0.362836	-260.093176	
0.020000	15.319384	0.961310	-1.706043	-248.579978	0.222654	-261.627342	
0.021000	15.348981	0.823676	-1.710668	-248.379960	0.257699	-263.300257	
0.022000	15.327840	1.001790	-1.726616	-248.163142	0.281063	-265.116069	
0.023000	15.357437	0.888445	-1.750362	-247.929057	0.390094	-267.078669	
0.024000	15.289786	1.017982	-1.778697	-247.677464	0.355048	-269.191699	
0.025000	15.348981	0.791292	-1.808834	-247.408111	0.191502	-271.458586	
0.026000	15.475827	0.637467	-1.838619	-247.120546	0.249911	-273.882565	
0.027000	15.395491	0.904637	-1.866544	-246.814220	0.207078	-276.466701	
0.028000	15.437773	0.856061	-1.891484	-246.488784	0.335579	-279.213912	
0.029000	15.294014	1.171808	-1.912416	-246.144102	0.199290	-282.126980	
0.030000	15.378578	0.896541	-1.928344	-245.780024	0.152562	-285.208559	
0.031000	15.526566	0.710331	-1.938810	-245.396198	0.234335	-288.461183	
0.032000	15.412404	0.920829	-1.944266	-244.992179	0.304427	-291.887260	
0.033000	15.315155	0.872253	-1.945656	-244.567714	0.405670	-295.489057	
0.034000	15.336296	0.961310	-1.944112	-244.122762	0.405670	-299.268676	
0.035000	15.281330	1.090847	-1.940846	-243.657270	0.191502	-303.228039	
0.036000	15.543479	0.961310	-1.936785	-243.170991	0.098047	-307.368868	
0.037000	15.285558	0.864157	-1.932418	-242.663585	0.382306	-311.692675	
0.038000	15.255960	0.896541	-1.928267	-242.134899	0.242123	-316.200768	
0.039000	15.365894	0.969406	-1.925264	-241.584984	0.355048	-320.894258	
0.040000	15.344753	0.734620	-1.924013	-241.013878	0.284957	-325.774065	
0.041000	15.577304	0.856061	-1.924156	-240.421421	0.168138	-330.840938	
0.042000	15.488512	0.920829	-1.925087	-239.807361	0.156456	-336.095472	
0.043000	15.353209	0.880349	-1.926493	-239.171621	0.292745	-341.538128	
0.044000	15.319384	0.969406	-1.928032	-238.514323	0.175926	-347.169262	
0.045000	15.357437	1.066559	-1.929313	-237.835576	0.308321	-352.989138	
0.046000	15.551935	0.880349	-1.929949	-237.135295	0.172032	-358.997948	
0.047000	15.454686	0.807484	-1.929383	-236.413299	0.207078	-365.195809	
0.048000	15.260189	0.953214	-1.927239	-235.669584	0.378412	-371.582775	
0.049000	15.378578	1.026079	-1.923783	-234.904338	0.378412	-378.158834	
0.050000	15.268645	0.856061	-1.919786	-234.117740	0.343367	-384.923884	
0.051000	15.509653	0.783196	-1.916161	-233.309782	0.183714	-391.877713	
0.052000	15.416632	0.694139	-1.913688	-232.480360	0.140880	-399.019971	
0.053000	15.327840	0.888445	-1.912737	-231.629538	0.308321	-406.350154	
0.054000	15.374350	1.244673	-1.913407	-230.757565	0.323897	-413.867601	
0.055000	15.264417	0.831773	-1.915862	-229.864674	0.164244	-421.571513	
0.056000	15.492740	0.750812	-1.920058	-228.950911	0.094153	-429.460944	
0.057000	15.501196	0.588890	-1.925374	-228.016225	0.207078	-437.534808	
0.058000	15.302471	0.937022	-1.930896	-227.060728	0.218760	-445.791893	
0.059000	15.357437	1.017982	-1.935911	-226.084717	0.370624	-454.230888	
0.060000	15.243276	0.985598	-1.940138	-225.088468	0.175926	-462.850412	
0.061000	15.429317	0.888445	-1.943491	-224.072081	0.043531	-471.649033	
0.062000	15.403948	0.831773	-1.945737	-223.035562	0.273275	-480.625282	
0.063000	15.370122	0.969406	-1.946622	-221.979082	0.374518	-489.777657	
0.064000	15.365894	1.090847	-1.946089	-220.902986	0.452398	-499.104632	
0.065000	15.255960	0.799388	-1.944277	-219.807603	0.284957	-508.604669	
0.066000	15.412404	0.831773	-1.941573	-218.693082	0.195396	-518.276205	
0.067000	15.492740	0.686043	-1.938644	-217.559482	0.249911	-528.117621	
0.068000	15.319384	0.823676	-1.936233	-216.407016	0.304427	-538.127220	
0.069000	15.433545	1.139424	-1.934975	-215.236061	0.183714	-548.303202	
0.070000	15.340525	0.702235	-1.935317	-214.046977	0.179820	-558.643658	
0.071000	15.437773	1.188000	-1.937474	-212.839945	0.179820	-569.146570	
0.072000	15.446230	0.718427	-1.941405	-211.615050	0.226548	-579.809814	
0.073000	15.277101	0.791292	-1.946734	-210.372526	0.370624	-590.631156	
0.074000	15.454686	1.098943	-1.952721	-209.112774	0.362836	-601.608263	
0.075000	15.315155	0.742716	-1.958429	-207.836177	0.343367	-612.738731	
0.076000	15.340525	1.050367	-1.963055	-206.542950	0.113622	-624.020112	
0.077000	15.433545	0.904637	-1.966194	-205.233216	0.191502	-635.449930	
0.078000	15.294014	0.953214	-1.967759	-203.907246	0.374518	-647.025700	
0.079000	15.420861	1.009886	-1.967811	-202.565474	0.242123	-658.744936	
0.080000	15.374350	0.613178	-1.966543	-201.208313	0.121410	-670.605174	
0.081000	15.420861	0.880349	-1.964133	-199.836004	0.121410	-682.603973	
0.082000	15.471599	0.920829	-1.960764	-198.448700	0.148668	-694.738905	
0.083000	15.302471	0.896541	-1.956854	-197.046689	0.343367	-707.007537	
0.084000	15.332068	0.969406	-1.952948	-195.630414	0.401776	-719.407406	
0.085000	15.395491	0.807484	-1.949421	-194.200298	0.113622	-731.936001	
0.086000	15.391263	0.961310	-1.946481	-192.756597	0.117516	-744.590741	
0.087000	15.323612	0.710331	-1.944321	-191.299476	0.257699	-757.368953	
0.088000	15.298242	1.090847	-1.942970	-189.829237	0.339473	-770.267878	
0.089000	15.239048	1.163712	-1.942167	-188.346333	0.253805	-783.284680	
0.090000	15.327840	0.920829	-1.941716	-186.851203	0.218760	-796.416458	
0.091000	15.442002	0.969406	-1.941600	-185.344120	0.101940	-809.660260	
0.092000	15.403948	0.920829	-1.941669	-183.825270	0.288851	-823.013101	
0.093000	15.306699	0.847965	-1.941711	-182.294971	0.316109	-836.471981	
0.094000	15.306699	0.977502	-1.941658	-180.753686	0.355048	-850.033914	
0.095000	15.412404	0.605082	-1.941607	-179.201865	0.129198	-863.695948	
0.096000	15.471599	0.912733	-1.941698	-177.639793	-0.061606	-877.455178	
0.097000	15.463143	0.888445	-1.941843	-176.067664	0.203184	-891.308735	
0.098000	15.310927	1.026079	-1.941788	-174.485796	0.277169	-905.253795	
0.099000	15.239048	1.398498	-1.941570	-172.894649	0.347261	-919.287568	
0.100000	15.378578	0.694139	-1.941522	-171.294669	0.179820	-933.407280	0.000000
0.101000	15.399719	0.920829	-1.941851	-169.686144	0.082471	-947.610150	
0.102000	15.403948	0.856061	-1.942385	-168.069275	0.242123	-961.893360	
0.103000	15.327840	1.074655	-1.942799	-166.444383	0.444610	-976.254032	
0.104000	15.294014	1.058463	-1.942976	-164.811930	0.397882	-990.689229	
0.105000	15.323612	0.945118	-1.943108	-163.172362	0.296639	-1005.195971	
0.106000	15.437773	0.742716	-1.943584	-161.525972	0.121410	-1019.771240	
0.107000	15.370122	0.807484	-1.944564	-159.872968	0.335579	-1034.411972	
0.108000	15.370122	0.847965	-1.945708	-158.213672	0.331685	-1049.115073	
0.109000	15.289786	1.123232	-1.946752	-156.548544	0.265487	-1063.877444	
0.110000	15.412404	0.912733	-1.947842	-154.878024	0.214866	-1078.696008	
0.111000	15.437773	0.718427	-1.948909	-153.202403	0.020167	-1093.567732	
0.112000	15.442002	0.880349	-1.949730	-151.521882	0.269381	-1108.489635	
0.113000	15.403948	0.920829	-1.950785	-149.836774	0.347261	-1123.458787	
0.114000	15.294014	0.985598	-1.952660	-148.147518	0.323897	-1138.472319	
0.115000	15.302471	0.896541	-1.955040	-146.454543	0.207078	-1153.527427	
0.116000	15.463143	0.718427	-1.957272	-144.758137	0.066895	-1168.621357	
0.117000	15.348981	0.945118	-1.959049	-143.058500	0.253805	-1183.751380	
0.118000	15.403948	0.953214	-1.960288	-141.355941	0.351155	-1198.914764	
0.119000	15.302471	1.131328	-1.960987	-139.650896	0.277169	-1214.108754	
0.120000	15.323612	0.710331	-1.961062	-137.943784	0.343367	-1229.330563	
0.121000	15.471599	0.669851	-1.960151	-136.234889	0.191502	-1244.577373	
0.122000	15.442002	0.839869	-1.957933	-134.524413	0.168138	-1259.846337	
0.123000	15.437773	0.945118	-1.954513	-132.812666	0.347261	-1275.134575	
0.124000	15.412404	0.945118	-1.950199	-131.100068	0.238229	-1290.439179	
0.125000	15.365894	0.839869	-1.945173	-129.387024	0.238229	-1305.757242	
0.126000	15.471599	0.750812	-1.939552	-127.673803	0.024061	-1321.085874	
0.127000	15.336296	0.758908	-1.933541	-125.960593	0.136986	-1336.422225	
0.128000	15.416632	0.702235	-1.927463	-124.247681	0.436822	-1351.763495	
0.129000	15.306699	1.123232	-1.921639	-122.535469	0.230441	-1367.106950	
0.130000	15.277101	0.847965	-1.916141	-120.824342	0.199290	-1382.449931	
0.131000	15.391263	0.920829	-1.910786	-119.114556	0.140880	-1397.789863	
0.132000	15.395491	1.074655	-1.905464	-117.406289	0.296639	-1413.124237	
0.133000	15.374350	1.017982	-1.900360	-115.699820	0.323897	-1428.450595	
0.134000	15.353209	0.864157	-1.895887	-113.995534	0.222654	-1443.766517	
0.135000	15.374350	0.775100	-1.892414	-112.293802	0.191502	-1459.069594	
0.136000	15.429317	0.710331	-1.890213	-110.594872	0.156456	-1474.357409	
0.137000	15.437773	0.815580	-1.889596	-108.898919	0.218760	-1489.627508	
0.138000	15.387035	0.985598	-1.891101	-107.206204	0.273275	-1504.877405	
0.139000	15.437773	0.823676	-1.895542	-105.517089	0.144774	-1520.104599	
0.140000	15.353209	0.888445	-1.902987	-103.831920	0.191502	-1535.306574	
0.141000	15.458914	0.912733	-1.912136	-102.150921	0.109728	-1550.480808	
0.142000	15.344753	0.791292	-1.921401	-100.474246	0.257699	-1565.624788	
0.143000	15.302471	0.993694	-1.929742	-98.802130	0.199290	-1580.736020	
0.144000	15.264417	0.928926	-1.936623	-97.134913	0.347261	-1595.812066	
0.145000	15.332068	1.001790	-1.941909	-95.472923	0.152562	-1610.850568	
0.146000	15.484284	0.985598	-1.945593	-93.816374	-0.100546	-1625.849251	
0.147000	15.268645	0.661755	-1.947518	-92.165412	0.234335	-1640.805918	
0.148000	15.268645	1.123232	-1.947505	-90.520265	0.292745	-1655.718456	
0.149000	15.391263	0.621274	-1.945685	-88.881253	0.249911	-1670.584834	
0.150000	15.319384	0.750812	-1.942615	-87.248686	0.242123	-1685.403085	
0.151000	15.535022	0.880349	-1.939100	-85.622759	0.051319	-1700.171282	
0.152000	15.395491	0.831773	-1.935837	-84.003600	0.175926	-1714.887490	
0.153000	15.277101	1.204192	-1.933185	-82.391412	0.304427	-1729.549753	
0.154000	15.425089	0.847965	-1.931168	-80.786488	0.273275	-1744.156084	
0.155000	15.289786	0.661755	-1.929734	-79.189111	0.238229	-1758.704487	
0.156000	15.433545	0.904637	-1.929079	-77.599460	0.004591	-1773.192958	
0.157000	15.403948	0.580794	-1.929353	-76.017645	0.269381	-1787.619473	
0.158000	15.196765	1.155616	-1.930256	-74.443853	0.378412	-1801.982000	
0.159000	15.378578	0.977502	-1.931501	-72.878349	0.351155	-1816.278530	
0.160000	15.298242	0.750812	-1.933179	-71.321392	0.117516	-1830.507111	
0.161000	15.425089	0.799388	-1.935288	-69.773144	0.125304	-1844.665861	
0.162000	15.412404	0.588890	-1.937475	-68.233701	0.074683	-1858.752979	
0.163000	15.251732	1.026079	-1.939362	-66.703231	0.316109	-1872.766741	
0.164000	15.378578	0.847965	-1.940716	-65.181974	0.265487	-1886.705509	
0.165000	15.365894	0.742716	-1.941421	-63.670165	0.059107	-1900.567741	
0.166000	15.458914	0.937022	-1.941548	-62.167943	0.090259	-1914.351976	
0.167000	15.467371	0.928926	-1.941251	-60.675385	0.133092	-1928.056796	
0.168000	15.289786	1.179904	-1.940509	-59.192630	0.323897	-1941.680800	
0.169000	15.285558	0.985598	-1.939389	-57.719893	0.374518	-1955.222580	
0.170000	15.294014	0.767004	-1.938420	-56.257380	0.125304	-1968.680709	
0.171000	15.302471	0.831773	-1.938375	-54.805215	0.234335	-1982.053748	
0.172000	15.408176	0.896541	-1.939946	-53.363464	0.226548	-1995.340241	
0.173000	15.323612	1.098943	-1.943266	-51.932255	0.210972	-2008.538712	
0.174000	15.285558	0.912733	-1.947571	-50.511778	0.288851	-2021.647674	
0.175000	15.294014	0.767004	-1.951744	-49.102222	0.172032	-2034.665662	
0.176000	15.429317	0.742716	-1.955052	-47.703695	0.066895	-2047.591250	
0.177000	15.454686	0.726523	-1.957296	-46.316247	0.261593	-2060.423070	
0.178000	15.310927	1.163712	-1.958545	-44.939986	0.269381	-2073.159821	
0.179000	15.281330	0.896541	-1.958967	-43.575072	0.117516	-2085.800280	
0.180000	15.302471	0.896541	-1.958811	-42.221664	0.012379	-2098.343315	
0.181000	15.450458	0.856061	-1.958168	-40.879852	0.090259	-2110.787881	
0.182000	15.484284	0.799388	-1.956985	-39.549673	0.242123	-2123.133009	
0.183000	15.319384	1.026079	-1.955492	-38.231214	0.304427	-2135.377788	
0.184000	15.289786	1.066559	-1.954060	-36.924617	0.300533	-2147.521343	
0.185000	15.247504	0.953214	-1.952772	-35.630018	0.253805	-2159.562818	
0.186000	15.323612	1.042271	-1.951646	-34.347490	0.121410	-2171.501350	
0.187000	15.446230	1.001790	-1.950977	-33.077060	0.269381	-2183.336049	
0.188000	15.302471	0.961310	-1.950999	-31.818804	0.471868	-2195.066009	
0.189000	15.268645	0.945118	-1.951557	-30.572841	0.253805	-2206.690316	
0.190000	15.294014	0.758908	-1.952371	-29.339290	0.094153	-2218.208049	
0.191000	15.361666	0.864157	-1.953183	-28.118207	0.020167	-2229.618290	
0.192000	15.475827	0.831773	-1.953728	-26.909603	0.222654	-2240.920124	
0.193000	15.332068	1.042271	-1.953967	-25.713525	0.339473	-2252.112669	
0.194000	15.340525	1.042271	-1.954179	-24.530050	0.253805	-2263.195101	
0.195000	15.310927	0.742716	-1.954555	-23.359255	0.043531	-2274.166673	
0.196000	15.340525	0.807484	-1.954944	-22.201175	0.249911	-2285.026721	
0.197000	15.327840	0.831773	-1.955022	-21.055811	0.078577	-2295.774654	
0.198000	15.323612	0.961310	-1.954449	-19.923194	0.257699	-2306.409961	
0.199000	15.230591	1.066559	-1.953141	-18.803382	0.432928	-2316.932210	
0.200000	15.365894	0.937022	-1.951449	-17.696432	0.105834	-2327.341036	0.000000
0.201000	15.365894	1.034175	-1.949856	-16.602371	0.246017	-2337.636104	
0.202000	15.353209	0.920829	-1.948676	-15.521186	0.288851	-2347.817080	
0.203000	15.298242	1.009886	-1.948029	-14.452897	0.374518	-2357.883599	
0.204000	15.277101	0.864157	-1.947789	-13.397549	0.249911	-2367.835278	
0.205000	15.437773	0.669851	-1.947606	-12.355191	0.027955	-2377.671726	
0.206000	15.463143	0.961310	-1.947308	-11.325837	0.101940	-2387.392538	
0.207000	15.416632	0.945118	-1.946945	-10.309467	0.253805	-2396.997291	
0.208000	15.344753	1.066559	-1.946374	-9.306081	0.234335	-2406.485542	
0.209000	15.306699	0.823676	-1.945388	-8.315687	0.308321	-2415.856870	
0.210000	15.370122	0.718427	-1.944029	-7.338300	-0.010985	-2425.110896	
0.211000	15.395491	0.937022	-1.942438	-6.373917	0.214866	-2434.247310	
0.212000	15.315155	1.026079	-1.940618	-5.422508	0.339473	-2443.265871	
0.213000	15.336296	1.212288	-1.938662	-4.484063	0.281063	-2452.166407	
0.214000	15.289786	0.977502	-1.937115	-3.558575	0.234335	-2460.948821	
0.215000	15.374350	0.953214	-1.936367	-2.646044	0.059107	-2469.613106	
0.216000	15.450458	0.912733	-1.936230	-1.746459	0.222654	-2478.159331	
0.217000	15.340525	0.831773	-1.936489	-0.859787	0.296639	-2486.587607	
0.218000	15.340525	1.001790	-1.937088	0.013993	0.292745	-2494.898057	
0.219000	15.272873	0.928926	-1.938061	0.874911	0.273275	-2503.090790	
0.220000	15.442002	0.791292	-1.939506	1.722995	-0.081076	-2511.165893	
0.221000	15.370122	0.564602	-1.941494	2.558266	0.144774	-2519.123426	
0.222000	15.416632	0.977502	-1.944085	3.380770	0.300533	-2526.963425	
0.223000	15.348981	1.058463	-1.947166	4.190546	0.366730	-2534.685892	
0.224000	15.196765	1.188000	-1.950272	4.987656	0.308321	-2542.290802	
0.225000	15.323612	0.831773	-1.952904	5.772154	0.070789	-2549.778134	
0.226000	15.374350	0.750812	-1.955004	6.544075	0.246017	-2557.147892	
0.227000	15.344753	0.945118	-1.956698	7.303466	0.331685	-2564.400121	
0.228000	15.272873	1.107039	-1.957764	8.050378	0.339473	-2571.534926	
0.229000	15.294014	0.742716	-1.957679	8.784900	0.386200	-2578.552478	
0.230000	15.234819	0.928926	-1.955850	9.507109	0.039637	-2585.453030	
0.231000	15.458914	0.677947	-1.951983	10.217046	0.238229	-2592.236917	
0.232000	15.437773	0.775100	-1.946522	10.914753	0.218760	-2598.904548	
0.233000	15.412404	1.042271	-1.940435	11.600285	0.230441	-2605.456381	
0.234000	15.239048	0.937022	-1.934704	12.273737	0.257699	-2611.892902	
0.235000	15.315155	0.937022	-1.930157	12.935195	0.031849	-2618.214600	
0.236000	15.471599	0.758908	-1.927311	13.584705	0.246017	-2624.421938	
0.237000	15.408176	0.799388	-1.926021	14.222318	0.253805	-2630.515335	
0.238000	15.310927	0.880349	-1.925609	14.848110	0.191502	-2636.495173	
0.239000	15.192537	0.847965	-1.925670	15.462218	0.316109	-2642.361809	
0.240000	15.243276	1.050367	-1.926276	16.064765	0.063001	-2648.115579	
0.241000	15.463143	0.888445	-1.927361	16.655810	0.238229	-2653.756804	
0.242000	15.378578	0.961310	-1.928431	17.235398	0.288851	-2659.285796	
0.243000	15.344753	0.945118	-1.928959	17.803604	0.312215	-2664.702891	
0.244000	15.281330	0.686043	-1.928788	18.360575	0.323897	-2670.008471	
0.245000	15.298242	0.726523	-1.928020	18.906442	0.086365	-2675.202983	
0.246000	15.471599	0.475545	-1.926919	19.441260	0.175926	-2680.286940	
0.247000	15.294014	0.677947	-1.925904	19.965076	0.246017	-2685.260916	
0.248000	15.370122	0.928926	-1.925154	20.477976	0.253805	-2690.125551	
0.249000	15.315155	0.621274	-1.924607	20.980138	0.265487	-2694.881556	
0.250000	15.289786	0.807484	-1.924367	21.471719	0.086365	-2699.529684	
0.251000	15.399719	0.783196	-1.924546	21.952786	0.304427	-2704.070705	
0.252000	15.327840	0.726523	-1.925077	22.423386	0.288851	-2708.505364	
0.253000	15.395491	1.050367	-1.925975	22.883611	0.358942	-2712.834365	
0.254000	15.239048	1.107039	-1.927326	23.333647	0.292745	-2717.058376	
0.255000	15.184081	0.872253	-1.928948	23.773660	-0.014879	-2721.178038	
0.256000	15.395491	0.993694	-1.930398	24.203713	0.246017	-2725.193963	
0.257000	15.471599	0.661755	-1.931324	24.623845	0.249911	-2729.106724	
0.258000	15.370122	0.864157	-1.931548	25.034139	0.281063	-2732.916877	
0.259000	15.348981	0.799388	-1.931012	25.434783	0.331685	-2736.624984	
0.260000	15.302471	0.839869	-1.929814	25.825944	0.027955	-2740.231644	
0.261000	15.429317	0.912733	-1.928050	26.207685	0.172032	-2743.737504	
0.262000	15.294014	0.888445	-1.925631	26.580049	0.179820	-2747.143255	
0.263000	15.399719	1.204192	-1.922293	26.943137	0.253805	-2750.449637	
0.264000	15.336296	0.710331	-1.917911	27.297163	0.246017	-2753.657452	
0.265000	15.264417	0.880349	-1.912877	27.642316	0.063001	-2756.767573	
0.266000	15.310927	1.009886	-1.908002	27.978662	0.292745	-2759.780928	
0.267000	15.294014	0.718427	-1.904033	28.306236	0.382306	-2762.698467	
0.268000	15.260189	1.001790	-1.901410	28.625134	0.393988	-2765.521131	
0.269000	15.315155	0.912733	-1.900471	28.935565	0.378412	-2768.249835	
0.270000	15.289786	0.807484	-1.901438	29.237714	0.140880	-2770.885458	
0.271000	15.361666	0.888445	-1.904018	29.531635	0.179820	-2773.428846	
0.272000	15.416632	0.702235	-1.907377	29.817351	0.242123	-2775.880804	
0.273000	15.332068	0.864157	-1.910843	30.094960	0.323897	-2778.242093	
0.274000	15.302471	0.864157	-1.914231	30.364690	0.246017	-2780.513437	
0.275000	15.340525	0.831773	-1.917379	30.626743	0.125304	-2782.695554	
0.276000	15.391263	0.888445	-1.920128	30.881175	0.164244	-2784.789167	
0.277000	15.378578	0.791292	-1.922642	31.128006	0.214866	-2786.795025	
0.278000	15.234819	1.001790	-1.925171	31.367338	0.370624	-2788.713911	
0.279000	15.306699	0.823676	-1.927616	31.599415	0.277169	-2790.546660	
0.280000	15.361666	0.669851	-1.929642	31.824446	0.148668	-2792.294167	
0.281000	15.306699	0.904637	-1.931045	32.042483	0.358942	-2793.957394	
0.282000	15.374350	0.937022	-1.931896	32.253538	0.281063	-2795.537353	
0.283000	15.239048	1.082751	-1.932512	32.457710	0.312215	-2797.035093	
0.284000	15.192537	0.896541	-1.933258	32.655252	0.179820	-2798.451672	
0.285000	15.340525	0.775100	-1.934326	32.846374	0.113622	-2799.788146	
0.286000	15.429317	0.807484	-1.935701	33.031119	0.242123	-2801.045534	
0.287000	15.471599	0.669851	-1.937281	33.209484	0.246017	-2802.224799	
0.288000	15.310927	0.847965	-1.939136	33.381567	0.257699	-2803.326855	
0.289000	15.192537	0.961310	-1.941545	33.547630	0.203184	-2804.352570	
0.290000	15.361666	0.775100	-1.944529	33.707896	0.082471	-2805.302772	
0.291000	15.310927	0.815580	-1.947579	33.862408	0.323897	-2806.178256	
0.292000	15.399719	0.767004	-1.950116	34.011161	0.218760	-2806.979797	
0.293000	15.243276	0.953214	-1.951972	34.154252	0.277169	-2807.708171	
0.294000	15.129114	0.896541	-1.953180	34.291945	0.292745	-2808.364185	
0.295000	15.378578	0.750812	-1.953627	34.424457	0.230441	-2808.948695	
0.296000	15.336296	0.815580	-1.953472	34.551815	0.382306	-2809.462614	
0.297000	15.395491	0.856061	-1.953495	34.673996	0.393988	-2809.906911	
0.298000	15.310927	0.920829	-1.954175	34.791091	0.269381	-2810.282612	
0.299000	15.217907	1.009886	-1.955217	34.903366	0.269381	-2810.590794	
0.300000	15.395491	0.783196	-1.956355	35.011035	0.140880	-2810.832565	0.000000
0.301000	15.420861	0.807484	-1.957618	35.114121	0.230441	-2811.009035	
0.302000	15.416632	0.880349	-1.959059	35.212592	0.187608	-2811.121283	
0.303000	15.332068	0.872253	-1.960627	35.306542	0.323897	-2811.170331	
0.304000	15.124886	1.131328	-1.962158	35.396237	0.242123	-2811.157151	
0.305000	15.403948	0.815580	-1.963431	35.481890	0.144774	-2811.082669	
0.306000	15.302471	0.847965	-1.964209	35.563518	0.316109	-2810.947760	
0.307000	15.344753	0.847965	-1.964285	35.641085	0.277169	-2810.753250	
0.308000	15.285558	0.953214	-1.963424	35.714689	0.246017	-2810.499927	
0.309000	15.133342	1.066559	-1.961365	35.784611	0.308321	-2810.188576	
0.310000	15.374350	0.969406	-1.957868	35.851068	0.144774	-2809.819999	
0.311000	15.378578	0.912733	-1.952843	35.914061	0.199290	-2809.395031	
0.312000	15.353209	0.831773	-1.946704	35.973539	0.253805	-2808.914550	
0.313000	15.310927	0.580794	-1.940082	36.029590	0.351155	-2808.379474	
0.314000	15.112201	0.839869	-1.933089	36.082490	0.249911	-2807.790777	
0.315000	15.382807	0.896541	-1.925742	36.132448	0.144774	-2807.149489	
0.316000	15.348981	0.815580	-1.918710	36.179457	0.339473	-2806.456683	
0.317000	15.374350	0.791292	-1.912852	36.223457	0.172032	-2805.713443	
0.318000	15.391263	0.904637	-1.908559	36.264539	0.281063	-2804.920831	
0.319000	15.137571	0.937022	-1.905785	36.302984	0.351155	-2804.079873	
0.320000	15.353209	1.050367	-1.904283	36.339003	0.144774	-2803.191543	
0.321000	15.344753	0.767004	-1.903920	36.372579	0.308321	-2802.256759	
0.322000	15.323612	0.799388	-1.904911	36.403639	0.117516	-2801.276390	
0.323000	15.365894	0.937022	-1.907489	36.432264	0.390094	-2800.251253	
0.324000	15.150255	0.977502	-1.911437	36.458732	0.370624	-2799.182116	
0.325000	15.315155	0.953214	-1.916102	36.483247	0.160350	-2798.069729	
0.326000	15.378578	0.864157	-1.920762	36.505780	0.304427	-2796.914838	
0.327000	15.332068	0.686043	-1.925054	36.526254	0.234335	-2795.718203	
0.328000	15.260189	0.880349	-1.928954	36.544756	0.370624	-2794.480619	
0.329000	15.137571	0.750812	-1.932454	36.561577	0.203184	-2793.202921	
0.330000	15.344753	1.026079	-1.935529	36.576925	0.004591	-2791.886002	
0.331000	15.382807	0.928926	-1.938037	36.590766	0.226548	-2790.530799	
0.332000	15.289786	0.904637	-1.939725	36.603017	0.335579	-2789.138291	
0.333000	15.353209	0.856061	-1.940600	36.613771	0.273275	-2787.709474	
0.334000	15.133342	0.734620	-1.940893	36.623333	0.253805	-2786.245350	
0.335000	15.310927	0.864157	-1.940847	36.631909	0.175926	-2784.746904	
0.336000	15.370122	0.880349	-1.940751	36.639450	0.292745	-2783.215074	
0.337000	15.281330	0.880349	-1.940773	36.645855	0.230441	-2781.650733	
0.338000	15.365894	0.985598	-1.940949	36.651211	0.284957	-2780.054695	
0.339000	15.124886	0.823676	-1.941484	36.655819	0.257699	-2778.427723	
0.340000	15.319384	0.767004	-1.942526	36.659870	0.234335	-2776.770538	
0.341000	15.535022	0.718427	-1.943763	36.663301	0.148668	-2775.083819	
0.342000	15.357437	0.896541	-1.944600	36.666002	0.210972	-2773.368224	
0.343000	15.353209	0.977502	-1.944583	36.668062	0.265487	-2771.624403	
0.344000	15.137571	0.726523	-1.943660	36.669785	0.386200	-2769.853025	
0.345000	15.370122	0.791292	-1.942054	36.671363	0.113622	-2768.054799	
0.346000	15.471599	0.831773	-1.939859	36.672719	0.397882	-2766.230476	
0.347000	15.315155	0.847965	-1.936989	36.673740	0.253805	-2764.380851	
0.348000	15.255960	1.017982	-1.933435	36.674514	0.300533	-2762.506770	
0.349000	15.091060	0.750812	-1.929422	36.675348	0.327791	-2760.609118	
0.350000	15.319384	0.880349	-1.925433	36.676424	0.304427	-2758.688804	
0.351000	15.429317	0.815580	-1.921901	36.677648	0.335579	-2756.746732	
0.352000	15.395491	0.799388	-1.918986	36.678889	0.253805	-2754.783772	
0.353000	15.222135	0.904637	-1.916822	36.680237	0.214866	-2752.800733	
0.354000	15.116430	0.839869	-1.915749	36.681996	0.366730	-2750.798366	
0.355000	15.243276	0.823676	-1.916275	36.684343	0.125304	-2748.777373	
0.356000	15.475827	0.831773	-1.918800	36.687169	0.323897	-2746.738404	
0.357000	15.450458	0.677947	-1.923082	36.690335	0.226548	-2744.682054	
0.358000	15.289786	0.969406	-1.928153	36.693927	0.300533	-2742.608877	
0.359000	15.120658	0.856061	-1.933012	36.698252	0.288851	-2740.519413	
0.360000	15.327840	0.839869	-1.936946	36.703476	0.183714	-2738.414207	
0.361000	15.306699	0.783196	-1.939245	36.709480	0.261593	-2736.293831	
0.362000	15.327840	0.726523	-1.939584	36.716122	0.175926	-2734.158892	
0.363000	15.184081	1.090847	-1.938131	36.723492	0.300533	-2732.010035	
0.364000	15.146027	0.961310	-1.934724	36.731901	0.382306	-2729.847952	
0.365000	15.327840	0.880349	-1.929282	36.741508	0.308321	-2727.673389	
0.366000	15.340525	0.864157	-1.922651	36.752177	0.397882	-2725.487131	
0.367000	15.429317	0.710331	-1.916081	36.763745	0.292745	-2723.289972	
0.368000	15.277101	0.928926	-1.910609	36.776299	0.320003	-2721.082688	
0.369000	15.175624	0.945118	-1.907026	36.790144	0.300533	-2718.866010	
0.370000	15.327840	0.904637	-1.905711	36.805431	0.148668	-2716.640619	
0.371000	15.357437	0.856061	-1.906487	36.822014	0.304427	-2714.407136	
0.372000	15.340525	0.799388	-1.909047	36.839728	0.164244	-2712.166126	
0.373000	15.277101	0.961310	-1.913234	36.858662	0.308321	-2709.918092	
0.374000	15.112201	1.017982	-1.918677	36.879121	0.246017	-2707.663482	
0.375000	15.294014	0.888445	-1.924674	36.901244	0.199290	-2705.402717	
0.376000	15.289786	1.050367	-1.930605	36.924875	0.312215	-2703.136210	
0.377000	15.344753	0.847965	-1.936187	36.949835	0.261593	-2700.864386	
0.378000	15.167168	0.880349	-1.941304	36.976205	0.386200	-2698.587697	
0.379000	15.158712	1.058463	-1.945342	37.004281	0.238229	-2696.306638	
0.380000	15.289786	0.831773	-1.947004	37.034191	0.203184	-2694.021753	
0.381000	15.370122	0.872253	-1.945536	37.065762	0.374518	-2691.733637	
0.382000	15.429317	0.669851	-1.941540	37.098809	0.281063	-2689.442927	
0.383000	15.272873	0.815580	-1.936229	37.133412	0.347261	-2687.150281	
0.384000	15.234819	0.953214	-1.930680	37.169867	0.144774	-2684.856363	
0.385000	15.353209	0.880349	-1.925783	37.208293	0.249911	-2682.561812	
0.386000	15.315155	0.993694	-1.922389	37.248511	0.265487	-2680.267217	
0.387000	15.425089	0.872253	-1.921265	37.290332	0.214866	-2677.973096	
0.388000	15.306699	0.532217	-1.922741	37.333844	0.222654	-2675.679900	
0.389000	15.196765	0.783196	-1.926393	37.379341	0.304427	-2673.388036	
0.390000	15.281330	0.864157	-1.931344	37.426935	0.253805	-2671.097859	
0.391000	15.319384	0.985598	-1.936730	37.476436	0.343367	-2668.809683	
0.392000	15.387035	0.945118	-1.941837	37.527646	0.284957	-2666.523792	
0.393000	15.260189	0.864157	-1.946255	37.580643	0.281063	-2664.240466	
0.394000	15.158712	0.896541	-1.949841	37.635711	0.347261	-2661.960002	
0.395000	15.420861	0.807484	-1.952439	37.692943	0.335579	-2659.682746	
0.396000	15.294014	0.767004	-1.954018	37.752127	0.292745	-2657.409091	
0.397000	15.442002	1.009886	-1.954852	37.813058	0.230441	-2655.139474	
0.398000	15.268645	0.775100	-1.955076	37.875819	0.312215	-2652.874373	
0.399000	15.175624	0.912733	-1.954597	37.940705	0.273275	-2650.614310	
0.400000	15.365894	0.888445	-1.953517	38.007807	0.129198	-2648.359827	0.000000
0.401000	15.387035	0.750812	-1.952098	38.076912	0.253805	-2646.111460	
0.402000	15.323612	0.864157	-1.950539	38.147809	0.246017	-2643.869705	
0.403000	15.234819	0.888445	-1.949026	38.220578	0.335579	-2641.634991	
0.404000	15.154483	0.791292	-1.947818	38.295496	0.335579	-2639.407686	
0.405000	15.365894	0.969406	-1.946839	38.372633	0.331685	-2637.188109	
0.406000	15.399719	0.888445	-1.945386	38.451759	0.331685	-2634.976534	
0.407000	15.179853	1.017982	-1.942876	38.532656	0.238229	-2632.773179	
0.408000	15.255960	0.783196	-1.939331	38.615399	0.230441	-2630.578222	
0.409000	15.272873	0.734620	-1.935086	38.700265	0.257699	-2628.391826	
0.410000	15.332068	0.872253	-1.930646	38.787312	0.269381	-2626.214159	
0.411000	15.429317	0.686043	-1.926520	38.876302	0.323897	-2624.045425	
0.412000	15.285558	0.896541	-1.922812	38.967014	0.218760	-2621.885863	
0.413000	15.243276	0.888445	-1.919298	39.059532	0.261593	-2619.735754	
0.414000	15.247504	0.847965	-1.916094	39.154137	0.265487	-2617.595417	
0.415000	15.365894	0.847965	-1.913555	39.250892	0.292745	-2615.465221	
0.416000	15.387035	0.775100	-1.911830	39.349556	0.351155	-2613.345570	
0.417000	15.315155	0.815580	-1.911089	39.449909	0.226548	-2611.236881	
0.418000	15.146027	0.920829	-1.911642	39.552041	0.164244	-2609.139552	
0.419000	15.222135	0.904637	-1.913678	39.656236	0.316109	-2607.053939	
0.420000	15.268645	0.928926	-1.916984	39.762545	0.238229	-2604.980345	
0.421000	15.378578	1.001790	-1.920954	39.870710	0.207078	-2602.919013	
0.422000	15.272873	0.669851	-1.924964	39.980502	0.117516	-2600.870137	
0.423000	15.255960	0.710331	-1.928638	40.092004	0.179820	-2598.833857	
0.424000	15.285558	0.856061	-1.931772	40.205492	0.136986	-2596.810260	
0.425000	15.336296	0.937022	-1.934205	40.321010	0.249911	-2594.799409	
0.426000	15.387035	0.767004	-1.936052	40.438299	0.253805	-2592.801355	
0.427000	15.327840	0.775100	-1.937698	40.557127	0.210972	-2590.816167	
0.428000	15.277101	0.734620	-1.939171	40.677581	0.253805	-2588.843944	
0.429000	15.234819	0.677947	-1.940000	40.799936	0.288851	-2586.884822	
0.430000	15.264417	1.017982	-1.939582	40.924234	0.413458	-2584.938976	
0.431000	15.294014	0.799388	-1.937388	41.050211	0.370624	-2583.006630	
0.432000	15.340525	0.847965	-1.933404	41.177634	0.207078	-2581.088053	
0.433000	15.171396	1.001790	-1.928342	41.306580	0.265487	-2579.183546	
0.434000	15.344753	0.807484	-1.923214	41.437317	0.343367	-2577.293412	
0.435000	15.243276	0.912733	-1.918987	41.569873	0.339473	-2575.417937	
0.436000	15.412404	0.775100	-1.916329	41.703976	0.281063	-2573.557359	
0.437000	15.484284	0.677947	-1.915689	41.839382	0.265487	-2571.711855	
0.438000	15.205222	0.904637	-1.917990	41.976170	0.249911	-2569.881543	
0.439000	15.420861	0.702235	-1.924265	42.114604	0.086365	-2568.066496	
0.440000	15.298242	0.969406	-1.934097	42.254710	0.063001	-2566.266739	
0.441000	15.391263	0.920829	-1.945539	42.396212	0.230441	-2564.482250	
0.442000	15.340525	0.718427	-1.956498	42.538872	0.261593	-2562.712979	
0.443000	15.099517	0.896541	-1.965519	42.682770	0.331685	-2560.958868	
0.444000	15.391263	0.734620	-1.971860	42.828173	0.183714	-2559.219880	
0.445000	15.112201	0.807484	-1.975310	42.975098	0.335579	-2557.496019	
0.446000	15.374350	0.791292	-1.975746	43.123266	0.296639	-2555.787336	
0.447000	15.408176	0.888445	-1.972956	43.272436	0.323897	-2554.093924	
0.448000	15.086832	0.928926	-1.967066	43.422689	0.292745	-2552.415924	
0.449000	15.387035	0.677947	-1.958932	43.574289	0.191502	-2550.753529	
0.450000	15.327840	0.710331	-1.949815	43.727248	0.257699	-2549.106960	
0.451000	15.323612	0.823676	-1.940786	43.881283	0.273275	-2547.476437	
0.452000	15.387035	0.750812	-1.932599	44.036152	0.164244	-2545.862143	
0.453000	15.103745	0.912733	-1.925831	44.191939	0.148668	-2544.264206	
0.454000	15.425089	0.718427	-1.920822	44.348906	0.168138	-2542.682695	
0.455000	15.310927	1.107039	-1.917627	44.507063	0.323897	-2541.117627	
0.456000	15.395491	0.912733	-1.916013	44.666131	0.292745	-2539.568967	
0.457000	15.327840	0.864157	-1.915580	44.825867	0.172032	-2538.036628	
0.458000	15.036094	0.872253	-1.915965	44.986352	0.261593	-2536.520484	
0.459000	15.353209	0.912733	-1.916808	45.147836	0.249911	-2535.020396	
0.460000	15.357437	0.831773	-1.917846	45.310318	0.323897	-2533.536236	
0.461000	15.361666	0.961310	-1.919113	45.473509	0.308321	-2532.067914	
0.462000	15.298242	0.856061	-1.920796	45.637167	0.249911	-2530.615377	
0.463000	15.044550	0.750812	-1.922835	45.801371	0.179820	-2529.178622	
0.464000	15.475827	0.791292	-1.924960	45.966364	0.175926	-2527.757695	
0.465000	15.395491	0.783196	-1.926989	46.132141	0.370624	-2526.352702	
0.466000	15.395491	0.969406	-1.929018	46.298409	0.355048	-2524.963787	
0.467000	15.344753	0.847965	-1.931429	46.464926	0.183714	-2523.591106	
0.468000	15.091060	0.969406	-1.934426	46.631777	0.308321	-2522.234798	
0.469000	15.446230	0.880349	-1.937723	46.799211	0.203184	-2520.894957	
0.470000	15.306699	0.758908	-1.940797	46.967229	0.265487	-2519.571620	
0.471000	15.268645	0.856061	-1.942976	47.135546	0.436822	-2518.264772	
0.472000	15.344753	0.791292	-1.943641	47.303923	0.207078	-2516.974347	
0.473000	15.103745	0.888445	-1.942927	47.472440	0.343367	-2515.700226	
0.474000	15.315155	0.953214	-1.941541	47.641340	0.358942	-2514.442241	
0.475000	15.298242	0.896541	-1.939885	47.810613	0.351155	-2513.200196	
0.476000	15.310927	0.896541	-1.938050	47.979968	0.292745	-2511.973897	
0.477000	15.382807	0.742716	-1.936197	48.149157	0.179820	-2510.763170	
0.478000	15.116430	0.880349	-1.934565	48.318257	0.246017	-2509.567880	
0.479000	15.488512	0.823676	-1.933475	48.487506	0.269381	-2508.387936	
0.480000	15.348981	1.001790	-1.933377	48.656896	0.331685	-2507.223294	
0.481000	15.310927	0.864157	-1.934530	48.826139	0.234335	-2506.073965	
0.482000	15.513881	0.993694	-1.936731	48.994998	0.183714	-2504.940007	
0.483000	15.167168	0.904637	-1.939648	49.163558	0.316109	-2503.821511	
0.484000	15.395491	0.880349	-1.943065	49.332063	0.300533	-2502.718568	
0.485000	15.340525	0.920829	-1.946813	49.500512	0.366730	-2501.631250	
0.486000	15.268645	0.783196	-1.950825	49.668617	0.456292	-2500.559578	
0.487000	15.492740	0.831773	-1.955021	49.836140	0.246017	-2499.503515	
0.488000	15.124886	0.823676	-1.959333	50.003154	0.413458	-2498.462972	
0.489000	15.395491	0.985598	-1.963951	50.169894	0.168138	-2497.437818	
0.490000	15.348981	0.896541	-1.968934	50.336347	0.335579	-2496.427873	
0.491000	15.399719	0.726523	-1.973670	50.502224	0.545853	-2495.432924	
0.492000	15.391263	0.815580	-1.977197	50.667284	0.160350	-2494.452738	
0.493000	15.251732	0.880349	-1.978818	50.831602	0.195396	-2493.487085	
0.494000	15.416632	0.864157	-1.978371	50.995414	0.238229	-2492.535754	
0.495000	15.361666	0.912733	-1.976325	51.158715	0.370624	-2491.598577	
0.496000	15.357437	0.856061	-1.973612	51.321229	0.308321	-2490.675426	
0.497000	15.289786	0.661755	-1.971042	51.482726	0.203184	-2489.766223	
0.498000	15.200994	0.791292	-1.968818	51.643282	0.257699	-2488.870942	
0.499000	15.387035	0.928926	-1.966699	51.803127	0.183714	-2487.989605	
0.500000	15.277101	0.977502	-1.964475	51.962247	0.397882	-2487.122265	0.000000
0.501000	15.323612	0.977502	-1.962031	52.120364	0.366730	-2486.268969	
0.502000	15.294014	0.945118	-1.959132	52.277245	0.308321	-2485.429740	
0.503000	15.200994	0.831773	-1.955494	52.432961	0.327791	-2484.604547	
0.504000	15.458914	1.147520	-1.951314	52.587740	0.273275	-2483.793309	
0.505000	15.412404	0.928926	-1.947409	52.741572	0.300533	-2482.995901	
0.506000	15.412404	0.847965	-1.944371	52.894179	0.335579	-2482.212156	
0.507000	15.395491	0.888445	-1.942085	53.045338	0.183714	-2481.441854	
0.508000	15.196765	0.831773	-1.940132	53.195121	0.191502	-2480.684743	
0.509000	15.492740	0.710331	-1.938199	53.343752	0.257699	-2479.940558	
0.510000	15.357437	0.961310	-1.936209	53.491217	0.432928	-2479.209043	
0.511000	15.357437	0.937022	-1.934195	53.637250	0.249911	-2478.489974	
0.512000	15.294014	0.750812	-1.931804	53.781633	0.249911	-2477.783166	
0.513000	15.158712	0.823676	-1.927836	53.924442	0.378412	-2477.088479	
0.514000	15.488512	0.702235	-1.920924	54.065896	0.347261	-2476.405824	
0.515000	15.323612	1.082751	-1.910993	54.205979	0.335579	-2475.735169	
0.516000	15.416632	0.945118	-1.899419	54.344424	0.460186	-2475.076529	
0.517000	15.319384	0.945118	-1.887959	54.481011	0.304427	-2474.429936	
0.518000	15.192537	0.864157	-1.877965	54.615805	0.207078	-2473.795418	
0.519000	15.543479	0.613178	-1.870291	54.749018	0.257699	-2473.172966	
0.520000	15.403948	0.831773	-1.865539	54.880638	0.277169	-2472.562515	
0.521000	15.408176	0.985598	-1.864164	55.010405	0.277169	-2471.963953	
0.522000	15.319384	1.082751	-1.866274	55.138107	0.288851	-2471.377123	
0.523000	15.226363	0.783196	-1.871390	55.263817	0.253805	-2470.801817	
0.524000	15.522337	0.856061	-1.878564	55.387747	0.261593	-2470.237778	
0.525000	15.289786	0.872253	-1.886749	55.509887	0.253805	-2469.684722	
0.526000	15.416632	0.928926	-1.894944	55.629990	0.347261	-2469.142364	
0.527000	15.272873	0.920829	-1.902359	55.747854	0.362836	-2468.610440	
0.528000	15.205222	0.896541	-1.908623	55.863555	0.300533	-2468.088727	
0.529000	15.496968	0.888445	-1.913421	55.977306	0.218760	-2467.577042	
0.530000	15.332068	0.815580	-1.916198	56.089099	0.296639	-2467.075252	
0.531000	15.416632	0.815580	-1.916626	56.198687	0.320003	-2466.583281	
0.532000	15.403948	0.556506	-1.915104	56.305870	0.121410	-2466.101111	
0.533000	15.209450	0.856061	-1.912695	56.410715	0.281063	-2465.628761	
0.534000	15.526566	0.742716	-1.910493	56.513429	0.144774	-2465.166259	
0.535000	15.319384	0.815580	-1.909250	56.614004	0.238229	-2464.713612	
0.536000	15.412404	0.807484	-1.909412	56.712200	0.304427	-2464.270785	
0.537000	15.429317	0.953214	-1.910964	56.807825	0.203184	-2463.837687	
0.538000	15.285558	0.831773	-1.913721	56.900959	0.242123	-2463.414173	
0.539000	15.454686	0.823676	-1.917785	56.991822	0.281063	-2463.000050	
0.540000	15.285558	0.767004	-1.923065	57.080418	0.284957	-2462.595070	
0.541000	15.336296	0.823676	-1.928805	57.166516	0.320003	-2462.198949	
0.542000	15.420861	0.783196	-1.934037	57.249926	0.230441	-2461.811390	
0.543000	15.247504	0.888445	-1.938041	57.330729	0.308321	-2461.432101	
0.544000	15.442002	0.880349	-1.940532	57.409141	0.304427	-2461.060820	
0.545000	15.353209	0.758908	-1.941678	57.485167	0.308321	-2460.697327	
0.546000	15.420861	0.791292	-1.941634	57.558579	0.249911	-2460.341450	
0.547000	15.403948	0.645563	-1.940231	57.629198	0.210972	-2459.993075	
0.548000	15.336296	0.807484	-1.937379	57.697105	0.156456	-2459.652155	
0.549000	15.458914	0.945118	-1.933439	57.762512	0.187608	-2459.318692	
0.550000	15.344753	0.799388	-1.929124	57.825428	0.292745	-2458.992717	
0.551000	15.353209	0.864157	-1.925089	57.885637	0.343367	-2458.674254	
0.552000	15.378578	0.791292	-1.921748	57.942966	0.238229	-2458.363294	
0.553000	15.281330	0.823676	-1.919499	57.997496	0.207078	-2458.059781	
0.554000	15.437773	0.888445	-1.918372	58.049437	0.281063	-2457.763606	
0.555000	15.294014	0.823676	-1.917484	58.098800	0.436822	-2457.474612	
0.556000	15.264417	1.171808	-1.915852	58.145373	0.382306	-2457.192593	
0.557000	15.408176	0.775100	-1.913494	58.188980	0.195396	-2456.917299	
0.558000	15.327840	0.864157	-1.911050	58.229696	0.175926	-2456.648452	
0.559000	15.488512	0.750812	-1.908958	58.267723	0.261593	-2456.385773	
0.560000	15.361666	0.718427	-1.907317	58.303071	0.327791	-2456.128996	
0.561000	15.382807	0.969406	-1.906157	58.335536	0.304427	-2455.877887	
0.562000	15.348981	0.831773	-1.905882	58.364954	0.214866	-2455.632261	
0.563000	15.285558	0.726523	-1.907518	58.391410	0.187608	-2455.391980	
0.564000	15.454686	1.009886	-1.911952	58.415120	0.199290	-2455.156959	
0.565000	15.353209	0.831773	-1.918883	58.436104	0.405670	-2454.927168	
0.566000	15.395491	1.236577	-1.927242	58.454172	0.335579	-2454.702621	
0.567000	15.361666	0.880349	-1.936171	58.469168	0.261593	-2454.483349	
0.568000	15.306699	0.823676	-1.945117	58.481186	0.238229	-2454.269374	
0.569000	15.446230	0.920829	-1.953719	58.490440	0.257699	-2454.060687	
0.570000	15.382807	0.977502	-1.961782	58.496953	0.347261	-2453.857226	
0.571000	15.272873	0.888445	-1.969178	58.500533	0.265487	-2453.658885	
0.572000	15.327840	0.742716	-1.975928	58.501025	0.249911	-2453.465517	
0.573000	15.450458	0.629370	-1.982101	58.498506	0.121410	-2453.276930	
0.574000	15.492740	0.839869	-1.987443	58.493179	0.199290	-2453.092889	
0.575000	15.442002	0.856061	-1.991401	58.485059	0.273275	-2452.913130	
0.576000	15.315155	1.058463	-1.993575	58.473962	0.390094	-2452.737390	
0.577000	15.289786	0.977502	-1.993932	58.459742	0.148668	-2452.565430	
0.578000	15.420861	0.888445	-1.992666	58.442487	0.269381	-2452.397049	
0.579000	15.416632	0.831773	-1.990259	58.422407	0.312215	-2452.232090	
0.580000	15.200994	0.839869	-1.987505	58.399531	0.499125	-2452.070438	
0.581000	15.285558	0.993694	-1.984847	58.373685	0.421246	-2451.912036	
0.582000	15.272873	0.937022	-1.982100	58.344730	0.370624	-2451.756881	
0.583000	15.403948	0.912733	-1.979130	58.312750	0.281063	-2451.605008	
0.584000	15.403948	0.864157	-1.976116	58.277949	0.366730	-2451.456462	
0.585000	15.340525	0.888445	-1.973290	58.240351	0.292745	-2451.311272	
0.586000	15.433545	1.017982	-1.970940	58.199784	0.362836	-2451.169430	
0.587000	15.344753	0.880349	-1.969271	58.156107	0.355048	-2451.030875	
0.588000	15.437773	0.783196	-1.968166	58.109407	0.168138	-2450.895506	
0.589000	15.488512	0.686043	-1.967485	58.059889	0.242123	-2450.763177	
0.590000	15.353209	0.912733	-1.967204	58.007588	0.292745	-2450.633690	
0.591000	15.378578	1.017982	-1.967035	57.952341	0.362836	-2450.506811	
0.592000	15.260189	0.937022	-1.966438	57.894021	0.288851	-2450.382289	
0.593000	15.391263	0.920829	-1.965023	57.832718	0.160350	-2450.259876	
0.594000	15.454686	0.791292	-1.962768	57.768633	0.277169	-2450.139347	
0.595000	15.196765	0.791292	-1.959828	57.701796	0.382306	-2450.020510	
0.596000	15.382807	1.107039	-1.956399	57.632046	0.386200	-2449.903224	
0.597000	15.277101	1.074655	-1.952771	57.559256	0.296639	-2449.787406	
0.598000	15.454686	0.880349	-1.949142	57.483509	0.207078	-2449.673034	
0.599000	15.467371	0.807484	-1.945574	57.405000	0.281063	-2449.560142	
0.600000	15.327840	0.750812	-1.942261	57.323760	0.331685	-2449.448790	0.000000
0.601000	15.408176	0.937022	-1.939466	57.239634	0.382306	-2449.339047	
0.602000	15.387035	0.823676	-1.937408	57.152501	0.175926	-2449.230961	
0.603000	15.442002	0.920829	-1.936281	57.062452	0.074683	-2449.124535	
0.604000	15.522337	1.042271	-1.936028	56.969691	0.284957	-2449.019716	
0.605000	15.192537	0.888445	-1.936420	56.874259	0.277169	-2448.916396	
0.606000	15.391263	1.074655	-1.937487	56.776014	0.355048	-2448.814418	
0.607000	15.332068	0.686043	-1.939291	56.674842	0.335579	-2448.713581	
0.608000	15.429317	0.896541	-1.941450	56.570838	0.140880	-2448.613659	
0.609000	15.378578	0.799388	-1.943382	56.464204	0.284957	-2448.514415	
0.610000	15.285558	0.872253	-1.944889	56.354978	0.343367	-2448.415620	
0.611000	15.370122	1.163712	-1.946169	56.243016	0.366730	-2448.317075	
0.612000	15.370122	1.139424	-1.947095	56.128204	0.214866	-2448.218633	
0.613000	15.492740	0.912733	-1.946794	56.010630	0.031849	-2448.120204	
0.614000	15.433545	0.718427	-1.944285	55.890492	0.253805	-2448.021756	
0.615000	15.272873	0.831773	-1.939444	55.767826	0.277169	-2447.923310	
0.616000	15.361666	1.204192	-1.933062	55.642497	0.304427	-2447.824934	
0.617000	15.387035	0.847965	-1.926086	55.514395	0.121410	-2447.726719	
0.618000	15.454686	0.912733	-1.919118	55.383611	0.121410	-2447.628758	
0.619000	15.467371	0.937022	-1.912495	55.250344	0.199290	-2447.531109	
0.620000	15.234819	0.904637	-1.906569	55.114640	0.355048	-2447.433767	
0.621000	15.315155	1.050367	-1.901987	54.976370	0.265487	-2447.336671	
0.622000	15.387035	0.831773	-1.899760	54.835430	0.222654	-2447.239715	
0.623000	15.310927	0.928926	-1.900531	54.691909	0.144774	-2447.142751	
0.624000	15.391263	0.831773	-1.903868	54.545999	0.242123	-2447.045588	
0.625000	15.306699	0.961310	-1.908693	54.397742	0.312215	-2446.948004	
0.626000	15.310927	1.171808	-1.914005	54.247012	0.195396	-2446.849782	
0.627000	15.429317	0.750812	-1.919145	54.093707	0.195396	-2446.750731	
0.628000	15.543479	0.758908	-1.923667	53.937916	0.172032	-2446.650709	
0.629000	15.518109	0.726523	-1.927166	53.779827	0.207078	-2446.549623	
0.630000	15.395491	0.758908	-1.928968	53.619488	0.323897	-2446.447422	
0.631000	15.234819	1.098943	-1.928140	53.456781	0.222654	-2446.344110	
0.632000	15.458914	0.831773	-1.924495	53.291610	0.043531	-2446.239745	
0.633000	15.488512	0.823676	-1.918982	53.124065	0.039637	-2446.134421	
0.634000	15.463143	0.839869	-1.912716	52.954332	0.172032	-2446.028239	
0.635000	15.332068	0.775100	-1.906374	52.782460	0.265487	-2445.921280	
0.636000	15.264417	1.098943	-1.900493	52.608337	0.335579	-2445.813581	
0.637000	15.344753	0.920829	-1.895843	52.431872	0.168138	-2445.705130	
0.638000	15.496968	0.977502	-1.893487	52.253148	0.261593	-2445.595874	
0.639000	15.458914	0.839869	-1.894431	52.072346	0.238229	-2445.485716	
0.640000	15.387035	0.928926	-1.898781	51.889510	0.358942	-2445.374511	
0.641000	15.310927	1.026079	-1.905409	51.704533	0.327791	-2445.262075	
0.642000	15.357437	0.807484	-1.912775	51.517324	0.296639	-2445.148216	
0.643000	15.501196	0.726523	-1.919758	51.327972	-0.003197	-2445.032747	
0.644000	15.446230	0.799388	-1.925725	51.136660	0.191502	-2444.915505	
0.645000	15.391263	0.783196	-1.930288	50.943439	0.246017	-2444.796367	
0.646000	15.306699	0.953214	-1.933521	50.748204	0.288851	-2444.675258	
0.647000	15.315155	1.058463	-1.936042	50.550873	0.226548	-2444.552156	
0.648000	15.484284	0.734620	-1.938175	50.351536	0.125304	-2444.427098	
0.649000	15.408176	0.847965	-1.939723	50.150379	0.246017	-2444.300168	
0.650000	15.336296	0.799388	-1.940731	49.947454	0.288851	-2444.171475	
0.651000	15.332068	1.034175	-1.941471	49.742660	0.378412	-2444.041136	
0.652000	15.319384	0.961310	-1.942039	49.535918	0.288851	-2443.909247	
0.653000	15.446230	0.856061	-1.942555	49.327316	0.136986	-2443.775859	
0.654000	15.399719	0.815580	-1.943320	49.117035	0.218760	-2443.640972	
0.655000	15.429317	0.742716	-1.944823	48.905124	0.234335	-2443.504537	
0.656000	15.420861	0.961310	-1.947606	48.691484	0.300533	-2443.366461	
0.657000	15.370122	0.953214	-1.951634	48.476038	0.191502	-2443.226615	
0.658000	15.450458	0.815580	-1.956131	48.258874	0.117516	-2443.084844	
0.659000	15.387035	0.880349	-1.960200	48.040172	0.214866	-2442.940977	
0.660000	15.365894	0.961310	-1.963272	47.819981	0.308321	-2442.794845	
0.661000	15.348981	1.009886	-1.965181	47.598211	0.397882	-2442.646310	
0.662000	15.200994	0.945118	-1.965913	47.374789	0.234335	-2442.495278	
0.663000	15.484284	0.839869	-1.965493	47.149806	0.109728	-2442.341712	
0.664000	15.272873	0.783196	-1.964187	46.923437	0.281063	-2442.185625	
0.665000	15.348981	1.009886	-1.962286	46.695732	0.323897	-2442.027083	
0.666000	15.357437	1.074655	-1.959982	46.466596	0.456292	-2441.866197	
0.667000	15.302471	0.912733	-1.957632	46.235955	0.222654	-2441.703113	
0.668000	15.505425	0.831773	-1.955625	46.003895	-0.007091	-2441.537978	
0.669000	15.387035	0.750812	-1.954080	45.770584	0.249911	-2441.370905	
0.670000	15.403948	0.961310	-1.952960	45.536073	0.187608	-2441.201948	
0.671000	15.480055	0.775100	-1.952603	45.300278	0.316109	-2441.031111	
0.672000	15.382807	0.799388	-1.953896	45.063129	0.098047	-2440.858359	
0.673000	15.480055	0.928926	-1.957332	44.824709	0.047425	-2440.683612	
0.674000	15.467371	0.669851	-1.962188	44.585188	0.261593	-2440.506742	
0.675000	15.260189	0.977502	-1.967087	44.344622	0.273275	-2440.327581	
0.676000	15.336296	1.026079	-1.970944	44.102934	0.277169	-2440.145958	
0.677000	15.289786	0.807484	-1.973249	43.860061	0.121410	-2439.961725	
0.678000	15.412404	0.815580	-1.973962	43.616085	0.090259	-2439.774781	
0.679000	15.522337	0.904637	-1.973181	43.371172	0.234335	-2439.585071	
0.680000	15.255960	1.204192	-1.970736	43.125369	0.366730	-2439.392585	
0.681000	15.391263	1.050367	-1.966386	42.878593	0.320003	-2439.197368	
0.682000	15.378578	0.839869	-1.960403	42.630777	0.230441	-2438.999530	
0.683000	15.522337	0.880349	-1.953657	42.382000	-0.018773	-2438.799227	
0.684000	15.492740	0.726523	-1.947125	42.132423	0.210972	-2438.596625	
0.685000	15.285558	1.066559	-1.941382	41.882100	0.308321	-2438.391869	
0.686000	15.348981	0.993694	-1.936663	41.630961	0.105834	-2438.185057	
0.687000	15.395491	0.758908	-1.933079	41.378943	0.265487	-2437.976239	
0.688000	15.463143	0.912733	-1.930565	41.126126	0.168138	-2437.765412	
0.689000	15.416632	0.920829	-1.929074	40.872668	0.140880	-2437.552530	
0.690000	15.255960	0.872253	-1.928652	40.618623	0.339473	-2437.337488	
0.691000	15.251732	1.082751	-1.929096	40.363923	0.386200	-2437.120141	
0.692000	15.327840	0.799388	-1.929946	40.108510	0.222654	-2436.900333	
0.693000	15.463143	0.945118	-1.930802	39.852453	0.125304	-2436.677916	
0.694000	15.437773	0.823676	-1.931587	39.595897	0.179820	-2436.452770	
0.695000	15.361666	1.147520	-1.932473	39.338887	0.308321	-2436.224813	
0.696000	15.353209	0.839869	-1.933571	39.081350	0.390094	-2435.994014	
0.697000	15.281330	0.847965	-1.934827	38.823224	0.070789	-2435.760400	
0.698000	15.496968	0.807484	-1.936028	38.564579	0.020167	-2435.524059	
0.699000	15.475827	0.742716	-1.936999	38.305563	0.218760	-2435.285128	
0.700000	15.370122	1.001790	-1.937846	38.046228	0.292745	-2435.043769	0.000000
0.701000	15.323612	1.026079	-1.938728	37.786508	0.234335	-2434.800144	
0.702000	15.348981	0.928926	-1.939613	37.526353	0.261593	-2434.554390	
0.703000	15.395491	1.017982	-1.940445	37.265831	0.160350	-2434.306596	
0.704000	15.370122	0.912733	-1.941242	37.005087	0.172032	-2434.056794	
0.705000	15.200994	0.742716	-1.942031	36.744166	0.510807	-2433.804960	
0.706000	15.344753	1.098943	-1.942887	36.483003	0.378412	-2433.551033	
0.707000	15.294014	1.017982	-1.943876	36.221547	0.172032	-2433.294910	
0.708000	15.353209	0.953214	-1.944853	35.959863	0.125304	-2433.036465	
0.709000	15.425089	0.912733	-1.945498	35.698091	0.320003	-2432.775556	
0.710000	15.403948	0.783196	-1.945565	35.436275	0.222654	-2432.512055	
0.711000	15.319384	0.961310	-1.944878	35.174356	0.362836	-2432.245864	
0.712000	15.361666	0.783196	-1.943250	34.912284	0.144774	-2431.976940	
0.713000	15.344753	0.710331	-1.940803	34.650122	0.086365	-2431.705295	
0.714000	15.458914	0.856061	-1.938046	34.388003	0.199290	-2431.430984	
0.715000	15.365894	1.001790	-1.935338	34.125973	0.203184	-2431.154110	
0.716000	15.294014	0.904637	-1.932805	33.863978	0.312215	-2430.874821	
0.717000	15.391263	0.823676	-1.930679	33.601974	0.063001	-2430.593292	
0.718000	15.378578	0.831773	-1.929195	33.340025	0.121410	-2430.309695	
0.719000	15.327840	0.856061	-1.928322	33.078265	0.327791	-2430.024163	
0.720000	15.382807	0.904637	-1.927850	32.816738	0.390094	-2429.736768	
0.721000	15.289786	0.969406	-1.928071	32.555397	0.277169	-2429.447533	
0.722000	15.357437	0.847965	-1.929953	32.294196	0.152562	-2429.156445	
0.723000	15.463143	0.702235	-1.933916	32.033191	0.024061	-2428.863454	
0.724000	15.480055	0.823676	-1.939162	31.772504	0.175926	-2428.568456	
0.725000	15.344753	0.904637	-1.944478	31.512179	0.195396	-2428.271318	
0.726000	15.348981	0.831773	-1.949083	31.252173	0.218760	-2427.971903	
0.727000	15.382807	0.888445	-1.952946	30.992447	0.226548	-2427.670102	
0.728000	15.526566	0.775100	-1.956256	30.733056	0.109728	-2427.365854	
0.729000	15.323612	0.888445	-1.959041	30.474120	0.288851	-2427.059132	
0.730000	15.281330	1.066559	-1.961735	30.215684	0.136986	-2426.749950	
0.731000	15.272873	1.026079	-1.964713	29.957715	0.339473	-2426.438378	
0.732000	15.154483	0.856061	-1.967466	29.700181	0.175926	-2426.124543	
0.733000	15.450458	0.734620	-1.969345	29.443131	0.055213	-2425.808614	
0.734000	15.374350	1.050367	-1.970120	29.186667	0.207078	-2425.490768	
0.735000	15.315155	1.107039	-1.969634	28.930826	0.261593	-2425.171158	
0.736000	15.323612	0.985598	-1.967875	28.675579	0.327791	-2424.849896	
0.737000	15.378578	0.572698	-1.964910	28.420898	0.090259	-2424.527051	
0.738000	15.539250	0.580794	-1.960554	28.166832	0.082471	-2424.202649	
0.739000	15.429317	0.661755	-1.954823	27.913486	0.242123	-2423.876670	
0.740000	15.323612	1.034175	-1.948293	27.660902	0.195396	-2423.549041	
0.741000	15.319384	1.139424	-1.941538	27.409058	0.195396	-2423.219644	
0.742000	15.315155	0.880349	-1.934804	27.157930	0.125304	-2422.888349	
0.743000	15.480055	0.750812	-1.928391	26.907566	0.140880	-2422.555028	
0.744000	15.387035	0.807484	-1.922859	26.658069	0.230441	-2422.219575	
0.745000	15.310927	1.042271	-1.918568	26.409479	0.343367	-2421.881920	
0.746000	15.243276	1.017982	-1.915124	26.161780	0.312215	-2421.542042	
0.747000	15.285558	1.131328	-1.911451	25.914950	0.105834	-2421.199980	
0.748000	15.454686	0.839869	-1.906773	25.669033	0.090259	-2420.855834	
0.749000	15.408176	0.831773	-1.901432	25.424118	0.136986	-2420.509751	
0.750000	15.357437	1.082751	-1.896506	25.180235	0.101940	-2420.161904	
0.751000	15.382807	0.710331	-1.893017	24.937359	0.323897	-2419.812471	
0.752000	15.327840	0.920829	-1.891631	24.695461	0.113622	-2419.461615	
0.753000	15.501196	0.645563	-1.892667	24.454578	0.090259	-2419.109453	
0.754000	15.437773	0.791292	-1.896110	24.214796	0.160350	-2418.756039	
0.755000	15.399719	1.066559	-1.901785	23.976147	0.316109	-2418.401376	
0.756000	15.382807	0.888445	-1.909470	23.738608	0.226548	-2418.045417	
0.757000	15.243276	1.082751	-1.918611	23.502159	0.140880	-2417.688079	
0.758000	15.399719	0.896541	-1.928188	23.266839	0.105834	-2417.329245	
0.759000	15.370122	0.718427	-1.937140	23.032733	0.284957	-2416.968783	
0.760000	15.251732	1.147520	-1.944797	22.799878	0.452398	-2416.606563	
0.761000	15.382807	1.009886	-1.950951	22.568267	0.304427	-2416.242492	
0.762000	15.184081	0.847965	-1.955685	22.337889	0.109728	-2415.876532	
0.763000	15.387035	1.163712	-1.958864	22.108777	0.133092	-2415.508703	
0.764000	15.365894	0.742716	-1.959915	21.881002	0.277169	-2415.139070	
0.765000	15.357437	0.937022	-1.958536	21.654595	0.312215	-2414.767750	
0.766000	15.429317	0.807484	-1.955152	21.429557	0.175926	-2414.394908	
0.767000	15.365894	0.783196	-1.950506	21.205890	0.059107	-2414.020743	
0.768000	15.395491	1.001790	-1.945545	20.983631	0.105834	-2413.645453	
0.769000	15.399719	0.742716	-1.941399	20.762848	0.234335	-2413.269189	
0.770000	15.336296	1.293249	-1.938792	20.543572	0.378412	-2412.892040	
0.771000	15.420861	1.171808	-1.937739	20.325806	0.222654	-2412.514037	
0.772000	15.272873	0.742716	-1.937893	20.109550	0.109728	-2412.135177	
0.773000	15.336296	0.872253	-1.938914	19.894833	0.164244	-2411.755409	
0.774000	15.429317	0.815580	-1.940487	19.681716	0.300533	-2411.374633	
0.775000	15.302471	1.155616	-1.942208	19.470221	0.292745	-2410.992711	
0.776000	15.340525	0.888445	-1.943673	19.260341	0.378412	-2410.609510	
0.777000	15.357437	0.694139	-1.944667	19.052071	0.125304	-2410.224926	
0.778000	15.437773	0.839869	-1.945203	18.845429	0.203184	-2409.838907	
0.779000	15.501196	0.783196	-1.945518	18.640465	0.183714	-2409.451441	
0.780000	15.344753	0.993694	-1.945991	18.437203	0.238229	-2409.062557	
0.781000	15.336296	0.783196	-1.946700	18.235656	0.312215	-2408.672338	
0.782000	15.340525	0.564602	-1.947365	18.035830	0.070789	-2408.280928	
0.783000	15.425089	0.904637	-1.947906	17.837749	0.187608	-2407.888509	
0.784000	15.437773	0.864157	-1.948456	17.641459	0.234335	-2407.495266	
0.785000	15.277101	1.050367	-1.949121	17.446981	0.456292	-2407.101356	
0.786000	15.277101	1.009886	-1.950124	17.254321	0.296639	-2406.706895	
0.787000	15.323612	0.742716	-1.951708	17.063476	0.203184	-2406.311948	
0.788000	15.420861	0.880349	-1.953889	16.874458	0.164244	-2405.916537	
0.789000	15.463143	0.937022	-1.956600	16.687299	0.331685	-2405.520638	
0.790000	15.268645	1.058463	-1.959646	16.502024	0.261593	-2405.124176	
0.791000	15.323612	1.050367	-1.962487	16.318673	0.308321	-2404.727033	
0.792000	15.450458	0.686043	-1.964526	16.137279	0.152562	-2404.329081	
0.793000	15.395491	0.831773	-1.965440	15.957856	0.164244	-2403.930201	
0.794000	15.492740	0.775100	-1.965183	15.780434	0.249911	-2403.530296	
0.795000	15.357437	0.856061	-1.963917	15.605029	0.222654	-2403.129305	
0.796000	15.260189	1.107039	-1.961797	15.431676	0.362836	-2402.727216	
0.797000	15.378578	0.864157	-1.958686	15.260396	0.008485	-2402.324069	
0.798000	15.344753	0.880349	-1.954369	15.091195	0.269381	-2401.919966	
0.799000	15.442002	0.864157	-1.949067	14.924090	0.292745	-2401.515051	
0.800000	15.357437	0.993694	-1.943533	14.759100	0.355048	-2401.109491	0.000000
0.801000	15.217907	1.034175	-1.938612	14.596266	0.308321	-2400.703459	
0.802000	15.370122	0.961310	-1.934712	14.435616	0.129198	-2400.297105	
0.803000	15.391263	0.985598	-1.931797	14.277148	0.199290	-2399.890537	
0.804000	15.433545	0.961310	-1.929804	14.120866	0.269381	-2399.483805	
0.805000	15.378578	0.767004	-1.928934	13.966779	0.347261	-2399.076910	
0.806000	15.294014	1.017982	-1.929575	13.814930	0.288851	-2398.669812	
0.807000	15.315155	0.750812	-1.931719	13.665352	0.070789	-2398.262433	
0.808000	15.420861	0.799388	-1.934596	13.518044	0.234335	-2397.854664	
0.809000	15.387035	0.742716	-1.937184	13.373007	0.257699	-2397.446377	
0.810000	15.403948	0.896541	-1.938722	13.230254	0.246017	-2397.037448	
0.811000	15.285558	1.001790	-1.938627	13.089839	0.327791	-2396.627782	
0.812000	15.289786	1.074655	-1.936563	12.951805	0.070789	-2396.217336	
0.813000	15.365894	0.669851	-1.932810	12.816147	0.316109	-2395.806115	
0.814000	15.243276	0.775100	-1.928091	12.682860	0.390094	-2395.394170	
0.815000	15.391263	0.864157	-1.922988	12.551950	0.355048	-2394.981599	
0.816000	15.357437	1.074655	-1.917921	12.423469	0.269381	-2394.568554	
0.817000	15.344753	0.969406	-1.913395	12.297451	0.129198	-2394.155215	
0.818000	15.412404	0.847965	-1.909875	12.173880	0.160350	-2393.741766	
0.819000	15.332068	0.783196	-1.907598	12.052734	0.207078	-2393.328353	
0.820000	15.429317	1.026079	-1.906622	11.934013	0.257699	-2392.915061	
0.821000	15.378578	0.799388	-1.907113	11.817781	0.222654	-2392.501925	
0.822000	15.289786	0.864157	-1.909459	11.704088	0.105834	-2392.088947	
0.823000	15.433545	0.775100	-1.913788	11.592918	0.164244	-2391.676082	
0.824000	15.370122	0.920829	-1.919499	11.484245	0.312215	-2391.263232	
0.825000	15.348981	1.034175	-1.925555	11.378072	0.308321	-2390.850257	
0.826000	15.302471	0.750812	-1.931039	11.274474	0.374518	-2390.437012	
0.827000	15.348981	0.823676	-1.935453	11.173508	0.144774	-2390.023380	
0.828000	15.420861	0.888445	-1.938729	11.075154	0.199290	-2389.609292	
0.829000	15.353209	0.653659	-1.940795	10.979378	0.253805	-2389.194717	
0.830000	15.395491	0.872253	-1.941330	10.886176	0.351155	-2388.779667	
0.831000	15.272873	0.831773	-1.940243	10.795623	0.347261	-2388.364209	
0.832000	15.374350	0.945118	-1.937848	10.707774	0.140880	-2387.948473	
0.833000	15.518109	0.710331	-1.934624	10.622597	0.078577	-2387.532629	
0.834000	15.403948	0.783196	-1.931083	10.540044	0.179820	-2387.116856	
0.835000	15.357437	1.042271	-1.927450	10.460112	0.195396	-2386.701317	
0.836000	15.281330	0.856061	-1.923610	10.382892	0.273275	-2386.286131	
0.837000	15.264417	0.896541	-1.919813	10.308455	0.129198	-2385.871366	
0.838000	15.632271	0.807484	-1.917235	10.236768	0.156456	-2385.457042	
0.839000	15.319384	0.880349	-1.917250	10.167776	0.234335	-2385.043134	
0.840000	15.285558	1.034175	-1.920098	10.101478	0.347261	-2384.629558	
0.841000	15.129114	0.637467	-1.924790	10.037976	0.222654	-2384.216182	
0.842000	15.294014	0.783196	-1.929980	9.977349	0.094153	-2383.802860	
0.843000	15.458914	0.807484	-1.934642	9.919554	0.261593	-2383.389453	
0.844000	15.374350	0.799388	-1.938485	9.864523	0.175926	-2382.975846	
0.845000	15.234819	1.098943	-1.941676	9.812248	0.246017	-2382.561965	
0.846000	15.251732	0.718427	-1.944426	9.762836	0.281063	-2382.147787	
0.847000	15.319384	0.993694	-1.947020	9.716368	0.140880	-2381.733350	
0.848000	15.442002	0.799388	-1.949381	9.672792	0.187608	-2381.318756	
0.849000	15.488512	0.669851	-1.950994	9.632029	0.199290	-2380.904150	
0.850000	15.319384	0.920829	-1.951606	9.594064	0.238229	-2380.489707	
0.851000	15.247504	0.880349	-1.951452	9.558995	0.195396	-2380.075599	
0.852000	15.294014	0.888445	-1.951157	9.526890	0.070789	-2379.661976	
0.853000	15.408176	0.839869	-1.951428	9.497693	0.296639	-2379.248934	
0.854000	15.416632	0.807484	-1.952620	9.471320	0.331685	-2378.836508	
0.855000	15.167168	1.050367	-1.954823	9.447756	0.347261	-2378.424679	
0.856000	15.217907	0.904637	-1.958006	9.427117	0.409564	-2378.013387	
0.857000	15.247504	0.864157	-1.961849	9.409483	0.129198	-2377.602533	
0.858000	15.344753	0.880349	-1.965664	9.394788	0.281063	-2377.191989	
0.859000	15.437773	0.791292	-1.968638	9.382931	0.230441	-2376.781616	
0.860000	15.336296	0.856061	-1.970298	9.373893	0.253805	-2376.371279	
0.861000	15.315155	0.839869	-1.970706	9.367789	0.187608	-2375.960880	
0.862000	15.294014	0.847965	-1.970077	9.364703	0.094153	-2375.550373	
0.863000	15.306699	0.775100	-1.968245	9.364567	0.199290	-2375.139758	
0.864000	15.437773	0.823676	-1.964851	9.367274	0.284957	-2374.729079	
0.865000	15.327840	1.050367	-1.959941	9.372803	0.320003	-2374.318436	
0.866000	15.272873	0.937022	-1.954116	9.381279	0.284957	-2373.907972	
0.867000	15.294014	0.839869	-1.948228	9.392790	0.187608	-2373.497857	
0.868000	15.294014	0.969406	-1.943012	9.407266	0.187608	-2373.088253	
0.869000	15.332068	0.839869	-1.939030	9.424589	0.273275	-2372.679285	
0.870000	15.374350	1.017982	-1.936631	9.444737	0.432928	-2372.271020	
0.871000	15.124886	1.163712	-1.935881	9.467833	0.312215	-2371.863481	
0.872000	15.374350	0.961310	-1.936772	9.493962	0.109728	-2371.456652	
0.873000	15.357437	0.945118	-1.939206	9.523037	0.218760	-2371.050478	
0.874000	15.475827	0.718427	-1.942704	9.554932	0.203184	-2370.644854	
0.875000	15.370122	0.880349	-1.946467	9.589624	0.335579	-2370.239641	
0.876000	15.247504	1.017982	-1.949699	9.627257	0.370624	-2369.834700	
0.877000	15.382807	0.839869	-1.951799	9.667936	0.070789	-2369.429921	
0.878000	15.323612	0.864157	-1.952528	9.711580	0.210972	-2369.025234	
0.879000	15.408176	0.920829	-1.951997	9.758056	0.335579	-2368.620604	
0.880000	15.361666	0.937022	-1.950214	9.807337	0.323897	-2368.216032	
0.881000	15.167168	0.969406	-1.946902	9.859563	0.222654	-2367.811568	
0.882000	15.281330	0.572698	-1.942143	9.914826	0.144774	-2367.407325	
0.883000	15.336296	0.969406	-1.936757	9.973030	0.327791	-2367.003461	
0.884000	15.353209	0.953214	-1.931805	10.034031	0.253805	-2366.600140	
0.885000	15.310927	1.066559	-1.928114	10.097797	0.327791	-2366.197510	
0.886000	15.167168	0.993694	-1.926145	10.164473	0.355048	-2365.795676	
0.887000	15.416632	0.783196	-1.926148	10.234153	0.051319	-2365.394703	
0.888000	15.501196	0.985598	-1.928316	10.306736	0.277169	-2364.994611	
0.889000	15.403948	0.928926	-1.932413	10.382071	0.257699	-2364.595376	
0.890000	15.365894	0.758908	-1.937627	10.460132	0.405670	-2364.196914	
0.891000	15.141799	0.961310	-1.943043	10.541071	0.292745	-2363.799094	
0.892000	15.378578	0.912733	-1.947855	10.624986	0.148668	-2363.401767	
0.893000	15.374350	0.969406	-1.951364	10.711768	0.195396	-2363.004794	
0.894000	15.310927	0.937022	-1.953199	10.801260	0.304427	-2362.608055	
0.895000	15.268645	1.163712	-1.953502	10.893436	0.300533	-2362.211465	
0.896000	15.048778	0.856061	-1.952582	10.988454	0.273275	-2361.814985	
0.897000	15.382807	0.839869	-1.950495	11.086412	0.078577	-2361.418634	
0.898000	15.403948	0.847965	-1.947245	11.187192	0.246017	-2361.022494	
0.899000	15.306699	0.742716	-1.943092	11.290629	0.304427	-2360.626702	
0.900000	15.365894	0.969406	-1.938545	11.396697	0.296639	-2360.231417	0.000000
0.901000	15.124886	0.928926	-1.934156	11.505555	0.269381	-2359.836803	
0.902000	15.399719	0.864157	-1.930189	11.617297	0.168138	-2359.443004	
0.903000	15.442002	0.629370	-1.926703	11.731795	0.246017	-2359.050120	
0.904000	15.416632	0.767004	-1.923729	11.848877	0.066895	-2358.658195	
0.905000	15.348981	0.953214	-1.921271	11.968520	0.179820	-2358.267211	
0.906000	15.057235	0.937022	-1.919615	12.090896	0.222654	-2357.877108	
0.907000	15.395491	0.815580	-1.919053	12.216105	0.226548	-2357.487779	
0.908000	15.403948	0.791292	-1.919286	12.344015	0.281063	-2357.099084	
0.909000	15.353209	0.864157	-1.919765	12.474445	0.331685	-2356.710866	
0.910000	15.281330	0.953214	-1.920243	12.607363	0.316109	-2356.322979	
0.911000	15.129114	0.864157	-1.920577	12.742935	0.284957	-2355.935309	
0.912000	15.306699	1.179904	-1.920420	12.881252	0.273275	-2355.547794	
0.913000	15.391263	0.710331	-1.919711	13.022175	0.304427	-2355.160420	
0.914000	15.391263	0.880349	-1.919049	13.165513	0.304427	-2354.773227	
0.915000	15.391263	0.864157	-1.918850	13.311236	0.234335	-2354.386308	
0.916000	15.133342	0.831773	-1.918966	13.459514	0.347261	-2353.999810	
0.917000	15.361666	0.896541	-1.919295	13.610442	0.109728	-2353.613901	
0.918000	15.361666	0.767004	-1.919906	13.763873	0.335579	-2353.228747	
0.919000	15.378578	0.807484	-1.920778	13.919613	0.207078	-2352.844474	
0.920000	15.403948	0.928926	-1.921700	14.077639	0.257699	-2352.461152	
0.921000	15.175624	0.807484	-1.922568	14.238136	0.207078	-2352.078801	
0.922000	15.260189	0.807484	-1.923777	14.401202	0.144774	-2351.697399	
0.923000	15.370122	0.791292	-1.925757	14.566690	0.316109	-2351.316875	
0.924000	15.395491	0.775100	-1.928303	14.734401	0.175926	-2350.937112	
0.925000	15.365894	0.977502	-1.930770	14.904310	0.331685	-2350.557955	
0.926000	15.192537	0.807484	-1.932646	15.076602	0.296639	-2350.179254	
0.927000	15.294014	0.953214	-1.933717	15.251371	0.179820	-2349.800887	
0.928000	15.387035	0.831773	-1.933916	15.428458	0.203184	-2349.422775	
0.929000	15.332068	0.653659	-1.933249	15.607654	0.109728	-2349.044879	
0.930000	15.315155	0.856061	-1.931870	15.788939	0.148668	-2348.667200	
0.931000	15.192537	0.750812	-1.930137	15.972504	0.187608	-2348.289791	
0.932000	15.365894	0.823676	-1.928420	16.158445	0.179820	-2347.912767	
0.933000	15.378578	0.912733	-1.926941	16.346599	0.281063	-2347.536282	
0.934000	15.353209	0.799388	-1.925904	16.536759	0.339473	-2347.160496	
0.935000	15.272873	0.961310	-1.925521	16.728909	0.296639	-2346.785544	
0.936000	15.116430	0.758908	-1.925921	16.923247	0.296639	-2346.411524	
0.937000	15.196765	0.799388	-1.927226	17.119869	0.238229	-2346.038481	
0.938000	15.374350	0.856061	-1.929548	17.318601	0.312215	-2345.666419	
0.939000	15.348981	0.937022	-1.932739	17.519227	0.238229	-2345.295300	
0.940000	15.285558	1.026079	-1.936337	17.721733	0.382306	-2344.925030	
0.941000	15.162940	0.823676	-1.939802	17.926322	0.288851	-2344.555474	
0.942000	15.361666	0.677947	-1.942755	18.133083	0.261593	-2344.186484	
0.943000	15.403948	0.969406	-1.945061	18.341834	0.370624	-2343.817916	
0.944000	15.416632	0.702235	-1.946589	18.552359	0.183714	-2343.449649	
0.945000	15.289786	0.872253	-1.947065	18.764655	0.284957	-2343.081597	
0.946000	15.200994	0.791292	-1.946316	18.978935	0.179820	-2342.713724	
0.947000	15.378578	0.888445	-1.944398	19.195294	0.059107	-2342.346046	
0.948000	15.408176	0.920829	-1.941467	19.413549	0.339473	-2341.978644	
0.949000	15.365894	0.783196	-1.937856	19.633483	0.183714	-2341.611644	
0.950000	15.222135	0.896541	-1.934139	19.855096	0.281063	-2341.245188	
0.951000	15.069919	0.831773	-1.930718	20.078606	0.316109	-2340.879427	
0.952000	15.344753	0.686043	-1.927654	20.304100	0.304427	-2340.514491	
0.953000	15.353209	0.961310	-1.925210	20.531382	0.343367	-2340.150468	
0.954000	15.348981	0.750812	-1.923988	20.760224	0.386200	-2339.787390	
0.955000	15.268645	0.896541	-1.924363	20.990617	0.343367	-2339.425238	
0.956000	15.188309	0.775100	-1.926067	21.222769	0.277169	-2339.063947	
0.957000	15.361666	0.669851	-1.928389	21.456758	0.187608	-2338.703411	
0.958000	15.416632	0.864157	-1.930606	21.692382	0.257699	-2338.343494	
0.959000	15.420861	0.726523	-1.932332	21.929411	0.156456	-2337.984048	
0.960000	15.268645	1.066559	-1.933647	22.167848	0.257699	-2337.624929	
0.961000	15.091060	0.791292	-1.934813	22.407910	0.238229	-2337.266020	
0.962000	15.323612	0.734620	-1.935992	22.649678	0.164244	-2336.907253	
0.963000	15.344753	0.694139	-1.937208	22.892951	0.269381	-2336.548607	
0.964000	15.374350	0.831773	-1.938347	23.137498	0.207078	-2336.190109	
0.965000	15.209450	0.928926	-1.939160	23.383329	0.284957	-2335.831841	
0.966000	15.099517	1.050367	-1.939504	23.630666	0.355048	-2335.473933	
0.967000	15.357437	0.872253	-1.939578	23.879585	0.253805	-2335.116539	
0.968000	15.319384	0.961310	-1.939568	24.129871	0.370624	-2334.759812	
0.969000	15.454686	0.815580	-1.939375	24.381284	0.207078	-2334.403876	
0.970000	15.319384	0.856061	-1.938943	24.633831	0.355048	-2334.048805	
0.971000	15.146027	0.823676	-1.938422	24.887743	0.292745	-2333.694626	
0.972000	15.387035	0.596986	-1.937991	25.143098	0.210972	-2333.341316	
0.973000	15.361666	0.799388	-1.937865	25.399679	0.253805	-2332.988805	
0.974000	15.382807	0.920829	-1.938133	25.657248	0.191502	-2332.636971	
0.975000	15.332068	0.847965	-1.938536	25.915815	0.308321	-2332.285660	
0.976000	15.065691	0.961310	-1.938827	26.175608	0.327791	-2331.934711	
0.977000	15.272873	0.945118	-1.939133	26.436699	0.129198	-2331.583992	
0.978000	15.319384	0.686043	-1.939680	26.698866	0.327791	-2331.233407	
0.979000	15.403948	0.775100	-1.940394	26.961869	0.238229	-2330.882901	
0.980000	15.264417	0.831773	-1.940853	27.225726	0.362836	-2330.532461	
0.981000	15.095288	1.034175	-1.940632	27.490671	0.257699	-2330.182133	
0.982000	15.272873	1.042271	-1.939692	27.756772	0.308321	-2329.832027	
0.983000	15.332068	0.847965	-1.938356	28.023796	0.327791	-2329.482291	
0.984000	15.365894	0.775100	-1.937092	28.291499	0.257699	-2329.133086	
0.985000	15.336296	0.904637	-1.936387	28.559900	0.300533	-2328.784554	
0.986000	15.171396	0.847965	-1.936661	28.829235	0.218760	-2328.436802	
0.987000	15.365894	0.928926	-1.938185	29.099566	0.390094	-2328.089886	
0.988000	15.336296	1.082751	-1.941141	29.370660	0.288851	-2327.743817	
0.989000	15.361666	0.977502	-1.945543	29.642275	0.160350	-2327.398556	
0.990000	15.306699	0.912733	-1.950973	29.914446	0.374518	-2327.054010	
0.991000	15.239048	0.856061	-1.956608	30.187424	0.362836	-2326.710041	
0.992000	15.310927	0.953214	-1.961445	30.461278	0.242123	-2326.366492	
0.993000	15.382807	0.783196	-1.964622	30.735770	0.425140	-2326.023212	
0.994000	15.323612	0.945118	-1.965783	31.010653	0.335579	-2325.680073	
0.995000	15.306699	0.726523	-1.964945	31.285958	0.362836	-2325.336985	
0.996000	15.230591	0.758908	-1.962125	31.561927	0.152562	-2324.993907	
0.997000	15.420861	0.831773	-1.957203	31.838615	0.226548	-2324.650861	
0.998000	15.429317	0.847965	-1.950247	32.115777	0.393988	-2324.307929	
0.999000	15.327840	0.621274	-1.941911	32.393172	0.199290	-2323.965241	
1.000000	15.285558	0.847965	-1.933196	32.670842	0.172032	-2323.622950	0.000000
1.001000	15.264417	0.839869	-1.924979	32.949049	0.136986	-2323.281211	
1.002000	15.357437	1.001790	-1.917815	33.227857	0.362836	-2322.940159	
1.003000	15.357437	0.758908	-1.912106	33.507022	0.393988	-2322.599886	
1.004000	15.209450	0.775100	-1.908405	33.786305	0.234335	-2322.260419	
1.005000	15.137571	0.977502	-1.907745	34.065748	0.393988	-2321.921730	
1.006000	15.171396	0.710331	-1.911288	34.345603	0.253805	-2321.583745	
1.007000	15.302471	1.082751	-1.918828	34.625918	0.265487	-2321.246349	
1.008000	15.429317	0.775100	-1.928430	34.906437	0.374518	-2320.909399	
1.009000	15.344753	0.969406	-1.937958	35.186911	0.164244	-2320.572740	
1.010000	15.230591	0.985598	-1.946060	35.467386	0.284957	-2320.236225	
1.011000	15.268645	0.718427	-1.952090	35.748110	0.312215	-2319.899736	
1.012000	15.319384	0.864157	-1.955699	36.029125	0.242123	-2319.563208	
1.013000	15.463143	0.750812	-1.956363	36.310169	0.172032	-2319.226629	
1.014000	15.395491	0.799388	-1.953550	36.590997	0.078577	-2318.890039	
1.015000	15.222135	1.009886	-1.947469	36.871669	0.191502	-2318.553529	
1.016000	15.289786	0.807484	-1.939285	37.152444	0.129198	-2318.217233	
1.017000	15.272873	0.969406	-1.930494	37.433368	0.323897	-2317.881313	
1.018000	15.399719	0.758908	-1.922201	37.714181	0.257699	-2317.545924	
1.019000	15.302471	0.718427	-1.915054	37.994642	0.351155	-2317.211189	
1.020000	15.137571	0.977502	-1.909549	38.274812	0.284957	-2316.877174	
1.021000	15.306699	0.904637	-1.906171	38.554956	0.300533	-2316.543893	
1.022000	15.336296	0.953214	-1.905312	38.835119	0.331685	-2316.211314	
1.023000	15.403948	0.872253	-1.906868	39.115037	0.355048	-2315.879363	
1.024000	15.382807	0.799388	-1.910129	39.394466	0.355048	-2315.547920	
1.025000	15.230591	0.864157	-1.914152	39.673474	0.230441	-2315.216845	
1.026000	15.348981	0.767004	-1.918166	39.952328	0.187608	-2314.885988	
1.027000	15.272873	0.937022	-1.921681	40.231068	0.203184	-2314.555223	
1.028000	15.408176	0.758908	-1.924350	40.509432	0.292745	-2314.224460	
1.029000	15.353209	0.993694	-1.925956	40.787177	0.203184	-2313.893652	
1.030000	15.234819	0.945118	-1.926382	41.064375	0.246017	-2313.562796	
1.031000	15.285558	0.823676	-1.925489	41.341298	0.105834	-2313.231944	
1.032000	15.361666	0.872253	-1.923398	41.617987	0.222654	-2312.901202	
1.033000	15.260189	0.783196	-1.920647	41.894173	0.335579	-2312.570715	
1.034000	15.403948	0.807484	-1.917819	42.169607	0.214866	-2312.240636	
1.035000	15.158712	0.953214	-1.915249	42.444358	0.320003	-2311.911103	
1.036000	15.272873	0.880349	-1.913189	42.718694	0.195396	-2311.582216	
1.037000	15.382807	0.904637	-1.912056	42.992653	0.253805	-2311.254028	
1.038000	15.378578	0.742716	-1.912343	43.265961	0.386200	-2310.926545	
1.039000	15.475827	0.572698	-1.914365	43.538371	0.269381	-2310.599728	
1.040000	15.188309	0.799388	-1.917957	43.809956	0.168138	-2310.273488	
1.041000	15.319384	0.864157	-1.922370	44.080987	0.292745	-2309.947695	
1.042000	15.332068	0.904637	-1.926687	44.351499	0.129198	-2309.622203	
1.043000	15.353209	0.953214	-1.930358	44.621222	0.296639	-2309.296870	
1.044000	15.378578	0.710331	-1.933267	44.889915	0.156456	-2308.971569	
1.045000	15.112201	0.945118	-1.935451	45.157659	0.296639	-2308.646206	
1.046000	15.332068	0.847965	-1.936960	45.424727	0.347261	-2308.320737	
1.047000	15.281330	0.783196	-1.937778	45.691154	0.320003	-2307.995167	
1.048000	15.294014	0.969406	-1.937742	45.956665	0.362836	-2307.669566	
1.049000	15.412404	0.864157	-1.936782	46.221013	0.222654	-2307.344050	
1.050000	15.150255	0.791292	-1.935261	46.484270	0.249911	-2307.018768	
1.051000	15.382807	0.880349	-1.933813	46.746689	0.207078	-2306.693873	
1.052000	15.399719	0.775100	-1.932973	47.008287	0.327791	-2306.369503	
1.053000	15.336296	0.742716	-1.933037	47.268787	0.296639	-2306.045752	
1.054000	15.387035	0.791292	-1.934051	47.527947	0.265487	-2305.722657	
1.055000	15.192537	0.839869	-1.935832	47.785853	0.355048	-2305.400202	
1.056000	15.416632	0.888445	-1.938213	48.042772	0.281063	-2305.078325	
1.057000	15.399719	0.904637	-1.941058	48.298730	0.370624	-2304.756921	
1.058000	15.243276	1.074655	-1.943965	48.553453	0.358942	-2304.435850	
1.059000	15.302471	1.058463	-1.946406	48.806704	0.136986	-2304.114954	
1.060000	15.116430	0.758908	-1.948216	49.058570	0.304427	-2303.794077	
1.061000	15.353209	0.726523	-1.949539	49.309313	0.257699	-2303.473097	
1.062000	15.353209	0.920829	-1.950365	49.558948	0.421246	-2303.151938	
1.063000	15.332068	0.912733	-1.950233	49.807195	0.374518	-2302.830580	
1.064000	15.332068	0.977502	-1.948485	50.053820	0.238229	-2302.509054	
1.065000	15.167168	0.807484	-1.944946	50.298914	0.339473	-2302.187448	
1.066000	15.429317	0.888445	-1.940199	50.542746	0.234335	-2301.865899	
1.067000	15.433545	0.718427	-1.935197	50.785337	0.253805	-2301.544572	
1.068000	15.408176	0.767004	-1.930734	51.026413	0.308321	-2301.223629	
1.069000	15.353209	0.912733	-1.927309	51.265743	0.226548	-2300.903202	
1.070000	15.167168	0.694139	-1.925375	51.503421	0.172032	-2300.583361	
1.071000	15.433545	0.807484	-1.925150	51.739718	0.339473	-2300.264124	
1.072000	15.391263	0.775100	-1.926437	51.974658	0.269381	-2299.945458	
1.073000	15.361666	0.831773	-1.929050	52.207968	0.421246	-2299.627288	
1.074000	15.196765	0.896541	-1.932763	52.439421	0.296639	-2299.309491	
1.075000	15.137571	0.888445	-1.936930	52.669114	0.261593	-2298.991914	
1.076000	15.348981	0.985598	-1.940855	52.897318	0.168138	-2298.674397	
1.077000	15.353209	0.912733	-1.944244	53.124051	0.323897	-2298.356806	
1.078000	15.442002	0.847965	-1.946982	53.349038	0.249911	-2298.039048	
1.079000	15.433545	0.726523	-1.948771	53.572048	0.230441	-2297.721080	
1.080000	15.209450	0.856061	-1.949245	53.793175	0.191502	-2297.402906	
1.081000	15.416632	0.775100	-1.948331	54.012682	0.218760	-2297.084583	
1.082000	15.294014	0.839869	-1.946320	54.230584	0.249911	-2296.766225	
1.083000	15.425089	0.799388	-1.943759	54.446608	0.331685	-2296.447983	
1.084000	15.382807	0.920829	-1.941282	54.660528	0.234335	-2296.130020	
1.085000	15.192537	0.807484	-1.939366	54.872443	0.273275	-2295.812485	
1.086000	15.361666	0.847965	-1.938285	55.082626	0.277169	-2295.495482	
1.087000	15.243276	0.920829	-1.938150	55.291097	0.261593	-2295.179062	
1.088000	15.315155	0.532217	-1.938875	55.497586	0.362836	-2294.863224	
1.089000	15.302471	0.791292	-1.940150	55.701869	0.296639	-2294.547925	
1.090000	15.200994	0.920829	-1.941537	55.904041	0.327791	-2294.233069	
1.091000	15.412404	0.686043	-1.942612	56.104368	0.308321	-2293.918523	
1.092000	15.310927	0.977502	-1.942876	56.302864	0.320003	-2293.604137	
1.093000	15.412404	0.702235	-1.941826	56.499256	0.292745	-2293.289767	
1.094000	15.395491	0.783196	-1.939365	56.693324	0.105834	-2292.975288	
1.095000	15.306699	0.815580	-1.935830	56.885164	0.253805	-2292.660620	
1.096000	15.450458	0.686043	-1.931340	57.075040	0.234335	-2292.345728	
1.097000	15.226363	1.009886	-1.925446	57.262967	0.238229	-2292.030632	
1.098000	15.378578	0.807484	-1.917938	57.448681	0.335579	-2291.715406	
1.099000	15.357437	0.677947	-1.909544	57.631970	0.316109	-2291.400170	
1.100000	15.124886	0.856061	-1.901493	57.812938	0.195396	-2291.085072	0.000000
1.101000	15.442002	0.847965	-1.894850	57.991855	0.261593	-2290.770267	
1.102000	15.251732	0.928926	-1.890197	58.168740	0.292745	-2290.455888	
1.103000	15.412404	0.856061	-1.887636	58.343333	0.300533	-2290.142022	
1.104000	15.302471	0.856061	-1.886895	58.515418	0.207078	-2289.828698	
1.105000	15.179853	0.953214	-1.887239	58.685100	0.401776	-2289.515898	
1.106000	15.543479	0.718427	-1.887807	58.852647	0.320003	-2289.203565	
1.107000	15.340525	0.896541	-1.888355	59.018079	0.199290	-2288.891602	
1.108000	15.403948	0.864157	-1.889176	59.181136	0.226548	-2288.579878	
1.109000	15.357437	0.726523	-1.890443	59.341604	0.179820	-2288.268246	
1.110000	15.154483	0.847965	-1.892007	59.499588	0.172032	-2287.956565	
1.111000	15.505425	0.791292	-1.893611	59.655350	0.160350	-2287.644721	
1.112000	15.277101	0.856061	-1.895140	59.808908	0.343367	-2287.332645	
1.113000	15.315155	1.050367	-1.896506	59.960009	0.292745	-2287.020314	
1.114000	15.361666	0.799388	-1.897310	60.108446	0.226548	-2286.707750	
1.115000	15.065691	0.856061	-1.897117	60.254323	0.347261	-2286.395029	
1.116000	15.501196	0.864157	-1.896123	60.397899	0.335579	-2286.082277	
1.117000	15.387035	0.880349	-1.895128	60.539189	0.358942	-2285.769648	
1.118000	15.353209	0.937022	-1.894790	60.677937	0.374518	-2285.457298	
1.119000	15.365894	0.847965	-1.895172	60.813939	0.105834	-2285.145351	
1.120000	15.146027	0.799388	-1.896017	60.947294	0.257699	-2284.833880	
1.121000	15.543479	0.556506	-1.897250	61.078254	0.246017	-2284.522910	
1.122000	15.353209	0.896541	-1.899184	61.206836	0.370624	-2284.212427	
1.123000	15.382807	0.945118	-1.902121	61.332794	0.265487	-2283.902372	
1.124000	15.378578	0.815580	-1.905867	61.455933	0.249911	-2283.592640	
1.125000	15.082604	0.953214	-1.909827	61.576359	0.207078	-2283.283092	
1.126000	15.526566	0.847965	-1.913464	61.694329	0.292745	-2282.973581	
1.127000	15.306699	0.839869	-1.916611	61.809861	0.339473	-2282.663977	
1.128000	15.365894	0.880349	-1.919274	61.922713	0.304427	-2282.354187	
1.129000	15.260189	0.767004	-1.921576	62.032692	0.308321	-2282.044160	
1.130000	15.124886	0.783196	-1.923789	62.139906	0.304427	-2281.733889	
1.131000	15.509653	0.815580	-1.925822	62.244611	0.343367	-2281.423420	
1.132000	15.281330	0.750812	-1.927227	62.346828	0.366730	-2281.112855	
1.133000	15.353209	0.872253	-1.927847	62.446315	0.331685	-2280.802342	
1.134000	15.374350	0.750812	-1.927847	62.542881	0.230441	-2280.492049	
1.135000	15.167168	0.847965	-1.927408	62.636631	0.183714	-2280.182131	
1.136000	15.543479	0.783196	-1.926628	62.727817	0.312215	-2279.872702	
1.137000	15.378578	0.645563	-1.925475	62.816460	0.257699	-2279.563817	
1.138000	15.382807	0.856061	-1.923565	62.902328	0.249911	-2279.255484	
1.139000	15.391263	0.937022	-1.920401	62.985237	0.304427	-2278.947666	
1.140000	15.141799	0.880349	-1.916108	63.065299	0.312215	-2278.640273	
1.141000	15.442002	0.928926	-1.911354	63.142775	0.281063	-2278.333169	
1.142000	15.319384	0.742716	-1.906692	63.217692	0.393988	-2278.026195	
1.143000	15.306699	0.815580	-1.902429	63.289820	0.277169	-2277.719195	
1.144000	15.395491	0.847965	-1.898863	63.358974	0.222654	-2277.412039	
1.145000	15.175624	0.864157	-1.896372	63.425257	0.320003	-2277.104642	
1.146000	15.450458	1.090847	-1.895219	63.488919	0.133092	-2276.796965	
1.147000	15.387035	0.831773	-1.895351	63.549979	0.312215	-2276.489024	
1.148000	15.348981	0.758908	-1.896435	63.608209	0.323897	-2276.180895	
1.149000	15.425089	0.750812	-1.898144	63.663426	0.183714	-2275.872712	
1.150000	15.264417	0.880349	-1.900473	63.715739	0.222654	-2275.564633	
1.151000	15.463143	0.864157	-1.903641	63.765398	0.214866	-2275.256826	
1.152000	15.336296	0.904637	-1.907731	63.812429	0.210972	-2274.949431	
1.153000	15.361666	0.823676	-1.912538	63.856615	0.308321	-2274.642537	
1.154000	15.272873	0.977502	-1.917676	63.897785	0.234335	-2274.336175	
1.155000	15.277101	0.710331	-1.923013	63.936050	0.405670	-2274.030323	
1.156000	15.370122	0.847965	-1.929022	63.971660	0.296639	-2273.724914	
1.157000	15.348981	0.718427	-1.936024	64.004639	0.331685	-2273.419836	
1.158000	15.370122	0.904637	-1.943406	64.034771	0.425140	-2273.114939	
1.159000	15.327840	0.872253	-1.950203	64.061882	0.355048	-2272.810062	
1.160000	15.319384	0.791292	-1.955946	64.086083	0.199290	-2272.505057	
1.161000	15.467371	0.864157	-1.960738	64.107621	0.355048	-2272.199811	
1.162000	15.399719	0.872253	-1.964741	64.126523	0.312215	-2271.894260	
1.163000	15.425089	0.758908	-1.968021	64.142573	0.277169	-2271.588390	
1.164000	15.327840	0.677947	-1.970743	64.155603	0.300533	-2271.282235	
1.165000	15.327840	0.775100	-1.972878	64.165720	0.191502	-2270.975891	
1.166000	15.463143	1.131328	-1.974294	64.173168	0.273275	-2270.669497	
1.167000	15.323612	0.888445	-1.975210	64.177979	0.238229	-2270.363215	
1.168000	15.319384	0.920829	-1.975912	64.179948	0.467974	-2270.057196	
1.169000	15.298242	0.847965	-1.976361	64.178916	0.210972	-2269.751563	
1.170000	15.251732	0.791292	-1.976449	64.174987	0.281063	-2269.446386	
1.171000	15.442002	0.815580	-1.976531	64.168395	0.300533	-2269.141689	
1.172000	15.365894	0.912733	-1.977227	64.159166	0.413458	-2268.837454	
1.173000	15.327840	0.928926	-1.978646	64.147095	0.312215	-2268.533616	
1.174000	15.323612	0.847965	-1.980219	64.132023	0.222654	-2268.230063	
1.175000	15.357437	0.823676	-1.981157	64.114053	0.214866	-2267.926655	
1.176000	15.543479	0.831773	-1.981074	64.093422	0.226548	-2267.623245	
1.177000	15.399719	0.742716	-1.980224	64.070165	0.222654	-2267.319714	
1.178000	15.348981	0.783196	-1.978834	64.044090	0.269381	-2267.015974	
1.179000	15.192537	1.026079	-1.976322	64.015045	0.113622	-2266.711981	
1.180000	15.391263	0.864157	-1.971649	63.983134	0.160350	-2266.407737	
1.181000	15.505425	0.823676	-1.964579	63.948590	0.238229	-2266.103294	
1.182000	15.361666	0.977502	-1.955966	63.911446	0.467974	-2265.798755	
1.183000	15.378578	0.928926	-1.947024	63.871513	0.362836	-2265.494263	
1.184000	15.285558	0.896541	-1.938893	63.828647	0.358942	-2265.189974	
1.185000	15.357437	0.896541	-1.932414	63.782953	0.464080	-2264.886033	
1.186000	15.518109	0.783196	-1.928022	63.734659	0.187608	-2264.582546	
1.187000	15.374350	0.888445	-1.925809	63.683793	0.242123	-2264.279566	
1.188000	15.437773	0.872253	-1.925414	63.630169	0.312215	-2263.977102	
1.189000	15.319384	0.977502	-1.926055	63.573640	0.234335	-2263.675128	
1.190000	15.374350	0.928926	-1.927056	63.514311	0.140880	-2263.373571	
1.191000	15.598445	0.564602	-1.928070	63.452412	0.191502	-2263.072310	
1.192000	15.323612	0.872253	-1.928790	63.387973	0.393988	-2262.771197	
1.193000	15.412404	1.009886	-1.928891	63.320815	0.265487	-2262.470090	
1.194000	15.323612	0.985598	-1.928299	63.250797	0.226548	-2262.168868	
1.195000	15.294014	1.050367	-1.927314	63.178019	0.160350	-2261.867449	
1.196000	15.505425	0.718427	-1.926251	63.102703	0.327791	-2261.565794	
1.197000	15.255960	0.791292	-1.925053	63.024877	0.300533	-2261.263918	
1.198000	15.382807	1.066559	-1.923491	62.944367	0.425140	-2260.961892	
1.199000	15.403948	0.750812	-1.921525	62.861034	0.292745	-2260.659844	
1.200000	15.277101	0.985598	-1.919314	62.774978	0.331685	-2260.357928	0.000000
1.201000	15.522337	0.856061	-1.917216	62.686417	0.253805	-2260.056304	
1.202000	15.353209	0.912733	-1.915769	62.595382	0.273275	-2259.755108	
1.203000	15.408176	0.904637	-1.915401	62.501701	0.284957	-2259.454432	
1.204000	15.348981	0.799388	-1.916178	62.405240	0.148668	-2259.154317	
1.205000	15.332068	0.799388	-1.918000	62.306100	0.082471	-2258.854759	
1.206000	15.433545	0.799388	-1.920935	62.204503	0.284957	-2258.555707	
1.207000	15.361666	0.888445	-1.924898	62.100484	0.343367	-2258.257058	
1.208000	15.370122	1.082751	-1.929224	61.993882	0.370624	-2257.958676	
1.209000	15.365894	1.009886	-1.933172	61.884573	0.277169	-2257.660408	
1.210000	15.365894	0.904637	-1.936563	61.772661	0.187608	-2257.362113	
1.211000	15.420861	0.734620	-1.939407	61.658366	0.351155	-2257.063672	
1.212000	15.319384	0.799388	-1.941307	61.541725	0.362836	-2256.765009	
1.213000	15.323612	1.074655	-1.941647	61.422575	0.296639	-2256.466096	
1.214000	15.382807	0.758908	-1.939929	61.300793	0.242123	-2256.166961	
1.215000	15.412404	0.847965	-1.936028	61.176482	0.164244	-2255.867698	
1.216000	15.501196	0.880349	-1.930455	61.049860	0.113622	-2255.568451	
1.217000	15.357437	0.783196	-1.924101	60.920966	0.339473	-2255.269384	
1.218000	15.370122	0.920829	-1.917818	60.789644	0.323897	-2254.970656	
1.219000	15.403948	0.669851	-1.912300	60.655774	0.281063	-2254.672395	
1.220000	15.433545	0.839869	-1.907978	60.519456	0.172032	-2254.374679	
1.221000	15.480055	0.969406	-1.904763	60.380911	0.210972	-2254.077533	
1.222000	15.319384	0.961310	-1.902078	60.240182	0.358942	-2253.780929	
1.223000	15.302471	1.123232	-1.899557	60.097123	0.281063	-2253.484787	
1.224000	15.340525	0.783196	-1.897330	59.951621	0.300533	-2253.188981	
1.225000	15.442002	0.864157	-1.895511	59.803777	0.207078	-2252.893364	
1.226000	15.467371	0.945118	-1.894075	59.653805	0.300533	-2252.597784	
1.227000	15.315155	0.775100	-1.893046	59.501746	0.393988	-2252.302106	
1.228000	15.315155	1.082751	-1.892442	59.347456	0.358942	-2252.006230	
1.229000	15.467371	0.783196	-1.892194	59.190821	0.183714	-2251.710107	
1.230000	15.496968	1.017982	-1.892037	59.031940	0.136986	-2251.413742	
1.231000	15.484284	0.856061	-1.891466	58.871027	0.203184	-2251.117198	
1.232000	15.387035	0.669851	-1.890231	58.708128	0.203184	-2250.820588	
1.233000	15.272873	1.074655	-1.888691	58.543105	0.312215	-2250.524066	
1.234000	15.412404	0.831773	-1.887445	58.375848	0.109728	-2250.227797	
1.235000	15.492740	0.775100	-1.886894	58.206459	0.203184	-2249.931932	
1.236000	15.450458	0.775100	-1.887208	58.035153	0.323897	-2249.636579	
1.237000	15.353209	1.009886	-1.888516	57.861980	0.382306	-2249.341789	
1.238000	15.196765	1.309441	-1.891241	57.686808	0.331685	-2249.047559	
1.239000	15.382807	0.742716	-1.896046	57.509531	0.323897	-2248.753845	
1.240000	15.475827	0.742716	-1.903038	57.330247	0.210972	-2248.460554	
1.241000	15.475827	0.847965	-1.911405	57.149162	0.187608	-2248.167550	
1.242000	15.378578	0.872253	-1.920067	56.966320	0.277169	-2247.874676	
1.243000	15.306699	1.139424	-1.928285	56.781588	0.378412	-2247.581778	
1.244000	15.361666	0.864157	-1.935565	56.594858	0.288851	-2247.288731	
1.245000	15.492740	0.637467	-1.941387	56.406232	0.008485	-2246.995455	
1.246000	15.471599	0.969406	-1.945419	56.215917	0.238229	-2246.701918	
1.247000	15.408176	0.912733	-1.947758	56.023967	0.265487	-2246.408135	
1.248000	15.323612	1.131328	-1.948528	55.830258	0.312215	-2246.114178	
1.249000	15.370122	0.937022	-1.947736	55.634693	0.249911	-2245.820171	
1.250000	15.446230	0.904637	-1.945630	55.437375	0.277169	-2245.526267	
1.251000	15.412404	0.847965	-1.942686	55.238511	0.288851	-2245.232620	
1.252000	15.327840	0.807484	-1.939414	55.038154	0.265487	-2244.939359	
1.253000	15.344753	1.131328	-1.936348	54.836181	0.440716	-2244.646567	
1.254000	15.344753	0.920829	-1.933912	54.632491	0.246017	-2244.354275	
1.255000	15.433545	0.742716	-1.932278	54.427182	0.035743	-2244.062469	
1.256000	15.412404	0.945118	-1.931454	54.220458	0.125304	-2243.771090	
1.257000	15.315155	0.758908	-1.931310	54.012370	0.265487	-2243.480032	
1.258000	15.357437	0.969406	-1.931564	53.802799	0.226548	-2243.189158	
1.259000	15.361666	0.920829	-1.931968	53.591647	0.144774	-2242.898319	
1.260000	15.496968	0.750812	-1.932325	53.379013	0.136986	-2242.607376	
1.261000	15.425089	0.799388	-1.932388	53.165100	0.160350	-2242.316220	
1.262000	15.437773	0.694139	-1.932135	52.949959	0.355048	-2242.024773	
1.263000	15.408176	1.050367	-1.931861	52.733477	0.281063	-2241.733005	
1.264000	15.302471	0.799388	-1.931793	52.515561	0.304427	-2241.440943	
1.265000	15.425089	0.831773	-1.931852	52.296311	0.144774	-2241.148674	
1.266000	15.458914	0.888445	-1.931879	52.075921	0.390094	-2240.856329	
1.267000	15.387035	0.977502	-1.931982	51.854435	0.425140	-2240.564061	
1.268000	15.357437	1.066559	-1.932533	51.631730	0.347261	-2240.272022	
1.269000	15.306699	0.912733	-1.933865	51.407712	0.261593	-2239.980340	
1.270000	15.505425	0.953214	-1.936057	51.182473	0.152562	-2239.689100	
1.271000	15.480055	0.807484	-1.939438	50.956206	0.343367	-2239.398332	
1.272000	15.420861	0.823676	-1.944964	50.728959	0.374518	-2239.108024	
1.273000	15.454686	0.977502	-1.953040	50.500616	0.226548	-2238.818112	
1.274000	15.344753	0.880349	-1.962630	50.271089	0.226548	-2238.528493	
1.275000	15.509653	0.864157	-1.972134	50.040470	0.098047	-2238.239033	
1.276000	15.374350	0.872253	-1.980489	49.808955	0.296639	-2237.949588	
1.277000	15.285558	1.026079	-1.987308	49.576591	0.343367	-2237.660021	
1.278000	15.365894	0.977502	-1.992212	49.343271	0.351155	-2237.370232	
1.279000	15.285558	0.912733	-1.994908	49.108905	0.355048	-2237.080166	
1.280000	15.488512	0.896541	-1.995487	48.873586	0.090259	-2236.789824	
1.281000	15.412404	0.815580	-1.993653	48.637498	0.191502	-2236.499255	
1.282000	15.327840	1.009886	-1.989027	48.400684	0.382306	-2236.208559	
1.283000	15.416632	1.107039	-1.982203	48.163026	0.331685	-2235.917877	
1.284000	15.332068	0.831773	-1.974307	47.924432	0.249911	-2235.627368	
1.285000	15.573076	0.847965	-1.966271	47.684990	0.078577	-2235.337191	
1.286000	15.446230	0.750812	-1.958730	47.444885	0.195396	-2235.047467	
1.287000	15.268645	0.969406	-1.952026	47.204167	0.347261	-2234.758256	
1.288000	15.370122	0.920829	-1.946493	46.962728	0.413458	-2234.469568	
1.289000	15.348981	0.953214	-1.942701	46.720485	0.179820	-2234.181375	
1.290000	15.543479	0.815580	-1.940984	46.477528	0.136986	-2233.893600	
1.291000	15.336296	0.961310	-1.941016	46.234044	0.351155	-2233.606119	
1.292000	15.268645	0.953214	-1.942052	45.990081	0.382306	-2233.318779	
1.293000	15.315155	0.977502	-1.943451	45.745535	0.413458	-2233.031425	
1.294000	15.353209	0.791292	-1.945057	45.500319	0.242123	-2232.743929	
1.295000	15.602673	0.872253	-1.946904	45.254516	0.066895	-2232.456212	
1.296000	15.416632	0.734620	-1.948724	45.008302	0.288851	-2232.168241	
1.297000	15.260189	1.034175	-1.949909	44.761725	0.261593	-2231.880036	
1.298000	15.382807	1.034175	-1.949942	44.514680	0.343367	-2231.591676	
1.299000	15.387035	0.937022	-1.948863	44.267081	0.133092	-2231.303289	
1.300000	15.564620	0.767004	-1.947176	44.019007	0.008485	-2231.015041	0.000000
1.301000	15.463143	0.645563	-1.945401	43.770636	0.246017	-2230.727098	
1.302000	15.332068	0.977502	-1.943896	43.522018	0.273275	-2230.439602	
1.303000	15.387035	1.147520	-1.943042	43.273054	0.296639	-2230.152644	
1.304000	15.323612	0.896541	-1.943286	43.023666	0.304427	-2229.866257	
1.305000	15.480055	0.831773	-1.944891	42.773934	0.179820	-2229.580424	
1.306000	15.446230	0.807484	-1.947758	42.524028	0.281063	-2229.295081	
1.307000	15.217907	0.896541	-1.951408	42.273991	0.464080	-2229.010117	
1.308000	15.340525	1.009886	-1.955111	42.023726	0.277169	-2228.725385	
1.309000	15.319384	0.750812	-1.958173	41.773154	0.144774	-2228.440728	
1.310000	15.429317	0.888445	-1.960191	41.522348	0.066895	-2228.156006	
1.311000	15.513881	0.767004	-1.961016	41.271473	0.304427	-2227.871107	
1.312000	15.344753	1.212288	-1.960488	41.020568	0.281063	-2227.585959	
1.313000	15.450458	1.115135	-1.958464	40.769532	0.218760	-2227.300544	
1.314000	15.357437	0.758908	-1.955179	40.518285	0.168138	-2227.014898	
1.315000	15.458914	0.807484	-1.951127	40.266900	-0.003197	-2226.729121	
1.316000	15.412404	0.758908	-1.946798	40.015540	0.082471	-2226.443354	
1.317000	15.353209	0.937022	-1.942747	39.764247	0.292745	-2226.157757	
1.318000	15.374350	1.058463	-1.939366	39.512931	0.304427	-2225.872480	
1.319000	15.327840	0.799388	-1.936717	39.261519	0.281063	-2225.587648	
1.320000	15.294014	0.985598	-1.934827	39.010084	0.249911	-2225.303336	
1.321000	15.433545	0.467449	-1.933895	38.758781	0.343367	-2225.019567	
1.322000	15.353209	0.969406	-1.934195	38.507647	0.277169	-2224.736313	
1.323000	15.370122	1.066559	-1.935753	38.256588	0.284957	-2224.453503	
1.324000	15.340525	0.783196	-1.938112	38.005523	0.199290	-2224.171028	
1.325000	15.420861	0.856061	-1.940574	37.754525	0.109728	-2223.888752	
1.326000	15.492740	0.775100	-1.942598	37.503746	0.210972	-2223.606529	
1.327000	15.365894	0.985598	-1.943920	37.253223	0.300533	-2223.324228	
1.328000	15.370122	0.896541	-1.944486	37.002871	0.323897	-2223.041752	
1.329000	15.433545	0.742716	-1.944444	36.752620	0.249911	-2222.759059	
1.330000	15.475827	0.807484	-1.944035	36.502544	0.000697	-2222.476155	
1.331000	15.425089	0.807484	-1.943220	36.252795	0.339473	-2222.193089	
1.332000	15.302471	0.961310	-1.941766	36.003414	0.351155	-2221.909954	
1.333000	15.251732	1.042271	-1.939768	35.754312	0.296639	-2221.626881	
1.334000	15.306699	0.767004	-1.937609	35.505413	0.238229	-2221.344024	
1.335000	15.433545	0.880349	-1.935685	35.256779	0.191502	-2221.061530	
1.336000	15.408176	0.888445	-1.934378	35.008553	0.265487	-2220.779510	
1.337000	15.348981	0.807484	-1.933855	34.760770	0.444610	-2220.498012	
1.338000	15.353209	1.098943	-1.934288	34.513340	0.246017	-2220.217040	
1.339000	15.458914	0.807484	-1.936320	34.266184	0.238229	-2219.936562	
1.340000	15.488512	0.767004	-1.940265	34.019365	-0.092758	-2219.656508	
1.341000	15.467371	0.896541	-1.945311	33.773021	0.226548	-2219.376760	
1.342000	15.353209	0.912733	-1.950159	33.527193	0.308321	-2219.097166	
1.343000	15.353209	1.042271	-1.953893	33.281799	0.203184	-2218.817575	
1.344000	15.395491	0.767004	-1.956250	33.036771	0.109728	-2218.537860	
1.345000	15.475827	0.686043	-1.957305	32.792170	0.156456	-2218.257942	
1.346000	15.416632	1.058463	-1.957097	32.548139	0.362836	-2217.977783	
1.347000	15.243276	1.123232	-1.955587	32.304720	0.456292	-2217.697384	
1.348000	15.289786	0.953214	-1.952699	32.061833	0.296639	-2217.416800	
1.349000	15.442002	0.799388	-1.948584	31.819404	0.129198	-2217.136146	
1.350000	15.442002	0.742716	-1.943795	31.577488	0.121410	-2216.855576	
1.351000	15.437773	0.969406	-1.939011	31.336212	0.249911	-2216.575250	
1.352000	15.361666	0.961310	-1.934820	31.095608	0.366730	-2216.295307	
1.353000	15.357437	0.993694	-1.931629	30.855598	0.320003	-2216.015839	
1.354000	15.412404	0.864157	-1.929639	30.616109	0.140880	-2215.736890	
1.355000	15.501196	0.653659	-1.928748	30.377195	0.086365	-2215.458456	
1.356000	15.403948	0.880349	-1.928373	30.138985	0.066895	-2215.180489	
1.357000	15.412404	1.001790	-1.927886	29.901514	0.339473	-2214.902881	
1.358000	15.281330	1.058463	-1.927041	29.664708	0.467974	-2214.625490	
1.359000	15.298242	1.034175	-1.925782	29.428501	0.179820	-2214.348153	
1.360000	15.446230	0.710331	-1.924137	29.192948	0.133092	-2214.070717	
1.361000	15.361666	0.783196	-1.922242	28.958179	0.210972	-2213.793054	
1.362000	15.382807	1.123232	-1.920213	28.724226	0.479655	-2213.515079	
1.363000	15.260189	1.115135	-1.917671	28.491016	0.269381	-2213.236762	
1.364000	15.327840	1.026079	-1.913727	28.258479	0.257699	-2212.958131	
1.365000	15.475827	0.815580	-1.908083	28.026660	0.074683	-2212.679281	
1.366000	15.471599	0.912733	-1.901618	27.795675	0.242123	-2212.400354	
1.367000	15.420861	0.920829	-1.895627	27.565552	0.323897	-2212.121516	
1.368000	15.332068	0.953214	-1.891194	27.336219	0.288851	-2211.842930	
1.369000	15.294014	0.920829	-1.889020	27.107613	0.004591	-2211.564734	
1.370000	15.408176	0.807484	-1.889235	26.879783	0.078577	-2211.287015	
1.371000	15.467371	0.888445	-1.891511	26.652846	0.242123	-2211.009801	
1.372000	15.378578	0.993694	-1.895374	26.426834	0.316109	-2210.733064	
1.373000	15.277101	1.098943	-1.900314	26.201681	0.355048	-2210.456730	
1.374000	15.243276	0.880349	-1.905836	25.977329	0.222654	-2210.180682	
1.375000	15.395491	0.807484	-1.911421	25.753820	0.109728	-2209.904780	
1.376000	15.365894	0.799388	-1.916632	25.531261	0.246017	-2209.628874	
1.377000	15.370122	1.017982	-1.921297	25.309675	0.331685	-2209.352826	
1.378000	15.302471	1.001790	-1.925357	25.088996	0.355048	-2209.076537	
1.379000	15.277101	0.928926	-1.928219	24.869164	0.207078	-2208.799960	
1.380000	15.480055	0.880349	-1.928155	24.650221	0.152562	-2208.523105	
1.381000	15.471599	0.847965	-1.923431	24.432267	0.335579	-2208.246029	
1.382000	15.425089	1.098943	-1.914332	24.215330	0.265487	-2207.968839	
1.383000	15.357437	0.904637	-1.902994	23.999353	0.269381	-2207.691681	
1.384000	15.294014	0.847965	-1.891626	23.784286	0.082471	-2207.414721	
1.385000	15.471599	1.001790	-1.881739	23.570172	0.109728	-2207.138116	
1.386000	15.370122	0.872253	-1.874235	23.357112	0.175926	-2206.861978	
1.387000	15.323612	1.244673	-1.869327	23.145135	0.351155	-2206.586354	
1.388000	15.294014	0.677947	-1.866507	22.934192	0.413458	-2206.311243	
1.389000	15.272873	0.831773	-1.865179	22.724242	0.312215	-2206.036612	
1.390000	15.429317	0.888445	-1.865240	22.515325	0.140880	-2205.762386	
1.391000	15.353209	0.742716	-1.866745	22.307539	0.214866	-2205.488436	
1.392000	15.294014	1.236577	-1.869467	22.100910	0.409564	-2205.214603	
1.393000	15.387035	0.807484	-1.873109	21.895385	0.292745	-2204.940734	
1.394000	15.378578	0.937022	-1.877490	21.690915	0.261593	-2204.666714	
1.395000	15.543479	0.750812	-1.882390	21.487534	0.059107	-2204.392475	
1.396000	15.429317	0.726523	-1.887275	21.285333	0.234335	-2204.117991	
1.397000	15.239048	1.171808	-1.891247	21.084336	0.273275	-2203.843271	
1.398000	15.408176	0.831773	-1.893702	20.884502	0.105834	-2203.568381	
1.399000	15.357437	0.872253	-1.894863	20.685791	0.269381	-2203.293446	
1.400000	15.458914	1.001790	-1.895395	20.488240	0.094153	-2203.018627	0.000000
1.401000	15.403948	0.896541	-1.895981	20.291939	0.226548	-2202.744089	
1.402000	15.205222	1.171808	-1.897120	20.096915	0.362836	-2202.469960	
1.403000	15.399719	0.904637	-1.898857	19.903137	0.347261	-2202.196324	
1.404000	15.403948	0.888445	-1.900958	19.710572	0.152562	-2201.923217	
1.405000	15.429317	0.904637	-1.903401	19.519248	0.172032	-2201.650633	
1.406000	15.408176	0.856061	-1.906318	19.329240	0.401776	-2201.378518	
1.407000	15.319384	0.977502	-1.909719	19.140565	0.370624	-2201.106771	
1.408000	15.429317	0.953214	-1.913423	18.953181	0.312215	-2200.835249	
1.409000	15.433545	0.734620	-1.917012	18.767043	0.195396	-2200.563802	
1.410000	15.467371	0.783196	-1.919889	18.582176	0.078577	-2200.292292	
1.411000	15.463143	0.880349	-1.921644	18.398659	0.210972	-2200.020607	
1.412000	15.277101	1.277057	-1.922345	18.216516	0.214866	-2199.748673	
1.413000	15.332068	1.082751	-1.922237	18.035725	0.362836	-2199.476461	
1.414000	15.310927	0.912733	-1.921449	17.856259	0.105834	-2199.203998	
1.415000	15.387035	0.888445	-1.920047	17.678145	0.117516	-2198.931371	
1.416000	15.425089	0.621274	-1.918156	17.501454	0.323897	-2198.658717	
1.417000	15.306699	1.082751	-1.916025	17.326205	0.304427	-2198.386191	
1.418000	15.310927	1.009886	-1.914053	17.152377	0.335579	-2198.113947	
1.419000	15.353209	0.694139	-1.912655	16.979944	0.117516	-2197.842117	
1.420000	15.425089	0.718427	-1.911887	16.808924	0.175926	-2197.570785	
1.421000	15.547707	0.726523	-1.911803	16.639375	0.253805	-2197.299982	
1.422000	15.340525	1.001790	-1.912988	16.471314	0.401776	-2197.029687	
1.423000	15.365894	0.993694	-1.915866	16.304730	0.277169	-2196.759829	
1.424000	15.475827	0.702235	-1.920081	16.139605	-0.007091	-2196.490298	
1.425000	15.408176	0.815580	-1.924828	15.975960	0.129198	-2196.220957	
1.426000	15.442002	0.807484	-1.929367	15.813851	0.234335	-2195.951655	
1.427000	15.302471	1.115135	-1.933194	15.653293	0.133092	-2195.682249	
1.428000	15.302471	1.147520	-1.935901	15.494269	0.308321	-2195.412633	
1.429000	15.382807	0.839869	-1.937435	15.336755	0.148668	-2195.142750	
1.430000	15.357437	0.888445	-1.938358	15.180762	0.191502	-2194.872597	
1.431000	15.450458	0.734620	-1.939188	15.026338	0.343367	-2194.602220	
1.432000	15.306699	0.912733	-1.939972	14.873496	0.452398	-2194.331712	
1.433000	15.310927	0.945118	-1.940670	14.722219	0.261593	-2194.061214	
1.434000	15.344753	0.888445	-1.941321	14.572482	0.164244	-2193.790887	
1.435000	15.416632	0.928926	-1.941953	14.424292	0.140880	-2193.520887	
1.436000	15.496968	0.791292	-1.942582	14.277687	0.257699	-2193.251330	
1.437000	15.463143	1.001790	-1.943399	14.132686	0.218760	-2192.982269	
1.438000	15.416632	0.888445	-1.944916	13.989308	0.335579	-2192.713711	
1.439000	15.382807	0.783196	-1.947607	13.847564	0.090259	-2192.445624	
1.440000	15.374350	0.856061	-1.951433	13.707474	0.172032	-2192.177931	
1.441000	15.382807	0.920829	-1.955805	13.569078	0.164244	-2191.910498	
1.442000	15.357437	1.050367	-1.959947	13.432392	0.312215	-2191.643161	
1.443000	15.243276	1.009886	-1.963252	13.297422	0.296639	-2191.375760	
1.444000	15.370122	0.839869	-1.965373	13.164164	0.168138	-2191.108168	
1.445000	15.408176	0.961310	-1.966209	13.032623	0.066895	-2190.840305	
1.446000	15.387035	0.783196	-1.965873	12.902829	0.281063	-2190.572127	
1.447000	15.374350	1.017982	-1.964596	12.774791	0.320003	-2190.303634	
1.448000	15.319384	0.920829	-1.962587	12.648512	0.358942	-2190.034891	
1.449000	15.471599	1.107039	-1.959995	12.523987	0.113622	-2189.766025	
1.450000	15.450458	0.823676	-1.957055	12.401216	0.214866	-2189.497200	
1.451000	15.357437	0.856061	-1.954031	12.280222	0.277169	-2189.228579	
1.452000	15.365894	0.904637	-1.951087	12.161015	0.261593	-2188.960293	
1.453000	15.323612	0.904637	-1.948489	12.043617	0.175926	-2188.692428	
1.454000	15.429317	1.009886	-1.946611	11.928041	0.020167	-2188.425023	
1.455000	15.420861	1.050367	-1.945619	11.814290	0.172032	-2188.158070	
1.456000	15.378578	0.961310	-1.945476	11.702383	0.238229	-2187.891511	
1.457000	15.357437	0.977502	-1.946083	11.592326	0.273275	-2187.625231	
1.458000	15.315155	0.856061	-1.947204	11.484128	0.378412	-2187.359081	
1.459000	15.382807	0.945118	-1.948553	11.377788	0.074683	-2187.092910	
1.460000	15.437773	0.767004	-1.950038	11.273302	0.292745	-2186.826579	
1.461000	15.348981	0.928926	-1.951584	11.170679	0.152562	-2186.559975	
1.462000	15.416632	0.856061	-1.953030	11.069924	0.413458	-2186.293020	
1.463000	15.357437	0.734620	-1.954293	10.971063	0.265487	-2186.025687	
1.464000	15.395491	0.791292	-1.955112	10.874114	0.031849	-2185.758011	
1.465000	15.450458	0.783196	-1.955094	10.779071	0.133092	-2185.490087	
1.466000	15.374350	1.009886	-1.954271	10.685937	0.284957	-2185.222058	
1.467000	15.361666	1.074655	-1.953082	10.594717	0.393988	-2184.954081	
1.468000	15.260189	0.953214	-1.951972	10.505450	0.355048	-2184.686310	
1.469000	15.336296	0.839869	-1.951241	10.418163	0.125304	-2184.418870	
1.470000	15.408176	0.758908	-1.951146	10.332849	0.261593	-2184.151841	
1.471000	15.302471	0.758908	-1.951918	10.249498	0.207078	-2183.885246	
1.472000	15.365894	1.042271	-1.953601	10.168114	0.355048	-2183.619054	
1.473000	15.336296	0.815580	-1.956013	10.088749	0.339473	-2183.353190	
1.474000	15.361666	0.896541	-1.958722	10.011446	0.144774	-2183.087547	
1.475000	15.488512	0.767004	-1.961086	9.936192	0.164244	-2182.821989	
1.476000	15.403948	0.928926	-1.962599	9.862969	0.316109	-2182.556373	
1.477000	15.387035	1.082751	-1.962998	9.791775	0.339473	-2182.290570	
1.478000	15.353209	0.831773	-1.961973	9.722664	0.242123	-2182.024481	
1.479000	15.277101	0.880349	-1.959248	9.655675	0.105834	-2181.758060	
1.480000	15.467371	0.694139	-1.954909	9.590793	0.156456	-2181.491312	
1.481000	15.416632	0.807484	-1.949378	9.527996	0.175926	-2181.224285	
1.482000	15.277101	1.123232	-1.943191	9.467284	0.160350	-2180.957076	
1.483000	15.332068	1.066559	-1.936912	9.408707	0.343367	-2180.689827	
1.484000	15.247504	0.823676	-1.931102	9.352303	0.203184	-2180.422698	
1.485000	15.442002	0.750812	-1.926201	9.298045	0.133092	-2180.155846	
1.486000	15.399719	0.815580	-1.922532	9.245900	0.265487	-2179.889384	
1.487000	15.336296	1.082751	-1.920254	9.195864	0.405670	-2179.623368	
1.488000	15.323612	0.937022	-1.919484	9.148000	0.218760	-2179.357804	
1.489000	15.302471	0.823676	-1.920562	9.102357	-0.003197	-2179.092664	
1.490000	15.488512	0.856061	-1.923583	9.058901	0.246017	-2178.827873	
1.491000	15.522337	0.686043	-1.927878	9.017591	0.191502	-2178.563307	
1.492000	15.323612	1.009886	-1.932383	8.978420	0.347261	-2178.298815	
1.493000	15.315155	0.896541	-1.936114	8.941468	0.199290	-2178.034247	
1.494000	15.327840	0.912733	-1.938379	8.906796	0.140880	-2177.769480	
1.495000	15.391263	0.783196	-1.938847	8.874370	0.144774	-2177.504434	
1.496000	15.412404	0.920829	-1.937643	8.844141	0.292745	-2177.239065	
1.497000	15.255960	1.107039	-1.935424	8.816097	0.397882	-2176.973372	
1.498000	15.251732	0.831773	-1.932805	8.790323	0.366730	-2176.707420	
1.499000	15.348981	0.864157	-1.929867	8.766880	0.152562	-2176.441332	
1.500000	15.378578	0.904637	-1.926546	8.745729	0.347261	-2176.175272	0.000000
1.501000	15.433545	0.645563	-1.922944	8.726805	0.246017	-2175.909399	
1.502000	15.310927	0.977502	-1.919361	8.710094	0.284957	-2175.643855	
1.503000	15.374350	0.920829	-1.916270	8.695680	0.366730	-2175.378737	
1.504000	15.315155	1.001790	-1.913956	8.683625	0.027955	-2175.114095	
1.505000	15.370122	0.694139	-1.912624	8.673882	0.296639	-2174.849930	
1.506000	15.378578	0.686043	-1.912734	8.666380	0.140880	-2174.586188	
1.507000	15.336296	0.977502	-1.914343	8.661104	0.214866	-2174.322762	
1.508000	15.327840	0.847965	-1.916646	8.658149	0.277169	-2174.059510	
1.509000	15.348981	0.888445	-1.918726	8.657586	0.070789	-2173.796280	
1.510000	15.353209	0.945118	-1.920031	8.659372	0.226548	-2173.532929	
1.511000	15.382807	0.686043	-1.920065	8.663432	0.277169	-2173.269331	
1.512000	15.294014	0.799388	-1.918247	8.669753	0.358942	-2173.005397	
1.513000	15.289786	0.799388	-1.914630	8.678440	0.242123	-2172.741092	
1.514000	15.370122	0.734620	-1.910315	8.689566	0.168138	-2172.476442	
1.515000	15.361666	0.961310	-1.906332	8.703077	0.308321	-2172.211538	
1.516000	15.395491	0.856061	-1.902903	8.718881	0.133092	-2171.946518	
1.517000	15.395491	0.880349	-1.900090	8.736955	0.265487	-2171.681539	
1.518000	15.281330	0.847965	-1.898103	8.757397	0.284957	-2171.416760	
1.519000	15.458914	0.702235	-1.897098	8.780278	0.090259	-2171.152318	
1.520000	15.365894	0.710331	-1.897159	8.805540	0.397882	-2170.888302	
1.521000	15.408176	0.791292	-1.898611	8.833091	0.199290	-2170.624742	
1.522000	15.370122	0.920829	-1.902012	8.862906	0.281063	-2170.361608	
1.523000	15.179853	0.896541	-1.907363	8.895091	0.249911	-2170.098824	
1.524000	15.332068	0.815580	-1.913865	8.929718	-0.022667	-2169.836274	
1.525000	15.353209	0.864157	-1.920483	8.966722	0.316109	-2169.573820	
1.526000	15.391263	0.847965	-1.926446	9.005999	0.401776	-2169.311312	
1.527000	15.327840	0.928926	-1.931309	9.047526	0.370624	-2169.048607	
1.528000	15.167168	0.920829	-1.934568	9.091423	0.320003	-2168.785602	
1.529000	15.391263	0.629370	-1.935763	9.137775	0.117516	-2168.522245	
1.530000	15.420861	0.637467	-1.934940	9.186507	0.390094	-2168.258541	
1.531000	15.403948	0.920829	-1.932542	9.237503	0.207078	-2167.994546	
1.532000	15.361666	0.767004	-1.929101	9.290742	0.168138	-2167.730364	
1.533000	15.141799	0.920829	-1.925231	9.346356	0.121410	-2167.466137	
1.534000	15.361666	0.807484	-1.921647	9.404439	0.035743	-2167.202028	
1.535000	15.446230	0.815580	-1.918917	9.464915	0.234335	-2166.938195	
1.536000	15.395491	1.058463	-1.917233	9.527664	0.288851	-2166.674754	
1.537000	15.319384	1.017982	-1.916499	9.592666	0.343367	-2166.411761	
1.538000	15.129114	1.115135	-1.916914	9.660056	0.304427	-2166.149215	
1.539000	15.327840	0.847965	-1.919381	9.729925	0.152562	-2165.887076	
1.540000	15.429317	0.726523	-1.924431	9.802188	0.207078	-2165.625262	
1.541000	15.454686	1.034175	-1.931288	9.876711	0.304427	-2165.363648	
1.542000	15.344753	0.856061	-1.938633	9.953463	0.277169	-2165.102082	
1.543000	15.154483	1.058463	-1.945330	10.032575	0.351155	-2164.840415	
1.544000	15.391263	0.815580	-1.950722	10.114133	0.101940	-2164.578531	
1.545000	15.420861	0.775100	-1.954825	10.198045	0.351155	-2164.316357	
1.546000	15.361666	0.847965	-1.957960	10.284171	0.246017	-2164.053864	
1.547000	15.357437	0.888445	-1.960293	10.372484	0.214866	-2163.791064	
1.548000	15.175624	0.872253	-1.961713	10.463123	0.191502	-2163.528026	
1.549000	15.370122	0.945118	-1.962108	10.556183	0.113622	-2163.264877	
1.550000	15.433545	0.767004	-1.961750	10.651573	0.226548	-2163.001776	
1.551000	15.340525	0.985598	-1.961118	10.749154	0.296639	-2162.738883	
1.552000	15.374350	0.896541	-1.960574	10.848902	0.475762	-2162.476330	
1.553000	15.137571	0.815580	-1.960430	10.950959	0.397882	-2162.214207	
1.554000	15.387035	1.009886	-1.961024	11.055413	0.226548	-2161.952556	
1.555000	15.471599	0.637467	-1.962476	11.162159	0.343367	-2161.691372	
1.556000	15.336296	0.847965	-1.964571	11.271042	0.304427	-2161.430603	
1.557000	15.403948	0.961310	-1.967013	11.382031	0.366730	-2161.170151	
1.558000	15.205222	0.920829	-1.969451	11.495275	0.218760	-2160.909883	
1.559000	15.357437	0.880349	-1.971426	11.610871	0.074683	-2160.649655	
1.560000	15.480055	0.758908	-1.972492	11.728713	0.246017	-2160.389330	
1.561000	15.340525	0.661755	-1.972349	11.848640	0.308321	-2160.128789	
1.562000	15.357437	0.953214	-1.971152	11.970619	0.300533	-2159.867952	
1.563000	15.289786	0.799388	-1.969556	12.094798	0.304427	-2159.606791	
1.564000	15.243276	1.026079	-1.968026	12.221272	0.253805	-2159.345337	
1.565000	15.412404	0.969406	-1.966413	12.349933	0.300533	-2159.083681	
1.566000	15.306699	0.710331	-1.964479	12.480616	0.210972	-2158.821959	
1.567000	15.361666	0.928926	-1.962226	12.613290	0.316109	-2158.560326	
1.568000	15.247504	0.839869	-1.959711	12.748101	0.300533	-2158.298938	
1.569000	15.272873	0.993694	-1.957037	12.885139	0.191502	-2158.037933	
1.570000	15.395491	1.009886	-1.954433	13.024278	0.413458	-2157.777400	
1.571000	15.387035	0.823676	-1.952272	13.165344	0.281063	-2157.517373	
1.572000	15.327840	1.179904	-1.950823	13.308305	0.327791	-2157.257834	
1.573000	15.239048	0.799388	-1.950065	13.453317	0.249911	-2156.998721	
1.574000	15.353209	0.953214	-1.949814	13.600477	0.055213	-2156.739932	
1.575000	15.442002	0.864157	-1.949726	13.749664	0.339473	-2156.481334	
1.576000	15.361666	0.791292	-1.949446	13.900705	0.199290	-2156.222778	
1.577000	15.348981	1.001790	-1.948844	14.053575	0.257699	-2155.964123	
1.578000	15.150255	0.864157	-1.947995	14.208439	0.378412	-2155.705260	
1.579000	15.340525	1.066559	-1.947028	14.365394	0.269381	-2155.446131	
1.580000	15.340525	1.139424	-1.946155	14.524308	0.249911	-2155.186735	
1.581000	15.387035	0.904637	-1.945857	14.685000	0.351155	-2154.927119	
1.582000	15.281330	0.985598	-1.946393	14.847442	0.238229	-2154.667381	
1.583000	15.133342	1.017982	-1.947449	15.011806	0.281063	-2154.407663	
1.584000	15.378578	0.904637	-1.948684	15.178191	0.144774	-2154.148130	
1.585000	15.429317	0.799388	-1.949956	15.346460	0.335579	-2153.888948	
1.586000	15.408176	0.839869	-1.951107	15.516423	0.164244	-2153.630238	
1.587000	15.327840	0.945118	-1.951899	15.688056	0.246017	-2153.372066	
1.588000	15.175624	0.605082	-1.952314	15.861537	0.168138	-2153.114443	
1.589000	15.442002	0.702235	-1.952960	16.036965	0.090259	-2152.857349	
1.590000	15.403948	0.928926	-1.954515	16.214202	0.277169	-2152.600711	
1.591000	15.412404	0.872253	-1.956912	16.393058	0.191502	-2152.344408	
1.592000	15.247504	1.026079	-1.959504	16.573509	0.168138	-2152.088285	
1.593000	15.133342	0.904637	-1.961555	16.755734	0.386200	-2151.832184	
1.594000	15.294014	0.791292	-1.962504	16.939828	0.234335	-2151.575977	
1.595000	15.391263	0.856061	-1.962128	17.125642	0.417352	-2151.319581	
1.596000	15.442002	0.791292	-1.960535	17.312974	0.152562	-2151.062956	
1.597000	15.255960	0.961310	-1.957922	17.501804	0.288851	-2150.806109	
1.598000	15.150255	0.856061	-1.954348	17.692317	0.351155	-2150.549106	
1.599000	15.412404	0.928926	-1.949865	17.884611	0.098047	-2150.292072	
1.600000	15.412404	0.872253	-1.944736	18.078528	0.327791	-2150.035164	0.000000
1.601000	15.501196	0.775100	-1.939391	18.273866	0.160350	-2149.778542	
1.602000	15.302471	0.823676	-1.934356	18.470614	0.327791	-2149.522345	
1.603000	15.107973	0.839869	-1.930156	18.668974	0.168138	-2149.266667	
1.604000	15.467371	0.791292	-1.927029	18.869047	0.230441	-2149.011552	
1.605000	15.357437	0.888445	-1.924979	19.070678	0.386200	-2148.756992	
1.606000	15.433545	0.629370	-1.924244	19.273663	0.214866	-2148.502931	
1.607000	15.192537	0.896541	-1.924987	19.477986	0.393988	-2148.249261	
1.608000	15.091060	0.888445	-1.926668	19.683846	0.246017	-2147.995839	
1.609000	15.370122	0.775100	-1.928404	19.891336	0.246017	-2147.742509	
1.610000	15.336296	0.799388	-1.929575	20.100288	0.284957	-2147.489127	
1.611000	15.433545	0.856061	-1.929837	20.310488	0.199290	-2147.235570	
1.612000	15.374350	0.613178	-1.928969	20.521920	0.378412	-2146.981759	
1.613000	15.213678	1.066559	-1.927296	20.734782	0.230441	-2146.727670	
1.614000	15.378578	0.783196	-1.925809	20.949165	0.156456	-2146.473334	
1.615000	15.374350	0.742716	-1.925019	21.164896	0.168138	-2146.218840	
1.616000	15.416632	0.686043	-1.924539	21.381763	0.051319	-2145.964321	
1.617000	15.340525	0.799388	-1.923980	21.599754	0.152562	-2145.709931	
1.618000	15.150255	0.953214	-1.923231	21.819075	0.222654	-2145.455827	
1.619000	15.353209	0.864157	-1.922242	22.039821	0.172032	-2145.202138	
1.620000	15.353209	0.839869	-1.921023	22.261819	0.362836	-2144.948943	
1.621000	15.323612	0.823676	-1.919754	22.484853	0.343367	-2144.696266	
1.622000	15.374350	0.888445	-1.918547	22.708921	0.471868	-2144.444078	
1.623000	15.154483	0.847965	-1.916915	22.934241	0.257699	-2144.192305	
1.624000	15.357437	0.791292	-1.914331	23.160906	0.140880	-2143.940835	
1.625000	15.387035	0.847965	-1.910925	23.388730	0.249911	-2143.689530	
1.626000	15.361666	0.831773	-1.906835	23.617492	0.300533	-2143.438240	
1.627000	15.365894	0.872253	-1.901839	23.847183	0.195396	-2143.186823	
1.628000	15.167168	0.807484	-1.895922	24.078016	0.183714	-2142.935180	
1.629000	15.340525	0.937022	-1.889070	24.310081	0.164244	-2142.683262	
1.630000	15.391263	0.767004	-1.880737	24.543189	0.335579	-2142.431075	
1.631000	15.332068	0.888445	-1.870796	24.777122	0.246017	-2142.178667	
1.632000	15.306699	0.856061	-1.860284	25.011878	0.308321	-2141.926135	
1.633000	15.086832	0.710331	-1.850677	25.247678	0.261593	-2141.673613	
1.634000	15.344753	0.928926	-1.843238	25.484612	0.207078	-2141.421262	
1.635000	15.365894	0.767004	-1.838702	25.722490	0.323897	-2141.169235	
1.636000	15.353209	0.904637	-1.837189	25.961085	0.281063	-2140.917648	
1.637000	15.302471	0.799388	-1.838564	26.200393	0.312215	-2140.666556	
1.638000	15.116430	0.904637	-1.842887	26.440629	0.230441	-2140.415964	
1.639000	15.378578	0.920829	-1.850310	26.681877	0.226548	-2140.165846	
1.640000	15.433545	0.856061	-1.860469	26.923937	0.339473	-2139.916132	
1.641000	15.412404	0.726523	-1.872292	27.166584	0.249911	-2139.666705	
1.642000	15.378578	0.864157	-1.884454	27.409830	0.230441	-2139.417416	
1.643000	15.133342	0.710331	-1.895756	27.653911	0.281063	-2139.168113	
1.644000	15.365894	0.807484	-1.905389	27.898915	0.292745	-2138.918672	
1.645000	15.429317	0.872253	-1.913217	28.144641	0.339473	-2138.669010	
1.646000	15.302471	1.171808	-1.919477	28.390865	0.234335	-2138.419089	
1.647000	15.230591	1.171808	-1.924285	28.637612	0.257699	-2138.168911	
1.648000	15.112201	0.791292	-1.927586	28.885120	0.109728	-2137.918537	
1.649000	15.365894	0.694139	-1.929303	29.133471	0.265487	-2137.668082	
1.650000	15.446230	0.799388	-1.929558	29.382454	0.323897	-2137.417698	
1.651000	15.336296	0.896541	-1.928707	29.631836	0.300533	-2137.167546	
1.652000	15.336296	1.001790	-1.927100	29.881633	0.230441	-2136.917766	
1.653000	15.154483	0.734620	-1.925126	30.132074	0.249911	-2136.668456	
1.654000	15.327840	0.937022	-1.923466	30.383233	0.358942	-2136.419664	
1.655000	15.429317	0.815580	-1.923059	30.634891	0.234335	-2136.171391	
1.656000	15.336296	0.799388	-1.924599	30.886814	0.222654	-2135.923592	
1.657000	15.323612	0.928926	-1.927955	31.139033	0.323897	-2135.676170	
1.658000	15.065691	0.815580	-1.932203	31.391796	0.191502	-2135.428988	
1.659000	15.327840	0.969406	-1.936329	31.645181	0.269381	-2135.181894	
1.660000	15.412404	0.896541	-1.939867	31.898971	0.429034	-2134.934741	
1.661000	15.344753	0.896541	-1.942890	32.152937	0.320003	-2134.687406	
1.662000	15.158712	0.961310	-1.945524	32.407118	0.249911	-2134.439807	
1.663000	15.179853	0.710331	-1.947758	32.661770	0.374518	-2134.191905	
1.664000	15.285558	0.864157	-1.949577	32.916968	0.168138	-2133.943721	
1.665000	15.395491	0.896541	-1.950884	33.172484	0.421246	-2133.695340	
1.666000	15.454686	0.904637	-1.951554	33.428079	0.168138	-2133.446897	
1.667000	15.285558	0.856061	-1.951680	33.683776	0.331685	-2133.198552	
1.668000	15.213678	0.880349	-1.951554	33.939815	0.323897	-2132.950468	
1.669000	15.332068	0.912733	-1.951465	34.196264	0.230441	-2132.702784	
1.670000	15.395491	0.767004	-1.951499	34.452892	0.284957	-2132.455588	
1.671000	15.387035	0.653659	-1.951532	34.709466	0.121410	-2132.208911	
1.672000	15.294014	0.945118	-1.951219	34.966027	0.168138	-2131.962734	
1.673000	15.264417	0.985598	-1.950255	35.222831	0.378412	-2131.716992	
1.674000	15.239048	1.017982	-1.948834	35.479950	0.257699	-2131.471578	
1.675000	15.361666	0.904637	-1.947390	35.737156	0.401776	-2131.226351	
1.676000	15.336296	0.831773	-1.946112	35.994215	0.273275	-2130.981157	
1.677000	15.226363	0.977502	-1.945105	36.251176	0.253805	-2130.735855	
1.678000	15.222135	0.945118	-1.944625	36.508301	0.203184	-2130.490344	
1.679000	15.336296	0.661755	-1.944839	36.765656	0.292745	-2130.244572	
1.680000	15.387035	0.904637	-1.945397	37.023002	0.386200	-2129.998537	
1.681000	15.433545	0.750812	-1.945361	37.280097	0.226548	-2129.752284	
1.682000	15.260189	0.945118	-1.944057	37.536985	0.320003	-2129.505909	
1.683000	15.310927	0.775100	-1.941827	37.793924	0.164244	-2129.259558	
1.684000	15.357437	0.742716	-1.939505	38.050983	0.207078	-2129.013400	
1.685000	15.327840	0.880349	-1.937735	38.307922	0.370624	-2128.767598	
1.686000	15.416632	0.823676	-1.936957	38.564507	0.210972	-2128.522269	
1.687000	15.150255	1.026079	-1.937495	38.820787	0.316109	-2128.277470	
1.688000	15.239048	1.098943	-1.939351	39.077022	0.284957	-2128.033209	
1.689000	15.294014	0.831773	-1.942115	39.333272	0.222654	-2127.789452	
1.690000	15.323612	0.953214	-1.945402	39.589292	0.343367	-2127.546119	
1.691000	15.387035	0.953214	-1.948934	39.844841	0.347261	-2127.303079	
1.692000	15.213678	0.815580	-1.952176	40.099975	0.467974	-2127.060174	
1.693000	15.268645	0.864157	-1.954653	40.354957	0.323897	-2126.817249	
1.694000	15.395491	0.856061	-1.956348	40.609843	0.195396	-2126.574179	
1.695000	15.420861	0.847965	-1.957373	40.864385	0.320003	-2126.330890	
1.696000	15.488512	0.758908	-1.957902	41.118341	0.257699	-2126.087347	
1.697000	15.213678	0.653659	-1.958406	41.371765	0.226548	-2125.843564	
1.698000	15.268645	0.726523	-1.959132	41.624918	0.316109	-2125.599605	
1.699000	15.463143	0.677947	-1.959793	41.877854	0.218760	-2125.355590	
1.700000	15.323612	0.904637	-1.960168	42.130326	0.292745	-2125.111676	0.000000
1.701000	15.344753	0.912733	-1.960376	42.382097	0.273275	-2124.868026	
1.702000	15.205222	0.864157	-1.960767	42.633230	0.261593	-2124.624777	
1.703000	15.188309	0.750812	-1.961860	42.883992	0.261593	-2124.382018	
1.704000	15.391263	0.823676	-1.963922	43.134439	0.304427	-2124.139787	
1.705000	15.310927	1.058463	-1.966675	43.384315	0.320003	-2123.898077	
1.706000	15.327840	0.856061	-1.969604	43.633383	0.246017	-2123.656836	
1.707000	15.196765	0.839869	-1.972260	43.881711	0.230441	-2123.415964	
1.708000	15.268645	1.009886	-1.974139	44.129568	0.327791	-2123.175320	
1.709000	15.437773	0.839869	-1.974542	44.376998	0.125304	-2122.934752	
1.710000	15.437773	0.718427	-1.973008	44.623741	0.265487	-2122.694113	
1.711000	15.361666	0.775100	-1.969782	44.869562	0.109728	-2122.453286	
1.712000	15.234819	0.677947	-1.965392	45.114535	0.078577	-2122.212193	
1.713000	15.302471	1.131328	-1.960061	45.358932	0.168138	-2121.970804	
1.714000	15.387035	0.864157	-1.953847	45.602798	0.222654	-2121.729141	
1.715000	15.374350	0.912733	-1.946948	45.845873	0.238229	-2121.487287	
1.716000	15.361666	0.864157	-1.939874	46.087926	0.207078	-2121.245376	
1.717000	15.158712	0.823676	-1.933380	46.329043	0.308321	-2121.003564	
1.718000	15.268645	0.807484	-1.928124	46.569504	0.304427	-2120.762008	
1.719000	15.403948	0.896541	-1.924377	46.809352	0.355048	-2120.520838	
1.720000	15.353209	0.710331	-1.921983	47.048320	0.316109	-2120.280135	
1.721000	15.306699	0.710331	-1.920760	47.286171	0.199290	-2120.039928	
1.722000	15.285558	0.928926	-1.920667	47.522982	0.300533	-2119.800202	
1.723000	15.319384	0.912733	-1.921303	47.759024	0.292745	-2119.560898	
1.724000	15.446230	0.783196	-1.922060	47.994330	0.312215	-2119.321910	
1.725000	15.382807	0.596986	-1.922584	48.228635	0.370624	-2119.083101	
1.726000	15.370122	0.856061	-1.922693	48.461705	0.148668	-2118.844325	
1.727000	15.239048	0.847965	-1.922429	48.693630	0.249911	-2118.605444	
1.728000	15.289786	0.937022	-1.922082	48.924691	0.288851	-2118.366352	
1.729000	15.289786	1.285153	-1.921615	49.154931	0.218760	-2118.126989	
1.730000	15.387035	0.815580	-1.920425	49.384086	0.436822	-2117.887344	
1.731000	15.281330	0.856061	-1.918104	49.611927	0.269381	-2117.647456	
1.732000	15.277101	0.791292	-1.914823	49.838544	0.296639	-2117.407419	
1.733000	15.387035	0.928926	-1.911062	50.064212	0.347261	-2117.167373	
1.734000	15.319384	0.815580	-1.907454	50.288966	0.308321	-2116.927477	
1.735000	15.442002	0.645563	-1.904508	50.512540	0.304427	-2116.687887	
1.736000	15.387035	0.839869	-1.902408	50.734698	0.273275	-2116.448718	
1.737000	15.251732	0.718427	-1.901213	50.955531	0.152562	-2116.210033	
1.738000	15.340525	0.937022	-1.900722	51.175318	0.191502	-2115.971854	
1.739000	15.306699	1.050367	-1.900254	51.394097	0.269381	-2115.734161	
1.740000	15.442002	0.726523	-1.899380	51.611604	0.207078	-2115.496885	
1.741000	15.357437	0.734620	-1.898291	51.827613	0.140880	-2115.259909	
1.742000	15.129114	0.912733	-1.897199	52.042223	0.296639	-2115.023080	
1.743000	15.365894	0.847965	-1.896183	52.255720	0.308321	-2114.786248	
1.744000	15.226363	0.864157	-1.895286	52.468144	0.292745	-2114.549285	
1.745000	15.357437	0.847965	-1.894453	52.679228	0.331685	-2114.312104	
1.746000	15.446230	0.856061	-1.893809	52.888741	0.316109	-2114.074657	
1.747000	15.120658	1.009886	-1.893925	53.096776	0.304427	-2113.836948	
1.748000	15.454686	0.815580	-1.895308	53.303603	0.288851	-2113.599039	
1.749000	15.357437	0.985598	-1.897928	53.509245	0.222654	-2113.361054	
1.750000	15.382807	0.937022	-1.901571	53.713428	0.308321	-2113.123155	
1.751000	15.382807	0.758908	-1.905987	53.915923	0.136986	-2112.885512	
1.752000	15.162940	0.799388	-1.910710	54.116826	0.203184	-2112.648271	
1.753000	15.437773	0.686043	-1.915386	54.316414	0.203184	-2112.411534	
1.754000	15.332068	0.815580	-1.919986	54.514715	0.304427	-2112.175347	
1.755000	15.416632	1.090847	-1.924177	54.711461	0.284957	-2111.939711	
1.756000	15.323612	0.953214	-1.927060	54.906428	0.238229	-2111.704579	
1.757000	15.133342	0.928926	-1.928093	55.099719	0.362836	-2111.469847	
1.758000	15.370122	0.564602	-1.927537	55.291613	0.370624	-2111.235372	
1.759000	15.348981	0.864157	-1.925886	55.482140	0.362836	-2111.000994	
1.760000	15.382807	0.904637	-1.923527	55.671034	0.288851	-2110.766563	
1.761000	15.344753	0.856061	-1.920793	55.858072	0.257699	-2110.531954	
1.762000	15.154483	0.799388	-1.918051	56.043355	0.238229	-2110.297085	
1.763000	15.480055	0.799388	-1.915785	56.227154	0.277169	-2110.061928	
1.764000	15.391263	1.026079	-1.914459	56.409487	0.343367	-2109.826513	
1.765000	15.454686	0.815580	-1.914076	56.590087	0.284957	-2109.590932	
1.766000	15.365894	0.596986	-1.914238	56.768735	0.183714	-2109.355324	
1.767000	15.116430	0.961310	-1.914677	56.945534	0.230441	-2109.119854	
1.768000	15.463143	0.888445	-1.915162	57.120754	0.335579	-2108.884686	
1.769000	15.315155	0.920829	-1.915396	57.294415	0.425140	-2108.649958	
1.770000	15.370122	0.864157	-1.915468	57.466251	0.343367	-2108.415752	
1.771000	15.450458	0.985598	-1.915919	57.636048	0.296639	-2108.182095	
1.772000	15.116430	0.872253	-1.917356	57.803910	0.242123	-2107.948962	
1.773000	15.450458	0.783196	-1.920084	57.970098	0.242123	-2107.716281	
1.774000	15.332068	0.694139	-1.923796	58.134623	0.288851	-2107.483936	
1.775000	15.336296	0.937022	-1.927738	58.297218	0.246017	-2107.251784	
1.776000	15.463143	0.807484	-1.931186	58.457665	0.253805	-2107.019676	
1.777000	15.129114	1.001790	-1.933773	58.616068	0.277169	-2106.787477	
1.778000	15.551935	0.847965	-1.935520	58.772699	0.327791	-2106.555087	
1.779000	15.344753	0.596986	-1.936644	58.927579	0.160350	-2106.322451	
1.780000	15.332068	0.856061	-1.937076	59.080448	0.296639	-2106.089564	
1.781000	15.412404	0.815580	-1.936123	59.231099	0.226548	-2105.856467	
1.782000	15.154483	0.912733	-1.933298	59.379641	0.156456	-2105.623259	
1.783000	15.319384	0.977502	-1.929165	59.526345	0.214866	-2105.390080	
1.784000	15.336296	0.945118	-1.924782	59.671236	0.312215	-2105.157085	
1.785000	15.289786	0.872253	-1.920925	59.814055	0.487443	-2104.924421	
1.786000	15.412404	0.799388	-1.918003	59.954591	0.390094	-2104.692202	
1.787000	15.150255	1.009886	-1.916304	60.092951	0.199290	-2104.460491	
1.788000	15.323612	1.034175	-1.915994	60.229408	0.246017	-2104.229300	
1.789000	15.353209	0.775100	-1.916854	60.363986	0.253805	-2103.998603	
1.790000	15.387035	0.831773	-1.918398	60.496428	0.222654	-2103.768326	
1.791000	15.425089	0.815580	-1.920189	60.626522	0.175926	-2103.538350	
1.792000	15.247504	0.815580	-1.921866	60.754375	0.238229	-2103.308532	
1.793000	15.446230	0.864157	-1.923188	60.880252	0.300533	-2103.078728	
1.794000	15.403948	0.799388	-1.924019	61.004178	0.300533	-2102.848817	
1.795000	15.403948	0.847965	-1.924246	61.125899	0.300533	-2102.618716	
1.796000	15.365894	1.017982	-1.923834	61.245213	0.175926	-2102.388384	
1.797000	15.120658	0.694139	-1.922874	61.362229	0.273275	-2102.157823	
1.798000	15.412404	0.937022	-1.921473	61.477212	0.207078	-2101.927090	
1.799000	15.277101	0.742716	-1.919728	61.590182	0.292745	-2101.696298	
1.800000	15.353209	0.677947	-1.917844	61.700887	0.362836	-2101.465594	0.000000
1.801000	15.387035	0.750812	-1.916181	61.809121	0.300533	-2101.235132	
1.802000	15.188309	0.750812	-1.915029	61.914986	0.401776	-2101.005046	
1.803000	15.488512	0.920829	-1.914538	62.018736	0.214866	-2100.775435	
1.804000	15.442002	0.734620	-1.914888	62.120386	0.362836	-2100.546347	
1.805000	15.408176	1.001790	-1.916198	62.219685	0.440716	-2100.317784	
1.806000	15.412404	0.839869	-1.918504	62.316433	0.086365	-2100.089702	
1.807000	15.260189	0.791292	-1.921788	62.410736	0.172032	-2099.862009	
1.808000	15.467371	0.977502	-1.925656	62.502858	0.113622	-2099.634570	
1.809000	15.391263	0.896541	-1.929450	62.592824	0.296639	-2099.407238	
1.810000	15.302471	0.847965	-1.932754	62.680398	0.288851	-2099.179865	
1.811000	15.285558	0.969406	-1.935362	62.765389	0.284957	-2098.952324	
1.812000	15.095288	0.864157	-1.937186	62.847907	0.214866	-2098.724526	
1.813000	15.378578	0.710331	-1.938477	62.928211	0.351155	-2098.496433	
1.814000	15.412404	0.953214	-1.939441	63.006323	0.331685	-2098.268065	
1.815000	15.378578	0.807484	-1.939857	63.082003	0.362836	-2098.039504	
1.816000	15.332068	0.945118	-1.939559	63.155061	0.191502	-2097.810883	
1.817000	15.226363	0.856061	-1.938812	63.225605	0.074683	-2097.582358	
1.818000	15.568848	0.799388	-1.938064	63.293890	0.207078	-2097.354092	
1.819000	15.420861	0.839869	-1.937636	63.359937	0.222654	-2097.126221	
1.820000	15.382807	0.694139	-1.937816	63.423512	0.265487	-2096.898837	
1.821000	15.277101	0.920829	-1.938599	63.484431	0.288851	-2096.671977	
1.822000	15.222135	0.758908	-1.938882	63.542804	0.047425	-2096.445624	
1.823000	15.526566	0.758908	-1.937129	63.598890	0.296639	-2096.219711	
1.824000	15.298242	0.961310	-1.933101	63.652717	0.281063	-2095.994125	
1.825000	15.416632	0.864157	-1.927752	63.704061	0.378412	-2095.768720	
1.826000	15.243276	0.928926	-1.922037	63.752743	0.257699	-2095.543341	
1.827000	15.205222	0.928926	-1.916531	63.798877	0.210972	-2095.317840	
1.828000	15.513881	0.734620	-1.911590	63.842716	0.269381	-2095.092104	
1.829000	15.285558	0.912733	-1.907710	63.884287	0.284957	-2094.866070	
1.830000	15.437773	0.588890	-1.905294	63.923360	0.378412	-2094.639731	
1.831000	15.336296	0.767004	-1.903981	63.959753	0.140880	-2094.413135	
1.832000	15.209450	0.904637	-1.903160	63.993571	0.121410	-2094.186390	
1.833000	15.581532	0.742716	-1.902902	64.025063	0.183714	-2093.959646	
1.834000	15.306699	0.799388	-1.903835	64.054252	0.242123	-2093.733072	
1.835000	15.442002	0.767004	-1.906434	64.080917	0.331685	-2093.506831	
1.836000	15.403948	0.815580	-1.910590	64.104887	0.242123	-2093.281045	
1.837000	15.150255	0.977502	-1.915948	64.126277	0.249911	-2093.055783	
1.838000	15.556163	0.872253	-1.922318	64.145348	0.249911	-2092.831056	
1.839000	15.230591	0.937022	-1.929521	64.162131	0.308321	-2092.606829	
1.840000	15.340525	0.839869	-1.937257	64.176411	0.366730	-2092.383014	
1.841000	15.475827	0.653659	-1.945092	64.188017	0.273275	-2092.159483	
1.842000	15.192537	0.888445	-1.952421	64.197060	0.218760	-2091.936083	
1.843000	15.480055	0.872253	-1.958657	64.203789	0.316109	-2091.712661	
1.844000	15.353209	0.888445	-1.963439	64.208232	0.417352	-2091.489089	
1.845000	15.387035	1.009886	-1.966633	64.210174	0.378412	-2091.265281	
1.846000	15.437773	0.831773	-1.968406	64.209443	0.148668	-2091.041197	
1.847000	15.239048	0.686043	-1.969168	64.206150	0.261593	-2090.816849	
1.848000	15.505425	0.839869	-1.969136	64.200549	0.308321	-2090.592305	
1.849000	15.315155	0.823676	-1.968259	64.192677	0.284957	-2090.367686	
1.850000	15.387035	0.904637	-1.966654	64.182327	0.343367	-2090.143147	
1.851000	15.408176	0.831773	-1.964721	64.169336	0.288851	-2089.918845	
1.852000	15.175624	1.009886	-1.962862	64.153815	0.214866	-2089.694921	
1.853000	15.433545	0.945118	-1.961301	64.136015	0.300533	-2089.471468	
1.854000	15.251732	0.791292	-1.960178	64.115968	0.425140	-2089.248525	
1.855000	15.285558	0.896541	-1.959316	64.093469	0.378412	-2089.026082	
1.856000	15.382807	0.629370	-1.957965	64.068358	0.347261	-2088.804086	
1.857000	15.226363	1.009886	-1.955531	64.040751	0.207078	-2088.582443	
1.858000	15.535022	0.920829	-1.952135	64.010895	0.246017	-2088.361023	
1.859000	15.336296	0.799388	-1.948141	63.978821	0.164244	-2088.139684	
1.860000	15.361666	1.050367	-1.943793	63.944326	0.358942	-2087.918288	
1.861000	15.429317	0.669851	-1.939338	63.907253	0.238229	-2087.696717	
1.862000	15.298242	0.750812	-1.935130	63.867716	0.234335	-2087.474896	
1.863000	15.458914	0.710331	-1.931629	63.825969	0.117516	-2087.252795	
1.864000	15.340525	0.750812	-1.929233	63.782051	0.277169	-2087.030434	
1.865000	15.302471	1.115135	-1.927974	63.735771	0.335579	-2086.807887	
1.866000	15.365894	0.937022	-1.927661	63.686979	0.296639	-2086.585275	
1.867000	15.209450	0.872253	-1.928272	63.635786	0.277169	-2086.362748	
1.868000	15.518109	0.856061	-1.929937	63.582439	0.277169	-2086.140459	
1.869000	15.370122	0.750812	-1.932778	63.526971	0.386200	-2085.918537	
1.870000	15.217907	0.977502	-1.936723	63.469192	0.421246	-2085.697063	
1.871000	15.340525	0.904637	-1.941387	63.408950	0.168138	-2085.476066	
1.872000	15.310927	0.621274	-1.946471	63.346355	0.172032	-2085.255528	
1.873000	15.589989	0.823676	-1.952020	63.281641	0.199290	-2085.035387	
1.874000	15.433545	1.026079	-1.957839	63.214840	0.366730	-2084.815535	
1.875000	15.281330	1.009886	-1.963139	63.145763	0.246017	-2084.595835	
1.876000	15.378578	0.807484	-1.967092	63.074264	0.207078	-2084.376141	
1.877000	15.353209	0.839869	-1.969304	63.000454	0.191502	-2084.156317	
1.878000	15.505425	0.856061	-1.969706	62.924572	0.308321	-2083.936257	
1.879000	15.247504	0.904637	-1.968651	62.846655	0.440716	-2083.715895	
1.880000	15.260189	0.937022	-1.966934	62.766524	0.312215	-2083.495217	
1.881000	15.306699	0.880349	-1.964868	62.684037	0.343367	-2083.274262	
1.882000	15.361666	0.767004	-1.962046	62.599302	0.253805	-2083.053123	
1.883000	15.458914	0.904637	-1.958301	62.512545	0.323897	-2082.831941	
1.884000	15.370122	0.742716	-1.953892	62.423798	0.304427	-2082.610878	
1.885000	15.391263	0.977502	-1.949095	62.332875	0.331685	-2082.390093	
1.886000	15.378578	0.920829	-1.944139	62.239632	0.199290	-2082.169715	
1.887000	15.391263	0.831773	-1.939278	62.144173	0.214866	-2081.949819	
1.888000	15.522337	1.050367	-1.934733	62.046723	0.238229	-2081.730429	
1.889000	15.403948	0.653659	-1.930621	61.947317	0.253805	-2081.511520	
1.890000	15.387035	0.896541	-1.927036	61.845778	0.284957	-2081.293019	
1.891000	15.416632	0.856061	-1.923959	61.741972	0.246017	-2081.074806	
1.892000	15.395491	0.823676	-1.921148	61.636007	0.277169	-2080.856733	
1.893000	15.437773	0.961310	-1.918327	61.528122	0.238229	-2080.638645	
1.894000	15.298242	0.799388	-1.915245	61.418358	0.393988	-2080.420408	
1.895000	15.336296	0.912733	-1.911687	61.306543	0.347261	-2080.201929	
1.896000	15.348981	0.937022	-1.907681	61.192541	0.277169	-2079.983171	
1.897000	15.374350	0.742716	-1.903463	61.076459	0.277169	-2079.764149	
1.898000	15.471599	0.864157	-1.899380	60.958521	0.366730	-2079.544934	
1.899000	15.467371	0.856061	-1.895807	60.838760	0.370624	-2079.325646	
1.900000	15.446230	0.880349	-1.893028	60.717004	0.464080	-2079.106443	0.000000
1.901000	15.370122	0.872253	-1.891191	60.593120	0.257699	-2078.887495	
1.902000	15.446230	0.856061	-1.890219	60.467213	0.160350	-2078.668955	
1.903000	15.420861	0.823676	-1.889916	60.339509	0.320003	-2078.450932	
1.904000	15.357437	0.653659	-1.890194	60.210049	0.382306	-2078.233471	
1.905000	15.450458	0.953214	-1.891294	60.078671	0.343367	-2078.016560	
1.906000	15.348981	0.953214	-1.893692	59.945249	0.292745	-2077.800150	
1.907000	15.437773	0.912733	-1.897459	59.809892	0.222654	-2077.584142	
1.908000	15.446230	0.928926	-1.901998	59.672828	0.214866	-2077.368398	
1.909000	15.348981	0.880349	-1.906462	59.534101	0.339473	-2077.152760	
1.910000	15.433545	0.961310	-1.910228	59.393553	0.358942	-2076.937072	
1.911000	15.315155	0.783196	-1.913050	59.251057	0.222654	-2076.721205	
1.912000	15.420861	1.066559	-1.914778	59.106716	0.230441	-2076.505081	
1.913000	15.475827	0.831773	-1.915307	58.960751	0.308321	-2076.288673	
1.914000	15.348981	0.831773	-1.914814	58.813200	0.277169	-2076.072003	
1.915000	15.458914	1.017982	-1.913599	58.663901	0.362836	-2075.855151	
1.916000	15.374350	0.702235	-1.911998	58.512731	0.160350	-2075.638246	
1.917000	15.454686	0.856061	-1.910487	58.359798	0.191502	-2075.421453	
1.918000	15.484284	0.783196	-1.909350	58.205328	0.257699	-2075.204933	
1.919000	15.264417	0.912733	-1.908412	58.049363	0.327791	-2074.988818	
1.920000	15.458914	1.090847	-1.907455	57.891754	0.249911	-2074.773185	
1.921000	15.357437	0.451257	-1.906621	57.732382	0.296639	-2074.558057	
1.922000	15.378578	1.001790	-1.906208	57.571356	0.094153	-2074.343415	
1.923000	15.480055	0.718427	-1.906438	57.408896	0.284957	-2074.129198	
1.924000	15.230591	0.904637	-1.907427	57.245042	0.300533	-2073.915297	
1.925000	15.361666	1.107039	-1.909007	57.079640	0.323897	-2073.701569	
1.926000	15.378578	0.767004	-1.910910	56.912567	0.218760	-2073.487865	
1.927000	15.467371	0.912733	-1.913077	56.743923	0.172032	-2073.274052	
1.928000	15.568848	0.807484	-1.915414	56.573922	0.214866	-2073.060030	
1.929000	15.378578	0.718427	-1.917573	56.402606	0.230441	-2072.845746	
1.930000	15.382807	1.188000	-1.919068	56.229830	0.199290	-2072.631191	
1.931000	15.399719	0.783196	-1.919558	56.055482	0.214866	-2072.416406	
1.932000	15.420861	0.807484	-1.919118	55.879662	0.304427	-2072.201486	
1.933000	15.442002	0.718427	-1.918250	55.702581	0.308321	-2071.986568	
1.934000	15.285558	1.001790	-1.917632	55.524283	0.331685	-2071.771809	
1.935000	15.319384	1.196096	-1.917748	55.344625	0.316109	-2071.557355	
1.936000	15.340525	0.726523	-1.918735	55.163494	0.214866	-2071.343321	
1.937000	15.412404	0.807484	-1.920651	54.980986	0.207078	-2071.129765	
1.938000	15.475827	0.815580	-1.923436	54.797307	0.230441	-2070.916700	
1.939000	15.353209	0.726523	-1.926649	54.612497	0.397882	-2070.704098	
1.940000	15.370122	1.163712	-1.929873	54.426415	0.277169	-2070.491888	
1.941000	15.403948	0.815580	-1.932990	54.238950	0.199290	-2070.279955	
1.942000	15.446230	0.928926	-1.935790	54.050200	0.199290	-2070.068161	
1.943000	15.543479	0.718427	-1.938088	53.860375	0.253805	-2069.856361	
1.944000	15.357437	0.677947	-1.939985	53.669520	0.261593	-2069.644431	
1.945000	15.340525	1.074655	-1.941575	53.477501	0.320003	-2069.432285	
1.946000	15.365894	0.872253	-1.942825	53.284213	0.207078	-2069.219881	
1.947000	15.395491	0.694139	-1.943777	53.089759	0.160350	-2069.007223	
1.948000	15.475827	0.920829	-1.944618	52.894349	0.281063	-2068.794371	
1.949000	15.336296	0.734620	-1.945562	52.698030	0.288851	-2068.581432	
1.950000	15.315155	1.098943	-1.946777	52.500668	0.265487	-2068.368549	
1.951000	15.378578	0.904637	-1.948427	52.302157	0.320003	-2068.155875	
1.952000	15.425089	0.815580	-1.950631	52.102593	0.199290	-2067.943557	
1.953000	15.471599	0.920829	-1.953430	51.902175	0.253805	-2067.731695	
1.954000	15.420861	0.799388	-1.956951	51.700944	0.316109	-2067.520336	
1.955000	15.332068	1.179904	-1.961497	51.498763	0.331685	-2067.309477	
1.956000	15.437773	0.912733	-1.967307	51.295526	0.335579	-2067.099077	
1.957000	15.458914	0.710331	-1.974123	51.091331	0.105834	-2066.889049	
1.958000	15.442002	0.669851	-1.981086	50.886376	0.277169	-2066.679261	
1.959000	15.378578	0.839869	-1.987111	50.680708	0.281063	-2066.469552	
1.960000	15.348981	1.131328	-1.991391	50.474196	0.246017	-2066.259766	
1.961000	15.353209	1.066559	-1.993661	50.266741	0.242123	-2066.049775	
1.962000	15.475827	0.904637	-1.994027	50.058437	0.133092	-2065.839498	
1.963000	15.294014	1.017982	-1.992646	49.849477	0.238229	-2065.628901	
1.964000	15.403948	0.783196	-1.989596	49.639901	0.172032	-2065.418000	
1.965000	15.357437	1.034175	-1.985017	49.429576	0.339473	-2065.206869	
1.966000	15.408176	0.726523	-1.979283	49.218396	0.242123	-2064.995636	
1.967000	15.530794	0.856061	-1.972985	49.006447	0.129198	-2064.784466	
1.968000	15.429317	0.912733	-1.966793	48.793916	0.351155	-2064.573524	
1.969000	15.433545	0.839869	-1.961186	48.580838	0.362836	-2064.362946	
1.970000	15.475827	0.985598	-1.956267	48.367084	0.226548	-2064.152818	
1.971000	15.374350	0.750812	-1.952264	48.152552	0.148668	-2063.943173	
1.972000	15.560391	0.758908	-1.949582	47.937330	0.020167	-2063.734001	
1.973000	15.387035	0.904637	-1.947996	47.721605	0.242123	-2063.525237	
1.974000	15.348981	1.082751	-1.946833	47.505419	0.347261	-2063.316762	
1.975000	15.353209	1.034175	-1.945641	47.288648	0.288851	-2063.108428	
1.976000	15.340525	0.856061	-1.944327	47.071192	0.320003	-2062.900077	
1.977000	15.505425	0.839869	-1.943153	46.853137	0.156456	-2062.691570	
1.978000	15.429317	0.839869	-1.942286	46.634669	0.296639	-2062.482799	
1.979000	15.285558	0.710331	-1.941265	46.415827	0.351155	-2062.273699	
1.980000	15.319384	0.904637	-1.939120	46.196485	0.296639	-2062.064251	
1.981000	15.357437	0.823676	-1.935159	45.976541	0.168138	-2061.854493	
1.982000	15.551935	0.791292	-1.929536	45.756073	0.152562	-2061.644528	
1.983000	15.509653	0.953214	-1.923076	45.535263	0.273275	-2061.434503	
1.984000	15.374350	0.872253	-1.916906	45.314152	0.316109	-2061.224584	
1.985000	15.357437	0.937022	-1.912021	45.092622	0.347261	-2061.014926	
1.986000	15.357437	0.767004	-1.908988	44.870577	0.152562	-2060.805649	
1.987000	15.488512	0.807484	-1.907869	44.648102	0.043531	-2060.596826	
1.988000	15.484284	0.767004	-1.908093	44.425379	0.393988	-2060.388476	
1.989000	15.281330	0.904637	-1.908667	44.202453	0.320003	-2060.180571	
1.990000	15.327840	1.107039	-1.909035	43.979215	0.382306	-2059.973031	
1.991000	15.277101	0.839869	-1.909358	43.755573	0.257699	-2059.765734	
1.992000	15.539250	0.856061	-1.909846	43.531607	0.121410	-2059.558540	
1.993000	15.442002	0.694139	-1.910470	43.307491	0.323897	-2059.351303	
1.994000	15.319384	0.985598	-1.911157	43.083266	0.312215	-2059.143898	
1.995000	15.429317	1.034175	-1.911892	42.858815	0.284957	-2058.936240	
1.996000	15.327840	0.904637	-1.912624	42.634037	0.086365	-2058.728287	
1.997000	15.581532	0.750812	-1.913528	42.409009	0.078577	-2058.520054	
1.998000	15.505425	0.637467	-1.915254	42.183900	0.113622	-2058.311607	
1.999000	15.332068	0.839869	-1.918161	41.958751	0.292745	-2058.103062	
2.000000	15.361666	0.945118	-1.921909	41.733451	0.277169	-2057.894570	0.000000
2.001000	15.357437	0.823676	-1.925978	41.507910	0.210972	-2057.686288	
2.002000	15.480055	0.912733	-1.929799	41.282207	0.133092	-2057.478358	
2.003000	15.492740	0.831773	-1.932911	41.056513	0.222654	-2057.270876	
2.004000	15.239048	1.017982	-1.935197	40.830869	0.308321	-2057.063878	
2.005000	15.403948	1.139424	-1.936406	40.605168	0.362836	-2056.857358	
2.006000	15.294014	0.896541	-1.936107	40.379322	0.253805	-2056.651268	
2.007000	15.463143	0.839869	-1.934300	40.153409	0.105834	-2056.445516	
2.008000	15.518109	0.856061	-1.931289	39.927598	0.335579	-2056.239971	
2.009000	15.344753	0.896541	-1.927257	39.701924	0.351155	-2056.034479	
2.010000	15.391263	1.050367	-1.922439	39.476273	0.296639	-2055.828895	
2.011000	15.412404	0.864157	-1.917272	39.250553	0.125304	-2055.623098	
2.012000	15.509653	0.742716	-1.912126	39.024839	-0.088864	-2055.417017	
2.013000	15.488512	0.637467	-1.907015	38.799298	0.121410	-2055.210620	
2.014000	15.399719	0.864157	-1.901665	38.573968	0.316109	-2055.003925	
2.015000	15.378578	1.026079	-1.895925	38.348744	0.183714	-2054.797006	
2.016000	15.298242	1.066559	-1.890059	38.123539	0.281063	-2054.589996	
2.017000	15.365894	0.953214	-1.884602	37.898429	-0.026560	-2054.383054	
2.018000	15.403948	0.750812	-1.880026	37.673575	0.370624	-2054.176342	
2.019000	15.323612	0.961310	-1.876582	37.449011	0.335579	-2053.969987	
2.020000	15.433545	1.026079	-1.874499	37.224626	0.347261	-2053.764068	
2.021000	15.391263	0.734620	-1.873966	37.000332	0.308321	-2053.558616	
2.022000	15.442002	0.888445	-1.874933	36.776197	0.136986	-2053.353620	
2.023000	15.496968	0.815580	-1.877306	36.552377	0.246017	-2053.149022	
2.024000	15.336296	0.677947	-1.880922	36.328906	0.393988	-2052.944710	
2.025000	15.382807	0.977502	-1.885285	36.105676	0.234335	-2052.740542	
2.026000	15.370122	0.710331	-1.889732	35.882603	0.164244	-2052.536370	
2.027000	15.501196	0.815580	-1.893728	35.659758	0.039637	-2052.332060	
2.028000	15.437773	0.856061	-1.896928	35.437301	0.148668	-2052.127506	
2.029000	15.323612	0.993694	-1.899375	35.215271	0.366730	-2051.922637	
2.030000	15.357437	1.163712	-1.901499	34.993566	0.355048	-2051.717431	
2.031000	15.353209	0.823676	-1.903489	34.772102	0.253805	-2051.511926	
2.032000	15.450458	0.896541	-1.905166	34.550949	0.101940	-2051.306223	
2.033000	15.446230	0.969406	-1.906535	34.330259	0.296639	-2051.100465	
2.034000	15.344753	0.872253	-1.907939	34.110065	0.405670	-2050.894810	
2.035000	15.310927	0.985598	-1.909883	33.890269	0.281063	-2050.689410	
2.036000	15.446230	0.775100	-1.912686	33.670781	0.253805	-2050.484391	
2.037000	15.501196	0.880349	-1.916230	33.451662	0.012379	-2050.279835	
2.038000	15.484284	0.734620	-1.920273	33.233057	0.230441	-2050.075769	
2.039000	15.395491	0.831773	-1.924820	33.014997	0.226548	-2049.872162	
2.040000	15.336296	0.985598	-1.929832	32.797383	0.284957	-2049.668940	
2.041000	15.378578	0.864157	-1.934860	32.580128	0.125304	-2049.465983	
2.042000	15.501196	0.872253	-1.939185	32.363296	0.109728	-2049.263149	
2.043000	15.425089	1.001790	-1.942201	32.147034	0.261593	-2049.060290	
2.044000	15.319384	0.977502	-1.943559	31.931377	0.374518	-2048.857272	
2.045000	15.243276	1.009886	-1.943138	31.716233	0.323897	-2048.654000	
2.046000	15.298242	0.734620	-1.940980	31.501517	0.362836	-2048.450424	
2.047000	15.513881	0.847965	-1.937108	31.287287	0.183714	-2048.246552	
2.048000	15.378578	0.799388	-1.931672	31.073678	0.265487	-2048.042440	
2.049000	15.399719	0.904637	-1.925363	30.860716	0.327791	-2047.838197	
2.050000	15.340525	1.074655	-1.919283	30.648300	0.370624	-2047.633970	
2.051000	15.408176	0.847965	-1.914372	30.436341	0.210972	-2047.429922	
2.052000	15.577304	0.839869	-1.911203	30.224892	0.113622	-2047.226206	
2.053000	15.420861	0.807484	-1.910121	30.014089	0.222654	-2047.022933	
2.054000	15.348981	1.050367	-1.911333	29.803966	0.273275	-2046.820152	
2.055000	15.353209	1.066559	-1.914964	29.594431	0.362836	-2046.617863	
2.056000	15.323612	0.799388	-1.920898	29.385402	0.238229	-2046.416027	
2.057000	15.475827	0.888445	-1.928598	29.176935	0.090259	-2046.214557	
2.058000	15.361666	0.896541	-1.937179	28.969168	0.292745	-2046.013322	
2.059000	15.365894	1.090847	-1.945673	28.762130	0.308321	-2045.812162	
2.060000	15.361666	1.066559	-1.953337	28.555732	0.343367	-2045.610922	
2.061000	15.277101	0.896541	-1.959657	28.349890	0.191502	-2045.409477	
2.062000	15.543479	0.775100	-1.964146	28.144656	0.094153	-2045.207747	
2.063000	15.387035	0.815580	-1.966446	27.940157	0.218760	-2045.005701	
2.064000	15.412404	1.107039	-1.966572	27.736424	0.355048	-2044.803358	
2.065000	15.420861	1.026079	-1.964822	27.533371	0.246017	-2044.600795	
2.066000	15.344753	0.872253	-1.961682	27.330924	0.027955	-2044.398143	
2.067000	15.505425	0.783196	-1.957844	27.129139	0.047425	-2044.195563	
2.068000	15.429317	0.734620	-1.953994	26.928146	0.164244	-2043.993217	
2.069000	15.391263	1.034175	-1.950637	26.727972	0.214866	-2043.791232	
2.070000	15.348981	0.945118	-1.948137	26.528535	0.246017	-2043.589689	
2.071000	15.251732	1.001790	-1.946936	26.329761	0.257699	-2043.388616	
2.072000	15.458914	1.017982	-1.947717	26.131699	0.148668	-2043.187995	
2.073000	15.429317	0.815580	-1.950963	25.934474	0.284957	-2042.987760	
2.074000	15.370122	0.985598	-1.956293	25.738111	0.378412	-2042.787794	
2.075000	15.382807	0.920829	-1.962525	25.542527	0.288851	-2042.587951	
2.076000	15.319384	0.864157	-1.968410	25.347650	0.203184	-2042.388082	
2.077000	15.526566	0.847965	-1.973350	25.153522	0.063001	-2042.188055	
2.078000	15.450458	0.945118	-1.977394	24.960257	0.175926	-2041.987760	
2.079000	15.382807	1.107039	-1.980463	24.767874	0.358942	-2041.787131	
2.080000	15.437773	0.750812	-1.982078	24.576291	0.257699	-2041.586153	
2.081000	15.357437	0.880349	-1.981909	24.385436	0.125304	-2041.384873	
2.082000	15.463143	0.839869	-1.980012	24.195354	0.129198	-2041.183399	
2.083000	15.437773	0.880349	-1.976850	24.006164	0.179820	-2040.981877	
2.084000	15.319384	1.074655	-1.973206	23.817898	0.343367	-2040.780465	
2.085000	15.416632	0.896541	-1.969659	23.630481	0.335579	-2040.579312	
2.086000	15.310927	0.839869	-1.966516	23.443849	0.214866	-2040.378541	
2.087000	15.471599	0.977502	-1.964247	23.258043	0.129198	-2040.178226	
2.088000	15.450458	1.009886	-1.963307	23.073173	0.226548	-2039.978384	
2.089000	15.340525	0.977502	-1.963742	22.889256	0.397882	-2039.778977	
2.090000	15.395491	0.969406	-1.965250	22.706212	0.238229	-2039.579924	
2.091000	15.399719	0.807484	-1.967268	22.523969	0.129198	-2039.381110	
2.092000	15.480055	0.985598	-1.969009	22.342563	0.004591	-2039.182400	
2.093000	15.475827	0.856061	-1.969908	22.162097	0.191502	-2038.983654	
2.094000	15.294014	0.912733	-1.969905	21.982593	0.238229	-2038.784744	
2.095000	15.412404	0.872253	-1.969016	21.803980	0.281063	-2038.585579	
2.096000	15.408176	0.629370	-1.967347	21.626197	0.090259	-2038.386118	
2.097000	15.425089	0.596986	-1.965282	21.449284	0.105834	-2038.186371	
2.098000	15.391263	0.977502	-1.962819	21.273346	0.277169	-2037.986395	
2.099000	15.277101	0.807484	-1.959572	21.098406	0.362836	-2037.786292	
2.100000	15.319384	1.001790	-1.955588	20.924396	0.320003	-2037.586199	0.000000
2.101000	15.416632	0.750812	-1.951314	20.751250	0.210972	-2037.386274	
2.102000	15.412404	0.928926	-1.947053	20.579002	0.109728	-2037.186664	
2.103000	15.437773	0.677947	-1.942845	20.407745	0.284957	-2036.987475	
2.104000	15.412404	0.953214	-1.938814	20.237495	0.226548	-2036.788753	
2.105000	15.357437	1.017982	-1.935067	20.068181	0.187608	-2036.590500	
2.106000	15.454686	0.718427	-1.931307	19.899739	0.187608	-2036.392679	
2.107000	15.496968	0.791292	-1.927352	19.732206	0.020167	-2036.195216	
2.108000	15.399719	0.807484	-1.923445	19.565678	0.094153	-2035.997988	
2.109000	15.332068	0.937022	-1.919771	19.400178	0.218760	-2035.800844	
2.110000	15.353209	0.880349	-1.916369	19.235645	0.269381	-2035.603629	
2.111000	15.378578	0.856061	-1.913179	19.072022	0.222654	-2035.406216	
2.112000	15.412404	0.872253	-1.909960	18.909344	0.051319	-2035.208523	
2.113000	15.387035	0.920829	-1.906478	18.747708	0.320003	-2035.010515	
2.114000	15.310927	1.244673	-1.902577	18.587140	0.475762	-2034.812204	
2.115000	15.319384	0.985598	-1.898170	18.427584	0.288851	-2034.613656	
2.116000	15.361666	0.783196	-1.893503	18.268986	0.152562	-2034.414996	
2.117000	15.442002	0.839869	-1.889203	18.111372	0.024061	-2034.216384	
2.118000	15.458914	0.758908	-1.885871	17.954825	0.187608	-2034.017982	
2.119000	15.374350	1.001790	-1.883893	17.799362	0.269381	-2033.819926	
2.120000	15.353209	1.009886	-1.883593	17.644930	0.210972	-2033.622302	
2.121000	15.509653	1.042271	-1.885260	17.491478	0.164244	-2033.425149	
2.122000	15.475827	0.564602	-1.889027	17.339032	0.113622	-2033.228463	
2.123000	15.433545	0.847965	-1.894716	17.187673	0.218760	-2033.032188	
2.124000	15.374350	0.937022	-1.901758	17.037422	0.358942	-2032.836210	
2.125000	15.281330	1.017982	-1.909318	16.888238	0.284957	-2032.640383	
2.126000	15.344753	0.920829	-1.916548	16.740080	-0.042136	-2032.444549	
2.127000	15.361666	0.896541	-1.922995	16.592977	0.152562	-2032.248565	
2.128000	15.403948	0.726523	-1.928626	16.447006	0.339473	-2032.052313	
2.129000	15.425089	0.799388	-1.933188	16.302183	0.386200	-2031.855719	
2.130000	15.281330	0.864157	-1.935846	16.158463	0.534171	-2031.658758	
2.131000	15.370122	0.856061	-1.935739	16.015800	0.125304	-2031.461469	
2.132000	15.475827	0.775100	-1.932812	15.874217	0.207078	-2031.263951	
2.133000	15.463143	0.710331	-1.927906	15.733785	0.284957	-2031.066348	
2.134000	15.471599	1.017982	-1.922139	15.594517	0.269381	-2030.868820	
2.135000	15.310927	0.888445	-1.916312	15.456378	0.238229	-2030.671528	
2.136000	15.344753	0.912733	-1.910780	15.319331	-0.018773	-2030.474599	
2.137000	15.433545	0.637467	-1.905840	15.183403	0.144774	-2030.278111	
2.138000	15.391263	0.758908	-1.901916	15.048663	0.265487	-2030.082081	
2.139000	15.332068	1.090847	-1.899349	14.915131	0.179820	-2029.886471	
2.140000	15.340525	0.969406	-1.898311	14.782773	0.261593	-2029.691199	
2.141000	15.243276	0.961310	-1.898695	14.651558	0.160350	-2029.496140	
2.142000	15.480055	0.872253	-1.900071	14.521509	0.191502	-2029.301149	
2.143000	15.348981	0.742716	-1.901911	14.392691	0.218760	-2029.106072	
2.144000	15.353209	0.985598	-1.903769	14.265119	0.436822	-2028.910771	
2.145000	15.340525	0.953214	-1.905429	14.138763	0.281063	-2028.715151	
2.146000	15.412404	1.074655	-1.906623	14.013589	0.109728	-2028.519174	
2.147000	15.467371	0.823676	-1.906418	13.889614	-0.003197	-2028.322852	
2.148000	15.463143	0.839869	-1.903702	13.766895	0.218760	-2028.126252	
2.149000	15.429317	1.058463	-1.898558	13.645448	0.331685	-2027.929487	
2.150000	15.416632	0.791292	-1.892453	13.525257	0.312215	-2027.732705	
2.151000	15.344753	0.839869	-1.887012	13.406304	0.074683	-2027.536072	
2.152000	15.425089	0.945118	-1.883166	13.288607	0.210972	-2027.339738	
2.153000	15.370122	0.864157	-1.881240	13.172220	0.249911	-2027.143805	
2.154000	15.395491	1.220385	-1.881436	13.057158	0.405670	-2026.948312	
2.155000	15.403948	0.977502	-1.884183	12.943404	0.323897	-2026.753250	
2.156000	15.403948	0.937022	-1.889856	12.830938	0.199290	-2026.558574	
2.157000	15.420861	0.888445	-1.898149	12.719770	0.191502	-2026.364194	
2.158000	15.370122	0.928926	-1.908007	12.609945	0.312215	-2026.169978	
2.159000	15.357437	1.050367	-1.918155	12.501467	0.401776	-2025.975770	
2.160000	15.425089	0.977502	-1.927504	12.394304	0.339473	-2025.781425	
2.161000	15.403948	0.945118	-1.935375	12.288421	0.101940	-2025.586829	
2.162000	15.471599	0.856061	-1.941446	12.183823	0.063001	-2025.391915	
2.163000	15.420861	0.896541	-1.945611	12.080554	0.249911	-2025.196656	
2.164000	15.365894	0.920829	-1.947908	11.978630	0.296639	-2025.001065	
2.165000	15.425089	0.791292	-1.948368	11.878041	0.386200	-2024.805210	
2.166000	15.319384	1.196096	-1.947192	11.778775	0.144774	-2024.609220	
2.167000	15.463143	1.001790	-1.945026	11.680839	0.195396	-2024.413254	
2.168000	15.348981	0.847965	-1.942660	11.584267	0.343367	-2024.217471	
2.169000	15.298242	1.082751	-1.940625	11.489068	0.393988	-2024.021992	
2.170000	15.289786	0.839869	-1.939257	11.395241	0.366730	-2023.826893	
2.171000	15.429317	0.783196	-1.939139	11.302781	0.261593	-2023.632203	
2.172000	15.496968	0.807484	-1.941418	11.211693	0.172032	-2023.437913	
2.173000	15.437773	0.742716	-1.946974	11.122013	0.281063	-2023.243972	
2.174000	15.319384	1.034175	-1.955183	11.033746	0.300533	-2023.050275	
2.175000	15.412404	0.953214	-1.964297	10.946889	0.230441	-2022.856683	
2.176000	15.378578	0.742716	-1.972761	10.861435	0.082471	-2022.663053	
2.177000	15.471599	0.815580	-1.979766	10.777386	0.027955	-2022.469258	
2.178000	15.442002	0.799388	-1.985057	10.694768	0.226548	-2022.275193	
2.179000	15.306699	1.026079	-1.988407	10.613591	0.378412	-2022.080791	
2.180000	15.243276	1.001790	-1.989414	10.533865	0.339473	-2021.886028	
2.181000	15.370122	0.750812	-1.987897	10.455592	0.160350	-2021.690941	
2.182000	15.387035	0.993694	-1.984032	10.378771	0.257699	-2021.495624	
2.183000	15.450458	0.750812	-1.978170	10.303417	0.370624	-2021.300216	
2.184000	15.294014	1.074655	-1.970834	10.229530	0.304427	-2021.104871	
2.185000	15.340525	0.888445	-1.962737	10.157114	0.382306	-2020.909743	
2.186000	15.433545	0.686043	-1.954655	10.086164	0.214866	-2020.714957	
2.187000	15.488512	0.880349	-1.947226	10.016671	0.249911	-2020.520596	
2.188000	15.446230	0.758908	-1.941090	9.948648	0.148668	-2020.326689	
2.189000	15.378578	1.179904	-1.937073	9.882096	0.331685	-2020.133215	
2.190000	15.310927	0.904637	-1.935567	9.817023	0.327791	-2019.940103	
2.191000	15.399719	0.661755	-1.936069	9.753426	-0.003197	-2019.747240	
2.192000	15.425089	0.815580	-1.937680	9.691300	0.195396	-2019.554485	
2.193000	15.450458	0.872253	-1.939607	9.630657	0.246017	-2019.361689	
2.194000	15.294014	1.171808	-1.941254	9.571504	0.284957	-2019.168715	
2.195000	15.306699	1.001790	-1.942076	9.513870	0.238229	-2018.975464	
2.196000	15.429317	0.726523	-1.941378	9.457767	0.101940	-2018.781889	
2.197000	15.294014	0.880349	-1.938500	9.403185	0.156456	-2018.587995	
2.198000	15.425089	0.734620	-1.933443	9.350119	0.296639	-2018.393838	
2.199000	15.340525	0.831773	-1.926970	9.298563	0.331685	-2018.199530	
2.200000	15.289786	0.928926	-1.920101	9.248537	0.257699	-2018.005223	0.000000
2.201000	15.442002	0.742716	-1.913733	9.200049	0.047425	-2017.811087	
2.202000	15.475827	0.961310	-1.908431	9.153082	0.136986	-2017.617284	
2.203000	15.463143	0.718427	-1.904466	9.107631	0.109728	-2017.423926	
2.204000	15.382807	0.856061	-1.902143	9.063696	0.269381	-2017.231066	
2.205000	15.251732	0.920829	-1.901992	9.021306	0.347261	-2017.038707	
2.206000	15.344753	0.831773	-1.904407	8.980476	0.160350	-2016.846810	
2.207000	15.412404	0.767004	-1.909138	8.941193	0.195396	-2016.655288	
2.208000	15.496968	0.920829	-1.915326	8.903447	0.413458	-2016.464002	
2.209000	15.310927	0.993694	-1.922047	8.867242	0.323897	-2016.272786	
2.210000	15.302471	0.969406	-1.928711	8.832638	0.288851	-2016.081476	
2.211000	15.416632	0.864157	-1.934945	8.799678	0.098047	-2015.889941	
2.212000	15.425089	0.710331	-1.940364	8.768344	0.304427	-2015.698099	
2.213000	15.395491	0.904637	-1.944538	8.738613	0.074683	-2015.505916	
2.214000	15.446230	0.912733	-1.946991	8.710478	0.343367	-2015.313411	
2.215000	15.336296	0.880349	-1.947456	8.683991	0.277169	-2015.120661	
2.216000	15.395491	0.856061	-1.946200	8.659186	0.066895	-2014.927804	
2.217000	15.446230	0.783196	-1.943949	8.636044	0.199290	-2014.735010	
2.218000	15.382807	0.767004	-1.941426	8.614536	0.366730	-2014.542443	
2.219000	15.399719	0.969406	-1.939113	8.594654	0.331685	-2014.350235	
2.220000	15.310927	0.920829	-1.937435	8.576451	0.339473	-2014.158472	
2.221000	15.315155	1.107039	-1.936547	8.559960	0.008485	-2013.967186	
2.222000	15.387035	0.977502	-1.936108	8.545154	0.098047	-2013.776357	
2.223000	15.336296	0.775100	-1.935895	8.531999	0.296639	-2013.585912	
2.224000	15.463143	0.920829	-1.936006	8.520482	0.304427	-2013.395726	
2.225000	15.289786	0.880349	-1.936302	8.510656	0.230441	-2013.205648	
2.226000	15.332068	1.017982	-1.936429	8.502560	0.082471	-2013.015526	
2.227000	15.437773	0.815580	-1.936092	8.496164	0.214866	-2012.825225	
2.228000	15.391263	0.896541	-1.935054	8.491421	0.191502	-2012.634636	
2.229000	15.450458	1.009886	-1.933273	8.488312	0.199290	-2012.443688	
2.230000	15.399719	0.710331	-1.930817	8.486889	0.242123	-2012.252359	
2.231000	15.344753	0.847965	-1.927593	8.487191	0.027955	-2012.060687	
2.232000	15.458914	0.734620	-1.923630	8.489186	0.175926	-2011.868766	
2.233000	15.387035	0.580794	-1.919460	8.492826	0.242123	-2011.676729	
2.234000	15.353209	1.090847	-1.915902	8.498103	0.308321	-2011.484726	
2.235000	15.327840	0.839869	-1.913505	8.505094	0.308321	-2011.292901	
2.236000	15.310927	0.945118	-1.912406	8.513858	0.055213	-2011.101372	
2.237000	15.403948	0.969406	-1.912757	8.524361	0.230441	-2010.910215	
2.238000	15.327840	0.847965	-1.914708	8.536551	0.273275	-2010.719446	
2.239000	15.408176	0.969406	-1.917959	8.550414	0.327791	-2010.529031	
2.240000	15.289786	0.985598	-1.922034	8.566025	0.351155	-2010.338890	
2.241000	15.340525	0.904637	-1.926577	8.583435	0.109728	-2010.148910	
2.242000	15.463143	0.920829	-1.931125	8.602602	0.249911	-2009.958957	
2.243000	15.412404	0.937022	-1.935266	8.623464	0.129198	-2009.768889	
2.244000	15.348981	1.026079	-1.938997	8.646010	0.292745	-2009.578577	
2.245000	15.348981	0.775100	-1.942549	8.670322	0.269381	-2009.387930	
2.246000	15.387035	0.807484	-1.945506	8.696462	-0.022667	-2009.196907	
2.247000	15.450458	0.920829	-1.946534	8.724385	0.284957	-2009.005513	
2.248000	15.374350	0.823676	-1.944886	8.754025	0.238229	-2008.813805	
2.249000	15.306699	1.139424	-1.941176	8.785366	0.222654	-2008.621882	
2.250000	15.260189	0.767004	-1.936476	8.818489	0.327791	-2008.429883	
2.251000	15.310927	0.920829	-1.931833	8.853450	0.105834	-2008.237965	
2.252000	15.475827	0.799388	-1.928300	8.890195	0.312215	-2008.046276	
2.253000	15.361666	0.726523	-1.926696	8.928645	0.312215	-2007.854922	
2.254000	15.209450	0.985598	-1.927106	8.968783	0.273275	-2007.663949	
2.255000	15.310927	1.009886	-1.928913	9.010707	0.355048	-2007.473361	
2.256000	15.391263	0.839869	-1.931493	9.054492	0.121410	-2007.283129	
2.257000	15.539250	0.864157	-1.934537	9.100086	0.253805	-2007.093180	
2.258000	15.437773	0.815580	-1.937795	9.147401	0.222654	-2006.903393	
2.259000	15.323612	0.961310	-1.940854	9.196413	0.316109	-2006.713617	
2.260000	15.306699	0.775100	-1.943273	9.247211	0.316109	-2006.523698	
2.261000	15.340525	0.888445	-1.944819	9.299858	0.148668	-2006.333507	
2.262000	15.442002	0.880349	-1.945375	9.354292	0.226548	-2006.142965	
2.263000	15.348981	0.815580	-1.944779	9.410421	0.304427	-2005.952035	
2.264000	15.243276	1.074655	-1.942895	9.468217	0.331685	-2005.760731	
2.265000	15.277101	0.856061	-1.939730	9.527772	0.218760	-2005.569124	
2.266000	15.416632	0.677947	-1.935568	9.589146	0.101940	-2005.377344	
2.267000	15.412404	0.880349	-1.931003	9.652270	0.218760	-2005.185556	
2.268000	15.454686	0.726523	-1.926679	9.717045	0.214866	-2004.993928	
2.269000	15.353209	1.042271	-1.922997	9.783448	0.277169	-2004.802603	
2.270000	15.332068	0.937022	-1.920133	9.851593	0.195396	-2004.611675	
2.271000	15.391263	0.847965	-1.918326	9.921564	-0.026560	-2004.421186	
2.272000	15.391263	0.904637	-1.917887	9.993300	0.355048	-2004.231130	
2.273000	15.488512	0.726523	-1.918851	10.066699	0.242123	-2004.041449	
2.274000	15.327840	0.945118	-1.920898	10.141741	0.320003	-2003.852034	
2.275000	15.200994	0.961310	-1.923538	10.218536	0.296639	-2003.662736	
2.276000	15.348981	1.074655	-1.926187	10.297162	0.070789	-2003.473396	
2.277000	15.315155	0.847965	-1.928416	10.377546	0.444610	-2003.283868	
2.278000	15.425089	0.831773	-1.930131	10.459574	0.230441	-2003.094032	
2.279000	15.391263	0.815580	-1.931184	10.543212	0.471868	-2002.903814	
2.280000	15.179853	0.864157	-1.930882	10.628563	0.296639	-2002.713194	
2.281000	15.332068	0.783196	-1.928280	10.715699	0.207078	-2002.522216	
2.282000	15.412404	0.896541	-1.923151	10.804540	0.246017	-2002.330984	
2.283000	15.615358	0.864157	-1.916375	10.894964	0.269381	-2002.139644	
2.284000	15.412404	0.831773	-1.909224	10.986935	0.277169	-2001.948363	
2.285000	15.247504	0.953214	-1.902700	11.080565	0.269381	-2001.757306	
2.286000	15.378578	0.767004	-1.897540	11.175940	-0.018773	-2001.566609	
2.287000	15.332068	0.823676	-1.894212	11.272982	0.304427	-2001.376353	
2.288000	15.391263	0.969406	-1.892926	11.371566	0.082471	-2001.186557	
2.289000	15.353209	0.864157	-1.893854	11.471664	0.304427	-2000.997188	
2.290000	15.171396	0.969406	-1.896960	11.573399	0.249911	-2000.808166	
2.291000	15.277101	0.718427	-1.901591	11.676855	0.175926	-2000.619376	
2.292000	15.378578	0.920829	-1.906671	11.781947	0.257699	-2000.430675	
2.293000	15.374350	0.758908	-1.911327	11.888540	0.242123	-2000.241912	
2.294000	15.365894	0.775100	-1.915220	11.996602	0.362836	-2000.052952	
2.295000	15.251732	0.953214	-1.918367	12.106265	0.292745	-1999.863704	
2.296000	15.408176	0.750812	-1.920712	12.217620	0.109728	-1999.674129	
2.297000	15.408176	0.726523	-1.922045	12.330578	0.203184	-1999.484239	
2.298000	15.454686	0.750812	-1.922266	12.445002	0.296639	-1999.294093	
2.299000	15.420861	0.669851	-1.921375	12.560854	0.281063	-1999.103794	
2.300000	15.179853	0.831773	-1.919536	12.678267	0.195396	-1998.913488	0.000000
2.301000	15.408176	0.758908	-1.917236	12.797331	0.129198	-1998.723340	
2.302000	15.361666	0.831773	-1.915056	12.917955	0.292745	-1998.533503	
2.303000	15.336296	0.912733	-1.913480	13.040001	0.366730	-1998.344080	
2.304000	15.319384	0.856061	-1.912886	13.163439	0.284957	-1998.155113	
2.305000	15.179853	0.742716	-1.913265	13.288418	0.281063	-1997.966597	
2.306000	15.467371	0.872253	-1.914108	13.415033	0.210972	-1997.778493	
2.307000	15.399719	0.750812	-1.914967	13.543188	0.292745	-1997.590721	
2.308000	15.264417	0.847965	-1.915697	13.672729	0.234335	-1997.403155	
2.309000	15.399719	0.807484	-1.916138	13.803621	0.288851	-1997.215642	
2.310000	15.243276	0.807484	-1.916159	13.936001	0.199290	-1997.028032	
2.311000	15.429317	0.888445	-1.915769	14.069962	0.199290	-1996.840209	
2.312000	15.471599	0.847965	-1.915074	14.205400	0.277169	-1996.652101	
2.313000	15.340525	0.750812	-1.914250	14.342164	0.055213	-1996.463679	
2.314000	15.281330	0.791292	-1.913432	14.480221	0.269381	-1996.274955	
2.315000	15.188309	0.775100	-1.912613	14.619713	0.249911	-1996.085999	
2.316000	15.348981	1.001790	-1.911821	14.760728	0.051319	-1995.896936	
2.317000	15.446230	0.920829	-1.911340	14.903158	0.292745	-1995.707919	
2.318000	15.268645	0.920829	-1.911480	15.046848	0.288851	-1995.519101	
2.319000	15.365894	1.001790	-1.912222	15.191772	0.401776	-1995.330607	
2.320000	15.154483	0.847965	-1.913389	15.338080	0.261593	-1995.142515	
2.321000	15.463143	0.880349	-1.915064	15.485869	0.175926	-1994.954852	
2.322000	15.412404	0.694139	-1.917558	15.635027	0.355048	-1994.767607	
2.323000	15.382807	0.815580	-1.920926	15.785391	0.230441	-1994.580721	
2.324000	15.370122	0.920829	-1.924794	15.936926	0.183714	-1994.394088	
2.325000	15.196765	0.807484	-1.928585	16.089783	0.269381	-1994.207570	
2.326000	15.387035	0.896541	-1.931817	16.244053	0.047425	-1994.021021	
2.327000	15.496968	0.742716	-1.934312	16.399619	0.238229	-1993.834305	
2.328000	15.395491	0.799388	-1.936033	16.556317	0.199290	-1993.647315	
2.329000	15.298242	0.928926	-1.936867	16.714120	0.207078	-1993.459975	
2.330000	15.188309	0.969406	-1.936651	16.873199	0.257699	-1993.272258	
2.331000	15.357437	0.896541	-1.935302	17.033652	0.179820	-1993.084196	
2.332000	15.387035	0.775100	-1.932961	17.195361	0.230441	-1992.895881	
2.333000	15.357437	1.090847	-1.930046	17.358154	0.347261	-1992.707453	
2.334000	15.323612	1.034175	-1.927152	17.522010	0.304427	-1992.519072	
2.335000	15.133342	0.775100	-1.924981	17.687104	0.378412	-1992.330898	
2.336000	15.319384	0.831773	-1.924197	17.853541	0.234335	-1992.143059	
2.337000	15.463143	0.702235	-1.925091	18.021192	0.288851	-1991.955636	
2.338000	15.458914	0.872253	-1.927654	18.189878	0.327791	-1991.768657	
2.339000	15.395491	1.009886	-1.932038	18.359575	0.136986	-1991.582100	
2.340000	15.133342	0.904637	-1.938309	18.530457	0.203184	-1991.395899	
2.341000	15.403948	0.880349	-1.945900	18.702624	0.226548	-1991.209941	
2.342000	15.467371	0.775100	-1.953822	18.875947	0.269381	-1991.024084	
2.343000	15.425089	0.839869	-1.961279	19.050248	0.249911	-1990.838178	
2.344000	15.251732	1.034175	-1.967923	19.225507	0.366730	-1990.652086	
2.345000	15.129114	0.977502	-1.973552	19.401904	0.253805	-1990.465707	
2.346000	15.239048	0.856061	-1.977822	19.579539	0.335579	-1990.278988	
2.347000	15.433545	1.204192	-1.980542	19.758272	0.246017	-1990.091931	
2.348000	15.403948	0.791292	-1.981953	19.937914	0.269381	-1989.904589	
2.349000	15.294014	1.009886	-1.982377	20.118447	0.304427	-1989.717069	
2.350000	15.175624	0.783196	-1.982003	20.300062	0.199290	-1989.529523	
2.351000	15.370122	0.864157	-1.981057	20.482864	0.304427	-1989.342120	
2.352000	15.480055	0.880349	-1.979791	20.666709	0.292745	-1989.155019	
2.353000	15.467371	0.831773	-1.978510	20.851407	0.203184	-1988.968333	
2.354000	15.281330	1.034175	-1.977847	21.036944	0.226548	-1988.782119	
2.355000	15.251732	0.823676	-1.978831	21.223517	0.269381	-1988.596384	
2.356000	15.306699	0.847965	-1.982208	21.411236	0.140880	-1988.411095	
2.357000	15.357437	0.775100	-1.987575	21.599960	0.405670	-1988.226169	
2.358000	15.480055	0.726523	-1.993572	21.789500	0.179820	-1988.041472	
2.359000	15.268645	1.155616	-1.998822	21.979849	0.253805	-1987.856842	
2.360000	15.141799	1.098943	-2.002492	22.171204	0.207078	-1987.672123	
2.361000	15.344753	0.856061	-2.004240	22.363664	0.261593	-1987.487189	
2.362000	15.344753	0.815580	-2.004112	22.557073	0.269381	-1987.301962	
2.363000	15.467371	0.686043	-2.002272	22.751232	0.172032	-1987.116404	
2.364000	15.302471	0.896541	-1.998652	22.946125	0.358942	-1986.930530	
2.365000	15.213678	0.920829	-1.993096	23.141947	0.207078	-1986.744416	
2.366000	15.374350	0.904637	-1.985798	23.338801	0.207078	-1986.558193	
2.367000	15.365894	0.969406	-1.977454	23.536530	0.179820	-1986.372027	
2.368000	15.450458	0.710331	-1.969003	23.734936	0.257699	-1986.186084	
2.369000	15.344753	0.896541	-1.961301	23.934011	0.296639	-1986.000496	
2.370000	15.179853	0.961310	-1.954955	24.133959	0.238229	-1985.815352	
2.371000	15.336296	0.726523	-1.950152	24.334885	0.269381	-1985.630687	
2.372000	15.247504	0.969406	-1.946752	24.536632	0.327791	-1985.446487	
2.373000	15.387035	0.937022	-1.944662	24.738996	0.284957	-1985.262685	
2.374000	15.302471	1.009886	-1.943794	24.941964	0.343367	-1985.079166	
2.375000	15.179853	0.839869	-1.943748	25.145740	0.246017	-1984.895785	
2.376000	15.387035	0.734620	-1.943905	25.350421	0.203184	-1984.712392	
2.377000	15.332068	0.953214	-1.943768	25.555840	0.304427	-1984.528853	
2.378000	15.458914	0.758908	-1.943022	25.761784	0.320003	-1984.345060	
2.379000	15.374350	0.807484	-1.941362	25.968242	0.273275	-1984.160945	
2.380000	15.268645	0.880349	-1.938375	26.175416	0.281063	-1983.976487	
2.381000	15.387035	0.726523	-1.933562	26.383407	0.172032	-1983.791725	
2.382000	15.357437	0.791292	-1.926838	26.592048	0.339473	-1983.606759	
2.383000	15.437773	0.856061	-1.918950	26.801133	0.261593	-1983.421729	
2.384000	15.302471	0.888445	-1.911007	27.010667	0.378412	-1983.236790	
2.385000	15.129114	0.864157	-1.903948	27.220872	0.261593	-1983.052097	
2.386000	15.336296	0.847965	-1.898452	27.431853	0.191502	-1982.867775	
2.387000	15.374350	0.985598	-1.894888	27.643436	0.409564	-1982.683901	
2.388000	15.382807	0.839869	-1.893521	27.855409	0.401776	-1982.500495	
2.389000	15.353209	0.783196	-1.894619	28.067770	0.246017	-1982.317532	
2.390000	15.124886	0.791292	-1.898041	28.280736	0.210972	-1982.134937	
2.391000	15.433545	0.540314	-1.903085	28.494404	0.172032	-1981.952601	
2.392000	15.378578	0.823676	-1.908769	28.708592	0.226548	-1981.770389	
2.393000	15.425089	0.904637	-1.914233	28.923086	0.168138	-1981.588157	
2.394000	15.425089	0.953214	-1.919005	29.137894	0.207078	-1981.405775	
2.395000	15.133342	0.823676	-1.922906	29.353248	0.191502	-1981.223153	
2.396000	15.391263	0.799388	-1.925822	29.569248	0.105834	-1981.040247	
2.397000	15.416632	0.645563	-1.927542	29.785715	0.265487	-1980.857067	
2.398000	15.327840	0.839869	-1.927687	30.002439	0.257699	-1980.673671	
2.399000	15.298242	0.937022	-1.926120	30.219431	0.269381	-1980.490163	
2.400000	15.027637	0.969406	-1.923343	30.436917	0.323897	-1980.306681	0.000000
2.401000	15.416632	0.928926	-1.920144	30.654990	0.284957	-1980.123384	
2.402000	15.425089	0.775100	-1.916972	30.873458	0.405670	-1979.940421	
2.403000	15.344753	0.928926	-1.913898	31.092103	0.292745	-1979.757902	
2.404000	15.361666	0.888445	-1.911084	31.310946	0.327791	-1979.575876	
2.405000	15.107973	0.880349	-1.908425	31.530229	0.277169	-1979.394345	
2.406000	15.446230	0.742716	-1.905131	31.750044	0.218760	-1979.213275	
2.407000	15.433545	0.880349	-1.900861	31.970196	0.343367	-1979.032585	
2.408000	15.348981	0.953214	-1.896197	32.190461	0.296639	-1978.852151	
2.409000	15.306699	0.702235	-1.891677	32.410860	0.308321	-1978.671821	
2.410000	15.103745	0.864157	-1.887572	32.631630	0.183714	-1978.491441	
2.411000	15.395491	0.758908	-1.884204	32.852862	0.214866	-1978.310885	
2.412000	15.370122	0.734620	-1.881759	33.074358	0.304427	-1978.130066	
2.413000	15.446230	0.815580	-1.880097	33.295900	0.261593	-1977.948944	
2.414000	15.213678	0.953214	-1.878970	33.517517	0.312215	-1977.767524	
2.415000	15.103745	1.009886	-1.878252	33.739451	0.320003	-1977.585876	
2.416000	15.319384	0.799388	-1.878033	33.961790	0.191502	-1977.404121	
2.417000	15.387035	0.637467	-1.878667	34.184328	0.304427	-1977.222416	
2.418000	15.361666	0.953214	-1.880488	34.406838	0.327791	-1977.040924	
2.419000	15.378578	0.839869	-1.883445	34.629345	0.320003	-1976.859783	
2.420000	15.179853	0.904637	-1.887216	34.852090	0.273275	-1976.679088	
2.421000	15.403948	0.961310	-1.891766	35.075154	0.273275	-1976.498879	
2.422000	15.458914	0.880349	-1.897577	35.298325	0.222654	-1976.319149	
2.423000	15.370122	0.702235	-1.904955	35.521378	0.284957	-1976.139842	
2.424000	15.425089	0.775100	-1.913484	35.744348	0.230441	-1975.960853	
2.425000	15.154483	0.896541	-1.922338	35.967489	0.355048	-1975.782041	
2.426000	15.302471	0.888445	-1.930654	36.190889	0.230441	-1975.603252	
2.427000	15.357437	0.669851	-1.937829	36.414340	0.390094	-1975.424341	
2.428000	15.336296	0.734620	-1.943645	36.637615	0.140880	-1975.245184	
2.429000	15.332068	0.799388	-1.947829	36.860745	0.246017	-1975.065703	
2.430000	15.124886	0.953214	-1.949768	37.083977	0.316109	-1974.885874	
2.431000	15.382807	0.718427	-1.949012	37.307387	0.265487	-1974.705729	
2.432000	15.412404	0.791292	-1.945770	37.530759	0.304427	-1974.525360	
2.433000	15.420861	0.888445	-1.940769	37.753857	0.265487	-1974.344904	
2.434000	15.403948	0.856061	-1.934929	37.976710	0.265487	-1974.164526	
2.435000	15.251732	0.864157	-1.929196	38.199565	0.269381	-1973.984387	
2.436000	15.302471	0.969406	-1.924405	38.422500	0.246017	-1973.804620	
2.437000	15.463143	0.588890	-1.921152	38.645301	0.323897	-1973.625307	
2.438000	15.399719	0.758908	-1.919703	38.867740	0.269381	-1973.446473	
2.439000	15.264417	0.904637	-1.920011	39.089859	0.323897	-1973.268091	
2.440000	15.200994	0.750812	-1.921881	39.311915	0.343367	-1973.090092	
2.441000	15.196765	0.920829	-1.924963	39.533992	0.316109	-1972.912361	
2.442000	15.382807	0.864157	-1.928660	39.755871	0.292745	-1972.734758	
2.443000	15.370122	0.896541	-1.932410	39.977316	0.234335	-1972.557129	
2.444000	15.327840	0.823676	-1.935983	40.198360	0.390094	-1972.379339	
2.445000	15.247504	0.758908	-1.939386	40.419249	0.269381	-1972.201292	
2.446000	15.353209	0.928926	-1.942632	40.640052	0.281063	-1972.022946	
2.447000	15.446230	0.969406	-1.945472	40.860544	0.238229	-1971.844309	
2.448000	15.391263	0.896541	-1.947344	41.080496	0.183714	-1971.665439	
2.449000	15.306699	0.993694	-1.947933	41.299963	0.179820	-1971.486445	
2.450000	15.247504	0.710331	-1.947570	41.519218	0.179820	-1971.307481	
2.451000	15.336296	0.839869	-1.946912	41.738340	0.246017	-1971.128717	
2.452000	15.412404	0.783196	-1.946528	41.957108	0.382306	-1970.950311	
2.453000	15.315155	0.839869	-1.946720	42.175295	0.339473	-1970.772374	
2.454000	15.260189	0.888445	-1.947684	42.392960	0.218760	-1970.594953	
2.455000	15.192537	0.880349	-1.949546	42.610373	0.316109	-1970.418048	
2.456000	15.340525	1.001790	-1.952096	42.827611	0.417352	-1970.241626	
2.457000	15.408176	0.856061	-1.954912	43.044448	0.409564	-1970.065606	
2.458000	15.399719	0.856061	-1.957558	43.260655	0.358942	-1969.889860	
2.459000	15.277101	0.888445	-1.959449	43.476277	0.327791	-1969.714234	
2.460000	15.281330	0.783196	-1.960001	43.691571	0.172032	-1969.538574	
2.461000	15.391263	0.945118	-1.958969	43.906600	0.234335	-1969.362759	
2.462000	15.484284	0.767004	-1.956456	44.121129	0.304427	-1969.186712	
2.463000	15.408176	0.645563	-1.952610	44.334932	0.222654	-1969.010400	
2.464000	15.226363	0.864157	-1.947306	44.548073	0.144774	-1968.833840	
2.465000	15.272873	0.783196	-1.940542	44.760824	0.269381	-1968.657106	
2.466000	15.310927	0.694139	-1.933088	44.973256	0.195396	-1968.480325	
2.467000	15.425089	0.880349	-1.926210	45.185137	0.292745	-1968.303656	
2.468000	15.319384	0.920829	-1.921010	45.396242	0.288851	-1968.127260	
2.469000	15.146027	1.115135	-1.918258	45.606635	0.246017	-1967.951270	
2.470000	15.306699	0.937022	-1.918447	45.816585	0.323897	-1967.775767	
2.471000	15.353209	1.009886	-1.921627	46.026155	0.253805	-1967.600786	
2.472000	15.382807	0.815580	-1.927320	46.235105	0.246017	-1967.426313	
2.473000	15.429317	0.815580	-1.934686	46.443203	0.292745	-1967.252296	
2.474000	15.226363	0.847965	-1.942727	46.650518	0.249911	-1967.078635	
2.475000	15.332068	0.742716	-1.950456	46.857319	0.257699	-1966.905193	
2.476000	15.454686	0.823676	-1.957109	47.063670	0.187608	-1966.731823	
2.477000	15.395491	0.783196	-1.962286	47.269331	0.246017	-1966.558387	
2.478000	15.454686	0.734620	-1.965979	47.474076	0.125304	-1966.384779	
2.479000	15.239048	0.799388	-1.968271	47.677986	0.358942	-1966.210925	
2.480000	15.255960	0.767004	-1.968806	47.881348	0.288851	-1966.036795	
2.481000	15.260189	0.734620	-1.966848	48.084233	0.249911	-1965.862411	
2.482000	15.302471	0.880349	-1.962073	48.286402	0.413458	-1965.687849	
2.483000	15.412404	0.831773	-1.955076	48.487628	0.281063	-1965.513237	
2.484000	15.188309	0.985598	-1.947080	48.687982	0.269381	-1965.338725	
2.485000	15.277101	0.750812	-1.939294	48.887738	0.246017	-1965.164465	
2.486000	15.353209	0.815580	-1.932498	49.086952	0.234335	-1964.990584	
2.487000	15.437773	0.742716	-1.927130	49.285376	0.382306	-1964.817162	
2.488000	15.395491	0.847965	-1.923329	49.482777	0.226548	-1964.644227	
2.489000	15.251732	0.993694	-1.920757	49.679229	0.207078	-1964.471762	
2.490000	15.361666	1.009886	-1.919059	49.875004	0.094153	-1964.299700	
2.491000	15.382807	0.791292	-1.918172	50.070153	0.183714	-1964.127931	
2.492000	15.387035	0.758908	-1.917866	50.264429	0.308321	-1963.956314	
2.493000	15.450458	0.645563	-1.917776	50.457605	0.296639	-1963.784694	
2.494000	15.171396	0.920829	-1.917817	50.649771	0.358942	-1963.612933	
2.495000	15.277101	0.928926	-1.918052	50.841218	0.148668	-1963.440929	
2.496000	15.196765	0.912733	-1.918367	51.032008	0.160350	-1963.268629	
2.497000	15.306699	1.050367	-1.918595	51.221890	0.296639	-1963.096029	
2.498000	15.412404	0.726523	-1.918874	51.410634	0.234335	-1962.923174	
2.499000	15.209450	0.937022	-1.919400	51.598318	0.358942	-1962.750166	
2.500000	15.336296	0.872253	-1.920087	51.785217	0.195396	-1962.577154	0.000000
2.501000	15.374350	0.669851	-1.920831	51.971382	0.226548	-1962.404307	
2.502000	15.374350	0.953214	-1.921707	52.156557	0.347261	-1962.231783	
2.503000	15.454686	0.847965	-1.922908	52.340514	0.098047	-1962.059695	
2.504000	15.154483	0.734620	-1.924544	52.523342	0.168138	-1961.888103	
2.505000	15.391263	0.953214	-1.926218	52.705332	0.261593	-1961.717016	
2.506000	15.387035	0.872253	-1.927136	52.886540	0.117516	-1961.546400	
2.507000	15.344753	0.775100	-1.926916	53.066717	0.308321	-1961.376168	
2.508000	15.374350	0.540314	-1.925697	53.245642	0.281063	-1961.206180	
2.509000	15.171396	0.888445	-1.923574	53.423409	0.238229	-1961.036273	
2.510000	15.272873	0.937022	-1.920753	53.600309	0.320003	-1960.866289	
2.511000	15.391263	0.904637	-1.917790	53.776394	0.277169	-1960.696098	
2.512000	15.310927	0.872253	-1.915107	53.951407	0.351155	-1960.525618	
2.513000	15.370122	0.750812	-1.912583	54.125123	0.191502	-1960.354808	
2.514000	15.205222	0.839869	-1.909702	54.297636	0.304427	-1960.183680	
2.515000	15.382807	0.920829	-1.906060	54.469236	0.273275	-1960.012307	
2.516000	15.412404	1.058463	-1.901827	54.639972	0.284957	-1959.840820	
2.517000	15.353209	0.823676	-1.897644	54.809592	0.277169	-1959.669381	
2.518000	15.374350	0.807484	-1.894209	54.977873	0.222654	-1959.498155	
2.519000	15.192537	0.742716	-1.892147	55.144915	0.273275	-1959.327278	
2.520000	15.348981	0.839869	-1.891995	55.311004	0.218760	-1959.156835	
2.521000	15.387035	0.637467	-1.893838	55.476190	0.339473	-1958.986863	
2.522000	15.272873	1.163712	-1.897173	55.640220	0.382306	-1958.817347	
2.523000	15.294014	0.896541	-1.901453	55.802877	0.281063	-1958.648224	
2.524000	15.213678	0.872253	-1.906354	55.964266	0.339473	-1958.479379	
2.525000	15.353209	0.912733	-1.911423	56.124679	0.393988	-1958.310664	
2.526000	15.408176	0.823676	-1.916105	56.284158	0.281063	-1958.141926	
2.527000	15.370122	0.831773	-1.920097	56.442447	0.370624	-1957.973027	
2.528000	15.365894	0.872253	-1.923344	56.599322	0.277169	-1957.803853	
2.529000	15.264417	0.807484	-1.925962	56.754878	0.316109	-1957.634332	
2.530000	15.403948	1.082751	-1.928297	56.909401	0.191502	-1957.464442	
2.531000	15.450458	0.839869	-1.930616	57.062930	0.230441	-1957.294218	
2.532000	15.387035	0.807484	-1.932745	57.215210	0.366730	-1957.123753	
2.533000	15.408176	1.017982	-1.934389	57.366021	0.230441	-1956.953188	
2.534000	15.196765	0.775100	-1.935612	57.515468	0.308321	-1956.782679	
2.535000	15.315155	0.856061	-1.936688	57.663837	0.374518	-1956.612381	
2.536000	15.399719	0.856061	-1.937762	57.811175	0.320003	-1956.442418	
2.537000	15.348981	1.050367	-1.939020	57.957226	0.413458	-1956.272868	
2.538000	15.327840	0.961310	-1.940991	58.101775	0.257699	-1956.103753	
2.539000	15.179853	0.912733	-1.944359	58.244928	0.475762	-1955.935044	
2.540000	15.285558	0.864157	-1.949267	58.386980	0.308321	-1955.766667	
2.541000	15.446230	0.896541	-1.954975	58.527975	0.292745	-1955.598506	
2.542000	15.454686	0.637467	-1.960406	58.667655	0.257699	-1955.430426	
2.543000	15.387035	0.928926	-1.964762	58.805799	0.277169	-1955.262284	
2.544000	15.192537	0.831773	-1.967798	58.942513	0.261593	-1955.093953	
2.545000	15.323612	0.985598	-1.969739	59.078089	0.296639	-1954.925342	
2.546000	15.395491	0.896541	-1.970440	59.212571	0.082471	-1954.756404	
2.547000	15.374350	0.702235	-1.968874	59.345706	0.347261	-1954.587146	
2.548000	15.353209	0.847965	-1.964330	59.477278	0.292745	-1954.417622	
2.549000	15.154483	0.928926	-1.957351	59.607396	0.222654	-1954.247942	
2.550000	15.344753	0.888445	-1.949150	59.736354	0.335579	-1954.078249	
2.551000	15.310927	0.937022	-1.941022	59.864193	0.370624	-1953.908704	
2.552000	15.403948	0.847965	-1.934082	59.990655	0.429034	-1953.739457	
2.553000	15.361666	0.880349	-1.929045	60.115523	0.327791	-1953.570618	
2.554000	15.213678	0.847965	-1.926162	60.238902	0.164244	-1953.402246	
2.555000	15.344753	0.661755	-1.925409	60.361076	0.269381	-1953.234351	
2.556000	15.387035	0.791292	-1.926644	60.482075	0.214866	-1953.066907	
2.557000	15.458914	0.791292	-1.929562	60.601640	0.339473	-1952.899836	
2.558000	15.378578	1.082751	-1.933670	60.719560	0.242123	-1952.733017	
2.559000	15.175624	0.969406	-1.938389	60.835944	0.281063	-1952.566299	
2.560000	15.378578	0.767004	-1.943256	60.951076	0.199290	-1952.399540	
2.561000	15.340525	0.864157	-1.948002	61.064990	0.401776	-1952.232618	
2.562000	15.387035	0.815580	-1.952436	61.177431	0.374518	-1952.065448	
2.563000	15.285558	0.710331	-1.956346	61.288189	0.355048	-1951.897990	
2.564000	15.112201	0.993694	-1.959285	61.397381	0.238229	-1951.730249	
2.565000	15.425089	0.864157	-1.960590	61.505291	0.175926	-1951.562293	
2.566000	15.391263	0.993694	-1.959940	61.611954	0.288851	-1951.394240	
2.567000	15.412404	0.596986	-1.957740	61.717108	0.425140	-1951.226246	
2.568000	15.361666	0.742716	-1.954869	61.820539	0.226548	-1951.058467	
2.569000	15.200994	0.758908	-1.952139	61.922359	0.300533	-1950.891040	
2.570000	15.463143	0.839869	-1.950003	62.022851	0.172032	-1950.724060	
2.571000	15.403948	1.123232	-1.948590	62.122048	0.308321	-1950.557569	
2.572000	15.306699	0.945118	-1.948058	62.219696	0.300533	-1950.391562	
2.573000	15.412404	0.758908	-1.948805	62.315585	0.296639	-1950.225984	
2.574000	15.154483	0.799388	-1.950912	62.409830	0.339473	-1950.060733	
2.575000	15.501196	0.677947	-1.953712	62.502716	0.304427	-1949.895670	
2.576000	15.285558	0.985598	-1.956312	62.594275	0.390094	-1949.730642	
2.577000	15.382807	0.686043	-1.958167	62.684256	0.355048	-1949.565501	
2.578000	15.332068	0.864157	-1.959155	62.772455	0.323897	-1949.400124	
2.579000	15.133342	0.856061	-1.959171	62.858992	0.214866	-1949.234432	
2.580000	15.509653	0.888445	-1.957967	62.944153	0.487443	-1949.068401	
2.581000	15.281330	0.831773	-1.955585	63.027976	0.351155	-1948.902063	
2.582000	15.382807	0.791292	-1.952329	63.110206	0.339473	-1948.735514	
2.583000	15.374350	0.953214	-1.948621	63.190637	0.277169	-1948.568898	
2.584000	15.184081	0.847965	-1.945154	63.269379	0.347261	-1948.402379	
2.585000	15.568848	0.807484	-1.942616	63.346713	0.218760	-1948.236123	
2.586000	15.353209	0.937022	-1.941391	63.422672	0.265487	-1948.070269	
2.587000	15.408176	0.726523	-1.941548	63.497008	0.312215	-1947.904902	
2.588000	15.395491	0.823676	-1.942996	63.569518	0.164244	-1947.740051	
2.589000	15.200994	0.977502	-1.945731	63.640324	0.218760	-1947.575692	
2.590000	15.535022	0.847965	-1.949658	63.709713	0.187608	-1947.411752	
2.591000	15.378578	0.937022	-1.954254	63.777724	0.351155	-1947.248112	
2.592000	15.323612	0.896541	-1.958692	63.844110	0.362836	-1947.084625	
2.593000	15.387035	0.839869	-1.962182	63.908670	0.273275	-1946.921132	
2.594000	15.146027	0.847965	-1.964264	63.971520	0.304427	-1946.757487	
2.595000	15.522337	0.742716	-1.965053	64.032947	0.210972	-1946.593590	
2.596000	15.365894	0.823676	-1.965183	64.092986	0.226548	-1946.429390	
2.597000	15.488512	0.726523	-1.965285	64.151390	0.316109	-1946.264895	
2.598000	15.420861	0.799388	-1.965318	64.207958	0.117516	-1946.100162	
2.599000	15.192537	0.872253	-1.964765	64.262806	0.152562	-1945.935299	
2.600000	15.522337	0.767004	-1.963485	64.316212	0.101940	-1945.770454	0.000000
2.601000	15.412404	0.775100	-1.961671	64.368210	0.238229	-1945.605790	
2.602000	15.391263	0.831773	-1.959493	64.418556	0.335579	-1945.441461	
2.603000	15.370122	0.726523	-1.957237	64.467057	0.257699	-1945.277578	
2.604000	15.099517	0.961310	-1.955149	64.513833	0.284957	-1945.114190	
2.605000	15.437773	0.896541	-1.953247	64.559162	0.234335	-1944.951295	
2.606000	15.378578	0.847965	-1.951603	64.603073	0.386200	-1944.788851	
2.607000	15.437773	0.945118	-1.950450	64.645322	0.448504	-1944.626766	
2.608000	15.340525	0.694139	-1.949788	64.685709	0.284957	-1944.464908	
2.609000	15.154483	0.847965	-1.949308	64.724348	0.304427	-1944.303125	
2.610000	15.526566	0.783196	-1.948860	64.761505	0.331685	-1944.141269	
2.611000	15.425089	0.734620	-1.948569	64.797206	0.296639	-1943.979216	
2.612000	15.395491	0.872253	-1.948462	64.831203	0.421246	-1943.816891	
2.613000	15.327840	0.807484	-1.948465	64.863306	0.273275	-1943.654263	
2.614000	15.124886	0.920829	-1.948634	64.893633	0.148668	-1943.491349	
2.615000	15.458914	0.904637	-1.948835	64.922463	0.226548	-1943.328219	
2.616000	15.340525	0.661755	-1.948685	64.949829	0.366730	-1943.164991	
2.617000	15.289786	0.856061	-1.948111	64.975490	0.281063	-1943.001814	
2.618000	15.420861	0.872253	-1.947413	64.999257	0.199290	-1942.838843	
2.619000	15.103745	0.937022	-1.946841	65.021246	0.238229	-1942.676209	
2.620000	15.480055	0.953214	-1.946448	65.041730	0.323897	-1942.513995	
2.621000	15.361666	0.775100	-1.946254	65.060737	0.483549	-1942.352233	
2.622000	15.374350	0.694139	-1.946398	65.078025	0.401776	-1942.190908	
2.623000	15.437773	0.856061	-1.947091	65.093402	0.246017	-1942.029963	
2.624000	15.154483	0.661755	-1.948312	65.106984	0.323897	-1941.869301	
2.625000	15.505425	1.009886	-1.949588	65.119043	0.284957	-1941.708790	
2.626000	15.399719	0.767004	-1.950379	65.129616	0.320003	-1941.548282	
2.627000	15.344753	0.847965	-1.950607	65.138468	0.300533	-1941.387634	
2.628000	15.403948	0.896541	-1.950529	65.145418	0.144774	-1941.226728	
2.629000	15.222135	0.669851	-1.950156	65.150585	0.281063	-1941.065490	
2.630000	15.327840	0.839869	-1.949252	65.154246	0.249911	-1940.903896	
2.631000	15.315155	1.001790	-1.947802	65.156437	0.323897	-1940.741969	
2.632000	15.310927	1.017982	-1.945949	65.156930	0.327791	-1940.579790	
2.633000	15.463143	0.823676	-1.943863	65.155542	0.230441	-1940.417490	
2.634000	15.230591	0.937022	-1.941789	65.152390	0.343367	-1940.255223	
2.635000	15.458914	0.928926	-1.939894	65.147739	0.234335	-1940.093146	
2.636000	15.357437	0.912733	-1.938346	65.141619	0.300533	-1939.931389	
2.637000	15.357437	0.880349	-1.937387	65.133797	0.331685	-1939.770031	
2.638000	15.403948	0.758908	-1.937280	65.124086	0.203184	-1939.609100	
2.639000	15.268645	0.896541	-1.938486	65.112599	0.331685	-1939.448576	
2.640000	15.505425	1.026079	-1.941291	65.099596	0.160350	-1939.288397	
2.641000	15.361666	1.090847	-1.945233	65.085110	0.234335	-1939.128457	
2.642000	15.370122	0.807484	-1.949367	65.068916	0.312215	-1938.968616	
2.643000	15.408176	0.888445	-1.952693	65.050836	0.246017	-1938.808724	
2.644000	15.217907	0.799388	-1.954478	65.030984	0.261593	-1938.648643	
2.645000	15.467371	1.034175	-1.954559	65.009620	0.140880	-1938.488274	
2.646000	15.289786	1.155616	-1.953220	64.986777	0.284957	-1938.327560	
2.647000	15.370122	0.823676	-1.950724	64.962233	0.347261	-1938.166494	
2.648000	15.365894	0.880349	-1.946935	64.935809	0.253805	-1938.005122	
2.649000	15.213678	0.758908	-1.941776	64.907618	0.277169	-1937.843546	
2.650000	15.454686	0.880349	-1.935848	64.877915	0.203184	-1937.681915	
2.651000	15.433545	0.856061	-1.930050	64.846730	0.277169	-1937.520399	
2.652000	15.378578	0.888445	-1.925076	64.813843	0.347261	-1937.359160	
2.653000	15.378578	0.985598	-1.921366	64.779079	0.109728	-1937.198317	
2.654000	15.277101	0.880349	-1.919071	64.742548	0.300533	-1937.037932	
2.655000	15.518109	0.896541	-1.918114	64.704503	0.246017	-1936.878015	
2.656000	15.480055	0.791292	-1.918484	64.664972	0.292745	-1936.718532	
2.657000	15.361666	0.847965	-1.920177	64.623737	0.382306	-1936.559402	
2.658000	15.264417	0.864157	-1.922836	64.580632	0.195396	-1936.400493	
2.659000	15.264417	0.847965	-1.925923	64.535774	0.214866	-1936.241647	
2.660000	15.403948	0.961310	-1.929028	64.489423	0.242123	-1936.082713	
2.661000	15.416632	1.034175	-1.931851	64.441610	0.300533	-1935.923564	
2.662000	15.374350	0.896541	-1.934218	64.392123	0.429034	-1935.764118	
2.663000	15.319384	0.961310	-1.935922	64.340791	0.351155	-1935.604339	
2.664000	15.239048	0.856061	-1.936466	64.287724	0.265487	-1935.444239	
2.665000	15.535022	0.637467	-1.935362	64.233174	0.210972	-1935.283890	
2.666000	15.458914	0.856061	-1.932593	64.177169	0.382306	-1935.123421	
2.667000	15.471599	0.904637	-1.928599	64.119498	0.320003	-1934.962997	
2.668000	15.319384	0.945118	-1.924018	64.059997	0.207078	-1934.802790	
2.669000	15.294014	0.912733	-1.919460	63.998783	0.172032	-1934.642945	
2.670000	15.522337	0.613178	-1.915507	63.936110	0.261593	-1934.483557	
2.671000	15.408176	0.888445	-1.912670	63.872016	0.436822	-1934.324666	
2.672000	15.315155	0.847965	-1.910792	63.806299	0.218760	-1934.166261	
2.673000	15.294014	0.937022	-1.908960	63.738802	0.261593	-1934.008283	
2.674000	15.116430	0.839869	-1.906663	63.669640	0.323897	-1933.850627	
2.675000	15.454686	0.823676	-1.904163	63.599056	0.249911	-1933.693150	
2.676000	15.348981	0.896541	-1.901729	63.527076	0.288851	-1933.535698	
2.677000	15.403948	0.847965	-1.899567	63.453493	0.214866	-1933.378129	
2.678000	15.391263	0.775100	-1.897980	63.378144	0.238229	-1933.220331	
2.679000	15.281330	0.888445	-1.897175	63.301145	0.308321	-1933.062241	
2.680000	15.458914	0.734620	-1.897230	63.222746	0.249911	-1932.903839	
2.681000	15.399719	0.726523	-1.898006	63.142980	0.249911	-1932.745156	
2.682000	15.458914	0.831773	-1.899048	63.061645	0.327791	-1932.586277	
2.683000	15.429317	0.799388	-1.899992	62.978586	0.226548	-1932.427340	
2.684000	15.357437	0.831773	-1.900923	62.893923	0.195396	-1932.268503	
2.685000	15.496968	0.734620	-1.902086	62.807911	0.331685	-1932.109922	
2.686000	15.327840	0.864157	-1.903615	62.720590	0.292745	-1931.951717	
2.687000	15.391263	1.050367	-1.905605	62.631766	0.362836	-1931.793959	
2.688000	15.361666	0.920829	-1.908058	62.541286	0.421246	-1931.636666	
2.689000	15.289786	1.042271	-1.910796	62.449267	0.273275	-1931.479817	
2.690000	15.484284	0.807484	-1.913662	62.355957	0.284957	-1931.323344	
2.691000	15.353209	0.767004	-1.916655	62.261392	0.277169	-1931.167136	
2.692000	15.425089	0.767004	-1.919710	62.165372	0.351155	-1931.011054	
2.693000	15.437773	0.799388	-1.922681	62.067740	0.238229	-1930.854956	
2.694000	15.361666	1.050367	-1.925479	61.968605	0.277169	-1930.698716	
2.695000	15.539250	0.653659	-1.928012	61.868207	0.191502	-1930.542246	
2.696000	15.268645	0.856061	-1.930264	61.766581	0.405670	-1930.385499	
2.697000	15.403948	0.799388	-1.932340	61.663535	0.292745	-1930.228471	
2.698000	15.420861	0.645563	-1.934037	61.558921	0.183714	-1930.071207	
2.699000	15.327840	0.831773	-1.934945	61.452858	0.214866	-1929.913803	
2.700000	15.496968	0.847965	-1.935125	61.345596	0.316109	-1929.756399	0.000000
2.701000	15.255960	0.937022	-1.935028	61.237178	0.370624	-1929.599150	
2.702000	15.408176	1.050367	-1.935000	61.127415	0.366730	-1929.442203	
2.703000	15.399719	0.669851	-1.935208	61.016155	0.269381	-1929.285667	
2.704000	15.209450	0.839869	-1.935735	60.903507	0.281063	-1929.129602	
2.705000	15.530794	0.742716	-1.936661	60.789712	0.238229	-1928.974022	
2.706000	15.340525	0.718427	-1.938110	60.674805	0.436822	-1928.818897	
2.707000	15.374350	0.896541	-1.940075	60.558597	0.308321	-1928.664150	
2.708000	15.467371	0.791292	-1.942235	60.440940	0.179820	-1928.509656	
2.709000	15.298242	0.815580	-1.944072	60.321944	0.156456	-1928.355272	
2.710000	15.564620	0.791292	-1.945175	60.201853	0.179820	-1928.200850	
2.711000	15.374350	0.702235	-1.945355	60.080711	0.335579	-1928.046266	
2.712000	15.319384	1.082751	-1.944621	59.958338	0.358942	-1927.891431	
2.713000	15.382807	0.799388	-1.943172	59.834592	0.296639	-1927.736304	
2.714000	15.289786	0.920829	-1.941304	59.709580	0.288851	-1927.580892	
2.715000	15.518109	0.775100	-1.939195	59.583531	0.284957	-1927.425262	
2.716000	15.387035	0.977502	-1.936932	59.456473	0.304427	-1927.269531	
2.717000	15.357437	0.969406	-1.934732	59.328221	0.273275	-1927.113853	
2.718000	15.416632	0.734620	-1.933076	59.198632	0.238229	-1926.958388	
2.719000	15.374350	0.775100	-1.932529	59.067811	0.292745	-1926.803277	
2.720000	15.581532	0.686043	-1.933278	58.935990	0.226548	-1926.648619	
2.721000	15.399719	0.783196	-1.934918	58.803205	0.320003	-1926.494458	
2.722000	15.387035	0.969406	-1.936895	58.669278	0.320003	-1926.340789	
2.723000	15.399719	0.872253	-1.939078	58.534069	0.175926	-1926.187553	
2.724000	15.395491	0.775100	-1.941483	58.397684	0.226548	-1926.034646	
2.725000	15.560391	0.758908	-1.943751	58.260352	0.246017	-1925.881926	
2.726000	15.387035	0.669851	-1.945405	58.122111	0.308321	-1925.729235	
2.727000	15.319384	1.107039	-1.946158	57.982789	0.265487	-1925.576423	
2.728000	15.336296	0.912733	-1.945934	57.842253	0.261593	-1925.423366	
2.729000	15.437773	0.896541	-1.944765	57.700612	0.218760	-1925.269981	
2.730000	15.496968	0.799388	-1.942527	57.558096	0.296639	-1925.116237	
2.731000	15.370122	0.872253	-1.939164	57.414742	0.339473	-1924.962157	
2.732000	15.353209	1.050367	-1.935031	57.270377	0.366730	-1924.807831	
2.733000	15.361666	0.791292	-1.930714	57.124864	0.277169	-1924.653398	
2.734000	15.408176	0.831773	-1.926801	56.978304	0.343367	-1924.499027	
2.735000	15.505425	0.839869	-1.923700	56.830925	0.308321	-1924.344882	
2.736000	15.403948	0.726523	-1.921524	56.682765	0.140880	-1924.191093	
2.737000	15.420861	1.098943	-1.920275	56.533656	0.253805	-1924.037742	
2.738000	15.285558	0.847965	-1.919954	56.383467	0.172032	-1923.884857	
2.739000	15.475827	0.888445	-1.920300	56.232308	0.277169	-1923.732419	
2.740000	15.391263	0.831773	-1.920734	56.080416	0.269381	-1923.580359	
2.741000	15.446230	0.864157	-1.920841	55.927833	0.296639	-1923.428556	
2.742000	15.294014	1.123232	-1.920632	55.774393	0.355048	-1923.276863	
2.743000	15.425089	0.945118	-1.920449	55.619963	0.234335	-1923.125130	
2.744000	15.437773	0.904637	-1.920990	55.464646	0.207078	-1922.973223	
2.745000	15.420861	0.847965	-1.922958	55.308664	0.273275	-1922.821043	
2.746000	15.433545	0.856061	-1.926244	55.152052	0.300533	-1922.668531	
2.747000	15.361666	0.920829	-1.929505	54.994639	0.320003	-1922.515680	
2.748000	15.458914	0.839869	-1.930739	54.836288	0.246017	-1922.362542	
2.749000	15.475827	0.888445	-1.928976	54.677100	0.222654	-1922.209230	
2.750000	15.420861	0.856061	-1.925030	54.517299	0.160350	-1922.055896	
2.751000	15.370122	0.758908	-1.920339	54.356926	0.210972	-1921.902704	
2.752000	15.378578	0.969406	-1.916087	54.195819	0.273275	-1921.749801	
2.753000	15.387035	0.872253	-1.913205	54.033849	0.253805	-1921.597299	
2.754000	15.442002	0.864157	-1.912345	53.871118	0.210972	-1921.445256	
2.755000	15.425089	0.621274	-1.913750	53.707846	0.316109	-1921.293684	
2.756000	15.374350	1.026079	-1.917112	53.544071	0.249911	-1921.142542	
2.757000	15.425089	1.090847	-1.921727	53.379626	0.405670	-1920.991740	
2.758000	15.391263	0.864157	-1.926805	53.214381	0.269381	-1920.841149	
2.759000	15.496968	0.872253	-1.931617	53.048437	0.152562	-1920.690626	
2.760000	15.513881	0.937022	-1.935641	52.882018	0.269381	-1920.540029	
2.761000	15.395491	0.799388	-1.938587	52.715163	0.335579	-1920.389235	
2.762000	15.437773	0.961310	-1.940266	52.547712	0.347261	-1920.238164	
2.763000	15.399719	0.977502	-1.940239	52.379539	0.187608	-1920.086781	
2.764000	15.505425	0.791292	-1.937679	52.210742	0.070789	-1919.935101	
2.765000	15.463143	0.856061	-1.932284	52.041534	0.242123	-1919.783196	
2.766000	15.344753	0.904637	-1.924881	51.871953	0.351155	-1919.631184	
2.767000	15.382807	0.985598	-1.916794	51.701843	0.312215	-1919.479212	
2.768000	15.361666	0.856061	-1.909216	51.531079	0.226548	-1919.327436	
2.769000	15.458914	0.920829	-1.902901	51.359759	0.292745	-1919.175994	
2.770000	15.450458	0.928926	-1.898111	51.188093	0.378412	-1919.024981	
2.771000	15.306699	1.066559	-1.895003	51.016116	0.362836	-1918.874432	
2.772000	15.294014	0.831773	-1.893910	50.843668	0.316109	-1918.724335	
2.773000	15.391263	0.783196	-1.895152	50.670620	0.265487	-1918.574633	
2.774000	15.501196	0.847965	-1.898592	50.497060	0.187608	-1918.425231	
2.775000	15.496968	0.767004	-1.903473	50.323187	0.335579	-1918.275996	
2.776000	15.370122	0.953214	-1.908824	50.149030	0.331685	-1918.126778	
2.777000	15.412404	0.953214	-1.913905	49.974430	0.316109	-1917.977428	
2.778000	15.361666	0.961310	-1.918283	49.799266	0.210972	-1917.827829	
2.779000	15.526566	0.726523	-1.921725	49.623630	0.144774	-1917.677906	
2.780000	15.458914	0.847965	-1.924467	49.447726	0.164244	-1917.527634	
2.781000	15.281330	0.928926	-1.927226	49.271593	0.378412	-1917.377036	
2.782000	15.353209	1.042271	-1.930228	49.095083	0.277169	-1917.226193	
2.783000	15.188309	0.945118	-1.933003	48.918074	0.362836	-1917.075230	
2.784000	15.496968	0.904637	-1.935229	48.740659	0.238229	-1916.924306	
2.785000	15.530794	0.888445	-1.936900	48.563036	0.261593	-1916.773582	
2.786000	15.285558	0.937022	-1.938074	48.385234	0.265487	-1916.623190	
2.787000	15.395491	1.188000	-1.938918	48.207100	0.296639	-1916.473212	
2.788000	15.429317	0.977502	-1.939809	48.028509	0.207078	-1916.323680	
2.789000	15.488512	0.839869	-1.941135	47.849545	0.136986	-1916.174582	
2.790000	15.547707	0.815580	-1.942772	47.670403	0.152562	-1916.025857	
2.791000	15.332068	0.896541	-1.944116	47.491117	0.269381	-1915.877398	
2.792000	15.408176	1.058463	-1.944575	47.311545	0.292745	-1915.729064	
2.793000	15.353209	0.815580	-1.943895	47.131571	0.199290	-1915.580706	
2.794000	15.463143	0.856061	-1.942352	46.951283	0.230441	-1915.432185	
2.795000	15.535022	0.661755	-1.940501	46.770878	0.226548	-1915.283394	
2.796000	15.251732	0.953214	-1.938696	46.590387	0.382306	-1915.134266	
2.797000	15.323612	1.220385	-1.936683	46.409663	0.281063	-1914.984789	
2.798000	15.370122	0.847965	-1.933444	46.228584	0.370624	-1914.835001	
2.799000	15.480055	0.896541	-1.928217	46.047233	0.140880	-1914.684999	
2.800000	15.564620	0.783196	-1.921528	45.865797	0.246017	-1914.534923	0.000000
2.801000	15.365894	0.791292	-1.914606	45.684305	0.467974	-1914.384931	
2.802000	15.425089	0.928926	-1.908434	45.502611	0.358942	-1914.235178	
2.803000	15.395491	0.856061	-1.903545	45.320595	0.203184	-1914.085785	
2.804000	15.513881	0.920829	-1.900267	45.138345	0.179820	-1913.936820	
2.805000	15.556163	0.888445	-1.898865	44.956054	0.273275	-1913.788304	
2.806000	15.357437	0.815580	-1.899474	44.773758	0.261593	-1913.640209	
2.807000	15.361666	1.050367	-1.901896	44.591317	0.230441	-1913.492458	
2.808000	15.374350	0.807484	-1.905537	44.408620	0.269381	-1913.344927	
2.809000	15.416632	0.928926	-1.909737	44.225752	0.129198	-1913.197466	
2.810000	15.467371	0.815580	-1.914150	44.042900	0.265487	-1913.049922	
2.811000	15.374350	0.839869	-1.918683	43.860094	0.405670	-1912.902164	
2.812000	15.370122	1.131328	-1.923151	43.677191	0.331685	-1912.754101	
2.813000	15.399719	0.783196	-1.927095	43.494073	0.226548	-1912.605690	
2.814000	15.484284	1.074655	-1.929962	43.310822	0.168138	-1912.456944	
2.815000	15.518109	0.596986	-1.931455	43.127621	0.273275	-1912.307930	
2.816000	15.471599	0.742716	-1.931734	42.944499	0.347261	-1912.158765	
2.817000	15.437773	1.115135	-1.931318	42.761315	0.316109	-1912.009601	
2.818000	15.382807	0.880349	-1.930779	42.577959	0.222654	-1911.860602	
2.819000	15.442002	0.896541	-1.930553	42.394517	0.082471	-1911.711916	
2.820000	15.505425	0.750812	-1.930901	42.211180	0.320003	-1911.563641	
2.821000	15.412404	0.435065	-1.931846	42.027985	0.281063	-1911.415813	
2.822000	15.285558	1.252769	-1.933255	41.844799	0.308321	-1911.268414	
2.823000	15.412404	0.856061	-1.935071	41.661511	0.195396	-1911.121383	
2.824000	15.391263	0.945118	-1.937244	41.478206	0.144774	-1910.974616	
2.825000	15.442002	1.171808	-1.939522	41.295065	0.425140	-1910.827975	
2.826000	15.408176	0.864157	-1.941575	41.112122	0.327791	-1910.681303	
2.827000	15.294014	0.993694	-1.943166	40.929239	0.503019	-1910.534450	
2.828000	15.408176	0.710331	-1.944176	40.746305	0.296639	-1910.387299	
2.829000	15.467371	0.613178	-1.944571	40.563397	0.035743	-1910.239784	
2.830000	15.378578	0.847965	-1.944340	40.380695	0.101940	-1910.091883	
2.831000	15.488512	0.775100	-1.943583	40.198227	0.370624	-1909.943627	
2.832000	15.332068	0.985598	-1.942417	40.015859	0.253805	-1909.795103	
2.833000	15.425089	0.839869	-1.940963	39.833484	0.284957	-1909.646452	
2.834000	15.492740	0.807484	-1.939571	39.651183	0.136986	-1909.497843	
2.835000	15.429317	0.783196	-1.938698	39.469135	0.362836	-1909.349437	
2.836000	15.382807	0.847965	-1.938599	39.287374	0.296639	-1909.201360	
2.837000	15.327840	1.082751	-1.939217	39.105766	0.378412	-1909.053684	
2.838000	15.344753	0.961310	-1.940133	38.924203	0.343367	-1908.906433	
2.839000	15.539250	0.912733	-1.940425	38.742754	0.242123	-1908.759588	
2.840000	15.408176	0.888445	-1.939181	38.561589	0.284957	-1908.613081	
2.841000	15.357437	0.831773	-1.936428	38.380737	0.401776	-1908.466796	
2.842000	15.370122	0.937022	-1.932877	38.200064	0.269381	-1908.320589	
2.843000	15.467371	0.734620	-1.929111	38.019459	0.253805	-1908.174314	
2.844000	15.526566	0.783196	-1.925525	37.838991	0.164244	-1908.027846	
2.845000	15.416632	0.888445	-1.922541	37.658825	0.288851	-1907.881096	
2.846000	15.408176	0.831773	-1.920831	37.478992	0.257699	-1907.734011	
2.847000	15.340525	1.179904	-1.921251	37.299363	0.148668	-1907.586586	
2.848000	15.408176	0.896541	-1.923860	37.119835	0.179820	-1907.438869	
2.849000	15.530794	0.742716	-1.927741	36.940481	0.063001	-1907.290965	
2.850000	15.365894	0.945118	-1.932171	36.761470	0.308321	-1907.143023	
2.851000	15.319384	0.977502	-1.937000	36.582830	0.320003	-1906.995201	
2.852000	15.340525	1.082751	-1.942237	36.404434	0.370624	-1906.847646	
2.853000	15.340525	0.969406	-1.947807	36.226171	0.460186	-1906.700471	
2.854000	15.526566	0.896541	-1.953533	36.048110	0.066895	-1906.553744	
2.855000	15.433545	0.726523	-1.959272	35.870409	0.156456	-1906.407484	
2.856000	15.395491	1.001790	-1.964859	35.693093	0.374518	-1906.261659	
2.857000	15.374350	0.896541	-1.969947	35.516031	0.288851	-1906.116186	
2.858000	15.425089	0.888445	-1.974075	35.339118	0.179820	-1905.970941	
2.859000	15.564620	0.750812	-1.976837	35.162426	-0.003197	-1905.825775	
2.860000	15.412404	0.872253	-1.978033	34.986126	0.234335	-1905.680543	
2.861000	15.336296	0.961310	-1.977725	34.810247	0.316109	-1905.535119	
2.862000	15.332068	0.945118	-1.976079	34.634667	0.429034	-1905.389413	
2.863000	15.260189	0.783196	-1.973265	34.459283	0.249911	-1905.243379	
2.864000	15.543479	0.767004	-1.969537	34.284162	0.129198	-1905.097026	
2.865000	15.391263	0.775100	-1.965203	34.109467	0.246017	-1904.950420	
2.866000	15.319384	0.985598	-1.960544	33.935223	0.393988	-1904.803677	
2.867000	15.365894	1.098943	-1.955991	33.761307	0.413458	-1904.656941	
2.868000	15.323612	0.758908	-1.952074	33.587612	0.249911	-1904.510373	
2.869000	15.547707	0.750812	-1.949118	33.414203	0.070789	-1904.364115	
2.870000	15.488512	0.653659	-1.947106	33.241233	0.351155	-1904.218269	
2.871000	15.264417	0.977502	-1.945945	33.068731	0.483549	-1904.072878	
2.872000	15.429317	1.034175	-1.945844	32.896575	0.397882	-1903.927935	
2.873000	15.319384	0.880349	-1.947133	32.724667	0.218760	-1903.783392	
2.874000	15.547707	0.783196	-1.949693	32.553075	-0.057712	-1903.639160	
2.875000	15.463143	0.920829	-1.952727	32.381960	0.156456	-1903.495103	
2.876000	15.361666	0.928926	-1.955160	32.211351	0.300533	-1903.351066	
2.877000	15.353209	1.123232	-1.956375	32.041133	0.284957	-1903.206897	
2.878000	15.264417	0.856061	-1.956349	31.871210	0.187608	-1903.062472	
2.879000	15.370122	0.928926	-1.955072	31.701645	0.187608	-1902.917713	
2.880000	15.496968	0.856061	-1.952335	31.532592	0.421246	-1902.772587	
2.881000	15.382807	0.993694	-1.947974	31.364077	0.300533	-1902.627112	
2.882000	15.361666	0.969406	-1.942099	31.195981	0.253805	-1902.481368	
2.883000	15.361666	0.791292	-1.935243	31.028203	0.183714	-1902.335491	
2.884000	15.535022	0.815580	-1.928255	30.860801	-0.003197	-1902.189647	
2.885000	15.484284	0.718427	-1.921876	30.693919	0.086365	-1902.044001	
2.886000	15.403948	0.896541	-1.916590	30.527578	0.230441	-1901.898687	
2.887000	15.403948	0.977502	-1.912851	30.361664	0.195396	-1901.753786	
2.888000	15.336296	1.034175	-1.910746	30.196080	0.218760	-1901.609333	
2.889000	15.496968	0.896541	-1.909631	30.030889	0.257699	-1901.465309	
2.890000	15.467371	0.726523	-1.908911	29.866247	0.335579	-1901.321648	
2.891000	15.327840	0.686043	-1.908437	29.702186	0.292745	-1901.178230	
2.892000	15.340525	1.090847	-1.907944	29.538598	0.269381	-1901.034906	
2.893000	15.344753	0.864157	-1.907135	29.375385	0.281063	-1900.891526	
2.894000	15.458914	1.009886	-1.905988	29.212605	0.238229	-1900.747958	
2.895000	15.450458	0.864157	-1.904504	29.050396	0.273275	-1900.604096	
2.896000	15.302471	0.904637	-1.902623	28.888777	0.401776	-1900.459881	
2.897000	15.395491	0.677947	-1.900261	28.727635	0.386200	-1900.315304	
2.898000	15.382807	0.799388	-1.897221	28.566869	0.078577	-1900.170413	
2.899000	15.496968	0.880349	-1.893522	28.406535	-0.014879	-1900.025316	
2.900000	15.484284	0.775100	-1.889725	28.246777	0.144774	-1899.880160	0.000000
2.901000	15.374350	0.904637	-1.886537	28.087619	0.152562	-1899.735103	
2.902000	15.403948	0.937022	-1.884380	27.928955	0.249911	-1899.590294	
2.903000	15.416632	0.807484	-1.883396	27.770690	0.242123	-1899.445853	
2.904000	15.412404	1.001790	-1.883544	27.612884	0.086365	-1899.301849	
2.905000	15.492740	0.758908	-1.884947	27.455677	0.382306	-1899.158293	
2.906000	15.222135	1.034175	-1.888063	27.299095	0.405670	-1899.015143	
2.907000	15.382807	1.058463	-1.893072	27.143023	0.366730	-1898.872312	
2.908000	15.416632	0.920829	-1.899457	26.987360	0.393988	-1898.729672	
2.909000	15.399719	0.856061	-1.906322	26.832158	0.129198	-1898.587082	
2.910000	15.471599	0.799388	-1.912936	26.677549	0.218760	-1898.444394	
2.911000	15.391263	0.864157	-1.919014	26.523553	0.335579	-1898.301479	
2.912000	15.395491	1.131328	-1.924415	26.370059	0.316109	-1898.158246	
2.913000	15.425089	0.669851	-1.928870	26.216971	0.164244	-1898.014659	
2.914000	15.437773	1.009886	-1.932013	26.064341	-0.042136	-1897.870737	
2.915000	15.437773	0.896541	-1.933432	25.912308	0.172032	-1897.726548	
2.916000	15.382807	0.904637	-1.933033	25.760895	0.242123	-1897.582205	
2.917000	15.336296	1.050367	-1.931312	25.610000	0.417352	-1897.437846	
2.918000	15.395491	0.767004	-1.928981	25.459532	0.249911	-1897.293626	
2.919000	15.484284	0.839869	-1.926571	25.309547	0.156456	-1897.149688	
2.920000	15.395491	0.920829	-1.924478	25.160177	0.281063	-1897.006127	
2.921000	15.365894	1.155616	-1.923177	25.011444	0.351155	-1896.862976	
2.922000	15.382807	1.042271	-1.923407	24.863240	0.343367	-1896.720217	
2.923000	15.420861	0.702235	-1.925990	24.715472	0.331685	-1896.577799	
2.924000	15.509653	0.823676	-1.930881	24.568188	0.117516	-1896.435629	
2.925000	15.446230	0.815580	-1.936863	24.421518	0.121410	-1896.293580	
2.926000	15.399719	1.090847	-1.942590	24.275483	0.308321	-1896.151496	
2.927000	15.374350	1.074655	-1.947275	24.129981	0.168138	-1896.009228	
2.928000	15.425089	0.775100	-1.950594	23.984923	0.175926	-1895.866656	
2.929000	15.522337	0.888445	-1.952504	23.840360	0.066895	-1895.723708	
2.930000	15.496968	0.896541	-1.953158	23.696423	0.253805	-1895.580355	
2.931000	15.425089	0.969406	-1.952851	23.553136	0.284957	-1895.436614	
2.932000	15.302471	1.082751	-1.951773	23.410405	0.257699	-1895.292558	
2.933000	15.239048	0.961310	-1.950005	23.268142	0.238229	-1895.148315	
2.934000	15.505425	0.839869	-1.947832	23.126391	0.191502	-1895.004044	
2.935000	15.450458	1.001790	-1.945702	22.985274	0.277169	-1894.859903	
2.936000	15.357437	1.098943	-1.944049	22.844809	0.312215	-1894.716017	
2.937000	15.319384	0.969406	-1.943308	22.704898	0.386200	-1894.572463	
2.938000	15.433545	0.742716	-1.943862	22.565454	0.168138	-1894.429273	
2.939000	15.543479	0.864157	-1.945947	22.426522	0.008485	-1894.286441	
2.940000	15.450458	0.953214	-1.949550	22.288229	0.242123	-1894.143911	
2.941000	15.370122	1.058463	-1.954240	22.150598	0.335579	-1894.001581	
2.942000	15.365894	1.026079	-1.959215	22.013538	0.335579	-1893.859316	
2.943000	15.348981	0.904637	-1.963662	21.876966	0.187608	-1893.716973	
2.944000	15.513881	0.677947	-1.967097	21.740928	0.063001	-1893.574419	
2.945000	15.416632	0.823676	-1.969420	21.605545	0.347261	-1893.431553	
2.946000	15.370122	1.179904	-1.970726	21.470842	0.261593	-1893.288310	
2.947000	15.268645	1.163712	-1.971065	21.336729	0.393988	-1893.144672	
2.948000	15.387035	1.017982	-1.970384	21.203123	0.226548	-1893.000679	
2.949000	15.505425	0.912733	-1.968679	21.070065	0.105834	-1892.856436	
2.950000	15.467371	0.799388	-1.966206	20.937670	0.300533	-1892.712085	
2.951000	15.420861	1.058463	-1.963465	20.805955	0.331685	-1892.567791	
2.952000	15.425089	0.896541	-1.960890	20.674823	0.292745	-1892.423712	
2.953000	15.327840	0.953214	-1.958692	20.544184	0.195396	-1892.279975	
2.954000	15.564620	0.856061	-1.957007	20.414071	0.035743	-1892.136656	
2.955000	15.412404	0.856061	-1.955996	20.284599	0.218760	-1891.993778	
2.956000	15.395491	1.034175	-1.955814	20.155788	0.460186	-1891.851318	
2.957000	15.395491	1.042271	-1.956481	20.027552	0.339473	-1891.709198	
2.958000	15.365894	1.139424	-1.957757	19.899816	0.269381	-1891.567299	
2.959000	15.467371	0.831773	-1.959127	19.772619	0.121410	-1891.425475	
2.960000	15.425089	0.791292	-1.960219	19.646076	0.273275	-1891.283571	
2.961000	15.348981	1.066559	-1.961119	19.520206	0.436822	-1891.141451	
2.962000	15.463143	1.001790	-1.961918	19.394924	0.323897	-1890.999021	
2.963000	15.344753	0.880349	-1.962479	19.270151	0.121410	-1890.856240	
2.964000	15.458914	1.009886	-1.962522	19.145925	0.140880	-1890.713120	
2.965000	15.437773	0.661755	-1.961354	19.022352	0.374518	-1890.569730	
2.966000	15.365894	0.864157	-1.958486	18.899446	0.358942	-1890.426186	
2.967000	15.437773	0.896541	-1.954442	18.777121	0.238229	-1890.282649	
2.968000	15.391263	0.872253	-1.950023	18.655300	0.035743	-1890.139296	
2.969000	15.446230	0.912733	-1.945445	18.534022	0.090259	-1889.996284	
2.970000	15.416632	0.839869	-1.940614	18.413393	0.179820	-1889.853720	
2.971000	15.357437	0.969406	-1.935557	18.293432	0.425140	-1889.711642	
2.972000	15.357437	1.090847	-1.930103	18.174058	0.284957	-1889.570040	
2.973000	15.391263	0.726523	-1.923757	18.055197	0.207078	-1889.428865	
2.974000	15.395491	0.888445	-1.916543	17.936887	0.129198	-1889.288021	
2.975000	15.403948	1.034175	-1.909017	17.819231	0.284957	-1889.147366	
2.976000	15.361666	1.050367	-1.901477	17.702245	0.316109	-1889.006732	
2.977000	15.336296	1.058463	-1.894201	17.585845	0.281063	-1888.865961	
2.978000	15.403948	0.783196	-1.887737	17.469956	0.175926	-1888.724931	
2.979000	15.433545	0.775100	-1.882527	17.354609	0.047425	-1888.583574	
2.980000	15.454686	0.758908	-1.878618	17.239898	0.218760	-1888.441866	
2.981000	15.353209	1.058463	-1.875645	17.125837	0.382306	-1888.299829	
2.982000	15.429317	0.896541	-1.873249	17.012356	0.253805	-1888.157545	
2.983000	15.387035	0.839869	-1.871579	16.899395	0.094153	-1888.015155	
2.984000	15.412404	0.904637	-1.871160	16.786991	0.039637	-1887.872829	
2.985000	15.458914	0.750812	-1.872275	16.675246	0.113622	-1887.730731	
2.986000	15.255960	1.009886	-1.874676	16.564179	0.238229	-1887.588987	
2.987000	15.344753	0.969406	-1.877952	16.453722	0.277169	-1887.447668	
2.988000	15.319384	1.001790	-1.882250	16.343809	0.191502	-1887.306798	
2.989000	15.357437	0.823676	-1.888565	16.234467	0.195396	-1887.166356	
2.990000	15.412404	0.920829	-1.897607	16.125787	0.308321	-1887.026276	
2.991000	15.298242	0.961310	-1.908657	16.017779	0.331685	-1886.886441	
2.992000	15.429317	0.904637	-1.920132	15.910370	0.343367	-1886.746706	
2.993000	15.420861	0.321719	-1.930734	15.803491	0.121410	-1886.606924	
2.994000	15.454686	0.896541	-1.939735	15.697172	0.039637	-1886.466967	
2.995000	15.518109	0.864157	-1.946482	15.591504	0.265487	-1886.326737	
2.996000	15.222135	0.920829	-1.950244	15.486506	0.249911	-1886.186176	
2.997000	15.310927	0.928926	-1.950469	15.382120	0.327791	-1886.045272	
2.998000	15.446230	0.734620	-1.946810	15.278292	0.175926	-1885.904069	
2.999000	15.450458	0.807484	-1.939569	15.175053	0.121410	-1885.762670	
3.000000	15.416632	0.750812	-1.930089	15.072494	0.405670	-1885.621214	0.000000
3.001000	15.336296	0.937022	-1.920012	14.970633	0.331685	-1885.479851	
3.002000	15.277101	0.977502	-1.910486	14.869411	0.323897	-1885.338724	
3.003000	15.433545	0.823676	-1.902066	14.768769	0.222654	-1885.197946	
3.004000	15.480055	0.904637	-1.895067	14.668731	0.218760	-1885.057587	
3.005000	15.437773	0.823676	-1.890095	14.569383	0.179820	-1884.917667	
3.006000	15.420861	0.896541	-1.888023	14.470741	0.292745	-1884.778155	
3.007000	15.285558	0.864157	-1.889203	14.372741	0.226548	-1884.638975	
3.008000	15.442002	0.928926	-1.893097	14.275319	0.129198	-1884.500010	
3.009000	15.501196	0.856061	-1.898836	14.178498	0.074683	-1884.361124	
3.010000	15.484284	0.799388	-1.905652	14.082359	0.203184	-1884.222177	
3.011000	15.374350	0.912733	-1.912850	13.986924	0.164244	-1884.083042	
3.012000	15.332068	0.904637	-1.919812	13.892146	0.246017	-1883.943632	
3.013000	15.412404	0.888445	-1.926305	13.797978	0.098047	-1883.803900	
3.014000	15.378578	0.718427	-1.932572	13.704445	0.020167	-1883.663854	
3.015000	15.336296	0.815580	-1.938639	13.611623	0.249911	-1883.523550	
3.016000	15.429317	1.220385	-1.943921	13.519530	0.284957	-1883.383096	
3.017000	15.306699	0.977502	-1.947854	13.428117	0.323897	-1883.242634	
3.018000	15.344753	0.872253	-1.950454	13.337339	0.269381	-1883.102322	
3.019000	15.513881	0.653659	-1.952157	13.247215	0.175926	-1882.962304	
3.020000	15.429317	0.710331	-1.953503	13.157820	0.304427	-1882.822682	
3.021000	15.454686	1.212288	-1.954986	13.069167	0.335579	-1882.683500	
3.022000	15.348981	0.872253	-1.956873	12.981210	0.261593	-1882.544761	
3.023000	15.467371	0.856061	-1.959066	12.893905	0.121410	-1882.406424	
3.024000	15.475827	0.872253	-1.961244	12.807279	0.039637	-1882.268404	
3.025000	15.395491	0.839869	-1.963034	12.721406	0.273275	-1882.130568	
3.026000	15.391263	0.961310	-1.964080	12.636307	0.320003	-1881.992754	
3.027000	15.310927	0.928926	-1.964212	12.551945	0.281063	-1881.854806	
3.028000	15.348981	0.896541	-1.963596	12.468281	0.179820	-1881.716600	
3.029000	15.361666	0.839869	-1.962459	12.385339	0.199290	-1881.578054	
3.030000	15.361666	1.009886	-1.960874	12.303189	0.421246	-1881.439132	
3.031000	15.416632	1.268961	-1.958958	12.221842	0.355048	-1881.299849	
3.032000	15.344753	0.912733	-1.956843	12.141256	0.323897	-1881.160285	
3.033000	15.323612	0.888445	-1.954566	12.061389	0.273275	-1881.020575	
3.034000	15.509653	0.783196	-1.952255	11.982253	0.187608	-1880.880889	
3.035000	15.458914	0.880349	-1.950212	11.903908	0.320003	-1880.741390	
3.036000	15.433545	1.082751	-1.948809	11.826361	0.288851	-1880.602208	
3.037000	15.429317	0.993694	-1.948283	11.749572	0.257699	-1880.463427	
3.038000	15.306699	1.107039	-1.948468	11.673501	0.074683	-1880.325083	
3.039000	15.454686	0.928926	-1.948967	11.598168	0.238229	-1880.187162	
3.040000	15.420861	0.750812	-1.949662	11.523636	0.304427	-1880.049595	
3.041000	15.327840	1.155616	-1.950569	11.449918	0.355048	-1879.912256	
3.042000	15.382807	0.920829	-1.951400	11.376975	0.393988	-1879.774990	
3.043000	15.247504	0.945118	-1.951825	11.304764	0.183714	-1879.637644	
3.044000	15.425089	0.977502	-1.951779	11.233297	0.234335	-1879.500078	
3.045000	15.403948	0.945118	-1.951244	11.162630	0.277169	-1879.362184	
3.046000	15.336296	0.904637	-1.950059	11.092773	0.273275	-1879.223898	
3.047000	15.399719	0.831773	-1.947734	11.023700	0.386200	-1879.085211	
3.048000	15.361666	0.880349	-1.943371	10.955381	0.098047	-1878.946177	
3.049000	15.492740	0.880349	-1.936739	10.887829	0.074683	-1878.806912	
3.050000	15.467371	0.734620	-1.928891	10.821094	0.269381	-1878.667571	
3.051000	15.374350	1.123232	-1.921153	10.755187	0.323897	-1878.528318	
3.052000	15.420861	0.977502	-1.914472	10.690080	0.339473	-1878.389307	
3.053000	15.344753	0.872253	-1.909465	10.625740	0.144774	-1878.250663	
3.054000	15.450458	0.961310	-1.906489	10.562182	0.051319	-1878.112458	
3.055000	15.458914	1.017982	-1.905783	10.499458	0.183714	-1877.974704	
3.056000	15.294014	1.115135	-1.907443	10.437579	0.351155	-1877.837366	
3.057000	15.403948	0.977502	-1.911249	10.376518	0.397882	-1877.700355	
3.058000	15.403948	0.856061	-1.916523	10.316247	0.230441	-1877.563553	
3.059000	15.429317	0.993694	-1.922241	10.256774	0.175926	-1877.426822	
3.060000	15.425089	0.847965	-1.927526	10.198147	0.331685	-1877.290016	
3.061000	15.310927	1.001790	-1.931929	10.140377	0.351155	-1877.153009	
3.062000	15.416632	0.807484	-1.935361	10.083446	0.390094	-1877.015712	
3.063000	15.395491	0.953214	-1.937930	10.027336	0.160350	-1876.878091	
3.064000	15.496968	1.147520	-1.939585	9.972054	0.175926	-1876.740165	
3.065000	15.475827	0.791292	-1.940017	9.917642	0.292745	-1876.602003	
3.066000	15.340525	1.147520	-1.939116	9.864113	0.187608	-1876.463719	
3.067000	15.387035	0.896541	-1.937258	9.811466	0.358942	-1876.325460	
3.068000	15.382807	0.807484	-1.934987	9.759697	0.214866	-1876.187388	
3.069000	15.475827	0.928926	-1.932636	9.708820	0.242123	-1876.049647	
3.070000	15.344753	0.839869	-1.930402	9.658872	0.323897	-1875.912337	
3.071000	15.370122	1.090847	-1.928725	9.609859	0.343367	-1875.775491	
3.072000	15.391263	0.928926	-1.927941	9.561775	0.538065	-1875.639096	
3.073000	15.391263	1.042271	-1.927516	9.514605	0.024061	-1875.503109	
3.074000	15.416632	0.847965	-1.926715	9.468348	0.051319	-1875.367446	
3.075000	15.501196	0.467449	-1.925449	9.423033	0.339473	-1875.231979	
3.076000	15.336296	1.082751	-1.923762	9.378668	0.343367	-1875.096554	
3.077000	15.454686	0.864157	-1.921568	9.335261	0.253805	-1874.961022	
3.078000	15.387035	0.775100	-1.918897	9.292816	0.148668	-1874.825264	
3.079000	15.454686	0.928926	-1.915839	9.251341	0.175926	-1874.689209	
3.080000	15.488512	0.758908	-1.912391	9.210862	0.296639	-1874.552828	
3.081000	15.264417	0.953214	-1.908398	9.171387	0.320003	-1874.416135	
3.082000	15.332068	0.945118	-1.903770	9.132920	0.179820	-1874.279200	
3.083000	15.361666	0.702235	-1.898912	9.095459	0.082471	-1874.142146	
3.084000	15.374350	0.896541	-1.894641	9.059001	0.121410	-1874.005132	
3.085000	15.471599	0.880349	-1.891669	9.023564	0.393988	-1873.868316	
3.086000	15.336296	1.034175	-1.890441	8.989150	0.327791	-1873.731824	
3.087000	15.374350	1.017982	-1.891232	8.955762	0.374518	-1873.595732	
3.088000	15.395491	0.767004	-1.894315	8.923391	0.070789	-1873.460072	
3.089000	15.496968	0.718427	-1.900255	8.892029	0.210972	-1873.324829	
3.090000	15.496968	0.888445	-1.909337	8.861686	0.273275	-1873.189943	
3.091000	15.370122	1.074655	-1.920680	8.832367	0.253805	-1873.055305	
3.092000	15.306699	1.050367	-1.932625	8.804094	0.207078	-1872.920771	
3.093000	15.416632	0.775100	-1.943612	8.776880	0.144774	-1872.786193	
3.094000	15.446230	0.758908	-1.952675	8.750724	0.288851	-1872.651435	
3.095000	15.450458	0.807484	-1.959638	8.725636	0.101940	-1872.516381	
3.096000	15.446230	0.629370	-1.964649	8.701614	0.335579	-1872.380961	
3.097000	15.158712	1.074655	-1.967374	8.678668	0.304427	-1872.245154	
3.098000	15.353209	0.953214	-1.967017	8.656796	0.125304	-1872.108997	
3.099000	15.463143	0.896541	-1.963303	8.635984	0.261593	-1871.972591	
3.100000	15.450458	0.856061	-1.956965	8.616235	0.281063	-1871.836075	0.000000
3.101000	15.412404	0.920829	-1.949126	8.597540	0.312215	-1871.699601	
3.102000	15.306699	0.888445	-1.940784	8.579913	0.273275	-1871.563324	
3.103000	15.412404	0.621274	-1.932737	8.563352	0.113622	-1871.427371	
3.104000	15.429317	0.726523	-1.925687	8.547842	0.214866	-1871.291822	
3.105000	15.403948	0.783196	-1.920171	8.533381	0.284957	-1871.156694	
3.106000	15.412404	0.823676	-1.916323	8.519969	0.238229	-1871.021952	
3.107000	15.302471	0.985598	-1.914074	8.507631	0.226548	-1870.887516	
3.108000	15.416632	0.775100	-1.913298	8.496380	-0.042136	-1870.753264	
3.109000	15.378578	0.823676	-1.913626	8.486206	0.327791	-1870.619049	
3.110000	15.437773	0.718427	-1.914551	8.477105	0.358942	-1870.484714	
3.111000	15.353209	0.896541	-1.915704	8.469077	0.401776	-1870.350122	
3.112000	15.387035	1.042271	-1.916986	8.462151	0.393988	-1870.215175	
3.113000	15.442002	0.953214	-1.918301	8.456346	0.043531	-1870.079834	
3.114000	15.412404	0.750812	-1.919106	8.451642	0.440716	-1869.944110	
3.115000	15.395491	0.742716	-1.918721	8.448028	0.136986	-1869.808069	
3.116000	15.492740	0.726523	-1.917110	8.445501	0.323897	-1869.671823	
3.117000	15.353209	0.856061	-1.914965	8.444102	0.121410	-1869.535522	
3.118000	15.463143	0.775100	-1.913036	8.443861	0.133092	-1869.399338	
3.119000	15.450458	0.831773	-1.911642	8.444763	0.210972	-1869.263426	
3.120000	15.387035	0.880349	-1.910829	8.446794	0.214866	-1869.127892	
3.121000	15.420861	0.742716	-1.910680	8.449947	0.401776	-1868.992775	
3.122000	15.403948	0.864157	-1.911474	8.454255	0.304427	-1868.858067	
3.123000	15.365894	0.864157	-1.913663	8.459743	0.140880	-1868.723722	
3.124000	15.403948	0.775100	-1.917476	8.466392	0.308321	-1868.589649	
3.125000	15.340525	0.969406	-1.922546	8.474181	0.222654	-1868.455711	
3.126000	15.399719	0.977502	-1.928132	8.483096	0.386200	-1868.321743	
3.127000	15.336296	0.896541	-1.933636	8.493160	0.249911	-1868.187586	
3.128000	15.370122	0.880349	-1.938769	8.504381	0.059107	-1868.053122	
3.129000	15.450458	0.799388	-1.943432	8.516731	0.292745	-1867.918280	
3.130000	15.378578	0.572698	-1.947343	8.530180	0.172032	-1867.783035	
3.131000	15.327840	0.928926	-1.949821	8.544718	0.199290	-1867.647410	
3.132000	15.395491	0.839869	-1.950380	8.560391	0.242123	-1867.511485	
3.133000	15.310927	0.912733	-1.949308	8.577228	0.086365	-1867.375395	
3.134000	15.526566	0.791292	-1.947400	8.595206	0.191502	-1867.239310	
3.135000	15.374350	0.896541	-1.945297	8.614293	0.265487	-1867.103392	
3.136000	15.327840	0.961310	-1.943211	8.634485	0.347261	-1866.967764	
3.137000	15.298242	0.920829	-1.941257	8.655843	0.288851	-1866.832500	
3.138000	15.205222	0.880349	-1.939647	8.678411	0.191502	-1866.697628	
3.139000	15.429317	0.880349	-1.938486	8.702167	0.175926	-1866.563136	
3.140000	15.412404	0.953214	-1.937741	8.727069	0.390094	-1866.428963	
3.141000	15.378578	1.050367	-1.937321	8.753105	0.343367	-1866.294995	
3.142000	15.353209	0.912733	-1.937107	8.780327	0.362836	-1866.161087	
3.143000	15.382807	0.791292	-1.936963	8.808770	0.121410	-1866.027095	
3.144000	15.496968	0.742716	-1.936689	8.838403	0.210972	-1865.892893	
3.145000	15.425089	0.872253	-1.936061	8.869182	0.195396	-1865.758387	
3.146000	15.374350	0.799388	-1.935179	8.901094	0.187608	-1865.623517	
3.147000	15.310927	0.791292	-1.934090	8.934196	0.288851	-1865.488271	
3.148000	15.399719	0.831773	-1.931980	8.968528	0.024061	-1865.352692	
3.149000	15.480055	0.920829	-1.928216	9.004054	0.090259	-1865.216883	
3.150000	15.391263	1.034175	-1.923564	9.040729	0.269381	-1865.080985	
3.151000	15.340525	0.993694	-1.919442	9.078539	0.339473	-1864.945154	
3.152000	15.260189	0.904637	-1.916882	9.117551	0.277169	-1864.809535	
3.153000	15.315155	0.904637	-1.916259	9.157809	0.144774	-1864.674247	
3.154000	15.513881	0.856061	-1.917586	9.199272	0.218760	-1864.539359	
3.155000	15.471599	0.783196	-1.920988	9.241878	0.242123	-1864.404886	
3.156000	15.378578	1.179904	-1.926604	9.285608	0.284957	-1864.270797	
3.157000	15.353209	0.750812	-1.934087	9.330535	0.292745	-1864.137017	
3.158000	15.319384	0.896541	-1.942479	9.376710	0.078577	-1864.003427	
3.159000	15.518109	0.872253	-1.950596	9.424092	0.230441	-1863.869889	
3.160000	15.467371	0.831773	-1.957535	9.472617	0.203184	-1863.736255	
3.161000	15.365894	1.017982	-1.962810	9.522270	0.175926	-1863.602397	
3.162000	15.319384	0.993694	-1.966133	9.573126	0.133092	-1863.468228	
3.163000	15.374350	0.872253	-1.967293	9.625235	0.086365	-1863.333707	
3.164000	15.412404	0.969406	-1.966354	9.678552	0.109728	-1863.198839	
3.165000	15.408176	0.694139	-1.963836	9.733014	0.218760	-1863.063680	
3.166000	15.268645	0.888445	-1.960403	9.788604	0.382306	-1862.928333	
3.167000	15.315155	1.034175	-1.956593	9.845402	0.249911	-1862.792942	
3.168000	15.327840	0.920829	-1.952849	9.903464	0.082471	-1862.657668	
3.169000	15.442002	0.856061	-1.949432	9.962737	0.218760	-1862.522665	
3.170000	15.454686	0.718427	-1.946487	10.023147	0.168138	-1862.388038	
3.171000	15.391263	1.131328	-1.943982	10.084669	0.378412	-1862.253836	
3.172000	15.412404	0.823676	-1.941580	10.147386	0.273275	-1862.120062	
3.173000	15.416632	0.823676	-1.939188	10.211356	0.063001	-1861.986684	
3.174000	15.391263	0.920829	-1.937147	10.276526	0.183714	-1861.853621	
3.175000	15.475827	0.815580	-1.935554	10.342817	0.195396	-1861.720740	
3.176000	15.323612	0.961310	-1.934147	10.410207	0.269381	-1861.587876	
3.177000	15.310927	0.953214	-1.932652	10.478789	0.203184	-1861.454872	
3.178000	15.306699	0.912733	-1.930889	10.548638	-0.046030	-1861.321601	
3.179000	15.323612	0.815580	-1.928798	10.619701	0.316109	-1861.187980	
3.180000	15.420861	0.742716	-1.926384	10.691895	0.358942	-1861.053973	
3.181000	15.382807	1.026079	-1.923660	10.765197	0.518595	-1860.919587	
3.182000	15.344753	1.034175	-1.920703	10.839706	0.234335	-1860.784897	
3.183000	15.395491	0.613178	-1.917660	10.915498	0.012379	-1860.650040	
3.184000	15.412404	0.815580	-1.914748	10.992514	0.234335	-1860.515183	
3.185000	15.446230	0.734620	-1.912298	11.070660	0.191502	-1860.380492	
3.186000	15.420861	0.880349	-1.910875	11.149908	0.218760	-1860.246097	
3.187000	15.200994	0.864157	-1.911128	11.230352	0.261593	-1860.112084	
3.188000	15.412404	1.066559	-1.913128	11.312063	0.129198	-1859.978493	
3.189000	15.340525	0.677947	-1.916174	11.394978	0.312215	-1859.845317	
3.190000	15.446230	0.767004	-1.919555	11.479003	0.226548	-1859.712497	
3.191000	15.374350	1.009886	-1.922954	11.564115	0.343367	-1859.579915	
3.192000	15.298242	0.880349	-1.926083	11.650412	0.277169	-1859.447421	
3.193000	15.336296	0.807484	-1.928508	11.737960	0.105834	-1859.314864	
3.194000	15.395491	0.945118	-1.929709	11.826695	0.238229	-1859.182106	
3.195000	15.420861	0.912733	-1.929442	11.916513	0.261593	-1859.049038	
3.196000	15.357437	0.831773	-1.928087	12.007385	0.382306	-1858.915585	
3.197000	15.302471	0.888445	-1.925974	12.099409	0.343367	-1858.781729	
3.198000	15.382807	0.661755	-1.922878	12.192652	0.090259	-1858.647512	
3.199000	15.450458	0.831773	-1.918776	12.287039	0.261593	-1858.513042	
3.200000	15.475827	0.896541	-1.914279	12.382463	0.203184	-1858.378466	0.000000
3.201000	15.340525	0.864157	-1.910140	12.478892	0.292745	-1858.243945	
3.202000	15.272873	0.920829	-1.906868	12.576420	0.265487	-1858.109633	
3.203000	15.429317	0.807484	-1.904670	12.675111	0.078577	-1857.975654	
3.204000	15.395491	0.750812	-1.903544	12.774893	0.300533	-1857.842083	
3.205000	15.378578	0.847965	-1.903455	12.875660	0.331685	-1857.708935	
3.206000	15.336296	0.872253	-1.904394	12.977386	0.308321	-1857.576174	
3.207000	15.179853	0.864157	-1.906262	13.080180	0.370624	-1857.443719	
3.208000	15.437773	0.823676	-1.908766	13.184115	0.152562	-1857.311450	
3.209000	15.412404	0.880349	-1.911497	13.289111	0.195396	-1857.179231	
3.210000	15.412404	0.928926	-1.914128	13.395055	0.242123	-1857.046915	
3.211000	15.370122	0.839869	-1.916462	13.501914	0.374518	-1856.914374	
3.212000	15.230591	0.912733	-1.918392	13.609796	0.343367	-1856.781520	
3.213000	15.391263	0.669851	-1.919833	13.718769	0.066895	-1856.648316	
3.214000	15.492740	0.742716	-1.920574	13.828754	0.249911	-1856.514779	
3.215000	15.374350	0.864157	-1.920476	13.939639	0.288851	-1856.380976	
3.216000	15.425089	0.969406	-1.919795	14.051395	0.249911	-1856.247017	
3.217000	15.255960	0.864157	-1.919088	14.164139	0.343367	-1856.113050	
3.218000	15.361666	0.856061	-1.918852	14.277951	0.199290	-1855.979237	
3.219000	15.450458	0.710331	-1.919325	14.392751	0.304427	-1855.845724	
3.220000	15.319384	0.758908	-1.920443	14.508417	0.331685	-1855.712610	
3.221000	15.353209	0.896541	-1.922086	14.624924	0.432928	-1855.579932	
3.222000	15.281330	1.042271	-1.924608	14.742398	0.331685	-1855.447678	
3.223000	15.378578	0.904637	-1.928735	14.860928	0.222654	-1855.315803	
3.224000	15.450458	0.767004	-1.934587	14.980426	0.265487	-1855.184218	
3.225000	15.357437	0.783196	-1.941343	15.100762	0.242123	-1855.052791	
3.226000	15.433545	0.783196	-1.948044	15.221903	0.304427	-1854.921372	
3.227000	15.255960	0.880349	-1.954150	15.343975	0.277169	-1854.789812	
3.228000	15.378578	0.937022	-1.959356	15.467067	0.078577	-1854.657994	
3.229000	15.463143	0.621274	-1.963354	15.591090	0.304427	-1854.525842	
3.230000	15.425089	1.001790	-1.965873	15.715918	0.168138	-1854.393320	
3.231000	15.437773	0.912733	-1.966652	15.841529	0.343367	-1854.260440	
3.232000	15.162940	0.888445	-1.965522	15.968065	0.308321	-1854.127275	
3.233000	15.289786	0.686043	-1.962753	16.095622	0.070789	-1853.993955	
3.234000	15.395491	0.750812	-1.959076	16.224111	0.253805	-1853.860640	
3.235000	15.429317	0.856061	-1.955231	16.353390	0.269381	-1853.727488	
3.236000	15.391263	1.017982	-1.951605	16.483426	0.242123	-1853.594628	
3.237000	15.167168	0.767004	-1.948434	16.614352	0.335579	-1853.462143	
3.238000	15.442002	0.928926	-1.946012	16.746254	0.179820	-1853.330069	
3.239000	15.535022	0.702235	-1.944187	16.879037	0.390094	-1853.198397	
3.240000	15.454686	0.758908	-1.942118	17.012560	0.308321	-1853.067064	
3.241000	15.480055	1.042271	-1.939256	17.146801	0.164244	-1852.935958	
3.242000	15.217907	0.815580	-1.935891	17.281917	0.152562	-1852.804935	
3.243000	15.319384	1.009886	-1.932456	17.418013	0.136986	-1852.673845	
3.244000	15.450458	0.767004	-1.929251	17.554997	0.265487	-1852.542552	
3.245000	15.391263	0.694139	-1.926587	17.692726	0.136986	-1852.410943	
3.246000	15.370122	1.220385	-1.924477	17.831179	0.265487	-1852.278948	
3.247000	15.226363	0.750812	-1.922865	17.970513	0.277169	-1852.146544	
3.248000	15.260189	0.904637	-1.922179	18.110833	0.199290	-1852.013768	
3.249000	15.425089	0.977502	-1.922723	18.252033	0.358942	-1851.880717	
3.250000	15.471599	0.872253	-1.924239	18.393953	0.222654	-1851.747529	
3.251000	15.344753	1.001790	-1.926397	18.536558	0.316109	-1851.614364	
3.252000	15.247504	0.815580	-1.928902	18.679997	0.238229	-1851.481382	
3.253000	15.357437	0.896541	-1.931492	18.824372	0.152562	-1851.348718	
3.254000	15.496968	0.669851	-1.934191	18.969574	0.253805	-1851.216457	
3.255000	15.344753	0.491737	-1.937288	19.115449	0.277169	-1851.084624	
3.256000	15.327840	1.066559	-1.941088	19.261974	0.308321	-1850.953190	
3.257000	15.239048	0.864157	-1.945515	19.409311	0.203184	-1850.822079	
3.258000	15.268645	0.791292	-1.949885	19.557559	0.148668	-1850.691175	
3.259000	15.370122	0.912733	-1.953365	19.706607	0.246017	-1850.560335	
3.260000	15.387035	0.775100	-1.955414	19.856293	0.281063	-1850.429410	
3.261000	15.243276	0.920829	-1.955707	20.006593	0.312215	-1850.298263	
3.262000	15.239048	0.880349	-1.954243	20.157671	0.226548	-1850.166798	
3.263000	15.332068	1.058463	-1.951315	20.309624	0.179820	-1850.034971	
3.264000	15.480055	0.969406	-1.947190	20.462338	0.335579	-1849.902792	
3.265000	15.374350	0.791292	-1.942152	20.615646	0.242123	-1849.770321	
3.266000	15.344753	0.686043	-1.936562	20.769519	0.335579	-1849.637664	
3.267000	15.268645	0.758908	-1.930803	20.924120	0.281063	-1849.504966	
3.268000	15.437773	0.839869	-1.925399	21.079543	0.183714	-1849.372395	
3.269000	15.412404	0.937022	-1.921112	21.235673	0.230441	-1849.240106	
3.270000	15.442002	0.799388	-1.918666	21.392343	0.179820	-1849.108208	
3.271000	15.336296	1.115135	-1.918032	21.549530	0.382306	-1848.976750	
3.272000	15.243276	0.742716	-1.918490	21.707402	0.242123	-1848.845730	
3.273000	15.412404	0.613178	-1.919736	21.866062	0.125304	-1848.715110	
3.274000	15.399719	0.815580	-1.921896	22.025390	0.179820	-1848.584809	
3.275000	15.370122	0.702235	-1.924755	22.185217	0.273275	-1848.454698	
3.276000	15.340525	1.058463	-1.927862	22.345525	0.343367	-1848.324617	
3.277000	15.239048	0.937022	-1.930848	22.506492	0.226548	-1848.194412	
3.278000	15.425089	0.823676	-1.933503	22.668227	0.269381	-1848.063960	
3.279000	15.475827	0.839869	-1.935771	22.830605	0.308321	-1847.933185	
3.280000	15.433545	0.718427	-1.937679	22.993451	0.070789	-1847.802061	
3.281000	15.285558	0.961310	-1.939300	23.156742	0.277169	-1847.670613	
3.282000	15.247504	0.896541	-1.940523	23.320660	0.269381	-1847.538919	
3.283000	15.446230	0.815580	-1.941073	23.485317	0.140880	-1847.407112	
3.284000	15.429317	0.937022	-1.940912	23.650590	0.347261	-1847.275357	
3.285000	15.442002	0.872253	-1.940247	23.816305	0.284957	-1847.143819	
3.286000	15.332068	0.856061	-1.939410	23.982444	0.230441	-1847.012626	
3.287000	15.162940	0.953214	-1.938867	24.149186	0.358942	-1846.881859	
3.288000	15.374350	0.775100	-1.939162	24.316634	0.047425	-1846.751546	
3.289000	15.403948	0.880349	-1.940672	24.484653	0.417352	-1846.621669	
3.290000	15.446230	1.009886	-1.943153	24.653061	0.362836	-1846.492165	
3.291000	15.378578	1.082751	-1.945877	24.821838	0.386200	-1846.362922	
3.292000	15.074147	1.026079	-1.948162	24.991166	0.382306	-1846.233794	
3.293000	15.437773	0.710331	-1.949516	25.161142	0.055213	-1846.104629	
3.294000	15.425089	0.807484	-1.949811	25.331626	0.249911	-1845.975289	
3.295000	15.437773	0.847965	-1.949234	25.502434	0.199290	-1845.845668	
3.296000	15.403948	0.928926	-1.948197	25.673549	0.327791	-1845.715702	
3.297000	15.129114	0.864157	-1.947401	25.845168	0.168138	-1845.585379	
3.298000	15.365894	0.896541	-1.947135	26.017400	0.105834	-1845.454742	
3.299000	15.429317	0.839869	-1.946937	26.190111	0.312215	-1845.323889	
3.300000	15.463143	0.807484	-1.946486	26.363113	0.210972	-1845.192957	0.000000
3.301000	15.370122	0.880349	-1.945956	26.536390	0.222654	-1845.062098	
3.302000	15.031865	0.920829	-1.945505	26.710132	0.370624	-1844.931460	
3.303000	15.374350	0.912733	-1.945144	26.884443	0.257699	-1844.801163	
3.304000	15.442002	0.791292	-1.944938	27.059176	0.355048	-1844.671276	
3.305000	15.353209	0.896541	-1.944948	27.234139	0.374518	-1844.541815	
3.306000	15.408176	0.977502	-1.945133	27.409319	0.320003	-1844.412754	
3.307000	15.141799	0.815580	-1.945451	27.584915	0.284957	-1844.284019	
3.308000	15.387035	0.896541	-1.945769	27.761029	0.343367	-1844.155499	
3.309000	15.463143	0.742716	-1.945814	27.937516	0.323897	-1844.027055	
3.310000	15.382807	0.791292	-1.945598	28.114183	0.179820	-1843.898542	
3.311000	15.450458	0.937022	-1.945628	28.291026	0.273275	-1843.769832	
3.312000	15.129114	0.864157	-1.946252	28.468252	0.292745	-1843.640835	
3.313000	15.344753	0.791292	-1.947125	28.645972	0.214866	-1843.511512	
3.314000	15.327840	0.928926	-1.947527	28.824036	0.339473	-1843.381868	
3.315000	15.315155	0.831773	-1.946821	29.002253	0.218760	-1843.251958	
3.316000	15.319384	0.888445	-1.944893	29.180620	0.257699	-1843.121884	
3.317000	15.158712	0.961310	-1.942376	29.359350	0.358942	-1842.991789	
3.318000	15.361666	1.026079	-1.940156	29.538549	0.210972	-1842.861834	
3.319000	15.412404	0.896541	-1.938696	29.718060	0.370624	-1842.732171	
3.320000	15.391263	0.750812	-1.937901	29.897683	0.261593	-1842.602907	
3.321000	15.395491	0.953214	-1.937634	30.077411	0.253805	-1842.474092	
3.322000	15.200994	0.807484	-1.938219	30.257455	0.199290	-1842.345732	
3.323000	15.395491	0.896541	-1.940200	30.437920	0.179820	-1842.217796	
3.324000	15.429317	0.920829	-1.943664	30.618650	0.327791	-1842.090201	
3.325000	15.344753	0.726523	-1.947954	30.799448	0.269381	-1841.962816	
3.326000	15.399719	0.896541	-1.952081	30.980322	0.393988	-1841.835482	
3.327000	15.162940	0.807484	-1.955371	31.161497	0.265487	-1841.708045	
3.328000	15.315155	0.953214	-1.957704	31.343088	0.207078	-1841.580379	
3.329000	15.395491	0.823676	-1.959208	31.524937	0.405670	-1841.452403	
3.330000	15.268645	0.937022	-1.959947	31.706846	0.273275	-1841.324079	
3.331000	15.403948	1.026079	-1.959882	31.888822	0.175926	-1841.195420	
3.332000	15.158712	0.864157	-1.958897	32.071086	0.222654	-1841.066499	
3.333000	15.387035	1.058463	-1.956980	32.253744	0.273275	-1840.937452	
3.334000	15.463143	0.767004	-1.954455	32.436631	0.281063	-1840.808447	
3.335000	15.403948	0.734620	-1.951993	32.619539	0.308321	-1840.679654	
3.336000	15.348981	0.880349	-1.950457	32.802468	0.269381	-1840.551210	
3.337000	15.239048	0.702235	-1.950398	32.985637	0.172032	-1840.423207	
3.338000	15.353209	0.823676	-1.951680	33.169151	0.183714	-1840.295681	
3.339000	15.492740	0.823676	-1.953985	33.352847	0.168138	-1840.168624	
3.340000	15.387035	0.961310	-1.957341	33.536521	0.234335	-1840.041970	
3.341000	15.272873	0.937022	-1.961565	33.720181	0.370624	-1839.915601	
3.342000	15.192537	0.758908	-1.965775	33.904055	0.253805	-1839.789362	
3.343000	15.289786	0.969406	-1.969004	34.088248	0.335579	-1839.663095	
3.344000	15.446230	0.920829	-1.970772	34.272587	0.362836	-1839.536658	
3.345000	15.387035	0.977502	-1.971081	34.456861	0.242123	-1839.409938	
3.346000	15.277101	1.074655	-1.970162	34.641081	0.405670	-1839.282865	
3.347000	15.205222	0.686043	-1.968032	34.825475	0.300533	-1839.155416	
3.348000	15.365894	0.856061	-1.964362	35.010143	0.261593	-1839.027630	
3.349000	15.475827	0.847965	-1.958934	35.194906	0.320003	-1838.899610	
3.350000	15.475827	0.734620	-1.952106	35.379553	0.242123	-1838.771500	
3.351000	15.251732	0.928926	-1.944731	35.564096	0.214866	-1838.643459	
3.352000	15.217907	0.726523	-1.937864	35.748771	0.230441	-1838.515639	
3.353000	15.387035	0.839869	-1.932528	35.933679	0.292745	-1838.388166	
3.354000	15.458914	0.928926	-1.929362	36.118645	0.444610	-1838.261116	
3.355000	15.378578	0.702235	-1.928492	36.303460	0.362836	-1838.134508	
3.356000	15.184081	0.945118	-1.929749	36.488147	0.370624	-1838.008310	
3.357000	15.107973	0.937022	-1.932674	36.672948	0.362836	-1837.882446	
3.358000	15.420861	0.677947	-1.936432	36.857961	0.308321	-1837.756799	
3.359000	15.433545	0.904637	-1.940108	37.043001	0.429034	-1837.631226	
3.360000	15.433545	0.888445	-1.943131	37.227849	0.335579	-1837.505581	
3.361000	15.272873	1.042271	-1.945368	37.412517	0.277169	-1837.379738	
3.362000	15.167168	0.750812	-1.946909	37.597233	0.308321	-1837.253611	
3.363000	15.425089	0.580794	-1.947697	37.782085	0.086365	-1837.127163	
3.364000	15.357437	0.718427	-1.947222	37.966883	0.277169	-1837.000403	
3.365000	15.480055	0.856061	-1.944711	38.151409	0.226548	-1836.873394	
3.366000	15.234819	1.090847	-1.940001	38.335684	0.277169	-1836.746250	
3.367000	15.192537	0.904637	-1.933860	38.519956	0.347261	-1836.619119	
3.368000	15.353209	0.726523	-1.927304	38.704322	0.253805	-1836.492163	
3.369000	15.378578	0.791292	-1.921145	38.888596	0.327791	-1836.365526	
3.370000	15.378578	0.702235	-1.916033	39.072564	0.335579	-1836.239310	
3.371000	15.260189	1.026079	-1.912142	39.256259	0.277169	-1836.113561	
3.372000	15.184081	1.155616	-1.908987	39.439929	0.261593	-1835.988282	
3.373000	15.437773	0.718427	-1.906083	39.623666	0.362836	-1835.863436	
3.374000	15.387035	0.847965	-1.903413	39.807272	0.269381	-1835.738943	
3.375000	15.488512	0.596986	-1.901178	39.990528	0.168138	-1835.614674	
3.376000	15.382807	0.815580	-1.899526	40.173468	0.339473	-1835.490479	
3.377000	15.230591	0.864157	-1.898539	40.356346	0.249911	-1835.366214	
3.378000	15.437773	0.775100	-1.898370	40.539260	0.226548	-1835.241759	
3.379000	15.344753	0.750812	-1.899130	40.722013	0.277169	-1835.117034	
3.380000	15.420861	0.920829	-1.900518	40.904386	0.074683	-1834.992000	
3.381000	15.319384	0.872253	-1.901834	41.086419	0.203184	-1834.866669	
3.382000	15.154483	0.799388	-1.902447	41.268367	0.296639	-1834.741111	
3.383000	15.391263	0.953214	-1.902238	41.450326	0.300533	-1834.615453	
3.384000	15.315155	0.823676	-1.901713	41.632095	0.362836	-1834.489853	
3.385000	15.437773	0.742716	-1.901421	41.813449	0.269381	-1834.364466	
3.386000	15.361666	0.864157	-1.901529	41.994415	0.238229	-1834.239423	
3.387000	15.213678	0.945118	-1.902164	42.175235	0.323897	-1834.114808	
3.388000	15.361666	1.009886	-1.903514	42.355993	0.226548	-1833.990656	
3.389000	15.382807	0.888445	-1.905768	42.536482	0.253805	-1833.866956	
3.390000	15.471599	0.710331	-1.909236	42.716475	0.121410	-1833.743648	
3.391000	15.433545	0.629370	-1.913900	42.896010	0.284957	-1833.620623	
3.392000	15.196765	0.888445	-1.919067	43.075341	0.136986	-1833.497740	
3.393000	15.403948	0.896541	-1.923900	43.254557	0.207078	-1833.374851	
3.394000	15.374350	0.758908	-1.927908	43.433454	0.362836	-1833.251821	
3.395000	15.395491	0.831773	-1.930990	43.611816	0.273275	-1833.128537	
3.396000	15.327840	0.839869	-1.932964	43.789689	0.269381	-1833.004923	
3.397000	15.141799	0.548410	-1.933070	43.967339	0.191502	-1832.880949	
3.398000	15.353209	0.807484	-1.930574	44.144855	0.242123	-1832.756649	
3.399000	15.429317	0.847965	-1.925679	44.322030	0.320003	-1832.632119	
3.400000	15.353209	0.985598	-1.919449	44.498640	0.284957	-1832.507497	0.000000
3.401000	15.310927	0.872253	-1.913202	44.674734	0.300533	-1832.382940	
3.402000	15.213678	0.888445	-1.907840	44.850570	0.187608	-1832.258601	
3.403000	15.433545	0.734620	-1.903662	45.026230	0.261593	-1832.134610	
3.404000	15.513881	0.758908	-1.900861	45.201500	0.292745	-1832.011050	
3.405000	15.374350	0.839869	-1.900051	45.376157	0.273275	-1831.887949	
3.406000	15.340525	0.839869	-1.902182	45.550250	0.207078	-1831.765279	
3.407000	15.222135	0.904637	-1.907536	45.724037	0.273275	-1831.642964	
3.408000	15.429317	0.750812	-1.915201	45.897600	0.191502	-1831.520888	
3.409000	15.395491	0.734620	-1.923784	46.070723	0.397882	-1831.398906	
3.410000	15.289786	0.920829	-1.932087	46.243188	0.382306	-1831.276867	
3.411000	15.260189	0.807484	-1.939338	46.415052	0.234335	-1831.154633	
3.412000	15.120658	0.823676	-1.945173	46.586580	0.292745	-1831.032103	
3.413000	15.348981	1.009886	-1.949184	46.757852	0.144774	-1830.909228	
3.414000	15.450458	0.856061	-1.950726	46.928646	0.226548	-1830.786010	
3.415000	15.408176	0.969406	-1.949561	47.098742	0.238229	-1830.662508	
3.416000	15.319384	0.961310	-1.946370	47.268197	0.230441	-1830.538834	
3.417000	15.230591	0.807484	-1.942379	47.437283	0.300533	-1830.415138	
3.418000	15.412404	0.888445	-1.938682	47.606080	0.175926	-1830.291588	
3.419000	15.480055	0.661755	-1.935999	47.774368	0.277169	-1830.168339	
3.420000	15.374350	1.058463	-1.934732	47.941929	0.148668	-1830.045504	
3.421000	15.327840	0.937022	-1.934919	48.108829	0.191502	-1829.923136	
3.422000	15.192537	0.896541	-1.936438	48.275352	0.320003	-1829.801235	
3.423000	15.277101	0.815580	-1.939232	48.441585	0.405670	-1829.679761	
3.424000	15.429317	0.750812	-1.943153	48.607312	0.413458	-1829.558626	
3.425000	15.251732	0.823676	-1.947804	48.772313	0.238229	-1829.437695	
3.426000	15.285558	0.920829	-1.952615	48.936658	0.409564	-1829.316809	
3.427000	15.239048	0.904637	-1.957012	49.100625	0.183714	-1829.195814	
3.428000	15.310927	0.912733	-1.960508	49.264292	0.386200	-1829.074582	
3.429000	15.454686	0.847965	-1.962848	49.427429	0.242123	-1828.953032	
3.430000	15.391263	1.026079	-1.964265	49.589810	0.238229	-1828.831132	
3.431000	15.251732	0.961310	-1.965446	49.751501	0.261593	-1828.708899	
3.432000	15.272873	0.880349	-1.966758	49.912773	0.261593	-1828.586408	
3.433000	15.310927	1.026079	-1.967996	50.073702	0.129198	-1828.463788	
3.434000	15.437773	0.839869	-1.969062	50.234059	0.331685	-1828.341200	
3.435000	15.399719	0.758908	-1.970066	50.393623	0.144774	-1828.218806	
3.436000	15.264417	1.066559	-1.971001	50.552463	0.179820	-1828.096736	
3.437000	15.217907	1.082751	-1.971846	50.710862	0.257699	-1827.975074	
3.438000	15.213678	0.920829	-1.972972	50.868896	0.261593	-1827.853847	
3.439000	15.391263	0.815580	-1.975118	51.026336	0.448504	-1827.733038	
3.440000	15.387035	0.872253	-1.978593	51.182958	0.331685	-1827.612580	
3.441000	15.289786	1.098943	-1.982796	51.338835	0.312215	-1827.492363	
3.442000	15.260189	0.888445	-1.986693	51.494250	0.296639	-1827.372246	
3.443000	15.353209	0.928926	-1.989490	51.649273	0.253805	-1827.252081	
3.444000	15.437773	0.758908	-1.990891	51.803666	0.351155	-1827.131734	
3.445000	15.450458	0.702235	-1.990880	51.957204	0.164244	-1827.011097	
3.446000	15.302471	1.009886	-1.989387	52.109963	0.273275	-1826.890105	
3.447000	15.332068	0.588890	-1.986220	52.262225	0.164244	-1826.768743	
3.448000	15.294014	0.928926	-1.981200	52.414063	0.199290	-1826.647049	
3.449000	15.437773	0.937022	-1.974421	52.565243	0.362836	-1826.525117	
3.450000	15.387035	0.694139	-1.966479	52.715541	0.335579	-1826.403082	
3.451000	15.213678	0.985598	-1.958220	52.865037	0.230441	-1826.281097	
3.452000	15.310927	0.799388	-1.950350	53.014020	0.175926	-1826.159315	
3.453000	15.302471	0.937022	-1.943386	53.162565	0.366730	-1826.037863	
3.454000	15.403948	0.945118	-1.937642	53.310434	0.362836	-1825.916820	
3.455000	15.463143	0.839869	-1.933528	53.457398	0.210972	-1825.796207	
3.456000	15.226363	1.220385	-1.931831	53.603528	0.230441	-1825.675994	
3.457000	15.382807	0.815580	-1.932950	53.749099	0.316109	-1825.556110	
3.458000	15.391263	0.783196	-1.936195	53.894172	0.203184	-1825.436445	
3.459000	15.429317	0.864157	-1.940276	54.038507	0.273275	-1825.316863	
3.460000	15.429317	0.742716	-1.944107	54.181882	0.105834	-1825.197216	
3.461000	15.226363	0.872253	-1.947108	54.324383	0.300533	-1825.077374	
3.462000	15.361666	0.880349	-1.949132	54.466296	0.296639	-1824.957244	
3.463000	15.399719	0.880349	-1.950131	54.607691	0.222654	-1824.836782	
3.464000	15.374350	0.920829	-1.949778	54.748330	0.257699	-1824.715995	
3.465000	15.391263	0.791292	-1.947731	54.887997	0.261593	-1824.594936	
3.466000	15.124886	0.880349	-1.944115	55.026786	0.253805	-1824.473707	
3.467000	15.340525	0.872253	-1.939516	55.164987	0.288851	-1824.352452	
3.468000	15.365894	0.896541	-1.934608	55.302664	0.284957	-1824.231337	
3.469000	15.378578	0.977502	-1.929867	55.439575	0.378412	-1824.110521	
3.470000	15.387035	0.839869	-1.925636	55.575495	0.222654	-1823.990117	
3.471000	15.222135	0.758908	-1.922188	55.710516	0.300533	-1823.870184	
3.472000	15.429317	0.669851	-1.919670	55.844927	0.195396	-1823.750729	
3.473000	15.433545	0.775100	-1.918225	55.978792	0.234335	-1823.631714	
3.474000	15.429317	0.872253	-1.917895	56.111870	0.273275	-1823.513060	
3.475000	15.387035	0.856061	-1.918325	56.243943	0.246017	-1823.394640	
3.476000	15.192537	1.026079	-1.918862	56.375108	0.269381	-1823.276304	
3.477000	15.315155	0.839869	-1.918880	56.505662	0.230441	-1823.157899	
3.478000	15.387035	0.799388	-1.917917	56.635674	0.281063	-1823.039296	
3.479000	15.353209	0.807484	-1.915764	56.764903	0.409564	-1822.920409	
3.480000	15.370122	0.872253	-1.912602	56.893126	0.304427	-1822.801198	
3.481000	15.200994	0.945118	-1.908926	57.020429	0.460186	-1822.681671	
3.482000	15.374350	0.823676	-1.905067	57.147096	0.464080	-1822.561896	
3.483000	15.357437	0.815580	-1.901202	57.273184	0.374518	-1822.441995	
3.484000	15.399719	0.799388	-1.897883	57.398448	0.358942	-1822.322132	
3.485000	15.458914	0.726523	-1.895787	57.522665	0.214866	-1822.202473	
3.486000	15.234819	0.856061	-1.895180	57.645930	0.339473	-1822.083158	
3.487000	15.437773	0.694139	-1.896015	57.768536	0.039637	-1821.964276	
3.488000	15.425089	0.718427	-1.898194	57.890541	0.121410	-1821.845865	
3.489000	15.425089	1.082751	-1.901804	58.011697	0.284957	-1821.727913	
3.490000	15.420861	0.799388	-1.907011	58.131784	0.257699	-1821.610364	
3.491000	15.133342	0.839869	-1.913557	58.250896	0.249911	-1821.493110	
3.492000	15.310927	0.920829	-1.920642	58.369323	0.238229	-1821.376005	
3.493000	15.370122	0.710331	-1.927311	58.487120	0.300533	-1821.258892	
3.494000	15.374350	0.775100	-1.932824	58.604038	0.382306	-1821.141627	
3.495000	15.437773	0.847965	-1.936772	58.719859	0.320003	-1821.024093	
3.496000	15.234819	0.791292	-1.939239	58.834689	0.323897	-1820.906216	
3.497000	15.327840	0.815580	-1.940920	58.948830	0.358942	-1820.787975	
3.498000	15.446230	0.896541	-1.942396	59.062341	0.347261	-1820.669401	
3.499000	15.387035	0.702235	-1.943485	59.174969	0.284957	-1820.550584	
3.500000	15.480055	0.831773	-1.943893	59.286491	0.199290	-1820.431661	0.000000
3.501000	15.277101	0.734620	-1.943864	59.397003	0.249911	-1820.312797	
3.502000	15.336296	0.856061	-1.943842	59.506790	0.320003	-1820.194151	
3.503000	15.408176	0.783196	-1.944020	59.615907	0.246017	-1820.075849	
3.504000	15.399719	0.864157	-1.944384	59.724101	0.343367	-1819.957966	
3.505000	15.382807	0.937022	-1.944793	59.831158	0.249911	-1819.840520	
3.506000	15.264417	0.872253	-1.945054	59.937189	0.160350	-1819.723483	
3.507000	15.222135	0.896541	-1.945108	60.042495	0.288851	-1819.606779	
3.508000	15.277101	0.758908	-1.944901	60.147134	0.331685	-1819.490287	
3.509000	15.357437	0.791292	-1.944129	60.250852	0.374518	-1819.373862	
3.510000	15.378578	0.888445	-1.942530	60.353428	0.253805	-1819.257349	
3.511000	15.281330	0.880349	-1.940303	60.454966	0.257699	-1819.140612	
3.512000	15.378578	0.718427	-1.937953	60.555756	0.343367	-1819.023562	
3.513000	15.475827	0.945118	-1.936155	60.655847	0.249911	-1818.906159	
3.514000	15.425089	0.702235	-1.935588	60.754983	0.265487	-1818.788414	
3.515000	15.416632	0.718427	-1.936140	60.852943	0.125304	-1818.670387	
3.516000	15.264417	0.864157	-1.936983	60.949837	0.281063	-1818.552188	
3.517000	15.374350	0.904637	-1.937690	61.045964	0.327791	-1818.433968	
3.518000	15.374350	0.977502	-1.938335	61.141380	0.320003	-1818.315893	
3.519000	15.302471	0.847965	-1.938988	61.235837	0.261593	-1818.198114	
3.520000	15.370122	0.839869	-1.939681	61.329121	0.191502	-1818.080737	
3.521000	15.162940	0.864157	-1.940312	61.421341	0.253805	-1817.963808	
3.522000	15.370122	0.993694	-1.940565	61.512793	0.331685	-1817.847329	
3.523000	15.391263	0.799388	-1.940159	61.603522	0.316109	-1817.731262	
3.524000	15.357437	0.856061	-1.939170	61.693273	0.479655	-1817.615525	
3.525000	15.348981	1.026079	-1.937883	61.781827	0.160350	-1817.499985	
3.526000	15.285558	0.726523	-1.936279	61.869288	0.277169	-1817.384490	
3.527000	15.412404	0.799388	-1.933978	61.955942	0.214866	-1817.268892	
3.528000	15.446230	0.815580	-1.930532	62.041827	0.366730	-1817.153071	
3.529000	15.425089	0.726523	-1.925805	62.126689	0.292745	-1817.036949	
3.530000	15.361666	0.953214	-1.919914	62.210315	0.136986	-1816.920497	
3.531000	15.277101	0.839869	-1.912843	62.292816	0.343367	-1816.803733	
3.532000	15.357437	0.839869	-1.904930	62.374490	0.277169	-1816.686732	
3.533000	15.336296	0.872253	-1.897239	62.455389	0.320003	-1816.569622	
3.534000	15.336296	0.783196	-1.890954	62.535264	0.393988	-1816.452563	
3.535000	15.306699	0.912733	-1.886967	62.613903	0.382306	-1816.335711	
3.536000	15.179853	0.928926	-1.885923	62.691420	0.296639	-1816.219197	
3.537000	15.382807	0.839869	-1.888075	62.768105	0.249911	-1816.103105	
3.538000	15.353209	0.904637	-1.893132	62.844000	0.355048	-1815.987465	
3.539000	15.395491	0.937022	-1.900892	62.918848	0.335579	-1815.872266	
3.540000	15.378578	0.799388	-1.911555	62.992434	0.207078	-1815.757455	
3.541000	15.264417	0.839869	-1.924661	63.064868	0.222654	-1815.642933	
3.542000	15.463143	0.767004	-1.938711	63.136444	0.304427	-1815.528568	
3.543000	15.387035	0.864157	-1.952198	63.207208	0.246017	-1815.414218	
3.544000	15.463143	0.839869	-1.964173	63.276910	0.269381	-1815.299748	
3.545000	15.378578	0.912733	-1.974101	63.345340	0.172032	-1815.185050	
3.546000	15.205222	1.026079	-1.981909	63.412615	0.242123	-1815.070051	
3.547000	15.370122	1.017982	-1.987914	63.479027	0.238229	-1814.954724	
3.548000	15.340525	0.880349	-1.992071	63.544617	0.444610	-1814.839101	
3.549000	15.446230	0.807484	-1.993915	63.609130	0.456292	-1814.723272	
3.550000	15.437773	0.985598	-1.993442	63.672358	0.327791	-1814.607371	
3.551000	15.141799	0.953214	-1.991210	63.734417	0.203184	-1814.491553	
3.552000	15.416632	1.050367	-1.987881	63.795597	0.273275	-1814.375971	
3.553000	15.429317	0.686043	-1.984087	63.855937	0.284957	-1814.260751	
3.554000	15.522337	0.621274	-1.980387	63.915180	0.362836	-1814.145971	
3.555000	15.442002	0.718427	-1.977032	63.973114	0.374518	-1814.031655	
3.556000	15.167168	1.042271	-1.973947	64.029855	0.195396	-1813.917783	
3.557000	15.446230	0.961310	-1.971083	64.085699	0.183714	-1813.804289	
3.558000	15.353209	0.961310	-1.968423	64.140694	0.172032	-1813.691057	
3.559000	15.458914	0.831773	-1.965659	64.194594	0.284957	-1813.577943	
3.560000	15.382807	0.888445	-1.962429	64.247194	0.039637	-1813.464792	
3.561000	15.200994	0.880349	-1.958643	64.298612	0.253805	-1813.351471	
3.562000	15.395491	0.856061	-1.954304	64.349137	0.234335	-1813.237883	
3.563000	15.332068	0.864157	-1.949601	64.398803	0.164244	-1813.123974	
3.564000	15.437773	0.864157	-1.945392	64.447350	0.378412	-1813.009740	
3.565000	15.395491	0.920829	-1.942868	64.494571	0.296639	-1812.895230	
3.566000	15.184081	0.937022	-1.942407	64.540584	0.218760	-1812.780549	
3.567000	15.480055	0.758908	-1.943480	64.585678	0.300533	-1812.665848	
3.568000	15.370122	0.945118	-1.945418	64.629894	0.249911	-1812.551294	
3.569000	15.475827	0.710331	-1.947549	64.672981	0.249911	-1812.437044	
3.570000	15.382807	0.864157	-1.949209	64.714731	0.152562	-1812.323209	
3.571000	15.222135	0.896541	-1.950122	64.755264	0.136986	-1812.209846	
3.572000	15.501196	0.637467	-1.950668	64.794864	0.284957	-1812.096964	
3.573000	15.315155	0.945118	-1.951538	64.833566	0.390094	-1811.984524	
3.574000	15.403948	0.831773	-1.953005	64.871121	0.362836	-1811.872436	
3.575000	15.365894	0.726523	-1.954690	64.907326	0.401776	-1811.760560	
3.576000	15.184081	0.912733	-1.955943	64.942299	0.261593	-1811.648733	
3.577000	15.492740	0.953214	-1.956314	64.976323	0.222654	-1811.536798	
3.578000	15.323612	0.945118	-1.955746	65.009430	0.296639	-1811.424629	
3.579000	15.408176	0.993694	-1.954292	65.041370	0.351155	-1811.312144	
3.580000	15.408176	0.718427	-1.951684	65.071938	0.257699	-1811.199308	
3.581000	15.230591	0.775100	-1.947371	65.101252	0.175926	-1811.086139	
3.582000	15.564620	0.653659	-1.941176	65.129595	0.183714	-1810.972714	
3.583000	15.348981	0.888445	-1.933692	65.157005	0.242123	-1810.859167	
3.584000	15.408176	0.856061	-1.925921	65.183238	0.214866	-1810.745662	
3.585000	15.387035	0.831773	-1.918937	65.208097	0.339473	-1810.632361	
3.586000	15.184081	0.945118	-1.913639	65.231705	0.331685	-1810.519397	
3.587000	15.526566	0.831773	-1.910441	65.254357	0.261593	-1810.406855	
3.588000	15.365894	0.791292	-1.909380	65.276093	0.238229	-1810.294763	
3.589000	15.294014	0.750812	-1.910408	65.296670	0.425140	-1810.183106	
3.590000	15.395491	0.677947	-1.913350	65.315889	0.257699	-1810.071815	
3.591000	15.150255	0.920829	-1.917650	65.333868	0.300533	-1809.960774	
3.592000	15.522337	0.758908	-1.922334	65.350887	0.133092	-1809.849834	
3.593000	15.348981	0.904637	-1.926597	65.366982	0.366730	-1809.738838	
3.594000	15.446230	0.758908	-1.930276	65.381907	0.269381	-1809.627645	
3.595000	15.399719	0.726523	-1.933475	65.395460	0.187608	-1809.516143	
3.596000	15.175624	0.799388	-1.936081	65.407763	0.253805	-1809.404264	
3.597000	15.509653	1.009886	-1.937566	65.419098	0.257699	-1809.291987	
3.598000	15.370122	0.847965	-1.937149	65.429506	0.320003	-1809.179351	
3.599000	15.437773	0.831773	-1.934541	65.438747	0.366730	-1809.066451	
3.600000	15.378578	0.807484	-1.930325	65.446628	0.284957	-1808.953424	0.000000
3.601000	15.112201	0.945118	-1.925388	65.453273	0.257699	-1808.840428	
3.602000	15.501196	0.791292	-1.920523	65.458961	0.323897	-1808.727615	
3.603000	15.327840	0.742716	-1.916443	65.463723	0.323897	-1808.615105	
3.604000	15.391263	0.872253	-1.913665	65.467314	0.288851	-1808.502970	
3.605000	15.382807	0.937022	-1.912482	65.469539	0.218760	-1808.391232	
3.606000	15.082604	1.066559	-1.913023	65.470520	0.288851	-1808.279865	
3.607000	15.556163	0.783196	-1.915173	65.470538	0.218760	-1808.168801	
3.608000	15.429317	0.694139	-1.918497	65.469627	0.378412	-1808.057930	
3.609000	15.458914	0.872253	-1.922317	65.467545	0.343367	-1807.947118	
3.610000	15.437773	0.823676	-1.925865	65.464101	0.144774	-1807.836221	
3.611000	15.099517	0.953214	-1.928391	65.459421	0.292745	-1807.725114	
3.612000	15.543479	0.799388	-1.929447	65.453788	0.230441	-1807.613705	
3.613000	15.433545	0.823676	-1.929335	65.447237	0.207078	-1807.501944	
3.614000	15.361666	0.912733	-1.928849	65.439530	0.440716	-1807.389828	
3.615000	15.391263	0.661755	-1.928303	65.430478	0.207078	-1807.277409	
3.616000	15.023409	1.017982	-1.927438	65.420202	0.308321	-1807.164788	
3.617000	15.509653	0.775100	-1.926256	65.408980	0.164244	-1807.052105	
3.618000	15.412404	0.791292	-1.925156	65.396844	0.386200	-1806.939516	
3.619000	15.416632	0.896541	-1.924451	65.383552	0.440716	-1806.827166	
3.620000	15.450458	0.847965	-1.924188	65.368914	0.273275	-1806.715166	
3.621000	15.141799	0.686043	-1.924270	65.353048	0.358942	-1806.603574	
3.622000	15.594217	0.653659	-1.924714	65.336230	0.238229	-1806.492398	
3.623000	15.480055	0.580794	-1.925696	65.318493	0.253805	-1806.381607	
3.624000	15.391263	0.742716	-1.927173	65.299600	0.257699	-1806.271121	
3.625000	15.408176	0.807484	-1.928740	65.279363	0.195396	-1806.160816	
3.626000	15.200994	0.880349	-1.929984	65.257907	0.199290	-1806.050549	
3.627000	15.526566	0.839869	-1.930813	65.235509	0.366730	-1805.940173	
3.628000	15.357437	0.864157	-1.931481	65.212203	0.331685	-1805.829558	
3.629000	15.357437	0.847965	-1.932292	65.187755	0.355048	-1805.718616	
3.630000	15.310927	0.507929	-1.933076	65.161979	0.234335	-1805.607305	
3.631000	15.230591	0.928926	-1.933180	65.134992	0.316109	-1805.495635	
3.632000	15.475827	1.009886	-1.932215	65.107060	0.296639	-1805.383679	
3.633000	15.416632	0.847965	-1.930427	65.078208	0.238229	-1805.271560	
3.634000	15.348981	0.920829	-1.928371	65.048201	0.339473	-1805.159435	
3.635000	15.484284	0.677947	-1.926466	65.016855	0.234335	-1805.047466	
3.636000	15.243276	0.702235	-1.924803	64.984288	0.273275	-1804.935798	
3.637000	15.543479	0.912733	-1.923613	64.950771	0.327791	-1804.824530	
3.638000	15.391263	0.815580	-1.923400	64.916337	0.277169	-1804.713709	
3.639000	15.370122	0.953214	-1.924402	64.880757	0.284957	-1804.603330	
3.640000	15.442002	0.872253	-1.926703	64.843851	0.152562	-1804.493334	
3.641000	15.251732	0.888445	-1.930262	64.805742	0.308321	-1804.383614	
3.642000	15.433545	0.912733	-1.934477	64.766709	0.261593	-1804.274025	
3.643000	15.378578	0.767004	-1.938511	64.726794	0.199290	-1804.164411	
3.644000	15.298242	0.912733	-1.941783	64.685772	0.413458	-1804.054623	
3.645000	15.420861	0.896541	-1.944003	64.643463	0.358942	-1803.944542	
3.646000	15.268645	0.839869	-1.945046	64.599984	0.172032	-1803.834091	
3.647000	15.539250	1.163712	-1.944846	64.555604	0.316109	-1803.723244	
3.648000	15.450458	0.937022	-1.943413	64.510360	0.249911	-1803.612036	
3.649000	15.374350	0.864157	-1.940863	64.464024	0.261593	-1803.500564	
3.650000	15.518109	0.856061	-1.937494	64.416415	0.129198	-1803.388974	
3.651000	15.340525	0.686043	-1.933796	64.367652	0.257699	-1803.277431	
3.652000	15.492740	0.839869	-1.930261	64.318005	0.343367	-1803.166098	
3.653000	15.420861	0.920829	-1.927320	64.267509	0.362836	-1803.055107	
3.654000	15.395491	0.985598	-1.925354	64.215942	0.269381	-1802.944538	
3.655000	15.348981	1.009886	-1.924526	64.163131	0.195396	-1802.834411	
3.656000	15.171396	0.985598	-1.924824	64.109193	0.370624	-1802.724699	
3.657000	15.463143	0.888445	-1.926290	64.054396	0.316109	-1802.615331	
3.658000	15.361666	0.783196	-1.928775	63.998774	0.249911	-1802.506190	
3.659000	15.395491	0.928926	-1.931705	63.942101	0.413458	-1802.397135	
3.660000	15.348981	0.961310	-1.934430	63.884201	0.277169	-1802.288016	
3.661000	15.234819	0.783196	-1.936673	63.825193	0.265487	-1802.178701	
3.662000	15.522337	0.896541	-1.938471	63.765340	0.316109	-1802.069101	
3.663000	15.433545	0.767004	-1.939588	63.704673	0.401776	-1801.959170	
3.664000	15.446230	0.613178	-1.939445	63.642972	0.312215	-1801.848911	
3.665000	15.365894	0.896541	-1.937768	63.580064	0.207078	-1801.738375	
3.666000	15.281330	0.904637	-1.934782	63.516070	0.203184	-1801.627668	
3.667000	15.560391	0.823676	-1.930996	63.451260	0.160350	-1801.516935	
3.668000	15.408176	0.985598	-1.927064	63.385673	0.355048	-1801.406336	
3.669000	15.361666	0.928926	-1.923653	63.319094	0.308321	-1801.296020	
3.670000	15.340525	0.896541	-1.921455	63.251355	0.199290	-1801.186094	
3.671000	15.217907	0.969406	-1.921042	63.182575	0.269381	-1801.076610	
3.672000	15.501196	0.985598	-1.922735	63.113016	0.347261	-1800.967568	
3.673000	15.395491	0.937022	-1.926712	63.042709	0.370624	-1800.858928	
3.674000	15.399719	0.928926	-1.932692	62.971435	0.374518	-1800.750602	
3.675000	15.340525	1.050367	-1.939725	62.899024	0.234335	-1800.642463	
3.676000	15.230591	0.880349	-1.946568	62.825594	0.257699	-1800.534363	
3.677000	15.556163	0.791292	-1.951898	62.751399	0.210972	-1800.426157	
3.678000	15.437773	0.815580	-1.954558	62.676470	0.316109	-1800.317721	
3.679000	15.446230	0.758908	-1.954134	62.600592	0.339473	-1800.208976	
3.680000	15.370122	0.904637	-1.951239	62.523598	0.210972	-1800.099890	
3.681000	15.277101	0.969406	-1.947032	62.445602	0.249911	-1799.990478	
3.682000	15.535022	0.758908	-1.942304	62.366861	0.230441	-1799.880809	
3.683000	15.340525	0.888445	-1.937325	62.287403	0.277169	-1799.770998	
3.684000	15.403948	0.880349	-1.932474	62.207018	0.327791	-1799.661192	
3.685000	15.323612	0.888445	-1.928240	62.125536	0.226548	-1799.551549	
3.686000	15.285558	0.953214	-1.924933	62.043068	0.249911	-1799.442207	
3.687000	15.505425	0.904637	-1.922800	61.959861	0.304427	-1799.333256	
3.688000	15.344753	0.880349	-1.921953	61.875939	0.362836	-1799.224729	
3.689000	15.420861	0.945118	-1.922344	61.791088	0.253805	-1799.116610	
3.690000	15.420861	0.726523	-1.924023	61.705141	0.195396	-1799.008843	
3.691000	15.260189	0.920829	-1.926920	61.618209	0.129198	-1798.901329	
3.692000	15.556163	0.742716	-1.930515	61.530544	0.277169	-1798.793930	
3.693000	15.327840	0.791292	-1.934205	61.442181	0.277169	-1798.686494	
3.694000	15.437773	0.864157	-1.937734	61.352911	0.323897	-1798.578872	
3.695000	15.391263	0.880349	-1.941037	61.262574	0.230441	-1798.470944	
3.696000	15.243276	0.928926	-1.943881	61.171289	0.249911	-1798.362636	
3.697000	15.535022	0.807484	-1.946043	61.079312	0.316109	-1798.253923	
3.698000	15.234819	0.888445	-1.947647	60.986680	0.320003	-1798.144834	
3.699000	15.399719	0.937022	-1.948787	60.893186	0.436822	-1798.035454	
3.700000	15.387035	0.653659	-1.949335	60.798664	0.323897	-1797.925915	0.000000
3.701000	15.247504	0.961310	-1.949400	60.703230	0.304427	-1797.816379	
3.702000	15.560391	0.945118	-1.949295	60.607136	0.355048	-1797.707004	
3.703000	15.336296	0.847965	-1.949245	60.510419	0.339473	-1797.597922	
3.704000	15.357437	0.880349	-1.949457	60.412871	0.320003	-1797.489211	
3.705000	15.433545	0.718427	-1.950214	60.314327	0.179820	-1797.380901	
3.706000	15.277101	0.767004	-1.951695	60.214900	0.226548	-1797.272972	
3.707000	15.556163	0.799388	-1.953672	60.114839	0.148668	-1797.165364	
3.708000	15.251732	1.001790	-1.955648	60.014180	0.323897	-1797.057967	
3.709000	15.361666	0.977502	-1.957184	59.912725	0.257699	-1796.950637	
3.710000	15.387035	0.831773	-1.958006	59.810317	0.164244	-1796.843220	
3.711000	15.226363	0.904637	-1.957999	59.707074	0.281063	-1796.735582	
3.712000	15.488512	0.880349	-1.957155	59.603248	0.296639	-1796.627623	
3.713000	15.319384	0.661755	-1.955616	59.498877	0.436822	-1796.519289	
3.714000	15.353209	1.155616	-1.953751	59.393758	0.370624	-1796.410575	
3.715000	15.437773	0.847965	-1.951976	59.287729	0.429034	-1796.301527	
3.716000	15.285558	0.920829	-1.950491	59.180898	0.323897	-1796.192252	
3.717000	15.488512	0.864157	-1.949405	59.073502	0.234335	-1796.082896	
3.718000	15.370122	0.847965	-1.948920	58.965569	0.312215	-1795.973626	
3.719000	15.395491	0.928926	-1.949152	58.856897	0.222654	-1795.864596	
3.720000	15.412404	0.775100	-1.950084	58.747332	0.187608	-1795.755920	
3.721000	15.264417	0.888445	-1.951660	58.636987	0.183714	-1795.647661	
3.722000	15.560391	0.783196	-1.953803	58.526112	0.261593	-1795.539833	
3.723000	15.420861	0.750812	-1.956438	58.414745	0.397882	-1795.432402	
3.724000	15.264417	0.993694	-1.959387	58.302691	0.382306	-1795.325282	
3.725000	15.382807	0.847965	-1.962228	58.189800	0.288851	-1795.218342	
3.726000	15.285558	0.791292	-1.964435	58.076185	0.355048	-1795.111428	
3.727000	15.526566	0.920829	-1.965642	57.962096	0.378412	-1795.004389	
3.728000	15.429317	0.831773	-1.965706	57.847567	0.242123	-1794.897101	
3.729000	15.374350	1.179904	-1.964635	57.732405	0.358942	-1794.789484	
3.730000	15.420861	0.864157	-1.962530	57.616455	0.179820	-1794.681504	
3.731000	15.302471	0.758908	-1.959512	57.499820	0.183714	-1794.573172	
3.732000	15.543479	0.847965	-1.955716	57.382733	0.246017	-1794.464561	
3.733000	15.437773	0.686043	-1.951448	57.265224	0.320003	-1794.355796	
3.734000	15.365894	0.872253	-1.947235	57.147098	0.246017	-1794.247039	
3.735000	15.391263	0.912733	-1.943549	57.028208	0.117516	-1794.138457	
3.736000	15.395491	0.791292	-1.940718	56.908667	0.304427	-1794.030192	
3.737000	15.496968	0.872253	-1.939084	56.788719	0.413458	-1793.922337	
3.738000	15.403948	0.758908	-1.938700	56.668404	0.429034	-1793.814928	
3.739000	15.344753	0.872253	-1.938803	56.547532	0.339473	-1793.707952	
3.740000	15.374350	0.856061	-1.938330	56.425954	0.335579	-1793.601355	
3.741000	15.310927	0.937022	-1.936888	56.303782	0.370624	-1793.495032	
3.742000	15.484284	0.904637	-1.934557	56.181256	0.203184	-1793.388845	
3.743000	15.416632	0.823676	-1.931360	56.058410	0.370624	-1793.282640	
3.744000	15.412404	0.937022	-1.927263	55.935054	0.382306	-1793.176273	
3.745000	15.382807	0.912733	-1.922337	55.811039	0.179820	-1793.069634	
3.746000	15.374350	0.783196	-1.916971	55.686473	0.105834	-1792.962654	
3.747000	15.535022	0.928926	-1.911798	55.561598	0.288851	-1792.855313	
3.748000	15.433545	0.758908	-1.907310	55.436447	0.292745	-1792.747647	
3.749000	15.412404	1.001790	-1.903661	55.310833	0.238229	-1792.639748	
3.750000	15.403948	0.904637	-1.900926	55.184611	0.230441	-1792.531758	
3.751000	15.310927	0.847965	-1.899332	55.057894	0.253805	-1792.423837	
3.752000	15.450458	0.912733	-1.898985	54.930926	0.222654	-1792.316144	
3.753000	15.344753	0.807484	-1.899662	54.803743	0.261593	-1792.208804	
3.754000	15.509653	0.985598	-1.901131	54.676158	0.440716	-1792.101891	
3.755000	15.420861	1.147520	-1.903241	54.548025	0.203184	-1791.995430	
3.756000	15.306699	1.017982	-1.905638	54.419454	0.273275	-1791.889401	
3.757000	15.463143	0.864157	-1.908008	54.290679	0.207078	-1791.783737	
3.758000	15.467371	0.783196	-1.910278	54.161731	0.409564	-1791.678323	
3.759000	15.433545	0.815580	-1.912293	54.032424	0.323897	-1791.573019	
3.760000	15.454686	0.742716	-1.913800	53.902611	0.281063	-1791.467680	
3.761000	15.378578	0.831773	-1.914681	53.772399	0.156456	-1791.362182	
3.762000	15.442002	0.758908	-1.914905	53.642024	0.183714	-1791.256431	
3.763000	15.391263	0.839869	-1.913997	53.511522	0.409564	-1791.150377	
3.764000	15.420861	0.904637	-1.910964	53.380708	0.288851	-1791.044013	
3.765000	15.378578	0.920829	-1.905608	53.249441	0.249911	-1790.937387	
3.766000	15.353209	0.807484	-1.898937	53.117830	0.234335	-1790.830604	
3.767000	15.450458	0.831773	-1.892167	52.986112	0.312215	-1790.723804	
3.768000	15.416632	0.896541	-1.886306	52.854318	0.448504	-1790.617145	
3.769000	15.403948	0.928926	-1.881938	52.722264	0.288851	-1790.510772	
3.770000	15.391263	0.864157	-1.879088	52.589804	0.277169	-1790.404795	
3.771000	15.501196	0.856061	-1.877686	52.457042	0.246017	-1790.299277	
3.772000	15.556163	0.596986	-1.877672	52.324210	0.296639	-1790.194239	
3.773000	15.446230	0.847965	-1.878671	52.191341	0.261593	-1790.089653	
3.774000	15.463143	0.823676	-1.880352	52.058247	0.281063	-1789.985442	
3.775000	15.395491	0.758908	-1.882715	51.924784	0.300533	-1789.881477	
3.776000	15.488512	0.856061	-1.885564	51.791055	0.098047	-1789.777611	
3.777000	15.513881	0.807484	-1.888415	51.657294	0.269381	-1789.673695	
3.778000	15.357437	0.904637	-1.890924	51.523538	0.304427	-1789.569601	
3.779000	15.387035	1.009886	-1.893086	51.389611	0.327791	-1789.465240	
3.780000	15.277101	0.767004	-1.894918	51.255374	0.358942	-1789.360569	
3.781000	15.450458	0.710331	-1.896099	51.120931	0.257699	-1789.255598	
3.782000	15.522337	0.864157	-1.896261	50.986508	0.355048	-1789.150394	
3.783000	15.395491	1.034175	-1.895488	50.852138	0.370624	-1789.045073	
3.784000	15.420861	1.009886	-1.894311	50.717639	0.234335	-1788.939786	
3.785000	15.403948	0.904637	-1.893384	50.582866	0.179820	-1788.834692	
3.786000	15.535022	0.807484	-1.893307	50.447917	0.214866	-1788.729928	
3.787000	15.577304	0.726523	-1.894575	50.313010	0.277169	-1788.625593	
3.788000	15.336296	0.815580	-1.897404	50.178179	0.347261	-1788.521726	
3.789000	15.378578	0.839869	-1.901740	50.043246	0.300533	-1788.418320	
3.790000	15.344753	0.920829	-1.907507	49.908066	0.246017	-1788.315319	
3.791000	15.535022	0.856061	-1.914451	49.772728	0.121410	-1788.212620	
3.792000	15.463143	0.807484	-1.921791	49.637448	0.203184	-1788.110080	
3.793000	15.353209	0.791292	-1.928504	49.502259	0.358942	-1788.007539	
3.794000	15.336296	0.945118	-1.933995	49.366987	0.362836	-1787.904844	
3.795000	15.365894	0.904637	-1.938115	49.231491	0.288851	-1787.801872	
3.796000	15.458914	0.807484	-1.940709	49.095861	0.210972	-1787.698542	
3.797000	15.530794	0.702235	-1.941795	48.960309	0.199290	-1787.594826	
3.798000	15.344753	0.880349	-1.941832	48.824859	0.316109	-1787.490752	
3.799000	15.429317	1.066559	-1.941229	48.689335	0.269381	-1787.386410	
3.800000	15.458914	0.815580	-1.940130	48.553591	0.214866	-1787.281941	0.000000
3.801000	15.488512	0.912733	-1.938762	48.417718	0.226548	-1787.177509	
3.802000	15.551935	0.629370	-1.937500	48.281921	0.269381	-1787.073279	
3.803000	15.370122	0.896541	-1.936727	48.146227	0.238229	-1786.969380	
3.804000	15.433545	1.107039	-1.936728	48.010465	0.366730	-1786.865892	
3.805000	15.340525	1.001790	-1.937597	47.874501	0.226548	-1786.762841	
3.806000	15.361666	0.872253	-1.939192	47.738432	0.195396	-1786.660207	
3.807000	15.505425	0.726523	-1.941293	47.602470	0.281063	-1786.557916	
3.808000	15.302471	0.864157	-1.943658	47.466646	0.386200	-1786.455849	
3.809000	15.437773	1.090847	-1.945903	47.330788	0.366730	-1786.353857	
3.810000	15.357437	0.904637	-1.947814	47.194758	0.183714	-1786.251787	
3.811000	15.391263	0.977502	-1.949566	47.058643	0.218760	-1786.149502	
3.812000	15.547707	0.750812	-1.951173	46.922642	0.300533	-1786.046904	
3.813000	15.463143	0.758908	-1.952517	46.786778	0.300533	-1785.943940	
3.814000	15.420861	1.082751	-1.953462	46.650879	0.203184	-1785.840610	
3.815000	15.454686	0.791292	-1.953088	46.514811	0.195396	-1785.736967	
3.816000	15.395491	0.912733	-1.950508	46.378664	0.136986	-1785.633127	
3.817000	15.501196	0.815580	-1.946281	46.242642	0.191502	-1785.529242	
3.818000	15.403948	0.920829	-1.941654	46.106772	0.351155	-1785.425477	
3.819000	15.370122	1.155616	-1.937433	45.970885	0.320003	-1785.321981	
3.820000	15.395491	0.791292	-1.933993	45.834849	0.253805	-1785.218869	
3.821000	15.260189	0.937022	-1.931539	45.698753	0.230441	-1785.116198	
3.822000	15.543479	0.694139	-1.929755	45.562797	0.273275	-1785.013974	
3.823000	15.336296	0.839869	-1.927979	45.427005	0.440716	-1784.912156	
3.824000	15.365894	1.115135	-1.926166	45.291207	0.362836	-1784.810656	
3.825000	15.412404	0.775100	-1.924832	45.155266	0.308321	-1784.709342	
3.826000	15.420861	0.985598	-1.924267	45.019263	0.179820	-1784.608068	
3.827000	15.539250	0.767004	-1.924530	44.883391	0.210972	-1784.506690	
3.828000	15.408176	0.775100	-1.925676	44.747670	0.253805	-1784.405080	
3.829000	15.348981	0.888445	-1.927552	44.611932	0.288851	-1784.303153	
3.830000	15.370122	0.783196	-1.929587	44.476047	0.292745	-1784.200869	
3.831000	15.475827	0.856061	-1.930895	44.340102	0.117516	-1784.098248	
3.832000	15.475827	1.034175	-1.930864	44.204296	0.156456	-1783.995359	
3.833000	15.361666	0.977502	-1.929720	44.068659	0.351155	-1783.892319	
3.834000	15.361666	1.098943	-1.928250	43.933027	0.358942	-1783.789277	
3.835000	15.387035	0.831773	-1.927218	43.797268	0.218760	-1783.686392	
3.836000	15.480055	0.880349	-1.927031	43.661468	0.144774	-1783.583806	
3.837000	15.480055	0.831773	-1.927598	43.525818	0.339473	-1783.481614	
3.838000	15.268645	0.799388	-1.928675	43.390343	0.429034	-1783.379854	
3.839000	15.285558	1.171808	-1.930382	43.254878	0.253805	-1783.278508	
3.840000	15.450458	0.758908	-1.933123	43.119288	0.172032	-1783.177522	
3.841000	15.509653	0.896541	-1.937042	42.983649	0.246017	-1783.076796	
3.842000	15.611130	0.872253	-1.941753	42.848151	0.148668	-1782.976198	
3.843000	15.382807	0.694139	-1.946625	42.712818	0.327791	-1782.875574	
3.844000	15.374350	1.131328	-1.951265	42.577493	0.347261	-1782.774777	
3.845000	15.437773	0.831773	-1.955596	42.442045	0.230441	-1782.673686	
3.846000	15.488512	0.872253	-1.959526	42.306557	0.230441	-1782.572228	
3.847000	15.458914	0.694139	-1.962839	42.171221	0.253805	-1782.470377	
3.848000	15.319384	0.864157	-1.965213	42.036066	0.456292	-1782.368156	
3.849000	15.289786	1.131328	-1.966277	41.900935	0.421246	-1782.265640	
3.850000	15.425089	0.880349	-1.965976	41.765699	0.277169	-1782.162955	
3.851000	15.488512	0.864157	-1.964808	41.630434	0.090259	-1782.060259	
3.852000	15.484284	0.912733	-1.963368	41.495327	0.335579	-1781.957713	
3.853000	15.391263	0.783196	-1.961904	41.360400	0.374518	-1781.855448	
3.854000	15.336296	1.050367	-1.960577	41.225493	0.355048	-1781.753551	
3.855000	15.437773	0.847965	-1.959460	41.090476	0.187608	-1781.652055	
3.856000	15.522337	0.823676	-1.958338	40.955422	0.012379	-1781.550954	
3.857000	15.509653	0.742716	-1.957042	40.820517	0.214866	-1781.450192	
3.858000	15.437773	0.572698	-1.955468	40.685788	0.320003	-1781.349661	
3.859000	15.306699	1.212288	-1.953272	40.551083	0.281063	-1781.249218	
3.860000	15.378578	0.896541	-1.950196	40.416276	0.222654	-1781.148711	
3.861000	15.496968	0.694139	-1.946380	40.281448	0.257699	-1781.048004	
3.862000	15.412404	0.847965	-1.942032	40.146784	0.296639	-1780.946995	
3.863000	15.412404	0.912733	-1.937108	40.012311	0.456292	-1780.845624	
3.864000	15.239048	0.977502	-1.931465	39.877871	0.366730	-1780.743882	
3.865000	15.391263	0.888445	-1.925210	39.743335	0.246017	-1780.641815	
3.866000	15.509653	0.710331	-1.918748	39.608776	0.074683	-1780.539523	
3.867000	15.463143	0.726523	-1.912652	39.474374	0.257699	-1780.437156	
3.868000	15.463143	0.734620	-1.907544	39.340152	0.273275	-1780.334874	
3.869000	15.412404	0.977502	-1.903846	39.205956	0.331685	-1780.232833	
3.870000	15.374350	0.815580	-1.901592	39.071663	0.230441	-1780.131152	
3.871000	15.496968	0.710331	-1.900747	38.937348	0.020167	-1780.029901	
3.872000	15.374350	0.726523	-1.901557	38.803191	0.133092	-1779.929094	
3.873000	15.412404	1.001790	-1.904273	38.669213	0.323897	-1779.828699	
3.874000	15.323612	1.042271	-1.908663	38.535267	0.366730	-1779.728631	
3.875000	15.302471	0.904637	-1.913950	38.401233	0.265487	-1779.628760	
3.876000	15.467371	0.734620	-1.919197	38.267184	0.148668	-1779.528933	
3.877000	15.492740	0.815580	-1.923690	38.133300	0.366730	-1779.428995	
3.878000	15.412404	0.621274	-1.927032	37.999604	0.390094	-1779.328812	
3.879000	15.387035	1.050367	-1.929083	37.865950	0.312215	-1779.228294	
3.880000	15.310927	0.961310	-1.929665	37.732216	0.234335	-1779.127403	
3.881000	15.518109	0.791292	-1.928349	37.598476	0.109728	-1779.026156	
3.882000	15.509653	0.734620	-1.924913	37.464903	0.261593	-1778.924627	
3.883000	15.463143	0.920829	-1.919756	37.331521	0.366730	-1778.822939	
3.884000	15.408176	0.839869	-1.913736	37.198184	0.144774	-1778.721245	
3.885000	15.353209	0.847965	-1.907801	37.064773	0.156456	-1778.619712	
3.886000	15.526566	0.896541	-1.902802	36.931361	0.172032	-1778.518485	
3.887000	15.450458	0.864157	-1.899507	36.798121	0.273275	-1778.417663	
3.888000	15.348981	1.017982	-1.898225	36.665077	0.386200	-1778.317276	
3.889000	15.323612	0.856061	-1.898506	36.532088	0.347261	-1778.217310	
3.890000	15.361666	0.799388	-1.899797	36.399041	0.238229	-1778.117709	
3.891000	15.526566	0.775100	-1.901845	36.266008	0.277169	-1778.018375	
3.892000	15.467371	0.799388	-1.904333	36.133165	0.261593	-1777.919163	
3.893000	15.357437	0.888445	-1.906848	36.000535	0.253805	-1777.819911	
3.894000	15.437773	0.969406	-1.909238	35.867976	0.249911	-1777.720465	
3.895000	15.395491	0.937022	-1.911585	35.735367	0.238229	-1777.620706	
3.896000	15.543479	0.864157	-1.913792	35.602781	0.117516	-1777.520569	
3.897000	15.492740	1.034175	-1.915424	35.470388	0.238229	-1777.420037	
3.898000	15.365894	0.742716	-1.916029	35.338215	0.253805	-1777.319146	
3.899000	15.420861	0.904637	-1.915516	35.206122	0.199290	-1777.217985	
3.900000	15.425089	0.734620	-1.914294	35.073996	0.253805	-1777.116695	0.000000
3.901000	15.492740	0.920829	-1.913000	34.941913	0.191502	-1777.015442	
3.902000	15.471599	0.734620	-1.912162	34.810050	0.339473	-1776.914386	
3.903000	15.268645	1.001790	-1.912072	34.678437	0.382306	-1776.813651	
3.904000	15.475827	0.928926	-1.912794	34.546933	0.432928	-1776.713308	
3.905000	15.403948	0.783196	-1.914613	34.415419	0.312215	-1776.613380	
3.906000	15.547707	0.953214	-1.918305	34.283961	0.113622	-1776.513852	
3.907000	15.509653	0.856061	-1.924317	34.152727	0.191502	-1776.414657	
3.908000	15.277101	0.888445	-1.932091	34.021744	0.288851	-1776.315679	
3.909000	15.467371	0.937022	-1.940501	33.890871	0.277169	-1776.216774	
3.910000	15.425089	0.758908	-1.948546	33.759992	0.152562	-1776.117794	
3.911000	15.522337	0.937022	-1.955513	33.629182	0.063001	-1776.018616	
3.912000	15.467371	0.767004	-1.960683	33.498615	0.199290	-1775.919149	
3.913000	15.306699	1.090847	-1.963315	33.368325	0.257699	-1775.819335	
3.914000	15.488512	1.196096	-1.963160	33.238180	0.393988	-1775.719164	
3.915000	15.332068	0.831773	-1.960864	33.108069	0.362836	-1775.618674	
3.916000	15.488512	0.872253	-1.957405	32.978063	0.179820	-1775.517964	
3.917000	15.458914	0.783196	-1.953445	32.848334	0.261593	-1775.417174	
3.918000	15.315155	0.977502	-1.949550	32.718906	0.358942	-1775.316459	
3.919000	15.450458	1.042271	-1.946234	32.589646	0.401776	-1775.215964	
3.920000	15.399719	0.775100	-1.943711	32.460438	0.242123	-1775.115801	
3.921000	15.513881	0.758908	-1.942066	32.331351	0.086365	-1775.016037	
3.922000	15.539250	0.750812	-1.941354	32.202549	0.125304	-1774.916691	
3.923000	15.353209	0.783196	-1.941363	32.074054	0.277169	-1774.817734	
3.924000	15.403948	1.163712	-1.941835	31.945734	0.277169	-1774.719089	
3.925000	15.365894	0.653659	-1.942689	31.817477	0.074683	-1774.620635	
3.926000	15.492740	0.904637	-1.943738	31.689354	0.082471	-1774.522228	
3.927000	15.530794	0.896541	-1.944690	31.561534	0.265487	-1774.423721	
3.928000	15.332068	0.912733	-1.945353	31.434044	0.421246	-1774.324986	
3.929000	15.348981	1.293249	-1.945720	31.306757	0.296639	-1774.225929	
3.930000	15.340525	1.058463	-1.945936	31.179566	0.121410	-1774.126504	
3.931000	15.437773	0.872253	-1.946136	31.052534	0.168138	-1774.026714	
3.932000	15.535022	0.791292	-1.946269	30.925821	0.253805	-1773.926624	
3.933000	15.344753	1.147520	-1.946127	30.799448	0.265487	-1773.826346	
3.934000	15.365894	1.268961	-1.945619	30.673283	0.277169	-1773.726031	
3.935000	15.433545	0.831773	-1.945055	30.547214	0.140880	-1773.625839	
3.936000	15.509653	0.904637	-1.945110	30.421303	0.066895	-1773.525921	
3.937000	15.589989	0.864157	-1.946325	30.295706	0.238229	-1773.426379	
3.938000	15.365894	0.710331	-1.948700	30.170448	0.347261	-1773.327259	
3.939000	15.378578	1.115135	-1.951582	30.045402	0.417352	-1773.228554	
3.940000	15.357437	0.864157	-1.953870	29.920462	0.281063	-1773.130216	
3.941000	15.496968	0.920829	-1.954864	29.795693	0.125304	-1773.032145	
3.942000	15.467371	0.937022	-1.954582	29.671254	0.191502	-1772.934201	
3.943000	15.395491	0.880349	-1.953232	29.547171	0.296639	-1772.836219	
3.944000	15.272873	0.953214	-1.951102	29.423321	0.261593	-1772.738043	
3.945000	15.365894	0.920829	-1.948629	29.299599	0.362836	-1772.639550	
3.946000	15.420861	0.904637	-1.946429	29.176069	0.152562	-1772.540664	
3.947000	15.509653	0.839869	-1.945068	29.052885	0.179820	-1772.441356	
3.948000	15.399719	0.977502	-1.944435	28.930069	0.378412	-1772.341643	
3.949000	15.365894	1.082751	-1.943936	28.807493	0.358942	-1772.241612	
3.950000	15.484284	1.066559	-1.943269	28.685047	0.195396	-1772.141408	
3.951000	15.547707	0.896541	-1.942526	28.562790	0.129198	-1772.041201	
3.952000	15.458914	0.872253	-1.941911	28.440874	0.261593	-1771.941159	
3.953000	15.425089	0.742716	-1.941589	28.319322	0.378412	-1771.841414	
3.954000	15.382807	1.204192	-1.941609	28.198012	0.234335	-1771.742048	
3.955000	15.361666	1.220385	-1.942098	28.076842	0.234335	-1771.643091	
3.956000	15.450458	0.985598	-1.943602	27.955877	0.242123	-1771.544532	
3.957000	15.429317	0.807484	-1.946624	27.835271	0.316109	-1771.446300	
3.958000	15.302471	0.985598	-1.950843	27.715048	0.300533	-1771.348272	
3.959000	15.365894	0.993694	-1.955283	27.595083	0.366730	-1771.250295	
3.960000	15.446230	0.904637	-1.959046	27.475271	0.347261	-1771.152217	
3.961000	15.446230	0.904637	-1.961580	27.355670	0.051319	-1771.053907	
3.962000	15.458914	0.993694	-1.962550	27.236428	0.199290	-1770.955267	
3.963000	15.433545	0.847965	-1.961832	27.117564	0.351155	-1770.856241	
3.964000	15.412404	0.888445	-1.959464	26.998954	0.339473	-1770.756825	
3.965000	15.471599	0.831773	-1.955462	26.880494	0.249911	-1770.657069	
3.966000	15.526566	0.726523	-1.949978	26.762245	0.059107	-1770.557086	
3.967000	15.420861	0.864157	-1.943595	26.644355	0.246017	-1770.457027	
3.968000	15.395491	0.961310	-1.937167	26.526849	0.347261	-1770.357051	
3.969000	15.391263	1.026079	-1.931342	26.409609	0.304427	-1770.257299	
3.970000	15.399719	0.928926	-1.926330	26.292535	0.199290	-1770.157882	
3.971000	15.535022	0.807484	-1.922159	26.175691	0.101940	-1770.058859	
3.972000	15.458914	0.791292	-1.919280	26.059227	0.308321	-1769.960241	
3.973000	15.323612	0.904637	-1.918795	25.943164	0.378412	-1769.861991	
3.974000	15.387035	1.001790	-1.921213	25.827378	0.390094	-1769.764025	
3.975000	15.412404	0.896541	-1.925665	25.711764	0.273275	-1769.666219	
3.976000	15.589989	0.694139	-1.930861	25.596380	-0.042136	-1769.568432	
3.977000	15.463143	0.823676	-1.935903	25.481374	0.164244	-1769.470524	
3.978000	15.442002	0.864157	-1.940301	25.366767	0.277169	-1769.372372	
3.979000	15.429317	0.864157	-1.943854	25.252442	0.320003	-1769.273890	
3.980000	15.336296	0.718427	-1.946521	25.138297	0.160350	-1769.175039	
3.981000	15.606902	0.880349	-1.948133	25.024393	0.051319	-1769.075836	
3.982000	15.501196	0.823676	-1.948318	24.910879	0.288851	-1768.976348	
3.983000	15.370122	0.904637	-1.946897	24.797781	0.386200	-1768.876686	
3.984000	15.382807	0.928926	-1.944242	24.684986	0.249911	-1768.776992	
3.985000	15.272873	0.783196	-1.941021	24.572395	0.105834	-1768.677420	
3.986000	15.573076	0.702235	-1.937752	24.460065	0.117516	-1768.578109	
3.987000	15.454686	0.799388	-1.934661	24.348140	0.339473	-1768.479157	
3.988000	15.344753	1.082751	-1.931742	24.236643	0.401776	-1768.380600	
3.989000	15.433545	0.839869	-1.928835	24.125456	0.378412	-1768.282431	
3.990000	15.327840	0.864157	-1.925924	24.014480	0.300533	-1768.184601	
3.991000	15.589989	0.799388	-1.923258	23.903765	0.063001	-1768.087021	
3.992000	15.547707	0.823676	-1.920964	23.793450	0.253805	-1767.989562	
3.993000	15.412404	0.815580	-1.919027	23.683556	0.316109	-1767.892074	
3.994000	15.395491	0.920829	-1.917666	23.573973	0.238229	-1767.794405	
3.995000	15.332068	0.945118	-1.917176	23.464605	0.234335	-1767.696437	
3.996000	15.606902	0.831773	-1.917536	23.355509	0.105834	-1767.598092	
3.997000	15.382807	0.783196	-1.918529	23.246828	0.249911	-1767.499342	
3.998000	15.357437	1.082751	-1.919984	23.138587	0.429034	-1767.400202	
3.999000	15.319384	0.904637	-1.921679	23.030676	0.327791	-1767.300749	
4.000000	15.306699	0.896541	-1.923398	22.922997	0.210972	-1767.201116	0.000000
4.001000	15.501196	0.783196	-1.925235	22.815603	0.168138	-1767.101466	
4.002000	15.463143	0.839869	-1.927466	22.708627	0.238229	-1767.001967	
4.003000	15.378578	0.937022	-1.930385	22.602089	0.292745	-1766.902756	
4.004000	15.391263	1.147520	-1.934242	22.495875	0.320003	-1766.803918	
4.005000	15.306699	0.977502	-1.938609	22.389882	0.156456	-1766.705490	
4.006000	15.556163	0.629370	-1.942270	22.284161	0.098047	-1766.607457	
4.007000	15.458914	0.629370	-1.944532	22.178850	0.183714	-1766.509755	
4.008000	15.294014	0.937022	-1.945653	22.073973	0.222654	-1766.412267	
4.009000	15.429317	1.034175	-1.945902	21.969428	0.335579	-1766.314848	
4.010000	15.332068	0.896541	-1.945314	21.865126	0.253805	-1766.217346	
4.011000	15.446230	1.001790	-1.943912	21.761120	-0.003197	-1766.119624	
4.012000	15.437773	0.775100	-1.941766	21.657542	0.269381	-1766.021570	
4.013000	15.340525	0.977502	-1.939127	21.554411	0.284957	-1765.923116	
4.014000	15.458914	0.953214	-1.936276	21.451616	0.351155	-1765.824244	
4.015000	15.281330	0.969406	-1.933172	21.349064	0.277169	-1765.724998	
4.016000	15.446230	0.896541	-1.929667	21.246802	0.063001	-1765.625485	
4.017000	15.501196	0.605082	-1.926035	21.144961	0.179820	-1765.525850	
4.018000	15.361666	0.961310	-1.923011	21.043558	0.460186	-1765.426253	
4.019000	15.446230	0.953214	-1.921373	20.942486	0.327791	-1765.326846	
4.020000	15.395491	0.750812	-1.921563	20.841653	0.129198	-1765.227753	
4.021000	15.437773	0.783196	-1.923613	20.741112	0.203184	-1765.129050	
4.022000	15.636499	0.694139	-1.927469	20.640995	0.199290	-1765.030756	
4.023000	15.294014	1.196096	-1.933064	20.541323	0.390094	-1764.932835	
4.024000	15.370122	1.001790	-1.940013	20.441992	0.273275	-1764.835201	
4.025000	15.403948	0.888445	-1.947527	20.342913	0.288851	-1764.737724	
4.026000	15.370122	0.904637	-1.954621	20.244144	0.098047	-1764.640259	
4.027000	15.509653	0.710331	-1.960473	20.145821	0.242123	-1764.542655	
4.028000	15.327840	1.042271	-1.964658	20.047967	0.440716	-1764.444776	
4.029000	15.382807	1.042271	-1.967014	19.950478	0.327791	-1764.346532	
4.030000	15.433545	1.155616	-1.967345	19.853259	0.125304	-1764.247884	
4.031000	15.543479	0.953214	-1.965383	19.756357	0.117516	-1764.148857	
4.032000	15.513881	0.831773	-1.961179	19.659894	0.269381	-1764.049524	
4.033000	15.399719	0.977502	-1.955293	19.563890	0.339473	-1763.950003	
4.034000	15.420861	0.928926	-1.948546	19.468242	0.304427	-1763.850445	
4.035000	15.429317	0.750812	-1.941785	19.372863	0.125304	-1763.751013	
4.036000	15.522337	0.864157	-1.935622	19.277800	0.047425	-1763.651858	
4.037000	15.475827	0.896541	-1.930295	19.183178	0.249911	-1763.553079	
4.038000	15.213678	1.155616	-1.926264	19.089017	0.429034	-1763.454712	
4.039000	15.412404	1.123232	-1.924637	18.995217	0.374518	-1763.356741	
4.040000	15.344753	0.750812	-1.926194	18.901689	0.281063	-1763.259115	
4.041000	15.496968	0.702235	-1.930449	18.808477	0.164244	-1763.161745	
4.042000	15.442002	0.880349	-1.936096	18.715703	0.351155	-1763.064498	
4.043000	15.319384	1.034175	-1.941921	18.623383	0.339473	-1762.967220	
4.044000	15.399719	1.001790	-1.947162	18.531417	0.312215	-1762.869760	
4.045000	15.450458	0.726523	-1.951364	18.439717	0.214866	-1762.772001	
4.046000	15.518109	0.783196	-1.954355	18.348325	0.016273	-1762.673875	
4.047000	15.501196	0.888445	-1.956307	18.257362	0.327791	-1762.575361	
4.048000	15.327840	0.815580	-1.957460	18.166848	0.355048	-1762.476489	
4.049000	15.353209	1.026079	-1.957798	18.076683	0.327791	-1762.377341	
4.050000	15.357437	0.823676	-1.957204	17.986779	0.024061	-1762.278054	
4.051000	15.433545	0.937022	-1.955846	17.897175	0.140880	-1762.178789	
4.052000	15.488512	0.945118	-1.954032	17.807991	0.199290	-1762.079706	
4.053000	15.310927	1.131328	-1.951952	17.719249	0.393988	-1761.980934	
4.054000	15.344753	1.115135	-1.949881	17.630856	0.339473	-1761.882548	
4.055000	15.535022	0.815580	-1.948096	17.542722	0.168138	-1761.784575	
4.056000	15.467371	0.864157	-1.946353	17.454890	0.121410	-1761.687000	
4.057000	15.488512	0.904637	-1.944002	17.367475	0.210972	-1761.589760	
4.058000	15.496968	0.961310	-1.940749	17.280496	0.331685	-1761.492747	
4.059000	15.370122	1.098943	-1.936796	17.193856	0.296639	-1761.395821	
4.060000	15.480055	0.758908	-1.932568	17.107470	0.136986	-1761.298838	
4.061000	15.522337	0.702235	-1.928644	17.021380	0.082471	-1761.201668	
4.062000	15.488512	0.783196	-1.925491	16.935704	0.179820	-1761.104211	
4.063000	15.412404	0.807484	-1.923117	16.850465	0.304427	-1761.006407	
4.064000	15.251732	0.993694	-1.920970	16.765577	0.300533	-1760.908243	
4.065000	15.387035	0.937022	-1.918302	16.680963	0.125304	-1760.809762	
4.066000	15.467371	0.977502	-1.914871	16.596665	0.105834	-1760.711067	
4.067000	15.348981	0.839869	-1.911110	16.512796	0.179820	-1760.612300	
4.068000	15.437773	0.953214	-1.907650	16.429370	0.366730	-1760.513617	
4.069000	15.365894	1.017982	-1.904856	16.346291	0.288851	-1760.415171	
4.070000	15.412404	0.839869	-1.902848	16.263470	0.187608	-1760.317084	
4.071000	15.471599	0.847965	-1.901778	16.180947	0.090259	-1760.219427	
4.072000	15.526566	0.937022	-1.901664	16.098837	0.226548	-1760.122222	
4.073000	15.488512	0.928926	-1.902137	16.017158	0.277169	-1760.025441	
4.074000	15.395491	1.017982	-1.902934	15.935825	0.339473	-1759.929006	
4.075000	15.382807	0.920829	-1.904096	15.854758	0.027955	-1759.832801	
4.076000	15.467371	0.815580	-1.905499	15.773997	0.094153	-1759.736681	
4.077000	15.480055	0.928926	-1.906892	15.693653	0.183714	-1759.640494	
4.078000	15.442002	1.026079	-1.908063	15.613748	0.308321	-1759.544104	
4.079000	15.336296	1.074655	-1.908754	15.534201	0.281063	-1759.447416	
4.080000	15.294014	0.750812	-1.908902	15.454935	0.152562	-1759.350387	
4.081000	15.442002	0.961310	-1.908903	15.375992	0.094153	-1759.253026	
4.082000	15.437773	0.912733	-1.909171	15.297478	0.312215	-1759.155390	
4.083000	15.425089	0.937022	-1.909787	15.219407	0.390094	-1759.057585	
4.084000	15.348981	1.034175	-1.910850	15.141693	0.323897	-1758.959757	
4.085000	15.412404	0.896541	-1.912613	15.064259	0.253805	-1758.862071	
4.086000	15.509653	0.823676	-1.915333	14.987136	0.059107	-1758.764678	
4.087000	15.442002	0.888445	-1.919133	14.910429	0.187608	-1758.667683	
4.088000	15.501196	0.856061	-1.923771	14.834152	0.366730	-1758.571125	
4.089000	15.310927	1.163712	-1.928858	14.758229	0.133092	-1758.474995	
4.090000	15.391263	0.977502	-1.934229	14.682592	-0.010985	-1758.379247	
4.091000	15.463143	0.896541	-1.939635	14.607282	0.148668	-1758.283785	
4.092000	15.306699	0.928926	-1.944359	14.532403	0.343367	-1758.188471	
4.093000	15.370122	1.066559	-1.947772	14.457976	0.358942	-1758.093135	
4.094000	15.344753	0.904637	-1.949867	14.383929	0.358942	-1757.997615	
4.095000	15.378578	0.985598	-1.950741	14.310195	0.226548	-1757.901787	
4.096000	15.598445	0.831773	-1.950275	14.236810	0.109728	-1757.805574	
4.097000	15.353209	1.001790	-1.948439	14.163875	0.133092	-1757.708948	
4.098000	15.294014	1.017982	-1.945309	14.091407	0.222654	-1757.611928	
4.099000	15.403948	0.953214	-1.941021	14.019328	0.269381	-1757.514589	
4.100000	15.416632	0.993694	-1.935929	13.947563	0.140880	-1757.417067	0.000000
4.101000	15.518109	0.839869	-1.930635	13.876145	0.027955	-1757.319531	
4.102000	15.370122	0.880349	-1.925766	13.805172	0.281063	-1757.222145	
4.103000	15.382807	1.066559	-1.921843	13.734659	0.284957	-1757.125039	
4.104000	15.357437	0.742716	-1.919362	13.664526	0.269381	-1757.028286	
4.105000	15.378578	0.937022	-1.918754	13.594702	0.261593	-1756.931916	
4.106000	15.454686	0.847965	-1.920337	13.525220	0.031849	-1756.835917	
4.107000	15.412404	0.831773	-1.924205	13.456177	0.207078	-1756.740225	
4.108000	15.255960	1.001790	-1.929909	13.387589	0.343367	-1756.644724	
4.109000	15.399719	0.912733	-1.936524	13.319378	0.471868	-1756.549262	
4.110000	15.357437	0.896541	-1.943175	13.251469	0.246017	-1756.453685	
4.111000	15.509653	0.847965	-1.949339	13.183892	0.152562	-1756.357862	
4.112000	15.361666	0.839869	-1.954554	13.116742	0.238229	-1756.261694	
4.113000	15.319384	1.090847	-1.958308	13.050034	0.304427	-1756.165122	
4.114000	15.306699	1.001790	-1.960264	12.983693	0.242123	-1756.068136	
4.115000	15.391263	0.702235	-1.960211	12.917651	0.094153	-1755.970785	
4.116000	15.501196	0.872253	-1.958182	12.851939	0.109728	-1755.873179	
4.117000	15.442002	0.726523	-1.954693	12.786654	0.136986	-1755.775469	
4.118000	15.361666	1.082751	-1.950440	12.721813	0.339473	-1755.677814	
4.119000	15.387035	0.977502	-1.946042	12.657344	0.292745	-1755.580364	
4.120000	15.332068	0.961310	-1.942045	12.593182	0.160350	-1755.483236	
4.121000	15.568848	1.017982	-1.938667	12.529356	0.101940	-1755.386494	
4.122000	15.408176	0.758908	-1.935482	12.465959	0.327791	-1755.290148	
4.123000	15.399719	1.107039	-1.931716	12.403005	0.253805	-1755.194163	
4.124000	15.391263	0.961310	-1.927208	12.340425	0.374518	-1755.098454	
4.125000	15.319384	0.912733	-1.922585	12.278150	0.242123	-1755.002900	
4.126000	15.535022	0.904637	-1.918368	12.216204	0.047425	-1754.907363	
4.127000	15.492740	0.775100	-1.914825	12.154670	0.121410	-1754.811701	
4.128000	15.378578	1.107039	-1.912295	12.093561	0.378412	-1754.715790	
4.129000	15.437773	0.945118	-1.910995	12.032812	0.300533	-1754.619545	
4.130000	15.361666	0.864157	-1.910793	11.972361	0.109728	-1754.522933	
4.131000	15.484284	0.823676	-1.911290	11.912236	0.183714	-1754.425973	
4.132000	15.463143	0.758908	-1.912207	11.852524	0.265487	-1754.328731	
4.133000	15.294014	1.252769	-1.913531	11.793242	0.300533	-1754.231321	
4.134000	15.382807	1.034175	-1.915354	11.734332	0.401776	-1754.133892	
4.135000	15.281330	0.831773	-1.917819	11.675737	0.277169	-1754.036606	
4.136000	15.480055	0.888445	-1.920960	11.617481	0.199290	-1753.939612	
4.137000	15.518109	0.750812	-1.924666	11.559642	0.308321	-1753.843013	
4.138000	15.395491	0.920829	-1.928699	11.502232	0.413458	-1753.746846	
4.139000	15.395491	1.042271	-1.932717	11.445192	0.207078	-1753.651104	
4.140000	15.336296	0.872253	-1.936542	11.388468	0.214866	-1753.555744	
4.141000	15.530794	0.961310	-1.940108	11.332081	0.152562	-1753.460680	
4.142000	15.535022	0.710331	-1.943079	11.276112	0.269381	-1753.365779	
4.143000	15.378578	0.945118	-1.944989	11.220581	0.284957	-1753.270884	
4.144000	15.408176	0.896541	-1.945669	11.165438	0.257699	-1753.175845	
4.145000	15.361666	0.864157	-1.945155	11.110637	0.172032	-1753.080546	
4.146000	15.454686	0.872253	-1.943504	11.056206	0.059107	-1752.984914	
4.147000	15.437773	0.726523	-1.940794	11.002223	0.265487	-1752.888911	
4.148000	15.323612	1.058463	-1.937129	10.948708	0.335579	-1752.792544	
4.149000	15.319384	0.928926	-1.932714	10.895613	0.281063	-1752.695882	
4.150000	15.395491	0.953214	-1.927879	10.842891	0.214866	-1752.599056	
4.151000	15.458914	0.815580	-1.923040	10.790560	0.070789	-1752.502233	
4.152000	15.463143	0.718427	-1.918542	10.738688	0.335579	-1752.405575	
4.153000	15.370122	1.123232	-1.914608	10.687285	0.323897	-1752.309212	
4.154000	15.509653	0.807484	-1.911712	10.636303	0.292745	-1752.213228	
4.155000	15.420861	0.823676	-1.910554	10.585696	0.121410	-1752.117663	
4.156000	15.425089	0.799388	-1.911760	10.535483	0.055213	-1752.022513	
4.157000	15.450458	0.742716	-1.915845	10.485731	0.226548	-1751.927718	
4.158000	15.289786	0.888445	-1.922526	10.436450	0.253805	-1751.833161	
4.159000	15.442002	0.953214	-1.930481	10.387590	0.335579	-1751.738695	
4.160000	15.408176	0.807484	-1.938260	10.339102	-0.034348	-1751.644171	
4.161000	15.408176	1.026079	-1.944864	10.291008	0.090259	-1751.549452	
4.162000	15.442002	0.831773	-1.949720	10.243380	0.296639	-1751.454427	
4.163000	15.239048	1.228481	-1.952757	10.196234	0.355048	-1751.359024	
4.164000	15.416632	0.937022	-1.954611	10.149527	0.331685	-1751.263223	
4.165000	15.450458	0.791292	-1.955988	10.103217	0.136986	-1751.167060	
4.166000	15.425089	0.888445	-1.956840	10.057320	0.101940	-1751.070637	
4.167000	15.530794	0.791292	-1.956835	10.011901	0.253805	-1750.974095	
4.168000	15.387035	1.034175	-1.955940	9.966978	0.284957	-1750.877590	
4.169000	15.433545	0.945118	-1.954214	9.922515	0.214866	-1750.781276	
4.170000	15.492740	0.702235	-1.951729	9.878477	-0.022667	-1750.685277	
4.171000	15.471599	0.872253	-1.948857	9.834885	0.175926	-1750.589673	
4.172000	15.454686	0.783196	-1.946112	9.791805	0.210972	-1750.494486	
4.173000	15.408176	1.090847	-1.943720	9.749251	0.339473	-1750.399686	
4.174000	15.382807	1.066559	-1.941703	9.707188	0.152562	-1750.305192	
4.175000	15.429317	0.758908	-1.939964	9.665581	0.082471	-1750.210880	
4.176000	15.387035	0.896541	-1.938171	9.624446	0.179820	-1750.116606	
4.177000	15.442002	0.839869	-1.935898	9.583844	0.222654	-1750.022217	
4.178000	15.370122	1.050367	-1.932771	9.543782	0.323897	-1749.927579	
4.179000	15.319384	1.131328	-1.928609	9.504217	0.339473	-1749.832596	
4.180000	15.467371	0.815580	-1.923635	9.465107	0.144774	-1749.737225	
4.181000	15.547707	1.026079	-1.918169	9.426463	0.070789	-1749.641484	
4.182000	15.471599	0.945118	-1.912162	9.388341	0.199290	-1749.545443	
4.183000	15.458914	0.945118	-1.905677	9.350753	0.300533	-1749.449216	
4.184000	15.340525	0.953214	-1.899424	9.313671	0.281063	-1749.352953	
4.185000	15.450458	0.710331	-1.894267	9.277069	0.101940	-1749.256818	
4.186000	15.492740	0.767004	-1.890718	9.240964	0.074683	-1749.160965	
4.187000	15.509653	0.872253	-1.888971	9.205417	0.246017	-1749.065496	
4.188000	15.327840	1.252769	-1.889083	9.170444	0.281063	-1748.970451	
4.189000	15.213678	1.115135	-1.891097	9.136018	0.355048	-1748.875819	
4.190000	15.327840	0.799388	-1.894979	9.102105	0.172032	-1748.781549	
4.191000	15.475827	0.904637	-1.900407	9.068718	0.152562	-1748.687551	
4.192000	15.467371	0.920829	-1.906731	9.035911	0.335579	-1748.593689	
4.193000	15.382807	1.001790	-1.913161	9.003691	0.320003	-1748.499805	
4.194000	15.315155	1.074655	-1.918933	8.972033	0.292745	-1748.405750	
4.195000	15.412404	0.807484	-1.923411	8.940905	0.070789	-1748.311403	
4.196000	15.492740	0.831773	-1.926306	8.910317	0.168138	-1748.216696	
4.197000	15.480055	0.807484	-1.927749	8.880319	0.257699	-1748.121605	
4.198000	15.378578	0.961310	-1.928014	8.850927	0.273275	-1748.026155	
4.199000	15.336296	0.993694	-1.927328	8.822130	0.203184	-1747.930431	
4.200000	15.370122	0.896541	-1.926038	8.793911	-0.003197	-1747.834571	0.000000
4.201000	15.475827	0.872253	-1.924715	8.766286	0.148668	-1747.738740	
4.202000	15.425089	0.961310	-1.923844	8.739300	0.246017	-1747.643098	
4.203000	15.403948	1.066559	-1.923705	8.712962	0.316109	-1747.547768	
4.204000	15.268645	1.188000	-1.924602	8.687242	0.362836	-1747.452828	
4.205000	15.387035	0.912733	-1.926694	8.662103	0.218760	-1747.358305	
4.206000	15.496968	0.864157	-1.929532	8.637546	0.175926	-1747.264181	
4.207000	15.454686	0.904637	-1.932225	8.613608	0.401776	-1747.170392	
4.208000	15.442002	0.993694	-1.934191	8.590291	0.304427	-1747.076823	
4.209000	15.332068	1.050367	-1.935344	8.567581	0.257699	-1746.983338	
4.210000	15.395491	0.904637	-1.935717	8.545460	0.027955	-1746.889794	
4.211000	15.505425	0.645563	-1.935316	8.523936	0.101940	-1746.796060	
4.212000	15.408176	0.726523	-1.934221	8.503045	0.175926	-1746.702030	
4.213000	15.416632	1.066559	-1.932716	8.482797	0.238229	-1746.607635	
4.214000	15.395491	1.188000	-1.930848	8.463180	0.351155	-1746.512861	
4.215000	15.387035	0.912733	-1.927986	8.444181	0.175926	-1746.417749	
4.216000	15.463143	0.953214	-1.923700	8.425810	0.125304	-1746.322395	
4.217000	15.327840	0.985598	-1.918599	8.408104	0.277169	-1746.226937	
4.218000	15.378578	1.017982	-1.913752	8.391068	0.316109	-1746.131526	
4.219000	15.365894	0.937022	-1.909943	8.374687	0.261593	-1746.036312	
4.220000	15.374350	0.880349	-1.907648	8.358943	-0.034348	-1745.941417	
4.221000	15.488512	0.864157	-1.907131	8.343836	0.148668	-1745.846919	
4.222000	15.420861	0.799388	-1.908331	8.329393	0.257699	-1745.752835	
4.223000	15.450458	0.880349	-1.910840	8.315610	0.382306	-1745.659137	
4.224000	15.420861	0.912733	-1.914220	8.302467	0.257699	-1745.565750	
4.225000	15.332068	1.034175	-1.918089	8.289940	0.098047	-1745.472562	
4.226000	15.471599	0.831773	-1.922039	8.278032	0.117516	-1745.379439	
4.227000	15.374350	0.920829	-1.925755	8.266772	0.125304	-1745.286236	
4.228000	15.408176	1.017982	-1.929088	8.256160	0.277169	-1745.192823	
4.229000	15.365894	0.896541	-1.932038	8.246181	0.234335	-1745.099107	
4.230000	15.387035	1.188000	-1.934485	8.236814	0.210972	-1745.005045	
4.231000	15.344753	0.880349	-1.935986	8.228060	0.152562	-1744.910641	
4.232000	15.336296	0.856061	-1.936140	8.219942	0.284957	-1744.815950	
4.233000	15.412404	0.888445	-1.934967	8.212460	0.429034	-1744.721074	
4.234000	15.387035	0.807484	-1.932909	8.205600	0.296639	-1744.626155	
4.235000	15.336296	0.993694	-1.930588	8.199348	-0.003197	-1744.531356	
4.236000	15.530794	0.920829	-1.928558	8.193696	0.203184	-1744.436833	
4.237000	15.412404	0.937022	-1.927061	8.188664	0.253805	-1744.342697	
4.238000	15.467371	1.017982	-1.925957	8.184250	0.347261	-1744.248994	
4.239000	15.332068	0.718427	-1.925143	8.180445	0.288851	-1744.155721	
4.240000	15.374350	0.831773	-1.924894	8.177239	0.051319	-1744.062838	
4.241000	15.513881	0.937022	-1.925515	8.174630	0.105834	-1743.970262	
4.242000	15.327840	0.864157	-1.926888	8.172640	0.257699	-1743.877863	
4.243000	15.361666	1.179904	-1.928593	8.171269	0.284957	-1743.785478	
4.244000	15.378578	0.888445	-1.930282	8.170517	0.277169	-1743.692943	
4.245000	15.310927	0.839869	-1.931694	8.170375	0.160350	-1743.600128	
4.246000	15.543479	0.767004	-1.932494	8.170840	0.281063	-1743.506955	
4.247000	15.348981	0.742716	-1.932443	8.171929	0.222654	-1743.413392	
4.248000	15.310927	0.961310	-1.931495	8.173640	0.331685	-1743.319454	
4.249000	15.425089	0.864157	-1.929562	8.175969	0.347261	-1743.225221	
4.250000	15.425089	0.807484	-1.926673	8.178904	0.101940	-1743.130829	
4.251000	15.551935	0.912733	-1.923265	8.182435	0.140880	-1743.036450	
4.252000	15.509653	0.596986	-1.919882	8.186572	0.214866	-1742.942257	
4.253000	15.315155	1.001790	-1.916951	8.191315	0.273275	-1742.848386	
4.254000	15.437773	0.823676	-1.914953	8.196666	0.172032	-1742.754921	
4.255000	15.378578	0.912733	-1.914103	8.202619	0.082471	-1742.661893	
4.256000	15.513881	0.969406	-1.914116	8.209163	0.207078	-1742.569287	
4.257000	15.463143	0.864157	-1.914948	8.216307	0.261593	-1742.477034	
4.258000	15.247504	0.847965	-1.916708	8.224048	0.390094	-1742.385016	
4.259000	15.378578	0.888445	-1.918829	8.232387	0.401776	-1742.293080	
4.260000	15.353209	0.791292	-1.920464	8.241312	0.199290	-1742.201070	
4.261000	15.437773	0.799388	-1.921107	8.250812	0.191502	-1742.108845	
4.262000	15.484284	0.750812	-1.920468	8.260892	0.195396	-1742.016292	
4.263000	15.332068	1.147520	-1.918450	8.271551	0.347261	-1741.923347	
4.264000	15.446230	0.872253	-1.914998	8.282797	0.207078	-1741.830000	
4.265000	15.446230	0.839869	-1.909875	8.294626	0.027955	-1741.736299	
4.266000	15.471599	0.783196	-1.903205	8.307026	0.179820	-1741.642355	
4.267000	15.463143	0.637467	-1.895931	8.320001	0.284957	-1741.548316	
4.268000	15.378578	1.050367	-1.889431	8.333549	0.343367	-1741.454343	
4.269000	15.387035	1.058463	-1.884831	8.347687	0.292745	-1741.360588	
4.270000	15.323612	0.888445	-1.882525	8.362423	0.164244	-1741.267173	
4.271000	15.429317	0.791292	-1.882244	8.377748	0.183714	-1741.174167	
4.272000	15.370122	0.637467	-1.883879	8.393660	0.249911	-1741.081584	
4.273000	15.340525	0.937022	-1.888065	8.410151	0.296639	-1740.989391	
4.274000	15.387035	0.896541	-1.895166	8.427225	0.362836	-1740.897505	
4.275000	15.319384	0.799388	-1.904315	8.444878	0.074683	-1740.805809	
4.276000	15.433545	0.823676	-1.914058	8.463093	0.253805	-1740.714159	
4.277000	15.484284	0.702235	-1.923201	8.481866	0.304427	-1740.622408	
4.278000	15.433545	0.993694	-1.930989	8.501189	0.183714	-1740.530429	
4.279000	15.348981	0.864157	-1.937003	8.521087	0.316109	-1740.438136	
4.280000	15.437773	0.880349	-1.941041	8.541580	0.047425	-1740.345495	
4.281000	15.450458	0.928926	-1.942844	8.562661	0.257699	-1740.252518	
4.282000	15.454686	0.775100	-1.942023	8.584327	0.152562	-1740.159266	
4.283000	15.374350	0.977502	-1.938626	8.606576	0.312215	-1740.065845	
4.284000	15.323612	1.017982	-1.933463	8.629434	0.335579	-1739.972400	
4.285000	15.378578	0.880349	-1.927680	8.652918	0.160350	-1739.879091	
4.286000	15.399719	0.904637	-1.922206	8.677010	0.277169	-1739.786065	
4.287000	15.442002	0.880349	-1.917523	8.701699	0.234335	-1739.693418	
4.288000	15.446230	0.831773	-1.913971	8.726978	0.327791	-1739.601184	
4.289000	15.361666	0.904637	-1.912464	8.752881	0.308321	-1739.509355	
4.290000	15.463143	0.758908	-1.914454	8.779432	0.183714	-1739.417892	
4.291000	15.454686	0.815580	-1.920445	8.806615	0.265487	-1739.326716	
4.292000	15.480055	0.888445	-1.929219	8.834415	0.249911	-1739.235699	
4.293000	15.467371	0.831773	-1.938946	8.862826	0.226548	-1739.144688	
4.294000	15.348981	0.694139	-1.948223	8.891889	0.133092	-1739.053536	
4.295000	15.429317	0.767004	-1.956158	8.921630	0.004591	-1738.962127	
4.296000	15.416632	0.864157	-1.962164	8.952034	0.284957	-1738.870386	
4.297000	15.387035	1.098943	-1.965835	8.983085	0.214866	-1738.778279	
4.298000	15.450458	0.839869	-1.966854	9.014778	0.417352	-1738.685813	
4.299000	15.272873	0.937022	-1.965154	9.047158	0.331685	-1738.593055	
4.300000	15.433545	0.815580	-1.961302	9.080255	0.207078	-1738.500133	0.000000
4.301000	15.458914	0.783196	-1.956368	9.114047	0.144774	-1738.407211	
4.302000	15.374350	0.847965	-1.951277	9.148506	0.296639	-1738.314451	
4.303000	15.412404	0.807484	-1.946362	9.183625	0.281063	-1738.221979	
4.304000	15.344753	0.799388	-1.941641	9.219446	0.179820	-1738.129880	
4.305000	15.475827	0.888445	-1.937359	9.255999	0.098047	-1738.038191	
4.306000	15.543479	0.669851	-1.933960	9.293262	0.214866	-1737.946909	
4.307000	15.382807	0.799388	-1.931677	9.331208	0.316109	-1737.855980	
4.308000	15.412404	0.904637	-1.930361	9.369828	0.304427	-1737.765296	
4.309000	15.336296	0.839869	-1.929610	9.409165	0.214866	-1737.674714	
4.310000	15.442002	0.920829	-1.929155	9.449249	0.133092	-1737.584086	
4.311000	15.501196	0.847965	-1.929126	9.490054	0.179820	-1737.493274	
4.312000	15.344753	0.904637	-1.929717	9.531553	0.242123	-1737.402164	
4.313000	15.348981	1.098943	-1.930838	9.573733	0.199290	-1737.310680	
4.314000	15.353209	0.969406	-1.932302	9.616639	0.288851	-1737.218792	
4.315000	15.425089	0.783196	-1.934138	9.660296	0.133092	-1737.126531	
4.316000	15.467371	0.864157	-1.936435	9.704674	0.214866	-1737.033996	
4.317000	15.387035	0.953214	-1.939138	9.749737	0.281063	-1736.941331	
4.318000	15.412404	1.042271	-1.942079	9.795471	0.175926	-1736.848697	
4.319000	15.361666	0.856061	-1.945148	9.841923	0.246017	-1736.756252	
4.320000	15.433545	0.807484	-1.948581	9.889126	0.148668	-1736.664128	
4.321000	15.581532	0.686043	-1.952684	9.937047	0.230441	-1736.572405	
4.322000	15.429317	0.686043	-1.957381	9.985652	0.117516	-1736.481110	
4.323000	15.429317	1.074655	-1.962362	10.034934	0.296639	-1736.390212	
4.324000	15.332068	0.953214	-1.967291	10.084958	0.429034	-1736.299630	
4.325000	15.348981	1.123232	-1.971777	10.135772	0.016273	-1736.209239	
4.326000	15.501196	0.912733	-1.975335	10.187347	0.207078	-1736.118889	
4.327000	15.399719	1.042271	-1.977435	10.239638	0.238229	-1736.028421	
4.328000	15.416632	1.163712	-1.977720	10.292629	0.362836	-1735.937700	
4.329000	15.310927	0.758908	-1.976232	10.346377	0.378412	-1735.846628	
4.330000	15.340525	0.880349	-1.973284	10.400925	0.117516	-1735.755166	
4.331000	15.484284	0.888445	-1.969015	10.456231	0.109728	-1735.663327	
4.332000	15.433545	0.799388	-1.963258	10.512242	0.253805	-1735.571181	
4.333000	15.429317	1.090847	-1.956105	10.568931	0.207078	-1735.478842	
4.334000	15.370122	0.799388	-1.948319	10.626344	0.292745	-1735.386460	
4.335000	15.315155	0.928926	-1.940824	10.684511	0.101940	-1735.294200	
4.336000	15.509653	0.807484	-1.934262	10.743390	0.249911	-1735.202216	
4.337000	15.484284	0.823676	-1.929160	10.802932	0.203184	-1735.110614	
4.338000	15.399719	1.147520	-1.925932	10.863122	0.300533	-1735.019435	
4.339000	15.399719	0.985598	-1.924737	10.924029	0.393988	-1734.928671	
4.340000	15.294014	0.985598	-1.925511	10.985706	0.125304	-1734.838275	
4.341000	15.437773	0.864157	-1.927948	11.048114	0.257699	-1734.748155	
4.342000	15.395491	0.718427	-1.931423	11.111191	0.246017	-1734.658170	
4.343000	15.348981	1.074655	-1.935186	11.174910	0.296639	-1734.568160	
4.344000	15.332068	0.912733	-1.938786	11.239330	0.292745	-1734.477973	
4.345000	15.374350	0.856061	-1.942077	11.304493	0.055213	-1734.387494	
4.346000	15.454686	1.074655	-1.944790	11.370354	0.172032	-1734.296651	
4.347000	15.568848	0.758908	-1.946352	11.436851	0.191502	-1734.205415	
4.348000	15.370122	0.945118	-1.946107	11.503972	0.210972	-1734.113804	
4.349000	15.395491	0.912733	-1.943775	11.571795	0.269381	-1734.021900	
4.350000	15.378578	0.880349	-1.939734	11.640379	0.140880	-1733.929838	
4.351000	15.433545	0.920829	-1.934758	11.709681	0.199290	-1733.837782	
4.352000	15.425089	0.831773	-1.929542	11.779638	0.343367	-1733.745886	
4.353000	15.382807	1.107039	-1.924592	11.850222	0.347261	-1733.654271	
4.354000	15.289786	1.042271	-1.920510	11.921494	0.378412	-1733.563013	
4.355000	15.412404	1.026079	-1.917890	11.993494	0.074683	-1733.472141	
4.356000	15.458914	0.888445	-1.917003	12.066171	0.199290	-1733.381640	
4.357000	15.361666	0.807484	-1.917950	12.139454	0.230441	-1733.291446	
4.358000	15.315155	0.896541	-1.920538	12.213317	0.281063	-1733.201447	
4.359000	15.403948	0.799388	-1.924016	12.287826	0.343367	-1733.111503	
4.360000	15.425089	0.904637	-1.927460	12.363025	0.105834	-1733.021475	
4.361000	15.446230	1.017982	-1.930235	12.438861	0.199290	-1732.931241	
4.362000	15.458914	0.669851	-1.932027	12.515264	0.144774	-1732.840697	
4.363000	15.387035	0.758908	-1.932675	12.592213	0.284957	-1732.749780	
4.364000	15.399719	0.750812	-1.932078	12.669788	0.195396	-1732.658471	
4.365000	15.408176	0.856061	-1.930186	12.748043	-0.065500	-1732.566808	
4.366000	15.403948	0.985598	-1.927088	12.826936	0.203184	-1732.474888	
4.367000	15.382807	0.872253	-1.923209	12.906392	0.281063	-1732.382847	
4.368000	15.302471	0.993694	-1.919257	12.986385	0.320003	-1732.290837	
4.369000	15.340525	0.912733	-1.915824	13.066985	0.253805	-1732.199004	
4.370000	15.408176	0.767004	-1.913203	13.148239	0.090259	-1732.107469	
4.371000	15.344753	0.775100	-1.911556	13.230088	0.327791	-1732.016311	
4.372000	15.488512	0.823676	-1.911285	13.312451	0.214866	-1731.925552	
4.373000	15.387035	0.985598	-1.913211	13.395299	0.281063	-1731.835166	
4.374000	15.374350	0.920829	-1.917713	13.478707	0.269381	-1731.745081	
4.375000	15.501196	0.775100	-1.923951	13.562733	0.043531	-1731.655187	
4.376000	15.454686	0.856061	-1.930516	13.647322	0.203184	-1731.565350	
4.377000	15.454686	0.775100	-1.936209	13.732395	0.144774	-1731.475424	
4.378000	15.361666	0.896541	-1.940239	13.817930	0.347261	-1731.385280	
4.379000	15.277101	0.953214	-1.942333	13.904020	0.292745	-1731.294818	
4.380000	15.387035	0.920829	-1.942718	13.990731	-0.003197	-1731.203990	
4.381000	15.382807	0.904637	-1.941619	14.078011	0.292745	-1731.112801	
4.382000	15.454686	0.783196	-1.938760	14.165777	0.343367	-1731.021311	
4.383000	15.319384	0.969406	-1.933948	14.254005	0.401776	-1730.929624	
4.384000	15.251732	0.888445	-1.927777	14.342778	0.292745	-1730.837882	
4.385000	15.416632	0.758908	-1.921297	14.432158	0.012379	-1730.746247	
4.386000	15.467371	0.807484	-1.915454	14.522083	0.253805	-1730.654875	
4.387000	15.484284	0.985598	-1.910779	14.612464	0.203184	-1730.563877	
4.388000	15.412404	1.163712	-1.907368	14.703270	0.226548	-1730.473303	
4.389000	15.243276	0.888445	-1.905189	14.794579	0.284957	-1730.383153	
4.390000	15.420861	0.710331	-1.904324	14.886443	-0.007091	-1730.293391	
4.391000	15.450458	0.807484	-1.904791	14.978798	0.136986	-1730.203937	
4.392000	15.513881	0.783196	-1.906283	15.071557	0.187608	-1730.114659	
4.393000	15.357437	0.969406	-1.908269	15.164691	0.284957	-1730.025396	
4.394000	15.251732	0.985598	-1.910228	15.258291	0.242123	-1729.935987	
4.395000	15.340525	0.872253	-1.911802	15.352414	0.133092	-1729.846303	
4.396000	15.458914	0.791292	-1.912852	15.446999	0.253805	-1729.756261	
4.397000	15.442002	0.807484	-1.913153	15.541951	0.312215	-1729.665824	
4.398000	15.433545	0.896541	-1.912171	15.637247	0.175926	-1729.575001	
4.399000	15.239048	0.993694	-1.909712	15.732986	0.284957	-1729.483870	
4.400000	15.395491	1.058463	-1.906334	15.829240	0.109728	-1729.392563	0.000000
4.401000	15.513881	0.758908	-1.902875	15.925942	0.210972	-1729.301250	
4.402000	15.467371	0.880349	-1.900136	16.022993	0.246017	-1729.210099	
4.403000	15.399719	0.856061	-1.898775	16.120366	0.277169	-1729.119248	
4.404000	15.234819	0.839869	-1.899203	16.218156	0.327791	-1729.028787	
4.405000	15.437773	1.042271	-1.901684	16.316429	0.214866	-1728.938753	
4.406000	15.450458	0.742716	-1.906559	16.415116	0.249911	-1728.849133	
4.407000	15.382807	0.928926	-1.914103	16.514121	0.234335	-1728.759861	
4.408000	15.382807	0.977502	-1.923787	16.613425	0.374518	-1728.670818	
4.409000	15.230591	0.945118	-1.934134	16.713137	0.320003	-1728.581859	
4.410000	15.391263	0.823676	-1.943711	16.813333	0.199290	-1728.492831	
4.411000	15.488512	0.726523	-1.951825	16.913945	0.253805	-1728.403589	
4.412000	15.403948	0.856061	-1.958274	17.014867	0.288851	-1728.314015	
4.413000	15.505425	0.856061	-1.962987	17.116067	0.308321	-1728.224038	
4.414000	15.340525	0.928926	-1.965611	17.217648	0.292745	-1728.133646	
4.415000	15.378578	1.042271	-1.965301	17.319681	0.230441	-1728.042884	
4.416000	15.492740	0.823676	-1.961799	17.422095	0.308321	-1727.951858	
4.417000	15.403948	0.847965	-1.956128	17.524784	0.238229	-1727.860713	
4.418000	15.429317	0.928926	-1.949593	17.627724	0.320003	-1727.769609	
4.419000	15.315155	0.791292	-1.943101	17.731028	0.246017	-1727.678703	
4.420000	15.294014	0.961310	-1.937448	17.834776	0.136986	-1727.588121	
4.421000	15.518109	0.945118	-1.933475	17.938898	0.207078	-1727.497940	
4.422000	15.327840	0.937022	-1.931670	18.043286	0.199290	-1727.408177	
4.423000	15.420861	0.953214	-1.931916	18.147910	0.284957	-1727.318800	
4.424000	15.340525	0.864157	-1.933818	18.252883	0.378412	-1727.229728	
4.425000	15.348981	0.645563	-1.936927	18.358283	-0.003197	-1727.140844	
4.426000	15.471599	0.783196	-1.940679	18.464035	0.210972	-1727.052009	
4.427000	15.437773	0.823676	-1.944441	18.570026	0.331685	-1726.963077	
4.428000	15.437773	1.026079	-1.947839	18.676223	0.288851	-1726.873921	
4.429000	15.429317	0.799388	-1.950971	18.782742	0.226548	-1726.784453	
4.430000	15.403948	0.856061	-1.953929	18.889667	-0.007091	-1726.694633	
4.431000	15.496968	0.596986	-1.956390	18.996931	0.296639	-1726.604474	
4.432000	15.408176	0.815580	-1.957885	19.104426	0.238229	-1726.514033	
4.433000	15.399719	0.993694	-1.958168	19.212128	0.347261	-1726.423417	
4.434000	15.294014	0.839869	-1.957457	19.320160	0.339473	-1726.332764	
4.435000	15.353209	0.937022	-1.956272	19.428605	0.078577	-1726.242231	
4.436000	15.382807	0.912733	-1.954989	19.537389	0.261593	-1726.151964	
4.437000	15.408176	0.823676	-1.953776	19.646393	0.246017	-1726.062061	
4.438000	15.361666	0.815580	-1.953097	19.755589	0.226548	-1725.972563	
4.439000	15.285558	0.588890	-1.953926	19.865105	0.261593	-1725.883467	
4.440000	15.446230	0.888445	-1.956838	19.975025	0.207078	-1725.794739	
4.441000	15.496968	0.775100	-1.961393	20.085270	0.320003	-1725.706304	
4.442000	15.509653	0.847965	-1.966604	20.195717	0.203184	-1725.618037	
4.443000	15.403948	1.042271	-1.971493	20.306335	0.273275	-1725.529784	
4.444000	15.327840	0.742716	-1.975427	20.417245	0.144774	-1725.441398	
4.445000	15.399719	0.815580	-1.978220	20.528532	0.121410	-1725.352760	
4.446000	15.501196	0.839869	-1.980030	20.640116	0.238229	-1725.263798	
4.447000	15.378578	0.831773	-1.981081	20.751875	0.308321	-1725.174475	
4.448000	15.319384	1.034175	-1.981269	20.863786	0.362836	-1725.084800	
4.449000	15.222135	0.847965	-1.980205	20.975989	0.296639	-1724.994841	
4.450000	15.361666	0.831773	-1.977743	21.088576	0.066895	-1724.904722	
4.451000	15.471599	0.799388	-1.974206	21.201465	0.277169	-1724.814606	
4.452000	15.416632	0.702235	-1.970110	21.314525	0.327791	-1724.724652	
4.453000	15.310927	0.904637	-1.965856	21.427722	0.253805	-1724.634993	
4.454000	15.344753	0.823676	-1.961525	21.541174	0.323897	-1724.545711	
4.455000	15.365894	0.750812	-1.957150	21.654957	0.152562	-1724.456846	
4.456000	15.412404	0.807484	-1.953136	21.768983	0.238229	-1724.368388	
4.457000	15.450458	0.758908	-1.949885	21.883128	0.156456	-1724.280282	
4.458000	15.319384	1.107039	-1.947338	21.997366	0.238229	-1724.192424	
4.459000	15.298242	0.823676	-1.945112	22.111836	0.230441	-1724.104673	
4.460000	15.403948	0.726523	-1.942768	22.226629	0.210972	-1724.016878	
4.461000	15.408176	0.920829	-1.939966	22.341662	0.257699	-1723.928897	
4.462000	15.467371	0.807484	-1.936604	22.456805	0.238229	-1723.840611	
4.463000	15.340525	0.945118	-1.932907	22.572036	0.222654	-1723.751943	
4.464000	15.268645	0.985598	-1.929067	22.687498	0.429034	-1723.662864	
4.465000	15.395491	0.880349	-1.924778	22.803283	0.098047	-1723.573408	
4.466000	15.433545	0.815580	-1.919768	22.919302	0.292745	-1723.483675	
4.467000	15.492740	0.694139	-1.914449	23.035415	0.273275	-1723.393808	
4.468000	15.361666	1.009886	-1.909690	23.151594	0.203184	-1723.303971	
4.469000	15.268645	0.920829	-1.906488	23.267977	0.203184	-1723.214325	
4.470000	15.450458	0.775100	-1.905431	23.384658	0.063001	-1723.125002	
4.471000	15.420861	0.856061	-1.906301	23.501544	0.265487	-1723.036086	
4.472000	15.420861	0.677947	-1.908800	23.618497	0.222654	-1722.947601	
4.473000	15.361666	0.896541	-1.913165	23.735493	0.207078	-1722.859523	
4.474000	15.217907	0.864157	-1.919448	23.852674	0.308321	-1722.771772	
4.475000	15.327840	0.872253	-1.926768	23.970134	0.234335	-1722.684230	
4.476000	15.387035	0.888445	-1.933695	24.087780	0.335579	-1722.596751	
4.477000	15.425089	0.872253	-1.939169	24.205472	0.288851	-1722.509182	
4.478000	15.412404	0.864157	-1.943038	24.323182	0.413458	-1722.421386	
4.479000	15.192537	0.945118	-1.945838	24.441054	0.343367	-1722.333267	
4.480000	15.403948	0.823676	-1.948004	24.559185	0.179820	-1722.244780	
4.481000	15.361666	0.742716	-1.949363	24.677479	0.393988	-1722.155936	
4.482000	15.488512	0.767004	-1.949473	24.795789	0.191502	-1722.066794	
4.483000	15.442002	0.702235	-1.948164	24.914085	0.269381	-1721.977466	
4.484000	15.260189	1.009886	-1.945688	25.032511	0.234335	-1721.888105	
4.485000	15.361666	0.702235	-1.942473	25.151165	0.113622	-1721.798881	
4.486000	15.408176	0.734620	-1.938858	25.269951	0.187608	-1721.709950	
4.487000	15.450458	0.823676	-1.935110	25.388723	0.179820	-1721.621420	
4.488000	15.340525	0.928926	-1.931422	25.507454	0.339473	-1721.533338	
4.489000	15.175624	1.074655	-1.927925	25.626292	0.366730	-1721.445704	
4.490000	15.310927	0.847965	-1.924899	25.745340	0.246017	-1721.358477	
4.491000	15.361666	0.993694	-1.922752	25.864499	0.292745	-1721.271569	
4.492000	15.437773	0.677947	-1.921640	25.983622	0.300533	-1721.184840	
4.493000	15.416632	0.856061	-1.921229	26.102678	0.351155	-1721.098129	
4.494000	15.154483	0.937022	-1.920999	26.221814	0.308321	-1721.011282	
4.495000	15.395491	0.823676	-1.920709	26.341125	0.179820	-1720.924178	
4.496000	15.442002	0.993694	-1.920399	26.460510	0.257699	-1720.836746	
4.497000	15.399719	0.839869	-1.920256	26.579815	0.105834	-1720.748953	
4.498000	15.429317	0.758908	-1.920603	26.699015	0.284957	-1720.660814	
4.499000	15.205222	0.847965	-1.921572	26.818263	0.292745	-1720.572401	
4.500000	15.480055	0.912733	-1.922966	26.937661	0.109728	-1720.483847	0.000000
4.501000	15.446230	0.856061	-1.924600	27.057111	0.378412	-1720.395316	
4.502000	15.365894	1.026079	-1.926444	27.176464	0.312215	-1720.306962	
4.503000	15.353209	0.961310	-1.928615	27.295695	0.401776	-1720.218909	
4.504000	15.146027	0.945118	-1.931216	27.414960	0.335579	-1720.131235	
4.505000	15.357437	0.953214	-1.934106	27.534364	0.210972	-1720.043970	
4.506000	15.463143	0.847965	-1.936974	27.653803	0.320003	-1719.957105	
4.507000	15.395491	0.775100	-1.939467	27.773124	0.323897	-1719.870574	
4.508000	15.391263	0.823676	-1.941364	27.892298	0.296639	-1719.784263	
4.509000	15.226363	0.823676	-1.942595	28.011482	0.234335	-1719.698030	
4.510000	15.463143	0.904637	-1.943104	28.130778	0.082471	-1719.611731	
4.511000	15.480055	0.799388	-1.942783	28.250081	0.308321	-1719.525234	
4.512000	15.327840	0.896541	-1.941454	28.369238	0.281063	-1719.438435	
4.513000	15.450458	0.702235	-1.939147	28.488231	0.187608	-1719.351263	
4.514000	15.302471	0.856061	-1.936350	28.607228	0.339473	-1719.263695	
4.515000	15.408176	0.880349	-1.933670	28.726337	0.136986	-1719.175768	
4.516000	15.429317	0.928926	-1.931434	28.845457	0.296639	-1719.087575	
4.517000	15.340525	0.912733	-1.929776	28.964436	0.288851	-1718.999253	
4.518000	15.332068	1.017982	-1.928914	29.083250	0.281063	-1718.910954	
4.519000	15.184081	0.920829	-1.929096	29.202057	0.284957	-1718.822828	
4.520000	15.412404	0.904637	-1.930363	29.320955	0.218760	-1718.735000	
4.521000	15.420861	0.831773	-1.932553	29.439833	0.284957	-1718.647551	
4.522000	15.332068	0.645563	-1.935696	29.558536	0.218760	-1718.560508	
4.523000	15.425089	0.928926	-1.940172	29.677045	0.370624	-1718.473849	
4.524000	15.226363	0.823676	-1.946123	29.795528	0.312215	-1718.387509	
4.525000	15.412404	0.750812	-1.952897	29.914087	0.098047	-1718.301381	
4.526000	15.471599	0.831773	-1.959303	30.032614	0.226548	-1718.215331	
4.527000	15.416632	0.904637	-1.964328	30.150952	0.226548	-1718.129215	
4.528000	15.370122	0.920829	-1.967563	30.269082	0.253805	-1718.042900	
4.529000	15.188309	0.726523	-1.969159	30.387175	0.168138	-1717.956289	
4.530000	15.310927	0.993694	-1.969266	30.505340	0.191502	-1717.869332	
4.531000	15.467371	0.847965	-1.967115	30.623470	0.331685	-1717.782036	
4.532000	15.353209	0.985598	-1.961332	30.741404	0.413458	-1717.694457	
4.533000	15.399719	1.042271	-1.951811	30.859115	0.413458	-1717.606700	
4.534000	15.192537	0.856061	-1.940166	30.976758	0.335579	-1717.518909	
4.535000	15.332068	0.912733	-1.928279	31.094429	0.238229	-1717.431250	
4.536000	15.471599	0.799388	-1.917502	31.212013	0.179820	-1717.343882	
4.537000	15.446230	0.888445	-1.908742	31.329345	0.195396	-1717.256923	
4.538000	15.416632	0.920829	-1.902483	31.446407	0.409564	-1717.170426	
4.539000	15.239048	0.945118	-1.899149	31.563373	0.284957	-1717.084399	
4.540000	15.340525	0.872253	-1.899336	31.680355	0.090259	-1716.998807	
4.541000	15.505425	0.831773	-1.903001	31.797241	0.160350	-1716.913569	
4.542000	15.399719	0.726523	-1.909008	31.913874	0.335579	-1716.828554	
4.543000	15.327840	1.115135	-1.915916	32.030239	0.249911	-1716.743600	
4.544000	15.226363	0.904637	-1.922815	32.146521	0.238229	-1716.658549	
4.545000	15.264417	1.001790	-1.929333	32.262832	0.203184	-1716.573268	
4.546000	15.450458	0.847965	-1.935099	32.379059	0.308321	-1716.487669	
4.547000	15.475827	0.686043	-1.939621	32.495031	0.214866	-1716.401709	
4.548000	15.399719	0.767004	-1.942569	32.610733	0.304427	-1716.315399	
4.549000	15.239048	0.856061	-1.943802	32.726348	0.390094	-1716.228811	
4.550000	15.319384	0.791292	-1.943409	32.841985	0.203184	-1716.142077	
4.551000	15.496968	1.123232	-1.941840	32.957522	0.456292	-1716.055365	
4.552000	15.522337	0.669851	-1.939718	33.072786	0.203184	-1715.968841	
4.553000	15.365894	1.090847	-1.937522	33.187756	0.164244	-1715.882646	
4.554000	15.285558	0.847965	-1.935491	33.302613	0.214866	-1715.796871	
4.555000	15.395491	0.888445	-1.933707	33.417464	0.152562	-1715.711559	
4.556000	15.446230	0.718427	-1.932316	33.532188	0.277169	-1715.626698	
4.557000	15.454686	0.758908	-1.931742	33.646616	0.210972	-1715.542227	
4.558000	15.387035	0.977502	-1.932257	33.760725	0.296639	-1715.458031	
4.559000	15.171396	0.912733	-1.933497	33.874692	0.351155	-1715.373964	
4.560000	15.399719	0.896541	-1.934882	33.988622	0.179820	-1715.289871	
4.561000	15.458914	0.823676	-1.936052	34.102393	0.218760	-1715.205614	
4.562000	15.437773	0.677947	-1.936657	34.215834	0.148668	-1715.121074	
4.563000	15.408176	0.791292	-1.936355	34.328927	0.331685	-1715.036181	
4.564000	15.281330	0.847965	-1.935075	34.441858	0.238229	-1714.950914	
4.565000	15.458914	1.066559	-1.932931	34.554738	0.226548	-1714.865314	
4.566000	15.458914	0.896541	-1.930049	34.667444	0.238229	-1714.779480	
4.567000	15.420861	0.823676	-1.926688	34.779807	0.214866	-1714.693552	
4.568000	15.340525	0.839869	-1.923272	34.891815	0.160350	-1714.607691	
4.569000	15.234819	0.839869	-1.920148	35.003662	0.187608	-1714.522049	
4.570000	15.365894	0.864157	-1.917538	35.115459	0.078577	-1714.436751	
4.571000	15.403948	0.945118	-1.915804	35.227086	0.226548	-1714.351870	
4.572000	15.395491	0.807484	-1.915504	35.338373	0.277169	-1714.267420	
4.573000	15.323612	0.993694	-1.917132	35.449307	0.393988	-1714.183366	
4.574000	15.239048	0.734620	-1.920720	35.560076	0.335579	-1714.099626	
4.575000	15.395491	0.791292	-1.925622	35.670789	0.284957	-1714.016086	
4.576000	15.425089	0.864157	-1.930858	35.781317	0.323897	-1713.932611	
4.577000	15.492740	0.718427	-1.935744	35.891483	0.136986	-1713.849056	
4.578000	15.378578	0.872253	-1.940011	36.001273	0.284957	-1713.765294	
4.579000	15.260189	0.904637	-1.943365	36.110877	0.210972	-1713.681234	
4.580000	15.416632	0.661755	-1.945271	36.220410	0.094153	-1713.596835	
4.581000	15.416632	1.082751	-1.945132	36.329748	0.218760	-1713.512106	
4.582000	15.442002	0.767004	-1.942678	36.438721	0.218760	-1713.427103	
4.583000	15.302471	1.042271	-1.938351	36.547327	0.320003	-1713.341929	
4.584000	15.171396	0.872253	-1.933207	36.655769	0.288851	-1713.256724	
4.585000	15.408176	0.807484	-1.928340	36.764167	0.257699	-1713.171644	
4.586000	15.332068	0.928926	-1.924316	36.872394	0.339473	-1713.086838	
4.587000	15.450458	0.920829	-1.921274	36.980274	0.234335	-1713.002414	
4.588000	15.353209	0.839869	-1.919433	37.087799	0.273275	-1712.918421	
4.589000	15.107973	0.791292	-1.919106	37.195166	0.339473	-1712.834855	
4.590000	15.395491	0.726523	-1.920398	37.302488	0.148668	-1712.751677	
4.591000	15.429317	0.856061	-1.923104	37.409631	0.261593	-1712.668809	
4.592000	15.480055	0.831773	-1.926664	37.516414	0.238229	-1712.586125	
4.593000	15.416632	0.799388	-1.930274	37.622837	0.366730	-1712.503476	
4.594000	15.112201	0.888445	-1.933256	37.729109	0.327791	-1712.420713	
4.595000	15.425089	0.758908	-1.935469	37.835350	0.129198	-1712.337714	
4.596000	15.467371	0.629370	-1.937109	37.941429	0.183714	-1712.254400	
4.597000	15.399719	1.026079	-1.938301	38.047169	0.214866	-1712.170739	
4.598000	15.395491	1.066559	-1.939003	38.152575	0.234335	-1712.086741	
4.599000	15.078376	0.977502	-1.938970	38.257861	0.362836	-1712.002475	
4.600000	15.387035	0.856061	-1.938169	38.363144	0.238229	-1711.918064	0.000000
4.601000	15.425089	0.847965	-1.937175	38.468289	0.355048	-1711.833664	
4.602000	15.458914	0.896541	-1.936698	38.573109	0.296639	-1711.749430	
4.603000	15.374350	0.896541	-1.937104	38.677602	0.277169	-1711.665495	
4.604000	15.124886	0.856061	-1.938424	38.781981	0.284957	-1711.581947	
4.605000	15.403948	0.621274	-1.940422	38.886359	0.105834	-1711.498827	
4.606000	15.501196	0.985598	-1.942949	38.990597	0.183714	-1711.416123	
4.607000	15.480055	0.888445	-1.946210	39.094510	0.218760	-1711.333775	
4.608000	15.370122	0.710331	-1.950255	39.198107	0.277169	-1711.251671	
4.609000	15.129114	0.880349	-1.954541	39.301611	0.199290	-1711.169672	
4.610000	15.412404	0.880349	-1.958457	39.405142	0.218760	-1711.087624	
4.611000	15.420861	0.799388	-1.961887	39.508564	0.312215	-1711.005380	
4.612000	15.408176	0.969406	-1.964821	39.611695	0.172032	-1710.922818	
4.613000	15.294014	0.969406	-1.966849	39.714540	0.312215	-1710.839854	
4.614000	15.158712	1.034175	-1.967384	39.817319	0.253805	-1710.756463	
4.615000	15.408176	1.042271	-1.965898	39.920147	0.168138	-1710.672676	
4.616000	15.420861	0.750812	-1.962204	40.022879	0.331685	-1710.588588	
4.617000	15.399719	0.985598	-1.956847	40.125325	0.327791	-1710.504337	
4.618000	15.446230	0.888445	-1.950881	40.227491	0.253805	-1710.420082	
4.619000	15.188309	0.920829	-1.945223	40.329599	0.222654	-1710.335988	
4.620000	15.391263	1.001790	-1.940387	40.431765	0.152562	-1710.252193	
4.621000	15.370122	0.807484	-1.936716	40.533842	0.273275	-1710.168784	
4.622000	15.357437	0.799388	-1.934363	40.635640	0.226548	-1710.085789	
4.623000	15.420861	0.799388	-1.933255	40.737165	0.195396	-1710.003182	
4.624000	15.150255	0.953214	-1.933316	40.838640	0.300533	-1709.920893	
4.625000	15.374350	1.066559	-1.934288	40.940185	0.148668	-1709.838806	
4.626000	15.387035	0.896541	-1.935517	41.041657	0.397882	-1709.756781	
4.627000	15.281330	0.937022	-1.936230	41.142869	0.358942	-1709.674662	
4.628000	15.391263	0.953214	-1.935897	41.243825	0.277169	-1709.592308	
4.629000	15.200994	0.856061	-1.934480	41.344748	0.277169	-1709.509622	
4.630000	15.340525	1.009886	-1.932400	41.445752	-0.010985	-1709.426556	
4.631000	15.458914	1.188000	-1.930337	41.546685	0.296639	-1709.343119	
4.632000	15.370122	0.985598	-1.928899	41.647352	0.312215	-1709.259371	
4.633000	15.437773	1.066559	-1.928170	41.747756	0.304427	-1709.175423	
4.634000	15.255960	0.758908	-1.927901	41.848119	0.222654	-1709.091428	
4.635000	15.357437	0.985598	-1.928011	41.948557	0.226548	-1709.007556	
4.636000	15.458914	0.775100	-1.928490	42.048920	0.316109	-1708.923969	
4.637000	15.370122	0.839869	-1.929200	42.149017	0.160350	-1708.840781	
4.638000	15.361666	1.074655	-1.929943	42.248863	0.327791	-1708.758041	
4.639000	15.222135	0.969406	-1.930536	42.348692	0.218760	-1708.675747	
4.640000	15.374350	0.904637	-1.930951	42.448621	0.277169	-1708.593861	
4.641000	15.437773	0.920829	-1.931341	42.548495	0.300533	-1708.512304	
4.642000	15.408176	0.920829	-1.931685	42.648119	0.226548	-1708.430946	
4.643000	15.327840	0.937022	-1.931735	42.747506	0.355048	-1708.349631	
4.644000	15.184081	0.742716	-1.931265	42.846887	0.222654	-1708.268203	
4.645000	15.378578	0.823676	-1.930142	42.946374	0.187608	-1708.186542	
4.646000	15.518109	0.937022	-1.928370	43.045804	0.339473	-1708.104578	
4.647000	15.412404	0.783196	-1.925955	43.144977	0.234335	-1708.022282	
4.648000	15.374350	0.985598	-1.922531	43.243899	0.109728	-1707.939671	
4.649000	15.209450	0.718427	-1.917791	43.342796	0.257699	-1707.856816	
4.650000	15.437773	0.856061	-1.912173	43.441780	0.172032	-1707.773840	
4.651000	15.496968	0.807484	-1.906605	43.540694	0.413458	-1707.690903	
4.652000	15.403948	0.815580	-1.901891	43.639337	0.203184	-1707.608162	
4.653000	15.302471	1.058463	-1.898576	43.737716	0.179820	-1707.525745	
4.654000	15.091060	0.888445	-1.897110	43.836056	0.253805	-1707.443734	
4.655000	15.395491	0.912733	-1.897784	43.934466	0.253805	-1707.362158	
4.656000	15.450458	0.750812	-1.900783	44.032783	0.164244	-1707.281005	
4.657000	15.450458	0.783196	-1.906322	44.130811	0.300533	-1707.200214	
4.658000	15.332068	0.904637	-1.914014	44.228570	0.265487	-1707.119678	
4.659000	15.222135	0.775100	-1.922489	44.326304	0.347261	-1707.039253	
4.660000	15.408176	0.823676	-1.930229	44.424124	0.172032	-1706.958793	
4.661000	15.484284	1.026079	-1.936254	44.521866	0.358942	-1706.878159	
4.662000	15.458914	0.920829	-1.940148	44.619328	0.246017	-1706.797244	
4.663000	15.264417	0.985598	-1.941914	44.716527	0.327791	-1706.715978	
4.664000	15.205222	0.726523	-1.941776	44.813699	0.230441	-1706.634334	
4.665000	15.382807	0.775100	-1.940017	44.910958	0.207078	-1706.552336	
4.666000	15.387035	0.831773	-1.936865	45.008142	0.323897	-1706.470069	
4.667000	15.446230	0.888445	-1.932609	45.105054	0.265487	-1706.387662	
4.668000	15.268645	1.017982	-1.927731	45.201721	0.230441	-1706.305268	
4.669000	15.192537	0.888445	-1.922642	45.298387	0.339473	-1706.223040	
4.670000	15.370122	0.872253	-1.917594	45.395162	0.238229	-1706.141103	
4.671000	15.323612	0.767004	-1.912898	45.491874	0.242123	-1706.059534	
4.672000	15.501196	0.694139	-1.908968	45.588314	0.230441	-1705.978358	
4.673000	15.323612	0.767004	-1.906170	45.684507	0.230441	-1705.897555	
4.674000	15.162940	1.009886	-1.904647	45.780697	0.296639	-1705.817057	
4.675000	15.429317	0.758908	-1.904287	45.876992	0.257699	-1705.736753	
4.676000	15.382807	0.815580	-1.904819	45.973220	0.281063	-1705.656504	
4.677000	15.475827	0.645563	-1.905843	46.069180	0.175926	-1705.576161	
4.678000	15.378578	0.847965	-1.906796	46.164900	0.327791	-1705.495590	
4.679000	15.158712	0.928926	-1.907236	46.260634	0.218760	-1705.414690	
4.680000	15.272873	1.042271	-1.907158	46.356493	0.172032	-1705.333411	
4.681000	15.361666	0.880349	-1.906765	46.452305	0.335579	-1705.251752	
4.682000	15.408176	0.799388	-1.906242	46.547861	0.214866	-1705.169762	
4.683000	15.408176	0.904637	-1.905764	46.643184	0.257699	-1705.087539	
4.684000	15.150255	0.969406	-1.905554	46.738515	0.281063	-1705.005227	
4.685000	15.403948	0.791292	-1.905942	46.833960	0.273275	-1704.922994	
4.686000	15.412404	0.799388	-1.907179	46.929340	0.207078	-1704.840996	
4.687000	15.463143	0.799388	-1.909285	47.024446	0.203184	-1704.759349	
4.688000	15.391263	0.961310	-1.912361	47.119303	0.261593	-1704.678112	
4.689000	15.158712	1.001790	-1.916534	47.214158	0.277169	-1704.597296	
4.690000	15.408176	0.831773	-1.921131	47.309121	0.136986	-1704.516872	
4.691000	15.382807	0.799388	-1.925181	47.404016	0.308321	-1704.436763	
4.692000	15.454686	0.904637	-1.928297	47.498637	0.265487	-1704.356836	
4.693000	15.374350	0.726523	-1.930252	47.593011	0.401776	-1704.276926	
4.694000	15.171396	0.937022	-1.931064	47.687387	0.207078	-1704.196870	
4.695000	15.289786	0.945118	-1.931344	47.781874	0.218760	-1704.116539	
4.696000	15.458914	0.969406	-1.931724	47.876292	0.300533	-1704.035851	
4.697000	15.484284	1.082751	-1.932069	47.970431	0.234335	-1703.954767	
4.698000	15.348981	0.831773	-1.931480	48.064319	0.238229	-1703.873295	
4.699000	15.167168	0.896541	-1.929378	48.158212	0.234335	-1703.791508	
4.700000	15.408176	0.767004	-1.926158	48.252215	0.136986	-1703.709539	0.000000
4.701000	15.433545	0.872253	-1.922702	48.346143	0.281063	-1703.627555	
4.702000	15.450458	0.961310	-1.919680	48.439787	0.168138	-1703.545725	
4.703000	15.361666	0.896541	-1.917320	48.533181	0.300533	-1703.464191	
4.704000	15.188309	0.872253	-1.915845	48.626581	0.355048	-1703.383047	
4.705000	15.454686	0.807484	-1.915693	48.720092	0.164244	-1703.302334	
4.706000	15.420861	0.710331	-1.916817	48.813535	0.343367	-1703.222046	
4.707000	15.315155	0.896541	-1.918280	48.906701	0.168138	-1703.142121	
4.708000	15.370122	0.904637	-1.919363	48.999626	0.246017	-1703.062447	
4.709000	15.082604	0.791292	-1.920277	49.092562	0.261593	-1702.982875	
4.710000	15.420861	0.928926	-1.921453	49.185610	0.222654	-1702.903253	
4.711000	15.458914	0.775100	-1.923163	49.278579	0.277169	-1702.823439	
4.712000	15.348981	0.888445	-1.925507	49.371253	0.296639	-1702.743313	
4.713000	15.370122	0.888445	-1.928281	49.463662	0.191502	-1702.662797	
4.714000	15.255960	0.807484	-1.930965	49.556057	0.312215	-1702.581867	
4.715000	15.425089	0.815580	-1.932891	49.648539	0.238229	-1702.500559	
4.716000	15.518109	0.767004	-1.933711	49.740919	0.320003	-1702.418970	
4.717000	15.471599	1.001790	-1.933695	49.832986	0.121410	-1702.337248	
4.718000	15.361666	0.880349	-1.933492	49.924789	0.261593	-1702.255550	
4.719000	15.200994	0.710331	-1.933648	50.016594	0.347261	-1702.174033	
4.720000	15.387035	0.799388	-1.934341	50.108510	0.253805	-1702.092824	
4.721000	15.475827	0.702235	-1.935588	50.200351	0.257699	-1702.012003	
4.722000	15.374350	0.888445	-1.937241	50.291907	0.393988	-1701.931593	
4.723000	15.277101	0.969406	-1.938734	50.383219	0.405670	-1701.851568	
4.724000	15.200994	0.896541	-1.939594	50.474542	0.421246	-1701.771849	
4.725000	15.374350	0.807484	-1.939821	50.565971	0.331685	-1701.692320	
4.726000	15.496968	0.750812	-1.939521	50.657310	0.296639	-1701.612843	
4.727000	15.437773	0.767004	-1.938811	50.748347	0.187608	-1701.533273	
4.728000	15.382807	0.864157	-1.937871	50.839124	0.339473	-1701.453485	
4.729000	15.243276	0.856061	-1.936716	50.929896	0.374518	-1701.373389	
4.730000	15.340525	0.783196	-1.935541	51.020757	0.183714	-1701.292940	
4.731000	15.505425	0.783196	-1.935082	51.111507	0.335579	-1701.212143	
4.732000	15.429317	0.856061	-1.935651	51.201930	0.246017	-1701.131057	
4.733000	15.361666	0.928926	-1.936673	51.292068	0.312215	-1701.049785	
4.734000	15.205222	0.831773	-1.937649	51.382178	0.175926	-1700.968470	
4.735000	15.306699	0.920829	-1.938502	51.472357	0.226548	-1700.887264	
4.736000	15.382807	0.815580	-1.939260	51.562403	0.397882	-1700.806313	
4.737000	15.450458	0.775100	-1.940063	51.652099	0.284957	-1700.725720	
4.738000	15.348981	1.163712	-1.941114	51.741483	0.401776	-1700.645539	
4.739000	15.200994	0.969406	-1.942465	51.830811	0.362836	-1700.565773	
4.740000	15.302471	0.896541	-1.943990	51.920175	0.199290	-1700.486390	
4.741000	15.471599	0.791292	-1.945490	52.009367	0.339473	-1700.407311	
4.742000	15.467371	0.710331	-1.946713	52.098170	0.238229	-1700.328415	
4.743000	15.395491	1.009886	-1.947358	52.186629	0.378412	-1700.249554	
4.744000	15.196765	0.839869	-1.947287	52.275008	0.320003	-1700.170586	
4.745000	15.353209	0.880349	-1.946720	52.363400	0.238229	-1700.091396	
4.746000	15.378578	0.686043	-1.945929	52.451602	0.304427	-1700.011908	
4.747000	15.488512	0.588890	-1.945244	52.539400	0.226548	-1699.932086	
4.748000	15.234819	1.050367	-1.945270	52.626848	0.222654	-1699.851938	
4.749000	15.234819	0.783196	-1.946104	52.714219	0.366730	-1699.771533	
4.750000	15.327840	0.928926	-1.947062	52.801608	0.242123	-1699.690992	
4.751000	15.433545	0.937022	-1.947573	52.888809	0.370624	-1699.610466	
4.752000	15.433545	0.750812	-1.947477	52.975603	0.222654	-1699.530110	
4.753000	15.315155	0.864157	-1.946737	53.062046	0.288851	-1699.450054	
4.754000	15.281330	0.823676	-1.945451	53.148407	0.312215	-1699.370388	
4.755000	15.391263	0.856061	-1.943770	53.234777	0.312215	-1699.291154	
4.756000	15.357437	0.904637	-1.941542	53.320944	0.440716	-1699.212348	
4.757000	15.509653	0.815580	-1.938547	53.406693	0.195396	-1699.133918	
4.758000	15.285558	0.799388	-1.934938	53.492089	0.277169	-1699.055762	
4.759000	15.234819	0.815580	-1.930907	53.577411	0.320003	-1698.977742	
4.760000	15.378578	0.847965	-1.926576	53.662750	0.222654	-1698.899710	
4.761000	15.382807	0.872253	-1.922281	53.747898	0.413458	-1698.821527	
4.762000	15.425089	0.815580	-1.918204	53.832645	0.390094	-1698.743071	
4.763000	15.226363	0.937022	-1.914134	53.917059	0.374518	-1698.664259	
4.764000	15.226363	0.945118	-1.910076	54.001418	0.281063	-1698.585057	
4.765000	15.378578	0.937022	-1.906548	54.085806	0.210972	-1698.505489	
4.766000	15.353209	0.823676	-1.903930	54.170006	0.304427	-1698.425647	
4.767000	15.446230	0.783196	-1.902167	54.253795	0.195396	-1698.345671	
4.768000	15.268645	0.888445	-1.901226	54.337233	0.218760	-1698.265722	
4.769000	15.323612	0.888445	-1.901171	54.420587	0.269381	-1698.185964	
4.770000	15.509653	0.896541	-1.901891	54.503938	0.199290	-1698.106534	
4.771000	15.442002	1.066559	-1.903121	54.587069	0.308321	-1698.027521	
4.772000	15.450458	1.058463	-1.904939	54.669767	0.218760	-1697.948954	
4.773000	15.264417	0.953214	-1.907943	54.752104	0.246017	-1697.870809	
4.774000	15.302471	0.888445	-1.912447	54.834363	0.339473	-1697.793010	
4.775000	15.454686	0.702235	-1.917911	54.916629	0.296639	-1697.715443	
4.776000	15.382807	0.928926	-1.923370	54.998686	0.355048	-1697.637965	
4.777000	15.365894	0.993694	-1.928031	55.080322	0.234335	-1697.560424	
4.778000	15.264417	0.896541	-1.931540	55.161610	0.288851	-1697.482677	
4.779000	15.323612	0.937022	-1.933806	55.242835	0.382306	-1697.404618	
4.780000	15.429317	0.653659	-1.934684	55.324082	0.320003	-1697.326193	
4.781000	15.306699	1.058463	-1.933868	55.405133	0.386200	-1697.247404	
4.782000	15.437773	0.783196	-1.931071	55.485774	0.281063	-1697.168305	
4.783000	15.281330	0.880349	-1.926519	55.566078	0.140880	-1697.089006	
4.784000	15.272873	1.017982	-1.921091	55.646327	0.210972	-1697.009657	
4.785000	15.408176	0.758908	-1.915646	55.726601	0.261593	-1696.930427	
4.786000	15.399719	0.888445	-1.910555	55.806677	0.265487	-1696.851478	
4.787000	15.458914	0.888445	-1.906109	55.886342	0.242123	-1696.772929	
4.788000	15.281330	0.807484	-1.902976	55.965674	0.281063	-1696.694835	
4.789000	15.171396	1.139424	-1.901883	56.044959	0.238229	-1696.617197	
4.790000	15.391263	0.815580	-1.902889	56.124272	0.191502	-1696.539973	
4.791000	15.336296	0.953214	-1.905471	56.203388	0.207078	-1696.463072	
4.792000	15.480055	0.904637	-1.909013	56.282090	0.164244	-1696.386360	
4.793000	15.272873	0.896541	-1.912892	56.360449	0.327791	-1696.309681	
4.794000	15.217907	1.026079	-1.916697	56.438744	0.269381	-1696.232883	
4.795000	15.437773	0.767004	-1.920272	56.517049	0.269381	-1696.155841	
4.796000	15.336296	0.799388	-1.923386	56.595135	0.246017	-1696.078474	
4.797000	15.475827	0.920829	-1.925853	56.672782	0.238229	-1696.000748	
4.798000	15.378578	1.050367	-1.927709	56.750073	0.331685	-1695.922679	
4.799000	15.209450	0.969406	-1.928950	56.827308	0.320003	-1695.844342	
4.800000	15.442002	0.912733	-1.929572	56.904573	0.164244	-1695.765864	0.000000
4.801000	15.416632	0.880349	-1.929874	56.981641	0.296639	-1695.687401	
4.802000	15.437773	0.783196	-1.930357	57.058293	0.292745	-1695.609109	
4.803000	15.289786	0.937022	-1.931408	57.134614	0.386200	-1695.531121	
4.804000	15.200994	0.985598	-1.933226	57.210897	0.222654	-1695.453525	
4.805000	15.395491	1.147520	-1.935890	57.287214	0.308321	-1695.376355	
4.806000	15.467371	1.034175	-1.939288	57.363332	0.452398	-1695.299598	
4.807000	15.442002	0.896541	-1.943207	57.439030	0.253805	-1695.223193	
4.808000	15.243276	0.864157	-1.947507	57.514389	0.288851	-1695.147035	
4.809000	15.260189	0.912733	-1.951856	57.589695	0.246017	-1695.070992	
4.810000	15.429317	0.791292	-1.955617	57.665021	0.273275	-1694.994920	
4.811000	15.454686	0.823676	-1.958271	57.740130	0.288851	-1694.918681	
4.812000	15.420861	0.896541	-1.959683	57.814804	0.218760	-1694.842161	
4.813000	15.361666	0.888445	-1.960066	57.889123	0.226548	-1694.765288	
4.814000	15.298242	1.074655	-1.960034	57.963374	0.191502	-1694.688043	
4.815000	15.336296	0.912733	-1.960401	58.037631	0.253805	-1694.610460	
4.816000	15.403948	0.783196	-1.961348	58.111661	0.327791	-1694.532627	
4.817000	15.306699	0.920829	-1.962414	58.185248	0.308321	-1694.454669	
4.818000	15.239048	0.823676	-1.963334	58.258481	0.308321	-1694.376733	
4.819000	15.353209	0.904637	-1.964113	58.331655	0.355048	-1694.298968	
4.820000	15.399719	1.017982	-1.964749	58.404849	0.339473	-1694.221498	
4.821000	15.374350	0.718427	-1.965296	58.477826	0.362836	-1694.144401	
4.822000	15.391263	0.888445	-1.965894	58.550362	0.242123	-1694.067706	
4.823000	15.365894	0.637467	-1.966672	58.622532	0.308321	-1693.991394	
4.824000	15.370122	0.912733	-1.967762	58.694612	0.277169	-1693.915404	
4.825000	15.480055	0.953214	-1.969154	58.766663	0.312215	-1693.839637	
4.826000	15.458914	0.831773	-1.970535	58.838449	0.234335	-1693.763960	
4.827000	15.365894	0.928926	-1.971514	58.909751	0.292745	-1693.688228	
4.828000	15.306699	0.839869	-1.971851	58.980653	0.327791	-1693.612305	
4.829000	15.332068	0.710331	-1.971361	59.051445	0.234335	-1693.536090	
4.830000	15.425089	0.977502	-1.969894	59.122201	0.277169	-1693.459530	
4.831000	15.420861	0.629370	-1.967339	59.192689	0.269381	-1693.382624	
4.832000	15.272873	0.969406	-1.963441	59.262689	0.296639	-1693.305418	
4.833000	15.336296	0.928926	-1.958128	59.332284	0.284957	-1693.228006	
4.834000	15.336296	0.807484	-1.952000	59.401757	0.288851	-1693.150528	
4.835000	15.420861	0.831773	-1.946057	59.471175	0.288851	-1693.073145	
4.836000	15.475827	0.702235	-1.941314	59.540299	0.339473	-1692.996015	
4.837000	15.412404	0.783196	-1.938527	59.608909	0.261593	-1692.919257	
4.838000	15.344753	0.783196	-1.937966	59.677089	0.331685	-1692.842932	
4.839000	15.437773	0.653659	-1.939550	59.745120	0.292745	-1692.767049	
4.840000	15.374350	0.928926	-1.942958	59.813061	0.238229	-1692.691580	
4.841000	15.488512	0.839869	-1.947620	59.880673	0.351155	-1692.616449	
4.842000	15.412404	0.791292	-1.952793	59.947736	0.316109	-1692.541530	
4.843000	15.217907	0.937022	-1.957606	60.014350	0.343367	-1692.466672	
4.844000	15.340525	0.791292	-1.961365	60.080813	0.362836	-1692.391719	
4.845000	15.302471	0.920829	-1.963766	60.147198	0.393988	-1692.316541	
4.846000	15.463143	0.783196	-1.964523	60.213267	0.320003	-1692.241051	
4.847000	15.412404	0.872253	-1.963386	60.278800	0.238229	-1692.165209	
4.848000	15.184081	0.985598	-1.960555	60.343886	0.230441	-1692.089024	
4.849000	15.361666	0.791292	-1.956399	60.408817	0.214866	-1692.012560	
4.850000	15.361666	0.637467	-1.951170	60.473657	0.281063	-1691.935940	
4.851000	15.509653	0.726523	-1.945243	60.538163	0.316109	-1691.859326	
4.852000	15.450458	0.815580	-1.939306	60.602117	0.218760	-1691.782892	
4.853000	15.264417	0.993694	-1.934228	60.665614	0.320003	-1691.706785	
4.854000	15.336296	0.872253	-1.930606	60.728945	0.222654	-1691.631106	
4.855000	15.399719	0.896541	-1.928556	60.792172	0.292745	-1691.555898	
4.856000	15.361666	0.677947	-1.928021	60.855050	0.386200	-1691.481152	
4.857000	15.429317	0.710331	-1.928947	60.917365	0.269381	-1691.406809	
4.858000	15.184081	0.920829	-1.931015	60.979218	0.351155	-1691.332762	
4.859000	15.272873	0.888445	-1.933506	61.040903	0.323897	-1691.258863	
4.860000	15.340525	0.977502	-1.935731	61.102485	0.339473	-1691.184956	
4.861000	15.429317	0.791292	-1.937349	61.163717	0.397882	-1691.110888	
4.862000	15.403948	0.686043	-1.938212	61.224378	0.199290	-1691.036536	
4.863000	15.158712	0.864157	-1.938323	61.284567	0.234335	-1690.961820	
4.864000	15.403948	0.686043	-1.937829	61.344586	0.261593	-1690.886715	
4.865000	15.370122	0.807484	-1.936850	61.404497	0.214866	-1690.811254	
4.866000	15.458914	0.920829	-1.935370	61.464052	0.362836	-1690.735534	
4.867000	15.437773	0.677947	-1.933388	61.523031	0.148668	-1690.659698	
4.868000	15.239048	0.896541	-1.931181	61.581532	0.195396	-1690.583913	
4.869000	15.399719	0.775100	-1.929198	61.639849	0.226548	-1690.508342	
4.870000	15.332068	0.888445	-1.927695	61.698041	0.327791	-1690.433115	
4.871000	15.391263	0.677947	-1.926715	61.755865	0.425140	-1690.358309	
4.872000	15.433545	0.532217	-1.926610	61.813104	0.284957	-1690.283941	
4.873000	15.162940	0.969406	-1.928135	61.869862	0.249911	-1690.209972	
4.874000	15.408176	0.920829	-1.931523	61.926435	0.316109	-1690.136322	
4.875000	15.357437	0.661755	-1.936053	61.982882	0.249911	-1690.062873	
4.876000	15.387035	0.823676	-1.940607	62.038956	0.304427	-1689.989483	
4.877000	15.433545	0.669851	-1.944174	62.094435	0.234335	-1689.916006	
4.878000	15.226363	0.783196	-1.946085	62.149415	0.253805	-1689.842308	
4.879000	15.433545	0.864157	-1.946157	62.204193	0.246017	-1689.768297	
4.880000	15.467371	0.799388	-1.944642	62.258829	0.210972	-1689.693930	
4.881000	15.387035	0.880349	-1.941922	62.313077	0.269381	-1689.619211	
4.882000	15.437773	0.847965	-1.938240	62.366716	0.136986	-1689.544187	
4.883000	15.200994	0.750812	-1.933809	62.419843	0.362836	-1689.468955	
4.884000	15.315155	0.888445	-1.929088	62.472750	0.393988	-1689.393651	
4.885000	15.425089	0.807484	-1.924683	62.525497	0.253805	-1689.318431	
4.886000	15.332068	0.969406	-1.921024	62.577840	0.390094	-1689.243441	
4.887000	15.416632	0.920829	-1.918291	62.629563	0.234335	-1689.168788	
4.888000	15.243276	0.969406	-1.916434	62.680760	0.355048	-1689.094523	
4.889000	15.391263	0.839869	-1.915340	62.731718	0.300533	-1689.020647	
4.890000	15.458914	0.880349	-1.915177	62.782487	0.308321	-1688.947127	
4.891000	15.391263	0.823676	-1.916221	62.832815	0.265487	-1688.873888	
4.892000	15.420861	0.969406	-1.918360	62.882483	0.246017	-1688.800809	
4.893000	15.239048	0.912733	-1.921106	62.931592	0.207078	-1688.727739	
4.894000	15.370122	0.896541	-1.923930	62.980436	0.320003	-1688.654529	
4.895000	15.437773	0.807484	-1.926529	63.029070	0.222654	-1688.581058	
4.896000	15.475827	0.750812	-1.928825	63.077250	0.382306	-1688.507248	
4.897000	15.437773	0.928926	-1.930827	63.124765	0.172032	-1688.433062	
4.898000	15.137571	0.993694	-1.932586	63.171728	0.246017	-1688.358507	
4.899000	15.340525	0.928926	-1.933971	63.218441	0.355048	-1688.283644	
4.900000	15.387035	0.847965	-1.934761	63.264965	0.269381	-1688.208585	0.000000
4.901000	15.412404	0.977502	-1.935082	63.311054	0.460186	-1688.133483	
4.902000	15.420861	0.977502	-1.935328	63.356492	0.300533	-1688.058493	
4.903000	15.209450	0.856061	-1.935841	63.401385	0.323897	-1687.983756	
4.904000	15.365894	0.945118	-1.936803	63.446026	0.269381	-1687.909367	
4.905000	15.425089	0.726523	-1.938179	63.490461	0.308321	-1687.835371	
4.906000	15.429317	0.831773	-1.939812	63.534436	0.304427	-1687.761768	
4.907000	15.446230	1.058463	-1.941679	63.577737	0.098047	-1687.688510	
4.908000	15.239048	0.912733	-1.943780	63.620475	0.183714	-1687.615502	
4.909000	15.340525	0.937022	-1.945779	63.662954	0.210972	-1687.542613	
4.910000	15.450458	0.953214	-1.947248	63.705231	0.246017	-1687.469690	
4.911000	15.425089	0.847965	-1.948117	63.747059	0.362836	-1687.396589	
4.912000	15.416632	0.831773	-1.948549	63.788225	0.214866	-1687.323185	
4.913000	15.184081	1.066559	-1.948595	63.828844	0.249911	-1687.249397	
4.914000	15.306699	0.896541	-1.948338	63.869220	0.288851	-1687.175194	
4.915000	15.336296	1.115135	-1.948019	63.909412	0.358942	-1687.100601	
4.916000	15.399719	0.896541	-1.947640	63.949166	0.382306	-1687.025706	
4.917000	15.323612	0.815580	-1.946968	63.988264	0.347261	-1686.950644	
4.918000	15.251732	0.847965	-1.946046	64.026810	0.327791	-1686.875579	
4.919000	15.387035	0.888445	-1.945113	64.065094	0.226548	-1686.800678	
4.920000	15.425089	0.961310	-1.944236	64.103164	0.230441	-1686.726082	
4.921000	15.446230	1.017982	-1.943478	64.140765	0.366730	-1686.651882	
4.922000	15.458914	0.775100	-1.943191	64.177681	0.136986	-1686.578106	
4.923000	15.294014	0.945118	-1.943886	64.214017	0.179820	-1686.504734	
4.924000	15.378578	0.856061	-1.945797	64.250072	0.281063	-1686.431696	
4.925000	15.458914	1.001790	-1.948581	64.285900	0.327791	-1686.358877	
4.926000	15.395491	0.831773	-1.951545	64.321256	0.370624	-1686.286132	
4.927000	15.306699	0.888445	-1.954082	64.355930	0.288851	-1686.213302	
4.928000	15.209450	0.953214	-1.955996	64.390030	0.296639	-1686.140242	
4.929000	15.437773	1.009886	-1.957509	64.423840	0.257699	-1686.066849	
4.930000	15.378578	1.001790	-1.959012	64.457396	0.327791	-1685.993070	
4.931000	15.391263	0.823676	-1.960764	64.490436	0.168138	-1685.918910	
4.932000	15.416632	0.815580	-1.962503	64.522746	0.234335	-1685.844424	
4.933000	15.302471	0.888445	-1.963600	64.554432	0.265487	-1685.769719	
4.934000	15.467371	0.613178	-1.963790	64.585784	0.199290	-1685.694947	
4.935000	15.425089	0.937022	-1.963199	64.616849	0.261593	-1685.620281	
4.936000	15.454686	0.920829	-1.961967	64.647376	0.284957	-1685.545883	
4.937000	15.378578	0.928926	-1.960258	64.677154	0.335579	-1685.471870	
4.938000	15.247504	0.807484	-1.958429	64.706297	0.386200	-1685.398298	
4.939000	15.327840	0.621274	-1.956843	64.735102	0.230441	-1685.325171	
4.940000	15.382807	0.945118	-1.955481	64.763618	0.183714	-1685.252450	
4.941000	15.378578	0.783196	-1.954092	64.791593	0.300533	-1685.180050	
4.942000	15.357437	0.864157	-1.952439	64.818814	0.413458	-1685.107842	
4.943000	15.226363	0.945118	-1.950207	64.845391	0.308321	-1685.035671	
4.944000	15.454686	0.726523	-1.947245	64.871610	0.300533	-1684.963383	
4.945000	15.382807	0.847965	-1.943670	64.897507	0.335579	-1684.890855	
4.946000	15.560391	0.596986	-1.939559	64.922829	0.370624	-1684.818009	
4.947000	15.382807	0.928926	-1.934932	64.947362	0.210972	-1684.744812	
4.948000	15.255960	0.847965	-1.929845	64.971223	0.156456	-1684.671279	
4.949000	15.501196	0.767004	-1.924344	64.994699	0.265487	-1684.597481	
4.950000	15.382807	0.896541	-1.918572	65.017835	0.269381	-1684.523542	
4.951000	15.458914	0.791292	-1.912865	65.040376	0.366730	-1684.449620	
4.952000	15.370122	0.783196	-1.907762	65.062115	0.257699	-1684.375874	
4.953000	15.129114	0.856061	-1.903821	65.083168	0.242123	-1684.302436	
4.954000	15.425089	0.694139	-1.901262	65.103828	0.253805	-1684.229392	
4.955000	15.370122	0.912733	-1.900069	65.124138	0.456292	-1684.156777	
4.956000	15.492740	0.937022	-1.900487	65.143845	0.288851	-1684.084581	
4.957000	15.463143	0.856061	-1.902907	65.162739	0.261593	-1684.012750	
4.958000	15.188309	1.017982	-1.907150	65.180940	0.261593	-1683.941181	
4.959000	15.496968	0.556506	-1.912326	65.198747	0.210972	-1683.869735	
4.960000	15.408176	0.775100	-1.917412	65.216206	0.347261	-1683.798262	
4.961000	15.492740	0.710331	-1.921764	65.233063	0.281063	-1683.726620	
4.962000	15.484284	0.783196	-1.925108	65.249110	0.284957	-1683.654695	
4.963000	15.192537	0.872253	-1.927272	65.264467	0.304427	-1683.582415	
4.964000	15.484284	1.050367	-1.928306	65.279430	0.195396	-1683.509748	
4.965000	15.403948	0.710331	-1.928707	65.294048	0.386200	-1683.436716	
4.966000	15.412404	0.767004	-1.928847	65.308072	0.281063	-1683.363399	
4.967000	15.450458	0.653659	-1.928666	65.321300	0.257699	-1683.289924	
4.968000	15.069919	0.928926	-1.928118	65.333855	0.277169	-1683.216443	
4.969000	15.463143	0.807484	-1.927256	65.346036	0.312215	-1683.143106	
4.970000	15.378578	0.864157	-1.925953	65.357889	0.471868	-1683.070037	
4.971000	15.361666	0.823676	-1.924023	65.369160	0.366730	-1682.997316	
4.972000	15.412404	0.823676	-1.921719	65.379640	0.249911	-1682.924967	
4.973000	15.175624	1.009886	-1.919803	65.389448	0.351155	-1682.852970	
4.974000	15.496968	0.847965	-1.918891	65.398877	0.156456	-1682.781262	
4.975000	15.433545	0.726523	-1.919006	65.407968	0.284957	-1682.709738	
4.976000	15.425089	0.823676	-1.919722	65.416472	0.253805	-1682.638262	
4.977000	15.475827	0.645563	-1.920397	65.424185	0.172032	-1682.566684	
4.978000	15.200994	0.767004	-1.920165	65.431228	0.246017	-1682.494865	
4.979000	15.471599	0.775100	-1.918294	65.437891	0.230441	-1682.422700	
4.980000	15.361666	0.767004	-1.914880	65.444218	0.347261	-1682.350133	
4.981000	15.446230	0.904637	-1.910444	65.449958	0.444610	-1682.277155	
4.982000	15.403948	0.815580	-1.905030	65.454907	0.195396	-1682.203808	
4.983000	15.192537	0.856061	-1.898771	65.459184	0.366730	-1682.130186	
4.984000	15.547707	0.839869	-1.892584	65.463083	0.335579	-1682.056434	
4.985000	15.365894	0.767004	-1.887428	65.466644	0.358942	-1681.982714	
4.986000	15.370122	0.791292	-1.883711	65.469619	0.246017	-1681.909184	
4.987000	15.496968	0.613178	-1.881653	65.471800	0.249911	-1681.835963	
4.988000	15.209450	0.621274	-1.881606	65.473300	0.308321	-1681.763113	
4.989000	15.522337	0.847965	-1.883765	65.474406	0.246017	-1681.690655	
4.990000	15.374350	0.767004	-1.887892	65.475159	0.281063	-1681.618561	
4.991000	15.370122	0.864157	-1.893479	65.475309	0.288851	-1681.546759	
4.992000	15.425089	0.799388	-1.899882	65.474653	0.160350	-1681.475123	
4.993000	15.184081	0.758908	-1.906388	65.473311	0.312215	-1681.403502	
4.994000	15.403948	0.912733	-1.912510	65.471576	0.242123	-1681.331737	
4.995000	15.370122	0.839869	-1.918058	65.469493	0.366730	-1681.259698	
4.996000	15.340525	0.920829	-1.922928	65.466816	0.401776	-1681.187293	
4.997000	15.420861	0.823676	-1.927285	65.463342	0.393988	-1681.114478	
4.998000	15.255960	0.758908	-1.931746	65.459188	0.238229	-1681.041260	
4.999000	15.467371	0.823676	-1.936532	65.454649	0.222654	-1680.967706	
5.000000	15.416632	0.799388	-1.941130	65.449764	0.218760	-1680.893946	0.000000
5.001000	15.416632	0.799388	-1.945146	65.444286	0.397882	-1680.820144	
5.002000	15.433545	0.912733	-1.948588	65.438010	0.284957	-1680.746471	
5.003000	15.264417	0.742716	-1.951564	65.431058	0.308321	-1680.673071	
5.004000	15.467371	0.742716	-1.954120	65.423725	0.160350	-1680.600042	
5.005000	15.429317	0.823676	-1.956014	65.416055	0.296639	-1680.527431	
5.006000	15.336296	0.807484	-1.956583	65.407803	0.261593	-1680.455234	
5.007000	15.344753	0.839869	-1.955431	65.398772	0.218760	-1680.383398	
5.008000	15.239048	0.839869	-1.952949	65.389087	0.288851	-1680.311814	
5.009000	15.391263	0.847965	-1.949605	65.379039	0.288851	-1680.240339	
5.010000	15.416632	0.993694	-1.945540	65.368669	0.351155	-1680.168819	
5.011000	15.454686	0.791292	-1.941003	65.357729	0.362836	-1680.097108	
5.012000	15.315155	0.985598	-1.936423	65.346018	0.090259	-1680.025087	
5.013000	15.150255	0.815580	-1.932158	65.333657	0.296639	-1679.952676	
5.014000	15.560391	0.669851	-1.928346	65.320932	0.261593	-1679.879847	
5.015000	15.471599	0.596986	-1.924857	65.307883	0.288851	-1679.806627	
5.016000	15.480055	0.856061	-1.921620	65.294264	0.288851	-1679.733108	
5.017000	15.370122	0.920829	-1.918855	65.279876	0.323897	-1679.659432	
5.018000	15.226363	0.839869	-1.916834	65.264844	0.168138	-1679.585760	
5.019000	15.471599	0.767004	-1.915718	65.249453	0.253805	-1679.512252	
5.020000	15.425089	0.880349	-1.915561	65.233743	0.292745	-1679.439035	
5.021000	15.442002	0.750812	-1.916385	65.217470	0.312215	-1679.366185	
5.022000	15.310927	0.831773	-1.918431	65.200441	0.273275	-1679.293725	
5.023000	15.124886	0.937022	-1.922293	65.182785	0.292745	-1679.221635	
5.024000	15.488512	0.977502	-1.928334	65.164799	0.277169	-1679.149848	
5.025000	15.446230	0.912733	-1.935969	65.146525	0.304427	-1679.078256	
5.026000	15.458914	0.742716	-1.943955	65.127718	0.382306	-1679.006720	
5.027000	15.399719	0.799388	-1.951222	65.108181	0.195396	-1678.935096	
5.028000	15.247504	0.872253	-1.957207	65.088034	0.288851	-1678.863256	
5.029000	15.530794	0.637467	-1.961636	65.067566	0.351155	-1678.791105	
5.030000	15.501196	0.880349	-1.964315	65.046816	0.393988	-1678.718595	
5.031000	15.454686	1.058463	-1.965237	65.025538	0.234335	-1678.645725	
5.032000	15.471599	0.856061	-1.964602	65.003537	0.160350	-1678.572543	
5.033000	15.247504	0.937022	-1.962631	64.980939	0.327791	-1678.499146	
5.034000	15.484284	0.726523	-1.959635	64.958033	0.246017	-1678.425679	
5.035000	15.310927	0.937022	-1.956177	64.934860	0.269381	-1678.352301	
5.036000	15.416632	0.718427	-1.952875	64.911179	0.300533	-1678.279160	
5.037000	15.344753	0.904637	-1.950198	64.886794	0.288851	-1678.206370	
5.038000	15.209450	1.098943	-1.948443	64.861828	0.320003	-1678.133991	
5.039000	15.480055	0.920829	-1.947685	64.836569	0.230441	-1678.062035	
5.040000	15.340525	0.961310	-1.947700	64.811058	0.308321	-1677.990474	
5.041000	15.480055	0.815580	-1.948105	64.785052	0.246017	-1677.919236	
5.042000	15.501196	0.758908	-1.948564	64.758354	0.288851	-1677.848200	
5.043000	15.251732	0.937022	-1.948723	64.731082	0.320003	-1677.777226	
5.044000	15.556163	0.847965	-1.948283	64.703521	0.109728	-1677.706168	
5.045000	15.336296	0.977502	-1.947143	64.675708	0.242123	-1677.634908	
5.046000	15.450458	0.807484	-1.945343	64.647402	0.281063	-1677.563363	
5.047000	15.526566	0.839869	-1.942975	64.618412	0.292745	-1677.491493	
5.048000	15.158712	0.694139	-1.940098	64.588863	0.281063	-1677.419299	
5.049000	15.535022	0.799388	-1.936674	64.559044	0.207078	-1677.346839	
5.050000	15.306699	1.001790	-1.932708	64.528994	0.261593	-1677.274222	
5.051000	15.412404	0.928926	-1.928407	64.498469	0.382306	-1677.201599	
5.052000	15.429317	0.815580	-1.924238	64.467270	0.246017	-1677.129124	
5.053000	15.179853	0.961310	-1.920901	64.435517	0.327791	-1677.056936	
5.054000	15.560391	0.872253	-1.919080	64.403500	0.292745	-1676.985132	
5.055000	15.391263	0.540314	-1.919110	64.371259	0.370624	-1676.913763	
5.056000	15.492740	0.823676	-1.921240	64.338551	0.339473	-1676.842828	
5.057000	15.454686	0.799388	-1.925862	64.305180	0.168138	-1676.772278	
5.058000	15.196765	0.880349	-1.932688	64.271264	0.261593	-1676.702013	
5.059000	15.577304	0.799388	-1.940385	64.237086	0.355048	-1676.631896	
5.060000	15.408176	0.969406	-1.947537	64.202683	0.238229	-1676.561778	
5.061000	15.416632	0.937022	-1.953342	64.167815	0.366730	-1676.491516	
5.062000	15.374350	0.807484	-1.957444	64.132295	0.214866	-1676.420983	
5.063000	15.099517	0.928926	-1.959682	64.096248	0.320003	-1676.350093	
5.064000	15.539250	0.750812	-1.959695	64.059958	0.234335	-1676.278809	
5.065000	15.412404	0.896541	-1.956679	64.023463	0.331685	-1676.207155	
5.066000	15.403948	0.872253	-1.950383	63.986519	0.277169	-1676.135215	
5.067000	15.433545	0.904637	-1.941805	63.948937	0.339473	-1676.063121	
5.068000	15.188309	0.945118	-1.932423	63.910836	0.234335	-1675.991032	
5.069000	15.568848	0.726523	-1.923440	63.872493	0.277169	-1675.919109	
5.070000	15.416632	0.669851	-1.915664	63.833941	0.238229	-1675.847488	
5.071000	15.484284	0.920829	-1.909577	63.794939	0.366730	-1675.776258	
5.072000	15.437773	0.928926	-1.905507	63.755300	0.078577	-1675.705450	
5.073000	15.133342	0.839869	-1.903532	63.715151	0.257699	-1675.635045	
5.074000	15.539250	0.799388	-1.903220	63.674782	0.226548	-1675.564972	
5.075000	15.344753	0.742716	-1.903973	63.634239	0.281063	-1675.495113	
5.076000	15.416632	0.920829	-1.905378	63.593288	0.304427	-1675.425323	
5.077000	15.395491	0.847965	-1.907134	63.551746	0.218760	-1675.355446	
5.078000	15.124886	1.009886	-1.908916	63.509738	0.316109	-1675.285336	
5.079000	15.522337	0.920829	-1.910188	63.467539	0.234335	-1675.214883	
5.080000	15.353209	0.767004	-1.910287	63.425181	0.308321	-1675.144023	
5.081000	15.446230	0.758908	-1.908667	63.382422	0.417352	-1675.072747	
5.082000	15.454686	0.807484	-1.905278	63.339073	0.323897	-1675.001098	
5.083000	15.205222	0.888445	-1.900774	63.295256	0.226548	-1674.929182	
5.084000	15.543479	0.677947	-1.896132	63.251254	0.214866	-1674.857148	
5.085000	15.480055	0.742716	-1.892250	63.207104	0.257699	-1674.785166	
5.086000	15.399719	0.993694	-1.889872	63.162573	0.343367	-1674.713399	
5.087000	15.484284	0.896541	-1.889603	63.117476	0.086365	-1674.641969	
5.088000	15.268645	0.847965	-1.891748	63.071941	0.331685	-1674.570941	
5.089000	15.475827	0.872253	-1.896248	63.026250	0.253805	-1674.500324	
5.090000	15.374350	0.661755	-1.902889	62.980439	0.366730	-1674.430081	
5.091000	15.357437	0.864157	-1.911315	62.934271	0.366730	-1674.360124	
5.092000	15.395491	0.904637	-1.920817	62.887558	0.269381	-1674.290317	
5.093000	15.226363	0.928926	-1.930446	62.840424	0.284957	-1674.220507	
5.094000	15.420861	0.977502	-1.939412	62.793151	0.331685	-1674.150539	
5.095000	15.391263	0.823676	-1.947289	62.745776	0.273275	-1674.080285	
5.096000	15.463143	0.742716	-1.953838	62.698063	0.226548	-1674.009657	
5.097000	15.446230	1.115135	-1.958934	62.649822	0.074683	-1673.938613	
5.098000	15.281330	0.904637	-1.962715	62.601176	0.207078	-1673.867161	
5.099000	15.463143	0.880349	-1.965320	62.552402	0.288851	-1673.795370	
5.100000	15.412404	0.896541	-1.966701	62.503536	0.269381	-1673.723366	0.000000
5.101000	15.399719	0.880349	-1.966973	62.454342	0.413458	-1673.651307	
5.102000	15.471599	0.847965	-1.966443	62.404634	0.288851	-1673.579358	
5.103000	15.226363	0.831773	-1.965414	62.354540	0.425140	-1673.507660	
5.104000	15.450458	0.864157	-1.964201	62.304348	0.331685	-1673.436310	
5.105000	15.319384	0.815580	-1.962932	62.254098	0.277169	-1673.365350	
5.106000	15.361666	0.815580	-1.961455	62.203558	0.343367	-1673.294773	
5.107000	15.412404	0.791292	-1.959671	62.152540	0.393988	-1673.224524	
5.108000	15.247504	0.815580	-1.957672	62.101163	0.207078	-1673.154501	
5.109000	15.505425	0.799388	-1.955510	62.049700	0.172032	-1673.084575	
5.110000	15.416632	0.823676	-1.953127	61.998179	0.308321	-1673.014602	
5.111000	15.433545	0.880349	-1.950466	61.946359	0.355048	-1672.944444	
5.112000	15.446230	0.767004	-1.947470	61.894053	0.101940	-1672.873986	
5.113000	15.319384	0.847965	-1.944136	61.841386	0.210972	-1672.803153	
5.114000	15.496968	1.001790	-1.940654	61.788647	0.101940	-1672.731919	
5.115000	15.370122	0.896541	-1.937304	61.735884	0.362836	-1672.660311	
5.116000	15.399719	0.856061	-1.934172	61.682870	0.374518	-1672.588410	
5.117000	15.319384	0.864157	-1.931289	61.629425	0.390094	-1672.516346	
5.118000	15.184081	0.767004	-1.928909	61.575675	0.226548	-1672.444270	
5.119000	15.484284	0.815580	-1.927400	61.521899	0.382306	-1672.372337	
5.120000	15.391263	0.993694	-1.926967	61.468131	0.292745	-1672.300677	
5.121000	15.425089	0.888445	-1.927470	61.414133	0.382306	-1672.229372	
5.122000	15.361666	0.742716	-1.929028	61.359720	0.226548	-1672.158452	
5.123000	15.315155	0.799388	-1.932266	61.305008	0.242123	-1672.087898	
5.124000	15.509653	0.710331	-1.936943	61.250265	0.386200	-1672.017651	
5.125000	15.429317	0.953214	-1.941849	61.195518	0.249911	-1671.947611	
5.126000	15.442002	0.831773	-1.946094	61.140532	0.320003	-1671.877649	
5.127000	15.370122	0.880349	-1.949273	61.085126	0.175926	-1671.807622	
5.128000	15.239048	0.864157	-1.951214	61.029423	0.156456	-1671.737395	
5.129000	15.577304	0.783196	-1.951935	60.973702	0.316109	-1671.666865	
5.130000	15.239048	0.758908	-1.951381	60.918001	0.249911	-1671.595971	
5.131000	15.433545	0.945118	-1.949475	60.862095	0.397882	-1671.524702	
5.132000	15.243276	0.945118	-1.946520	60.805802	0.238229	-1671.453095	
5.133000	15.239048	0.896541	-1.942932	60.749242	0.382306	-1671.381243	
5.134000	15.568848	0.750812	-1.938988	60.692686	0.370624	-1671.309282	
5.135000	15.387035	0.912733	-1.935170	60.636162	0.358942	-1671.237372	
5.136000	15.480055	0.775100	-1.931973	60.579437	0.281063	-1671.165669	
5.137000	15.348981	0.823676	-1.929623	60.522327	0.136986	-1671.094295	
5.138000	15.192537	0.928926	-1.928247	60.464950	0.234335	-1671.023321	
5.139000	15.589989	0.839869	-1.928039	60.407575	0.265487	-1670.952767	
5.140000	15.294014	0.896541	-1.929128	60.350231	0.397882	-1670.882613	
5.141000	15.480055	0.880349	-1.931360	60.292690	0.273275	-1670.812790	
5.142000	15.408176	0.653659	-1.934195	60.234772	0.292745	-1670.743180	
5.143000	15.162940	0.920829	-1.936868	60.176600	0.257699	-1670.673635	
5.144000	15.543479	0.831773	-1.938732	60.118449	0.230441	-1670.604001	
5.145000	15.357437	0.904637	-1.939400	60.060351	0.362836	-1670.534149	
5.146000	15.403948	1.066559	-1.938734	60.002078	0.296639	-1670.463991	
5.147000	15.425089	0.726523	-1.936873	59.943448	0.269381	-1670.393483	
5.148000	15.184081	0.993694	-1.933989	59.884578	0.257699	-1670.322628	
5.149000	15.535022	0.823676	-1.930019	59.825737	0.214866	-1670.251484	
5.150000	15.340525	0.969406	-1.924976	59.766954	0.355048	-1670.180165	
5.151000	15.454686	0.783196	-1.919340	59.707994	0.304427	-1670.108827	
5.152000	15.446230	0.710331	-1.913841	59.648674	0.257699	-1670.037635	
5.153000	15.264417	0.880349	-1.909137	59.589115	0.164244	-1669.966740	
5.154000	15.530794	0.823676	-1.905740	59.529588	0.238229	-1669.896243	
5.155000	15.425089	0.767004	-1.904010	59.470129	0.370624	-1669.826191	
5.156000	15.484284	0.807484	-1.904152	59.410511	0.265487	-1669.756584	
5.157000	15.433545	0.839869	-1.906073	59.350558	0.117516	-1669.687374	
5.158000	15.196765	0.945118	-1.909317	59.290391	0.382306	-1669.618467	
5.159000	15.463143	0.791292	-1.913271	59.230283	0.393988	-1669.549723	
5.160000	15.374350	0.904637	-1.917327	59.170263	0.401776	-1669.480984	
5.161000	15.437773	1.026079	-1.920971	59.110098	0.358942	-1669.412093	
5.162000	15.416632	0.815580	-1.923917	59.049602	0.195396	-1669.342922	
5.163000	15.243276	0.815580	-1.925997	58.988888	0.226548	-1669.273389	
5.164000	15.573076	0.864157	-1.927012	58.928220	0.230441	-1669.203467	
5.165000	15.361666	0.758908	-1.926856	58.867626	0.323897	-1669.133184	
5.166000	15.425089	0.904637	-1.925615	58.806877	0.312215	-1669.062627	
5.167000	15.505425	0.799388	-1.923624	58.745791	0.051319	-1668.991934	
5.168000	15.196765	0.896541	-1.921484	58.684488	0.191502	-1668.921268	
5.169000	15.573076	0.912733	-1.919797	58.623239	0.187608	-1668.850798	
5.170000	15.399719	0.823676	-1.918884	58.562080	0.401776	-1668.780658	
5.171000	15.357437	0.985598	-1.918820	58.500787	0.292745	-1668.710934	
5.172000	15.425089	0.572698	-1.919765	58.439180	0.144774	-1668.641649	
5.173000	15.061463	0.758908	-1.922113	58.377373	0.343367	-1668.572777	
5.174000	15.551935	0.953214	-1.925950	58.315622	0.347261	-1668.504247	
5.175000	15.408176	0.920829	-1.930720	58.253953	0.323897	-1668.435941	
5.176000	15.319384	1.017982	-1.935591	58.192136	0.362836	-1668.367716	
5.177000	15.467371	0.767004	-1.939847	58.129990	0.261593	-1668.299413	
5.178000	15.247504	0.718427	-1.943143	58.067627	0.265487	-1668.230889	
5.179000	15.568848	0.767004	-1.945579	58.005308	0.257699	-1668.162036	
5.180000	15.484284	0.799388	-1.947114	57.943060	0.187608	-1668.092800	
5.181000	15.374350	1.009886	-1.947058	57.880661	0.230441	-1668.023175	
5.182000	15.450458	0.856061	-1.944861	57.817937	0.242123	-1667.953206	
5.183000	15.226363	0.847965	-1.940910	57.755008	0.199290	-1667.882991	
5.184000	15.518109	0.799388	-1.936242	57.692140	0.222654	-1667.812670	
5.185000	15.391263	0.888445	-1.931975	57.629368	0.370624	-1667.742401	
5.186000	15.357437	1.009886	-1.928851	57.566470	0.246017	-1667.672339	
5.187000	15.378578	0.928926	-1.927124	57.503270	0.323897	-1667.602597	
5.188000	15.306699	0.783196	-1.926884	57.439882	0.281063	-1667.533236	
5.189000	15.615358	0.977502	-1.928325	57.376565	0.284957	-1667.464266	
5.190000	15.458914	0.823676	-1.931589	57.313351	0.187608	-1667.395659	
5.191000	15.382807	0.872253	-1.936504	57.250015	0.230441	-1667.327343	
5.192000	15.391263	0.896541	-1.942472	57.186378	0.253805	-1667.259202	
5.193000	15.251732	0.815580	-1.948624	57.122552	0.222654	-1667.191091	
5.194000	15.539250	0.880349	-1.954247	57.058792	0.152562	-1667.122863	
5.195000	15.454686	0.823676	-1.958988	56.995126	0.257699	-1667.054396	
5.196000	15.340525	0.872253	-1.962715	56.931335	0.230441	-1666.985608	
5.197000	15.374350	1.082751	-1.965409	56.867250	0.066895	-1666.916455	
5.198000	15.260189	0.783196	-1.966636	56.802988	0.160350	-1666.846939	
5.199000	15.492740	0.839869	-1.965167	56.738812	0.230441	-1666.777114	
5.200000	15.429317	0.629370	-1.960392	56.674755	0.440716	-1666.707092	0.000000
5.201000	15.425089	0.920829	-1.953397	56.610594	0.401776	-1666.637022	
5.202000	15.403948	0.961310	-1.945857	56.546155	0.230441	-1666.567061	
5.203000	15.251732	0.920829	-1.939005	56.481551	0.265487	-1666.497351	
5.204000	15.458914	0.928926	-1.933578	56.417038	0.362836	-1666.427989	
5.205000	15.429317	0.742716	-1.929860	56.352641	0.397882	-1666.359025	
5.206000	15.505425	0.507929	-1.927538	56.288134	0.284957	-1666.290463	
5.207000	15.450458	0.880349	-1.926034	56.223338	0.183714	-1666.222266	
5.208000	15.281330	0.872253	-1.925163	56.158370	0.242123	-1666.154351	
5.209000	15.551935	0.823676	-1.924992	56.093490	0.234335	-1666.086591	
5.210000	15.433545	0.937022	-1.925449	56.028732	0.312215	-1666.018839	
5.211000	15.454686	0.831773	-1.926433	55.963878	0.296639	-1665.950952	
5.212000	15.357437	0.904637	-1.927917	55.898759	0.358942	-1665.882808	
5.213000	15.251732	0.839869	-1.929835	55.833493	0.335579	-1665.814328	
5.214000	15.391263	0.928926	-1.932106	55.768339	0.429034	-1665.745477	
5.215000	15.365894	0.767004	-1.934626	55.703330	0.436822	-1665.676268	
5.216000	15.437773	0.856061	-1.937088	55.638244	0.355048	-1665.606775	
5.217000	15.382807	0.742716	-1.939178	55.572908	0.253805	-1665.537125	
5.218000	15.323612	0.864157	-1.940964	55.507436	0.304427	-1665.467480	
5.219000	15.556163	0.734620	-1.942815	55.442083	0.195396	-1665.398003	
5.220000	15.408176	0.847965	-1.945075	55.376879	0.339473	-1665.328830	
5.221000	15.446230	0.847965	-1.947839	55.311603	0.358942	-1665.260052	
5.222000	15.357437	0.896541	-1.950935	55.246081	0.086365	-1665.191703	
5.223000	15.361666	1.026079	-1.954050	55.180429	0.136986	-1665.123768	
5.224000	15.543479	0.888445	-1.956849	55.114907	0.304427	-1665.056185	
5.225000	15.323612	1.042271	-1.958971	55.049551	0.413458	-1664.988843	
5.226000	15.399719	0.831773	-1.959904	54.984144	0.499125	-1664.921597	
5.227000	15.365894	0.912733	-1.959286	54.918514	0.320003	-1664.854290	
5.228000	15.268645	0.872253	-1.957215	54.852769	0.273275	-1664.786782	
5.229000	15.539250	0.847965	-1.954034	54.787158	0.390094	-1664.718967	
5.230000	15.268645	0.896541	-1.949977	54.721707	0.390094	-1664.650783	
5.231000	15.412404	0.742716	-1.945158	54.656198	0.386200	-1664.582220	
5.232000	15.471599	0.734620	-1.939900	54.590454	0.172032	-1664.513318	
5.233000	15.332068	0.758908	-1.934659	54.524581	0.210972	-1664.444179	
5.234000	15.560391	0.694139	-1.929819	54.458825	0.222654	-1664.374949	
5.235000	15.395491	0.799388	-1.925801	54.393215	0.234335	-1664.305799	
5.236000	15.416632	0.856061	-1.922944	54.327535	0.195396	-1664.236890	
5.237000	15.425089	0.758908	-1.921459	54.261616	0.156456	-1664.168343	
5.238000	15.323612	1.058463	-1.921510	54.195572	0.304427	-1664.100225	
5.239000	15.581532	1.026079	-1.923004	54.129662	0.172032	-1664.032551	
5.240000	15.255960	0.807484	-1.925488	54.063919	0.390094	-1663.965291	
5.241000	15.348981	0.880349	-1.928477	53.998132	0.335579	-1663.898364	
5.242000	15.302471	0.767004	-1.931571	53.932128	0.226548	-1663.831644	
5.243000	15.302471	0.985598	-1.934248	53.866009	0.296639	-1663.764977	
5.244000	15.564620	0.767004	-1.935985	53.800017	0.277169	-1663.698213	
5.245000	15.340525	0.888445	-1.936511	53.734174	0.320003	-1663.631223	
5.246000	15.399719	1.001790	-1.935846	53.668263	0.386200	-1663.563920	
5.247000	15.391263	1.058463	-1.934036	53.602110	0.238229	-1663.496265	
5.248000	15.336296	0.767004	-1.930563	53.535818	0.281063	-1663.428266	
5.249000	15.619586	0.702235	-1.924588	53.469628	0.160350	-1663.359986	
5.250000	15.357437	0.904637	-1.916137	53.403566	0.249911	-1663.291545	
5.251000	15.416632	1.001790	-1.906360	53.337420	0.257699	-1663.223097	
5.252000	15.408176	0.694139	-1.896631	53.271022	0.320003	-1663.154805	
5.253000	15.239048	0.912733	-1.887922	53.204481	0.300533	-1663.086810	
5.254000	15.577304	0.661755	-1.880864	53.138042	0.312215	-1663.019211	
5.255000	15.310927	0.912733	-1.876216	53.071738	0.397882	-1662.952049	
5.256000	15.408176	0.920829	-1.874754	53.005353	0.261593	-1662.885319	
5.257000	15.454686	0.750812	-1.876416	52.938715	0.207078	-1662.818969	
5.258000	15.230591	0.880349	-1.880341	52.871928	0.199290	-1662.752901	
5.259000	15.619586	0.621274	-1.885635	52.805233	0.207078	-1662.686977	
5.260000	15.437773	0.758908	-1.891497	52.738655	0.331685	-1662.621040	
5.261000	15.450458	0.856061	-1.897002	52.671981	0.323897	-1662.554946	
5.262000	15.463143	0.783196	-1.901434	52.605040	0.121410	-1662.488573	
5.263000	15.272873	0.880349	-1.904581	52.537941	0.257699	-1662.421844	
5.264000	15.568848	0.799388	-1.906389	52.470930	0.308321	-1662.354726	
5.265000	15.391263	0.872253	-1.906734	52.404040	0.378412	-1662.287245	
5.266000	15.399719	0.977502	-1.905616	52.337064	0.386200	-1662.219485	
5.267000	15.395491	0.872253	-1.903395	52.269841	0.098047	-1662.151579	
5.268000	15.243276	0.888445	-1.900767	52.202480	0.148668	-1662.083681	
5.269000	15.522337	0.807484	-1.898360	52.135224	0.335579	-1662.015943	
5.270000	15.467371	0.799388	-1.896536	52.068098	0.335579	-1661.948493	
5.271000	15.361666	1.050367	-1.895616	52.000891	0.401776	-1661.881409	
5.272000	15.484284	0.823676	-1.896013	51.933433	0.144774	-1661.814721	
5.273000	15.281330	0.856061	-1.898226	51.865829	0.113622	-1661.748417	
5.274000	15.535022	0.807484	-1.902643	51.798318	0.129198	-1661.682435	
5.275000	15.420861	0.734620	-1.909028	51.730925	0.214866	-1661.616669	
5.276000	15.433545	0.961310	-1.916411	51.663439	0.238229	-1661.550980	
5.277000	15.433545	0.831773	-1.923637	51.595699	0.261593	-1661.485223	
5.278000	15.255960	0.920829	-1.929964	51.527810	0.249911	-1661.419260	
5.279000	15.581532	0.904637	-1.935319	51.460009	0.214866	-1661.352980	
5.280000	15.306699	0.880349	-1.940037	51.392325	0.358942	-1661.286314	
5.281000	15.370122	1.009886	-1.944288	51.324553	0.390094	-1661.219242	
5.282000	15.391263	1.017982	-1.947820	51.256530	0.257699	-1661.151797	
5.283000	15.247504	0.872253	-1.950245	51.188366	0.327791	-1661.084073	
5.284000	15.509653	0.945118	-1.951466	51.120306	0.292745	-1661.016205	
5.285000	15.391263	0.799388	-1.951756	51.052378	0.277169	-1660.948350	
5.286000	15.408176	0.928926	-1.951467	50.984373	0.281063	-1660.880660	
5.287000	15.475827	0.758908	-1.950884	50.916128	0.265487	-1660.813257	
5.288000	15.281330	0.880349	-1.950339	50.847746	0.323897	-1660.746216	
5.289000	15.492740	0.937022	-1.950221	50.779467	0.409564	-1660.679559	
5.290000	15.403948	0.831773	-1.950858	50.711315	0.355048	-1660.613264	
5.291000	15.403948	1.026079	-1.952328	50.643082	0.253805	-1660.547262	
5.292000	15.442002	0.815580	-1.954403	50.574607	0.136986	-1660.481438	
5.293000	15.340525	0.864157	-1.956690	50.505998	0.284957	-1660.415650	
5.294000	15.437773	0.928926	-1.958738	50.437494	0.238229	-1660.349750	
5.295000	15.399719	0.823676	-1.960162	50.369121	0.370624	-1660.283607	
5.296000	15.281330	0.904637	-1.960863	50.300672	0.288851	-1660.217125	
5.297000	15.496968	1.074655	-1.960863	50.231984	0.207078	-1660.150256	
5.298000	15.365894	0.896541	-1.959948	50.163159	0.300533	-1660.083004	
5.299000	15.488512	1.058463	-1.957744	50.094435	0.327791	-1660.015427	
5.300000	15.340525	0.977502	-1.954221	50.025832	0.253805	-1659.947638	0.000000
5.301000	15.412404	0.823676	-1.949971	49.957144	0.320003	-1659.879787	
5.302000	15.484284	0.864157	-1.945808	49.888203	0.253805	-1659.812038	
5.303000	15.416632	0.815580	-1.942359	49.819114	0.109728	-1659.744544	
5.304000	15.442002	0.961310	-1.940067	49.750114	0.203184	-1659.677415	
5.305000	15.416632	0.872253	-1.939208	49.681231	0.386200	-1659.610702	
5.306000	15.467371	1.017982	-1.939856	49.612263	0.331685	-1659.544405	
5.307000	15.395491	0.904637	-1.941866	49.543051	0.160350	-1659.478479	
5.308000	15.353209	0.864157	-1.944863	49.473699	0.261593	-1659.412830	
5.309000	15.467371	0.864157	-1.948231	49.404446	0.175926	-1659.347323	
5.310000	15.374350	0.945118	-1.951223	49.335321	0.440716	-1659.281804	
5.311000	15.403948	0.993694	-1.953288	49.266122	0.378412	-1659.216122	
5.312000	15.357437	0.904637	-1.954352	49.196686	0.288851	-1659.150149	
5.313000	15.420861	0.945118	-1.954739	49.127111	0.277169	-1659.083800	
5.314000	15.480055	0.758908	-1.954597	49.057627	0.156456	-1659.017046	
5.315000	15.446230	0.775100	-1.953630	48.988260	0.370624	-1658.949911	
5.316000	15.467371	0.856061	-1.951618	48.918808	0.300533	-1658.882479	
5.317000	15.387035	0.977502	-1.948809	48.849113	0.234335	-1658.814880	
5.318000	15.378578	0.864157	-1.945792	48.779279	0.222654	-1658.747277	
5.319000	15.547707	0.839869	-1.943229	48.709546	0.121410	-1658.679833	
5.320000	15.420861	0.977502	-1.941732	48.639944	0.296639	-1658.612687	
5.321000	15.336296	0.775100	-1.941765	48.570280	0.436822	-1658.545925	
5.322000	15.277101	0.993694	-1.943315	48.500396	0.335579	-1658.479576	
5.323000	15.315155	0.791292	-1.946035	48.430395	0.292745	-1658.413615	
5.324000	15.556163	0.864157	-1.949699	48.360506	0.339473	-1658.347968	
5.325000	15.323612	0.977502	-1.953976	48.290753	0.230441	-1658.282513	
5.326000	15.412404	0.993694	-1.958184	48.220935	0.358942	-1658.217103	
5.327000	15.391263	1.001790	-1.961726	48.150893	0.179820	-1658.151585	
5.328000	15.429317	0.783196	-1.964415	48.080730	0.300533	-1658.085819	
5.329000	15.594217	0.750812	-1.966195	48.010675	0.230441	-1658.019698	
5.330000	15.480055	0.718427	-1.967211	47.940758	0.429034	-1657.953164	
5.331000	15.492740	0.872253	-1.968114	47.870781	0.308321	-1657.886207	
5.332000	15.332068	0.783196	-1.969307	47.800591	0.140880	-1657.818874	
5.333000	15.370122	0.896541	-1.970420	47.730288	0.133092	-1657.751267	
5.334000	15.496968	0.734620	-1.971033	47.660101	0.288851	-1657.683526	
5.335000	15.370122	0.775100	-1.970995	47.590058	0.323897	-1657.615811	
5.336000	15.433545	0.920829	-1.970184	47.519966	0.366730	-1657.548273	
5.337000	15.264417	0.864157	-1.968627	47.449675	0.191502	-1657.481029	
5.338000	15.420861	1.001790	-1.966647	47.379290	0.183714	-1657.414145	
5.339000	15.501196	0.969406	-1.964613	47.309044	0.179820	-1657.347635	
5.340000	15.348981	0.937022	-1.962700	47.238967	0.417352	-1657.281468	
5.341000	15.454686	0.945118	-1.960916	47.168861	0.382306	-1657.215571	
5.342000	15.374350	0.669851	-1.959097	47.098568	0.230441	-1657.149828	
5.343000	15.387035	0.847965	-1.956912	47.028187	0.195396	-1657.084098	
5.344000	15.598445	0.758908	-1.954075	46.957944	0.117516	-1657.018235	
5.345000	15.353209	0.831773	-1.950483	46.887864	0.113622	-1656.952113	
5.346000	15.475827	0.775100	-1.946218	46.817751	0.214866	-1656.885647	
5.347000	15.391263	0.839869	-1.941253	46.747453	0.179820	-1656.818796	
5.348000	15.437773	0.864157	-1.935138	46.677069	0.277169	-1656.751568	
5.349000	15.547707	0.686043	-1.927729	46.606827	0.226548	-1656.684017	
5.350000	15.408176	0.920829	-1.919734	46.536753	0.432928	-1656.616248	
5.351000	15.450458	0.920829	-1.912117	46.466653	0.503019	-1656.548401	
5.352000	15.399719	0.896541	-1.905654	46.396373	0.281063	-1656.480633	
5.353000	15.344753	0.937022	-1.900863	46.326012	0.175926	-1656.413087	
5.354000	15.547707	0.823676	-1.898044	46.255801	0.226548	-1656.345867	
5.355000	15.378578	0.791292	-1.897233	46.185767	0.284957	-1656.279022	
5.356000	15.509653	0.880349	-1.897871	46.115716	0.358942	-1656.212558	
5.357000	15.463143	0.621274	-1.898954	46.045491	0.160350	-1656.146435	
5.358000	15.416632	0.856061	-1.899907	45.975193	0.249911	-1656.080570	
5.359000	15.573076	0.872253	-1.900782	45.905054	0.226548	-1656.014838	
5.360000	15.353209	0.847965	-1.901645	45.835104	0.249911	-1655.949087	
5.361000	15.442002	1.026079	-1.902409	45.765152	0.261593	-1655.883168	
5.362000	15.399719	0.742716	-1.903029	45.695048	0.238229	-1655.816951	
5.363000	15.370122	0.686043	-1.903534	45.624897	0.156456	-1655.750351	
5.364000	15.446230	0.961310	-1.903929	45.554932	0.343367	-1655.683328	
5.365000	15.344753	0.912733	-1.904110	45.485181	0.479655	-1655.615898	
5.366000	15.429317	1.034175	-1.903898	45.415447	0.331685	-1655.548133	
5.367000	15.475827	0.799388	-1.903261	45.345572	0.168138	-1655.480158	
5.368000	15.370122	0.912733	-1.902499	45.275656	0.207078	-1655.412132	
5.369000	15.598445	0.710331	-1.902007	45.205922	0.265487	-1655.344222	
5.370000	15.378578	0.815580	-1.901971	45.136396	0.226548	-1655.276568	
5.371000	15.488512	1.082751	-1.902371	45.066884	0.335579	-1655.209261	
5.372000	15.416632	0.726523	-1.903156	44.997233	0.242123	-1655.142334	
5.373000	15.323612	0.831773	-1.904046	44.927548	0.246017	-1655.075769	
5.374000	15.564620	0.888445	-1.904453	44.858062	0.284957	-1655.009508	
5.375000	15.370122	0.831773	-1.904105	44.788811	0.456292	-1654.943446	
5.376000	15.344753	1.017982	-1.903144	44.719610	0.246017	-1654.877441	
5.377000	15.399719	0.742716	-1.901567	44.650309	0.238229	-1654.811333	
5.378000	15.336296	0.767004	-1.899039	44.581009	0.207078	-1654.744975	
5.379000	15.556163	0.791292	-1.895325	44.511934	0.160350	-1654.678251	
5.380000	15.336296	0.872253	-1.890779	44.443109	0.401776	-1654.611092	
5.381000	15.260189	0.904637	-1.886101	44.374342	0.312215	-1654.543483	
5.382000	15.412404	0.734620	-1.881916	44.305476	0.168138	-1654.475463	
5.383000	15.420861	0.742716	-1.878649	44.236602	0.109728	-1654.407135	
5.384000	15.615358	0.969406	-1.876563	44.167938	0.269381	-1654.338647	
5.385000	15.463143	0.847965	-1.875955	44.099507	0.288851	-1654.270170	
5.386000	15.378578	1.009886	-1.877156	44.031120	0.210972	-1654.201869	
5.387000	15.454686	0.799388	-1.880351	43.962628	0.078577	-1654.133872	
5.388000	15.378578	0.953214	-1.885476	43.894133	0.175926	-1654.066255	
5.389000	15.518109	0.888445	-1.892282	43.825859	0.230441	-1653.999034	
5.390000	15.403948	0.775100	-1.900590	43.757835	0.429034	-1653.932179	
5.391000	15.306699	0.969406	-1.910135	43.689874	0.425140	-1653.865613	
5.392000	15.408176	0.831773	-1.920187	43.621823	0.327791	-1653.799215	
5.393000	15.408176	0.969406	-1.929731	43.553773	0.316109	-1653.732835	
5.394000	15.509653	0.791292	-1.937779	43.485932	0.320003	-1653.666321	
5.395000	15.433545	0.758908	-1.943467	43.418318	0.378412	-1653.599543	
5.396000	15.446230	0.823676	-1.946314	43.350740	0.300533	-1653.532413	
5.397000	15.509653	0.516025	-1.946214	43.283048	0.187608	-1653.464892	
5.398000	15.454686	0.912733	-1.943401	43.215339	0.246017	-1653.396988	
5.399000	15.560391	0.775100	-1.938786	43.147835	0.207078	-1653.328762	
5.400000	15.433545	0.775100	-1.933563	43.080563	0.277169	-1653.260330	0.000000
5.401000	15.378578	1.090847	-1.928616	43.013339	0.292745	-1653.191847	
5.402000	15.399719	0.977502	-1.924627	42.946016	0.199290	-1653.123480	
5.403000	15.344753	0.799388	-1.921980	42.878695	0.331685	-1653.055377	
5.404000	15.484284	0.896541	-1.920595	42.811594	0.203184	-1652.987643	
5.405000	15.306699	0.985598	-1.920237	42.744741	0.296639	-1652.920325	
5.406000	15.437773	1.115135	-1.920782	42.677950	0.253805	-1652.853421	
5.407000	15.437773	0.912733	-1.922226	42.611073	0.288851	-1652.786892	
5.408000	15.382807	0.904637	-1.924487	42.544204	0.261593	-1652.720648	
5.409000	15.509653	0.839869	-1.927153	42.477561	0.288851	-1652.654556	
5.410000	15.463143	0.677947	-1.929746	42.411164	0.343367	-1652.588463	
5.411000	15.458914	1.001790	-1.932026	42.344827	0.358942	-1652.522224	
5.412000	15.450458	0.847965	-1.933832	42.278400	0.234335	-1652.455722	
5.413000	15.403948	0.750812	-1.935041	42.211977	0.078577	-1652.388882	
5.414000	15.458914	1.196096	-1.935758	42.145773	0.246017	-1652.321674	
5.415000	15.353209	0.880349	-1.936316	42.079813	0.300533	-1652.254112	
5.416000	15.416632	1.115135	-1.936818	42.013913	0.300533	-1652.186266	
5.417000	15.298242	0.904637	-1.937071	41.947925	0.222654	-1652.118258	
5.418000	15.420861	0.815580	-1.937131	41.881945	0.277169	-1652.050240	
5.419000	15.416632	0.961310	-1.937328	41.816190	0.246017	-1651.982371	
5.420000	15.408176	0.888445	-1.937927	41.750684	0.300533	-1651.914777	
5.421000	15.437773	1.017982	-1.938996	41.685239	0.308321	-1651.847539	
5.422000	15.378578	0.977502	-1.940395	41.619707	0.261593	-1651.780689	
5.423000	15.505425	0.912733	-1.942186	41.554181	0.234335	-1651.714218	
5.424000	15.505425	0.783196	-1.944852	41.488870	0.160350	-1651.648073	
5.425000	15.509653	0.807484	-1.948597	41.423793	0.409564	-1651.582156	
5.426000	15.458914	0.872253	-1.952851	41.358767	0.323897	-1651.516329	
5.427000	15.378578	0.937022	-1.956790	41.293648	0.187608	-1651.450447	
5.428000	15.492740	0.839869	-1.959913	41.228534	0.144774	-1651.384373	
5.429000	15.480055	0.928926	-1.961924	41.163646	0.277169	-1651.318003	
5.430000	15.374350	1.034175	-1.962461	41.099016	0.292745	-1651.251272	
5.431000	15.454686	1.001790	-1.961444	41.034463	0.358942	-1651.184155	
5.432000	15.378578	0.686043	-1.959280	40.969842	0.281063	-1651.116679	
5.433000	15.475827	0.783196	-1.956296	40.905242	0.222654	-1651.048929	
5.434000	15.518109	0.928926	-1.952663	40.840873	0.257699	-1650.981041	
5.435000	15.378578	0.945118	-1.948821	40.776755	0.296639	-1650.913168	
5.436000	15.403948	0.977502	-1.945224	40.712704	0.257699	-1650.845463	
5.437000	15.395491	0.880349	-1.942008	40.648568	0.312215	-1650.778051	
5.438000	15.522337	0.872253	-1.939238	40.584435	0.156456	-1650.711010	
5.439000	15.585761	0.629370	-1.937130	40.520511	0.195396	-1650.644373	
5.440000	15.408176	0.831773	-1.935909	40.456820	0.265487	-1650.578121	
5.441000	15.429317	1.001790	-1.935652	40.393180	0.277169	-1650.512188	
5.442000	15.348981	0.953214	-1.936238	40.329446	0.172032	-1650.446458	
5.443000	15.492740	0.856061	-1.937336	40.265710	0.288851	-1650.380789	
5.444000	15.535022	0.775100	-1.938450	40.202183	0.265487	-1650.315031	
5.445000	15.387035	0.912733	-1.939041	40.138892	0.253805	-1650.249054	
5.446000	15.340525	0.961310	-1.938782	40.075658	0.358942	-1650.182764	
5.447000	15.387035	0.847965	-1.937704	40.012336	0.168138	-1650.116109	
5.448000	15.568848	0.888445	-1.935970	39.949016	0.210972	-1650.049086	
5.449000	15.484284	0.815580	-1.933612	39.885902	0.207078	-1649.981749	
5.450000	15.387035	0.904637	-1.930687	39.823016	0.265487	-1649.914210	
5.451000	15.467371	0.896541	-1.927630	39.760171	0.358942	-1649.846623	
5.452000	15.403948	0.896541	-1.925064	39.697218	0.281063	-1649.779156	
5.453000	15.539250	0.888445	-1.923345	39.634246	0.222654	-1649.711965	
5.454000	15.585761	0.775100	-1.922555	39.571464	0.218760	-1649.645160	
5.455000	15.365894	0.823676	-1.922795	39.508902	0.312215	-1649.578796	
5.456000	15.467371	1.115135	-1.924697	39.446386	0.343367	-1649.512877	
5.457000	15.353209	0.904637	-1.929412	39.383777	0.269381	-1649.447363	
5.458000	15.463143	0.896541	-1.937147	39.321167	0.148668	-1649.382159	
5.459000	15.526566	0.637467	-1.946500	39.258768	0.378412	-1649.317125	
5.460000	15.298242	0.880349	-1.955561	39.196605	0.327791	-1649.252103	
5.461000	15.450458	0.977502	-1.962830	39.134502	0.327791	-1649.186939	
5.462000	15.353209	0.904637	-1.967623	39.072314	0.253805	-1649.121506	
5.463000	15.429317	0.912733	-1.969973	39.010130	0.195396	-1649.055722	
5.464000	15.581532	0.953214	-1.969921	38.948158	0.230441	-1648.989553	
5.465000	15.437773	0.726523	-1.967307	38.886421	0.284957	-1648.923021	
5.466000	15.467371	0.961310	-1.962254	38.824735	0.249911	-1648.856210	
5.467000	15.450458	0.548410	-1.955371	38.762951	0.133092	-1648.789257	
5.468000	15.433545	0.888445	-1.947490	38.701153	0.261593	-1648.722331	
5.469000	15.543479	0.702235	-1.939562	38.639543	0.257699	-1648.655597	
5.470000	15.387035	0.896541	-1.932473	38.578147	0.288851	-1648.589192	
5.471000	15.399719	0.985598	-1.926641	38.516788	0.246017	-1648.523199	
5.472000	15.433545	0.694139	-1.921987	38.455326	0.393988	-1648.457650	
5.473000	15.340525	0.815580	-1.918218	38.393851	0.257699	-1648.392529	
5.474000	15.581532	0.726523	-1.915208	38.332574	0.292745	-1648.327771	
5.475000	15.344753	0.823676	-1.913052	38.271518	0.409564	-1648.263260	
5.476000	15.387035	1.066559	-1.911603	38.210507	0.292745	-1648.198851	
5.477000	15.442002	0.896541	-1.910626	38.149395	0.253805	-1648.134393	
5.478000	15.433545	0.823676	-1.910201	38.088267	0.257699	-1648.069749	
5.479000	15.585761	0.686043	-1.910494	38.027317	0.277169	-1648.004815	
5.480000	15.467371	0.702235	-1.911688	37.966562	0.253805	-1647.939524	
5.481000	15.433545	0.734620	-1.913888	37.905825	0.249911	-1647.873856	
5.482000	15.471599	0.742716	-1.916572	37.844969	0.249911	-1647.807844	
5.483000	15.446230	0.977502	-1.918998	37.784087	0.117516	-1647.741582	
5.484000	15.585761	0.896541	-1.921028	37.723389	0.308321	-1647.675208	
5.485000	15.348981	0.839869	-1.922912	37.662905	0.308321	-1647.608874	
5.486000	15.403948	0.953214	-1.924875	37.602466	0.312215	-1647.542727	
5.487000	15.412404	0.767004	-1.926992	37.541933	0.246017	-1647.476884	
5.488000	15.475827	0.807484	-1.929197	37.481397	0.281063	-1647.411418	
5.489000	15.505425	0.872253	-1.931466	37.421065	0.277169	-1647.346348	
5.490000	15.361666	0.864157	-1.933852	37.360964	0.312215	-1647.281649	
5.491000	15.412404	1.042271	-1.936440	37.300924	0.288851	-1647.217250	
5.492000	15.463143	0.669851	-1.939229	37.240804	0.226548	-1647.153036	
5.493000	15.501196	0.815580	-1.941890	37.180685	0.195396	-1647.088872	
5.494000	15.632271	0.791292	-1.943853	37.120765	0.218760	-1647.024615	
5.495000	15.365894	0.791292	-1.944639	37.061065	0.253805	-1646.960145	
5.496000	15.408176	1.066559	-1.944010	37.001413	0.273275	-1646.895373	
5.497000	15.425089	0.694139	-1.941878	36.941674	0.218760	-1646.830257	
5.498000	15.433545	1.139424	-1.938286	36.881940	0.187608	-1646.764801	
5.499000	15.560391	0.847965	-1.933741	36.822424	0.238229	-1646.699060	
5.500000	15.382807	0.847965	-1.929033	36.763156	0.370624	-1646.633138	0.000000
5.501000	15.319384	1.131328	-1.924807	36.703966	0.464080	-1646.567173	
5.502000	15.463143	0.799388	-1.921552	36.644713	0.199290	-1646.501318	
5.503000	15.454686	0.985598	-1.919673	36.585478	0.308321	-1646.435719	
5.504000	15.535022	0.831773	-1.919465	36.526459	0.323897	-1646.370483	
5.505000	15.442002	1.050367	-1.921004	36.467677	0.253805	-1646.305670	
5.506000	15.310927	1.171808	-1.924128	36.408959	0.436822	-1646.241287	
5.507000	15.505425	0.726523	-1.928569	36.350165	0.339473	-1646.177300	
5.508000	15.501196	0.726523	-1.933878	36.291376	0.183714	-1646.113625	
5.509000	15.623814	0.920829	-1.939359	36.232796	0.156456	-1646.050137	
5.510000	15.433545	0.775100	-1.944294	36.174452	0.273275	-1645.986686	
5.511000	15.382807	1.196096	-1.948251	36.116177	0.308321	-1645.923124	
5.512000	15.395491	0.904637	-1.951052	36.057834	0.214866	-1645.859323	
5.513000	15.458914	0.726523	-1.952495	35.999509	0.253805	-1645.795195	
5.514000	15.450458	0.799388	-1.952295	35.941401	0.249911	-1645.730699	
5.515000	15.420861	0.710331	-1.950207	35.883535	0.347261	-1645.665845	
5.516000	15.370122	1.123232	-1.946310	35.825738	0.417352	-1645.600700	
5.517000	15.484284	0.945118	-1.941128	35.767870	0.261593	-1645.535386	
5.518000	15.454686	0.953214	-1.935419	35.710009	0.253805	-1645.470064	
5.519000	15.543479	0.758908	-1.929918	35.652339	0.304427	-1645.404898	
5.520000	15.501196	0.783196	-1.925271	35.594873	0.312215	-1645.340029	
5.521000	15.378578	1.131328	-1.922087	35.537437	0.417352	-1645.275552	
5.522000	15.433545	0.896541	-1.920760	35.479893	0.230441	-1645.211508	
5.523000	15.505425	0.564602	-1.921440	35.422324	0.320003	-1645.147890	
5.524000	15.513881	0.937022	-1.924051	35.364926	0.129198	-1645.084637	
5.525000	15.454686	0.815580	-1.928110	35.307719	0.253805	-1645.021635	
5.526000	15.357437	1.066559	-1.932783	35.250535	0.405670	-1644.958736	
5.527000	15.425089	0.807484	-1.937258	35.193242	0.195396	-1644.895783	
5.528000	15.395491	0.888445	-1.941065	35.135922	0.183714	-1644.832628	
5.529000	15.488512	0.928926	-1.944091	35.078771	0.300533	-1644.769153	
5.530000	15.442002	0.945118	-1.946409	35.021807	0.378412	-1644.705282	
5.531000	15.365894	1.139424	-1.947718	34.964861	0.382306	-1644.640993	
5.532000	15.429317	1.050367	-1.947061	34.907794	0.207078	-1644.576325	
5.533000	15.535022	0.742716	-1.943867	34.850688	0.144774	-1644.511381	
5.534000	15.539250	0.686043	-1.938711	34.793737	0.199290	-1644.446308	
5.535000	15.475827	0.734620	-1.932755	34.736963	0.234335	-1644.381270	
5.536000	15.412404	0.928926	-1.927068	34.680199	0.261593	-1644.316428	
5.537000	15.403948	0.912733	-1.922419	34.623313	0.175926	-1644.251912	
5.538000	15.539250	0.904637	-1.919162	34.566393	0.207078	-1644.187802	
5.539000	15.454686	0.945118	-1.917472	34.509633	0.187608	-1644.124121	
5.540000	15.395491	0.839869	-1.917768	34.453057	0.296639	-1644.060844	
5.541000	15.399719	1.009886	-1.920183	34.396500	0.421246	-1643.997890	
5.542000	15.454686	0.937022	-1.923989	34.339825	0.160350	-1643.935137	
5.543000	15.535022	0.920829	-1.928113	34.283116	0.253805	-1643.872435	
5.544000	15.446230	0.961310	-1.931833	34.226560	0.296639	-1643.809633	
5.545000	15.416632	0.937022	-1.934849	34.170176	0.339473	-1643.746599	
5.546000	15.446230	0.969406	-1.936995	34.113797	0.284957	-1643.683236	
5.547000	15.437773	0.548410	-1.937883	34.057287	0.253805	-1643.619501	
5.548000	15.606902	0.775100	-1.937152	34.000729	0.164244	-1643.555400	
5.549000	15.543479	0.864157	-1.935263	33.944316	0.343367	-1643.490996	
5.550000	15.336296	0.872253	-1.933211	33.888073	0.242123	-1643.426404	
5.551000	15.442002	0.985598	-1.931613	33.831836	0.273275	-1643.361772	
5.552000	15.382807	1.001790	-1.930578	33.775474	0.222654	-1643.297262	
5.553000	15.505425	0.888445	-1.929853	33.719073	0.160350	-1643.233022	
5.554000	15.446230	0.856061	-1.929194	33.662830	0.304427	-1643.169161	
5.555000	15.336296	0.702235	-1.928688	33.606771	0.358942	-1643.105728	
5.556000	15.344753	1.082751	-1.928731	33.550729	0.456292	-1643.042724	
5.557000	15.429317	0.645563	-1.929872	33.494567	0.210972	-1642.980109	
5.558000	15.539250	0.799388	-1.932337	33.438360	0.183714	-1642.917802	
5.559000	15.480055	0.904637	-1.935662	33.382295	0.226548	-1642.855676	
5.560000	15.395491	0.847965	-1.939020	33.326398	0.323897	-1642.793585	
5.561000	15.446230	0.969406	-1.941765	33.270506	0.281063	-1642.731381	
5.562000	15.391263	0.783196	-1.943521	33.214485	0.164244	-1642.668942	
5.563000	15.535022	0.734620	-1.944042	33.158416	0.047425	-1642.606191	
5.564000	15.535022	0.653659	-1.943027	33.102493	0.218760	-1642.543096	
5.565000	15.408176	0.961310	-1.940017	33.046742	0.312215	-1642.479675	
5.566000	15.412404	0.985598	-1.934966	32.991004	0.249911	-1642.415996	
5.567000	15.344753	0.864157	-1.928742	32.935149	0.238229	-1642.352178	
5.568000	15.539250	0.815580	-1.922705	32.879257	0.094153	-1642.288370	
5.569000	15.458914	0.726523	-1.917959	32.823516	0.378412	-1642.224727	
5.570000	15.399719	0.783196	-1.915120	32.767950	0.335579	-1642.161376	
5.571000	15.450458	0.993694	-1.914532	32.712395	0.323897	-1642.098402	
5.572000	15.361666	0.912733	-1.916389	32.656718	0.351155	-1642.035832	
5.573000	15.560391	0.888445	-1.921034	32.600994	0.246017	-1641.973655	
5.574000	15.577304	0.410776	-1.928988	32.545405	0.175926	-1641.911813	
5.575000	15.475827	0.742716	-1.939899	32.489965	0.273275	-1641.850205	
5.576000	15.509653	0.912733	-1.952172	32.434516	0.210972	-1641.788694	
5.577000	15.319384	0.831773	-1.964078	32.378929	0.113622	-1641.727131	
5.578000	15.556163	0.807484	-1.974340	32.323285	0.148668	-1641.665378	
5.579000	15.551935	0.767004	-1.982043	32.267774	0.226548	-1641.603320	
5.580000	15.348981	0.912733	-1.986881	32.212423	0.393988	-1641.540884	
5.581000	15.458914	1.212288	-1.988928	32.157076	0.339473	-1641.478043	
5.582000	15.340525	0.710331	-1.988000	32.101604	0.284957	-1641.414824	
5.583000	15.437773	0.896541	-1.984064	32.046080	0.152562	-1641.351313	
5.584000	15.543479	0.775100	-1.977913	31.990686	0.366730	-1641.287639	
5.585000	15.365894	0.896541	-1.970942	31.935445	0.417352	-1641.223957	
5.586000	15.437773	1.066559	-1.964556	31.880196	0.366730	-1641.160420	
5.587000	15.399719	0.831773	-1.959720	31.824810	0.222654	-1641.097157	
5.588000	15.505425	0.912733	-1.956808	31.769358	0.136986	-1641.034250	
5.589000	15.577304	0.629370	-1.955977	31.714020	0.269381	-1640.971726	
5.590000	15.425089	0.920829	-1.957453	31.658814	0.292745	-1640.909563	
5.591000	15.458914	1.058463	-1.961130	31.603582	0.413458	-1640.847688	
5.592000	15.437773	0.880349	-1.966264	31.548196	0.210972	-1640.785989	
5.593000	15.505425	0.969406	-1.971821	31.492731	0.136986	-1640.724326	
5.594000	15.484284	0.864157	-1.976964	31.437370	0.164244	-1640.662547	
5.595000	15.327840	0.856061	-1.981252	31.382134	0.405670	-1640.600512	
5.596000	15.332068	1.058463	-1.984527	31.326870	0.417352	-1640.538123	
5.597000	15.412404	0.669851	-1.986757	31.271449	0.339473	-1640.475326	
5.598000	15.484284	0.750812	-1.987948	31.215944	0.175926	-1640.412123	
5.599000	15.509653	0.896541	-1.987998	31.160536	0.230441	-1640.348568	
5.600000	15.365894	0.904637	-1.986738	31.105244	0.304427	-1640.284766	0.000000
5.601000	15.458914	0.985598	-1.984262	31.049911	0.249911	-1640.220866	
5.602000	15.467371	0.702235	-1.981028	30.994405	0.253805	-1640.157036	
5.603000	15.556163	0.945118	-1.977483	30.938797	0.160350	-1640.093435	
5.604000	15.543479	0.799388	-1.973876	30.883268	0.179820	-1640.030179	
5.605000	15.378578	0.783196	-1.970500	30.827837	0.335579	-1639.967326	
5.606000	15.382807	1.341826	-1.967766	30.772352	0.284957	-1639.904879	
5.607000	15.496968	0.823676	-1.966023	30.716686	0.249911	-1639.842800	
5.608000	15.505425	0.953214	-1.965327	30.660920	0.183714	-1639.781001	
5.609000	15.539250	0.791292	-1.965300	30.605241	0.136986	-1639.719350	
5.610000	15.272873	0.758908	-1.965203	30.549672	0.370624	-1639.657687	
5.611000	15.408176	1.050367	-1.964230	30.494062	0.323897	-1639.595850	
5.612000	15.454686	0.799388	-1.961955	30.438283	0.187608	-1639.533701	
5.613000	15.458914	0.928926	-1.958396	30.382410	0.152562	-1639.471159	
5.614000	15.513881	0.937022	-1.953536	30.326618	0.300533	-1639.408192	
5.615000	15.467371	0.750812	-1.947198	30.270927	0.323897	-1639.344820	
5.616000	15.408176	1.034175	-1.939519	30.215183	0.261593	-1639.281123	
5.617000	15.484284	0.750812	-1.931201	30.159258	0.273275	-1639.217232	
5.618000	15.501196	0.791292	-1.923217	30.103231	0.117516	-1639.153311	
5.619000	15.543479	0.823676	-1.916325	30.047290	0.249911	-1639.089530	
5.620000	15.361666	0.896541	-1.910759	29.991465	0.284957	-1639.026029	
5.621000	15.361666	1.220385	-1.906483	29.935610	0.413458	-1638.962898	
5.622000	15.420861	0.540314	-1.903472	29.879601	0.183714	-1638.900168	
5.623000	15.463143	0.896541	-1.901627	29.823518	0.148668	-1638.837824	
5.624000	15.467371	0.945118	-1.900815	29.767541	0.343367	-1638.775805	
5.625000	15.403948	0.864157	-1.900867	29.711692	0.378412	-1638.713999	
5.626000	15.327840	1.107039	-1.901490	29.655819	0.300533	-1638.652260	
5.627000	15.425089	0.726523	-1.902427	29.599796	0.230441	-1638.590430	
5.628000	15.564620	0.937022	-1.903519	29.543696	0.098047	-1638.528369	
5.629000	15.573076	0.920829	-1.904583	29.487695	0.218760	-1638.465968	
5.630000	15.480055	0.653659	-1.905555	29.431816	0.327791	-1638.403160	
5.631000	15.387035	1.204192	-1.906456	29.375908	0.327791	-1638.339929	
5.632000	15.374350	0.847965	-1.907006	29.319849	0.230441	-1638.276313	
5.633000	15.505425	0.847965	-1.906751	29.263719	0.218760	-1638.212410	
5.634000	15.513881	0.888445	-1.905656	29.207701	0.257699	-1638.148360	
5.635000	15.395491	0.856061	-1.904173	29.151826	0.288851	-1638.084319	
5.636000	15.370122	1.017982	-1.902806	29.095950	0.327791	-1638.020440	
5.637000	15.353209	0.856061	-1.901936	29.039952	0.246017	-1637.956843	
5.638000	15.547707	0.718427	-1.901958	28.983905	0.136986	-1637.893598	
5.639000	15.526566	1.090847	-1.903320	28.927985	0.249911	-1637.830723	
5.640000	15.365894	0.807484	-1.906421	28.872211	0.343367	-1637.768192	
5.641000	15.336296	0.985598	-1.911164	28.816433	0.347261	-1637.705935	
5.642000	15.547707	0.912733	-1.916656	28.760527	0.265487	-1637.643844	
5.643000	15.560391	0.791292	-1.921698	28.704562	0.082471	-1637.581785	
5.644000	15.526566	0.920829	-1.925319	28.648710	0.296639	-1637.519617	
5.645000	15.458914	0.750812	-1.926962	28.592993	0.222654	-1637.457217	
5.646000	15.378578	1.017982	-1.926510	28.537265	0.277169	-1637.394501	
5.647000	15.433545	1.107039	-1.924343	28.481409	0.253805	-1637.331430	
5.648000	15.496968	0.920829	-1.920978	28.425501	0.214866	-1637.268011	
5.649000	15.391263	0.888445	-1.916320	28.369716	0.207078	-1637.204296	
5.650000	15.433545	0.791292	-1.910080	28.314077	0.390094	-1637.140384	
5.651000	15.315155	1.034175	-1.902720	28.258438	0.362836	-1637.076412	
5.652000	15.429317	1.034175	-1.895241	28.202677	0.222654	-1637.012535	
5.653000	15.543479	0.775100	-1.888600	28.146863	0.175926	-1636.948903	
5.654000	15.425089	0.904637	-1.883449	28.091166	0.366730	-1636.885626	
5.655000	15.450458	1.131328	-1.879992	28.035605	0.429034	-1636.822757	
5.656000	15.408176	0.920829	-1.878274	27.980034	0.261593	-1636.760302	
5.657000	15.399719	0.920829	-1.878709	27.924333	0.140880	-1636.698230	
5.658000	15.573076	0.799388	-1.881588	27.868575	0.199290	-1636.636462	
5.659000	15.433545	0.694139	-1.886322	27.812935	0.316109	-1636.574875	
5.660000	15.425089	0.791292	-1.891859	27.757437	0.316109	-1636.513319	
5.661000	15.442002	0.993694	-1.897280	27.701940	0.230441	-1636.451640	
5.662000	15.395491	0.961310	-1.901902	27.646325	0.249911	-1636.389712	
5.663000	15.564620	0.524121	-1.905388	27.590667	0.090259	-1636.327450	
5.664000	15.391263	0.937022	-1.907451	27.535139	0.218760	-1636.264813	
5.665000	15.403948	0.839869	-1.907347	27.479764	0.347261	-1636.201803	
5.666000	15.442002	0.977502	-1.904650	27.424397	0.304427	-1636.138483	
5.667000	15.281330	0.823676	-1.900061	27.368918	0.288851	-1636.074973	
5.668000	15.573076	1.082751	-1.894814	27.313401	-0.018773	-1636.011430	
5.669000	15.475827	1.171808	-1.890130	27.258018	0.323897	-1635.948023	
5.670000	15.433545	0.815580	-1.887018	27.202788	0.366730	-1635.884891	
5.671000	15.492740	0.831773	-1.885824	27.147564	0.339473	-1635.822127	
5.672000	15.361666	0.758908	-1.886366	27.092227	0.113622	-1635.759769	
5.673000	15.619586	0.734620	-1.888623	27.036850	0.024061	-1635.697809	
5.674000	15.496968	0.872253	-1.892761	26.981610	0.230441	-1635.636196	
5.675000	15.425089	1.034175	-1.898530	26.926530	0.277169	-1635.574823	
5.676000	15.399719	1.098943	-1.905098	26.871471	0.273275	-1635.513539	
5.677000	15.370122	0.864157	-1.911619	26.816316	0.238229	-1635.452185	
5.678000	15.518109	0.831773	-1.917650	26.761140	0.148668	-1635.390610	
5.679000	15.522337	0.847965	-1.923007	26.706118	0.238229	-1635.328693	
5.680000	15.289786	1.017982	-1.927555	26.651276	0.448504	-1635.266356	
5.681000	15.399719	1.026079	-1.931302	26.596469	0.366730	-1635.203569	
5.682000	15.403948	0.864157	-1.934359	26.541583	0.238229	-1635.140362	
5.683000	15.568848	0.888445	-1.936607	26.486688	0.066895	-1635.076827	
5.684000	15.657640	0.823676	-1.937917	26.431956	0.355048	-1635.013106	
5.685000	15.412404	0.904637	-1.938614	26.377413	0.284957	-1634.949363	
5.686000	15.429317	0.928926	-1.939186	26.322923	0.413458	-1634.885755	
5.687000	15.387035	0.799388	-1.939888	26.268369	0.246017	-1634.822413	
5.688000	15.513881	0.993694	-1.940768	26.213823	0.094153	-1634.759416	
5.689000	15.564620	0.807484	-1.942015	26.159456	0.214866	-1634.696789	
5.690000	15.306699	1.082751	-1.944232	26.105291	0.401776	-1634.634503	
5.691000	15.395491	1.115135	-1.947930	26.051189	0.351155	-1634.572483	
5.692000	15.344753	0.864157	-1.952851	25.997037	0.374518	-1634.510611	
5.693000	15.522337	0.880349	-1.958168	25.942905	0.164244	-1634.448744	
5.694000	15.560391	0.742716	-1.963141	25.888964	0.261593	-1634.386734	
5.695000	15.374350	0.985598	-1.967362	25.835236	0.265487	-1634.324451	
5.696000	15.454686	1.042271	-1.970506	25.781578	0.304427	-1634.261801	
5.697000	15.399719	0.564602	-1.972147	25.727874	0.230441	-1634.198742	
5.698000	15.509653	1.293249	-1.971882	25.674194	0.016273	-1634.135281	
5.699000	15.619586	0.726523	-1.969529	25.620708	0.230441	-1634.071477	
5.700000	15.348981	0.872253	-1.965438	25.567444	0.257699	-1634.007441	0.000000
5.701000	15.501196	0.985598	-1.960585	25.514265	0.269381	-1633.943321	
5.702000	15.412404	0.904637	-1.956040	25.461057	0.246017	-1633.879280	
5.703000	15.475827	0.953214	-1.952489	25.407899	0.199290	-1633.815464	
5.704000	15.513881	0.888445	-1.950255	25.354968	0.234335	-1633.751982	
5.705000	15.361666	0.815580	-1.949367	25.302295	0.347261	-1633.688886	
5.706000	15.412404	1.268961	-1.949830	25.249741	0.331685	-1633.626181	
5.707000	15.353209	0.815580	-1.951990	25.197189	0.339473	-1633.563832	
5.708000	15.450458	1.026079	-1.956006	25.144709	0.152562	-1633.501757	
5.709000	15.530794	0.718427	-1.961272	25.092472	0.269381	-1633.439831	
5.710000	15.429317	0.904637	-1.966816	25.040497	0.355048	-1633.377903	
5.711000	15.450458	0.985598	-1.971759	24.988641	0.292745	-1633.315829	
5.712000	15.467371	0.767004	-1.975598	24.936787	0.242123	-1633.253493	
5.713000	15.556163	0.888445	-1.978396	24.885004	0.109728	-1633.190823	
5.714000	15.556163	0.645563	-1.980404	24.833467	0.094153	-1633.127786	
5.715000	15.391263	0.896541	-1.981641	24.782201	0.370624	-1633.064392	
5.716000	15.416632	1.123232	-1.981863	24.731064	0.366730	-1633.000709	
5.717000	15.454686	0.823676	-1.980864	24.679943	0.226548	-1632.936858	
5.718000	15.480055	0.856061	-1.978840	24.628913	0.168138	-1632.872994	
5.719000	15.429317	0.847965	-1.976219	24.578150	0.277169	-1632.809276	
5.720000	15.450458	0.815580	-1.973347	24.527678	0.335579	-1632.745833	
5.721000	15.425089	1.009886	-1.970478	24.477355	0.374518	-1632.682748	
5.722000	15.488512	0.864157	-1.967994	24.427063	0.257699	-1632.620056	
5.723000	15.484284	0.993694	-1.966472	24.376872	0.249911	-1632.557751	
5.724000	15.496968	0.799388	-1.966283	24.326949	0.312215	-1632.495782	
5.725000	15.467371	0.726523	-1.967271	24.277314	0.296639	-1632.434046	
5.726000	15.403948	1.058463	-1.968871	24.227823	0.277169	-1632.372403	
5.727000	15.442002	0.783196	-1.970470	24.178357	0.191502	-1632.310703	
5.728000	15.539250	0.864157	-1.971696	24.128985	0.078577	-1632.248810	
5.729000	15.522337	0.912733	-1.972263	24.079868	0.296639	-1632.186614	
5.730000	15.387035	1.026079	-1.971875	24.031027	0.382306	-1632.124037	
5.731000	15.378578	1.082751	-1.970440	23.982321	0.343367	-1632.061046	
5.732000	15.408176	0.758908	-1.967982	23.933635	0.179820	-1631.997662	
5.733000	15.480055	0.807484	-1.964548	23.885034	0.125304	-1631.933975	
5.734000	15.395491	0.880349	-1.960388	23.836686	0.351155	-1631.870126	
5.735000	15.403948	0.831773	-1.955967	23.788613	0.366730	-1631.806274	
5.736000	15.332068	1.009886	-1.951764	23.740675	0.265487	-1631.742581	
5.737000	15.484284	0.815580	-1.948186	23.692751	0.249911	-1631.679178	
5.738000	15.556163	0.985598	-1.945546	23.644905	0.121410	-1631.616157	
5.739000	15.564620	0.564602	-1.943766	23.597299	0.253805	-1631.553552	
5.740000	15.437773	0.758908	-1.942302	23.549955	0.168138	-1631.491350	
5.741000	15.361666	1.034175	-1.940763	23.502733	0.284957	-1631.429483	
5.742000	15.505425	0.904637	-1.939118	23.455515	0.210972	-1631.367840	
5.743000	15.564620	0.718427	-1.937281	23.408367	0.179820	-1631.306280	
5.744000	15.492740	0.896541	-1.935154	23.361453	0.230441	-1631.244655	
5.745000	15.408176	0.815580	-1.932951	23.314797	0.397882	-1631.182823	
5.746000	15.294014	0.985598	-1.931136	23.268266	0.397882	-1631.120681	
5.747000	15.374350	0.831773	-1.929793	23.221745	0.269381	-1631.058170	
5.748000	15.535022	0.823676	-1.928181	23.175304	0.105834	-1630.995285	
5.749000	15.471599	0.896541	-1.925360	23.129104	0.362836	-1630.932081	
5.750000	15.391263	0.961310	-1.921129	23.083165	0.284957	-1630.868665	
5.751000	15.433545	1.050367	-1.916140	23.037349	0.312215	-1630.805188	
5.752000	15.408176	0.815580	-1.911309	22.991540	0.098047	-1630.741815	
5.753000	15.606902	0.710331	-1.907158	22.945803	-0.030454	-1630.678702	
5.754000	15.501196	0.758908	-1.903677	22.900307	0.144774	-1630.615968	
5.755000	15.492740	0.767004	-1.900881	22.855074	0.308321	-1630.553676	
5.756000	15.425089	1.147520	-1.899117	22.809973	0.249911	-1630.491833	
5.757000	15.336296	1.058463	-1.898626	22.764893	0.249911	-1630.430402	
5.758000	15.522337	0.815580	-1.899215	22.719903	0.144774	-1630.369296	
5.759000	15.522337	0.750812	-1.900386	22.675173	0.246017	-1630.308379	
5.760000	15.327840	0.839869	-1.901618	22.630729	0.312215	-1630.247492	
5.761000	15.450458	1.058463	-1.902703	22.586435	0.269381	-1630.186477	
5.762000	15.327840	0.839869	-1.903740	22.542175	0.218760	-1630.125205	
5.763000	15.564620	0.799388	-1.904747	22.498009	0.187608	-1630.063590	
5.764000	15.526566	0.710331	-1.905350	22.454099	0.292745	-1630.001595	
5.765000	15.446230	0.977502	-1.904833	22.410465	0.327791	-1629.939231	
5.766000	15.471599	0.823676	-1.902789	22.366967	0.308321	-1629.876567	
5.767000	15.480055	0.872253	-1.899553	22.323493	0.168138	-1629.813728	
5.768000	15.530794	0.710331	-1.895897	22.280109	0.063001	-1629.750873	
5.769000	15.509653	0.677947	-1.892629	22.236981	0.296639	-1629.688160	
5.770000	15.412404	0.969406	-1.890293	22.194136	0.308321	-1629.625723	
5.771000	15.446230	1.034175	-1.889068	22.151441	0.397882	-1629.563648	
5.772000	15.395491	0.928926	-1.888982	22.108787	0.335579	-1629.501967	
5.773000	15.522337	0.872253	-1.890110	22.066244	0.152562	-1629.440667	
5.774000	15.480055	0.856061	-1.892532	22.023974	0.323897	-1629.379685	
5.775000	15.382807	0.839869	-1.896134	21.981997	0.397882	-1629.318908	
5.776000	15.429317	0.985598	-1.900441	21.940179	0.448504	-1629.258191	
5.777000	15.382807	1.034175	-1.904781	21.898408	0.308321	-1629.197381	
5.778000	15.513881	0.969406	-1.908633	21.856749	0.051319	-1629.136337	
5.779000	15.505425	0.847965	-1.911782	21.815365	0.222654	-1629.074946	
5.780000	15.442002	0.912733	-1.913977	21.774276	0.312215	-1629.013132	
5.781000	15.526566	1.212288	-1.914802	21.733350	0.308321	-1628.950870	
5.782000	15.378578	0.726523	-1.914263	21.692475	0.292745	-1628.888189	
5.783000	15.488512	1.009886	-1.912877	21.651719	0.004591	-1628.825183	
5.784000	15.442002	0.888445	-1.911230	21.611244	0.304427	-1628.761991	
5.785000	15.361666	1.009886	-1.909809	21.571072	0.288851	-1628.698769	
5.786000	15.433545	1.179904	-1.908794	21.531068	0.265487	-1628.635667	
5.787000	15.344753	0.847965	-1.908186	21.491120	0.246017	-1628.572811	
5.788000	15.433545	0.815580	-1.908097	21.451296	0.187608	-1628.510280	
5.789000	15.535022	0.920829	-1.908745	21.411754	0.327791	-1628.448097	
5.790000	15.344753	1.017982	-1.910412	21.372516	0.347261	-1628.386233	
5.791000	15.437773	1.147520	-1.913277	21.333445	0.257699	-1628.324612	
5.792000	15.442002	0.750812	-1.917184	21.294425	0.277169	-1628.263120	
5.793000	15.526566	0.953214	-1.921592	21.255519	0.063001	-1628.201626	
5.794000	15.509653	0.880349	-1.925835	21.216888	0.358942	-1628.139989	
5.795000	15.391263	0.847965	-1.929481	21.178555	0.284957	-1628.078080	
5.796000	15.403948	1.017982	-1.932344	21.140389	0.257699	-1628.015799	
5.797000	15.488512	0.791292	-1.934173	21.102279	0.257699	-1627.953097	
5.798000	15.442002	0.912733	-1.934604	21.064291	0.183714	-1627.889980	
5.799000	15.467371	0.969406	-1.933642	21.026586	0.265487	-1627.826505	
5.800000	15.323612	0.937022	-1.931778	20.989191	0.300533	-1627.762779	0.000000
5.801000	15.310927	1.131328	-1.929584	20.951971	0.312215	-1627.698943	
5.802000	15.446230	0.807484	-1.927553	20.914808	0.284957	-1627.635159	
5.803000	15.543479	0.839869	-1.926068	20.877765	0.016273	-1627.571585	
5.804000	15.480055	0.953214	-1.925523	20.840999	0.390094	-1627.508342	
5.805000	15.378578	1.042271	-1.926332	20.804530	0.308321	-1627.445492	
5.806000	15.319384	1.058463	-1.928523	20.768224	0.378412	-1627.383049	
5.807000	15.412404	0.726523	-1.931849	20.731967	0.121410	-1627.320987	
5.808000	15.564620	0.888445	-1.936094	20.695820	0.144774	-1627.259232	
5.809000	15.589989	0.807484	-1.940802	20.659941	0.082471	-1627.197665	
5.810000	15.399719	0.823676	-1.945287	20.624357	0.269381	-1627.136139	
5.811000	15.387035	1.074655	-1.949086	20.588937	0.304427	-1627.074499	
5.812000	15.420861	0.969406	-1.952222	20.553574	0.335579	-1627.012614	
5.813000	15.382807	0.961310	-1.954952	20.518335	0.125304	-1626.950398	
5.814000	15.433545	0.718427	-1.957259	20.483384	0.331685	-1626.887812	
5.815000	15.361666	0.856061	-1.958791	20.448743	0.471868	-1626.824863	
5.816000	15.382807	1.123232	-1.959197	20.414277	0.475762	-1626.761619	
5.817000	15.391263	0.904637	-1.958414	20.379869	0.253805	-1626.698204	
5.818000	15.543479	0.839869	-1.956765	20.345575	0.191502	-1626.634780	
5.819000	15.501196	0.847965	-1.954774	20.311546	0.156456	-1626.571517	
5.820000	15.484284	0.880349	-1.952944	20.277799	0.300533	-1626.508558	
5.821000	15.420861	1.131328	-1.951686	20.244200	0.273275	-1626.446004	
5.822000	15.454686	0.750812	-1.951296	20.210637	0.199290	-1626.383902	
5.823000	15.526566	0.677947	-1.951858	20.177173	-0.069394	-1626.322252	
5.824000	15.488512	0.815580	-1.953150	20.143966	0.144774	-1626.261002	
5.825000	15.573076	0.904637	-1.954809	20.111036	0.355048	-1626.200049	
5.826000	15.327840	1.090847	-1.956424	20.078252	0.273275	-1626.139254	
5.827000	15.382807	1.042271	-1.957572	20.045503	0.234335	-1626.078465	
5.828000	15.442002	0.702235	-1.958000	20.012851	0.109728	-1626.017537	
5.829000	15.420861	0.807484	-1.957619	19.980447	0.246017	-1625.956350	
5.830000	15.446230	0.823676	-1.956301	19.948308	0.386200	-1625.894822	
5.831000	15.378578	0.904637	-1.953830	19.916296	0.347261	-1625.832923	
5.832000	15.454686	0.953214	-1.950149	19.884297	0.347261	-1625.770683	
5.833000	15.568848	0.799388	-1.945506	19.852366	0.160350	-1625.708192	
5.834000	15.505425	0.969406	-1.940414	19.820654	0.253805	-1625.645591	
5.835000	15.522337	0.815580	-1.935575	19.789175	0.273275	-1625.583038	
5.836000	15.403948	0.872253	-1.931549	19.757799	0.300533	-1625.520693	
5.837000	15.412404	0.823676	-1.928650	19.726418	0.195396	-1625.458688	
5.838000	15.551935	0.888445	-1.927190	19.695096	0.078577	-1625.397104	
5.839000	15.560391	0.969406	-1.927256	19.663986	0.288851	-1625.335965	
5.840000	15.446230	1.090847	-1.928443	19.633106	0.288851	-1625.275244	
5.841000	15.391263	0.920829	-1.930360	19.602329	0.300533	-1625.214863	
5.842000	15.348981	0.839869	-1.932836	19.571548	0.296639	-1625.154703	
5.843000	15.564620	0.831773	-1.935465	19.540822	0.070789	-1625.094621	
5.844000	15.467371	0.912733	-1.937621	19.510302	0.269381	-1625.034463	
5.845000	15.382807	0.880349	-1.938895	19.480002	0.312215	-1624.974091	
5.846000	15.463143	0.969406	-1.939254	19.449791	0.288851	-1624.913403	
5.847000	15.323612	0.839869	-1.938824	19.419554	0.187608	-1624.852353	
5.848000	15.560391	1.034175	-1.937673	19.389349	0.059107	-1624.790946	
5.849000	15.522337	0.783196	-1.935888	19.359326	0.172032	-1624.729234	
5.850000	15.336296	0.872253	-1.933653	19.329509	0.362836	-1624.667321	
5.851000	15.492740	0.839869	-1.931345	19.299771	0.222654	-1624.605349	
5.852000	15.395491	0.856061	-1.929541	19.270004	0.226548	-1624.543481	
5.853000	15.573076	0.839869	-1.928658	19.240269	0.008485	-1624.481871	
5.854000	15.446230	0.839869	-1.928594	19.210719	0.203184	-1624.420632	
5.855000	15.327840	0.969406	-1.929083	19.181375	0.230441	-1624.359814	
5.856000	15.391263	1.042271	-1.930082	19.152107	0.172032	-1624.299421	
5.857000	15.442002	0.758908	-1.931516	19.122805	0.323897	-1624.239417	
5.858000	15.547707	0.864157	-1.933240	19.093524	0.074683	-1624.179722	
5.859000	15.535022	0.831773	-1.935091	19.064413	0.168138	-1624.120212	
5.860000	15.344753	0.928926	-1.936838	19.035492	0.284957	-1624.060732	
5.861000	15.429317	1.042271	-1.938381	19.006627	0.292745	-1624.001128	
5.862000	15.446230	0.653659	-1.939600	18.977706	0.199290	-1623.941271	
5.863000	15.606902	0.839869	-1.940236	18.948788	0.078577	-1623.881085	
5.864000	15.530794	0.669851	-1.940388	18.920024	0.265487	-1623.820536	
5.865000	15.327840	0.937022	-1.940588	18.891439	0.323897	-1623.759635	
5.866000	15.437773	1.090847	-1.941082	18.862910	0.304427	-1623.698447	
5.867000	15.391263	0.928926	-1.941626	18.834330	0.277169	-1623.637091	
5.868000	15.530794	0.807484	-1.942036	18.805761	0.195396	-1623.575722	
5.869000	15.484284	0.750812	-1.942513	18.777355	0.234335	-1623.514498	
5.870000	15.348981	0.912733	-1.943555	18.749134	0.429034	-1623.453557	
5.871000	15.446230	1.082751	-1.945532	18.720970	0.355048	-1623.392986	
5.872000	15.442002	0.767004	-1.948225	18.692752	0.355048	-1623.332824	
5.873000	15.446230	0.847965	-1.950708	18.664537	0.066895	-1623.273062	
5.874000	15.543479	0.710331	-1.951899	18.636471	0.179820	-1623.213646	
5.875000	15.378578	0.888445	-1.951439	18.608572	0.296639	-1623.154471	
5.876000	15.467371	1.001790	-1.949584	18.580715	0.238229	-1623.095397	
5.877000	15.408176	0.775100	-1.946537	18.552794	0.160350	-1623.036275	
5.878000	15.518109	0.831773	-1.942467	18.524872	0.074683	-1622.976962	
5.879000	15.535022	0.815580	-1.937713	18.497104	0.082471	-1622.917342	
5.880000	15.294014	1.026079	-1.932713	18.469512	0.265487	-1622.857332	
5.881000	15.370122	1.115135	-1.927835	18.441972	0.335579	-1622.796900	
5.882000	15.374350	0.742716	-1.923306	18.414378	0.238229	-1622.736068	
5.883000	15.437773	0.864157	-1.919237	18.386790	0.175926	-1622.674919	
5.884000	15.492740	0.912733	-1.915761	18.359355	0.288851	-1622.613581	
5.885000	15.429317	0.920829	-1.913117	18.332089	0.296639	-1622.552206	
5.886000	15.412404	1.115135	-1.911456	18.304867	0.312215	-1622.490949	
5.887000	15.429317	0.856061	-1.910737	18.277576	0.273275	-1622.429942	
5.888000	15.518109	0.928926	-1.910997	18.250269	0.055213	-1622.369274	
5.889000	15.505425	0.613178	-1.912549	18.223087	0.207078	-1622.308972	
5.890000	15.412404	0.750812	-1.915728	18.196048	0.222654	-1622.249017	
5.891000	15.374350	0.985598	-1.920472	18.169030	0.246017	-1622.189341	
5.892000	15.425089	0.831773	-1.926258	18.141933	0.222654	-1622.129839	
5.893000	15.463143	0.937022	-1.932297	18.114818	0.140880	-1622.070378	
5.894000	15.475827	0.856061	-1.937838	18.087834	0.300533	-1622.010811	
5.895000	15.378578	0.985598	-1.942517	18.061006	0.355048	-1621.950998	
5.896000	15.370122	1.034175	-1.946231	18.034214	0.366730	-1621.890833	
5.897000	15.391263	0.928926	-1.948893	18.007352	0.179820	-1621.830263	
5.898000	15.403948	1.034175	-1.950500	17.980476	0.109728	-1621.769284	
5.899000	15.480055	0.880349	-1.951090	17.953726	0.265487	-1621.707947	
5.900000	15.399719	1.017982	-1.950545	17.927120	0.292745	-1621.646348	0.000000
5.901000	15.327840	1.074655	-1.948807	17.900532	0.191502	-1621.584629	
5.902000	15.480055	0.920829	-1.946176	17.873851	0.288851	-1621.522954	
5.903000	15.535022	0.823676	-1.943129	17.847134	0.109728	-1621.461491	
5.904000	15.492740	0.783196	-1.940047	17.820525	0.191502	-1621.400363	
5.905000	15.361666	0.977502	-1.937070	17.794047	0.249911	-1621.339632	
5.906000	15.463143	1.123232	-1.934160	17.767579	0.242123	-1621.279311	
5.907000	15.480055	0.993694	-1.931537	17.741019	0.246017	-1621.219369	
5.908000	15.496968	0.928926	-1.929563	17.714425	0.156456	-1621.159734	
5.909000	15.454686	1.107039	-1.928205	17.687949	0.273275	-1621.100280	
5.910000	15.348981	0.896541	-1.927110	17.661612	0.366730	-1621.040851	
5.911000	15.374350	0.969406	-1.925913	17.635292	0.308321	-1620.981287	
5.912000	15.433545	0.823676	-1.924349	17.608883	0.168138	-1620.921456	
5.913000	15.547707	1.050367	-1.922245	17.582438	0.144774	-1620.861276	
5.914000	15.437773	1.107039	-1.919520	17.556098	0.226548	-1620.800714	
5.915000	15.429317	1.017982	-1.916147	17.529873	0.327791	-1620.739781	
5.916000	15.378578	1.107039	-1.912124	17.503636	0.234335	-1620.678547	
5.917000	15.488512	0.613178	-1.907563	17.477277	0.246017	-1620.617137	
5.918000	15.543479	0.726523	-1.902807	17.450850	0.024061	-1620.555717	
5.919000	15.471599	0.880349	-1.898434	17.424504	0.296639	-1620.494457	
5.920000	15.403948	1.058463	-1.894999	17.398265	0.273275	-1620.433500	
5.921000	15.433545	1.196096	-1.892743	17.372015	0.242123	-1620.372942	
5.922000	15.374350	1.042271	-1.891712	17.345651	0.253805	-1620.312822	
5.923000	15.522337	0.791292	-1.891980	17.319231	0.199290	-1620.253132	
5.924000	15.446230	0.937022	-1.893614	17.292898	0.281063	-1620.193824	
5.925000	15.408176	1.001790	-1.896480	17.266671	0.499125	-1620.134793	
5.926000	15.437773	1.042271	-1.900085	17.240430	0.358942	-1620.075895	
5.927000	15.361666	0.928926	-1.903778	17.214067	0.358942	-1620.016970	
5.928000	15.560391	0.961310	-1.907143	17.187634	0.035743	-1619.957875	
5.929000	15.564620	0.920829	-1.910011	17.161271	0.292745	-1619.898493	
5.930000	15.471599	0.872253	-1.912273	17.134994	0.343367	-1619.838751	
5.931000	15.450458	0.937022	-1.913799	17.108683	0.195396	-1619.778626	
5.932000	15.416632	0.912733	-1.914383	17.082233	0.214866	-1619.718149	
5.933000	15.585761	0.767004	-1.913875	17.055699	0.008485	-1619.657417	
5.934000	15.492740	0.613178	-1.912468	17.029219	0.277169	-1619.596568	
5.935000	15.395491	1.034175	-1.910648	17.002815	0.417352	-1619.535759	
5.936000	15.399719	1.131328	-1.908939	16.976370	0.269381	-1619.475144	
5.937000	15.319384	0.912733	-1.907744	16.949785	0.339473	-1619.414853	
5.938000	15.594217	0.856061	-1.907271	16.923117	0.113622	-1619.354965	
5.939000	15.513881	0.807484	-1.907918	16.896503	0.413458	-1619.295504	
5.940000	15.463143	1.074655	-1.910615	16.869963	0.300533	-1619.236447	
5.941000	15.446230	1.034175	-1.915927	16.843380	0.269381	-1619.177725	
5.942000	15.344753	0.888445	-1.923183	16.816653	0.207078	-1619.119231	
5.943000	15.585761	0.953214	-1.931037	16.789836	0.020167	-1619.060830	
5.944000	15.530794	0.694139	-1.938398	16.763069	0.195396	-1619.002378	
5.945000	15.416632	0.726523	-1.944770	16.736373	0.378412	-1618.943736	
5.946000	15.446230	0.847965	-1.950003	16.709637	0.187608	-1618.884801	
5.947000	15.365894	0.839869	-1.953985	16.682765	0.008485	-1618.825523	
5.948000	15.513881	1.017982	-1.956914	16.655816	0.101940	-1618.765900	
5.949000	15.518109	0.880349	-1.959260	16.628934	0.125304	-1618.705974	
5.950000	15.340525	1.050367	-1.961032	16.602141	0.253805	-1618.645836	
5.951000	15.391263	0.985598	-1.961926	16.575322	0.374518	-1618.585615	
5.952000	15.429317	0.880349	-1.961948	16.548380	0.249911	-1618.525465	
5.953000	15.526566	0.920829	-1.961192	16.521369	0.129198	-1618.465537	
5.954000	15.450458	0.823676	-1.959676	16.494428	0.300533	-1618.405949	
5.955000	15.416632	1.139424	-1.957543	16.467575	0.265487	-1618.346758	
5.956000	15.505425	0.767004	-1.955063	16.440690	0.339473	-1618.287979	
5.957000	15.437773	0.847965	-1.952501	16.413667	0.179820	-1618.229588	
5.958000	15.594217	0.904637	-1.950130	16.386560	0.012379	-1618.171516	
5.959000	15.513881	0.702235	-1.948130	16.359510	0.284957	-1618.113646	
5.960000	15.353209	0.904637	-1.946370	16.332538	0.320003	-1618.055825	
5.961000	15.442002	1.017982	-1.944586	16.305531	0.246017	-1617.997896	
5.962000	15.387035	0.856061	-1.942672	16.278395	0.320003	-1617.939730	
5.963000	15.513881	0.912733	-1.940658	16.251187	0.051319	-1617.881244	
5.964000	15.446230	0.937022	-1.938674	16.224050	0.246017	-1617.822398	
5.965000	15.315155	0.937022	-1.936958	16.197008	0.269381	-1617.763193	
5.966000	15.446230	0.945118	-1.935598	16.169943	0.374518	-1617.703684	
5.967000	15.551935	0.807484	-1.934515	16.142757	0.304427	-1617.643988	
5.968000	15.505425	0.888445	-1.933846	16.115503	0.117516	-1617.584257	
5.969000	15.526566	0.904637	-1.933851	16.088323	0.261593	-1617.524654	
5.970000	15.416632	0.920829	-1.934519	16.061236	0.312215	-1617.465318	
5.971000	15.412404	1.082751	-1.935492	16.034128	0.355048	-1617.406342	
5.972000	15.446230	0.686043	-1.936450	16.006899	0.086365	-1617.347774	
5.973000	15.509653	0.977502	-1.937481	15.979605	0.160350	-1617.289615	
5.974000	15.602673	0.775100	-1.938849	15.952389	0.136986	-1617.231819	
5.975000	15.361666	1.090847	-1.940599	15.925277	0.429034	-1617.174285	
5.976000	15.344753	1.009886	-1.942463	15.898161	0.444610	-1617.116869	
5.977000	15.429317	0.742716	-1.943976	15.870945	0.105834	-1617.059410	
5.978000	15.433545	0.864157	-1.944801	15.843686	0.140880	-1617.001760	
5.979000	15.522337	0.888445	-1.944975	15.816526	0.343367	-1616.943793	
5.980000	15.399719	0.920829	-1.944716	15.789485	0.343367	-1616.885426	
5.981000	15.327840	0.928926	-1.944127	15.762447	0.261593	-1616.826627	
5.982000	15.425089	0.953214	-1.943285	15.735308	0.179820	-1616.767421	
5.983000	15.539250	0.847965	-1.942337	15.708119	0.039637	-1616.707901	
5.984000	15.573076	0.791292	-1.941562	15.681015	0.191502	-1616.648206	
5.985000	15.467371	0.896541	-1.941418	15.654017	0.316109	-1616.588500	
5.986000	15.374350	0.969406	-1.942271	15.627014	0.358942	-1616.528948	
5.987000	15.442002	0.783196	-1.944194	15.599911	0.136986	-1616.469687	
5.988000	15.560391	0.791292	-1.947099	15.572763	0.070789	-1616.410805	
5.989000	15.480055	0.872253	-1.951017	15.545707	0.144774	-1616.352331	
5.990000	15.387035	1.107039	-1.956167	15.518764	0.351155	-1616.294243	
5.991000	15.315155	1.171808	-1.962475	15.491824	0.195396	-1616.236469	
5.992000	15.332068	1.026079	-1.969317	15.464790	0.351155	-1616.178890	
5.993000	15.539250	0.831773	-1.975842	15.437714	0.078577	-1616.121362	
5.994000	15.480055	0.791292	-1.981274	15.410734	0.308321	-1616.063730	
5.995000	15.425089	0.937022	-1.984901	15.383869	0.343367	-1616.005851	
5.996000	15.361666	1.171808	-1.986157	15.357009	0.261593	-1615.947622	
5.997000	15.573076	0.839869	-1.984976	15.330056	0.175926	-1615.888990	
5.998000	15.585761	0.856061	-1.981587	15.303061	0.164244	-1615.829958	
5.999000	15.509653	0.823676	-1.976100	15.276162	0.129198	-1615.770577	
6.000000	15.463143	0.888445	-1.968890	15.249384	0.238229	-1615.710947	0.000000
6.001000	15.370122	0.969406	-1.960876	15.222617	0.179820	-1615.651216	
6.002000	15.425089	0.961310	-1.953038	15.195772	0.109728	-1615.591551	
6.003000	15.539250	0.872253	-1.945943	15.168904	0.055213	-1615.532114	
6.004000	15.429317	0.920829	-1.939840	15.142154	0.347261	-1615.473020	
6.005000	15.340525	0.839869	-1.934917	15.115547	0.335579	-1615.414322	
6.006000	15.420861	1.017982	-1.931203	15.088971	0.370624	-1615.356027	
6.007000	15.412404	0.912733	-1.928607	15.062327	0.327791	-1615.298104	
6.008000	15.526566	0.791292	-1.927122	15.035666	0.164244	-1615.240475	
6.009000	15.382807	0.896541	-1.926636	15.009126	0.210972	-1615.183011	
6.010000	15.467371	0.937022	-1.926790	14.982727	0.351155	-1615.125557	
6.011000	15.458914	1.042271	-1.927340	14.956356	0.316109	-1615.067964	
6.012000	15.471599	0.977502	-1.928423	14.929915	0.304427	-1615.010112	
6.013000	15.594217	0.904637	-1.930122	14.903451	0.043531	-1614.951929	
6.014000	15.433545	0.686043	-1.932024	14.877100	0.242123	-1614.893383	
6.015000	15.437773	0.912733	-1.933496	14.850884	0.203184	-1614.834482	
6.016000	15.454686	0.953214	-1.934209	14.824694	0.222654	-1614.775291	
6.017000	15.365894	1.001790	-1.934172	14.798438	0.214866	-1614.715925	
6.018000	15.530794	0.920829	-1.933530	14.772165	0.136986	-1614.656541	
6.019000	15.361666	0.945118	-1.932596	14.746009	0.288851	-1614.597300	
6.020000	15.370122	0.953214	-1.931772	14.719993	0.362836	-1614.538338	
6.021000	15.484284	0.945118	-1.931243	14.694004	0.281063	-1614.479741	
6.022000	15.416632	0.605082	-1.931046	14.667947	0.218760	-1614.421551	
6.023000	15.598445	0.856061	-1.931033	14.641866	0.187608	-1614.363765	
6.024000	15.484284	0.977502	-1.930595	14.615888	0.238229	-1614.306338	
6.025000	15.408176	1.058463	-1.929247	14.590026	0.234335	-1614.249175	
6.026000	15.480055	0.831773	-1.926975	14.564168	0.253805	-1614.192136	
6.027000	15.357437	0.864157	-1.923864	14.538220	0.238229	-1614.135072	
6.028000	15.606902	0.839869	-1.920142	14.512233	0.113622	-1614.077843	
6.029000	15.471599	0.823676	-1.916170	14.486343	0.261593	-1614.020334	
6.030000	15.420861	0.969406	-1.912143	14.460571	0.347261	-1613.962463	
6.031000	15.374350	0.977502	-1.908086	14.434813	0.257699	-1613.904190	
6.032000	15.336296	0.937022	-1.903996	14.408975	0.335579	-1613.845536	
6.033000	15.505425	0.783196	-1.899906	14.383109	0.101940	-1613.786580	
6.034000	15.539250	0.734620	-1.896064	14.357349	0.382306	-1613.727455	
6.035000	15.361666	0.985598	-1.892961	14.331715	0.257699	-1613.668314	
6.036000	15.403948	0.953214	-1.890898	14.306101	0.382306	-1613.609309	
6.037000	15.408176	0.847965	-1.889767	14.280410	0.136986	-1613.550571	
6.038000	15.598445	0.823676	-1.889504	14.254687	-0.065500	-1613.492191	
6.039000	15.556163	0.831773	-1.890418	14.229060	0.246017	-1613.434205	
6.040000	15.425089	0.904637	-1.893118	14.203548	0.164244	-1613.376599	
6.041000	15.387035	1.034175	-1.898163	14.178042	0.284957	-1613.319304	
6.042000	15.467371	0.945118	-1.905294	14.152449	0.109728	-1613.262211	
6.043000	15.577304	0.920829	-1.913294	14.126818	0.078577	-1613.205182	
6.044000	15.535022	0.807484	-1.920744	14.101283	0.300533	-1613.148064	
6.045000	15.387035	1.107039	-1.926497	14.075869	0.327791	-1613.090718	
6.046000	15.387035	1.066559	-1.929787	14.050473	0.339473	-1613.033030	
6.047000	15.344753	0.758908	-1.930570	14.025002	0.207078	-1612.974939	
6.048000	15.501196	0.856061	-1.929804	13.999503	0.199290	-1612.916436	
6.049000	15.513881	0.718427	-1.928805	13.974109	0.253805	-1612.857559	
6.050000	15.370122	0.969406	-1.928058	13.948842	0.335579	-1612.798404	
6.051000	15.429317	1.090847	-1.927373	13.923592	0.230441	-1612.739110	
6.052000	15.420861	0.823676	-1.926797	13.898265	0.172032	-1612.679845	
6.053000	15.543479	0.945118	-1.926508	13.872910	-0.088864	-1612.620774	
6.054000	15.560391	0.750812	-1.926396	13.847661	0.172032	-1612.562019	
6.055000	15.374350	0.694139	-1.926184	13.822542	0.335579	-1612.503645	
6.056000	15.458914	1.001790	-1.925701	13.797448	0.238229	-1612.445664	
6.057000	15.416632	0.896541	-1.924938	13.772286	0.187608	-1612.388048	
6.058000	15.412404	1.042271	-1.923953	13.747111	0.148668	-1612.330718	
6.059000	15.484284	0.767004	-1.922760	13.722056	0.269381	-1612.273548	
6.060000	15.319384	0.945118	-1.921278	13.697146	0.296639	-1612.216378	
6.061000	15.429317	0.969406	-1.919495	13.672275	0.269381	-1612.159047	
6.062000	15.399719	0.864157	-1.917439	13.647350	0.277169	-1612.101427	
6.063000	15.463143	0.783196	-1.915025	13.622419	0.203184	-1612.043437	
6.064000	15.496968	0.726523	-1.911870	13.597612	0.308321	-1611.985036	
6.065000	15.412404	1.147520	-1.907257	13.572944	0.284957	-1611.926233	
6.066000	15.463143	1.042271	-1.901060	13.548304	0.312215	-1611.867091	
6.067000	15.475827	0.702235	-1.894232	13.523595	0.125304	-1611.807734	
6.068000	15.446230	0.815580	-1.887990	13.498873	0.000697	-1611.748327	
6.069000	15.535022	0.799388	-1.883141	13.474276	0.191502	-1611.689036	
6.070000	15.420861	0.880349	-1.879905	13.449832	0.273275	-1611.630001	
6.071000	15.412404	1.050367	-1.878188	13.425439	0.320003	-1611.571316	
6.072000	15.306699	0.847965	-1.878040	13.401010	0.195396	-1611.513024	
6.073000	15.458914	1.155616	-1.879654	13.376600	0.261593	-1611.455120	
6.074000	15.437773	0.831773	-1.883113	13.352345	0.323897	-1611.397552	
6.075000	15.403948	0.945118	-1.888217	13.328267	0.273275	-1611.340213	
6.076000	15.420861	0.985598	-1.894356	13.304258	0.331685	-1611.282957	
6.077000	15.446230	0.783196	-1.900781	13.280222	0.129198	-1611.225632	
6.078000	15.543479	0.896541	-1.907085	13.256205	0.031849	-1611.168095	
6.079000	15.496968	0.912733	-1.913109	13.232338	0.164244	-1611.110231	
6.080000	15.429317	0.880349	-1.918638	13.208640	0.308321	-1611.051960	
6.081000	15.425089	0.807484	-1.923350	13.185006	0.308321	-1610.993251	
6.082000	15.433545	0.726523	-1.926811	13.161342	0.136986	-1610.934134	
6.083000	15.522337	0.799388	-1.928830	13.137701	-0.042136	-1610.874704	
6.084000	15.585761	0.937022	-1.929826	13.114217	0.234335	-1610.815107	
6.085000	15.374350	1.017982	-1.930504	13.090915	0.320003	-1610.755500	
6.086000	15.340525	1.058463	-1.931493	13.067698	0.304427	-1610.696039	
6.087000	15.403948	0.937022	-1.933419	13.044474	0.351155	-1610.636854	
6.088000	15.505425	0.888445	-1.936809	13.021289	0.175926	-1610.578031	
6.089000	15.488512	0.767004	-1.941908	12.998265	0.292745	-1610.519600	
6.090000	15.399719	0.937022	-1.948714	12.975416	0.487443	-1610.461538	
6.091000	15.365894	1.050367	-1.956734	12.952636	0.246017	-1610.403775	
6.092000	15.416632	0.750812	-1.965045	12.929827	0.199290	-1610.346201	
6.093000	15.577304	0.775100	-1.972775	12.907033	0.063001	-1610.288686	
6.094000	15.530794	0.896541	-1.979216	12.884376	0.187608	-1610.231086	
6.095000	15.425089	0.961310	-1.983799	12.861876	0.273275	-1610.173267	
6.096000	15.378578	0.969406	-1.986083	12.839431	0.269381	-1610.115128	
6.097000	15.454686	0.985598	-1.985960	12.816949	0.125304	-1610.056612	
6.098000	15.526566	0.621274	-1.984080	12.794477	0.066895	-1609.997712	
6.099000	15.463143	1.017982	-1.981582	12.772141	0.249911	-1609.938467	
6.100000	15.433545	1.074655	-1.979129	12.749959	0.339473	-1609.878964	0.000000
6.101000	15.298242	1.293249	-1.976787	12.727830	0.464080	-1609.819337	
6.102000	15.425089	0.912733	-1.974555	12.705661	0.296639	-1609.759741	
6.103000	15.560391	0.823676	-1.972403	12.683498	0.140880	-1609.700332	
6.104000	15.454686	0.928926	-1.970366	12.661467	0.335579	-1609.641229	
6.105000	15.395491	0.993694	-1.968731	12.639587	0.300533	-1609.582498	
6.106000	15.458914	0.977502	-1.967611	12.617752	0.164244	-1609.524155	
6.107000	15.403948	1.042271	-1.966610	12.595869	0.187608	-1609.466181	
6.108000	15.564620	0.767004	-1.965394	12.573985	0.055213	-1609.408508	
6.109000	15.425089	0.783196	-1.963998	12.552230	0.035743	-1609.351022	
6.110000	15.408176	0.937022	-1.962370	12.530629	0.335579	-1609.293575	
6.111000	15.437773	0.831773	-1.960444	12.509086	0.249911	-1609.236018	
6.112000	15.357437	0.969406	-1.958314	12.487514	0.242123	-1609.178227	
6.113000	15.513881	0.839869	-1.956026	12.465963	0.043531	-1609.120121	
6.114000	15.442002	0.767004	-1.953652	12.444559	0.288851	-1609.061656	
6.115000	15.353209	0.775100	-1.951300	12.423318	0.358942	-1609.002830	
6.116000	15.429317	0.977502	-1.948931	12.402134	0.308321	-1608.943699	
6.117000	15.365894	0.847965	-1.946545	12.380916	0.230441	-1608.884376	
6.118000	15.505425	0.839869	-1.944439	12.359707	0.117516	-1608.825013	
6.119000	15.488512	0.815580	-1.943084	12.338631	0.148668	-1608.765775	
6.120000	15.450458	0.928926	-1.942879	12.317706	0.312215	-1608.706802	
6.121000	15.480055	0.985598	-1.943889	12.296828	0.249911	-1608.648196	
6.122000	15.425089	0.969406	-1.945671	12.275908	0.090259	-1608.590010	
6.123000	15.611130	0.823676	-1.947641	12.254992	-0.026560	-1608.532249	
6.124000	15.530794	0.775100	-1.949444	12.234207	0.140880	-1608.474873	
6.125000	15.425089	0.856061	-1.950886	12.213576	0.351155	-1608.417780	
6.126000	15.429317	0.872253	-1.951737	12.193004	0.351155	-1608.360827	
6.127000	15.378578	0.945118	-1.951666	12.172409	0.203184	-1608.303858	
6.128000	15.467371	0.937022	-1.950289	12.151841	0.191502	-1608.246723	
6.129000	15.442002	0.758908	-1.947396	12.131426	0.265487	-1608.189296	
6.130000	15.332068	1.017982	-1.943145	12.111181	0.304427	-1608.131487	
6.131000	15.513881	0.702235	-1.937918	12.091004	0.300533	-1608.073258	
6.132000	15.332068	0.799388	-1.932046	12.070803	0.125304	-1608.014633	
6.133000	15.535022	0.961310	-1.925730	12.050620	0.136986	-1607.955705	
6.134000	15.564620	0.912733	-1.919242	12.030575	0.261593	-1607.896612	
6.135000	15.420861	0.953214	-1.913125	12.010685	0.257699	-1607.837512	
6.136000	15.480055	0.856061	-1.908004	11.990845	0.288851	-1607.778566	
6.137000	15.425089	0.718427	-1.904286	11.970967	0.098047	-1607.719911	
6.138000	15.547707	0.807484	-1.902099	11.951099	-0.018773	-1607.661642	
6.139000	15.518109	0.758908	-1.901585	11.931369	0.144774	-1607.603792	
6.140000	15.306699	1.131328	-1.903189	11.911799	0.296639	-1607.546331	
6.141000	15.425089	0.969406	-1.907018	11.892292	0.351155	-1607.489181	
6.142000	15.268645	0.807484	-1.912330	11.872762	0.320003	-1607.432225	
6.143000	15.496968	0.839869	-1.918060	11.853254	0.090259	-1607.375322	
6.144000	15.535022	0.694139	-1.923230	11.833890	0.265487	-1607.318321	
6.145000	15.336296	1.115135	-1.927142	11.814688	0.265487	-1607.261076	
6.146000	15.403948	1.017982	-1.929648	11.795544	0.226548	-1607.203477	
6.147000	15.442002	0.823676	-1.930761	11.776362	0.164244	-1607.145467	
6.148000	15.543479	1.139424	-1.929855	11.757183	0.035743	-1607.087044	
6.149000	15.581532	0.799388	-1.926109	11.738127	0.172032	-1607.028259	
6.150000	15.357437	0.928926	-1.919662	11.719218	0.191502	-1606.969212	
6.151000	15.289786	0.985598	-1.911675	11.700363	0.284957	-1606.910050	
6.152000	15.433545	0.669851	-1.903551	11.681480	0.284957	-1606.850939	
6.153000	15.526566	0.937022	-1.896393	11.662618	0.207078	-1606.792035	
6.154000	15.505425	0.937022	-1.890868	11.643899	0.152562	-1606.733458	
6.155000	15.365894	1.017982	-1.887287	11.625347	0.288851	-1606.675267	
6.156000	15.382807	1.001790	-1.885530	11.606867	0.386200	-1606.617467	
6.157000	15.425089	0.775100	-1.885042	11.588374	0.257699	-1606.560023	
6.158000	15.513881	0.726523	-1.885338	11.569911	0.160350	-1606.502855	
6.159000	15.535022	0.807484	-1.886168	11.551599	0.265487	-1606.445837	
6.160000	15.420861	1.009886	-1.887270	11.533452	0.355048	-1606.388821	
6.161000	15.416632	1.001790	-1.888459	11.515371	0.234335	-1606.331661	
6.162000	15.429317	0.783196	-1.889798	11.497265	0.094153	-1606.274241	
6.163000	15.539250	0.791292	-1.891536	11.479174	0.121410	-1606.216486	
6.164000	15.522337	0.540314	-1.894125	11.461216	0.284957	-1606.158363	
6.165000	15.505425	0.856061	-1.898011	11.443406	0.284957	-1606.099881	
6.166000	15.395491	0.977502	-1.902836	11.425652	0.253805	-1606.041099	
6.167000	15.412404	0.702235	-1.907581	11.407871	0.117516	-1605.982134	
6.168000	15.471599	0.928926	-1.911722	11.390111	0.074683	-1605.923137	
6.169000	15.471599	0.815580	-1.915260	11.372489	0.234335	-1605.864264	
6.170000	15.412404	0.888445	-1.918094	11.355025	0.300533	-1605.805649	
6.171000	15.408176	1.147520	-1.920159	11.337619	0.191502	-1605.747381	
6.172000	15.391263	0.775100	-1.921802	11.320181	0.133092	-1605.689507	
6.173000	15.471599	0.937022	-1.923461	11.302756	0.035743	-1605.632029	
6.174000	15.509653	0.864157	-1.925207	11.285463	0.281063	-1605.574903	
6.175000	15.484284	0.767004	-1.926881	11.268319	0.304427	-1605.518036	
6.176000	15.403948	1.260865	-1.928230	11.251223	0.366730	-1605.461294	
6.177000	15.450458	0.791292	-1.928969	11.234091	0.098047	-1605.404534	
6.178000	15.471599	0.831773	-1.929082	11.216970	0.059107	-1605.347620	
6.179000	15.458914	0.847965	-1.928826	11.199983	0.242123	-1605.290434	
6.180000	15.454686	1.009886	-1.928419	11.183149	0.253805	-1605.232889	
6.181000	15.344753	1.098943	-1.927761	11.166376	0.495231	-1605.174940	
6.182000	15.480055	0.799388	-1.926472	11.149584	0.269381	-1605.116606	
6.183000	15.429317	0.864157	-1.924318	11.132821	0.148668	-1605.057972	
6.184000	15.442002	0.872253	-1.921614	11.116215	0.222654	-1604.999169	
6.185000	15.450458	0.977502	-1.919130	11.099785	0.331685	-1604.940350	
6.186000	15.387035	0.864157	-1.917654	11.083428	0.448504	-1604.881669	
6.187000	15.437773	0.823676	-1.917711	11.067049	0.203184	-1604.823265	
6.188000	15.640727	0.904637	-1.919482	11.050689	-0.022667	-1604.765236	
6.189000	15.488512	1.034175	-1.922821	11.034470	0.179820	-1604.707621	
6.190000	15.433545	1.042271	-1.927276	11.018411	0.339473	-1604.650405	
6.191000	15.403948	0.920829	-1.932092	11.002411	0.226548	-1604.593518	
6.192000	15.475827	0.605082	-1.936519	10.986381	0.168138	-1604.536857	
6.193000	15.585761	0.710331	-1.940090	10.970373	0.086365	-1604.480287	
6.194000	15.437773	1.001790	-1.942515	10.954517	0.249911	-1604.423660	
6.195000	15.395491	1.155616	-1.943581	10.938839	0.277169	-1604.366826	
6.196000	15.370122	1.034175	-1.943276	10.923244	0.199290	-1604.309667	
6.197000	15.442002	0.718427	-1.942109	10.907643	0.339473	-1604.252115	
6.198000	15.611130	0.750812	-1.940984	10.892084	0.031849	-1604.194159	
6.199000	15.458914	0.896541	-1.940374	10.876693	0.242123	-1604.135840	
6.200000	15.403948	0.969406	-1.940135	10.861488	0.440716	-1604.077250	0.000000
6.201000	15.412404	1.163712	-1.940200	10.846363	0.351155	-1604.018533	
6.202000	15.442002	0.904637	-1.940798	10.831225	0.238229	-1603.959857	
6.203000	15.606902	0.815580	-1.942125	10.816119	0.121410	-1603.901391	
6.204000	15.530794	0.750812	-1.944113	10.801174	0.129198	-1603.843265	
6.205000	15.387035	1.123232	-1.946487	10.786414	0.288851	-1603.785550	
6.206000	15.408176	1.066559	-1.949138	10.771739	0.355048	-1603.728262	
6.207000	15.399719	0.961310	-1.952228	10.757062	0.191502	-1603.671372	
6.208000	15.513881	0.856061	-1.955791	10.742434	0.024061	-1603.614807	
6.209000	15.454686	0.807484	-1.959465	10.727988	0.292745	-1603.558440	
6.210000	15.336296	1.107039	-1.962600	10.713748	0.351155	-1603.502118	
6.211000	15.382807	1.001790	-1.964694	10.699613	0.312215	-1603.445686	
6.212000	15.425089	0.872253	-1.965636	10.685491	0.152562	-1603.389014	
6.213000	15.598445	0.710331	-1.965433	10.671430	0.101940	-1603.332018	
6.214000	15.522337	0.880349	-1.964043	10.657553	0.273275	-1603.274657	
6.215000	15.433545	0.767004	-1.961493	10.643881	0.269381	-1603.216939	
6.216000	15.425089	1.082751	-1.957967	10.630310	0.323897	-1603.158927	
6.217000	15.399719	0.831773	-1.953794	10.616752	0.273275	-1603.100742	
6.218000	15.530794	0.742716	-1.949411	10.603252	0.195396	-1603.042542	
6.219000	15.509653	0.702235	-1.945248	10.589938	0.160350	-1602.984493	
6.220000	15.425089	0.920829	-1.941592	10.576832	0.300533	-1602.926733	
6.221000	15.442002	0.896541	-1.938635	10.563835	0.300533	-1602.869362	
6.222000	15.370122	1.196096	-1.936282	10.550866	0.374518	-1602.812425	
6.223000	15.480055	1.074655	-1.934146	10.537978	0.004591	-1602.755925	
6.224000	15.391263	0.839869	-1.932277	10.525303	0.288851	-1602.699816	
6.225000	15.399719	0.961310	-1.931105	10.512864	0.292745	-1602.643998	
6.226000	15.496968	1.034175	-1.930641	10.500561	0.308321	-1602.588329	
6.227000	15.365894	0.839869	-1.930562	10.488302	0.214866	-1602.532661	
6.228000	15.496968	0.928926	-1.930630	10.476131	0.012379	-1602.476854	
6.229000	15.539250	0.767004	-1.930651	10.464169	0.269381	-1602.420791	
6.230000	15.467371	1.001790	-1.930373	10.452431	0.312215	-1602.364390	
6.231000	15.488512	0.985598	-1.929733	10.440816	0.226548	-1602.307619	
6.232000	15.387035	0.920829	-1.929009	10.429236	0.300533	-1602.250507	
6.233000	15.496968	0.864157	-1.928354	10.417741	0.078577	-1602.193145	
6.234000	15.475827	0.686043	-1.927665	10.406458	0.269381	-1602.135667	
6.235000	15.374350	0.928926	-1.927006	10.395408	0.409564	-1602.078226	
6.236000	15.463143	0.961310	-1.926537	10.384485	0.382306	-1602.020969	
6.237000	15.374350	0.904637	-1.926259	10.373601	0.265487	-1601.964028	
6.238000	15.471599	1.196096	-1.926119	10.362804	0.125304	-1601.907488	
6.239000	15.505425	0.653659	-1.925898	10.352225	0.370624	-1601.851377	
6.240000	15.294014	0.928926	-1.924797	10.341881	0.362836	-1601.795669	
6.241000	15.437773	1.009886	-1.922009	10.331672	0.308321	-1601.740296	
6.242000	15.395491	0.799388	-1.917723	10.321509	0.168138	-1601.685156	
6.243000	15.488512	0.953214	-1.912695	10.311436	0.113622	-1601.630120	
6.244000	15.535022	0.872253	-1.907603	10.301579	0.172032	-1601.575046	
6.245000	15.365894	0.977502	-1.903092	10.291958	0.339473	-1601.519795	
6.246000	15.433545	0.977502	-1.899613	10.282470	0.374518	-1601.464253	
6.247000	15.509653	0.661755	-1.897309	10.273026	0.136986	-1601.408358	
6.248000	15.480055	0.815580	-1.895971	10.263674	0.098047	-1601.352100	
6.249000	15.509653	0.847965	-1.895084	10.254540	0.195396	-1601.295516	
6.250000	15.340525	1.017982	-1.894326	10.245646	0.351155	-1601.238687	
6.251000	15.319384	1.277057	-1.893882	10.236887	0.425140	-1601.181745	
6.252000	15.403948	0.734620	-1.894192	10.228175	0.238229	-1601.124846	
6.253000	15.530794	0.823676	-1.895624	10.219552	-0.018773	-1601.068147	
6.254000	15.471599	0.775100	-1.898301	10.211141	0.257699	-1601.011771	
6.255000	15.408176	1.098943	-1.902124	10.202957	0.296639	-1600.955783	
6.256000	15.332068	0.880349	-1.907119	10.194890	0.257699	-1600.900199	
6.257000	15.475827	0.856061	-1.913584	10.186844	0.101940	-1600.844994	
6.258000	15.539250	0.928926	-1.921491	10.178859	-0.018773	-1600.790102	
6.259000	15.454686	0.758908	-1.930137	10.171054	0.175926	-1600.735407	
6.260000	15.374350	0.945118	-1.938557	10.163449	0.362836	-1600.680762	
6.261000	15.365894	1.001790	-1.945969	10.155943	0.339473	-1600.626013	
6.262000	15.463143	0.856061	-1.951978	10.148450	0.210972	-1600.571030	
6.263000	15.471599	0.928926	-1.956408	10.141016	0.175926	-1600.515725	
6.264000	15.484284	0.912733	-1.959320	10.133766	0.417352	-1600.460054	
6.265000	15.327840	1.026079	-1.961249	10.126715	0.553641	-1600.404014	
6.266000	15.348981	1.066559	-1.962487	10.119755	0.401776	-1600.347657	
6.267000	15.433545	0.807484	-1.962652	10.112791	0.148668	-1600.291093	
6.268000	15.501196	0.831773	-1.961593	10.105865	0.199290	-1600.234480	
6.269000	15.484284	0.823676	-1.959717	10.099099	0.164244	-1600.177985	
6.270000	15.446230	1.009886	-1.957509	10.092514	0.277169	-1600.121758	
6.271000	15.374350	1.042271	-1.955238	10.086007	0.409564	-1600.065907	
6.272000	15.488512	0.686043	-1.952911	10.079489	0.059107	-1600.010485	
6.273000	15.505425	0.847965	-1.950547	10.073009	0.031849	-1599.955501	
6.274000	15.475827	0.734620	-1.948501	10.066696	0.253805	-1599.900912	
6.275000	15.467371	0.977502	-1.947167	10.060571	0.343367	-1599.846622	
6.276000	15.416632	1.163712	-1.946424	10.054533	0.304427	-1599.792489	
6.277000	15.429317	1.034175	-1.945795	10.048498	0.288851	-1599.738352	
6.278000	15.484284	0.831773	-1.944961	10.042513	0.109728	-1599.684058	
6.279000	15.446230	0.920829	-1.943946	10.036703	0.249911	-1599.629475	
6.280000	15.505425	0.977502	-1.942918	10.031083	0.355048	-1599.574512	
6.281000	15.370122	0.928926	-1.941744	10.025548	0.351155	-1599.519126	
6.282000	15.458914	0.953214	-1.939876	10.020005	0.238229	-1599.463340	
6.283000	15.551935	0.767004	-1.936974	10.014498	0.066895	-1599.407243	
6.284000	15.564620	0.953214	-1.933320	10.009153	0.257699	-1599.350969	
6.285000	15.471599	1.066559	-1.929557	10.003987	0.288851	-1599.294676	
6.286000	15.467371	0.969406	-1.926153	9.998902	0.277169	-1599.238527	
6.287000	15.403948	0.896541	-1.923095	9.993810	0.187608	-1599.182666	
6.288000	15.526566	0.872253	-1.920314	9.988759	-0.073288	-1599.127191	
6.289000	15.395491	0.823676	-1.917829	9.983871	0.226548	-1599.072133	
6.290000	15.378578	1.163712	-1.915190	9.979165	0.222654	-1599.017464	
6.291000	15.412404	0.953214	-1.911808	9.974545	0.386200	-1598.963108	
6.292000	15.243276	0.912733	-1.907860	9.969923	0.156456	-1598.908955	
6.293000	15.530794	0.888445	-1.904063	9.965344	0.078577	-1598.854865	
6.294000	15.403948	0.937022	-1.900850	9.960928	0.335579	-1598.800684	
6.295000	15.348981	0.961310	-1.898265	9.956692	0.323897	-1598.746263	
6.296000	15.425089	0.904637	-1.896421	9.952533	0.288851	-1598.691487	
6.297000	15.370122	0.815580	-1.895617	9.948360	0.210972	-1598.636295	
6.298000	15.657640	0.847965	-1.895943	9.944212	0.051319	-1598.580684	
6.299000	15.573076	0.872253	-1.897084	9.940204	0.358942	-1598.524699	
6.300000	15.370122	1.026079	-1.898680	9.936352	0.281063	-1598.468429	0.000000
6.301000	15.374350	0.912733	-1.900745	9.932555	0.269381	-1598.412010	
6.302000	15.416632	0.856061	-1.903565	9.928726	0.292745	-1598.355603	
6.303000	15.551935	0.823676	-1.907285	9.924907	0.199290	-1598.299366	
6.304000	15.374350	0.969406	-1.911785	9.921221	0.320003	-1598.243421	
6.305000	15.353209	1.260865	-1.916748	9.917688	0.277169	-1598.187830	
6.306000	15.319384	0.977502	-1.921720	9.914208	0.397882	-1598.132603	
6.307000	15.391263	0.945118	-1.926169	9.910689	0.308321	-1598.077714	
6.308000	15.573076	0.791292	-1.929741	9.907168	-0.018773	-1598.023096	
6.309000	15.420861	0.807484	-1.932442	9.903765	0.214866	-1597.968636	
6.310000	15.370122	1.058463	-1.934319	9.900494	0.351155	-1597.914188	
6.311000	15.488512	1.017982	-1.935357	9.897256	0.281063	-1597.859604	
6.312000	15.412404	0.856061	-1.935673	9.893961	0.288851	-1597.804763	
6.313000	15.636499	0.864157	-1.935395	9.890647	-0.073288	-1597.749590	
6.314000	15.446230	0.742716	-1.934397	9.887431	0.218760	-1597.694051	
6.315000	15.365894	0.912733	-1.932322	9.884330	0.296639	-1597.638155	
6.316000	15.433545	0.912733	-1.929126	9.881248	0.323897	-1597.581961	
6.317000	15.378578	0.847965	-1.925340	9.878102	0.156456	-1597.525584	
6.318000	15.539250	0.912733	-1.921691	9.874936	0.059107	-1597.469176	
6.319000	15.458914	0.742716	-1.918720	9.871875	0.129198	-1597.412899	
6.320000	15.344753	1.058463	-1.916711	9.868937	0.312215	-1597.356892	
6.321000	15.458914	1.017982	-1.915963	9.866021	0.374518	-1597.301254	
6.322000	15.382807	0.928926	-1.916598	9.863031	0.273275	-1597.246034	
6.323000	15.611130	0.847965	-1.918359	9.860007	0.183714	-1597.191235	
6.324000	15.556163	0.694139	-1.921248	9.857065	0.265487	-1597.136819	
6.325000	15.408176	1.139424	-1.925351	9.854224	0.300533	-1597.082694	
6.326000	15.475827	0.953214	-1.930158	9.851386	0.374518	-1597.028731	
6.327000	15.429317	0.791292	-1.934893	9.848463	0.160350	-1596.974782	
6.328000	15.535022	0.799388	-1.938844	9.845498	0.074683	-1596.920706	
6.329000	15.551935	0.718427	-1.941551	9.842608	0.191502	-1596.866381	
6.330000	15.412404	0.904637	-1.943070	9.839816	0.331685	-1596.811719	
6.331000	15.403948	0.969406	-1.943820	9.837028	0.374518	-1596.756681	
6.332000	15.348981	1.009886	-1.944249	9.834164	0.121410	-1596.701286	
6.333000	15.420861	0.896541	-1.944387	9.831267	0.183714	-1596.645619	
6.334000	15.581532	0.856061	-1.943899	9.828451	0.261593	-1596.589811	
6.335000	15.403948	0.969406	-1.942683	9.825731	0.335579	-1596.534014	
6.336000	15.446230	1.001790	-1.940930	9.823006	0.401776	-1596.478388	
6.337000	15.416632	0.775100	-1.938796	9.820189	0.191502	-1596.423074	
6.338000	15.454686	0.823676	-1.936425	9.817319	0.098047	-1596.368167	
6.339000	15.560391	0.742716	-1.934053	9.814511	0.300533	-1596.313705	
6.340000	15.416632	1.139424	-1.931723	9.811785	0.300533	-1596.259664	
6.341000	15.437773	0.815580	-1.929205	9.809049	0.281063	-1596.205980	
6.342000	15.412404	0.483641	-1.926464	9.806222	0.187608	-1596.152547	
6.343000	15.458914	0.831773	-1.923775	9.803349	0.020167	-1596.099229	
6.344000	15.458914	0.718427	-1.921383	9.800545	0.222654	-1596.045869	
6.345000	15.403948	0.920829	-1.919433	9.797831	0.300533	-1595.992311	
6.346000	15.403948	1.026079	-1.917911	9.795115	0.366730	-1595.938431	
6.347000	15.429317	0.880349	-1.916509	9.792317	0.218760	-1595.884159	
6.348000	15.387035	0.928926	-1.914571	9.789480	0.172032	-1595.829479	
6.349000	15.480055	0.750812	-1.911092	9.786717	0.312215	-1595.774425	
6.350000	15.387035	0.872253	-1.905580	9.784042	0.370624	-1595.719086	
6.351000	15.403948	0.815580	-1.898857	9.781358	0.242123	-1595.663599	
6.352000	15.496968	0.734620	-1.892396	9.778578	0.164244	-1595.608133	
6.353000	15.513881	0.904637	-1.887319	9.775740	0.090259	-1595.552859	
6.354000	15.505425	0.872253	-1.884172	9.772957	0.195396	-1595.497908	
6.355000	15.306699	0.880349	-1.883169	9.770247	0.246017	-1595.443348	
6.356000	15.374350	0.847965	-1.884358	9.767514	0.164244	-1595.389192	
6.357000	15.522337	0.629370	-1.887598	9.764675	0.183714	-1595.335415	
6.358000	15.471599	0.758908	-1.892575	9.761771	0.109728	-1595.281946	
6.359000	15.454686	0.985598	-1.898775	9.758922	0.160350	-1595.228668	
6.360000	15.357437	1.001790	-1.905528	9.756148	0.339473	-1595.175423	
6.361000	15.361666	1.017982	-1.912282	9.753360	0.401776	-1595.122052	
6.362000	15.475827	0.823676	-1.918707	9.750471	0.129198	-1595.068425	
6.363000	15.513881	0.839869	-1.924546	9.747520	0.031849	-1595.014454	
6.364000	15.412404	0.945118	-1.929731	9.744619	0.355048	-1594.960099	
6.365000	15.357437	0.985598	-1.934486	9.741784	0.343367	-1594.905359	
6.366000	15.391263	0.904637	-1.938803	9.738920	0.261593	-1594.850288	
6.367000	15.454686	1.017982	-1.942345	9.735937	0.125304	-1594.794999	
6.368000	15.539250	0.807484	-1.945118	9.732874	-0.038242	-1594.739647	
6.369000	15.488512	0.839869	-1.947464	9.729844	0.133092	-1594.684400	
6.370000	15.395491	0.945118	-1.949646	9.726868	0.284957	-1594.629400	
6.371000	15.327840	0.945118	-1.951887	9.723858	0.355048	-1594.574746	
6.372000	15.475827	0.937022	-1.954459	9.720731	0.269381	-1594.520483	
6.373000	15.564620	0.945118	-1.957497	9.717533	0.164244	-1594.466612	
6.374000	15.480055	0.945118	-1.960787	9.714379	0.269381	-1594.413089	
6.375000	15.429317	1.066559	-1.963915	9.711287	0.355048	-1594.359819	
6.376000	15.408176	1.026079	-1.966566	9.708165	0.452398	-1594.306662	
6.377000	15.408176	0.831773	-1.968660	9.704928	0.284957	-1594.253464	
6.378000	15.551935	0.653659	-1.970388	9.701614	0.035743	-1594.200080	
6.379000	15.488512	0.831773	-1.971917	9.698337	0.273275	-1594.146388	
6.380000	15.480055	1.196096	-1.973091	9.695116	0.393988	-1594.092303	
6.381000	15.365894	0.945118	-1.973748	9.691863	0.238229	-1594.037793	
6.382000	15.425089	0.742716	-1.974025	9.688502	0.172032	-1593.982883	
6.383000	15.547707	0.807484	-1.974020	9.685076	0.066895	-1593.927656	
6.384000	15.454686	0.839869	-1.973596	9.681699	0.234335	-1593.872243	
6.385000	15.425089	1.050367	-1.972710	9.678390	0.242123	-1593.816794	
6.386000	15.391263	0.953214	-1.971435	9.675055	0.304427	-1593.761463	
6.387000	15.357437	1.082751	-1.969795	9.671610	0.210972	-1593.706383	
6.388000	15.442002	0.961310	-1.967910	9.668097	0.086365	-1593.651646	
6.389000	15.526566	0.847965	-1.966252	9.664631	0.308321	-1593.597280	
6.390000	15.382807	1.066559	-1.965618	9.661232	0.358942	-1593.543261	
6.391000	15.374350	0.977502	-1.966514	9.657808	0.432928	-1593.489522	
6.392000	15.370122	0.880349	-1.968662	9.654276	0.172032	-1593.435960	
6.393000	15.560391	0.783196	-1.971314	9.650673	0.129198	-1593.382446	
6.394000	15.496968	0.896541	-1.973566	9.647111	0.179820	-1593.328833	
6.395000	15.484284	1.139424	-1.974468	9.643608	0.277169	-1593.274976	
6.396000	15.437773	0.928926	-1.973452	9.640075	0.277169	-1593.220763	
6.397000	15.302471	0.872253	-1.970614	9.636435	0.129198	-1593.166132	
6.398000	15.496968	0.928926	-1.966413	9.632733	-0.081076	-1593.111070	
6.399000	15.480055	0.856061	-1.961104	9.629085	0.269381	-1593.055612	
6.400000	15.395491	1.139424	-1.954748	9.625511	0.366730	-1592.999845	0.000000
6.401000	15.391263	1.147520	-1.947719	9.621920	0.370624	-1592.943904	
6.402000	15.387035	1.001790	-1.940769	9.618228	0.230441	-1592.887950	
6.403000	15.526566	0.985598	-1.934733	9.614473	0.098047	-1592.832143	
6.404000	15.437773	0.880349	-1.930386	9.610765	0.335579	-1592.776609	
6.405000	15.416632	1.001790	-1.928245	9.607118	0.288851	-1592.721415	
6.406000	15.522337	0.847965	-1.928318	9.603439	0.284957	-1592.666582	
6.407000	15.437773	0.969406	-1.930243	9.599647	0.203184	-1592.612093	
6.408000	15.581532	0.904637	-1.933610	9.595782	0.070789	-1592.557888	
6.409000	15.496968	0.847965	-1.937837	9.591957	0.144774	-1592.503855	
6.410000	15.374350	0.953214	-1.942031	9.588186	0.331685	-1592.449850	
6.411000	15.480055	0.920829	-1.945374	9.584373	0.261593	-1592.395721	
6.412000	15.425089	0.864157	-1.947385	9.580433	0.129198	-1592.341344	
6.413000	15.463143	0.969406	-1.947817	9.576410	0.082471	-1592.286635	
6.414000	15.509653	0.653659	-1.946581	9.572424	0.218760	-1592.231547	
6.415000	15.399719	1.163712	-1.943691	9.568498	0.214866	-1592.176068	
6.416000	15.458914	1.074655	-1.939334	9.564543	0.401776	-1592.120249	
6.417000	15.412404	0.726523	-1.933991	9.560476	0.172032	-1592.064199	
6.418000	15.513881	0.928926	-1.928321	9.556336	0.175926	-1592.008077	
6.419000	15.492740	0.807484	-1.922951	9.552235	0.230441	-1591.952047	
6.420000	15.382807	0.969406	-1.918304	9.548187	0.249911	-1591.896257	
6.421000	15.488512	0.993694	-1.914610	9.544100	0.323897	-1591.840810	
6.422000	15.442002	0.945118	-1.912113	9.539890	0.175926	-1591.785766	
6.423000	15.522337	1.042271	-1.911162	9.535600	0.004591	-1591.731142	
6.424000	15.492740	0.839869	-1.912020	9.531351	0.082471	-1591.676908	
6.425000	15.387035	1.098943	-1.914537	9.527164	0.409564	-1591.622973	
6.426000	15.399719	1.131328	-1.918070	9.522950	0.339473	-1591.569205	
6.427000	15.412404	0.847965	-1.921815	9.518627	0.152562	-1591.515449	
6.428000	15.471599	1.050367	-1.925141	9.514240	0.113622	-1591.461562	
6.429000	15.513881	0.856061	-1.927659	9.509905	0.207078	-1591.407422	
6.430000	15.442002	0.985598	-1.929180	9.505642	0.405670	-1591.352941	
6.431000	15.370122	0.953214	-1.929482	9.501359	0.269381	-1591.298077	
6.432000	15.454686	0.775100	-1.928049	9.496976	0.210972	-1591.242844	
6.433000	15.539250	0.831773	-1.924564	9.492533	0.094153	-1591.187320	
6.434000	15.585761	0.815580	-1.919500	9.488142	0.362836	-1591.131638	
6.435000	15.395491	1.058463	-1.913883	9.483821	0.358942	-1591.075959	
6.436000	15.446230	1.001790	-1.908602	9.479482	0.218760	-1591.020446	
6.437000	15.425089	0.677947	-1.904073	9.475044	0.238229	-1590.965238	
6.438000	15.530794	0.718427	-1.900540	9.470549	0.016273	-1590.910430	
6.439000	15.573076	0.864157	-1.898438	9.466111	0.168138	-1590.856058	
6.440000	15.327840	1.090847	-1.898403	9.461751	0.343367	-1590.802099	
6.441000	15.437773	1.050367	-1.900819	9.457377	0.378412	-1590.748491	
6.442000	15.370122	0.677947	-1.905220	9.452905	0.238229	-1590.695125	
6.443000	15.480055	0.847965	-1.910451	9.448374	0.140880	-1590.641860	
6.444000	15.513881	0.831773	-1.915400	9.443891	0.187608	-1590.588534	
6.445000	15.382807	0.856061	-1.919441	9.439470	0.292745	-1590.534997	
6.446000	15.382807	0.977502	-1.922471	9.435014	0.199290	-1590.481131	
6.447000	15.467371	0.694139	-1.924741	9.430434	0.238229	-1590.426873	
6.448000	15.535022	0.823676	-1.926468	9.425770	-0.007091	-1590.372213	
6.449000	15.606902	0.767004	-1.927526	9.421136	0.148668	-1590.317189	
6.450000	15.425089	0.945118	-1.927647	9.416552	0.331685	-1590.261891	
6.451000	15.425089	1.001790	-1.926913	9.411933	0.316109	-1590.206459	
6.452000	15.425089	0.637467	-1.925858	9.407203	0.101940	-1590.151060	
6.453000	15.467371	0.791292	-1.924921	9.402408	0.043531	-1590.095858	
6.454000	15.450458	0.823676	-1.923972	9.397669	0.238229	-1590.040977	
6.455000	15.425089	0.912733	-1.922832	9.393006	0.312215	-1589.986481	
6.456000	15.357437	1.204192	-1.921512	9.388332	0.413458	-1589.932384	
6.457000	15.463143	0.856061	-1.919715	9.383569	0.191502	-1589.878660	
6.458000	15.471599	0.896541	-1.917349	9.378757	0.121410	-1589.825242	
6.459000	15.585761	0.791292	-1.914866	9.374007	0.343367	-1589.772008	
6.460000	15.463143	0.880349	-1.912559	9.369333	0.401776	-1589.718808	
6.461000	15.429317	1.098943	-1.910482	9.364638	0.300533	-1589.665488	
6.462000	15.471599	0.799388	-1.908798	9.359836	0.199290	-1589.611922	
6.463000	15.530794	0.856061	-1.907802	9.354969	0.066895	-1589.558032	
6.464000	15.450458	0.686043	-1.907869	9.350152	0.063001	-1589.503775	
6.465000	15.543479	0.839869	-1.909425	9.345404	0.421246	-1589.449151	
6.466000	15.454686	1.001790	-1.912618	9.340635	0.351155	-1589.394208	
6.467000	15.420861	0.645563	-1.917081	9.335764	0.175926	-1589.339056	
6.468000	15.458914	0.896541	-1.922361	9.330838	0.125304	-1589.283847	
6.469000	15.446230	0.888445	-1.928294	9.325974	0.218760	-1589.228741	
6.470000	15.403948	0.945118	-1.934786	9.321194	0.269381	-1589.173875	
6.471000	15.408176	1.034175	-1.941441	9.316408	0.378412	-1589.119348	
6.472000	15.480055	0.767004	-1.947791	9.311533	0.265487	-1589.065214	
6.473000	15.442002	0.750812	-1.953942	9.306611	0.113622	-1589.011482	
6.474000	15.484284	0.758908	-1.960420	9.301757	0.210972	-1588.958120	
6.475000	15.467371	1.017982	-1.967279	9.296988	0.393988	-1588.905040	
6.476000	15.399719	0.945118	-1.973841	9.292216	0.316109	-1588.852109	
6.477000	15.492740	0.864157	-1.979387	9.287359	0.168138	-1588.799178	
6.478000	15.501196	0.799388	-1.983676	9.282461	-0.026560	-1588.746104	
6.479000	15.450458	0.904637	-1.986726	9.277637	0.210972	-1588.692763	
6.480000	15.408176	0.928926	-1.988508	9.272909	0.323897	-1588.639063	
6.481000	15.285558	0.880349	-1.988984	9.268184	0.503019	-1588.584955	
6.482000	15.442002	0.758908	-1.988193	9.263378	0.152562	-1588.530451	
6.483000	15.429317	0.928926	-1.986175	9.258530	0.051319	-1588.475628	
6.484000	15.387035	0.904637	-1.983111	9.253756	0.288851	-1588.420617	
6.485000	15.437773	0.912733	-1.979462	9.249077	0.401776	-1588.365567	
6.486000	15.319384	0.977502	-1.975802	9.244402	0.448504	-1588.310635	
6.487000	15.437773	0.847965	-1.972719	9.239647	0.257699	-1588.255957	
6.488000	15.615358	0.694139	-1.970764	9.234851	0.148668	-1588.201634	
6.489000	15.488512	1.050367	-1.970194	9.230125	0.273275	-1588.147711	
6.490000	15.420861	1.090847	-1.970659	9.225492	0.175926	-1588.094174	
6.491000	15.336296	1.001790	-1.971280	9.220865	0.246017	-1588.040961	
6.492000	15.458914	0.613178	-1.971346	9.216168	0.172032	-1587.987969	
6.493000	15.543479	0.702235	-1.970674	9.211443	0.070789	-1587.935065	
6.494000	15.471599	0.807484	-1.969247	9.206807	0.082471	-1587.882097	
6.495000	15.374350	1.123232	-1.967108	9.202284	0.292745	-1587.828916	
6.496000	15.323612	1.050367	-1.964494	9.197789	0.401776	-1587.775400	
6.497000	15.365894	0.993694	-1.961731	9.193243	0.218760	-1587.721479	
6.498000	15.585761	0.928926	-1.958775	9.188685	0.012379	-1587.667133	
6.499000	15.496968	0.758908	-1.954952	9.184222	0.331685	-1587.612393	
6.500000	15.425089	1.115135	-1.949700	9.179867	0.288851	-1587.557344	0.000000
6.501000	15.395491	1.131328	-1.943314	9.175530	0.393988	-1587.502121	
6.502000	15.450458	0.847965	-1.936638	9.171126	0.210972	-1587.446889	
6.503000	15.589989	0.799388	-1.930553	9.166692	0.070789	-1587.391814	
6.504000	15.513881	0.945118	-1.925826	9.162335	0.292745	-1587.337024	
6.505000	15.442002	0.839869	-1.922913	9.158073	0.308321	-1587.282595	
6.506000	15.420861	0.961310	-1.921736	9.153816	0.413458	-1587.228552	
6.507000	15.382807	0.937022	-1.921774	9.149482	0.191502	-1587.174876	
6.508000	15.518109	0.702235	-1.922518	9.145108	0.031849	-1587.121502	
6.509000	15.348981	0.831773	-1.923685	9.140802	0.175926	-1587.068313	
6.510000	15.370122	1.179904	-1.925025	9.136587	0.370624	-1587.015155	
6.511000	15.395491	1.123232	-1.926439	9.132377	0.397882	-1586.961872	
6.512000	15.336296	1.001790	-1.928265	9.128093	0.187608	-1586.908336	
6.513000	15.526566	0.880349	-1.930963	9.123771	0.094153	-1586.854459	
6.514000	15.496968	0.815580	-1.934462	9.119521	0.234335	-1586.800198	
6.515000	15.454686	0.880349	-1.938165	9.115362	0.331685	-1586.745550	
6.516000	15.509653	0.953214	-1.941400	9.111206	0.234335	-1586.690572	
6.517000	15.429317	0.872253	-1.943696	9.106974	0.140880	-1586.635383	
6.518000	15.560391	0.872253	-1.944958	9.102704	0.047425	-1586.580142	
6.519000	15.450458	0.734620	-1.945380	9.098511	0.300533	-1586.525017	
6.520000	15.416632	0.993694	-1.945138	9.094416	0.323897	-1586.470157	
6.521000	15.467371	0.888445	-1.944412	9.090334	0.320003	-1586.415665	
6.522000	15.378578	1.074655	-1.943322	9.086191	0.160350	-1586.361600	
6.523000	15.518109	0.847965	-1.941700	9.082031	0.090259	-1586.307968	
6.524000	15.391263	0.920829	-1.939528	9.077967	0.257699	-1586.254727	
6.525000	15.416632	1.098943	-1.937116	9.074018	0.417352	-1586.201774	
6.526000	15.509653	0.912733	-1.934579	9.070093	0.210972	-1586.148968	
6.527000	15.344753	0.880349	-1.931785	9.066109	0.195396	-1586.096155	
6.528000	15.535022	0.993694	-1.928608	9.062104	0.031849	-1586.043189	
6.529000	15.484284	0.734620	-1.925103	9.058185	0.320003	-1585.989952	
6.530000	15.488512	1.001790	-1.921481	9.054368	0.261593	-1585.936358	
6.531000	15.526566	0.742716	-1.917799	9.050561	0.253805	-1585.882373	
6.532000	15.416632	0.961310	-1.913893	9.046683	0.086365	-1585.828020	
6.533000	15.539250	0.839869	-1.909612	9.042777	0.004591	-1585.773387	
6.534000	15.437773	0.888445	-1.905030	9.038953	0.226548	-1585.718605	
6.535000	15.391263	1.066559	-1.900499	9.035231	0.257699	-1585.663826	
6.536000	15.420861	0.888445	-1.896452	9.031525	0.405670	-1585.609201	
6.537000	15.357437	1.001790	-1.893177	9.027761	0.203184	-1585.554865	
6.538000	15.471599	0.928926	-1.890863	9.023980	0.179820	-1585.500912	
6.539000	15.463143	0.937022	-1.889815	9.020293	0.304427	-1585.447379	
6.540000	15.374350	0.791292	-1.890300	9.016716	0.382306	-1585.394243	
6.541000	15.408176	0.969406	-1.892132	9.013164	0.409564	-1585.341435	
6.542000	15.480055	0.750812	-1.894789	9.009554	0.168138	-1585.288849	
6.543000	15.560391	0.791292	-1.897759	9.005923	0.121410	-1585.236352	
6.544000	15.530794	0.945118	-1.900685	9.002376	0.261593	-1585.183798	
6.545000	15.399719	1.026079	-1.903410	8.998926	0.312215	-1585.131037	
6.546000	15.471599	0.928926	-1.905888	8.995489	0.273275	-1585.077948	
6.547000	15.382807	0.726523	-1.908051	8.991987	0.129198	-1585.024460	
6.548000	15.556163	0.831773	-1.909370	8.988462	-0.003197	-1584.970557	
6.549000	15.488512	0.888445	-1.908720	8.985029	0.218760	-1584.916268	
6.550000	15.344753	1.155616	-1.905556	8.981708	0.378412	-1584.861675	
6.551000	15.365894	1.050367	-1.900613	8.978412	0.460186	-1584.806904	
6.552000	15.408176	0.920829	-1.895043	8.975057	0.152562	-1584.752117	
6.553000	15.568848	0.937022	-1.889737	8.971680	0.156456	-1584.697476	
6.554000	15.518109	0.726523	-1.885316	8.968390	0.347261	-1584.643110	
6.555000	15.361666	1.107039	-1.882167	8.965205	0.358942	-1584.589090	
6.556000	15.425089	0.953214	-1.880562	8.962031	0.300533	-1584.535440	
6.557000	15.488512	0.613178	-1.880728	8.958783	0.148668	-1584.482142	
6.558000	15.602673	0.847965	-1.882707	8.955500	0.101940	-1584.429137	
6.559000	15.564620	0.775100	-1.886277	8.952296	0.117516	-1584.376316	
6.560000	15.357437	1.034175	-1.891060	8.949198	0.222654	-1584.323534	
6.561000	15.446230	0.928926	-1.896441	8.946122	0.218760	-1584.270642	
6.562000	15.429317	0.718427	-1.901549	8.942993	0.195396	-1584.217513	
6.563000	15.509653	0.920829	-1.905676	8.939855	0.094153	-1584.164056	
6.564000	15.509653	0.831773	-1.908522	8.936825	0.238229	-1584.110221	
6.565000	15.319384	0.928926	-1.909887	8.933927	0.335579	-1584.056001	
6.566000	15.429317	1.236577	-1.909610	8.931073	0.386200	-1584.001438	
6.567000	15.344753	0.823676	-1.908017	8.928186	0.214866	-1583.946639	
6.568000	15.475827	0.880349	-1.905978	8.925301	0.172032	-1583.891754	
6.569000	15.543479	0.686043	-1.904361	8.922527	0.210972	-1583.836945	
6.570000	15.416632	1.001790	-1.903673	8.919882	0.304427	-1583.782362	
6.571000	15.433545	1.171808	-1.904118	8.917275	0.347261	-1583.728117	
6.572000	15.395491	1.001790	-1.905380	8.914625	0.148668	-1583.674270	
6.573000	15.370122	0.945118	-1.906630	8.911970	0.059107	-1583.620838	
6.574000	15.535022	0.605082	-1.907608	8.909424	0.172032	-1583.567787	
6.575000	15.458914	1.066559	-1.908969	8.907006	0.308321	-1583.515029	
6.576000	15.446230	0.985598	-1.911153	8.904634	0.199290	-1583.462431	
6.577000	15.412404	0.856061	-1.913977	8.902231	0.109728	-1583.409839	
6.578000	15.416632	0.912733	-1.917099	8.899834	0.090259	-1583.357104	
6.579000	15.467371	0.847965	-1.920228	8.897550	0.308321	-1583.304096	
6.580000	15.429317	1.026079	-1.923157	8.895392	0.335579	-1583.250721	
6.581000	15.399719	0.864157	-1.925712	8.893267	0.370624	-1583.196937	
6.582000	15.412404	0.799388	-1.927709	8.891092	0.195396	-1583.142758	
6.583000	15.437773	0.767004	-1.929030	8.888903	0.059107	-1583.088266	
6.584000	15.568848	0.726523	-1.929716	8.886809	0.288851	-1583.033589	
6.585000	15.433545	0.945118	-1.930018	8.884823	0.308321	-1582.978882	
6.586000	15.450458	1.001790	-1.930256	8.882855	0.261593	-1582.924310	
6.587000	15.416632	0.791292	-1.930432	8.880824	0.148668	-1582.870018	
6.588000	15.492740	0.767004	-1.930285	8.878769	0.039637	-1582.816109	
6.589000	15.551935	0.791292	-1.929796	8.876795	0.253805	-1582.762621	
6.590000	15.480055	0.912733	-1.929654	8.874919	0.339473	-1582.709531	
6.591000	15.395491	0.969406	-1.931256	8.873056	0.277169	-1582.656770	
6.592000	15.429317	0.888445	-1.935479	8.871130	0.249911	-1582.604227	
6.593000	15.467371	0.920829	-1.941733	8.869181	0.059107	-1582.551764	
6.594000	15.446230	0.961310	-1.948820	8.867313	0.284957	-1582.499224	
6.595000	15.437773	0.799388	-1.955833	8.865541	0.304427	-1582.446453	
6.596000	15.403948	0.872253	-1.962184	8.863780	0.273275	-1582.393330	
6.597000	15.480055	0.694139	-1.967364	8.861952	0.172032	-1582.339787	
6.598000	15.585761	0.669851	-1.970833	8.860092	0.168138	-1582.285815	
6.599000	15.509653	0.953214	-1.972178	8.858307	0.304427	-1582.231454	
6.600000	15.412404	0.977502	-1.971322	8.856612	0.214866	-1582.176793	0.000000
6.601000	15.425089	0.945118	-1.968617	8.854920	0.331685	-1582.121972	
6.602000	15.454686	0.710331	-1.964851	8.853150	0.136986	-1582.067157	
6.603000	15.543479	0.791292	-1.960948	8.851342	0.121410	-1582.012521	
6.604000	15.408176	1.001790	-1.957353	8.849604	0.265487	-1581.958196	
6.605000	15.387035	0.904637	-1.954006	8.847956	0.320003	-1581.904254	
6.606000	15.370122	0.823676	-1.951164	8.846315	0.351155	-1581.850710	
6.607000	15.454686	0.880349	-1.949720	8.844601	0.207078	-1581.797540	
6.608000	15.492740	0.783196	-1.950314	8.842847	0.039637	-1581.744679	
6.609000	15.475827	0.896541	-1.952640	8.841160	0.284957	-1581.692015	
6.610000	15.463143	0.856061	-1.955749	8.839553	0.238229	-1581.639400	
6.611000	15.403948	0.815580	-1.958618	8.837939	0.366730	-1581.586680	
6.612000	15.467371	0.831773	-1.960646	8.836235	0.129198	-1581.533726	
6.613000	15.602673	0.718427	-1.961834	8.834476	0.117516	-1581.480457	
6.614000	15.412404	0.823676	-1.962207	8.832772	0.218760	-1581.426830	
6.615000	15.454686	0.985598	-1.960992	8.831143	0.257699	-1581.372845	
6.616000	15.408176	0.912733	-1.956930	8.829506	0.288851	-1581.318551	
6.617000	15.442002	0.783196	-1.949793	8.827786	0.164244	-1581.264053	
6.618000	15.551935	0.742716	-1.940865	8.826021	0.117516	-1581.209501	
6.619000	15.403948	0.953214	-1.931680	8.824323	0.347261	-1581.155054	
6.620000	15.382807	1.001790	-1.923032	8.822709	0.355048	-1581.100855	
6.621000	15.370122	0.985598	-1.915106	8.821089	0.374518	-1581.047005	
6.622000	15.403948	0.677947	-1.908035	8.819379	0.175926	-1580.993562	
6.623000	15.526566	0.742716	-1.902347	8.817613	0.086365	-1580.940542	
6.624000	15.463143	0.815580	-1.898862	8.815895	0.246017	-1580.887919	
6.625000	15.446230	1.042271	-1.897990	8.814238	0.234335	-1580.835610	
6.626000	15.425089	0.928926	-1.899299	8.812557	0.265487	-1580.783487	
6.627000	15.437773	0.791292	-1.901894	8.810778	0.136986	-1580.731405	
6.628000	15.585761	0.839869	-1.905032	8.808939	0.016273	-1580.679223	
6.629000	15.513881	0.726523	-1.908357	8.807148	0.113622	-1580.626821	
6.630000	15.382807	1.009886	-1.911663	8.805426	0.331685	-1580.574110	
6.631000	15.412404	1.017982	-1.914870	8.803684	0.452398	-1580.521044	
6.632000	15.361666	0.856061	-1.918079	8.801843	0.257699	-1580.467634	
6.633000	15.475827	0.847965	-1.921221	8.799940	0.109728	-1580.413949	
6.634000	15.471599	0.993694	-1.924123	8.798087	0.226548	-1580.360110	
6.635000	15.429317	1.188000	-1.926833	8.796302	0.378412	-1580.306264	
6.636000	15.387035	0.961310	-1.929445	8.794498	0.296639	-1580.252566	
6.637000	15.395491	0.807484	-1.931979	8.792594	0.133092	-1580.199153	
6.638000	15.589989	0.702235	-1.934450	8.790624	0.055213	-1580.146123	
6.639000	15.480055	0.694139	-1.936724	8.788689	0.284957	-1580.093517	
6.640000	15.475827	1.188000	-1.938523	8.786805	0.191502	-1580.041325	
6.641000	15.437773	1.001790	-1.939591	8.784889	0.304427	-1579.989491	
6.642000	15.332068	1.026079	-1.939710	8.782865	0.168138	-1579.937922	
6.643000	15.615358	0.775100	-1.938714	8.780773	0.000697	-1579.886489	
6.644000	15.509653	0.839869	-1.936594	8.778721	0.246017	-1579.835043	
6.645000	15.382807	1.139424	-1.933567	8.776730	0.277169	-1579.783430	
6.646000	15.387035	0.993694	-1.930043	8.774720	0.296639	-1579.731527	
6.647000	15.289786	1.066559	-1.926481	8.772618	0.168138	-1579.679257	
6.648000	15.581532	1.171808	-1.922909	8.770461	0.133092	-1579.626596	
6.649000	15.513881	0.718427	-1.918683	8.768355	0.277169	-1579.573573	
6.650000	15.382807	1.074655	-1.913400	8.766315	0.351155	-1579.520273	
6.651000	15.420861	0.993694	-1.907631	8.764252	0.374518	-1579.466831	
6.652000	15.412404	0.815580	-1.902347	8.762086	0.222654	-1579.413417	
6.653000	15.543479	0.920829	-1.898204	8.759848	0.008485	-1579.360200	
6.654000	15.547707	0.783196	-1.895508	8.757643	0.101940	-1579.307311	
6.655000	15.340525	0.993694	-1.894438	8.755488	0.269381	-1579.254826	
6.656000	15.509653	0.937022	-1.895249	8.753302	0.265487	-1579.202767	
6.657000	15.412404	0.920829	-1.898327	8.751009	0.238229	-1579.151114	
6.658000	15.492740	0.920829	-1.903691	8.748650	0.055213	-1579.099804	
6.659000	15.458914	0.864157	-1.910575	8.746336	0.296639	-1579.048715	
6.660000	15.323612	1.017982	-1.917749	8.744091	0.316109	-1578.997692	
6.661000	15.387035	1.034175	-1.924217	8.741834	0.296639	-1578.946573	
6.662000	15.403948	1.026079	-1.929710	8.739489	0.269381	-1578.895223	
6.663000	15.467371	1.001790	-1.934491	8.737092	0.234335	-1578.843548	
6.664000	15.454686	0.767004	-1.938858	8.734744	0.210972	-1578.791498	
6.665000	15.395491	1.009886	-1.942712	8.732459	0.320003	-1578.739063	
6.666000	15.480055	1.001790	-1.945283	8.730145	0.242123	-1578.686294	
6.667000	15.454686	0.823676	-1.945866	8.727720	0.160350	-1578.633308	
6.668000	15.471599	0.985598	-1.944718	8.725220	0.047425	-1578.580267	
6.669000	15.530794	0.880349	-1.942692	8.722755	0.152562	-1578.527341	
6.670000	15.387035	1.082751	-1.940496	8.720345	0.226548	-1578.474678	
6.671000	15.488512	1.017982	-1.938409	8.717909	0.277169	-1578.422388	
6.672000	15.450458	0.864157	-1.936489	8.715376	0.074683	-1578.370534	
6.673000	15.454686	1.155616	-1.934790	8.712786	0.086365	-1578.319129	
6.674000	15.420861	1.042271	-1.933392	8.710246	0.335579	-1578.268140	
6.675000	15.391263	1.107039	-1.932445	8.707771	0.261593	-1578.217472	
6.676000	15.458914	1.090847	-1.931949	8.705276	0.323897	-1578.166982	
6.677000	15.420861	0.799388	-1.931679	8.702684	0.246017	-1578.116514	
6.678000	15.488512	1.026079	-1.931503	8.700025	0.094153	-1578.065926	
6.679000	15.501196	0.799388	-1.931415	8.697404	0.257699	-1578.015099	
6.680000	15.450458	0.969406	-1.931259	8.694835	0.323897	-1577.963948	
6.681000	15.425089	1.058463	-1.930846	8.692231	0.366730	-1577.912434	
6.682000	15.370122	0.807484	-1.930266	8.689513	0.074683	-1577.860575	
6.683000	15.505425	0.888445	-1.929626	8.686718	0.086365	-1577.808452	
6.684000	15.560391	0.904637	-1.928856	8.683954	0.253805	-1577.756193	
6.685000	15.357437	1.082751	-1.928028	8.681237	0.370624	-1577.703946	
6.686000	15.387035	1.090847	-1.927251	8.678486	0.242123	-1577.651862	
6.687000	15.442002	0.799388	-1.926429	8.675627	0.168138	-1577.600075	
6.688000	15.437773	0.969406	-1.925573	8.672697	0.101940	-1577.548679	
6.689000	15.425089	1.155616	-1.925010	8.669799	0.246017	-1577.497711	
6.690000	15.382807	0.937022	-1.924972	8.666949	0.448504	-1577.447150	
6.691000	15.399719	1.001790	-1.925329	8.664058	0.366730	-1577.396937	
6.692000	15.560391	0.791292	-1.925895	8.661045	0.281063	-1577.346974	
6.693000	15.539250	0.856061	-1.926524	8.657941	-0.053818	-1577.297134	
6.694000	15.535022	0.937022	-1.927015	8.654848	0.152562	-1577.247272	
6.695000	15.437773	0.977502	-1.927297	8.651786	0.238229	-1577.197242	
6.696000	15.357437	1.082751	-1.927479	8.648678	0.284957	-1577.146925	
6.697000	15.475827	0.969406	-1.927490	8.645454	0.230441	-1577.096251	
6.698000	15.539250	0.767004	-1.927050	8.642155	0.074683	-1577.045200	
6.699000	15.458914	0.912733	-1.926240	8.638890	0.308321	-1576.993800	
6.700000	15.399719	0.961310	-1.925428	8.635680	0.331685	-1576.942122	0.000000
6.701000	15.327840	1.009886	-1.924839	8.632445	0.343367	-1576.890289	
6.702000	15.442002	0.847965	-1.924677	8.629108	0.183714	-1576.838453	
6.703000	15.535022	0.872253	-1.925086	8.625700	0.133092	-1576.786775	
6.704000	15.480055	0.880349	-1.926101	8.622322	0.327791	-1576.735387	
6.705000	15.344753	0.920829	-1.927798	8.618985	0.226548	-1576.684364	
6.706000	15.344753	1.009886	-1.930223	8.615600	0.382306	-1576.633733	
6.707000	15.433545	0.945118	-1.933381	8.612085	0.164244	-1576.583479	
6.708000	15.573076	0.807484	-1.937207	8.608474	0.035743	-1576.533545	
6.709000	15.480055	0.791292	-1.941358	8.604873	0.253805	-1576.483825	
6.710000	15.454686	1.026079	-1.945223	8.601305	0.288851	-1576.434180	
6.711000	15.399719	0.985598	-1.948197	8.597689	0.249911	-1576.384461	
6.712000	15.412404	0.831773	-1.949931	8.593953	0.355048	-1576.334534	
6.713000	15.480055	0.710331	-1.950329	8.590134	0.109728	-1576.284302	
6.714000	15.365894	0.864157	-1.949240	8.586339	0.284957	-1576.233706	
6.715000	15.370122	1.171808	-1.946369	8.582585	0.526383	-1576.182734	
6.716000	15.387035	1.042271	-1.941642	8.578787	0.335579	-1576.131426	
6.717000	15.399719	0.847965	-1.935472	8.574865	0.296639	-1576.079883	
6.718000	15.509653	0.775100	-1.928701	8.570853	0.074683	-1576.028252	
6.719000	15.484284	0.750812	-1.922261	8.566856	0.234335	-1575.976697	
6.720000	15.509653	0.831773	-1.916839	8.562892	0.304427	-1575.925369	
6.721000	15.446230	1.001790	-1.912778	8.558877	0.261593	-1575.874383	
6.722000	15.433545	0.920829	-1.910123	8.554736	0.203184	-1575.823809	
6.723000	15.543479	0.896541	-1.908842	8.550511	0.117516	-1575.773665	
6.724000	15.492740	0.783196	-1.908915	8.546312	0.312215	-1575.723922	
6.725000	15.458914	0.969406	-1.910196	8.542165	0.253805	-1575.674491	
6.726000	15.437773	0.937022	-1.912329	8.537990	0.308321	-1575.625240	
6.727000	15.378578	0.872253	-1.914792	8.533718	0.257699	-1575.576017	
6.728000	15.480055	0.742716	-1.916956	8.529389	0.160350	-1575.526673	
6.729000	15.395491	0.920829	-1.918190	8.525113	0.320003	-1575.477076	
6.730000	15.458914	1.001790	-1.918174	8.520906	0.323897	-1575.427130	
6.731000	15.501196	0.742716	-1.916933	8.516680	0.351155	-1575.376789	
6.732000	15.382807	0.864157	-1.914496	8.512353	0.292745	-1575.326066	
6.733000	15.551935	0.718427	-1.910933	8.507963	0.105834	-1575.275042	
6.734000	15.496968	0.694139	-1.906619	8.503612	0.308321	-1575.223846	
6.735000	15.480055	0.937022	-1.902243	8.499318	0.230441	-1575.172633	
6.736000	15.471599	0.912733	-1.898406	8.495000	0.249911	-1575.121563	
6.737000	15.391263	0.831773	-1.895305	8.490586	0.113622	-1575.070781	
6.738000	15.535022	0.783196	-1.893124	8.486117	-0.065500	-1575.020393	
6.739000	15.509653	0.847965	-1.892373	8.481703	0.253805	-1574.970440	
6.740000	15.387035	1.017982	-1.893892	8.477367	0.378412	-1574.920899	
6.741000	15.471599	0.872253	-1.898419	8.473031	0.316109	-1574.871701	
6.742000	15.353209	0.823676	-1.905748	8.468626	0.257699	-1574.822738	
6.743000	15.547707	0.969406	-1.914691	8.464190	0.172032	-1574.773870	
6.744000	15.399719	0.945118	-1.923890	8.459826	0.296639	-1574.724940	
6.745000	15.361666	1.115135	-1.932304	8.455549	0.409564	-1574.675792	
6.746000	15.463143	0.791292	-1.939289	8.451275	0.323897	-1574.626296	
6.747000	15.391263	0.775100	-1.944728	8.446925	0.316109	-1574.576380	
6.748000	15.598445	0.758908	-1.948746	8.442532	0.109728	-1574.526027	
6.749000	15.568848	0.750812	-1.951040	8.438199	0.207078	-1574.475270	
6.750000	15.357437	0.985598	-1.951234	8.433943	0.284957	-1574.424198	
6.751000	15.526566	1.042271	-1.949526	8.429682	0.203184	-1574.372947	
6.752000	15.420861	0.823676	-1.946376	8.425341	0.152562	-1574.321683	
6.753000	15.547707	0.686043	-1.942145	8.420960	0.059107	-1574.270574	
6.754000	15.480055	0.750812	-1.937322	8.416648	0.238229	-1574.219753	
6.755000	15.382807	1.107039	-1.932624	8.412427	0.355048	-1574.169289	
6.756000	15.348981	1.001790	-1.928776	8.408216	0.327791	-1574.119194	
6.757000	15.416632	0.799388	-1.926386	8.403937	0.207078	-1574.069442	
6.758000	15.535022	0.880349	-1.925807	8.399626	0.055213	-1574.019969	
6.759000	15.496968	0.791292	-1.926953	8.395389	0.156456	-1573.970665	
6.760000	15.382807	1.058463	-1.929232	8.391242	0.316109	-1573.921387	
6.761000	15.429317	0.856061	-1.931837	8.387098	0.316109	-1573.871985	
6.762000	15.416632	0.864157	-1.934114	8.382873	0.168138	-1573.822334	
6.763000	15.611130	0.823676	-1.935605	8.378603	-0.010985	-1573.772347	
6.764000	15.492740	0.710331	-1.936040	8.374402	0.218760	-1573.721980	
6.765000	15.403948	1.066559	-1.935568	8.370298	0.343367	-1573.671225	
6.766000	15.378578	0.937022	-1.934853	8.366217	0.281063	-1573.620123	
6.767000	15.399719	0.823676	-1.934485	8.362092	0.078577	-1573.568772	
6.768000	15.518109	0.912733	-1.934602	8.357964	0.117516	-1573.517313	
6.769000	15.480055	0.815580	-1.935112	8.353943	0.343367	-1573.465900	
6.770000	15.357437	1.147520	-1.935902	8.350048	0.355048	-1573.414675	
6.771000	15.437773	1.090847	-1.937079	8.346197	0.374518	-1573.363747	
6.772000	15.408176	0.928926	-1.938913	8.342312	0.257699	-1573.313175	
6.773000	15.526566	0.758908	-1.941514	8.338428	-0.010985	-1573.262974	
6.774000	15.501196	0.710331	-1.944839	8.334650	0.199290	-1573.213117	
6.775000	15.408176	0.985598	-1.948722	8.330992	0.320003	-1573.163521	
6.776000	15.475827	1.220385	-1.952697	8.327373	0.331685	-1573.114063	
6.777000	15.446230	0.920829	-1.956093	8.323721	0.175926	-1573.064599	
6.778000	15.492740	0.912733	-1.958484	8.320078	0.078577	-1573.014986	
6.779000	15.564620	0.985598	-1.959915	8.316552	0.253805	-1572.965102	
6.780000	15.442002	0.912733	-1.960566	8.313163	0.320003	-1572.914856	
6.781000	15.509653	0.928926	-1.960146	8.309828	0.312215	-1572.864203	
6.782000	15.450458	0.750812	-1.957898	8.306473	0.168138	-1572.813153	
6.783000	15.408176	0.945118	-1.953459	8.303135	0.074683	-1572.761773	
6.784000	15.412404	0.880349	-1.947356	8.299919	0.331685	-1572.710177	
6.785000	15.399719	1.082751	-1.940660	8.296838	0.382306	-1572.658509	
6.786000	15.408176	1.147520	-1.934436	8.293805	0.362836	-1572.606923	
6.787000	15.446230	0.807484	-1.929442	8.290747	0.230441	-1572.555563	
6.788000	15.467371	0.831773	-1.925975	8.287698	0.144774	-1572.504534	
6.789000	15.518109	0.880349	-1.923742	8.284764	0.183714	-1572.453880	
6.790000	15.463143	1.074655	-1.922091	8.281958	0.199290	-1572.403587	
6.791000	15.458914	1.042271	-1.920662	8.279194	0.230441	-1572.353602	
6.792000	15.450458	0.904637	-1.919619	8.276396	0.090259	-1572.303829	
6.793000	15.463143	0.945118	-1.919111	8.273603	0.136986	-1572.254136	
6.794000	15.458914	0.856061	-1.918958	8.270928	0.355048	-1572.204369	
6.795000	15.374350	1.082751	-1.919020	8.268391	0.312215	-1572.154368	
6.796000	15.387035	1.009886	-1.919505	8.265909	0.320003	-1572.104001	
6.797000	15.454686	0.920829	-1.920716	8.263406	0.281063	-1572.053188	
6.798000	15.399719	1.050367	-1.922604	8.260919	0.074683	-1572.001906	
6.799000	15.471599	1.034175	-1.924675	8.258555	0.273275	-1571.950179	
6.800000	15.425089	0.985598	-1.926323	8.256327	0.343367	-1571.898085	0.000000
6.801000	15.437773	1.098943	-1.927255	8.254151	0.378412	-1571.845757	
6.802000	15.496968	0.726523	-1.927621	8.251948	0.129198	-1571.793362	
6.803000	15.509653	0.864157	-1.927863	8.249759	0.109728	-1571.741072	
6.804000	15.543479	1.001790	-1.928418	8.247694	0.238229	-1571.689025	
6.805000	15.429317	0.912733	-1.929365	8.245773	0.296639	-1571.637303	
6.806000	15.403948	1.204192	-1.930646	8.243911	0.277169	-1571.585927	
6.807000	15.505425	0.694139	-1.932396	8.242030	0.210972	-1571.534880	
6.808000	15.475827	0.896541	-1.934567	8.240170	0.113622	-1571.484099	
6.809000	15.505425	1.034175	-1.936643	8.238443	0.113622	-1571.433471	
6.810000	15.344753	1.026079	-1.937994	8.236869	0.343367	-1571.382843	
6.811000	15.361666	1.066559	-1.938119	8.235360	0.366730	-1571.332052	
6.812000	15.458914	0.880349	-1.936572	8.233834	0.308321	-1571.280960	
6.813000	15.551935	0.953214	-1.933138	8.232326	0.105834	-1571.229474	
6.814000	15.437773	0.880349	-1.927986	8.230943	0.238229	-1571.177545	
6.815000	15.420861	0.920829	-1.921375	8.229698	0.316109	-1571.125169	
6.816000	15.403948	1.131328	-1.913699	8.228500	0.362836	-1571.072393	
6.817000	15.480055	0.888445	-1.905782	8.227262	0.039637	-1571.019328	
6.818000	15.644956	0.807484	-1.898637	8.226024	-0.007091	-1570.966136	
6.819000	15.484284	0.928926	-1.893014	8.224895	0.230441	-1570.912990	
6.820000	15.433545	1.026079	-1.889293	8.223896	0.253805	-1570.860044	
6.821000	15.395491	0.888445	-1.887639	8.222942	0.331685	-1570.807408	
6.822000	15.391263	0.896541	-1.888049	8.221950	0.187608	-1570.755143	
6.823000	15.547707	0.953214	-1.890364	8.220960	0.027955	-1570.703265	
6.824000	15.429317	0.912733	-1.894443	8.220078	0.230441	-1570.651743	
6.825000	15.420861	1.123232	-1.900040	8.219324	0.351155	-1570.600492	
6.826000	15.357437	0.969406	-1.906463	8.218610	0.323897	-1570.549379	
6.827000	15.374350	0.937022	-1.912712	8.217860	0.187608	-1570.498253	
6.828000	15.585761	0.775100	-1.917987	8.217109	0.101940	-1570.446969	
6.829000	15.484284	0.742716	-1.921876	8.216466	0.358942	-1570.395407	
6.830000	15.488512	0.937022	-1.924129	8.215946	0.296639	-1570.343483	
6.831000	15.454686	0.961310	-1.924595	8.215463	0.331685	-1570.291159	
6.832000	15.425089	0.856061	-1.923272	8.214941	0.269381	-1570.238452	
6.833000	15.551935	0.726523	-1.920200	8.214417	0.086365	-1570.185437	
6.834000	15.539250	0.912733	-1.915676	8.214000	0.195396	-1570.132244	
6.835000	15.446230	0.937022	-1.910427	8.213705	0.358942	-1570.079026	
6.836000	15.365894	0.920829	-1.905275	8.213448	0.284957	-1570.025941	
6.837000	15.370122	0.791292	-1.900833	8.213153	0.265487	-1569.973126	
6.838000	15.496968	0.702235	-1.897464	8.212860	0.273275	-1569.920677	
6.839000	15.518109	0.912733	-1.895274	8.212676	0.347261	-1569.868632	
6.840000	15.391263	0.758908	-1.894270	8.212614	0.327791	-1569.816976	
6.841000	15.429317	0.896541	-1.894603	8.212588	0.358942	-1569.765655	
6.842000	15.378578	0.807484	-1.896385	8.212517	0.136986	-1569.714575	
6.843000	15.589989	0.605082	-1.899296	8.212438	0.136986	-1569.663613	
6.844000	15.522337	0.718427	-1.902740	8.212458	0.183714	-1569.612625	
6.845000	15.467371	0.993694	-1.906255	8.212598	0.358942	-1569.561466	
6.846000	15.433545	0.961310	-1.909710	8.212776	0.207078	-1569.510016	
6.847000	15.294014	0.953214	-1.913057	8.212916	0.078577	-1569.458204	
6.848000	15.573076	0.677947	-1.915928	8.213056	0.117516	-1569.406006	
6.849000	15.463143	0.742716	-1.917839	8.213306	0.191502	-1569.353445	
6.850000	15.429317	0.961310	-1.918578	8.213682	0.316109	-1569.300592	
6.851000	15.505425	0.807484	-1.918299	8.214095	0.370624	-1569.247569	
6.852000	15.361666	0.888445	-1.917478	8.214469	0.179820	-1569.194533	
6.853000	15.573076	0.839869	-1.916621	8.214840	0.078577	-1569.141646	
6.854000	15.442002	0.767004	-1.916056	8.215316	0.246017	-1569.089041	
6.855000	15.382807	0.961310	-1.916110	8.215912	0.386200	-1569.036796	
6.856000	15.501196	0.767004	-1.916988	8.216539	0.378412	-1568.984937	
6.857000	15.433545	0.896541	-1.918373	8.217115	0.288851	-1568.933451	
6.858000	15.568848	0.791292	-1.919933	8.217671	0.086365	-1568.882286	
6.859000	15.480055	0.710331	-1.921717	8.218315	0.265487	-1568.831334	
6.860000	15.391263	0.993694	-1.923639	8.219060	0.292745	-1568.780454	
6.861000	15.518109	0.847965	-1.925454	8.219818	0.323897	-1568.729488	
6.862000	15.378578	0.726523	-1.927186	8.220508	0.269381	-1568.678300	
6.863000	15.518109	0.912733	-1.929118	8.221170	0.175926	-1568.626792	
6.864000	15.425089	0.783196	-1.931306	8.221915	0.210972	-1568.574905	
6.865000	15.294014	0.953214	-1.933098	8.222765	0.475762	-1568.522622	
6.866000	15.442002	0.872253	-1.933657	8.223637	0.292745	-1568.469977	
6.867000	15.378578	0.937022	-1.932854	8.224458	0.214866	-1568.417069	
6.868000	15.492740	0.888445	-1.931217	8.225265	0.082471	-1568.364049	
6.869000	15.488512	0.742716	-1.929401	8.226163	0.230441	-1568.311085	
6.870000	15.399719	0.961310	-1.927874	8.227166	0.397882	-1568.258333	
6.871000	15.475827	0.839869	-1.926996	8.228182	0.210972	-1568.205910	
6.872000	15.454686	0.710331	-1.927362	8.229130	0.210972	-1568.153887	
6.873000	15.492740	0.928926	-1.929516	8.230051	-0.034348	-1568.102289	
6.874000	15.589989	0.856061	-1.933306	8.231056	0.265487	-1568.051091	
6.875000	15.353209	1.139424	-1.938158	8.232166	0.417352	-1568.000210	
6.876000	15.382807	1.001790	-1.943594	8.233299	0.288851	-1567.949508	
6.877000	15.403948	0.815580	-1.949178	8.234379	0.098047	-1567.898831	
6.878000	15.463143	0.799388	-1.954497	8.235446	0.066895	-1567.848029	
6.879000	15.471599	0.831773	-1.959155	8.236609	0.358942	-1567.796974	
6.880000	15.310927	1.050367	-1.962662	8.237883	0.339473	-1567.745574	
6.881000	15.399719	1.034175	-1.964472	8.239171	0.401776	-1567.693779	
6.882000	15.412404	0.742716	-1.964145	8.240386	0.230441	-1567.641599	
6.883000	15.530794	0.799388	-1.961646	8.241560	0.098047	-1567.589109	
6.884000	15.547707	0.564602	-1.957450	8.242802	0.281063	-1567.536435	
6.885000	15.395491	1.115135	-1.952333	8.244130	0.323897	-1567.483732	
6.886000	15.433545	0.961310	-1.947242	8.245457	0.281063	-1567.431161	
6.887000	15.408176	0.767004	-1.943031	8.246704	0.273275	-1567.378870	
6.888000	15.518109	1.034175	-1.940049	8.247911	0.027955	-1567.326966	
6.889000	15.513881	0.694139	-1.938116	8.249192	0.238229	-1567.275493	
6.890000	15.348981	1.090847	-1.936927	8.250568	0.320003	-1567.224437	
6.891000	15.353209	1.236577	-1.936389	8.251957	0.257699	-1567.173732	
6.892000	15.382807	0.702235	-1.936495	8.253280	0.187608	-1567.123271	
6.893000	15.463143	1.034175	-1.936986	8.254574	0.059107	-1567.072916	
6.894000	15.560391	0.928926	-1.937436	8.255942	0.277169	-1567.022515	
6.895000	15.391263	1.034175	-1.937656	8.257402	0.355048	-1566.971919	
6.896000	15.433545	1.050367	-1.937720	8.258869	0.327791	-1566.921008	
6.897000	15.577304	0.718427	-1.937698	8.260265	0.261593	-1566.869711	
6.898000	15.501196	0.953214	-1.937380	8.261628	0.144774	-1566.818012	
6.899000	15.573076	0.847965	-1.936187	8.263066	0.160350	-1566.765940	
6.900000	15.408176	0.945118	-1.933714	8.264597	0.288851	-1566.713579	0.000000
6.901000	15.429317	0.969406	-1.930276	8.266138	0.195396	-1566.661061	
6.902000	15.446230	0.839869	-1.926670	8.267615	0.117516	-1566.608548	
6.903000	15.501196	0.831773	-1.923667	8.269071	0.125304	-1566.556204	
6.904000	15.492740	0.896541	-1.921759	8.270624	0.218760	-1566.504160	
6.905000	15.488512	1.001790	-1.921190	8.272294	0.401776	-1566.452488	
6.906000	15.319384	0.928926	-1.921929	8.273994	0.358942	-1566.401208	
6.907000	15.357437	0.920829	-1.923719	8.275642	0.312215	-1566.350302	
6.908000	15.471599	0.977502	-1.926479	8.277269	0.144774	-1566.299708	
6.909000	15.501196	0.799388	-1.930158	8.278980	0.288851	-1566.249316	
6.910000	15.463143	0.896541	-1.934277	8.280789	0.386200	-1566.198982	
6.911000	15.399719	1.050367	-1.938141	8.282607	0.308321	-1566.148557	
6.912000	15.480055	0.912733	-1.941256	8.284354	0.175926	-1566.097916	
6.913000	15.568848	0.888445	-1.943426	8.286064	0.055213	-1566.046971	
6.914000	15.382807	0.912733	-1.944381	8.287846	0.207078	-1565.995672	
6.915000	15.433545	0.799388	-1.943589	8.289719	0.366730	-1565.944007	
6.916000	15.408176	1.090847	-1.940711	8.291598	0.249911	-1565.892012	
6.917000	15.403948	0.823676	-1.936025	8.293409	0.214866	-1565.839783	
6.918000	15.488512	1.009886	-1.930396	8.295200	0.164244	-1565.787464	
6.919000	15.429317	0.912733	-1.924771	8.297081	0.296639	-1565.735213	
6.920000	15.454686	1.042271	-1.919755	8.299068	0.378412	-1565.683171	
6.921000	15.420861	1.155616	-1.915668	8.301070	0.281063	-1565.631446	
6.922000	15.471599	0.856061	-1.912761	8.303005	0.222654	-1565.580104	
6.923000	15.547707	0.864157	-1.911703	8.304912	0.168138	-1565.529167	
6.924000	15.420861	0.896541	-1.913599	8.306901	0.358942	-1565.478615	
6.925000	15.480055	0.945118	-1.918700	8.308993	0.339473	-1565.428370	
6.926000	15.382807	1.001790	-1.925849	8.311102	0.370624	-1565.378311	
6.927000	15.437773	0.864157	-1.933507	8.313151	0.168138	-1565.328299	
6.928000	15.543479	0.912733	-1.940430	8.315182	-0.022667	-1565.278199	
6.929000	15.420861	1.026079	-1.945755	8.317309	0.094153	-1565.227889	
6.930000	15.442002	0.864157	-1.948959	8.319549	0.335579	-1565.177279	
6.931000	15.294014	1.009886	-1.949383	8.321816	0.253805	-1565.126316	
6.932000	15.437773	0.710331	-1.946396	8.324033	0.320003	-1565.075005	
6.933000	15.501196	0.815580	-1.940617	8.326246	0.144774	-1565.023413	
6.934000	15.467371	0.993694	-1.933544	8.328570	0.300533	-1564.971657	
6.935000	15.450458	1.139424	-1.926229	8.331021	0.327791	-1564.919883	
6.936000	15.365894	1.042271	-1.919342	8.333504	0.393988	-1564.868246	
6.937000	15.475827	0.791292	-1.913425	8.335936	0.098047	-1564.816892	
6.938000	15.598445	0.726523	-1.908817	8.338351	0.230441	-1564.765930	
6.939000	15.467371	0.912733	-1.905726	8.340858	0.191502	-1564.715412	
6.940000	15.480055	1.058463	-1.903830	8.343474	0.386200	-1564.665331	
6.941000	15.425089	0.920829	-1.902011	8.346107	0.292745	-1564.615636	
6.942000	15.454686	0.694139	-1.899442	8.348677	0.249911	-1564.566233	
6.943000	15.606902	0.904637	-1.896305	8.351226	0.012379	-1564.516991	
6.944000	15.480055	0.969406	-1.893112	8.353865	0.253805	-1564.467756	
6.945000	15.403948	0.969406	-1.890332	8.356616	0.362836	-1564.418366	
6.946000	15.323612	1.009886	-1.888303	8.359389	0.335579	-1564.368685	
6.947000	15.315155	0.896541	-1.887070	8.362102	0.249911	-1564.318627	
6.948000	15.530794	0.799388	-1.886612	8.364796	0.179820	-1564.268164	
6.949000	15.450458	0.961310	-1.887089	8.367580	0.362836	-1564.217320	
6.950000	15.412404	1.204192	-1.888525	8.370471	0.242123	-1564.166176	
6.951000	15.458914	0.945118	-1.890705	8.373376	0.378412	-1564.114866	
6.952000	15.433545	0.880349	-1.893554	8.376207	0.222654	-1564.063555	
6.953000	15.602673	0.758908	-1.896973	8.378998	0.086365	-1564.012413	
6.954000	15.547707	0.839869	-1.900615	8.381859	0.358942	-1563.961582	
6.955000	15.471599	1.017982	-1.904390	8.384807	0.355048	-1563.911148	
6.956000	15.522337	1.026079	-1.908561	8.387759	0.257699	-1563.861139	
6.957000	15.348981	0.872253	-1.913105	8.390638	0.281063	-1563.811533	
6.958000	15.496968	0.880349	-1.917645	8.393483	0.101940	-1563.762263	
6.959000	15.480055	0.912733	-1.921860	8.396407	0.168138	-1563.713210	
6.960000	15.340525	0.977502	-1.925508	8.399425	0.382306	-1563.664221	
6.961000	15.403948	1.001790	-1.928397	8.402449	0.133092	-1563.615134	
6.962000	15.348981	1.066559	-1.930513	8.405397	0.234335	-1563.565811	
6.963000	15.509653	0.864157	-1.931897	8.408306	0.109728	-1563.516146	
6.964000	15.492740	0.791292	-1.932439	8.411287	0.191502	-1563.466081	
6.965000	15.488512	1.082751	-1.931831	8.414359	0.339473	-1563.415603	
6.966000	15.496968	0.847965	-1.929832	8.417431	0.284957	-1563.364755	
6.967000	15.399719	0.864157	-1.926669	8.420421	0.195396	-1563.313641	
6.968000	15.619586	0.864157	-1.923034	8.423368	0.129198	-1563.262415	
6.969000	15.484284	0.807484	-1.919742	8.426377	0.199290	-1563.211241	
6.970000	15.454686	0.953214	-1.917319	8.429464	0.288851	-1563.160271	
6.971000	15.471599	0.872253	-1.915925	8.432543	0.382306	-1563.109617	
6.972000	15.323612	0.937022	-1.915698	8.435540	0.269381	-1563.059348	
6.973000	15.547707	0.807484	-1.916812	8.438497	0.082471	-1563.009479	
6.974000	15.437773	0.718427	-1.919274	8.441529	0.320003	-1562.959980	
6.975000	15.395491	1.050367	-1.922891	8.444656	0.362836	-1562.910764	
6.976000	15.458914	0.896541	-1.927228	8.447790	0.331685	-1562.861700	
6.977000	15.370122	0.937022	-1.931627	8.450848	0.312215	-1562.812646	
6.978000	15.564620	0.702235	-1.935550	8.453870	0.039637	-1562.763465	
6.979000	15.526566	0.613178	-1.938746	8.456963	0.179820	-1562.714040	
6.980000	15.463143	0.880349	-1.941067	8.460144	0.160350	-1562.664286	
6.981000	15.513881	0.847965	-1.942523	8.463318	0.257699	-1562.614159	
6.982000	15.425089	0.758908	-1.943255	8.466405	0.148668	-1562.563673	
6.983000	15.518109	0.799388	-1.943182	8.469445	0.078577	-1562.512899	
6.984000	15.522337	0.847965	-1.942172	8.472550	0.265487	-1562.461957	
6.985000	15.361666	1.001790	-1.940449	8.475738	0.366730	-1562.410992	
6.986000	15.408176	0.847965	-1.938529	8.478914	0.292745	-1562.360152	
6.987000	15.370122	0.791292	-1.936996	8.481997	0.199290	-1562.309575	
6.988000	15.530794	0.839869	-1.936293	8.485026	0.175926	-1562.259362	
6.989000	15.450458	0.767004	-1.936645	8.488115	0.234335	-1562.209560	
6.990000	15.365894	0.953214	-1.937905	8.491279	0.331685	-1562.160159	
6.991000	15.496968	1.034175	-1.939431	8.494422	0.308321	-1562.111107	
6.992000	15.446230	0.686043	-1.940704	8.497460	0.203184	-1562.062309	
6.993000	15.564620	0.775100	-1.941656	8.500433	-0.026560	-1562.013640	
6.994000	15.573076	0.718427	-1.942168	8.503457	0.222654	-1561.964952	
6.995000	15.370122	1.017982	-1.942093	8.506551	0.281063	-1561.916095	
6.996000	15.458914	0.896541	-1.941583	8.509626	0.320003	-1561.866943	
6.997000	15.450458	0.775100	-1.940874	8.512601	0.031849	-1561.817420	
6.998000	15.551935	0.945118	-1.940201	8.515525	0.090259	-1561.767506	
6.999000	15.420861	0.847965	-1.939951	8.518522	0.191502	-1561.717224	
7.000000	15.353209	1.009886	-1.940269	8.521617	0.390094	-1561.666650	0.000000
7.001000	15.315155	1.034175	-1.941011	8.524720	0.218760	-1561.615905	
7.002000	15.420861	0.767004	-1.942299	8.527746	0.218760	-1561.565145	
7.003000	15.573076	0.961310	-1.944324	8.530734	0.133092	-1561.514536	
7.004000	15.526566	0.750812	-1.946951	8.533797	0.296639	-1561.464214	
7.005000	15.374350	1.009886	-1.949898	8.536955	0.390094	-1561.414266	
7.006000	15.467371	0.977502	-1.953004	8.540111	0.355048	-1561.364721	
7.007000	15.488512	0.767004	-1.956264	8.543178	0.234335	-1561.315571	
7.008000	15.564620	0.791292	-1.959700	8.546193	0.094153	-1561.266761	
7.009000	15.640727	0.775100	-1.963153	8.549274	0.203184	-1561.218189	
7.010000	15.399719	1.017982	-1.966168	8.552440	0.277169	-1561.169712	
7.011000	15.416632	0.969406	-1.968252	8.555601	0.409564	-1561.121174	
7.012000	15.442002	0.726523	-1.969271	8.558673	0.179820	-1561.072433	
7.013000	15.471599	0.815580	-1.969241	8.561699	0.121410	-1561.023381	
7.014000	15.492740	0.694139	-1.967912	8.564798	0.238229	-1560.973951	
7.015000	15.420861	0.961310	-1.965370	8.567990	0.316109	-1560.924126	
7.016000	15.429317	1.042271	-1.962578	8.571183	0.226548	-1560.873943	
7.017000	15.412404	0.847965	-1.960292	8.574290	0.269381	-1560.823498	
7.018000	15.526566	0.791292	-1.958442	8.577350	0.078577	-1560.772939	
7.019000	15.530794	0.847965	-1.956822	8.580478	0.218760	-1560.722431	
7.020000	15.416632	0.928926	-1.955281	8.583689	0.308321	-1560.672132	
7.021000	15.442002	1.017982	-1.953721	8.586889	0.257699	-1560.622170	
7.022000	15.606902	0.831773	-1.952044	8.589994	0.156456	-1560.572621	
7.023000	15.518109	0.937022	-1.949961	8.593046	0.004591	-1560.523515	
7.024000	15.530794	0.815580	-1.947507	8.596161	0.191502	-1560.474826	
7.025000	15.475827	0.888445	-1.945174	8.599358	0.312215	-1560.426478	
7.026000	15.387035	0.961310	-1.943197	8.602544	0.378412	-1560.378345	
7.027000	15.370122	0.775100	-1.941356	8.605637	0.133092	-1560.330278	
7.028000	15.437773	0.839869	-1.939447	8.608678	0.121410	-1560.282131	
7.029000	15.484284	0.767004	-1.937669	8.611782	0.292745	-1560.233776	
7.030000	15.446230	0.904637	-1.936426	8.614965	0.284957	-1560.185115	
7.031000	15.416632	1.017982	-1.935580	8.618132	0.284957	-1560.136102	
7.032000	15.433545	0.953214	-1.933876	8.621200	0.168138	-1560.086747	
7.033000	15.535022	0.823676	-1.929604	8.624211	0.136986	-1560.037128	
7.034000	15.467371	0.815580	-1.922329	8.627283	0.249911	-1559.987365	
7.035000	15.467371	0.831773	-1.913381	8.630435	0.374518	-1559.937609	
7.036000	15.420861	0.937022	-1.904625	8.633575	0.195396	-1559.888019	
7.037000	15.475827	0.945118	-1.897547	8.636620	0.121410	-1559.838744	
7.038000	15.513881	0.880349	-1.892982	8.639616	-0.077182	-1559.789895	
7.039000	15.420861	0.985598	-1.891264	8.642679	0.246017	-1559.741522	
7.040000	15.412404	0.928926	-1.892557	8.645830	0.281063	-1559.693611	
7.041000	15.429317	0.775100	-1.896563	8.648977	0.164244	-1559.646101	
7.042000	15.395491	0.767004	-1.902371	8.652041	0.218760	-1559.598891	
7.043000	15.492740	0.726523	-1.909022	8.655066	0.199290	-1559.551847	
7.044000	15.471599	0.977502	-1.915783	8.658166	0.273275	-1559.504816	
7.045000	15.416632	0.928926	-1.922110	8.661361	0.425140	-1559.457643	
7.046000	15.437773	0.977502	-1.927624	8.664557	0.320003	-1559.410201	
7.047000	15.505425	0.815580	-1.932081	8.667673	0.199290	-1559.362415	
7.048000	15.589989	1.001790	-1.935139	8.670753	0.117516	-1559.314265	
7.049000	15.513881	0.904637	-1.936149	8.673916	0.320003	-1559.265783	
7.050000	15.403948	1.026079	-1.934696	8.677182	0.246017	-1559.217048	
7.051000	15.416632	1.042271	-1.931199	8.680459	0.312215	-1559.168186	
7.052000	15.471599	0.831773	-1.926668	8.683661	0.214866	-1559.119353	
7.053000	15.539250	0.831773	-1.922107	8.686837	0.086365	-1559.070708	
7.054000	15.437773	0.928926	-1.918183	8.690114	0.273275	-1559.022382	
7.055000	15.446230	1.066559	-1.915340	8.693520	0.323897	-1558.974446	
7.056000	15.387035	1.341826	-1.913848	8.696967	0.401776	-1558.926918	
7.057000	15.458914	1.001790	-1.913643	8.700373	0.214866	-1558.879773	
7.058000	15.526566	0.758908	-1.914397	8.703780	0.140880	-1558.832946	
7.059000	15.442002	0.880349	-1.915725	8.707306	0.234335	-1558.786329	
7.060000	15.416632	1.034175	-1.917201	8.710968	0.397882	-1558.739776	
7.061000	15.399719	0.847965	-1.918499	8.714669	0.210972	-1558.693137	
7.062000	15.480055	0.847965	-1.919533	8.718323	0.082471	-1558.646274	
7.063000	15.594217	0.726523	-1.920240	8.721974	0.047425	-1558.599088	
7.064000	15.484284	1.009886	-1.920284	8.725745	0.339473	-1558.551525	
7.065000	15.403948	1.252769	-1.918794	8.729660	0.347261	-1558.503572	
7.066000	15.378578	1.034175	-1.914683	8.733622	0.296639	-1558.455266	
7.067000	15.412404	0.872253	-1.907918	8.737543	0.168138	-1558.406702	
7.068000	15.547707	0.937022	-1.899948	8.741467	0.012379	-1558.358021	
7.069000	15.408176	0.888445	-1.892523	8.745519	0.222654	-1558.309383	
7.070000	15.365894	1.082751	-1.886804	8.749721	0.210972	-1558.260936	
7.071000	15.391263	1.058463	-1.883536	8.753974	0.358942	-1558.212794	
7.072000	15.391263	0.953214	-1.883100	8.758186	0.121410	-1558.165024	
7.073000	15.573076	0.977502	-1.885411	8.762396	0.098047	-1558.117648	
7.074000	15.496968	0.807484	-1.890189	8.766720	0.222654	-1558.070641	
7.075000	15.433545	1.098943	-1.897019	8.771175	0.327791	-1558.023928	
7.076000	15.471599	0.750812	-1.905130	8.775661	0.277169	-1557.977388	
7.077000	15.374350	0.880349	-1.913529	8.780091	0.144774	-1557.930873	
7.078000	15.547707	0.880349	-1.921501	8.784509	0.094153	-1557.884238	
7.079000	15.480055	0.856061	-1.928811	8.789036	0.164244	-1557.837352	
7.080000	15.454686	0.945118	-1.935299	8.793690	0.195396	-1557.790121	
7.081000	15.399719	1.034175	-1.940472	8.798379	0.355048	-1557.742494	
7.082000	15.344753	1.050367	-1.943439	8.803019	0.214866	-1557.694474	
7.083000	15.471599	0.807484	-1.943589	8.807656	0.086365	-1557.646126	
7.084000	15.564620	0.669851	-1.941293	8.812409	0.269381	-1557.597562	
7.085000	15.454686	1.147520	-1.937562	8.817292	0.456292	-1557.548928	
7.086000	15.412404	1.017982	-1.933441	8.822201	0.358942	-1557.500385	
7.087000	15.395491	1.050367	-1.929701	8.827045	0.273275	-1557.452084	
7.088000	15.560391	0.791292	-1.926672	8.831860	0.117516	-1557.404140	
7.089000	15.526566	0.750812	-1.924508	8.836761	0.210972	-1557.356607	
7.090000	15.442002	0.969406	-1.923578	8.841765	0.316109	-1557.309480	
7.091000	15.412404	1.074655	-1.924239	8.846772	0.296639	-1557.262712	
7.092000	15.391263	0.961310	-1.926318	8.851696	0.160350	-1557.216214	
7.093000	15.530794	0.872253	-1.929152	8.856581	0.109728	-1557.169857	
7.094000	15.442002	0.758908	-1.932118	8.861549	0.210972	-1557.123487	
7.095000	15.353209	1.115135	-1.934997	8.866619	0.277169	-1557.076946	
7.096000	15.391263	0.928926	-1.937727	8.871696	0.358942	-1557.030099	
7.097000	15.365894	0.839869	-1.940167	8.876693	0.183714	-1556.982866	
7.098000	15.551935	1.115135	-1.942022	8.881655	0.214866	-1556.935219	
7.099000	15.475827	0.831773	-1.942594	8.886700	0.331685	-1556.887179	
7.100000	15.416632	1.050367	-1.941273	8.891846	0.390094	-1556.838823	0.000000
7.101000	15.408176	0.888445	-1.938340	8.896993	0.300533	-1556.790276	
7.102000	15.442002	0.823676	-1.934691	8.902048	0.168138	-1556.741706	
7.103000	15.547707	0.920829	-1.931070	8.907048	0.156456	-1556.693287	
7.104000	15.543479	0.767004	-1.927833	8.912110	0.203184	-1556.645164	
7.105000	15.425089	0.920829	-1.925281	8.917251	0.320003	-1556.597422	
7.106000	15.442002	1.001790	-1.923790	8.922379	0.218760	-1556.550089	
7.107000	15.475827	0.912733	-1.923542	8.927413	0.238229	-1556.503150	
7.108000	15.539250	1.009886	-1.924385	8.932404	0.016273	-1556.456548	
7.109000	15.535022	0.629370	-1.926021	8.937475	0.187608	-1556.410175	
7.110000	15.323612	1.017982	-1.928085	8.942649	0.358942	-1556.363880	
7.111000	15.442002	0.993694	-1.930078	8.947826	0.296639	-1556.317503	
7.112000	15.467371	0.758908	-1.931685	8.952914	0.277169	-1556.270905	
7.113000	15.551935	0.815580	-1.932875	8.957953	0.125304	-1556.223984	
7.114000	15.594217	0.726523	-1.933787	8.963063	0.277169	-1556.176683	
7.115000	15.365894	0.969406	-1.934623	8.968260	0.393988	-1556.128987	
7.116000	15.480055	0.783196	-1.935026	8.973446	0.413458	-1556.080929	
7.117000	15.496968	0.653659	-1.934200	8.978532	0.222654	-1556.032609	
7.118000	15.543479	0.839869	-1.932091	8.983563	-0.069394	-1555.984178	
7.119000	15.556163	0.767004	-1.929474	8.988661	0.284957	-1555.935804	
7.120000	15.403948	0.945118	-1.927029	8.993851	0.191502	-1555.887644	
7.121000	15.450458	0.977502	-1.924972	8.999037	0.397882	-1555.839811	
7.122000	15.442002	0.702235	-1.923364	9.004135	0.066895	-1555.792366	
7.123000	15.442002	0.856061	-1.922374	9.009190	0.043531	-1555.745325	
7.124000	15.429317	0.758908	-1.922271	9.014326	0.203184	-1555.698661	
7.125000	15.408176	0.961310	-1.923209	9.019564	0.366730	-1555.652294	
7.126000	15.450458	1.042271	-1.924927	9.024806	0.339473	-1555.606098	
7.127000	15.403948	0.815580	-1.926846	9.029960	0.238229	-1555.559923	
7.128000	15.518109	0.839869	-1.928419	9.035069	0.074683	-1555.513627	
7.129000	15.594217	0.734620	-1.929353	9.040254	0.304427	-1555.467092	
7.130000	15.399719	0.904637	-1.929711	9.045533	0.390094	-1555.420232	
7.131000	15.467371	1.074655	-1.929569	9.050810	0.386200	-1555.373006	
7.132000	15.348981	0.807484	-1.928565	9.056001	0.199290	-1555.325421	
7.133000	15.518109	0.775100	-1.926181	9.061154	0.066895	-1555.277545	
7.134000	15.526566	0.864157	-1.922345	9.066395	0.284957	-1555.229492	
7.135000	15.395491	0.993694	-1.917537	9.071747	0.351155	-1555.181404	
7.136000	15.408176	1.001790	-1.912488	9.077116	0.312215	-1555.133434	
7.137000	15.429317	0.629370	-1.907805	9.082415	0.257699	-1555.085721	
7.138000	15.458914	0.726523	-1.903893	9.087692	0.269381	-1555.038367	
7.139000	15.589989	0.953214	-1.901234	9.093069	0.238229	-1554.991416	
7.140000	15.437773	0.961310	-1.900287	9.098563	0.479655	-1554.944862	
7.141000	15.403948	1.001790	-1.900987	9.104076	0.316109	-1554.898659	
7.142000	15.471599	0.767004	-1.902917	9.109519	0.226548	-1554.852716	
7.143000	15.556163	0.775100	-1.905690	9.114934	0.055213	-1554.806902	
7.144000	15.543479	0.783196	-1.908804	9.120440	0.218760	-1554.761066	
7.145000	15.467371	0.888445	-1.911665	9.126054	0.288851	-1554.715055	
7.146000	15.416632	1.034175	-1.913798	9.131680	0.292745	-1554.668743	
7.147000	15.425089	0.734620	-1.914934	9.137232	0.117516	-1554.622052	
7.148000	15.501196	0.880349	-1.915492	9.142759	0.148668	-1554.574956	
7.149000	15.505425	0.823676	-1.916711	9.148384	0.284957	-1554.527473	
7.150000	15.463143	0.953214	-1.919376	9.154134	0.281063	-1554.479671	
7.151000	15.260189	0.937022	-1.923189	9.159910	0.249911	-1554.431671	
7.152000	15.429317	0.896541	-1.927667	9.165622	0.214866	-1554.383633	
7.153000	15.513881	0.856061	-1.932686	9.171312	0.059107	-1554.335723	
7.154000	15.450458	0.847965	-1.938265	9.177096	0.292745	-1554.288080	
7.155000	15.484284	0.758908	-1.944181	9.182988	0.234335	-1554.240787	
7.156000	15.463143	1.042271	-1.949917	9.188884	0.358942	-1554.193879	
7.157000	15.564620	0.807484	-1.955309	9.194694	0.292745	-1554.147351	
7.158000	15.564620	0.831773	-1.960925	9.200465	0.152562	-1554.101152	
7.159000	15.416632	0.791292	-1.967077	9.206321	0.277169	-1554.055178	
7.160000	15.446230	0.920829	-1.973060	9.212282	0.393988	-1554.009281	
7.161000	15.399719	1.090847	-1.977969	9.218252	0.117516	-1553.963302	
7.162000	15.454686	0.896541	-1.981611	9.224146	0.257699	-1553.917097	
7.163000	15.505425	0.872253	-1.984403	9.230014	0.082471	-1553.870558	
7.164000	15.471599	0.888445	-1.986572	9.235982	0.405670	-1553.823621	
7.165000	15.348981	0.888445	-1.987803	9.242071	0.460186	-1553.776263	
7.166000	15.408176	1.147520	-1.987615	9.248181	0.475762	-1553.728513	
7.167000	15.437773	0.872253	-1.985853	9.254223	0.238229	-1553.680466	
7.168000	15.509653	0.653659	-1.982864	9.260240	0.090259	-1553.632273	
7.169000	15.480055	0.977502	-1.979226	9.266352	0.288851	-1553.584102	
7.170000	15.458914	0.953214	-1.975510	9.272575	0.335579	-1553.536111	
7.171000	15.450458	0.912733	-1.972278	9.278805	0.253805	-1553.488419	
7.172000	15.522337	0.758908	-1.969839	9.284952	0.113622	-1553.441100	
7.173000	15.585761	0.799388	-1.967959	9.291061	0.043531	-1553.394181	
7.174000	15.463143	1.009886	-1.966185	9.297261	0.214866	-1553.347644	
7.175000	15.454686	1.058463	-1.964382	9.303571	0.218760	-1553.301415	
7.176000	15.450458	1.082751	-1.962587	9.309892	0.308321	-1553.255369	
7.177000	15.399719	0.937022	-1.960620	9.316133	0.210972	-1553.209355	
7.178000	15.526566	0.912733	-1.958301	9.322340	0.063001	-1553.163229	
7.179000	15.408176	0.937022	-1.955732	9.328637	0.343367	-1553.116862	
7.180000	15.420861	1.058463	-1.953117	9.335043	0.335579	-1553.070160	
7.181000	15.365894	1.107039	-1.950388	9.341452	0.300533	-1553.023067	
7.182000	15.361666	0.847965	-1.946920	9.347774	0.234335	-1552.975584	
7.183000	15.640727	0.742716	-1.942048	9.354050	0.101940	-1552.927774	
7.184000	15.437773	0.758908	-1.936016	9.360403	0.300533	-1552.879759	
7.185000	15.471599	1.090847	-1.929906	9.366850	0.281063	-1552.831691	
7.186000	15.403948	0.985598	-1.924801	9.373288	0.320003	-1552.783734	
7.187000	15.399719	0.847965	-1.921184	9.379629	0.238229	-1552.736034	
7.188000	15.577304	0.823676	-1.918947	9.385917	0.059107	-1552.688701	
7.189000	15.501196	0.629370	-1.918091	9.392272	0.257699	-1552.641785	
7.190000	15.332068	0.888445	-1.919274	9.398715	0.397882	-1552.595283	
7.191000	15.391263	0.920829	-1.923209	9.405147	0.261593	-1552.549148	
7.192000	15.302471	0.961310	-1.929700	9.411483	0.269381	-1552.503291	
7.193000	15.556163	0.847965	-1.937664	9.417768	0.160350	-1552.457581	
7.194000	15.505425	0.953214	-1.945845	9.424121	0.316109	-1552.411864	
7.195000	15.416632	1.066559	-1.953280	9.430559	0.261593	-1552.365989	
7.196000	15.412404	1.058463	-1.959416	9.436980	0.277169	-1552.319830	
7.197000	15.378578	0.856061	-1.963940	9.443294	0.183714	-1552.273314	
7.198000	15.598445	0.856061	-1.966684	9.449543	0.078577	-1552.226411	
7.199000	15.463143	0.750812	-1.967654	9.455851	0.191502	-1552.179146	
7.200000	15.416632	0.937022	-1.966859	9.462238	0.343367	-1552.131599	0.000000
7.201000	15.475827	0.758908	-1.964325	9.468605	0.284957	-1552.083901	
7.202000	15.374350	0.977502	-1.960337	9.474866	0.156456	-1552.036217	
7.203000	15.551935	0.953214	-1.955371	9.481067	0.105834	-1551.988711	
7.204000	15.471599	0.815580	-1.949886	9.487337	0.257699	-1551.941519	
7.205000	15.387035	1.098943	-1.944301	9.493699	0.378412	-1551.894720	
7.206000	15.361666	1.074655	-1.939128	9.500049	0.405670	-1551.848339	
7.207000	15.327840	1.026079	-1.935297	9.506296	0.187608	-1551.802361	
7.208000	15.564620	0.945118	-1.934006	9.512482	0.082471	-1551.756727	
7.209000	15.539250	0.888445	-1.935509	9.518727	0.249911	-1551.711326	
7.210000	15.442002	0.953214	-1.938690	9.525048	0.386200	-1551.666011	
7.211000	15.530794	0.985598	-1.942204	9.531340	0.351155	-1551.620625	
7.212000	15.420861	0.896541	-1.945278	9.537512	0.273275	-1551.575033	
7.213000	15.568848	0.831773	-1.947502	9.543609	0.101940	-1551.529135	
7.214000	15.463143	0.775100	-1.948530	9.549755	0.218760	-1551.482876	
7.215000	15.408176	1.155616	-1.948100	9.555970	0.203184	-1551.436239	
7.216000	15.484284	0.969406	-1.946089	9.562155	0.382306	-1551.389259	
7.217000	15.387035	1.009886	-1.942532	9.568225	0.226548	-1551.342031	
7.218000	15.526566	0.928926	-1.937772	9.574229	0.059107	-1551.294701	
7.219000	15.437773	0.815580	-1.932450	9.580296	0.269381	-1551.247427	
7.220000	15.387035	0.993694	-1.927074	9.586443	0.487443	-1551.200355	
7.221000	15.501196	0.904637	-1.921870	9.592567	0.347261	-1551.153600	
7.222000	15.433545	0.920829	-1.917080	9.598578	0.226548	-1551.107231	
7.223000	15.442002	1.066559	-1.913165	9.604520	-0.030454	-1551.061275	
7.224000	15.501196	0.669851	-1.910706	9.610517	0.312215	-1551.015713	
7.225000	15.391263	0.912733	-1.909896	9.616582	0.347261	-1550.970471	
7.226000	15.492740	0.823676	-1.910274	9.622608	0.214866	-1550.925430	
7.227000	15.420861	0.750812	-1.911142	9.628505	0.187608	-1550.880445	
7.228000	15.564620	0.961310	-1.911915	9.634321	0.004591	-1550.835380	
7.229000	15.513881	0.758908	-1.912117	9.640187	0.140880	-1550.790111	
7.230000	15.374350	1.212288	-1.911434	9.646126	0.234335	-1550.744545	
7.231000	15.374350	0.920829	-1.909782	9.652037	0.292745	-1550.698632	
7.232000	15.450458	0.864157	-1.907200	9.657832	0.261593	-1550.652368	
7.233000	15.471599	0.928926	-1.903847	9.663559	0.094153	-1550.605813	
7.234000	15.480055	0.872253	-1.900146	9.669347	0.277169	-1550.559071	
7.235000	15.348981	1.115135	-1.896719	9.675212	0.413458	-1550.512286	
7.236000	15.420861	0.977502	-1.894163	9.681045	0.409564	-1550.465612	
7.237000	15.446230	0.677947	-1.892896	9.686749	0.187608	-1550.419197	
7.238000	15.539250	0.799388	-1.893015	9.692370	0.199290	-1550.373154	
7.239000	15.547707	0.750812	-1.894462	9.698033	0.152562	-1550.327541	
7.240000	15.429317	1.058463	-1.897444	9.703758	0.316109	-1550.282363	
7.241000	15.387035	0.888445	-1.902225	9.709443	0.374518	-1550.237575	
7.242000	15.442002	0.677947	-1.908532	9.714998	0.144774	-1550.193088	
7.243000	15.547707	0.912733	-1.915520	9.720473	0.027955	-1550.148769	
7.244000	15.530794	0.750812	-1.922165	9.725999	0.199290	-1550.104461	
7.245000	15.348981	1.017982	-1.927684	9.731604	0.405670	-1550.060007	
7.246000	15.348981	1.034175	-1.931659	9.737189	0.312215	-1550.015270	
7.247000	15.387035	0.734620	-1.934014	9.742665	0.316109	-1549.970163	
7.248000	15.539250	0.783196	-1.934652	9.748078	0.105834	-1549.924650	
7.249000	15.564620	0.880349	-1.933098	9.753554	0.370624	-1549.878751	
7.250000	15.399719	1.074655	-1.929128	9.759109	0.417352	-1549.832541	
7.251000	15.395491	1.058463	-1.923417	9.764640	0.343367	-1549.786145	
7.252000	15.471599	0.669851	-1.917139	9.770054	0.160350	-1549.739725	
7.253000	15.573076	0.742716	-1.911356	9.775400	0.035743	-1549.693447	
7.254000	15.611130	0.694139	-1.906773	9.780808	0.207078	-1549.647450	
7.255000	15.412404	1.017982	-1.903794	9.786299	0.351155	-1549.601822	
7.256000	15.344753	0.977502	-1.902866	9.791772	0.214866	-1549.556597	
7.257000	15.484284	0.807484	-1.904411	9.797140	0.195396	-1549.511756	
7.258000	15.437773	1.082751	-1.908061	9.802454	0.066895	-1549.467239	
7.259000	15.573076	0.734620	-1.912840	9.807848	0.343367	-1549.422935	
7.260000	15.306699	0.945118	-1.917988	9.813350	0.362836	-1549.378694	
7.261000	15.408176	1.042271	-1.923053	9.818857	0.331685	-1549.334358	
7.262000	15.480055	0.775100	-1.927852	9.824276	0.242123	-1549.289781	
7.263000	15.518109	0.880349	-1.932340	9.829653	0.059107	-1549.244854	
7.264000	15.551935	0.831773	-1.936306	9.835111	0.172032	-1549.199512	
7.265000	15.442002	0.953214	-1.939066	9.840667	0.312215	-1549.153735	
7.266000	15.408176	0.969406	-1.939414	9.846209	0.331685	-1549.107558	
7.267000	15.475827	0.799388	-1.936758	9.851645	0.261593	-1549.061078	
7.268000	15.416632	0.799388	-1.931964	9.857024	0.136986	-1549.014442	
7.269000	15.547707	0.791292	-1.926508	9.862486	0.238229	-1548.967817	
7.270000	15.425089	0.928926	-1.921634	9.868055	0.292745	-1548.921360	
7.271000	15.403948	1.042271	-1.918181	9.873631	0.362836	-1548.875194	
7.272000	15.471599	0.896541	-1.916540	9.879127	0.246017	-1548.829391	
7.273000	15.505425	0.831773	-1.917111	9.884599	0.187608	-1548.783977	
7.274000	15.467371	0.799388	-1.920653	9.890184	0.327791	-1548.738926	
7.275000	15.437773	0.872253	-1.927432	9.895907	0.495231	-1548.694160	
7.276000	15.336296	1.107039	-1.936547	9.901662	0.362836	-1548.649556	
7.277000	15.429317	0.864157	-1.946554	9.907355	0.253805	-1548.604972	
7.278000	15.509653	0.864157	-1.956148	9.913037	0.059107	-1548.560267	
7.279000	15.535022	0.872253	-1.964374	9.918837	0.242123	-1548.515319	
7.280000	15.522337	0.742716	-1.970784	9.924777	0.296639	-1548.470035	
7.281000	15.429317	0.888445	-1.975355	9.930750	0.230441	-1548.424368	
7.282000	15.471599	0.507929	-1.978279	9.936664	0.098047	-1548.378327	
7.283000	15.522337	0.799388	-1.979787	9.942576	0.039637	-1548.331979	
7.284000	15.530794	1.147520	-1.979978	9.948625	0.292745	-1548.285441	
7.285000	15.458914	0.953214	-1.978986	9.954837	0.300533	-1548.238860	
7.286000	15.408176	1.058463	-1.977188	9.961109	0.339473	-1548.192392	
7.287000	15.391263	0.823676	-1.974991	9.967352	0.308321	-1548.146185	
7.288000	15.530794	0.847965	-1.972590	9.973621	0.121410	-1548.100351	
7.289000	15.496968	1.034175	-1.969969	9.980048	0.343367	-1548.054941	
7.290000	15.387035	1.090847	-1.967189	9.986650	0.327791	-1548.009948	
7.291000	15.408176	1.058463	-1.964608	9.993311	0.296639	-1547.965325	
7.292000	15.480055	0.807484	-1.962556	9.999928	0.144774	-1547.920985	
7.293000	15.535022	0.823676	-1.960898	10.006550	0.051319	-1547.876806	
7.294000	15.492740	0.775100	-1.959215	10.013308	0.230441	-1547.832640	
7.295000	15.420861	0.928926	-1.957286	10.020226	0.347261	-1547.788335	
7.296000	15.395491	0.953214	-1.955231	10.027196	0.390094	-1547.743762	
7.297000	15.467371	1.001790	-1.953222	10.034123	0.191502	-1547.698842	
7.298000	15.649184	0.702235	-1.951166	10.041057	0.090259	-1547.653547	
7.299000	15.361666	0.993694	-1.948674	10.048134	0.265487	-1547.607896	
7.300000	15.395491	1.058463	-1.945351	10.055378	0.397882	-1547.561955	0.000000
7.301000	15.391263	1.042271	-1.941236	10.062679	0.362836	-1547.515843	
7.302000	15.442002	0.718427	-1.936837	10.069939	0.308321	-1547.469710	
7.303000	15.615358	0.823676	-1.932848	10.077208	0.164244	-1547.423719	
7.304000	15.488512	0.864157	-1.929954	10.084619	0.249911	-1547.378010	
7.305000	15.399719	1.074655	-1.928557	10.092193	0.288851	-1547.332670	
7.306000	15.442002	0.815580	-1.928485	10.099819	0.238229	-1547.287733	
7.307000	15.323612	0.856061	-1.929142	10.107397	0.078577	-1547.243189	
7.308000	15.628043	0.645563	-1.930130	10.114978	-0.046030	-1547.198985	
7.309000	15.492740	0.540314	-1.931466	10.122697	0.183714	-1547.155025	
7.310000	15.425089	0.985598	-1.933075	10.130580	0.238229	-1547.111171	
7.311000	15.425089	0.993694	-1.934586	10.138519	0.164244	-1547.067272	
7.312000	15.365894	0.872253	-1.935696	10.146422	0.277169	-1547.023183	
7.313000	15.594217	1.001790	-1.936386	10.154344	0.070789	-1546.978790	
7.314000	15.509653	0.961310	-1.936687	10.162426	0.207078	-1546.934021	
7.315000	15.403948	0.904637	-1.936379	10.170693	0.362836	-1546.888852	
7.316000	15.416632	0.928926	-1.935080	10.179035	0.475762	-1546.843307	
7.317000	15.399719	0.888445	-1.932661	10.187350	0.253805	-1546.797471	
7.318000	15.615358	0.831773	-1.929417	10.195688	-0.007091	-1546.751477	
7.319000	15.543479	0.799388	-1.925853	10.204178	0.082471	-1546.705487	
7.320000	15.408176	1.026079	-1.922453	10.212839	0.390094	-1546.659659	
7.321000	15.463143	0.856061	-1.919696	10.221554	0.370624	-1546.614122	
7.322000	15.416632	0.856061	-1.917931	10.230225	0.175926	-1546.568955	
7.323000	15.475827	0.775100	-1.917167	10.238904	0.105834	-1546.524189	
7.324000	15.543479	0.669851	-1.917230	10.247728	0.133092	-1546.479809	
7.325000	15.365894	1.058463	-1.917999	10.256719	0.393988	-1546.435741	
7.326000	15.403948	1.131328	-1.919341	10.265768	0.323897	-1546.391865	
7.327000	15.344753	0.977502	-1.920913	10.274780	0.226548	-1546.348032	
7.328000	15.488512	0.831773	-1.922216	10.283815	0.140880	-1546.304091	
7.329000	15.556163	0.677947	-1.922914	10.293013	0.292745	-1546.259905	
7.330000	15.450458	0.969406	-1.923076	10.302397	0.460186	-1546.215376	
7.331000	15.454686	0.993694	-1.922923	10.311855	0.417352	-1546.170447	
7.332000	15.319384	0.920829	-1.922525	10.321286	0.156456	-1546.125122	
7.333000	15.560391	0.799388	-1.921948	10.330742	0.098047	-1546.079461	
7.334000	15.526566	0.807484	-1.921257	10.340356	0.327791	-1546.033580	
7.335000	15.403948	1.017982	-1.920501	10.350146	0.296639	-1545.987631	
7.336000	15.442002	0.969406	-1.919890	10.359998	0.335579	-1545.941779	
7.337000	15.399719	0.750812	-1.919673	10.369816	0.210972	-1545.896179	
7.338000	15.518109	0.912733	-1.919849	10.379654	0.109728	-1545.850946	
7.339000	15.543479	0.888445	-1.920686	10.389649	0.366730	-1545.806134	
7.340000	15.395491	0.945118	-1.923226	10.399824	0.374518	-1545.761738	
7.341000	15.480055	1.066559	-1.928170	10.410068	0.308321	-1545.717710	
7.342000	15.374350	0.815580	-1.934914	10.420286	0.288851	-1545.673959	
7.343000	15.547707	0.856061	-1.942199	10.430528	0.039637	-1545.630349	
7.344000	15.530794	0.783196	-1.948934	10.440929	0.288851	-1545.586724	
7.345000	15.361666	0.920829	-1.954469	10.451504	0.382306	-1545.542923	
7.346000	15.467371	1.147520	-1.958443	10.462136	0.292745	-1545.498812	
7.347000	15.488512	0.896541	-1.960623	10.472721	0.210972	-1545.454310	
7.348000	15.522337	1.058463	-1.960861	10.483312	-0.003197	-1545.409391	
7.349000	15.551935	0.742716	-1.958970	10.494048	0.304427	-1545.364081	
7.350000	15.348981	0.904637	-1.954881	10.504952	0.323897	-1545.318453	
7.351000	15.463143	0.856061	-1.948974	10.515912	0.199290	-1545.272633	
7.352000	15.475827	0.742716	-1.942082	10.526830	0.121410	-1545.226782	
7.353000	15.454686	0.896541	-1.935188	10.537759	0.086365	-1545.181068	
7.354000	15.496968	0.945118	-1.929163	10.548837	0.370624	-1545.135627	
7.355000	15.361666	0.904637	-1.924595	10.560084	0.323897	-1545.090541	
7.356000	15.336296	0.977502	-1.921851	10.571387	0.288851	-1545.045832	
7.357000	15.429317	0.912733	-1.921102	10.582644	0.331685	-1545.001478	
7.358000	15.530794	0.880349	-1.921960	10.593904	0.199290	-1544.957418	
7.359000	15.475827	0.896541	-1.923592	10.605301	0.261593	-1544.913546	
7.360000	15.420861	0.904637	-1.925251	10.616849	0.234335	-1544.869718	
7.361000	15.429317	1.115135	-1.926571	10.628429	0.351155	-1544.825777	
7.362000	15.539250	0.580794	-1.927695	10.639942	0.238229	-1544.781582	
7.363000	15.539250	0.783196	-1.928866	10.651441	0.098047	-1544.737030	
7.364000	15.535022	0.961310	-1.929998	10.663065	0.187608	-1544.692060	
7.365000	15.382807	0.945118	-1.931111	10.674838	0.160350	-1544.646653	
7.366000	15.382807	1.123232	-1.932623	10.686647	0.281063	-1544.600838	
7.367000	15.437773	0.799388	-1.934734	10.698396	0.222654	-1544.554702	
7.368000	15.530794	1.074655	-1.937294	10.710142	0.152562	-1544.508389	
7.369000	15.433545	0.839869	-1.940296	10.722027	0.300533	-1544.462063	
7.370000	15.412404	0.839869	-1.943760	10.734075	0.417352	-1544.415876	
7.371000	15.382807	1.090847	-1.947490	10.746170	0.351155	-1544.369948	
7.372000	15.425089	0.710331	-1.951142	10.758212	0.347261	-1544.324349	
7.373000	15.577304	0.856061	-1.954584	10.770249	0.144774	-1544.279111	
7.374000	15.594217	0.831773	-1.958233	10.782414	0.140880	-1544.234220	
7.375000	15.488512	0.985598	-1.962424	10.794722	0.269381	-1544.189608	
7.376000	15.399719	0.985598	-1.966744	10.807056	0.296639	-1544.145161	
7.377000	15.450458	0.726523	-1.970389	10.819317	0.195396	-1544.100739	
7.378000	15.543479	0.791292	-1.972816	10.831556	0.101940	-1544.056203	
7.379000	15.551935	0.977502	-1.973957	10.843912	0.300533	-1544.011433	
7.380000	15.416632	0.937022	-1.973944	10.856407	0.483549	-1543.966335	
7.381000	15.382807	1.406594	-1.972804	10.868928	0.436822	-1543.920858	
7.382000	15.387035	1.001790	-1.970640	10.881381	0.152562	-1543.874995	
7.383000	15.480055	0.661755	-1.967872	10.893823	0.117516	-1543.828796	
7.384000	15.543479	0.767004	-1.964903	10.906394	0.261593	-1543.782366	
7.385000	15.480055	0.856061	-1.961906	10.919115	0.393988	-1543.735847	
7.386000	15.370122	1.074655	-1.959081	10.931870	0.300533	-1543.689398	
7.387000	15.488512	0.888445	-1.956726	10.944554	0.242123	-1543.643171	
7.388000	15.594217	0.734620	-1.955090	10.957219	0.140880	-1543.597284	
7.389000	15.454686	0.807484	-1.954269	10.970001	0.253805	-1543.551800	
7.390000	15.526566	0.694139	-1.954116	10.982920	0.304427	-1543.506728	
7.391000	15.353209	0.920829	-1.954280	10.995865	0.214866	-1543.462033	
7.392000	15.425089	0.791292	-1.954469	11.008740	0.125304	-1543.417634	
7.393000	15.619586	0.750812	-1.954469	11.021603	0.043531	-1543.373405	
7.394000	15.454686	0.904637	-1.953982	11.034599	0.226548	-1543.329194	
7.395000	15.458914	0.961310	-1.952906	11.047750	0.358942	-1543.284844	
7.396000	15.327840	1.066559	-1.951513	11.060943	0.288851	-1543.240222	
7.397000	15.420861	0.969406	-1.950095	11.074075	0.351155	-1543.195243	
7.398000	15.594217	0.669851	-1.948676	11.087203	0.121410	-1543.149874	
7.399000	15.387035	0.872253	-1.947013	11.100467	0.320003	-1543.104132	
7.400000	15.425089	0.928926	-1.944790	11.113889	0.355048	-1543.058090	0.000000
7.401000	15.450458	1.147520	-1.941942	11.127350	0.351155	-1543.011871	
7.402000	15.463143	0.920829	-1.938751	11.140745	0.121410	-1542.965642	
7.403000	15.611130	0.677947	-1.935550	11.154127	0.136986	-1542.919576	
7.404000	15.513881	0.823676	-1.932392	11.167636	0.136986	-1542.873818	
7.405000	15.496968	0.831773	-1.929250	11.181290	0.234335	-1542.828459	
7.406000	15.408176	1.188000	-1.926261	11.194974	0.273275	-1542.783533	
7.407000	15.420861	0.920829	-1.923687	11.208589	0.378412	-1542.739028	
7.408000	15.543479	0.896541	-1.922032	11.222194	0.187608	-1542.694891	
7.409000	15.387035	1.042271	-1.921647	11.235934	0.265487	-1542.651012	
7.410000	15.374350	0.912733	-1.922161	11.249831	0.440716	-1542.607240	
7.411000	15.480055	0.896541	-1.922887	11.263765	0.277169	-1542.563410	
7.412000	15.454686	0.945118	-1.923428	11.277632	0.246017	-1542.519372	
7.413000	15.560391	0.807484	-1.923754	11.291486	0.172032	-1542.475013	
7.414000	15.450458	0.928926	-1.923779	11.305464	0.253805	-1542.430268	
7.415000	15.530794	0.977502	-1.922922	11.319579	0.246017	-1542.385116	
7.416000	15.518109	0.969406	-1.920366	11.333706	0.284957	-1542.339587	
7.417000	15.454686	0.864157	-1.915947	11.347737	0.172032	-1542.293781	
7.418000	15.568848	0.653659	-1.910515	11.361731	-0.007091	-1542.247847	
7.419000	15.463143	0.839869	-1.905246	11.375835	0.152562	-1542.201951	
7.420000	15.408176	1.026079	-1.900903	11.390072	0.335579	-1542.156250	
7.421000	15.425089	1.017982	-1.897839	11.404326	0.269381	-1542.110862	
7.422000	15.298242	1.001790	-1.896342	11.418496	0.214866	-1542.065860	
7.423000	15.535022	0.912733	-1.896521	11.432641	0.144774	-1542.021266	
7.424000	15.450458	0.888445	-1.898064	11.446909	0.288851	-1541.977053	
7.425000	15.437773	0.953214	-1.900531	11.461324	0.483549	-1541.933141	
7.426000	15.446230	0.937022	-1.903582	11.475766	0.401776	-1541.889403	
7.427000	15.403948	0.847965	-1.906815	11.490132	0.179820	-1541.845687	
7.428000	15.636499	0.710331	-1.909853	11.504477	0.039637	-1541.801846	
7.429000	15.509653	0.758908	-1.912640	11.518945	0.230441	-1541.757754	
7.430000	15.442002	0.928926	-1.915339	11.533558	0.323897	-1541.713319	
7.431000	15.492740	0.823676	-1.917805	11.548196	0.292745	-1541.668495	
7.432000	15.403948	0.823676	-1.919550	11.562755	0.175926	-1541.623287	
7.433000	15.628043	0.783196	-1.920687	11.577295	0.070789	-1541.577756	
7.434000	15.526566	0.872253	-1.921912	11.591961	0.148668	-1541.532014	
7.435000	15.391263	1.147520	-1.923614	11.606781	0.355048	-1541.486208	
7.436000	15.429317	1.107039	-1.925833	11.621638	0.296639	-1541.440493	
7.437000	15.332068	0.823676	-1.928493	11.636433	0.308321	-1541.395014	
7.438000	15.573076	0.839869	-1.931561	11.651223	0.117516	-1541.349882	
7.439000	15.560391	0.872253	-1.935378	11.666147	0.351155	-1541.305147	
7.440000	15.391263	0.969406	-1.940814	11.681226	0.429034	-1541.260809	
7.441000	15.399719	1.009886	-1.948659	11.696339	0.277169	-1541.216826	
7.442000	15.412404	0.823676	-1.958598	11.711383	0.210972	-1541.173116	
7.443000	15.594217	0.928926	-1.969052	11.726409	-0.010985	-1541.129555	
7.444000	15.585761	0.734620	-1.978017	11.741560	0.160350	-1541.085997	
7.445000	15.403948	0.896541	-1.984129	11.756856	0.238229	-1541.042289	
7.446000	15.442002	0.985598	-1.987017	11.772181	0.312215	-1540.998303	
7.447000	15.353209	0.977502	-1.986887	11.787437	0.117516	-1540.953956	
7.448000	15.644956	0.888445	-1.984275	11.802685	0.164244	-1540.909213	
7.449000	15.501196	0.783196	-1.979910	11.818076	0.292745	-1540.864087	
7.450000	15.378578	1.001790	-1.974319	11.833634	0.343367	-1540.818647	
7.451000	15.399719	1.026079	-1.967860	11.849244	0.292745	-1540.773011	
7.452000	15.403948	0.888445	-1.961061	11.864802	0.210972	-1540.727336	
7.453000	15.509653	0.928926	-1.954458	11.880362	0.164244	-1540.681783	
7.454000	15.488512	0.742716	-1.948332	11.896065	0.397882	-1540.636490	
7.455000	15.395491	0.985598	-1.942855	11.911928	0.355048	-1540.591548	
7.456000	15.484284	1.107039	-1.938120	11.927826	0.273275	-1540.546991	
7.457000	15.420861	0.686043	-1.934074	11.943657	0.207078	-1540.502811	
7.458000	15.543479	0.847965	-1.930832	11.959479	0.090259	-1540.458961	
7.459000	15.530794	0.499833	-1.928590	11.975439	0.148668	-1540.415343	
7.460000	15.399719	0.961310	-1.927106	11.991560	0.362836	-1540.371821	
7.461000	15.454686	0.880349	-1.925959	12.007721	0.164244	-1540.328243	
7.462000	15.391263	0.904637	-1.925094	12.023817	0.179820	-1540.284465	
7.463000	15.522337	0.985598	-1.924813	12.039906	0.020167	-1540.240373	
7.464000	15.454686	0.799388	-1.925393	12.056134	0.265487	-1540.195891	
7.465000	15.395491	0.750812	-1.926789	12.072523	0.374518	-1540.150986	
7.466000	15.509653	1.082751	-1.928759	12.088949	0.366730	-1540.105683	
7.467000	15.408176	0.718427	-1.931042	12.105304	0.397882	-1540.060067	
7.468000	15.547707	0.993694	-1.933432	12.121640	0.179820	-1540.014281	
7.469000	15.526566	0.815580	-1.935887	12.138104	0.203184	-1539.968488	
7.470000	15.437773	0.969406	-1.938384	12.154711	0.390094	-1539.922844	
7.471000	15.501196	1.026079	-1.940774	12.171338	0.284957	-1539.877478	
7.472000	15.437773	0.799388	-1.943034	12.187878	0.164244	-1539.832470	
7.473000	15.475827	0.758908	-1.945341	12.204389	-0.003197	-1539.787855	
7.474000	15.513881	0.807484	-1.947804	12.221023	0.156456	-1539.743618	
7.475000	15.382807	0.985598	-1.950415	12.237805	0.362836	-1539.699689	
7.476000	15.458914	1.163712	-1.952979	12.254613	0.370624	-1539.655948	
7.477000	15.471599	0.872253	-1.955029	12.271345	0.355048	-1539.612247	
7.478000	15.446230	0.904637	-1.956129	12.288060	0.140880	-1539.568438	
7.479000	15.535022	0.896541	-1.956119	12.304907	0.273275	-1539.524389	
7.480000	15.420861	0.993694	-1.955012	12.321907	0.355048	-1539.479996	
7.481000	15.382807	0.993694	-1.952927	12.338933	0.386200	-1539.435202	
7.482000	15.496968	0.864157	-1.950101	12.355878	0.242123	-1539.390001	
7.483000	15.535022	0.888445	-1.946701	12.372799	0.082471	-1539.344451	
7.484000	15.526566	0.937022	-1.942903	12.389840	0.238229	-1539.298665	
7.485000	15.412404	0.888445	-1.939206	12.407022	0.281063	-1539.252793	
7.486000	15.403948	0.969406	-1.936138	12.424220	0.191502	-1539.206997	
7.487000	15.463143	0.710331	-1.933725	12.441330	0.027955	-1539.161431	
7.488000	15.539250	0.823676	-1.931622	12.458414	0.059107	-1539.116213	
7.489000	15.488512	0.937022	-1.929886	12.475622	0.148668	-1539.071400	
7.490000	15.255960	0.856061	-1.929018	12.492980	0.390094	-1539.026994	
7.491000	15.370122	1.179904	-1.929075	12.510367	0.300533	-1538.982949	
7.492000	15.437773	0.653659	-1.929648	12.527682	0.327791	-1538.939174	
7.493000	15.513881	0.872253	-1.930347	12.544981	0.140880	-1538.895538	
7.494000	15.518109	0.839869	-1.930933	12.562412	0.296639	-1538.851885	
7.495000	15.437773	0.872253	-1.931484	12.579990	0.409564	-1538.808062	
7.496000	15.374350	1.204192	-1.932115	12.597589	0.277169	-1538.763936	
7.497000	15.471599	0.799388	-1.932662	12.615100	0.210972	-1538.719422	
7.498000	15.636499	0.702235	-1.932943	12.632580	0.090259	-1538.674490	
7.499000	15.581532	0.694139	-1.932807	12.650179	0.133092	-1538.629162	
7.500000	15.454686	0.864157	-1.931988	12.667920	0.199290	-1538.583516	0.000000
7.501000	15.416632	1.082751	-1.930371	12.685682	0.327791	-1538.537682	
7.502000	15.450458	0.669851	-1.928248	12.703363	0.156456	-1538.491819	
7.503000	15.543479	0.823676	-1.926102	12.721028	0.113622	-1538.446093	
7.504000	15.539250	0.904637	-1.924248	12.738832	0.347261	-1538.400643	
7.505000	15.412404	0.831773	-1.922792	12.756799	0.397882	-1538.355557	
7.506000	15.306699	1.115135	-1.921833	12.774802	0.312215	-1538.310865	
7.507000	15.408176	0.823676	-1.921459	12.792734	0.117516	-1538.266550	
7.508000	15.543479	0.750812	-1.921567	12.810656	0.055213	-1538.222554	
7.509000	15.568848	0.815580	-1.921935	12.828719	0.261593	-1538.178768	
7.510000	15.496968	0.904637	-1.922215	12.846943	0.374518	-1538.135052	
7.511000	15.420861	1.179904	-1.922048	12.865201	0.273275	-1538.091253	
7.512000	15.471599	0.783196	-1.921497	12.883387	0.152562	-1538.047231	
7.513000	15.573076	0.677947	-1.920871	12.901561	0.070789	-1538.002875	
7.514000	15.543479	0.799388	-1.920220	12.919876	0.172032	-1537.958122	
7.515000	15.458914	0.588890	-1.919234	12.938356	0.358942	-1537.912946	
7.516000	15.412404	1.082751	-1.917381	12.956876	0.312215	-1537.867379	
7.517000	15.408176	0.920829	-1.914327	12.975333	0.242123	-1537.821512	
7.518000	15.543479	0.945118	-1.910396	12.993791	0.207078	-1537.775485	
7.519000	15.412404	0.928926	-1.906414	13.012406	0.292745	-1537.729462	
7.520000	15.505425	0.831773	-1.903131	13.031201	0.351155	-1537.683596	
7.521000	15.437773	1.042271	-1.900847	13.050047	0.409564	-1537.638013	
7.522000	15.446230	0.856061	-1.899470	13.068834	0.316109	-1537.592788	
7.523000	15.564620	0.953214	-1.898947	13.087617	0.055213	-1537.547953	
7.524000	15.539250	0.742716	-1.899465	13.106547	0.242123	-1537.503489	
7.525000	15.505425	0.856061	-1.901074	13.125643	0.199290	-1537.459330	
7.526000	15.454686	0.799388	-1.903446	13.144776	0.300533	-1537.415360	
7.527000	15.442002	0.767004	-1.906022	13.163841	0.136986	-1537.371442	
7.528000	15.602673	0.742716	-1.908466	13.182903	0.055213	-1537.327430	
7.529000	15.454686	0.831773	-1.910890	13.202123	0.253805	-1537.283195	
7.530000	15.463143	0.920829	-1.913328	13.221524	0.347261	-1537.238634	
7.531000	15.365894	1.098943	-1.915376	13.240980	0.292745	-1537.193687	
7.532000	15.450458	0.896541	-1.916478	13.260386	0.101940	-1537.148350	
7.533000	15.615358	0.831773	-1.916232	13.279806	0.109728	-1537.102677	
7.534000	15.509653	0.888445	-1.914654	13.299394	0.249911	-1537.056773	
7.535000	15.437773	0.847965	-1.912211	13.319165	0.323897	-1537.010774	
7.536000	15.446230	0.985598	-1.909540	13.338985	0.444610	-1536.964833	
7.537000	15.471599	0.928926	-1.907193	13.358743	0.214866	-1536.919101	
7.538000	15.653412	0.791292	-1.905605	13.378498	0.098047	-1536.873699	
7.539000	15.509653	1.220385	-1.905285	13.398405	0.316109	-1536.828694	
7.540000	15.488512	1.050367	-1.906619	13.418488	0.249911	-1536.784095	
7.541000	15.429317	0.969406	-1.909364	13.438619	0.284957	-1536.739869	
7.542000	15.412404	0.767004	-1.912916	13.458691	0.234335	-1536.695937	
7.543000	15.632271	0.904637	-1.916813	13.478770	0.047425	-1536.652180	
7.544000	15.442002	1.017982	-1.920661	13.499010	0.281063	-1536.608455	
7.545000	15.387035	0.904637	-1.924196	13.519434	0.347261	-1536.564607	
7.546000	15.361666	1.009886	-1.927404	13.539914	0.312215	-1536.520503	
7.547000	15.403948	0.823676	-1.930342	13.560342	0.312215	-1536.476052	
7.548000	15.636499	0.823676	-1.933237	13.580780	0.047425	-1536.431218	
7.549000	15.484284	0.815580	-1.936583	13.601383	0.300533	-1536.386016	
7.550000	15.412404	0.969406	-1.940405	13.622173	0.300533	-1536.340514	
7.551000	15.348981	0.977502	-1.944103	13.643015	0.238229	-1536.294830	
7.552000	15.420861	0.937022	-1.947333	13.663799	0.257699	-1536.249123	
7.553000	15.653412	0.823676	-1.950183	13.684590	0.136986	-1536.203561	
7.554000	15.522337	0.807484	-1.952687	13.705548	0.222654	-1536.158295	
7.555000	15.327840	0.969406	-1.954802	13.726699	0.312215	-1536.113420	
7.556000	15.365894	0.880349	-1.956573	13.747911	0.323897	-1536.068972	
7.557000	15.403948	0.961310	-1.957644	13.769075	0.179820	-1536.024935	
7.558000	15.585761	0.937022	-1.957183	13.790252	0.043531	-1535.981253	
7.559000	15.568848	0.912733	-1.954935	13.811600	0.195396	-1535.937820	
7.560000	15.310927	0.985598	-1.951462	13.833141	0.304427	-1535.894490	
7.561000	15.454686	0.937022	-1.947346	13.854743	0.417352	-1535.851100	
7.562000	15.416632	0.831773	-1.943093	13.876291	0.351155	-1535.807498	
7.563000	15.530794	0.815580	-1.939304	13.897848	0.090259	-1535.763566	
7.564000	15.564620	0.839869	-1.936333	13.919575	0.242123	-1535.719230	
7.565000	15.315155	0.953214	-1.934020	13.941494	0.464080	-1535.674465	
7.566000	15.425089	1.196096	-1.931927	13.963475	0.296639	-1535.629299	
7.567000	15.454686	0.920829	-1.929813	13.985405	0.183714	-1535.583820	
7.568000	15.573076	0.815580	-1.927859	14.007348	0.098047	-1535.538170	
7.569000	15.589989	0.758908	-1.926563	14.029464	0.168138	-1535.492514	
7.570000	15.378578	0.953214	-1.926439	14.051777	0.335579	-1535.447016	
7.571000	15.416632	1.155616	-1.927639	14.074160	0.320003	-1535.401805	
7.572000	15.332068	0.945118	-1.929941	14.096503	0.292745	-1535.356959	
7.573000	15.526566	0.920829	-1.933516	14.118876	0.156456	-1535.312503	
7.574000	15.530794	0.880349	-1.939348	14.141443	0.277169	-1535.268410	
7.575000	15.425089	1.026079	-1.947891	14.164228	0.331685	-1535.224603	
7.576000	15.408176	0.904637	-1.958078	14.187097	0.390094	-1535.180964	
7.577000	15.374350	0.864157	-1.968263	14.209937	0.214866	-1535.137344	
7.578000	15.530794	0.985598	-1.977072	14.232810	0.175926	-1535.093596	
7.579000	15.547707	0.807484	-1.983570	14.255872	0.218760	-1535.049588	
7.580000	15.454686	0.977502	-1.987526	14.279143	0.226548	-1535.005224	
7.581000	15.382807	0.961310	-1.989184	14.302486	0.269381	-1534.960455	
7.582000	15.374350	0.839869	-1.988670	14.325792	0.129198	-1534.915284	
7.583000	15.505425	0.831773	-1.986079	14.349131	-0.018773	-1534.869766	
7.584000	15.606902	0.775100	-1.981814	14.372667	0.121410	-1534.824007	
7.585000	15.382807	0.888445	-1.976545	14.396426	0.378412	-1534.778147	
7.586000	15.437773	1.163712	-1.970983	14.420273	0.456292	-1534.732344	
7.587000	15.332068	0.945118	-1.965589	14.444099	0.296639	-1534.686745	
7.588000	15.480055	0.839869	-1.960525	14.467969	0.230441	-1534.641464	
7.589000	15.577304	0.872253	-1.956046	14.492042	0.308321	-1534.596561	
7.590000	15.348981	0.896541	-1.952622	14.516335	0.475762	-1534.552043	
7.591000	15.484284	1.042271	-1.950394	14.540706	0.246017	-1534.507876	
7.592000	15.450458	0.831773	-1.949075	14.565038	0.273275	-1534.463984	
7.593000	15.492740	0.961310	-1.948319	14.589395	-0.014879	-1534.420243	
7.594000	15.598445	0.767004	-1.947725	14.613942	0.265487	-1534.376504	
7.595000	15.454686	0.791292	-1.946859	14.638706	0.378412	-1534.332614	
7.596000	15.446230	1.034175	-1.945478	14.663551	0.366730	-1534.288442	
7.597000	15.420861	0.613178	-1.943582	14.688368	0.281063	-1534.243908	
7.598000	15.509653	0.621274	-1.941204	14.713230	0.136986	-1534.198980	
7.599000	15.488512	0.977502	-1.938212	14.738306	0.175926	-1534.153678	
7.600000	15.378578	0.961310	-1.934420	14.763626	0.339473	-1534.108070	0.000000
7.601000	15.361666	1.066559	-1.929920	14.789051	0.409564	-1534.062277	
7.602000	15.505425	0.767004	-1.925204	14.814466	0.308321	-1534.016450	
7.603000	15.496968	0.896541	-1.920849	14.839936	0.281063	-1533.970750	
7.604000	15.522337	0.856061	-1.917220	14.865627	0.246017	-1533.925320	
7.605000	15.458914	0.791292	-1.914408	14.891557	0.358942	-1533.880253	
7.606000	15.480055	1.034175	-1.912118	14.917583	0.347261	-1533.835587	
7.607000	15.496968	1.034175	-1.909645	14.943585	0.308321	-1533.791320	
7.608000	15.632271	0.758908	-1.906504	14.969628	0.043531	-1533.747409	
7.609000	15.458914	0.775100	-1.902937	14.995877	0.187608	-1533.703766	
7.610000	15.454686	0.686043	-1.899508	15.022354	0.323897	-1533.660256	
7.611000	15.399719	1.009886	-1.896655	15.048923	0.261593	-1533.616729	
7.612000	15.437773	0.823676	-1.894680	15.075470	0.230441	-1533.573035	
7.613000	15.543479	0.953214	-1.893772	15.102068	0.136986	-1533.529058	
7.614000	15.475827	0.831773	-1.893946	15.128891	0.304427	-1533.484719	
7.615000	15.450458	0.880349	-1.894896	15.155963	0.409564	-1533.439988	
7.616000	15.374350	1.042271	-1.896087	15.183140	0.351155	-1533.394883	
7.617000	15.446230	0.758908	-1.897085	15.210304	0.253805	-1533.349485	
7.618000	15.636499	0.613178	-1.897824	15.237522	0.136986	-1533.303934	
7.619000	15.501196	0.839869	-1.898575	15.264961	0.214866	-1533.258396	
7.620000	15.425089	0.839869	-1.899584	15.292639	0.304427	-1533.213034	
7.621000	15.387035	1.082751	-1.900847	15.320412	0.277169	-1533.167979	
7.622000	15.505425	0.758908	-1.902245	15.348157	0.148668	-1533.123314	
7.623000	15.513881	0.645563	-1.903975	15.375943	0.121410	-1533.079072	
7.624000	15.535022	0.718427	-1.906735	15.403939	0.238229	-1533.035242	
7.625000	15.378578	0.880349	-1.911019	15.432173	0.246017	-1532.991758	
7.626000	15.370122	0.937022	-1.916422	15.460506	0.323897	-1532.948501	
7.627000	15.467371	0.758908	-1.921927	15.488825	0.288851	-1532.905325	
7.628000	15.539250	0.799388	-1.926652	15.517203	0.164244	-1532.862082	
7.629000	15.501196	0.856061	-1.930126	15.545814	0.257699	-1532.818635	
7.630000	15.433545	0.767004	-1.932093	15.574682	0.339473	-1532.774882	
7.631000	15.302471	1.082751	-1.932484	15.603664	0.238229	-1532.730766	
7.632000	15.420861	0.977502	-1.931490	15.632638	0.355048	-1532.686279	
7.633000	15.619586	0.694139	-1.929353	15.661668	0.035743	-1532.641467	
7.634000	15.560391	0.807484	-1.926303	15.690921	0.172032	-1532.596435	
7.635000	15.526566	0.588890	-1.922808	15.720419	0.257699	-1532.551328	
7.636000	15.374350	0.945118	-1.919567	15.750020	0.292745	-1532.506314	
7.637000	15.425089	0.742716	-1.917157	15.779608	0.168138	-1532.461551	
7.638000	15.602673	0.613178	-1.915820	15.809252	0.269381	-1532.417159	
7.639000	15.581532	0.791292	-1.915521	15.839124	0.316109	-1532.373199	
7.640000	15.484284	0.783196	-1.916295	15.869246	0.358942	-1532.329677	
7.641000	15.395491	1.115135	-1.918468	15.899476	0.370624	-1532.286553	
7.642000	15.370122	0.823676	-1.922191	15.929695	0.273275	-1532.243739	
7.643000	15.475827	0.694139	-1.926921	15.959972	0.164244	-1532.201104	
7.644000	15.505425	0.864157	-1.931681	15.990477	0.358942	-1532.158488	
7.645000	15.437773	0.912733	-1.935630	16.021228	0.393988	-1532.115735	
7.646000	15.454686	0.977502	-1.938430	16.052080	0.397882	-1532.072717	
7.647000	15.471599	0.961310	-1.940097	16.082909	0.207078	-1532.029350	
7.648000	15.598445	0.937022	-1.940648	16.113777	0.078577	-1531.985607	
7.649000	15.589989	0.831773	-1.939957	16.144853	0.113622	-1531.941505	
7.650000	15.429317	0.807484	-1.937867	16.176154	0.253805	-1531.897114	
7.651000	15.450458	0.896541	-1.934532	16.207540	0.281063	-1531.852557	
7.652000	15.403948	0.904637	-1.930482	16.238894	0.082471	-1531.807989	
7.653000	15.556163	0.920829	-1.926318	16.270290	0.101940	-1531.763574	
7.654000	15.488512	0.847965	-1.922510	16.301905	0.246017	-1531.719450	
7.655000	15.412404	0.839869	-1.919444	16.333765	0.382306	-1531.675709	
7.656000	15.437773	0.661755	-1.917561	16.365727	0.436822	-1531.632386	
7.657000	15.315155	0.937022	-1.917183	16.397669	0.510807	-1531.589470	
7.658000	15.543479	0.815580	-1.918261	16.429659	0.152562	-1531.546906	
7.659000	15.492740	0.799388	-1.920382	16.461866	0.316109	-1531.504593	
7.660000	15.429317	0.945118	-1.922878	16.494311	0.425140	-1531.462387	
7.661000	15.513881	1.179904	-1.925123	16.526843	0.261593	-1531.420132	
7.662000	15.403948	0.953214	-1.926890	16.559341	0.249911	-1531.377682	
7.663000	15.577304	0.864157	-1.928279	16.591879	-0.003197	-1531.334923	
7.664000	15.522337	0.775100	-1.929466	16.624634	0.207078	-1531.291781	
7.665000	15.374350	0.856061	-1.930676	16.657633	0.382306	-1531.248231	
7.666000	15.488512	0.969406	-1.932276	16.690733	0.269381	-1531.204300	
7.667000	15.399719	0.985598	-1.934383	16.723817	0.308321	-1531.160077	
7.668000	15.505425	1.058463	-1.936677	16.756959	0.172032	-1531.115698	
7.669000	15.425089	0.896541	-1.938878	16.790330	0.366730	-1531.071324	
7.670000	15.361666	0.993694	-1.941001	16.823946	0.401776	-1531.027109	
7.671000	15.467371	0.969406	-1.943278	16.857655	0.444610	-1530.983178	
7.672000	15.378578	0.880349	-1.945942	16.891330	0.316109	-1530.939613	
7.673000	15.611130	0.799388	-1.948941	16.925044	0.035743	-1530.896450	
7.674000	15.560391	0.937022	-1.952009	16.958971	0.355048	-1530.853681	
7.675000	15.437773	0.961310	-1.954951	16.993132	0.187608	-1530.811240	
7.676000	15.509653	1.107039	-1.957616	17.027376	0.425140	-1530.769012	
7.677000	15.387035	0.888445	-1.959740	17.061580	0.094153	-1530.726853	
7.678000	15.611130	0.928926	-1.961154	17.095822	0.094153	-1530.684617	
7.679000	15.556163	0.734620	-1.961957	17.130288	0.300533	-1530.642173	
7.680000	15.378578	0.961310	-1.962332	17.165007	0.436822	-1530.599416	
7.681000	15.374350	0.993694	-1.962248	17.199829	0.366730	-1530.556281	
7.682000	15.399719	0.985598	-1.961321	17.234632	0.238229	-1530.512758	
7.683000	15.484284	1.090847	-1.959235	17.269490	0.226548	-1530.468894	
7.684000	15.602673	0.807484	-1.956128	17.304581	0.281063	-1530.424790	
7.685000	15.344753	0.839869	-1.952447	17.339925	0.386200	-1530.380588	
7.686000	15.416632	1.034175	-1.948742	17.375367	0.320003	-1530.336447	
7.687000	15.454686	0.807484	-1.945568	17.410782	0.304427	-1530.292521	
7.688000	15.581532	1.001790	-1.943371	17.446238	0.144774	-1530.248933	
7.689000	15.589989	0.710331	-1.942249	17.481911	0.238229	-1530.205755	
7.690000	15.433545	0.912733	-1.941755	17.517818	0.362836	-1530.163002	
7.691000	15.463143	0.945118	-1.941457	17.553808	0.308321	-1530.120644	
7.692000	15.450458	0.710331	-1.941433	17.589754	0.156456	-1530.078601	
7.693000	15.581532	0.880349	-1.941806	17.625732	0.238229	-1530.036752	
7.694000	15.564620	0.880349	-1.942407	17.661922	0.214866	-1529.994945	
7.695000	15.382807	0.993694	-1.943035	17.698347	0.393988	-1529.953027	
7.696000	15.365894	1.139424	-1.943467	17.734856	0.339473	-1529.910865	
7.697000	15.412404	0.823676	-1.943359	17.771321	0.386200	-1529.868372	
7.698000	15.640727	0.815580	-1.942414	17.807813	0.195396	-1529.825506	
7.699000	15.585761	0.823676	-1.940491	17.844504	0.323897	-1529.782279	
7.700000	15.446230	0.847965	-1.937629	17.881415	0.370624	-1529.738762	0.000000
7.701000	15.425089	1.090847	-1.934208	17.918392	0.265487	-1529.695082	
7.702000	15.480055	0.783196	-1.930978	17.955307	0.133092	-1529.651397	
7.703000	15.564620	0.839869	-1.928628	17.992234	0.133092	-1529.607876	
7.704000	15.606902	0.767004	-1.927411	18.029351	0.316109	-1529.564662	
7.705000	15.408176	0.872253	-1.927304	18.066680	0.382306	-1529.521856	
7.706000	15.387035	1.017982	-1.927901	18.104073	0.238229	-1529.479499	
7.707000	15.437773	0.758908	-1.928180	18.141405	0.214866	-1529.437583	
7.708000	15.437773	1.001790	-1.927102	18.178755	0.191502	-1529.396056	
7.709000	15.518109	0.839869	-1.924464	18.216307	0.308321	-1529.354817	
7.710000	15.340525	0.937022	-1.920842	18.254086	0.390094	-1529.313723	
7.711000	15.408176	1.107039	-1.916940	18.291940	0.210972	-1529.272617	
7.712000	15.450458	0.750812	-1.913276	18.329743	0.273275	-1529.231350	
7.713000	15.484284	0.896541	-1.910121	18.367567	0.086365	-1529.189802	
7.714000	15.594217	0.758908	-1.907528	18.405588	0.199290	-1529.147897	
7.715000	15.475827	0.880349	-1.905687	18.443825	0.331685	-1529.105609	
7.716000	15.484284	1.204192	-1.904931	18.482118	0.312215	-1529.062967	
7.717000	15.496968	0.807484	-1.905251	18.520342	0.300533	-1529.020060	
7.718000	15.446230	0.888445	-1.906347	18.558575	0.148668	-1528.977027	
7.719000	15.589989	0.734620	-1.908088	18.597003	0.199290	-1528.934029	
7.720000	15.446230	0.718427	-1.910588	18.635647	0.242123	-1528.891222	
7.721000	15.370122	1.026079	-1.913937	18.674354	0.323897	-1528.848735	
7.722000	15.327840	0.920829	-1.917923	18.713000	0.214866	-1528.806646	
7.723000	15.454686	1.058463	-1.922260	18.751664	0.191502	-1528.764981	
7.724000	15.433545	0.953214	-1.926898	18.790527	0.296639	-1528.723722	
7.725000	15.463143	0.815580	-1.931798	18.829606	0.436822	-1528.682794	
7.726000	15.391263	0.864157	-1.936618	18.868742	0.409564	-1528.642078	
7.727000	15.463143	0.758908	-1.940750	18.907804	0.238229	-1528.601429	
7.728000	15.556163	0.783196	-1.943767	18.946867	0.136986	-1528.560703	
7.729000	15.513881	0.839869	-1.945706	18.986113	0.374518	-1528.519766	
7.730000	15.501196	0.758908	-1.946759	19.025561	0.261593	-1528.478517	
7.731000	15.433545	1.139424	-1.947056	19.065050	0.292745	-1528.436896	
7.732000	15.378578	0.621274	-1.946898	19.104453	0.136986	-1528.394897	
7.733000	15.505425	0.734620	-1.946608	19.143843	0.086365	-1528.352565	
7.734000	15.509653	0.847965	-1.946170	19.183404	0.246017	-1528.309999	
7.735000	15.412404	0.710331	-1.945520	19.223157	0.312215	-1528.267333	
7.736000	15.399719	1.066559	-1.944849	19.262946	0.397882	-1528.224718	
7.737000	15.344753	0.864157	-1.944306	19.302641	0.343367	-1528.182303	
7.738000	15.535022	0.896541	-1.943834	19.342322	0.109728	-1528.140204	
7.739000	15.513881	0.856061	-1.943431	19.382172	0.343367	-1528.098485	
7.740000	15.446230	0.896541	-1.943379	19.422211	0.495231	-1528.057151	
7.741000	15.425089	1.009886	-1.944057	19.462280	0.362836	-1528.016164	
7.742000	15.442002	0.815580	-1.945508	19.502245	0.261593	-1527.975443	
7.743000	15.606902	0.807484	-1.947299	19.542182	0.113622	-1527.934868	
7.744000	15.513881	0.928926	-1.948839	19.582272	0.261593	-1527.894291	
7.745000	15.416632	0.661755	-1.949697	19.622537	0.316109	-1527.853561	
7.746000	15.408176	0.961310	-1.949567	19.662818	0.273275	-1527.812546	
7.747000	15.420861	0.758908	-1.948381	19.702988	0.199290	-1527.771155	
7.748000	15.577304	0.718427	-1.946240	19.743131	0.090259	-1527.729350	
7.749000	15.480055	0.920829	-1.942862	19.783439	0.218760	-1527.687139	
7.750000	15.412404	0.977502	-1.937972	19.823938	0.417352	-1527.644582	
7.751000	15.332068	1.147520	-1.932033	19.864469	0.483549	-1527.601789	
7.752000	15.458914	0.839869	-1.925959	19.904901	0.168138	-1527.558907	
7.753000	15.564620	0.767004	-1.920626	19.945310	0.172032	-1527.516098	
7.754000	15.492740	0.839869	-1.916548	19.985884	0.249911	-1527.473509	
7.755000	15.433545	0.904637	-1.913714	20.026646	0.257699	-1527.431240	
7.756000	15.437773	1.042271	-1.911809	20.067435	0.351155	-1527.389337	
7.757000	15.475827	0.961310	-1.910514	20.108120	0.133092	-1527.347797	
7.758000	15.674553	0.767004	-1.909852	20.148785	0.164244	-1527.306577	
7.759000	15.535022	0.783196	-1.910149	20.189624	0.316109	-1527.265583	
7.760000	15.471599	0.823676	-1.911477	20.230665	0.207078	-1527.224681	
7.761000	15.446230	1.034175	-1.913481	20.271749	0.265487	-1527.183715	
7.762000	15.416632	0.961310	-1.915694	20.312748	0.269381	-1527.142531	
7.763000	15.585761	0.896541	-1.917829	20.353741	0.304427	-1527.101006	
7.764000	15.450458	0.912733	-1.919868	20.394916	0.312215	-1527.059054	
7.765000	15.408176	0.896541	-1.922101	20.436297	0.405670	-1527.016645	
7.766000	15.446230	1.050367	-1.925019	20.477721	0.444610	-1526.973800	
7.767000	15.399719	0.847965	-1.928698	20.519055	0.187608	-1526.930606	
7.768000	15.585761	0.637467	-1.932802	20.560376	0.207078	-1526.887205	
7.769000	15.543479	0.847965	-1.937285	20.601870	0.261593	-1526.843764	
7.770000	15.450458	0.896541	-1.942236	20.643557	0.300533	-1526.800454	
7.771000	15.463143	1.001790	-1.947441	20.685272	0.253805	-1526.757414	
7.772000	15.382807	0.904637	-1.952482	20.726883	0.183714	-1526.714733	
7.773000	15.619586	0.839869	-1.957195	20.768472	0.090259	-1526.672447	
7.774000	15.535022	0.702235	-1.962088	20.810229	0.253805	-1526.630536	
7.775000	15.450458	0.783196	-1.967660	20.852180	0.382306	-1526.588931	
7.776000	15.412404	1.147520	-1.973602	20.894165	0.358942	-1526.547513	
7.777000	15.344753	1.001790	-1.979093	20.936058	0.304427	-1526.506136	
7.778000	15.509653	0.880349	-1.983362	20.977941	0.152562	-1526.464648	
7.779000	15.564620	0.807484	-1.986025	21.020000	0.312215	-1526.422910	
7.780000	15.382807	0.847965	-1.987126	21.062256	0.261593	-1526.380818	
7.781000	15.463143	1.179904	-1.987100	21.104542	0.432928	-1526.338312	
7.782000	15.395491	0.945118	-1.986159	21.146724	0.152562	-1526.295389	
7.783000	15.560391	0.815580	-1.983326	21.188881	0.191502	-1526.252104	
7.784000	15.581532	0.904637	-1.977541	21.231204	0.370624	-1526.208568	
7.785000	15.450458	0.880349	-1.969275	21.273713	0.378412	-1526.164929	
7.786000	15.509653	0.823676	-1.959880	21.316241	0.265487	-1526.121356	
7.787000	15.420861	0.839869	-1.950418	21.358655	0.261593	-1526.078007	
7.788000	15.535022	0.953214	-1.941518	21.401039	0.160350	-1526.035005	
7.789000	15.539250	0.985598	-1.933839	21.443585	0.312215	-1525.992413	
7.790000	15.285558	0.856061	-1.927938	21.486317	0.156456	-1525.950239	
7.791000	15.450458	1.155616	-1.923700	21.529071	0.312215	-1525.908446	
7.792000	15.399719	0.969406	-1.920743	21.571716	0.234335	-1525.866953	
7.793000	15.522337	0.985598	-1.918863	21.614331	0.175926	-1525.825638	
7.794000	15.513881	0.775100	-1.917777	21.657104	0.269381	-1525.784352	
7.795000	15.378578	0.799388	-1.917165	21.700057	0.308321	-1525.742943	
7.796000	15.492740	0.896541	-1.916894	21.743021	0.316109	-1525.701286	
7.797000	15.442002	0.912733	-1.916792	21.785857	0.308321	-1525.659301	
7.798000	15.640727	0.847965	-1.916617	21.828642	0.109728	-1525.616954	
7.799000	15.539250	0.823676	-1.916419	21.871565	0.355048	-1525.574258	
7.800000	15.391263	0.799388	-1.916256	21.914649	0.277169	-1525.531276	0.000000
7.801000	15.501196	0.718427	-1.915808	21.957727	0.265487	-1525.488122	
7.802000	15.463143	0.669851	-1.914831	22.000667	0.249911	-1525.444947	
7.803000	15.475827	0.937022	-1.913536	22.043554	0.172032	-1525.401916	
7.804000	15.539250	0.928926	-1.912441	22.086587	0.238229	-1525.359173	
7.805000	15.281330	0.977502	-1.912028	22.129795	0.292745	-1525.316809	
7.806000	15.425089	1.034175	-1.912397	22.173014	0.460186	-1525.274863	
7.807000	15.484284	0.677947	-1.913652	22.216109	0.265487	-1525.233320	
7.808000	15.501196	0.888445	-1.916511	22.259162	0.234335	-1525.192130	
7.809000	15.594217	0.799388	-1.921385	22.302370	0.175926	-1525.151196	
7.810000	15.378578	0.864157	-1.927457	22.345757	0.429034	-1525.110382	
7.811000	15.458914	1.115135	-1.933444	22.389153	0.351155	-1525.069531	
7.812000	15.573076	0.775100	-1.938449	22.432421	0.203184	-1525.028493	
7.813000	15.526566	0.823676	-1.942102	22.475648	0.109728	-1524.987151	
7.814000	15.560391	0.880349	-1.944360	22.519034	0.117516	-1524.945435	
7.815000	15.353209	0.491737	-1.945103	22.562608	0.331685	-1524.903315	
7.816000	15.408176	0.993694	-1.944055	22.606205	0.234335	-1524.860813	
7.817000	15.463143	0.791292	-1.941112	22.649689	0.129198	-1524.818006	
7.818000	15.522337	0.783196	-1.936690	22.693146	0.203184	-1524.775026	
7.819000	15.509653	0.928926	-1.931670	22.736773	0.292745	-1524.732031	
7.820000	15.433545	0.847965	-1.926799	22.780595	0.464080	-1524.689182	
7.821000	15.353209	1.179904	-1.922269	22.824440	0.304427	-1524.646608	
7.822000	15.361666	0.694139	-1.918055	22.868171	0.257699	-1524.604391	
7.823000	15.518109	0.734620	-1.914195	22.911874	0.094153	-1524.562560	
7.824000	15.560391	0.783196	-1.910702	22.955752	0.362836	-1524.521100	
7.825000	15.471599	0.912733	-1.907810	22.999828	0.304427	-1524.479948	
7.826000	15.442002	1.058463	-1.905903	23.043936	0.300533	-1524.438994	
7.827000	15.450458	0.791292	-1.904962	23.087941	0.175926	-1524.398099	
7.828000	15.505425	0.742716	-1.904518	23.131934	0.090259	-1524.357112	
7.829000	15.577304	0.767004	-1.903932	23.176119	0.288851	-1524.315895	
7.830000	15.433545	0.823676	-1.902870	23.220522	0.269381	-1524.274336	
7.831000	15.382807	1.082751	-1.901668	23.264975	0.429034	-1524.232373	
7.832000	15.353209	0.912733	-1.900796	23.309346	0.292745	-1524.189989	
7.833000	15.429317	0.920829	-1.900260	23.353726	0.226548	-1524.147223	
7.834000	15.573076	0.904637	-1.899843	23.398318	0.175926	-1524.104173	
7.835000	15.560391	0.864157	-1.899574	23.443147	0.343367	-1524.060979	
7.836000	15.361666	1.147520	-1.899791	23.488038	0.397882	-1524.017806	
7.837000	15.446230	0.839869	-1.900931	23.532850	0.160350	-1523.974814	
7.838000	15.530794	0.750812	-1.903257	23.577667	0.175926	-1523.932130	
7.839000	15.560391	0.937022	-1.906768	23.622693	0.230441	-1523.889826	
7.840000	15.408176	0.928926	-1.911439	23.667952	0.288851	-1523.847922	
7.841000	15.467371	1.115135	-1.917455	23.713273	0.269381	-1523.806396	
7.842000	15.442002	0.856061	-1.924936	23.758522	0.284957	-1523.765178	
7.843000	15.501196	0.831773	-1.933408	23.803790	0.327791	-1523.724148	
7.844000	15.505425	0.888445	-1.941789	23.849283	0.257699	-1523.683153	
7.845000	15.463143	0.904637	-1.949140	23.895026	0.366730	-1523.642039	
7.846000	15.370122	1.050367	-1.955106	23.940848	0.308321	-1523.600671	
7.847000	15.399719	0.977502	-1.959494	23.986609	0.323897	-1523.558960	
7.848000	15.505425	0.880349	-1.961937	24.032397	0.125304	-1523.516862	
7.849000	15.480055	0.831773	-1.962278	24.078413	0.273275	-1523.474384	
7.850000	15.475827	0.702235	-1.960898	24.124677	0.331685	-1523.431585	
7.851000	15.442002	0.993694	-1.958380	24.171011	0.409564	-1523.388582	
7.852000	15.471599	0.945118	-1.955274	24.217270	0.210972	-1523.345531	
7.853000	15.522337	0.896541	-1.952116	24.263539	0.136986	-1523.302595	
7.854000	15.442002	0.880349	-1.949350	24.310026	0.265487	-1523.259921	
7.855000	15.403948	0.767004	-1.947477	24.356757	0.253805	-1523.217609	
7.856000	15.420861	1.034175	-1.947013	24.403558	0.347261	-1523.175701	
7.857000	15.429317	1.026079	-1.948057	24.450290	0.238229	-1523.134193	
7.858000	15.530794	1.042271	-1.950161	24.497046	0.109728	-1523.093042	
7.859000	15.463143	0.985598	-1.952779	24.544034	0.312215	-1523.052157	
7.860000	15.327840	1.188000	-1.955498	24.591278	0.440716	-1523.011400	
7.861000	15.484284	1.058463	-1.957748	24.638598	0.378412	-1522.970615	
7.862000	15.412404	0.928926	-1.958937	24.685849	0.296639	-1522.929650	
7.863000	15.509653	0.742716	-1.958862	24.733117	0.195396	-1522.888387	
7.864000	15.564620	0.856061	-1.957734	24.780605	0.304427	-1522.846749	
7.865000	15.387035	0.864157	-1.955806	24.828330	0.226548	-1522.804710	
7.866000	15.513881	1.082751	-1.953095	24.876109	0.331685	-1522.762293	
7.867000	15.450458	0.831773	-1.949570	24.923795	0.242123	-1522.719583	
7.868000	15.653412	0.872253	-1.945526	24.971476	0.249911	-1522.676719	
7.869000	15.526566	0.864157	-1.941594	25.019360	0.253805	-1522.633868	
7.870000	15.395491	0.969406	-1.938430	25.067471	0.366730	-1522.591191	
7.871000	15.446230	0.912733	-1.936503	25.115632	0.327791	-1522.548819	
7.872000	15.420861	0.896541	-1.936083	25.163700	0.281063	-1522.506834	
7.873000	15.425089	1.042271	-1.937174	25.211769	0.355048	-1522.465264	
7.874000	15.611130	0.880349	-1.939293	25.260048	0.300533	-1522.424088	
7.875000	15.382807	1.034175	-1.941595	25.308561	0.386200	-1522.383240	
7.876000	15.319384	0.864157	-1.943486	25.357125	0.456292	-1522.342603	
7.877000	15.399719	0.847965	-1.944798	25.405588	0.312215	-1522.302036	
7.878000	15.560391	0.686043	-1.945423	25.454036	0.234335	-1522.261391	
7.879000	15.577304	0.726523	-1.945181	25.502676	0.292745	-1522.220536	
7.880000	15.420861	0.888445	-1.944073	25.551534	0.347261	-1522.179369	
7.881000	15.429317	1.163712	-1.942744	25.600429	0.238229	-1522.137832	
7.882000	15.391263	0.847965	-1.942046	25.649220	0.183714	-1522.095912	
7.883000	15.547707	0.767004	-1.941697	25.697994	0.183714	-1522.053651	
7.884000	15.581532	0.807484	-1.940742	25.746958	0.339473	-1522.011148	
7.885000	15.408176	0.888445	-1.939033	25.796135	0.366730	-1521.968547	
7.886000	15.471599	1.001790	-1.937134	25.845348	0.393988	-1521.926006	
7.887000	15.340525	0.888445	-1.935604	25.894452	0.281063	-1521.883676	
7.888000	15.518109	0.993694	-1.934676	25.943538	0.195396	-1521.841676	
7.889000	15.636499	0.831773	-1.934355	25.992815	0.378412	-1521.800070	
7.890000	15.327840	0.839869	-1.934675	26.042308	0.374518	-1521.758874	
7.891000	15.446230	1.058463	-1.935661	26.091838	0.386200	-1521.718061	
7.892000	15.425089	0.758908	-1.937217	26.141258	0.312215	-1521.677554	
7.893000	15.560391	0.912733	-1.938987	26.190652	0.277169	-1521.637233	
7.894000	15.636499	0.775100	-1.940369	26.240224	0.269381	-1521.596951	
7.895000	15.382807	0.872253	-1.940857	26.289995	0.284957	-1521.556562	
7.896000	15.488512	0.953214	-1.940272	26.339785	0.246017	-1521.515941	
7.897000	15.399719	0.758908	-1.938840	26.389449	0.183714	-1521.475000	
7.898000	15.454686	0.686043	-1.936602	26.439079	0.370624	-1521.433699	
7.899000	15.611130	0.637467	-1.932763	26.488886	0.374518	-1521.392044	
7.900000	15.391263	0.856061	-1.926607	26.538897	0.370624	-1521.350091	0.000000
7.901000	15.446230	1.066559	-1.918618	26.588933	0.226548	-1521.307953	
7.902000	15.425089	0.953214	-1.910141	26.638846	0.343367	-1521.265780	
7.903000	15.450458	0.815580	-1.902430	26.688726	0.242123	-1521.223733	
7.904000	15.568848	0.718427	-1.896203	26.738781	0.374518	-1521.181956	
7.905000	15.433545	0.750812	-1.891796	26.789030	0.242123	-1521.140547	
7.906000	15.556163	0.993694	-1.889284	26.839289	0.265487	-1521.099558	
7.907000	15.530794	0.872253	-1.888174	26.889410	0.246017	-1521.058990	
7.908000	15.471599	0.904637	-1.887355	26.939483	0.199290	-1521.018806	
7.909000	15.577304	0.686043	-1.886080	26.989720	0.187608	-1520.978914	
7.910000	15.463143	0.758908	-1.884436	27.040146	0.238229	-1520.939178	
7.911000	15.475827	0.937022	-1.882764	27.090578	0.300533	-1520.899442	
7.912000	15.484284	0.758908	-1.881370	27.140873	0.269381	-1520.859557	
7.913000	15.387035	0.945118	-1.880390	27.191131	0.234335	-1520.819399	
7.914000	15.547707	0.928926	-1.879785	27.241566	0.347261	-1520.778887	
7.915000	15.416632	0.775100	-1.879458	27.292204	0.331685	-1520.737981	
7.916000	15.509653	0.888445	-1.879160	27.342858	0.432928	-1520.696698	
7.917000	15.480055	0.710331	-1.878668	27.393380	0.191502	-1520.655120	
7.918000	15.433545	0.961310	-1.878186	27.443867	0.249911	-1520.613380	
7.919000	15.594217	0.694139	-1.878299	27.494535	0.300533	-1520.571641	
7.920000	15.463143	0.742716	-1.879397	27.545408	0.308321	-1520.530065	
7.921000	15.488512	0.953214	-1.881378	27.596297	0.429034	-1520.488787	
7.922000	15.471599	0.726523	-1.884076	27.647055	0.265487	-1520.447890	
7.923000	15.442002	0.937022	-1.887505	27.697782	0.191502	-1520.407410	
7.924000	15.573076	0.888445	-1.891623	27.748707	0.320003	-1520.367332	
7.925000	15.446230	0.750812	-1.896358	27.799859	0.320003	-1520.327596	
7.926000	15.378578	1.139424	-1.901584	27.851054	0.323897	-1520.288090	
7.927000	15.484284	0.839869	-1.906916	27.902146	0.382306	-1520.248672	
7.928000	15.387035	0.993694	-1.911845	27.953232	0.320003	-1520.209189	
7.929000	15.564620	0.880349	-1.915778	28.004527	0.288851	-1520.169497	
7.930000	15.425089	0.888445	-1.918066	28.056053	0.413458	-1520.129484	
7.931000	15.471599	0.953214	-1.918492	28.107618	0.425140	-1520.089085	
7.932000	15.458914	0.669851	-1.917726	28.159069	0.125304	-1520.048289	
7.933000	15.420861	0.807484	-1.917015	28.210496	0.187608	-1520.007140	
7.934000	15.589989	0.904637	-1.917135	28.262116	0.246017	-1519.965742	
7.935000	15.433545	0.880349	-1.918063	28.313952	0.362836	-1519.924244	
7.936000	15.399719	0.896541	-1.919633	28.365813	0.179820	-1519.882810	
7.937000	15.492740	0.767004	-1.921679	28.417552	0.144774	-1519.841597	
7.938000	15.446230	0.767004	-1.923803	28.469265	0.292745	-1519.800730	
7.939000	15.560391	0.872253	-1.925673	28.521170	0.242123	-1519.760280	
7.940000	15.391263	0.775100	-1.927402	28.573295	0.242123	-1519.720263	
7.941000	15.306699	1.115135	-1.929246	28.625456	0.541959	-1519.680642	
7.942000	15.437773	0.912733	-1.931247	28.677503	0.304427	-1519.641332	
7.943000	15.391263	0.969406	-1.933279	28.729534	0.210972	-1519.602205	
7.944000	15.560391	0.888445	-1.935088	28.781767	0.129198	-1519.563112	
7.945000	15.454686	0.839869	-1.936562	28.834230	0.284957	-1519.523902	
7.946000	15.429317	0.904637	-1.937803	28.886730	0.300533	-1519.484448	
7.947000	15.496968	0.799388	-1.938600	28.939113	0.152562	-1519.444664	
7.948000	15.492740	0.451257	-1.938397	28.991477	0.269381	-1519.404510	
7.949000	15.649184	0.864157	-1.936809	29.044048	0.207078	-1519.363996	
7.950000	15.488512	0.847965	-1.933886	29.096856	0.323897	-1519.323187	
7.951000	15.357437	1.026079	-1.930075	29.149714	0.175926	-1519.282201	
7.952000	15.433545	0.807484	-1.926092	29.202470	0.210972	-1519.241186	
7.953000	15.395491	0.823676	-1.922711	29.255227	0.207078	-1519.200302	
7.954000	15.518109	0.928926	-1.920427	29.308212	0.281063	-1519.159690	
7.955000	15.382807	0.831773	-1.919321	29.361452	0.366730	-1519.119449	
7.956000	15.391263	1.090847	-1.919400	29.414758	0.370624	-1519.079624	
7.957000	15.399719	1.147520	-1.920819	29.467978	0.199290	-1519.040206	
7.958000	15.416632	0.767004	-1.923624	29.521208	0.320003	-1519.001151	
7.959000	15.581532	0.904637	-1.927609	29.574673	0.249911	-1518.962366	
7.960000	15.488512	0.783196	-1.932298	29.628397	0.440716	-1518.923719	
7.961000	15.412404	1.179904	-1.937012	29.682188	0.288851	-1518.885064	
7.962000	15.429317	1.009886	-1.941242	29.735890	0.172032	-1518.846259	
7.963000	15.403948	0.791292	-1.944790	29.789600	0.191502	-1518.807183	
7.964000	15.522337	0.920829	-1.947472	29.843543	0.273275	-1518.767757	
7.965000	15.370122	0.847965	-1.949270	29.897744	0.191502	-1518.727947	
7.966000	15.454686	0.937022	-1.950718	29.952014	0.440716	-1518.687773	
7.967000	15.378578	0.945118	-1.952294	30.006201	0.296639	-1518.647309	
7.968000	15.357437	0.912733	-1.953959	30.060405	0.386200	-1518.606681	
7.969000	15.450458	1.026079	-1.955604	30.114848	0.261593	-1518.566039	
7.970000	15.471599	1.017982	-1.957175	30.169548	0.335579	-1518.525534	
7.971000	15.463143	1.034175	-1.958592	30.224308	0.429034	-1518.485296	
7.972000	15.348981	0.928926	-1.959845	30.278971	0.281063	-1518.445409	
7.973000	15.446230	0.799388	-1.961149	30.333629	0.304427	-1518.405912	
7.974000	15.446230	0.896541	-1.962908	30.388501	0.261593	-1518.366791	
7.975000	15.526566	0.904637	-1.965195	30.443606	0.405670	-1518.327987	
7.976000	15.509653	0.864157	-1.967605	30.498746	0.296639	-1518.289394	
7.977000	15.416632	0.904637	-1.969630	30.553766	0.253805	-1518.250877	
7.978000	15.429317	0.977502	-1.970821	30.608764	0.246017	-1518.212290	
7.979000	15.530794	0.783196	-1.970859	30.663964	0.304427	-1518.173496	
7.980000	15.395491	0.839869	-1.969619	30.719391	0.448504	-1518.134386	
7.981000	15.471599	1.171808	-1.966939	30.774847	0.308321	-1518.094892	
7.982000	15.403948	0.888445	-1.962421	30.830178	0.230441	-1518.054995	
7.983000	15.395491	0.993694	-1.956041	30.885481	0.261593	-1518.014727	
7.984000	15.492740	1.009886	-1.948537	30.940976	0.265487	-1517.974181	
7.985000	15.353209	0.856061	-1.940868	30.996683	0.362836	-1517.933492	
7.986000	15.488512	0.847965	-1.933809	31.052399	0.413458	-1517.892819	
7.987000	15.437773	0.742716	-1.927869	31.107965	0.249911	-1517.852318	
7.988000	15.505425	0.799388	-1.923427	31.163476	0.175926	-1517.812118	
7.989000	15.560391	0.953214	-1.920841	31.219163	0.261593	-1517.772294	
7.990000	15.416632	1.107039	-1.920261	31.275052	0.230441	-1517.732868	
7.991000	15.458914	0.920829	-1.921577	31.330948	0.382306	-1517.693814	
7.992000	15.433545	0.791292	-1.924501	31.386695	0.187608	-1517.655056	
7.993000	15.437773	0.872253	-1.928462	31.442394	0.327791	-1517.616474	
7.994000	15.513881	0.791292	-1.932594	31.498278	0.323897	-1517.577916	
7.995000	15.378578	0.888445	-1.936273	31.554374	0.355048	-1517.539226	
7.996000	15.361666	0.880349	-1.939513	31.610483	0.335579	-1517.500266	
7.997000	15.433545	0.758908	-1.942364	31.666446	0.323897	-1517.460936	
7.998000	15.454686	0.880349	-1.944727	31.722363	0.183714	-1517.421189	
7.999000	15.564620	0.945118	-1.947010	31.778463	0.273275	-1517.381027	
8.000000	15.382807	0.896541	-1.949534	31.834772	0.316109	-1517.340513	0.000000
8.001000	15.509653	0.896541	-1.951817	31.891088	0.257699	-1517.299764	
8.002000	15.463143	0.880349	-1.953329	31.947253	0.246017	-1517.258936	
8.003000	15.467371	0.831773	-1.953871	32.003370	0.199290	-1517.218200	
8.004000	15.598445	0.742716	-1.953328	32.059673	0.090259	-1517.177710	
8.005000	15.416632	0.920829	-1.951848	32.116194	0.374518	-1517.137577	
8.006000	15.433545	0.896541	-1.949650	32.172735	0.304427	-1517.097854	
8.007000	15.408176	0.823676	-1.946579	32.229138	0.140880	-1517.058536	
8.008000	15.353209	0.888445	-1.942615	32.285508	0.238229	-1517.019576	
8.009000	15.585761	0.783196	-1.938246	32.342079	0.218760	-1516.980877	
8.010000	15.281330	0.912733	-1.933934	32.398879	0.351155	-1516.942301	
8.011000	15.463143	0.985598	-1.929693	32.455704	0.386200	-1516.903686	
8.012000	15.395491	0.864157	-1.925238	32.512396	0.362836	-1516.864875	
8.013000	15.361666	0.872253	-1.920514	32.569056	0.257699	-1516.825741	
8.014000	15.594217	0.661755	-1.915868	32.625919	0.226548	-1516.786199	
8.015000	15.382807	0.799388	-1.911233	32.683006	0.323897	-1516.746220	
8.016000	15.480055	0.831773	-1.905693	32.740112	0.234335	-1516.705827	
8.017000	15.471599	0.839869	-1.898676	32.797071	0.242123	-1516.665101	
8.018000	15.344753	0.847965	-1.890835	32.853984	0.257699	-1516.624176	
8.019000	15.619586	0.758908	-1.883380	32.911086	0.261593	-1516.583210	
8.020000	15.454686	0.791292	-1.877290	32.968407	0.382306	-1516.542366	
8.021000	15.450458	0.937022	-1.873068	33.025747	0.413458	-1516.501778	
8.022000	15.429317	0.718427	-1.870869	33.082947	0.238229	-1516.461532	
8.023000	15.234819	1.009886	-1.870759	33.140111	0.168138	-1516.421656	
8.024000	15.589989	0.540314	-1.872755	33.197475	0.308321	-1516.382126	
8.025000	15.408176	0.904637	-1.876563	33.255068	0.370624	-1516.342875	
8.026000	15.488512	1.017982	-1.881588	33.312682	0.374518	-1516.303793	
8.027000	15.442002	0.783196	-1.887200	33.370156	0.277169	-1516.264739	
8.028000	15.348981	0.742716	-1.892826	33.427591	0.160350	-1516.225566	
8.029000	15.623814	0.686043	-1.898032	33.485222	0.347261	-1516.186138	
8.030000	15.458914	0.815580	-1.902453	33.543073	0.343367	-1516.146348	
8.031000	15.442002	1.228481	-1.905829	33.600940	0.284957	-1516.106139	
8.032000	15.446230	0.799388	-1.908691	33.658662	0.195396	-1516.065499	
8.033000	15.353209	0.864157	-1.912312	33.716345	0.055213	-1516.024467	
8.034000	15.602673	0.758908	-1.917197	33.774224	0.207078	-1515.983132	
8.035000	15.395491	0.775100	-1.922735	33.832327	0.378412	-1515.941627	
8.036000	15.450458	0.888445	-1.928239	33.890449	0.312215	-1515.900109	
8.037000	15.412404	0.831773	-1.933211	33.948433	0.355048	-1515.858730	
8.038000	15.281330	0.969406	-1.937256	34.006383	0.304427	-1515.817612	
8.039000	15.594217	0.904637	-1.940188	34.064534	0.355048	-1515.776824	
8.040000	15.425089	0.775100	-1.942003	34.122909	0.362836	-1515.736384	
8.041000	15.412404	0.912733	-1.942801	34.181301	0.300533	-1515.696272	
8.042000	15.496968	0.718427	-1.942780	34.239543	0.300533	-1515.656423	
8.043000	15.348981	0.750812	-1.942210	34.297740	0.246017	-1515.616728	
8.044000	15.640727	0.872253	-1.941292	34.356128	0.296639	-1515.577052	
8.045000	15.425089	0.799388	-1.939988	34.414733	0.304427	-1515.537252	
8.046000	15.446230	0.977502	-1.938024	34.473348	0.284957	-1515.497204	
8.047000	15.526566	0.718427	-1.935296	34.531812	0.273275	-1515.456819	
8.048000	15.332068	1.107039	-1.932084	34.590233	0.246017	-1515.416053	
8.049000	15.496968	1.179904	-1.928628	34.648849	0.218760	-1515.374903	
8.050000	15.357437	0.823676	-1.924726	34.707684	0.405670	-1515.333421	
8.051000	15.403948	0.783196	-1.920310	34.766530	0.378412	-1515.291712	
8.052000	15.484284	0.807484	-1.916064	34.825220	0.343367	-1515.249917	
8.053000	15.310927	0.969406	-1.912776	34.883854	0.292745	-1515.208194	
8.054000	15.543479	0.912733	-1.910777	34.942667	0.273275	-1515.166691	
8.055000	15.442002	0.726523	-1.910202	35.001679	0.312215	-1515.125517	
8.056000	15.539250	0.985598	-1.911112	35.060678	0.300533	-1515.084727	
8.057000	15.585761	0.750812	-1.913252	35.119491	0.203184	-1515.044326	
8.058000	15.327840	0.953214	-1.915958	35.178220	0.179820	-1515.004274	
8.059000	15.568848	0.904637	-1.918664	35.237101	0.269381	-1514.964483	
8.060000	15.395491	0.791292	-1.921149	35.296159	0.425140	-1514.924820	
8.061000	15.399719	0.937022	-1.923259	35.355186	0.284957	-1514.885133	
8.062000	15.471599	0.807484	-1.925005	35.414017	0.218760	-1514.845267	
8.063000	15.382807	0.799388	-1.926518	35.472762	0.347261	-1514.805096	
8.064000	15.488512	0.937022	-1.927763	35.531666	0.172032	-1514.764533	
8.065000	15.505425	0.799388	-1.928499	35.590759	0.495231	-1514.723542	
8.066000	15.348981	1.066559	-1.928335	35.649832	0.432928	-1514.682138	
8.067000	15.446230	0.839869	-1.927070	35.708718	0.265487	-1514.640399	
8.068000	15.454686	0.815580	-1.925077	35.767518	0.203184	-1514.598457	
8.069000	15.611130	0.856061	-1.923080	35.826473	0.296639	-1514.556480	
8.070000	15.454686	0.937022	-1.921653	35.885608	0.277169	-1514.514639	
8.071000	15.471599	1.009886	-1.921007	35.944710	0.288851	-1514.473082	
8.072000	15.458914	0.928926	-1.921181	36.003614	0.358942	-1514.431903	
8.073000	15.374350	0.953214	-1.921945	36.062422	0.101940	-1514.391140	
8.074000	15.611130	0.969406	-1.922971	36.121379	0.304427	-1514.350782	
8.075000	15.446230	0.807484	-1.924760	36.180514	0.320003	-1514.310767	
8.076000	15.344753	0.937022	-1.928057	36.239617	0.355048	-1514.270984	
8.077000	15.433545	0.872253	-1.932531	36.298524	0.284957	-1514.231285	
8.078000	15.323612	0.856061	-1.937228	36.357340	0.323897	-1514.191509	
8.079000	15.598445	0.896541	-1.941546	36.416309	0.320003	-1514.151508	
8.080000	15.454686	0.872253	-1.945398	36.475459	0.284957	-1514.111163	
8.081000	15.403948	0.831773	-1.948957	36.534579	0.288851	-1514.070411	
8.082000	15.378578	1.082751	-1.952676	36.593499	0.269381	-1514.029236	
8.083000	15.416632	0.734620	-1.956875	36.652323	0.347261	-1513.987679	
8.084000	15.594217	0.831773	-1.961044	36.711289	0.308321	-1513.945833	
8.085000	15.518109	0.831773	-1.964427	36.770421	0.351155	-1513.903842	
8.086000	15.425089	1.034175	-1.966779	36.829508	0.203184	-1513.861876	
8.087000	15.463143	1.001790	-1.968254	36.888382	0.327791	-1513.820095	
8.088000	15.336296	0.767004	-1.969118	36.947153	0.323897	-1513.778624	
8.089000	15.522337	0.726523	-1.969478	37.006063	0.312215	-1513.737532	
8.090000	15.442002	0.767004	-1.969271	37.065137	0.323897	-1513.696835	
8.091000	15.327840	0.847965	-1.968508	37.124165	0.316109	-1513.656503	
8.092000	15.412404	0.985598	-1.967393	37.182981	0.238229	-1513.616462	
8.093000	15.332068	0.653659	-1.966093	37.241694	0.218760	-1513.576592	
8.094000	15.496968	1.098943	-1.964416	37.300542	0.351155	-1513.536744	
8.095000	15.450458	0.791292	-1.962007	37.359549	0.320003	-1513.496772	
8.096000	15.471599	0.831773	-1.958737	37.418494	0.269381	-1513.456555	
8.097000	15.475827	0.953214	-1.954632	37.477207	0.144774	-1513.416011	
8.098000	15.382807	0.710331	-1.949780	37.535793	0.230441	-1513.375104	
8.099000	15.535022	0.661755	-1.944269	37.594498	0.292745	-1513.333845	
8.100000	15.526566	0.864157	-1.938002	37.653348	0.331685	-1513.292295	0.000000
8.101000	15.475827	0.702235	-1.931005	37.712130	0.331685	-1513.250567	
8.102000	15.403948	0.888445	-1.923868	37.770680	0.172032	-1513.208809	
8.103000	15.306699	0.864157	-1.917455	37.829111	0.168138	-1513.167179	
8.104000	15.547707	0.750812	-1.912326	37.887674	0.226548	-1513.125821	
8.105000	15.403948	0.847965	-1.908616	37.946395	0.358942	-1513.084838	
8.106000	15.505425	1.034175	-1.906471	38.005056	0.374518	-1513.044279	
8.107000	15.526566	1.001790	-1.906507	38.063484	0.284957	-1513.004145	
8.108000	15.306699	0.831773	-1.909611	38.121786	0.187608	-1512.964399	
8.109000	15.530794	0.734620	-1.915830	38.180212	0.168138	-1512.924959	
8.110000	15.399719	0.856061	-1.923891	38.238788	0.308321	-1512.885699	
8.111000	15.547707	0.783196	-1.932189	38.297293	0.261593	-1512.846471	
8.112000	15.501196	0.847965	-1.939678	38.355553	0.210972	-1512.807130	
8.113000	15.348981	0.758908	-1.945831	38.413676	0.172032	-1512.767556	
8.114000	15.573076	0.847965	-1.950287	38.471913	0.207078	-1512.727670	
8.115000	15.391263	0.775100	-1.953082	38.530290	0.292745	-1512.687435	
8.116000	15.463143	0.872253	-1.954877	38.588596	0.335579	-1512.646864	
8.117000	15.399719	0.888445	-1.956045	38.646661	0.296639	-1512.606027	
8.118000	15.336296	0.831773	-1.956321	38.704595	0.257699	-1512.565047	
8.119000	15.505425	0.888445	-1.955637	38.762647	0.335579	-1512.524079	
8.120000	15.387035	1.034175	-1.954168	38.820842	0.362836	-1512.483278	
8.121000	15.467371	0.750812	-1.951857	38.878961	0.343367	-1512.442777	
8.122000	15.365894	0.734620	-1.948611	38.936831	0.288851	-1512.402664	
8.123000	15.348981	0.807484	-1.944513	38.994559	0.300533	-1512.362970	
8.124000	15.619586	0.758908	-1.939736	39.052393	0.222654	-1512.323684	
8.125000	15.412404	0.969406	-1.934830	39.110354	0.304427	-1512.284744	
8.126000	15.518109	0.839869	-1.930490	39.168219	0.320003	-1512.246043	
8.127000	15.408176	0.791292	-1.926820	39.225819	0.160350	-1512.207440	
8.128000	15.332068	0.912733	-1.923471	39.283268	0.199290	-1512.168783	
8.129000	15.619586	0.815580	-1.920161	39.340824	0.366730	-1512.129927	
8.130000	15.327840	0.839869	-1.916876	39.398522	0.300533	-1512.090757	
8.131000	15.425089	0.896541	-1.913849	39.456144	0.343367	-1512.051201	
8.132000	15.353209	0.758908	-1.911517	39.513518	0.253805	-1512.011232	
8.133000	15.348981	0.831773	-1.910464	39.570760	0.246017	-1511.970881	
8.134000	15.615358	0.839869	-1.910943	39.628124	0.261593	-1511.930239	
8.135000	15.387035	1.244673	-1.912703	39.685641	0.362836	-1511.889450	
8.136000	15.437773	0.937022	-1.915481	39.743089	0.355048	-1511.848681	
8.137000	15.454686	0.661755	-1.919053	39.800293	0.331685	-1511.808095	
8.138000	15.277101	0.694139	-1.922978	39.857363	0.261593	-1511.767821	
8.139000	15.649184	0.864157	-1.926837	39.914552	0.288851	-1511.727941	
8.140000	15.429317	0.815580	-1.930729	39.971888	0.393988	-1511.688481	
8.141000	15.492740	0.880349	-1.935356	40.029156	0.514701	-1511.649421	
8.142000	15.416632	0.872253	-1.941199	40.086187	0.207078	-1511.610687	
8.143000	15.264417	0.969406	-1.947852	40.143098	0.222654	-1511.572156	
8.144000	15.606902	0.799388	-1.954445	40.200146	0.323897	-1511.533675	
8.145000	15.357437	0.872253	-1.960299	40.257362	0.265487	-1511.495087	
8.146000	15.361666	1.001790	-1.965332	40.314525	0.386200	-1511.456257	
8.147000	15.437773	0.872253	-1.969850	40.371464	0.343367	-1511.417085	
8.148000	15.184081	0.904637	-1.973820	40.428291	0.082471	-1511.377521	
8.149000	15.568848	0.694139	-1.976741	40.485267	0.230441	-1511.337561	
8.150000	15.420861	0.758908	-1.977961	40.542423	0.288851	-1511.297265	
8.151000	15.463143	1.107039	-1.977166	40.599533	0.343367	-1511.256748	
8.152000	15.471599	0.807484	-1.974749	40.656422	0.277169	-1511.216168	
8.153000	15.294014	0.799388	-1.971356	40.713202	0.249911	-1511.175696	
8.154000	15.598445	0.856061	-1.967379	40.770132	0.300533	-1511.135485	
8.155000	15.471599	0.872253	-1.963011	40.827244	0.339473	-1511.095649	
8.156000	15.471599	1.058463	-1.958198	40.884319	0.436822	-1511.056243	
8.157000	15.420861	0.718427	-1.952797	40.941187	0.265487	-1511.017273	
8.158000	15.200994	0.985598	-1.947169	40.997970	0.320003	-1510.978697	
8.159000	15.522337	0.815580	-1.942026	41.054936	0.269381	-1510.940421	
8.160000	15.437773	0.783196	-1.937731	41.112124	0.378412	-1510.902306	
8.161000	15.471599	1.082751	-1.934187	41.169310	0.382306	-1510.864196	
8.162000	15.450458	0.823676	-1.931244	41.226316	0.265487	-1510.825938	
8.163000	15.239048	0.937022	-1.929115	41.283256	0.323897	-1510.787407	
8.164000	15.585761	0.775100	-1.928126	41.340391	0.257699	-1510.748518	
8.165000	15.450458	0.823676	-1.928205	41.397750	0.284957	-1510.709236	
8.166000	15.488512	0.864157	-1.928936	41.455107	0.238229	-1510.669583	
8.167000	15.496968	0.807484	-1.929895	41.512286	0.191502	-1510.629645	
8.168000	15.230591	0.758908	-1.930793	41.569406	0.144774	-1510.589560	
8.169000	15.589989	0.945118	-1.931483	41.626730	0.136986	-1510.549490	
8.170000	15.475827	0.823676	-1.932093	41.684287	0.327791	-1510.509598	
8.171000	15.416632	0.872253	-1.933016	41.741853	0.413458	-1510.470020	
8.172000	15.492740	0.945118	-1.934530	41.799253	0.351155	-1510.430842	
8.173000	15.129114	0.880349	-1.936431	41.856605	0.393988	-1510.392095	
8.174000	15.543479	0.880349	-1.938097	41.914173	0.238229	-1510.353758	
8.175000	15.437773	0.912733	-1.939098	41.971986	0.378412	-1510.315769	
8.176000	15.412404	1.017982	-1.939516	42.029816	0.265487	-1510.278020	
8.177000	15.480055	0.839869	-1.939477	42.087485	0.191502	-1510.240375	
8.178000	15.298242	0.710331	-1.938874	42.145107	0.238229	-1510.202687	
8.179000	15.551935	0.856061	-1.937717	42.202949	0.335579	-1510.164822	
8.180000	15.484284	0.815580	-1.936256	42.261040	0.355048	-1510.126671	
8.181000	15.416632	0.702235	-1.934821	42.319153	0.168138	-1510.088171	
8.182000	15.501196	0.856061	-1.933683	42.377107	0.246017	-1510.049307	
8.183000	15.268645	0.904637	-1.932636	42.435022	0.296639	-1510.010115	
8.184000	15.556163	0.904637	-1.931173	42.493163	0.140880	-1509.970688	
8.185000	15.408176	0.847965	-1.929279	42.551560	0.343367	-1509.931166	
8.186000	15.378578	0.831773	-1.927342	42.609987	0.370624	-1509.891705	
8.187000	15.437773	0.767004	-1.925655	42.668261	0.222654	-1509.852459	
8.188000	15.323612	0.807484	-1.924385	42.726501	0.358942	-1509.813550	
8.189000	15.513881	0.839869	-1.923643	42.784971	0.238229	-1509.775049	
8.190000	15.429317	0.928926	-1.923461	42.843700	0.393988	-1509.736976	
8.191000	15.433545	0.783196	-1.923703	42.902458	0.257699	-1509.699306	
8.192000	15.446230	0.710331	-1.924203	42.961061	0.222654	-1509.661970	
8.193000	15.332068	0.499833	-1.924956	43.019621	0.265487	-1509.624860	
8.194000	15.602673	0.888445	-1.925922	43.078405	0.246017	-1509.587839	
8.195000	15.450458	0.880349	-1.927006	43.137446	0.246017	-1509.550767	
8.196000	15.433545	0.831773	-1.928093	43.196516	0.382306	-1509.513525	
8.197000	15.471599	0.880349	-1.928792	43.255435	0.249911	-1509.476023	
8.198000	15.230591	0.491737	-1.928770	43.314321	0.195396	-1509.438213	
8.199000	15.539250	0.920829	-1.927956	43.373445	0.288851	-1509.400092	
8.200000	15.408176	0.856061	-1.925953	43.432836	0.273275	-1509.361709	0.000000
8.201000	15.420861	0.872253	-1.922429	43.492262	0.417352	-1509.323170	
8.202000	15.454686	0.993694	-1.917910	43.551538	0.265487	-1509.284618	
8.203000	15.294014	0.775100	-1.913356	43.610783	0.304427	-1509.246208	
8.204000	15.619586	0.831773	-1.909532	43.670262	0.281063	-1509.208085	
8.205000	15.501196	0.750812	-1.906900	43.730004	0.246017	-1509.170364	
8.206000	15.492740	0.864157	-1.905468	43.789775	0.362836	-1509.133106	
8.207000	15.374350	0.783196	-1.904458	43.849390	0.273275	-1509.096328	
8.208000	15.370122	0.629370	-1.902900	43.908971	0.214866	-1509.059993	
8.209000	15.577304	0.847965	-1.900721	43.968791	0.265487	-1509.024014	
8.210000	15.361666	0.847965	-1.898523	44.028887	0.277169	-1508.988259	
8.211000	15.437773	0.775100	-1.896727	44.089033	0.436822	-1508.952575	
8.212000	15.336296	0.856061	-1.895465	44.149048	0.203184	-1508.916810	
8.213000	15.251732	0.815580	-1.894766	44.209054	0.195396	-1508.880829	
8.214000	15.488512	0.710331	-1.894594	44.269317	0.393988	-1508.844539	
8.215000	15.454686	0.742716	-1.894409	44.329865	0.366730	-1508.807898	
8.216000	15.492740	0.702235	-1.893084	44.390460	0.386200	-1508.770916	
8.217000	15.387035	0.928926	-1.890097	44.450915	0.187608	-1508.733665	
8.218000	15.277101	0.977502	-1.886146	44.511350	0.218760	-1508.696268	
8.219000	15.598445	0.726523	-1.882372	44.572035	0.230441	-1508.658882	
8.220000	15.518109	0.799388	-1.879653	44.632999	0.308321	-1508.621673	
8.221000	15.530794	0.742716	-1.878531	44.694005	0.288851	-1508.584783	
8.222000	15.403948	0.783196	-1.879514	44.754870	0.199290	-1508.548309	
8.223000	15.327840	0.904637	-1.883043	44.815720	0.288851	-1508.512288	
8.224000	15.573076	0.904637	-1.888936	44.876841	0.238229	-1508.476700	
8.225000	15.429317	0.783196	-1.896274	44.938270	0.316109	-1508.441478	
8.226000	15.539250	0.864157	-1.904106	44.999778	0.323897	-1508.406505	
8.227000	15.387035	0.864157	-1.911819	45.061180	0.292745	-1508.371633	
8.228000	15.217907	0.912733	-1.918947	45.122599	0.316109	-1508.336698	
8.229000	15.573076	0.937022	-1.925310	45.184310	0.296639	-1508.301546	
8.230000	15.416632	0.920829	-1.930935	45.246340	0.191502	-1508.266052	
8.231000	15.556163	0.920829	-1.935634	45.308452	0.331685	-1508.230144	
8.232000	15.399719	0.937022	-1.938879	45.370458	0.249911	-1508.193804	
8.233000	15.289786	0.945118	-1.940020	45.432476	0.234335	-1508.157072	
8.234000	15.564620	0.823676	-1.938862	45.494782	0.168138	-1508.120046	
8.235000	15.387035	0.985598	-1.936009	45.557408	0.277169	-1508.082870	
8.236000	15.505425	0.912733	-1.932378	45.620113	0.234335	-1508.045714	
8.237000	15.446230	0.856061	-1.928685	45.682710	0.230441	-1508.008738	
8.238000	15.281330	0.945118	-1.925550	45.745323	0.339473	-1507.972067	
8.239000	15.518109	0.799388	-1.923666	45.808235	0.393988	-1507.935772	
8.240000	15.365894	1.058463	-1.923678	45.871484	0.230441	-1507.899867	
8.241000	15.382807	0.767004	-1.926040	45.934831	0.374518	-1507.864324	
8.242000	15.450458	0.864157	-1.930662	45.998085	0.358942	-1507.829064	
8.243000	15.255960	1.196096	-1.936743	46.061368	0.308321	-1507.793966	
8.244000	15.518109	0.839869	-1.943204	46.124959	0.308321	-1507.758879	
8.245000	15.378578	0.985598	-1.949097	46.188891	0.238229	-1507.723651	
8.246000	15.496968	0.686043	-1.953790	46.252924	0.405670	-1507.688153	
8.247000	15.450458	0.742716	-1.956984	46.316864	0.144774	-1507.652293	
8.248000	15.289786	0.896541	-1.958442	46.380832	0.300533	-1507.616025	
8.249000	15.560391	0.588890	-1.957931	46.445116	0.246017	-1507.579352	
8.250000	15.357437	1.042271	-1.955646	46.509758	0.339473	-1507.542330	
8.251000	15.458914	0.799388	-1.952144	46.574522	0.316109	-1507.505072	
8.252000	15.454686	0.831773	-1.947988	46.639220	0.323897	-1507.467721	
8.253000	15.217907	0.937022	-1.943784	46.703973	0.323897	-1507.430436	
8.254000	15.577304	0.767004	-1.940104	46.769064	0.351155	-1507.393360	
8.255000	15.298242	0.920829	-1.937262	46.834527	0.370624	-1507.356600	
8.256000	15.454686	1.147520	-1.935429	46.900119	0.417352	-1507.320208	
8.257000	15.488512	0.912733	-1.934845	46.965643	0.304427	-1507.284185	
8.258000	15.175624	0.953214	-1.935643	47.031212	0.308321	-1507.248490	
8.259000	15.581532	0.807484	-1.937630	47.097102	0.207078	-1507.213040	
8.260000	15.387035	0.904637	-1.940318	47.163342	0.284957	-1507.177716	
8.261000	15.446230	0.815580	-1.943060	47.229689	0.304427	-1507.142379	
8.262000	15.496968	0.750812	-1.945328	47.295946	0.226548	-1507.106884	
8.263000	15.230591	0.872253	-1.946909	47.362232	0.172032	-1507.071108	
8.264000	15.628043	0.815580	-1.947765	47.428826	0.242123	-1507.034968	
8.265000	15.425089	0.839869	-1.947895	47.495762	0.265487	-1506.998430	
8.266000	15.370122	0.864157	-1.947261	47.562799	0.538065	-1506.961510	
8.267000	15.425089	0.767004	-1.945760	47.629741	0.378412	-1506.924276	
8.268000	15.150255	0.677947	-1.943505	47.696709	0.242123	-1506.886842	
8.269000	15.568848	0.815580	-1.940975	47.763980	0.292745	-1506.849354	
8.270000	15.395491	0.912733	-1.938710	47.831583	0.335579	-1506.811969	
8.271000	15.429317	0.864157	-1.937028	47.899269	0.323897	-1506.774825	
8.272000	15.433545	0.815580	-1.936091	47.966842	0.207078	-1506.738018	
8.273000	15.192537	0.783196	-1.936027	48.034415	0.308321	-1506.701582	
8.274000	15.560391	0.767004	-1.936892	48.102263	0.246017	-1506.665505	
8.275000	15.437773	0.807484	-1.938622	48.170416	0.327791	-1506.629737	
8.276000	15.454686	1.017982	-1.940946	48.238628	0.296639	-1506.594186	
8.277000	15.488512	0.888445	-1.943363	48.306705	0.218760	-1506.558722	
8.278000	15.184081	1.009886	-1.945383	48.374767	0.249911	-1506.523195	
8.279000	15.589989	0.831773	-1.946715	48.443094	0.269381	-1506.487458	
8.280000	15.403948	0.742716	-1.947217	48.511720	0.253805	-1506.451393	
8.281000	15.361666	1.098943	-1.946573	48.580401	0.277169	-1506.414926	
8.282000	15.403948	1.058463	-1.944201	48.648942	0.253805	-1506.378032	
8.283000	15.154483	0.872253	-1.939963	48.717460	0.320003	-1506.340736	
8.284000	15.585761	0.920829	-1.934450	48.786224	0.339473	-1506.303120	
8.285000	15.370122	0.661755	-1.928501	48.855260	0.362836	-1506.265320	
8.286000	15.463143	0.961310	-1.922963	48.924316	0.347261	-1506.227503	
8.287000	15.509653	0.686043	-1.918426	48.993192	0.284957	-1506.189833	
8.288000	15.226363	0.888445	-1.915013	49.062006	0.265487	-1506.152444	
8.289000	15.674553	0.823676	-1.912594	49.131036	0.214866	-1506.115418	
8.290000	15.480055	0.588890	-1.911262	49.200312	0.355048	-1506.078785	
8.291000	15.403948	0.896541	-1.911465	49.269587	0.397882	-1506.042530	
8.292000	15.480055	0.815580	-1.913426	49.338666	0.284957	-1506.006591	
8.293000	15.137571	1.034175	-1.916713	49.407668	0.238229	-1505.970852	
8.294000	15.518109	0.872253	-1.920477	49.476880	0.308321	-1505.935165	
8.295000	15.416632	0.718427	-1.923967	49.546336	0.292745	-1505.899372	
8.296000	15.403948	0.815580	-1.926836	49.615790	0.320003	-1505.863338	
8.297000	15.513881	0.937022	-1.929093	49.685040	0.273275	-1505.826967	
8.298000	15.255960	0.920829	-1.930832	49.754199	0.265487	-1505.790207	
8.299000	15.446230	0.953214	-1.931948	49.823540	0.284957	-1505.753056	
8.300000	15.458914	0.734620	-1.932122	49.893086	0.269381	-1505.715568	0.000000
8.301000	15.450458	0.775100	-1.931174	49.962581	0.393988	-1505.677860	
8.302000	15.526566	0.750812	-1.929393	50.031824	0.261593	-1505.640084	
8.303000	15.251732	0.710331	-1.927329	50.100928	0.288851	-1505.602409	
8.304000	15.522337	0.880349	-1.925425	50.170172	0.257699	-1505.564995	
8.305000	15.488512	0.888445	-1.924014	50.239588	0.296639	-1505.527958	
8.306000	15.412404	0.767004	-1.923497	50.308927	0.448504	-1505.491360	
8.307000	15.319384	0.758908	-1.924214	50.377994	0.343367	-1505.455205	
8.308000	15.230591	0.839869	-1.926170	50.446911	0.234335	-1505.419453	
8.309000	15.433545	0.847965	-1.928981	50.515969	0.343367	-1505.384014	
8.310000	15.492740	0.799388	-1.932000	50.585206	0.320003	-1505.348755	
8.311000	15.416632	0.839869	-1.934756	50.654375	0.347261	-1505.313518	
8.312000	15.442002	0.783196	-1.937162	50.723273	0.273275	-1505.278145	
8.313000	15.239048	0.839869	-1.939052	50.792017	0.238229	-1505.242505	
8.314000	15.619586	0.807484	-1.940156	50.860886	0.343367	-1505.206517	
8.315000	15.475827	0.783196	-1.940482	50.929909	0.284957	-1505.170150	
8.316000	15.509653	0.856061	-1.940122	50.998833	0.347261	-1505.133423	
8.317000	15.463143	0.815580	-1.938951	51.067455	0.175926	-1505.096415	
8.318000	15.230591	0.661755	-1.936920	51.135895	0.327791	-1505.059252	
8.319000	15.505425	0.904637	-1.934410	51.204443	0.273275	-1505.022093	
8.320000	15.416632	0.896541	-1.931915	51.273136	0.374518	-1504.985103	
8.321000	15.425089	0.710331	-1.929785	51.341730	0.366730	-1504.948422	
8.322000	15.429317	0.799388	-1.928394	51.410026	0.129198	-1504.912139	
8.323000	15.200994	0.710331	-1.928126	51.478141	0.339473	-1504.876281	
8.324000	15.547707	0.904637	-1.929269	51.546361	0.218760	-1504.840829	
8.325000	15.433545	0.872253	-1.931925	51.614717	0.257699	-1504.805721	
8.326000	15.429317	0.912733	-1.935867	51.682957	0.284957	-1504.770855	
8.327000	15.471599	0.872253	-1.940475	51.750872	0.175926	-1504.736092	
8.328000	15.332068	0.750812	-1.944950	51.818574	0.187608	-1504.701278	
8.329000	15.564620	0.791292	-1.948649	51.886338	0.281063	-1504.666272	
8.330000	15.496968	0.839869	-1.951230	51.954193	0.331685	-1504.630961	
8.331000	15.370122	0.937022	-1.952569	52.021891	0.320003	-1504.595282	
8.332000	15.387035	0.702235	-1.952787	52.089232	0.187608	-1504.559219	
8.333000	15.247504	0.734620	-1.952307	52.156332	0.312215	-1504.522803	
8.334000	15.513881	0.856061	-1.951446	52.223473	0.347261	-1504.486121	
8.335000	15.505425	1.001790	-1.950212	52.290685	0.331685	-1504.449308	
8.336000	15.420861	0.726523	-1.948723	52.357723	0.327791	-1504.412524	
8.337000	15.353209	0.839869	-1.947209	52.424388	0.238229	-1504.375925	
8.338000	15.277101	0.904637	-1.945734	52.490798	0.429034	-1504.339630	
8.339000	15.518109	0.767004	-1.944298	52.557242	0.393988	-1504.303711	
8.340000	15.446230	0.937022	-1.943383	52.623756	0.277169	-1504.268191	
8.341000	15.471599	0.750812	-1.944035	52.690093	0.409564	-1504.233050	
8.342000	15.429317	0.775100	-1.946748	52.756050	0.117516	-1504.198225	
8.343000	15.298242	0.823676	-1.950851	52.821743	0.234335	-1504.163603	
8.344000	15.530794	0.823676	-1.955235	52.887450	0.296639	-1504.129045	
8.345000	15.467371	0.937022	-1.959141	52.953200	0.281063	-1504.094405	
8.346000	15.488512	0.912733	-1.962457	53.018746	0.253805	-1504.059560	
8.347000	15.416632	0.937022	-1.965403	53.083888	0.199290	-1504.024417	
8.348000	15.234819	0.920829	-1.967759	53.148749	0.210972	-1503.988921	
8.349000	15.450458	0.896541	-1.968727	53.213619	0.226548	-1503.953061	
8.350000	15.294014	0.839869	-1.967739	53.278537	0.265487	-1503.916879	
8.351000	15.513881	0.775100	-1.964953	53.343253	0.362836	-1503.880478	
8.352000	15.429317	1.074655	-1.960970	53.407563	0.144774	-1503.844002	
8.353000	15.226363	0.937022	-1.956494	53.471583	0.288851	-1503.807609	
8.354000	15.530794	0.880349	-1.952121	53.535595	0.351155	-1503.771447	
8.355000	15.429317	0.775100	-1.948225	53.599628	0.327791	-1503.735632	
8.356000	15.437773	0.847965	-1.944976	53.663430	0.214866	-1503.700229	
8.357000	15.463143	0.669851	-1.942533	53.726794	0.183714	-1503.665256	
8.358000	15.289786	0.969406	-1.941216	53.789840	0.187608	-1503.630689	
8.359000	15.526566	0.807484	-1.941252	53.852860	0.179820	-1503.596448	
8.360000	15.488512	0.961310	-1.942363	53.915894	0.358942	-1503.562405	
8.361000	15.501196	0.872253	-1.943779	53.978697	0.417352	-1503.528403	
8.362000	15.433545	0.928926	-1.944725	54.041070	0.374518	-1503.494284	
8.363000	15.217907	0.839869	-1.944943	54.103136	0.234335	-1503.459913	
8.364000	15.458914	0.791292	-1.944682	54.165182	0.320003	-1503.425202	
8.365000	15.412404	0.977502	-1.944215	54.227243	0.397882	-1503.390111	
8.366000	15.505425	0.775100	-1.943588	54.289065	0.355048	-1503.354651	
8.367000	15.450458	0.945118	-1.942689	54.350445	0.179820	-1503.318890	
8.368000	15.289786	1.026079	-1.941432	54.411501	0.288851	-1503.282950	
8.369000	15.522337	0.831773	-1.939991	54.472519	0.296639	-1503.246993	
8.370000	15.370122	0.969406	-1.938655	54.533536	0.242123	-1503.211190	
8.371000	15.535022	0.831773	-1.937569	54.594301	0.308321	-1503.175691	
8.372000	15.471599	0.726523	-1.936782	54.654612	0.312215	-1503.140599	
8.373000	15.247504	0.856061	-1.936478	54.714593	0.281063	-1503.105954	
8.374000	15.526566	0.969406	-1.937095	54.774544	0.230441	-1503.071741	
8.375000	15.323612	1.123232	-1.938991	54.834513	0.269381	-1503.037897	
8.376000	15.429317	0.864157	-1.941975	54.894252	0.436822	-1503.004311	
8.377000	15.370122	0.856061	-1.945337	54.953560	0.183714	-1502.970832	
8.378000	15.205222	0.904637	-1.948279	55.012558	0.409564	-1502.937295	
8.379000	15.530794	0.937022	-1.950251	55.071540	0.281063	-1502.903546	
8.380000	15.361666	0.961310	-1.950991	55.130547	0.331685	-1502.869462	
8.381000	15.471599	0.888445	-1.950567	55.189327	0.316109	-1502.834969	
8.382000	15.408176	0.775100	-1.949329	55.247676	0.210972	-1502.800042	
8.383000	15.209450	0.815580	-1.947379	55.305715	0.296639	-1502.764713	
8.384000	15.598445	0.758908	-1.944554	55.363742	0.234335	-1502.729075	
8.385000	15.403948	0.920829	-1.941025	55.421805	0.300533	-1502.693276	
8.386000	15.412404	0.977502	-1.937243	55.479657	0.316109	-1502.657485	
8.387000	15.484284	0.888445	-1.933677	55.537097	0.296639	-1502.621865	
8.388000	15.234819	1.026079	-1.930848	55.594247	0.323897	-1502.586545	
8.389000	15.488512	0.823676	-1.929063	55.651399	0.261593	-1502.551600	
8.390000	15.399719	1.058463	-1.928292	55.708595	0.355048	-1502.517053	
8.391000	15.323612	0.864157	-1.928324	55.765587	0.226548	-1502.482882	
8.392000	15.518109	0.807484	-1.928787	55.822171	0.269381	-1502.449010	
8.393000	15.234819	0.969406	-1.929314	55.878466	0.191502	-1502.415313	
8.394000	15.501196	0.912733	-1.929627	55.934767	0.242123	-1502.381643	
8.395000	15.416632	0.864157	-1.929573	55.991122	0.421246	-1502.347855	
8.396000	15.437773	0.856061	-1.929197	56.047277	0.401776	-1502.313826	
8.397000	15.492740	0.799388	-1.928535	56.103026	0.191502	-1502.279463	
8.398000	15.179853	0.758908	-1.927340	56.158482	0.320003	-1502.244716	
8.399000	15.543479	0.710331	-1.925132	56.213932	0.234335	-1502.209581	
8.400000	15.463143	0.775100	-1.921607	56.269413	0.199290	-1502.174109	0.000000
8.401000	15.475827	0.920829	-1.916985	56.324676	0.378412	-1502.138410	
8.402000	15.454686	0.775100	-1.911928	56.379518	0.246017	-1502.102628	
8.403000	15.179853	0.823676	-1.907202	56.434065	0.253805	-1502.066918	
8.404000	15.454686	0.767004	-1.903390	56.488616	0.257699	-1502.031423	
8.405000	15.429317	0.799388	-1.900918	56.543219	0.440716	-1501.996249	
8.406000	15.425089	1.001790	-1.900088	56.597623	0.382306	-1501.961459	
8.407000	15.412404	0.904637	-1.901000	56.651623	0.378412	-1501.927064	
8.408000	15.200994	0.985598	-1.903561	56.705338	0.191502	-1501.893032	
8.409000	15.513881	0.896541	-1.907425	56.759064	0.234335	-1501.859284	
8.410000	15.496968	0.629370	-1.911949	56.812842	0.195396	-1501.825698	
8.411000	15.450458	0.847965	-1.916450	56.866423	0.339473	-1501.792133	
8.412000	15.484284	0.718427	-1.920418	56.919605	0.218760	-1501.758448	
8.413000	15.196765	0.969406	-1.923491	56.972510	0.292745	-1501.724520	
8.414000	15.505425	0.945118	-1.925459	57.025440	0.261593	-1501.690266	
8.415000	15.535022	0.726523	-1.926422	57.078448	0.331685	-1501.655648	
8.416000	15.446230	0.864157	-1.926663	57.131286	0.425140	-1501.620675	
8.417000	15.484284	0.783196	-1.926212	57.183752	0.222654	-1501.585414	
8.418000	15.116430	0.758908	-1.924993	57.235971	0.308321	-1501.549979	
8.419000	15.442002	0.856061	-1.923337	57.288243	0.432928	-1501.514518	
8.420000	15.484284	0.783196	-1.921817	57.340618	0.429034	-1501.479189	
8.421000	15.433545	0.799388	-1.920840	57.392844	0.405670	-1501.444131	
8.422000	15.471599	0.896541	-1.920639	57.444710	0.218760	-1501.409442	
8.423000	15.230591	0.767004	-1.921517	57.496327	0.148668	-1501.375163	
8.424000	15.458914	0.920829	-1.924211	57.547980	0.207078	-1501.341283	
8.425000	15.518109	0.799388	-1.929541	57.599709	0.218760	-1501.307746	
8.426000	15.437773	0.742716	-1.937267	57.651260	0.366730	-1501.274455	
8.427000	15.530794	0.872253	-1.946034	57.702427	0.078577	-1501.241276	
8.428000	15.239048	0.823676	-1.954502	57.753331	0.195396	-1501.208052	
8.429000	15.391263	0.888445	-1.961957	57.804268	0.366730	-1501.174631	
8.430000	15.387035	0.872253	-1.967907	57.855293	0.374518	-1501.140884	
8.431000	15.391263	0.912733	-1.971694	57.906157	0.401776	-1501.106727	
8.432000	15.403948	0.580794	-1.972680	57.956652	0.323897	-1501.072129	
8.433000	15.272873	0.904637	-1.970505	58.006895	0.273275	-1501.037109	
8.434000	15.408176	0.993694	-1.965385	58.057185	0.320003	-1501.001752	
8.435000	15.399719	0.904637	-1.958272	58.107575	0.320003	-1500.966197	
8.436000	15.463143	0.831773	-1.950369	58.157815	0.261593	-1500.930608	
8.437000	15.505425	0.750812	-1.942524	58.207690	0.082471	-1500.895155	
8.438000	15.344753	0.742716	-1.935184	58.257315	0.226548	-1500.859975	
8.439000	15.467371	0.775100	-1.928704	58.306989	0.234335	-1500.825155	
8.440000	15.420861	0.937022	-1.923505	58.356768	0.327791	-1500.790725	
8.441000	15.480055	0.750812	-1.920016	58.406405	0.382306	-1500.756667	
8.442000	15.437773	0.775100	-1.918505	58.455695	0.261593	-1500.722910	
8.443000	15.264417	0.847965	-1.918877	58.504752	0.238229	-1500.689332	
8.444000	15.365894	0.888445	-1.920634	58.553881	0.273275	-1500.655780	
8.445000	15.365894	0.807484	-1.923139	58.603139	0.320003	-1500.622094	
8.446000	15.412404	0.742716	-1.925947	58.652279	0.355048	-1500.588134	
8.447000	15.454686	0.888445	-1.928901	58.701088	0.238229	-1500.553795	
8.448000	15.226363	0.896541	-1.931799	58.749681	0.284957	-1500.519014	
8.449000	15.433545	0.945118	-1.934189	58.798358	0.261593	-1500.483783	
8.450000	15.442002	0.969406	-1.935754	58.847173	0.284957	-1500.448154	
8.451000	15.467371	0.783196	-1.936568	58.895874	0.343367	-1500.412236	
8.452000	15.463143	0.815580	-1.937004	58.944245	0.284957	-1500.376182	
8.453000	15.315155	0.588890	-1.937518	58.992400	0.300533	-1500.340154	
8.454000	15.425089	0.831773	-1.938400	59.040642	0.246017	-1500.304310	
8.455000	15.475827	0.977502	-1.939867	59.089029	0.257699	-1500.268769	
8.456000	15.437773	0.839869	-1.942073	59.137317	0.277169	-1500.233600	
8.457000	15.442002	1.066559	-1.945075	59.185292	0.358942	-1500.198810	
8.458000	15.302471	0.823676	-1.949009	59.233066	0.304427	-1500.164363	
8.459000	15.387035	0.799388	-1.953864	59.280937	0.273275	-1500.130172	
8.460000	15.475827	0.896541	-1.959265	59.328962	0.347261	-1500.096110	
8.461000	15.475827	0.742716	-1.964581	59.376891	0.296639	-1500.062030	
8.462000	15.395491	0.912733	-1.969182	59.424506	0.207078	-1500.027782	
8.463000	15.285558	0.872253	-1.972785	59.471913	0.397882	-1499.993240	
8.464000	15.454686	0.775100	-1.975476	59.519406	0.355048	-1499.958319	
8.465000	15.442002	0.694139	-1.977230	59.567034	0.425140	-1499.922986	
8.466000	15.547707	0.750812	-1.977683	59.614546	0.405670	-1499.887263	
8.467000	15.408176	0.799388	-1.976414	59.661731	0.253805	-1499.851227	
8.468000	15.268645	0.791292	-1.973376	59.708698	0.296639	-1499.814997	
8.469000	15.446230	0.864157	-1.969151	59.755752	0.312215	-1499.778725	
8.470000	15.412404	0.977502	-1.964652	59.802953	0.246017	-1499.742571	
8.471000	15.471599	0.839869	-1.960624	59.850059	0.362836	-1499.706677	
8.472000	15.378578	0.839869	-1.957453	59.896859	0.296639	-1499.671134	
8.473000	15.192537	0.872253	-1.955334	59.943464	0.230441	-1499.635974	
8.474000	15.454686	0.758908	-1.954447	59.990173	0.226548	-1499.601182	
8.475000	15.475827	0.864157	-1.954636	60.037044	0.327791	-1499.566701	
8.476000	15.488512	0.783196	-1.955367	60.083828	0.362836	-1499.532438	
8.477000	15.433545	0.945118	-1.956113	60.130310	0.355048	-1499.498263	
8.478000	15.281330	0.880349	-1.956461	60.176592	0.257699	-1499.464030	
8.479000	15.480055	0.718427	-1.956076	60.222968	0.242123	-1499.429594	
8.480000	15.488512	0.767004	-1.954627	60.269495	0.269381	-1499.394838	
8.481000	15.416632	0.758908	-1.951917	60.315926	0.366730	-1499.359693	
8.482000	15.420861	0.888445	-1.947791	60.362049	0.148668	-1499.324137	
8.483000	15.310927	1.034175	-1.941755	60.407972	0.432928	-1499.288198	
8.484000	15.378578	0.807484	-1.933706	60.453993	0.292745	-1499.251960	
8.485000	15.332068	1.050367	-1.924609	60.500168	0.269381	-1499.215557	
8.486000	15.437773	0.775100	-1.915768	60.546253	0.269381	-1499.179153	
8.487000	15.454686	0.734620	-1.908121	60.592029	0.222654	-1499.142909	
8.488000	15.268645	0.888445	-1.902258	60.637600	0.358942	-1499.106957	
8.489000	15.374350	0.872253	-1.898551	60.683260	0.296639	-1499.071377	
8.490000	15.433545	0.880349	-1.897166	60.729064	0.273275	-1499.036196	
8.491000	15.484284	0.831773	-1.898249	60.774760	0.351155	-1499.001401	
8.492000	15.526566	0.742716	-1.901853	60.820125	0.257699	-1498.966929	
8.493000	15.319384	0.920829	-1.907417	60.865263	0.168138	-1498.932673	
8.494000	15.429317	0.831773	-1.913827	60.910472	0.183714	-1498.898493	
8.495000	15.442002	0.815580	-1.919929	60.955813	0.230441	-1498.864246	
8.496000	15.501196	0.872253	-1.924702	61.001039	0.164244	-1498.829797	
8.497000	15.505425	0.815580	-1.927456	61.045938	0.277169	-1498.795043	
8.498000	15.192537	1.058463	-1.927956	61.090618	0.269381	-1498.759921	
8.499000	15.340525	0.750812	-1.926138	61.135390	0.339473	-1498.724415	
8.500000	15.336296	0.847965	-1.922105	61.180324	0.265487	-1498.688571	0.000000
8.501000	15.463143	0.856061	-1.916444	61.225177	0.390094	-1498.652494	
8.502000	15.471599	0.775100	-1.910154	61.269730	0.265487	-1498.616331	
8.503000	15.268645	0.945118	-1.904286	61.314081	0.343367	-1498.580247	
8.504000	15.403948	0.807484	-1.899694	61.358524	0.214866	-1498.544401	
8.505000	15.425089	0.888445	-1.896985	61.403115	0.226548	-1498.508916	
8.506000	15.488512	0.823676	-1.896524	61.447604	0.277169	-1498.473863	
8.507000	15.513881	0.507929	-1.898384	61.491765	0.156456	-1498.439260	
8.508000	15.268645	0.864157	-1.902287	61.535696	0.362836	-1498.405079	
8.509000	15.425089	0.831773	-1.907695	61.579695	0.277169	-1498.371243	
8.510000	15.492740	0.872253	-1.913823	61.623831	0.393988	-1498.337628	
8.511000	15.408176	0.872253	-1.919647	61.667864	0.366730	-1498.304085	
8.512000	15.463143	0.791292	-1.924410	61.711578	0.168138	-1498.270457	
8.513000	15.192537	0.912733	-1.927889	61.755072	0.316109	-1498.236606	
8.514000	15.361666	0.872253	-1.929950	61.798647	0.300533	-1498.202441	
8.515000	15.403948	0.588890	-1.930499	61.842368	0.288851	-1498.167917	
8.516000	15.336296	0.937022	-1.929934	61.885985	0.436822	-1498.133045	
8.517000	15.496968	0.839869	-1.929106	61.929269	0.246017	-1498.097884	
8.518000	15.319384	0.856061	-1.928651	61.972295	0.296639	-1498.062552	
8.519000	15.442002	0.864157	-1.928691	62.015333	0.281063	-1498.027199	
8.520000	15.492740	0.823676	-1.929133	62.058439	0.284957	-1497.991991	
8.521000	15.403948	0.815580	-1.929860	62.101368	0.366730	-1497.957077	
8.522000	15.484284	0.758908	-1.930821	62.143903	0.175926	-1497.922553	
8.523000	15.272873	0.945118	-1.932135	62.186141	0.288851	-1497.888459	
8.524000	15.361666	1.066559	-1.934087	62.228380	0.195396	-1497.854779	
8.525000	15.454686	0.912733	-1.936924	62.270689	0.300533	-1497.821459	
8.526000	15.336296	0.864157	-1.940499	62.312830	0.370624	-1497.788398	
8.527000	15.492740	0.993694	-1.944161	62.354586	0.312215	-1497.755455	
8.528000	15.319384	0.839869	-1.947128	62.396052	0.273275	-1497.722467	
8.529000	15.391263	0.928926	-1.948918	62.437520	0.300533	-1497.689279	
8.530000	15.442002	0.969406	-1.949454	62.479057	0.347261	-1497.655764	
8.531000	15.420861	0.945118	-1.948934	62.520422	0.292745	-1497.621851	
8.532000	15.395491	0.872253	-1.947558	62.561392	0.218760	-1497.587516	
8.533000	15.327840	0.856061	-1.945290	62.602052	0.261593	-1497.552784	
8.534000	15.365894	0.864157	-1.941979	62.642685	0.257699	-1497.517739	
8.535000	15.475827	0.767004	-1.937774	62.683355	0.183714	-1497.482514	
8.536000	15.463143	0.888445	-1.933226	62.723824	0.347261	-1497.447275	
8.537000	15.446230	1.026079	-1.928854	62.763875	0.210972	-1497.412186	
8.538000	15.323612	0.928926	-1.924879	62.803600	0.253805	-1497.377375	
8.539000	15.247504	1.050367	-1.921574	62.843297	0.316109	-1497.342915	
8.540000	15.471599	0.937022	-1.919478	62.883040	0.374518	-1497.308830	
8.541000	15.484284	0.969406	-1.919171	62.922590	0.390094	-1497.275102	
8.542000	15.458914	0.969406	-1.921025	62.961727	0.288851	-1497.241663	
8.543000	15.323612	1.034175	-1.924793	63.000543	0.460186	-1497.208399	
8.544000	15.323612	0.904637	-1.929450	63.039335	0.316109	-1497.175167	
8.545000	15.509653	0.847965	-1.933936	63.078175	0.292745	-1497.141819	
8.546000	15.484284	0.839869	-1.937952	63.116825	0.452398	-1497.108226	
8.547000	15.458914	0.896541	-1.941796	63.155057	0.320003	-1497.074291	
8.548000	15.416632	0.985598	-1.945638	63.192952	0.199290	-1497.039961	
8.549000	15.374350	0.750812	-1.949222	63.230796	0.292745	-1497.005230	
8.550000	15.433545	0.912733	-1.952156	63.268658	0.191502	-1496.970149	
8.551000	15.505425	0.872253	-1.954170	63.306305	0.230441	-1496.934825	
8.552000	15.387035	1.001790	-1.955245	63.343515	0.082471	-1496.899409	
8.553000	15.306699	0.985598	-1.955624	63.380373	0.327791	-1496.864059	
8.554000	15.264417	0.880349	-1.955553	63.417163	0.261593	-1496.828927	
8.555000	15.450458	0.839869	-1.955166	63.453956	0.187608	-1496.794128	
8.556000	15.547707	0.864157	-1.954693	63.490515	0.440716	-1496.759731	
8.557000	15.403948	1.042271	-1.954569	63.526616	0.304427	-1496.725749	
8.558000	15.319384	0.904637	-1.955244	63.562333	0.249911	-1496.692152	
8.559000	15.310927	0.839869	-1.956835	63.597950	0.362836	-1496.658860	
8.560000	15.458914	0.920829	-1.958951	63.633534	0.362836	-1496.625754	
8.561000	15.535022	0.750812	-1.960998	63.668854	0.390094	-1496.592688	
8.562000	15.471599	0.758908	-1.962615	63.703685	0.218760	-1496.559515	
8.563000	15.344753	1.001790	-1.963854	63.738107	0.172032	-1496.526106	
8.564000	15.277101	1.042271	-1.965014	63.772409	0.316109	-1496.492377	
8.565000	15.492740	0.920829	-1.966142	63.806673	0.156456	-1496.458289	
8.566000	15.467371	0.815580	-1.966664	63.840674	0.312215	-1496.423854	
8.567000	15.408176	0.888445	-1.965782	63.874194	0.199290	-1496.389136	
8.568000	15.294014	0.839869	-1.963239	63.907310	0.284957	-1496.354250	
8.569000	15.336296	0.856061	-1.959491	63.940306	0.378412	-1496.319346	
8.570000	15.416632	0.888445	-1.955309	63.973257	0.253805	-1496.284586	
8.571000	15.471599	0.758908	-1.951395	64.005928	0.343367	-1496.250119	
8.572000	15.471599	0.969406	-1.948082	64.038095	0.300533	-1496.216047	
8.573000	15.327840	1.009886	-1.945431	64.069833	0.210972	-1496.182417	
8.574000	15.395491	0.799388	-1.943623	64.101426	0.296639	-1496.149228	
8.575000	15.420861	0.815580	-1.942903	64.132956	0.179820	-1496.116441	
8.576000	15.471599	0.686043	-1.943240	64.164194	0.277169	-1496.083968	
8.577000	15.471599	0.524121	-1.944269	64.194916	0.191502	-1496.051676	
8.578000	15.357437	1.026079	-1.945493	64.225188	0.249911	-1496.019411	
8.579000	15.327840	0.823676	-1.946437	64.255290	0.230441	-1495.987021	
8.580000	15.353209	1.074655	-1.946783	64.285304	0.304427	-1495.954386	
8.581000	15.408176	0.750812	-1.946471	64.315008	0.471868	-1495.921429	
8.582000	15.471599	0.702235	-1.945566	64.344179	0.343367	-1495.888115	
8.583000	15.365894	0.896541	-1.943988	64.372889	0.370624	-1495.854457	
8.584000	15.348981	0.742716	-1.941545	64.401421	0.269381	-1495.820531	
8.585000	15.395491	1.131328	-1.938250	64.429858	0.292745	-1495.786474	
8.586000	15.501196	0.856061	-1.934451	64.457973	0.308321	-1495.752454	
8.587000	15.471599	0.686043	-1.930673	64.485542	0.234335	-1495.718637	
8.588000	15.403948	0.823676	-1.927255	64.512625	0.292745	-1495.685159	
8.589000	15.277101	0.686043	-1.924096	64.539503	0.230441	-1495.652107	
8.590000	15.408176	0.435065	-1.921042	64.566257	0.288851	-1495.619517	
8.591000	15.501196	0.596986	-1.918355	64.592670	0.234335	-1495.587383	
8.592000	15.442002	0.920829	-1.916601	64.618523	0.292745	-1495.555645	
8.593000	15.285558	0.953214	-1.916100	64.643884	0.281063	-1495.524189	
8.594000	15.336296	0.775100	-1.916605	64.669029	0.316109	-1495.492862	
8.595000	15.336296	0.880349	-1.917698	64.694039	0.327791	-1495.461510	
8.596000	15.480055	0.856061	-1.919157	64.718688	0.382306	-1495.429996	
8.597000	15.484284	0.726523	-1.920803	64.742755	0.281063	-1495.398211	
8.598000	15.255960	1.017982	-1.922264	64.766298	0.210972	-1495.366088	
8.599000	15.327840	0.734620	-1.922855	64.789599	0.277169	-1495.333611	
8.600000	15.467371	0.750812	-1.921826	64.812748	0.210972	-1495.300823	0.000000
8.601000	15.535022	0.888445	-1.918998	64.835526	0.300533	-1495.267828	
8.602000	15.492740	0.767004	-1.914999	64.857707	0.234335	-1495.234772	
8.603000	15.289786	0.831773	-1.910732	64.879348	0.183714	-1495.201814	
8.604000	15.327840	0.694139	-1.906817	64.900721	0.382306	-1495.169107	
8.605000	15.458914	0.677947	-1.903519	64.921913	0.249911	-1495.136769	
8.606000	15.458914	1.017982	-1.901052	64.942712	0.393988	-1495.104869	
8.607000	15.420861	0.872253	-1.899888	64.962904	0.246017	-1495.073422	
8.608000	15.277101	0.904637	-1.900605	64.982559	0.288851	-1495.042391	
8.609000	15.226363	0.807484	-1.903306	65.001959	0.304427	-1495.011691	
8.610000	15.547707	0.734620	-1.907426	65.021194	0.242123	-1494.981196	
8.611000	15.480055	0.864157	-1.912124	65.040052	0.409564	-1494.950755	
8.612000	15.475827	0.831773	-1.916806	65.058314	0.323897	-1494.920219	
8.613000	15.319384	0.969406	-1.921288	65.076043	0.308321	-1494.889460	
8.614000	15.310927	0.864157	-1.925484	65.093517	0.320003	-1494.858390	
8.615000	15.446230	0.629370	-1.929404	65.110821	0.179820	-1494.826972	
8.616000	15.522337	0.856061	-1.933154	65.127739	0.323897	-1494.795224	
8.617000	15.501196	0.677947	-1.936347	65.144051	0.199290	-1494.763212	
8.618000	15.315155	0.807484	-1.938356	65.159816	0.265487	-1494.731052	
8.619000	15.243276	0.872253	-1.939143	65.175315	0.226548	-1494.698896	
8.620000	15.412404	0.831773	-1.939124	65.190645	0.323897	-1494.666903	
8.621000	15.399719	0.977502	-1.938720	65.205599	0.195396	-1494.635215	
8.622000	15.433545	0.742716	-1.938321	65.219958	0.222654	-1494.603926	
8.623000	15.353209	0.847965	-1.938079	65.233782	0.432928	-1494.573070	
8.624000	15.162940	0.904637	-1.937712	65.247349	0.261593	-1494.542635	
8.625000	15.403948	0.807484	-1.937083	65.260755	0.136986	-1494.512565	
8.626000	15.425089	0.945118	-1.936473	65.273789	0.323897	-1494.482761	
8.627000	15.501196	0.710331	-1.935968	65.286227	0.249911	-1494.453082	
8.628000	15.374350	0.880349	-1.935345	65.298112	0.308321	-1494.423370	
8.629000	15.298242	0.839869	-1.934466	65.309708	0.284957	-1494.393477	
8.630000	15.454686	0.767004	-1.933356	65.321109	0.230441	-1494.363283	
8.631000	15.450458	0.912733	-1.932104	65.332109	0.242123	-1494.332711	
8.632000	15.488512	0.847965	-1.931072	65.342486	0.117516	-1494.301730	
8.633000	15.420861	0.993694	-1.930893	65.352286	0.312215	-1494.270361	
8.634000	15.222135	1.009886	-1.931674	65.361773	0.277169	-1494.238681	
8.635000	15.420861	0.977502	-1.932910	65.371042	0.351155	-1494.206825	
8.636000	15.357437	0.823676	-1.934285	65.379888	0.417352	-1494.174953	
8.637000	15.467371	0.920829	-1.935730	65.388090	0.261593	-1494.143225	
8.638000	15.382807	0.718427	-1.937151	65.395693	0.401776	-1494.111768	
8.639000	15.129114	0.937022	-1.938506	65.402956	0.339473	-1494.080664	
8.640000	15.446230	0.993694	-1.939939	65.409968	0.199290	-1494.049947	
8.641000	15.429317	0.767004	-1.941686	65.416521	0.249911	-1494.019605	
8.642000	15.484284	0.856061	-1.943679	65.422392	0.230441	-1493.989575	
8.643000	15.492740	0.880349	-1.945573	65.427621	0.320003	-1493.959746	
8.644000	15.234819	0.856061	-1.947034	65.432472	0.214866	-1493.929978	
8.645000	15.471599	0.807484	-1.947716	65.437040	0.187608	-1493.900127	
8.646000	15.450458	0.880349	-1.947242	65.441129	0.331685	-1493.870060	
8.647000	15.442002	1.001790	-1.945375	65.444526	0.257699	-1493.839672	
8.648000	15.429317	0.694139	-1.941813	65.447290	0.175926	-1493.808892	
8.649000	15.234819	0.961310	-1.935987	65.449705	0.312215	-1493.777701	
8.650000	15.412404	0.985598	-1.927939	65.451882	0.374518	-1493.746137	
8.651000	15.437773	0.880349	-1.918723	65.453623	0.273275	-1493.714298	
8.652000	15.433545	0.945118	-1.909588	65.454714	0.335579	-1493.682320	
8.653000	15.412404	0.815580	-1.901574	65.455202	0.460186	-1493.650356	
8.654000	15.243276	1.017982	-1.895481	65.455352	0.179820	-1493.618557	
8.655000	15.488512	0.920829	-1.891817	65.455258	0.284957	-1493.587050	
8.656000	15.501196	0.904637	-1.890898	65.454723	0.265487	-1493.555915	
8.657000	15.471599	0.629370	-1.892808	65.453535	0.179820	-1493.525176	
8.658000	15.412404	0.823676	-1.897307	65.451748	0.191502	-1493.494803	
8.659000	15.260189	0.823676	-1.903867	65.449630	0.304427	-1493.464716	
8.660000	15.509653	0.953214	-1.911675	65.447284	0.331685	-1493.434796	
8.661000	15.484284	0.864157	-1.919780	65.444515	0.358942	-1493.404902	
8.662000	15.399719	1.050367	-1.927393	65.441109	0.351155	-1493.374886	
8.663000	15.315155	1.082751	-1.934070	65.437100	0.273275	-1493.344619	
8.664000	15.184081	0.823676	-1.939557	65.432743	0.386200	-1493.314010	
8.665000	15.475827	0.823676	-1.943596	65.428133	0.246017	-1493.283018	
8.666000	15.403948	0.783196	-1.946353	65.423079	0.452398	-1493.251656	
8.667000	15.446230	1.050367	-1.948364	65.417369	0.238229	-1493.219988	
8.668000	15.348981	0.880349	-1.949794	65.411043	0.300533	-1493.188129	
8.669000	15.234819	0.937022	-1.950586	65.404355	0.218760	-1493.156232	
8.670000	15.480055	0.880349	-1.950851	65.397399	0.183714	-1493.124461	
8.671000	15.526566	0.767004	-1.950687	65.389981	0.374518	-1493.092967	
8.672000	15.454686	0.831773	-1.950286	65.381892	0.160350	-1493.061857	
8.673000	15.463143	0.961310	-1.950066	65.373175	0.273275	-1493.031178	
8.674000	15.154483	0.945118	-1.950481	65.364095	0.409564	-1493.000923	
8.675000	15.442002	0.839869	-1.951919	65.354756	0.144774	-1492.971048	
8.676000	15.475827	0.831773	-1.954352	65.344971	0.366730	-1492.941461	
8.677000	15.357437	0.937022	-1.957100	65.334526	0.393988	-1492.912025	
8.678000	15.395491	0.985598	-1.959231	65.323458	0.331685	-1492.882576	
8.679000	15.188309	0.831773	-1.959976	65.312022	0.308321	-1492.852959	
8.680000	15.378578	0.945118	-1.958962	65.300324	0.238229	-1492.823048	
8.681000	15.615358	0.888445	-1.956265	65.288172	0.316109	-1492.792766	
8.682000	15.535022	0.702235	-1.952000	65.275355	0.253805	-1492.762087	
8.683000	15.437773	0.880349	-1.946004	65.261905	0.207078	-1492.731040	
8.684000	15.247504	0.775100	-1.938319	65.248077	0.218760	-1492.699715	
8.685000	15.361666	0.677947	-1.929712	65.233974	0.246017	-1492.668254	
8.686000	15.539250	0.742716	-1.921369	65.219415	0.277169	-1492.636828	
8.687000	15.492740	0.815580	-1.914136	65.204189	0.273275	-1492.605601	
8.688000	15.420861	1.001790	-1.908183	65.188326	0.304427	-1492.574705	
8.689000	15.226363	0.920829	-1.903605	65.172081	0.362836	-1492.544219	
8.690000	15.344753	0.937022	-1.900779	65.155560	0.179820	-1492.514173	
8.691000	15.450458	0.710331	-1.899895	65.138580	0.464080	-1492.484550	
8.692000	15.442002	0.839869	-1.900781	65.120928	0.316109	-1492.455283	
8.693000	15.348981	0.961310	-1.903048	65.102629	0.230441	-1492.426261	
8.694000	15.277101	0.864157	-1.906110	65.083933	0.273275	-1492.397340	
8.695000	15.408176	0.969406	-1.909285	65.064947	0.253805	-1492.368372	
8.696000	15.522337	0.864157	-1.912063	65.045490	0.261593	-1492.339221	
8.697000	15.501196	0.807484	-1.914228	65.025349	0.316109	-1492.309784	
8.698000	15.446230	0.767004	-1.915682	65.004549	0.323897	-1492.279998	
8.699000	15.251732	0.596986	-1.916251	64.983339	0.210972	-1492.249852	
8.700000	15.370122	0.847965	-1.915660	64.961833	0.164244	-1492.219394	0.000000
8.701000	15.480055	0.831773	-1.913817	64.939856	0.269381	-1492.188728	
8.702000	15.395491	0.856061	-1.911225	64.917207	0.234335	-1492.157992	
8.703000	15.382807	0.945118	-1.908811	64.893918	0.300533	-1492.127342	
8.704000	15.209450	0.880349	-1.907380	64.870244	0.320003	-1492.096927	
8.705000	15.433545	0.872253	-1.907260	64.846298	0.327791	-1492.066868	
8.706000	15.450458	0.912733	-1.908310	64.821900	0.386200	-1492.037237	
8.707000	15.387035	0.750812	-1.910116	64.796839	0.448504	-1492.008049	
8.708000	15.348981	0.945118	-1.912192	64.771141	0.300533	-1491.979271	
8.709000	15.289786	0.815580	-1.914303	64.745049	0.183714	-1491.950825	
8.710000	15.501196	0.742716	-1.916497	64.718671	0.273275	-1491.922598	
8.711000	15.535022	0.807484	-1.918780	64.691833	0.265487	-1491.894451	
8.712000	15.437773	0.767004	-1.921001	64.664333	0.269381	-1491.866242	
8.713000	15.391263	0.799388	-1.922970	64.636193	0.246017	-1491.837841	
8.714000	15.230591	0.605082	-1.924567	64.607659	0.203184	-1491.809156	
8.715000	15.484284	0.904637	-1.925688	64.578844	0.253805	-1491.780143	
8.716000	15.484284	0.694139	-1.926333	64.549581	0.316109	-1491.750807	
8.717000	15.518109	0.920829	-1.926688	64.519668	0.390094	-1491.721201	
8.718000	15.323612	0.880349	-1.926835	64.489117	0.440716	-1491.691429	
8.719000	15.247504	0.783196	-1.926800	64.458161	0.335579	-1491.661624	
8.720000	15.450458	0.775100	-1.926868	64.426907	0.207078	-1491.631940	
8.721000	15.475827	0.847965	-1.927464	64.395186	0.238229	-1491.602522	
8.722000	15.513881	0.758908	-1.928897	64.362796	0.284957	-1491.573473	
8.723000	15.370122	1.090847	-1.931279	64.329757	0.316109	-1491.544840	
8.724000	15.277101	1.001790	-1.934280	64.296312	0.292745	-1491.516619	
8.725000	15.454686	0.710331	-1.936897	64.262575	0.027955	-1491.488767	
8.726000	15.475827	0.686043	-1.938335	64.228389	0.226548	-1491.461200	
8.727000	15.492740	0.645563	-1.938638	64.193558	0.214866	-1491.433790	
8.728000	15.357437	1.009886	-1.938132	64.158108	0.366730	-1491.406382	
8.729000	15.175624	0.977502	-1.937208	64.122284	0.288851	-1491.378822	
8.730000	15.433545	0.815580	-1.936371	64.086203	0.168138	-1491.350983	
8.731000	15.323612	0.961310	-1.935876	64.049708	0.413458	-1491.322782	
8.732000	15.463143	0.872253	-1.935777	64.012597	0.390094	-1491.294181	
8.733000	15.365894	0.961310	-1.936254	63.974881	0.390094	-1491.265190	
8.734000	15.200994	0.815580	-1.937307	63.936791	0.246017	-1491.235876	
8.735000	15.437773	0.872253	-1.938624	63.898438	0.218760	-1491.206362	
8.736000	15.458914	0.783196	-1.940030	63.859660	0.292745	-1491.176809	
8.737000	15.518109	0.742716	-1.941524	63.820253	0.304427	-1491.147379	
8.738000	15.429317	0.937022	-1.943096	63.780231	0.292745	-1491.118208	
8.739000	15.234819	1.034175	-1.944744	63.739826	0.257699	-1491.089383	
8.740000	15.433545	0.767004	-1.946507	63.699155	0.027955	-1491.060938	
8.741000	15.513881	0.888445	-1.948472	63.658062	0.347261	-1491.032858	
8.742000	15.560391	0.742716	-1.950795	63.616353	0.300533	-1491.005077	
8.743000	15.403948	1.009886	-1.953465	63.574048	0.238229	-1490.977478	
8.744000	15.158712	1.074655	-1.956113	63.531387	0.308321	-1490.949913	
8.745000	15.361666	0.750812	-1.958368	63.488492	0.160350	-1490.922227	
8.746000	15.458914	0.791292	-1.960148	63.445208	0.460186	-1490.894273	
8.747000	15.573076	0.815580	-1.961511	63.401339	0.136986	-1490.865934	
8.748000	15.450458	0.758908	-1.962136	63.356900	0.331685	-1490.837138	
8.749000	15.133342	1.066559	-1.961162	63.312124	0.261593	-1490.807870	
8.750000	15.475827	0.856061	-1.958304	63.267123	0.109728	-1490.778173	
8.751000	15.471599	0.945118	-1.954187	63.221740	0.413458	-1490.748153	
8.752000	15.539250	0.653659	-1.949367	63.175773	0.199290	-1490.717956	
8.753000	15.425089	0.799388	-1.944151	63.129226	0.273275	-1490.687745	
8.754000	15.175624	0.920829	-1.938905	63.082324	0.304427	-1490.657680	
8.755000	15.437773	0.880349	-1.934207	63.035187	0.164244	-1490.627892	
8.756000	15.429317	0.920829	-1.930712	62.987665	0.429034	-1490.598458	
8.757000	15.437773	0.904637	-1.928980	62.939567	0.269381	-1490.569395	
8.758000	15.416632	0.839869	-1.929647	62.890903	0.261593	-1490.540665	
8.759000	15.175624	0.864157	-1.932925	62.841901	0.370624	-1490.512186	
8.760000	15.556163	0.912733	-1.938023	62.792678	0.316109	-1490.483832	
8.761000	15.442002	0.847965	-1.943688	62.743087	0.355048	-1490.455460	
8.762000	15.429317	0.864157	-1.948976	62.692934	0.195396	-1490.426919	
8.763000	15.454686	0.872253	-1.953555	62.642220	0.320003	-1490.398078	
8.764000	15.179853	0.945118	-1.957458	62.591161	0.308321	-1490.368851	
8.765000	15.530794	0.888445	-1.960912	62.539874	0.246017	-1490.339204	
8.766000	15.539250	0.904637	-1.964332	62.488211	0.226548	-1490.309153	
8.767000	15.429317	0.880349	-1.967552	62.435986	0.246017	-1490.278764	
8.768000	15.458914	0.815580	-1.969744	62.383209	0.191502	-1490.248148	
8.769000	15.192537	0.864157	-1.970474	62.330105	0.331685	-1490.217455	
8.770000	15.446230	0.945118	-1.969861	62.276795	0.191502	-1490.186847	
8.771000	15.442002	0.815580	-1.968165	62.223138	0.355048	-1490.156477	
8.772000	15.348981	0.904637	-1.965744	62.168948	0.214866	-1490.126447	
8.773000	15.442002	0.831773	-1.962914	62.114227	0.316109	-1490.096800	
8.774000	15.196765	0.702235	-1.959663	62.059194	0.210972	-1490.067530	
8.775000	15.429317	0.888445	-1.955834	62.003961	0.160350	-1490.038596	
8.776000	15.475827	0.880349	-1.951530	61.948383	0.238229	-1490.009913	
8.777000	15.471599	0.961310	-1.946980	61.892268	0.105834	-1489.981353	
8.778000	15.450458	0.888445	-1.942189	61.835608	0.273275	-1489.952761	
8.779000	15.234819	0.969406	-1.937109	61.778613	0.246017	-1489.923989	
8.780000	15.480055	0.823676	-1.931961	61.721399	0.191502	-1489.894920	
8.781000	15.551935	0.653659	-1.927172	61.663829	0.242123	-1489.865482	
8.782000	15.370122	0.937022	-1.922948	61.605721	0.288851	-1489.835646	
8.783000	15.458914	1.009886	-1.919039	61.547078	0.261593	-1489.805423	
8.784000	15.205222	0.896541	-1.915093	61.488121	0.390094	-1489.774882	
8.785000	15.458914	0.961310	-1.911094	61.428968	0.226548	-1489.744147	
8.786000	15.454686	0.864157	-1.907429	61.369482	0.374518	-1489.713374	
8.787000	15.429317	0.783196	-1.904600	61.309480	0.312215	-1489.682725	
8.788000	15.412404	0.920829	-1.902837	61.248967	0.277169	-1489.652328	
8.789000	15.162940	0.928926	-1.902082	61.188163	0.281063	-1489.622266	
8.790000	15.454686	0.775100	-1.902390	61.127184	0.234335	-1489.592573	
8.791000	15.539250	1.026079	-1.904011	61.065889	0.300533	-1489.563238	
8.792000	15.543479	0.880349	-1.906877	61.004093	0.113622	-1489.534206	
8.793000	15.488512	0.928926	-1.910417	60.941791	0.292745	-1489.505373	
8.794000	15.213678	0.807484	-1.913899	60.879190	0.210972	-1489.476599	
8.795000	15.420861	0.847965	-1.916660	60.816407	0.140880	-1489.447732	
8.796000	15.539250	0.694139	-1.918105	60.753310	0.222654	-1489.418633	
8.797000	15.437773	0.823676	-1.917678	60.689720	0.168138	-1489.389187	
8.798000	15.467371	1.050367	-1.914885	60.625633	0.277169	-1489.359325	
8.799000	15.171396	1.066559	-1.909392	60.561252	0.343367	-1489.329026	
8.800000	15.395491	0.864157	-1.901508	60.496695	0.187608	-1489.298325	0.000000
8.801000	15.530794	0.823676	-1.892355	60.431827	0.284957	-1489.267315	
8.802000	15.446230	0.742716	-1.883357	60.366466	0.355048	-1489.236134	
8.803000	15.458914	0.920829	-1.875705	60.300607	0.284957	-1489.204942	
8.804000	15.217907	0.864157	-1.870196	60.234457	0.207078	-1489.173902	
8.805000	15.387035	0.928926	-1.867339	60.168131	0.203184	-1489.143145	
8.806000	15.501196	0.775100	-1.867259	60.101498	0.257699	-1489.112752	
8.807000	15.446230	0.556506	-1.869865	60.034380	0.347261	-1489.082745	
8.808000	15.442002	0.953214	-1.875324	59.966776	0.277169	-1489.053099	
8.809000	15.294014	0.686043	-1.883590	59.898895	0.351155	-1489.023741	
8.810000	15.395491	0.896541	-1.893751	59.830856	0.238229	-1488.994555	
8.811000	15.467371	0.969406	-1.904413	59.762534	0.471868	-1488.965397	
8.812000	15.420861	0.799388	-1.914367	59.693755	0.288851	-1488.936109	
8.813000	15.361666	1.107039	-1.922933	59.624508	0.246017	-1488.906551	
8.814000	15.289786	0.758908	-1.930039	59.554988	0.335579	-1488.876624	
8.815000	15.454686	0.815580	-1.936027	59.485304	0.214866	-1488.846283	
8.816000	15.454686	0.750812	-1.941371	59.415327	0.210972	-1488.815537	
8.817000	15.458914	0.799388	-1.946436	59.344879	0.183714	-1488.784444	
8.818000	15.526566	0.945118	-1.951168	59.273941	0.308321	-1488.753112	
8.819000	15.319384	0.767004	-1.955267	59.202697	0.351155	-1488.721691	
8.820000	15.454686	0.961310	-1.958554	59.131256	0.234335	-1488.690352	
8.821000	15.442002	0.823676	-1.960813	59.059496	0.218760	-1488.659253	
8.822000	15.458914	0.726523	-1.961758	58.987247	0.191502	-1488.628508	
8.823000	15.403948	0.896541	-1.961326	58.914500	0.335579	-1488.598162	
8.824000	15.277101	0.742716	-1.959424	58.841452	0.292745	-1488.568211	
8.825000	15.442002	1.001790	-1.955610	58.768222	0.207078	-1488.538611	
8.826000	15.488512	0.880349	-1.949893	58.694695	0.269381	-1488.509272	
8.827000	15.412404	0.888445	-1.943186	58.620701	0.273275	-1488.480054	
8.828000	15.382807	1.026079	-1.936529	58.546234	0.355048	-1488.450792	
8.829000	15.285558	0.750812	-1.930662	58.471485	0.238229	-1488.421325	
8.830000	15.395491	0.807484	-1.926092	58.396570	0.148668	-1488.391529	
8.831000	15.535022	0.815580	-1.922923	58.321371	0.113622	-1488.361329	
8.832000	15.501196	0.726523	-1.920806	58.245719	0.226548	-1488.330697	
8.833000	15.387035	1.107039	-1.919327	58.169606	0.292745	-1488.299651	
8.834000	15.323612	0.896541	-1.918330	58.093220	0.253805	-1488.268266	
8.835000	15.475827	0.799388	-1.917907	58.016677	0.234335	-1488.236677	
8.836000	15.501196	0.815580	-1.918272	57.939865	0.246017	-1488.205048	
8.837000	15.484284	0.758908	-1.919561	57.862624	0.308321	-1488.173544	
8.838000	15.357437	1.090847	-1.921746	57.784946	0.370624	-1488.142290	
8.839000	15.171396	0.920829	-1.924800	57.707018	0.261593	-1488.111364	
8.840000	15.319384	0.977502	-1.928818	57.628953	0.214866	-1488.080793	
8.841000	15.429317	0.904637	-1.933706	57.550641	0.355048	-1488.050561	
8.842000	15.492740	0.815580	-1.938735	57.471922	0.249911	-1488.020608	
8.843000	15.272873	0.953214	-1.942963	57.392781	0.320003	-1487.990826	
8.844000	15.251732	0.904637	-1.945887	57.313396	0.296639	-1487.961072	
8.845000	15.458914	0.823676	-1.947385	57.233872	0.098047	-1487.931201	
8.846000	15.480055	0.912733	-1.947551	57.154095	0.288851	-1487.901083	
8.847000	15.518109	0.734620	-1.946700	57.073901	0.156456	-1487.870614	
8.848000	15.353209	1.115135	-1.945256	56.993272	0.222654	-1487.839734	
8.849000	15.200994	1.001790	-1.943508	56.912386	0.222654	-1487.808427	
8.850000	15.509653	0.775100	-1.941483	56.831353	0.195396	-1487.776735	
8.851000	15.496968	0.758908	-1.939125	56.750066	0.238229	-1487.744751	
8.852000	15.526566	0.864157	-1.936578	56.668365	0.226548	-1487.712615	
8.853000	15.382807	1.001790	-1.934152	56.586233	0.432928	-1487.680478	
8.854000	15.141799	0.977502	-1.932233	56.503843	0.300533	-1487.648492	
8.855000	15.442002	0.669851	-1.931327	56.421305	0.246017	-1487.616778	
8.856000	15.433545	1.001790	-1.931765	56.338510	0.265487	-1487.585411	
8.857000	15.530794	0.823676	-1.933458	56.255301	0.277169	-1487.554411	
8.858000	15.412404	0.872253	-1.936196	56.171654	0.257699	-1487.523755	
8.859000	15.289786	0.969406	-1.939724	56.087738	0.312215	-1487.493375	
8.860000	15.454686	0.686043	-1.943600	56.003662	0.101940	-1487.463161	
8.861000	15.505425	0.953214	-1.947325	55.919321	0.323897	-1487.432978	
8.862000	15.509653	0.621274	-1.950534	55.834562	0.207078	-1487.402682	
8.863000	15.442002	0.920829	-1.953138	55.749370	0.339473	-1487.372142	
8.864000	15.323612	0.847965	-1.955273	55.663923	0.304427	-1487.341269	
8.865000	15.412404	0.831773	-1.956913	55.578339	0.136986	-1487.310018	
8.866000	15.378578	1.090847	-1.957665	55.492521	0.249911	-1487.278391	
8.867000	15.446230	0.815580	-1.957101	55.406318	0.230441	-1487.246438	
8.868000	15.467371	0.888445	-1.955105	55.319707	0.265487	-1487.214260	
8.869000	15.285558	0.912733	-1.951892	55.232846	0.335579	-1487.182004	
8.870000	15.446230	0.888445	-1.947935	55.145837	0.292745	-1487.149836	
8.871000	15.442002	0.896541	-1.943694	55.058576	0.351155	-1487.117914	
8.872000	15.492740	0.686043	-1.939445	54.970914	0.261593	-1487.086351	
8.873000	15.458914	0.799388	-1.935464	54.882822	0.234335	-1487.055200	
8.874000	15.285558	0.823676	-1.932371	54.794449	0.222654	-1487.024470	
8.875000	15.513881	0.831773	-1.931186	54.705893	0.191502	-1486.994131	
8.876000	15.433545	0.864157	-1.932413	54.617057	0.230441	-1486.964104	
8.877000	15.530794	0.791292	-1.935383	54.527797	0.246017	-1486.934256	
8.878000	15.463143	0.661755	-1.939030	54.438094	0.405670	-1486.904424	
8.879000	15.239048	0.872253	-1.942666	54.348112	0.351155	-1486.874446	
8.880000	15.463143	0.912733	-1.945873	54.257966	0.070789	-1486.844191	
8.881000	15.370122	0.823676	-1.948242	54.167567	0.378412	-1486.813577	
8.882000	15.463143	0.605082	-1.949337	54.076770	0.265487	-1486.782564	
8.883000	15.463143	0.904637	-1.948749	53.985549	0.296639	-1486.751160	
8.884000	15.251732	0.856061	-1.946255	53.894060	0.242123	-1486.719437	
8.885000	15.543479	0.767004	-1.942065	53.802407	0.191502	-1486.687525	
8.886000	15.496968	0.742716	-1.936841	53.710499	0.358942	-1486.655594	
8.887000	15.454686	0.896541	-1.931379	53.618195	0.281063	-1486.623812	
8.888000	15.496968	0.945118	-1.926266	53.525471	0.296639	-1486.592317	
8.889000	15.243276	0.928926	-1.921755	53.432478	0.257699	-1486.561198	
8.890000	15.387035	0.645563	-1.917935	53.339319	0.047425	-1486.530497	
8.891000	15.560391	0.815580	-1.914937	53.245908	0.292745	-1486.500206	
8.892000	15.416632	0.920829	-1.912752	53.152109	0.304427	-1486.470261	
8.893000	15.551935	0.953214	-1.911249	53.057897	0.382306	-1486.440543	
8.894000	15.255960	0.847965	-1.910285	52.963415	0.378412	-1486.410899	
8.895000	15.403948	0.904637	-1.909617	52.868759	0.187608	-1486.381171	
8.896000	15.543479	0.831773	-1.909010	52.773844	0.284957	-1486.351221	
8.897000	15.365894	0.888445	-1.908297	52.678534	0.246017	-1486.320934	
8.898000	15.357437	0.920829	-1.907317	52.582802	0.281063	-1486.290240	
8.899000	15.268645	1.009886	-1.905897	52.486786	0.218760	-1486.259115	
8.900000	15.492740	0.734620	-1.903850	52.390580	0.059107	-1486.227599	0.000000
8.901000	15.581532	0.775100	-1.901182	52.294098	0.288851	-1486.195793	
8.902000	15.454686	0.888445	-1.898287	52.197207	0.238229	-1486.163840	
8.903000	15.425089	0.864157	-1.895769	52.099884	0.249911	-1486.131903	
8.904000	15.289786	0.856061	-1.894078	52.002267	0.253805	-1486.100134	
8.905000	15.454686	0.880349	-1.893400	51.904451	0.101940	-1486.068656	
8.906000	15.539250	0.799388	-1.893802	51.806356	0.277169	-1486.037543	
8.907000	15.357437	0.791292	-1.895233	51.707860	0.207078	-1486.006813	
8.908000	15.348981	0.864157	-1.897518	51.608940	0.273275	-1485.976435	
8.909000	15.315155	0.920829	-1.900504	51.509728	0.288851	-1485.946331	
8.910000	15.429317	0.896541	-1.903975	51.410312	0.156456	-1485.916383	
8.911000	15.488512	0.783196	-1.907473	51.310609	0.273275	-1485.886450	
8.912000	15.484284	0.726523	-1.910448	51.210494	0.358942	-1485.856383	
8.913000	15.484284	0.896541	-1.912587	51.109942	0.284957	-1485.826053	
8.914000	15.348981	0.831773	-1.914066	51.009085	0.323897	-1485.795372	
8.915000	15.416632	0.969406	-1.915360	50.908019	0.004591	-1485.764306	
8.916000	15.509653	0.807484	-1.917048	50.806671	0.179820	-1485.732868	
8.917000	15.496968	0.653659	-1.919765	50.704921	0.214866	-1485.701119	
8.918000	15.471599	0.783196	-1.923688	50.602751	0.187608	-1485.669165	
8.919000	15.357437	0.823676	-1.928506	50.500296	0.203184	-1485.637153	
8.920000	15.323612	0.961310	-1.933790	50.397653	0.121410	-1485.605244	
8.921000	15.496968	0.912733	-1.938913	50.294748	0.308321	-1485.573589	
8.922000	15.420861	0.839869	-1.943329	50.191465	0.222654	-1485.542290	
8.923000	15.429317	1.058463	-1.946869	50.087777	0.323897	-1485.511391	
8.924000	15.399719	0.839869	-1.949429	49.983807	0.214866	-1485.480887	
8.925000	15.382807	0.847965	-1.950827	49.879644	0.152562	-1485.450742	
8.926000	15.492740	0.872253	-1.951119	49.775216	0.347261	-1485.420874	
8.927000	15.454686	0.920829	-1.950486	49.670404	0.277169	-1485.391155	
8.928000	15.505425	1.034175	-1.948803	49.565182	0.222654	-1485.361426	
8.929000	15.433545	0.767004	-1.946044	49.459682	0.238229	-1485.331534	
8.930000	15.374350	0.888445	-1.942668	49.354007	0.000697	-1485.301361	
8.931000	15.505425	0.985598	-1.939173	49.248095	0.183714	-1485.270832	
8.932000	15.458914	0.718427	-1.935820	49.141836	0.160350	-1485.239911	
8.933000	15.408176	0.775100	-1.932674	49.035210	0.300533	-1485.208606	
8.934000	15.370122	0.888445	-1.929612	48.928342	0.218760	-1485.176983	
8.935000	15.353209	1.058463	-1.926619	48.821326	0.136986	-1485.145169	
8.936000	15.454686	0.896541	-1.924019	48.714098	0.366730	-1485.113328	
8.937000	15.492740	0.783196	-1.922259	48.606551	0.355048	-1485.081620	
8.938000	15.382807	0.945118	-1.921610	48.498657	0.347261	-1485.050177	
8.939000	15.361666	0.888445	-1.922234	48.390531	0.409564	-1485.019084	
8.940000	15.458914	0.750812	-1.924355	48.282253	0.183714	-1484.988381	
8.941000	15.492740	1.042271	-1.928001	48.173755	0.281063	-1484.958067	
8.942000	15.509653	0.831773	-1.932706	48.064927	0.148668	-1484.928090	
8.943000	15.488512	1.098943	-1.937778	47.955738	0.343367	-1484.898345	
8.944000	15.382807	0.726523	-1.942627	47.846284	0.277169	-1484.868684	
8.945000	15.450458	0.799388	-1.946881	47.736637	0.164244	-1484.838954	
8.946000	15.518109	0.864157	-1.950468	47.626736	0.261593	-1484.809016	
8.947000	15.458914	0.880349	-1.953370	47.516485	0.265487	-1484.778752	
8.948000	15.370122	1.098943	-1.955349	47.405866	0.320003	-1484.748084	
8.949000	15.361666	0.823676	-1.956016	47.294993	0.530277	-1484.716985	
8.950000	15.467371	0.896541	-1.955218	47.183950	0.175926	-1484.685484	
8.951000	15.501196	0.888445	-1.953244	47.072680	0.312215	-1484.653676	
8.952000	15.501196	0.661755	-1.950597	46.961088	0.253805	-1484.621699	
8.953000	15.391263	1.098943	-1.947730	46.849146	0.304427	-1484.589716	
8.954000	15.348981	0.823676	-1.944975	46.736940	0.401776	-1484.557884	
8.955000	15.539250	0.791292	-1.942673	46.624528	0.175926	-1484.526337	
8.956000	15.568848	0.920829	-1.941189	46.511846	0.226548	-1484.495164	
8.957000	15.475827	0.937022	-1.940764	46.398808	0.203184	-1484.464392	
8.958000	15.403948	0.920829	-1.941445	46.285400	0.234335	-1484.433996	
8.959000	15.348981	0.928926	-1.943144	46.171732	0.327791	-1484.403895	
8.960000	15.416632	0.847965	-1.945501	46.057884	0.043531	-1484.373963	
8.961000	15.408176	0.945118	-1.947793	45.943808	0.265487	-1484.344050	
8.962000	15.492740	0.985598	-1.949414	45.829419	0.222654	-1484.313998	
8.963000	15.357437	1.026079	-1.950190	45.714696	0.425140	-1484.283670	
8.964000	15.344753	1.026079	-1.950134	45.599722	0.366730	-1484.252969	
8.965000	15.442002	0.945118	-1.949148	45.484550	0.187608	-1484.221851	
8.966000	15.458914	0.758908	-1.946962	45.369119	0.257699	-1484.190321	
8.967000	15.518109	0.856061	-1.943611	45.253343	0.246017	-1484.158439	
8.968000	15.471599	0.985598	-1.939694	45.137200	0.370624	-1484.126315	
8.969000	15.336296	1.001790	-1.935965	45.020788	0.168138	-1484.094097	
8.970000	15.513881	0.839869	-1.933032	44.904178	0.035743	-1484.061954	
8.971000	15.480055	0.823676	-1.931299	44.787319	0.269381	-1484.030039	
8.972000	15.509653	0.823676	-1.930921	44.670134	0.156456	-1483.998464	
8.973000	15.454686	0.847965	-1.932170	44.552600	0.296639	-1483.967275	
8.974000	15.332068	0.815580	-1.935792	44.434805	0.238229	-1483.936473	
8.975000	15.467371	0.912733	-1.942198	44.316812	0.113622	-1483.906016	
8.976000	15.412404	0.912733	-1.950600	44.198575	0.269381	-1483.875817	
8.977000	15.564620	0.920829	-1.959499	44.080022	0.199290	-1483.845744	
8.978000	15.446230	0.904637	-1.967489	43.961133	0.401776	-1483.815638	
8.979000	15.332068	0.791292	-1.973748	43.841994	0.230441	-1483.785345	
8.980000	15.454686	0.815580	-1.978101	43.722665	0.070789	-1483.754742	
8.981000	15.484284	0.742716	-1.980569	43.603097	0.214866	-1483.723756	
8.982000	15.539250	0.742716	-1.981173	43.483215	0.207078	-1483.692356	
8.983000	15.518109	0.807484	-1.980087	43.363002	0.374518	-1483.660554	
8.984000	15.416632	0.847965	-1.977427	43.242554	0.214866	-1483.628424	
8.985000	15.395491	0.807484	-1.973290	43.121945	0.043531	-1483.596097	
8.986000	15.496968	0.807484	-1.968114	43.001135	0.234335	-1483.563740	
8.987000	15.467371	0.734620	-1.962464	42.880057	0.191502	-1483.531514	
8.988000	15.446230	0.920829	-1.956730	42.758692	0.304427	-1483.499545	
8.989000	15.378578	1.042271	-1.951324	42.637116	0.355048	-1483.467917	
8.990000	15.361666	0.896541	-1.946678	42.515383	0.101940	-1483.436664	
8.991000	15.484284	0.912733	-1.943276	42.393449	0.343367	-1483.405774	
8.992000	15.446230	0.807484	-1.941829	42.271249	0.144774	-1483.375185	
8.993000	15.475827	0.767004	-1.942526	42.148762	0.296639	-1483.344786	
8.994000	15.399719	0.888445	-1.944491	42.026055	0.320003	-1483.314434	
8.995000	15.505425	0.742716	-1.946639	41.903175	0.055213	-1483.283984	
8.996000	15.535022	0.783196	-1.948446	41.780079	0.308321	-1483.253305	
8.997000	15.488512	0.888445	-1.949815	41.656704	0.230441	-1483.222288	
8.998000	15.505425	0.928926	-1.950514	41.533033	0.257699	-1483.190858	
8.999000	15.416632	0.742716	-1.949538	41.409147	0.316109	-1483.158992	
