LabVIEW Measurement	
Writer_Version	2
Reader_Version	2
Separator	Tab
Decimal_Separator	.
Multi_Headings	No
X_Columns	One
Time_Pref	Absolute
Operator	twtn4
Date	2023/08/25
Time	17:14:14.8361934499424502734
***End_of_Header***	
	
Notes	X values guaranteed valid only for Dev1/ai2							
Channels	7							
Samples	100	100	100	100	100	100	1	
Date	2023/08/25	2023/08/25	2023/08/25	2023/08/25	2023/08/25	2023/08/25	2023/08/25	
Time	17:14:14.8361934499424502734	17:14:14.8362074495833918933	17:14:14.8362494487390473966	17:14:14.8362354490981057767	17:14:14.8362214494571641568	17:14:14.8362634483799890164	17:14:14.9390959739685058594	
Y_Unit_Label	Volts	Volts	Volts	Volts	Volts	Volts		
X_Dimension	Time	Time	Time	Time	Time	Time	Time	
X0	0.0000000000000000E+0	0.0000000000000000E+0	0.0000000000000000E+0	0.0000000000000000E+0	0.0000000000000000E+0	0.0000000000000000E+0	0.0000000000000000E+0	
Delta_X	0.001000	0.001000	0.001000	0.001000	0.001000	0.001000	1.000000	
***End_of_Header***								
X_Value	Dev1/ai2	Dev1/ai3	Dev1/ai17 (Filtered)	Dev1/ai1 (Filtered)	Dev1/ai16	Dev1/ai12 (Filtered)	Untitled	Comment
0.000000	15.551935	0.847965	-4.523827	-249.999907	0.199290	-250.000134	0.000000
0.001000	15.564620	0.847965	-4.489940	-249.999312	0.078577	-250.000940	
0.002000	15.640727	0.928926	-4.399712	-249.997436	0.222654	-250.003347	
0.003000	15.632271	0.767004	-4.235219	-249.993355	0.230441	-250.008407	
0.004000	15.695694	0.993694	-3.993069	-249.986091	0.284957	-250.017171	
0.005000	15.526566	0.888445	-3.680135	-249.974553	0.351155	-250.030688	
0.006000	15.594217	0.864157	-3.310284	-249.957714	0.203184	-250.049996	
0.007000	15.733748	0.977502	-2.901030	-249.934745	0.405670	-250.076090	
0.008000	15.606902	0.864157	-2.470805	-249.904892	0.417352	-250.109894	
0.009000	15.623814	1.001790	-2.037458	-249.867333	0.351155	-250.152248	
0.010000	15.526566	0.742716	-1.617246	-249.821114	0.331685	-250.203916	
0.011000	15.628043	0.726523	-1.223682	-249.765346	0.152562	-250.265606	
0.012000	15.729520	0.872253	-0.866705	-249.699345	0.339473	-250.337972	
0.013000	15.674553	0.799388	-0.552959	-249.622503	0.074683	-250.421601	
0.014000	15.598445	1.034175	-0.286269	-249.534130	0.253805	-250.517030	
0.015000	15.488512	0.937022	-0.067810	-249.433388	0.358942	-250.624772	
0.016000	15.644956	0.807484	0.103397	-249.319511	0.187608	-250.745342	
0.017000	15.674553	0.791292	0.229985	-249.191955	0.265487	-250.879279	
0.018000	15.661868	0.831773	0.315937	-249.050250	0.172032	-251.027137	
0.019000	15.543479	1.074655	0.366352	-248.893832	0.327791	-251.189482	
0.020000	15.420861	0.896541	0.387083	-248.721981	0.265487	-251.366888	
0.021000	15.708379	0.888445	0.384060	-248.534062	0.277169	-251.559948	
0.022000	15.746433	0.807484	0.362732	-248.329662	0.464080	-251.769267	
0.023000	15.704150	0.661755	0.327979	-248.108447	0.218760	-251.995427	
0.024000	15.615358	0.864157	0.284249	-247.869973	0.335579	-252.238962	
0.025000	15.475827	0.823676	0.235476	-247.613630	0.390094	-252.500343	
0.026000	15.683009	0.880349	0.185015	-247.338888	0.144774	-252.779971	
0.027000	15.661868	0.904637	0.135720	-247.045451	0.094153	-253.078186	
0.028000	15.653412	0.710331	0.089788	-246.733092	0.320003	-253.395263	
0.029000	15.606902	0.888445	0.048778	-246.401457	0.246017	-253.731419	
0.030000	15.463143	0.945118	0.013848	-246.050015	0.312215	-254.086814	
0.031000	15.488512	0.928926	-0.014204	-245.678329	0.288851	-254.461588	
0.032000	15.674553	0.904637	-0.035154	-245.286215	0.347261	-254.855878	
0.033000	15.653412	0.953214	-0.049411	-244.873563	0.347261	-255.269829	
0.034000	15.628043	0.872253	-0.057653	-244.440127	0.440716	-255.703615	
0.035000	15.412404	0.767004	-0.060461	-243.985476	0.355048	-256.157445	
0.036000	15.602673	0.686043	-0.058385	-243.509272	0.136986	-256.631555	
0.037000	15.695694	0.799388	-0.052260	-243.011435	0.323897	-257.126196	
0.038000	15.695694	0.912733	-0.043301	-242.491956	0.222654	-257.641633	
0.039000	15.716835	0.783196	-0.032903	-241.950677	0.343367	-258.178128	
0.040000	15.403948	0.864157	-0.022257	-241.387249	0.308321	-258.735924	
0.041000	15.602673	0.864157	-0.012124	-240.801420	0.246017	-259.315220	
0.042000	15.602673	0.945118	-0.003051	-240.193195	0.436822	-259.916157	
0.043000	15.615358	0.775100	0.004194	-239.562646	0.358942	-260.538797	
0.044000	15.585761	0.920829	0.008335	-238.909675	0.409564	-261.183144	
0.045000	15.408176	0.928926	0.008286	-238.233989	0.382306	-261.849156	
0.046000	15.695694	0.896541	0.004334	-237.535407	0.187608	-262.536753	
0.047000	15.606902	0.799388	-0.002016	-236.814023	0.452398	-263.245821	
0.048000	15.636499	0.831773	-0.008980	-236.069990	0.230441	-263.976233	
0.049000	15.640727	0.953214	-0.015111	-235.303280	0.390094	-264.727863	
0.050000	15.484284	0.710331	-0.019632	-234.513664	0.386200	-265.500610	
0.051000	15.704150	0.831773	-0.022197	-233.701029	0.199290	-266.294415	
0.052000	15.598445	0.880349	-0.022666	-232.865539	0.393988	-267.109259	
0.053000	15.678781	0.767004	-0.021394	-232.007411	0.304427	-267.945140	
0.054000	15.535022	1.301345	-0.018865	-231.126676	0.273275	-268.802071	
0.055000	15.357437	0.937022	-0.015407	-230.223156	0.327791	-269.680087	
0.056000	15.623814	0.831773	-0.011605	-229.296802	0.203184	-270.579223	
0.057000	15.657640	0.661755	-0.008149	-228.347846	0.339473	-271.499492	
0.058000	15.657640	0.872253	-0.005474	-227.376574	0.292745	-272.440863	
0.059000	15.535022	0.969406	-0.003824	-226.383067	0.292745	-273.403238	
0.060000	15.374350	1.017982	-0.003281	-225.367200	0.351155	-274.386461	
0.061000	15.628043	0.661755	-0.003650	-224.328983	0.288851	-275.390332	
0.062000	15.716835	0.807484	-0.004560	-223.268711	0.296639	-276.414622	
0.063000	15.708379	0.847965	-0.005760	-222.186724	0.242123	-277.459056	
0.064000	15.475827	1.058463	-0.007011	-221.083142	0.222654	-278.523328	
0.065000	15.370122	0.872253	-0.007953	-219.957881	0.374518	-279.607131	
0.066000	15.615358	0.928926	-0.008433	-218.810999	0.323897	-280.710173	
0.067000	15.657640	0.872253	-0.008693	-217.642844	0.413458	-281.832195	
0.068000	15.551935	0.928926	-0.009206	-216.453803	0.312215	-282.972985	
0.069000	15.564620	0.645563	-0.010349	-215.244033	0.405670	-284.132356	
0.070000	15.395491	0.969406	-0.012052	-214.013486	0.292745	-285.310149	
0.071000	15.615358	0.783196	-0.013907	-212.762271	0.199290	-286.506240	
0.072000	15.742204	0.888445	-0.015717	-211.490793	0.475762	-287.720526	
0.073000	15.678781	0.856061	-0.017616	-210.199482	0.312215	-288.952900	
0.074000	15.602673	0.839869	-0.019753	-208.888532	0.467974	-290.203230	
0.075000	15.450458	0.896541	-0.022258	-207.557926	0.351155	-291.471340	
0.076000	15.606902	0.904637	-0.025363	-206.207813	0.214866	-292.756999	
0.077000	15.729520	0.985598	-0.029190	-204.838631	0.312215	-294.059926	
0.078000	15.687238	0.888445	-0.033636	-203.450839	0.191502	-295.379795	
0.079000	15.640727	0.912733	-0.038501	-202.044643	0.386200	-296.716239	
0.080000	15.442002	0.969406	-0.043335	-200.620045	0.370624	-298.068857	
0.081000	15.615358	0.937022	-0.047390	-199.177224	0.347261	-299.437240	
0.082000	15.505425	0.985598	-0.050108	-197.716652	0.518595	-300.820990	
0.083000	15.644956	1.050367	-0.051460	-196.238819	0.164244	-302.219725	
0.084000	15.560391	0.961310	-0.051757	-194.743951	0.323897	-303.633107	
0.085000	15.535022	0.710331	-0.051198	-193.232067	0.358942	-305.060844	
0.086000	15.640727	0.831773	-0.049675	-191.703372	0.273275	-306.502689	
0.087000	15.640727	0.847965	-0.047104	-190.158375	0.397882	-307.958424	
0.088000	15.602673	0.928926	-0.043627	-188.597591	0.168138	-309.427861	
0.089000	15.547707	0.815580	-0.039561	-187.021258	0.401776	-310.910825	
0.090000	15.526566	0.775100	-0.035392	-185.429413	0.257699	-312.407132	
0.091000	15.636499	0.864157	-0.031663	-183.822285	0.218760	-313.916574	
0.092000	15.628043	0.742716	-0.028788	-182.200402	0.526383	-315.438896	
0.093000	15.636499	0.928926	-0.026902	-180.564294	0.296639	-316.973782	
0.094000	15.429317	0.596986	-0.026133	-178.914211	0.432928	-318.520864	
0.095000	15.467371	0.718427	-0.026775	-177.250205	0.265487	-320.079741	
0.096000	15.649184	0.896541	-0.028882	-175.572525	0.261593	-321.649980	
0.097000	15.619586	0.661755	-0.031986	-173.881721	0.487443	-323.231129	
0.098000	15.611130	0.839869	-0.035277	-172.178341	0.327791	-324.822734	
0.099000	15.475827	0.775100	-0.037973	-170.462643	0.323897	-326.424358	
0.100000	15.606902	0.888445	-0.039596	-168.734685	0.230441	-328.035600	0.000000
0.101000	15.628043	0.953214	-0.040066	-166.994731	0.284957	-329.656112	
0.102000	15.678781	0.945118	-0.039556	-165.243345	0.323897	-331.285597	
0.103000	15.657640	0.677947	-0.038083	-163.481079	0.136986	-332.923791	
0.104000	15.480055	0.580794	-0.035590	-161.708185	0.281063	-334.570462	
0.105000	15.615358	0.880349	-0.032368	-159.924713	0.327791	-336.225402	
0.106000	15.619586	0.839869	-0.028960	-158.130931	0.288851	-337.888412	
0.107000	15.661868	0.758908	-0.025884	-156.327409	0.417352	-339.559276	
0.108000	15.644956	0.783196	-0.023355	-154.514705	0.257699	-341.237748	
0.109000	15.518109	0.937022	-0.021128	-152.693073	0.312215	-342.923531	
0.110000	15.535022	0.540314	-0.018827	-150.862577	0.316109	-344.616276	
0.111000	15.632271	0.864157	-0.016361	-149.023504	0.210972	-346.315600	
0.112000	15.695694	0.661755	-0.014006	-147.176438	0.358942	-348.021097	
0.113000	15.636499	0.710331	-0.012054	-145.321940	0.308321	-349.732328	
0.114000	15.551935	0.783196	-0.010393	-143.460257	0.230441	-351.448839	
0.115000	15.547707	0.920829	-0.008679	-141.591446	0.292745	-353.170182	
0.116000	15.628043	0.799388	-0.006670	-139.715796	0.300533	-354.895932	
0.117000	15.661868	0.912733	-0.004217	-137.833895	0.390094	-356.625708	
0.118000	15.712607	0.775100	-0.001483	-135.946297	0.308321	-358.359177	
0.119000	15.433545	0.767004	0.000771	-134.053241	0.323897	-360.096044	
0.120000	15.518109	0.758908	0.001933	-132.154775	0.316109	-361.836050	
0.121000	15.619586	0.928926	0.002293	-130.251186	0.374518	-363.578980	
0.122000	15.577304	0.904637	0.002444	-128.343065	0.541959	-365.324643	
0.123000	15.674553	0.815580	0.002558	-126.430968	0.351155	-367.072853	
0.124000	15.454686	0.937022	0.002507	-124.515129	0.203184	-368.823408	
0.125000	15.721063	0.613178	0.002127	-122.595595	0.323897	-370.576076	
0.126000	15.598445	0.718427	0.001150	-120.672653	0.312215	-372.330578	
0.127000	15.594217	0.815580	-0.000626	-118.746892	0.230441	-374.086587	
0.128000	15.644956	0.945118	-0.002746	-116.818858	0.320003	-375.843737	
0.129000	15.446230	0.767004	-0.004322	-114.888765	0.390094	-377.601627	
0.130000	15.644956	0.783196	-0.005026	-112.956645	0.320003	-379.359832	
0.131000	15.581532	0.799388	-0.005045	-111.022775	0.273275	-381.117925	
0.132000	15.644956	0.677947	-0.004456	-109.087730	0.440716	-382.875492	
0.133000	15.526566	0.791292	-0.003370	-107.152047	0.312215	-384.632146	
0.134000	15.442002	0.847965	-0.002068	-105.215942	0.288851	-386.387546	
0.135000	15.737976	1.009886	-0.000540	-103.279455	0.214866	-388.141406	
0.136000	15.678781	0.872253	0.001631	-101.342871	0.444610	-389.893489	
0.137000	15.708379	0.767004	0.004784	-99.406758	0.378412	-391.643594	
0.138000	15.666097	0.839869	0.008812	-97.471642	0.288851	-393.391564	
0.139000	15.442002	0.791292	0.013199	-95.537725	0.125304	-395.137258	
0.140000	15.725291	0.726523	0.017302	-93.605030	0.249911	-396.880533	
0.141000	15.653412	0.734620	0.020651	-91.673825	0.300533	-398.621227	
0.142000	15.695694	0.686043	0.022964	-89.744664	0.281063	-400.359136	
0.143000	15.628043	1.009886	0.024270	-87.818054	0.238229	-402.094000	
0.144000	15.365894	1.026079	0.024909	-85.894182	0.386200	-403.825516	
0.145000	15.670325	0.847965	0.024848	-83.973059	0.288851	-405.553345	
0.146000	15.636499	0.839869	0.023677	-82.054948	0.273275	-407.277115	
0.147000	15.695694	0.702235	0.021432	-80.140396	0.312215	-408.996441	
0.148000	15.615358	0.791292	0.018712	-78.229900	0.273275	-410.710944	
0.149000	15.378578	0.985598	0.016204	-76.323635	0.316109	-412.420268	
0.150000	15.695694	0.775100	0.014329	-74.421616	0.382306	-414.124099	
0.151000	15.683009	1.001790	0.013252	-72.524102	0.347261	-415.822180	
0.152000	15.632271	1.017982	0.013122	-70.631627	0.425140	-417.514300	
0.153000	15.640727	0.718427	0.014012	-68.744668	0.261593	-419.200294	
0.154000	15.454686	0.864157	0.015812	-66.863383	0.409564	-420.880031	
0.155000	15.729520	0.694139	0.018187	-64.987769	0.331685	-422.553414	
0.156000	15.594217	0.977502	0.020466	-63.118066	0.417352	-424.220355	
0.157000	15.632271	1.009886	0.021978	-61.254787	0.440716	-425.880754	
0.158000	15.632271	0.847965	0.022355	-59.398389	0.277169	-427.534479	
0.159000	15.458914	0.710331	0.021399	-57.549018	0.366730	-429.181358	
0.160000	15.683009	0.702235	0.019110	-55.706663	0.471868	-430.821173	
0.161000	15.530794	0.734620	0.015767	-53.871557	0.460186	-432.453671	
0.162000	15.670325	0.977502	0.011680	-52.044199	0.440716	-434.078572	
0.163000	15.674553	0.880349	0.007045	-50.225032	0.288851	-435.695570	
0.164000	15.518109	0.977502	0.002143	-48.414190	0.257699	-437.304348	
0.165000	15.835225	0.872253	-0.002490	-46.611640	0.265487	-438.904601	
0.166000	15.611130	0.823676	-0.006307	-44.817591	0.234335	-440.496053	
0.167000	15.644956	0.920829	-0.009057	-43.032512	0.207078	-442.078470	
0.168000	15.615358	0.767004	-0.010709	-41.256819	0.351155	-443.651669	
0.169000	15.467371	1.034175	-0.011447	-39.490623	0.370624	-445.215505	
0.170000	15.907104	0.888445	-0.011601	-37.733880	0.277169	-446.769876	
0.171000	15.547707	0.953214	-0.011283	-35.986779	0.475762	-448.314716	
0.172000	15.547707	1.066559	-0.010467	-34.249767	0.370624	-449.849992	
0.173000	15.585761	0.920829	-0.009404	-32.523247	0.249911	-451.375673	
0.174000	15.463143	0.896541	-0.008629	-30.807317	0.277169	-452.891711	
0.175000	15.788715	0.767004	-0.008629	-29.101924	0.129198	-454.398032	
0.176000	15.737976	0.856061	-0.009347	-27.407244	0.308321	-455.894521	
0.177000	15.708379	1.098943	-0.010156	-25.723704	0.475762	-457.381023	
0.178000	15.573076	0.791292	-0.010888	-24.051679	0.246017	-458.857347	
0.179000	15.480055	0.864157	-0.012295	-22.391248	0.355048	-460.323265	
0.180000	15.788715	0.823676	-0.014938	-20.742336	0.304427	-461.778518	
0.181000	15.653412	0.783196	-0.018453	-19.105098	0.378412	-463.222849	
0.182000	15.602673	0.937022	-0.022098	-17.479931	0.522489	-464.656013	
0.183000	15.594217	0.856061	-0.025248	-15.867184	0.214866	-466.077799	
0.184000	15.408176	0.880349	-0.027411	-14.266915	0.327791	-467.488042	
0.185000	15.716835	0.945118	-0.028352	-12.679038	0.386200	-468.886631	
0.186000	15.708379	0.799388	-0.028008	-11.103695	0.405670	-470.273499	
0.187000	15.602673	0.969406	-0.026175	-9.541269	0.269381	-471.648620	
0.188000	15.746433	0.702235	-0.022883	-7.992090	0.292745	-473.012010	
0.189000	15.467371	0.888445	-0.018854	-6.456204	0.257699	-474.363711	
0.190000	15.792943	0.791292	-0.015059	-4.933518	0.308321	-475.703763	
0.191000	15.623814	0.896541	-0.012023	-3.424156	0.366730	-477.032178	
0.192000	15.644956	1.001790	-0.009738	-1.928473	0.327791	-478.348935	
0.193000	15.805627	0.758908	-0.008244	-0.446773	0.246017	-479.653960	
0.194000	15.475827	0.540314	-0.008135	1.020919	0.288851	-480.947143	
0.195000	15.657640	0.807484	-0.010033	2.474714	0.199290	-482.228337	
0.196000	15.513881	0.856061	-0.013760	3.914509	0.479655	-483.497357	
0.197000	15.615358	1.074655	-0.018496	5.339973	0.440716	-484.753992	
0.198000	15.653412	0.847965	-0.023370	6.750821	0.343367	-485.998043	
0.199000	15.530794	0.758908	-0.027871	8.147044	0.292745	-487.229333	
0.200000	15.780258	0.888445	-0.031949	9.528765	0.339473	-488.447729	0.000000
0.201000	15.611130	0.694139	-0.035402	10.895902	0.397882	-489.653151	
0.202000	15.657640	0.953214	-0.037389	12.248143	0.339473	-490.845567	
0.203000	15.695694	0.937022	-0.036943	13.585228	0.101940	-492.024991	
0.204000	15.623814	0.767004	-0.033835	14.907162	0.246017	-493.191477	
0.205000	15.780258	0.847965	-0.028719	16.214088	0.253805	-494.345117	
0.206000	15.619586	0.847965	-0.022594	17.505943	0.320003	-495.486010	
0.207000	15.598445	1.107039	-0.016312	18.782447	0.269381	-496.614241	
0.208000	15.632271	0.912733	-0.010523	20.043363	0.246017	-497.729858	
0.209000	15.564620	0.742716	-0.005891	21.288716	0.230441	-498.832866	
0.210000	15.729520	0.799388	-0.002865	22.518661	0.343367	-499.923227	
0.211000	15.657640	1.050367	-0.001311	23.733153	0.257699	-501.000870	
0.212000	15.589989	0.912733	-0.000904	24.931933	0.452398	-502.065698	
0.213000	15.666097	0.896541	-0.001495	26.114785	0.425140	-503.117579	
0.214000	15.699922	0.969406	-0.002743	27.281746	0.316109	-504.156365	
0.215000	15.797171	0.799388	-0.004018	28.432979	0.277169	-505.181918	
0.216000	15.670325	0.726523	-0.004802	29.568460	0.343367	-506.194132	
0.217000	15.615358	0.920829	-0.004856	30.687957	0.284957	-507.192945	
0.218000	15.526566	0.750812	-0.003941	31.791277	0.183714	-508.178346	
0.219000	15.661868	0.669851	-0.001378	32.878475	0.226548	-509.150368	
0.220000	15.822540	0.920829	0.003469	33.949729	0.308321	-510.109074	
0.221000	15.687238	0.904637	0.010240	35.005031	0.362836	-511.054569	
0.222000	15.695694	1.017982	0.017788	36.044171	0.335579	-511.986989	
0.223000	15.670325	0.750812	0.024922	37.066975	0.339473	-512.906470	
0.224000	15.628043	0.888445	0.030753	38.073507	0.304427	-513.813133	
0.225000	15.780258	0.702235	0.034759	39.063952	0.358942	-514.707063	
0.226000	15.661868	0.710331	0.036775	40.038310	0.355048	-515.588297	
0.227000	15.640727	0.928926	0.036986	40.996389	0.210972	-516.456835	
0.228000	15.704150	0.783196	0.035688	41.938033	0.179820	-517.312643	
0.229000	15.606902	0.864157	0.032956	42.863320	0.230441	-518.155656	
0.230000	15.649184	0.742716	0.028836	43.772446	0.230441	-518.985779	
0.231000	15.611130	0.888445	0.023767	44.665432	0.390094	-519.802908	
0.232000	15.657640	1.017982	0.018532	45.542110	0.483549	-520.606951	
0.233000	15.594217	0.807484	0.013904	46.402352	0.199290	-521.397850	
0.234000	15.640727	0.783196	0.010261	47.246254	0.246017	-522.175596	
0.235000	15.661868	1.139424	0.007492	48.074028	0.117516	-522.940228	
0.236000	15.632271	0.896541	0.005551	48.885715	0.386200	-523.691820	
0.237000	15.674553	1.001790	0.004961	49.681165	0.421246	-524.430482	
0.238000	15.666097	0.807484	0.006188	50.460266	0.323897	-525.156368	
0.239000	15.869051	0.750812	0.008910	51.223120	0.238229	-525.869667	
0.240000	15.721063	0.815580	0.012409	51.969942	0.331685	-526.570561	
0.241000	15.666097	0.783196	0.016259	52.700781	0.327791	-527.259208	
0.242000	15.670325	0.993694	0.020322	53.415505	0.269381	-527.935717	
0.243000	15.644956	0.791292	0.024316	54.114020	0.269381	-528.600153	
0.244000	15.856366	0.637467	0.027895	54.796443	0.269381	-529.252543	
0.245000	15.636499	0.896541	0.030964	55.463005	0.284957	-529.892878	
0.246000	15.547707	0.864157	0.033398	56.113773	0.432928	-530.521106	
0.247000	15.518109	0.961310	0.034943	56.748641	0.382306	-531.137146	
0.248000	15.636499	0.839869	0.035542	57.367527	0.320003	-531.740920	
0.249000	15.776030	0.783196	0.035327	57.970556	0.136986	-532.332378	
0.250000	15.737976	0.661755	0.034439	58.557963	0.288851	-532.911506	
0.251000	15.564620	0.783196	0.033004	59.129825	0.238229	-533.478343	
0.252000	15.594217	1.139424	0.031459	59.686052	0.386200	-534.032977	
0.253000	15.653412	0.807484	0.030437	60.226578	0.257699	-534.575537	
0.254000	15.864822	0.912733	0.029863	60.751541	0.230441	-535.106198	
0.255000	15.801399	0.637467	0.029091	61.261185	0.292745	-535.625163	
0.256000	15.661868	0.775100	0.027726	61.755602	0.304427	-536.132647	
0.257000	15.594217	1.074655	0.025639	62.234721	0.397882	-536.628848	
0.258000	15.589989	0.920829	0.022927	62.698496	0.234335	-537.113932	
0.259000	15.721063	0.945118	0.019937	63.147075	0.070789	-537.588017	
0.260000	15.721063	0.961310	0.017204	63.580707	0.327791	-538.051170	
0.261000	15.606902	0.791292	0.015273	63.999497	0.417352	-538.503419	
0.262000	15.628043	0.912733	0.014280	64.403384	0.323897	-538.944766	
0.263000	15.636499	0.775100	0.013978	64.792333	0.269381	-539.375183	
0.264000	15.691466	0.775100	0.014128	65.166496	0.148668	-539.794628	
0.265000	15.784486	0.791292	0.014619	65.526123	0.222654	-540.203060	
0.266000	15.674553	0.920829	0.015818	65.871323	0.393988	-540.600465	
0.267000	15.678781	0.896541	0.019213	66.202051	0.323897	-540.986872	
0.268000	15.560391	0.896541	0.026937	66.518289	0.203184	-541.362368	
0.269000	15.737976	0.710331	0.040205	66.820193	-0.018773	-541.727083	
0.270000	15.712607	0.904637	0.058308	67.108021	0.292745	-542.081172	
0.271000	15.564620	0.767004	0.078673	67.381896	0.257699	-542.424818	
0.272000	15.611130	1.074655	0.097904	67.641791	0.467974	-542.758229	
0.273000	15.573076	0.872253	0.113158	67.887699	0.323897	-543.081626	
0.274000	15.784486	0.912733	0.122796	68.119789	0.347261	-543.395217	
0.275000	15.674553	0.920829	0.126258	68.338320	0.405670	-543.699171	
0.276000	15.640727	0.669851	0.123533	68.543417	0.475762	-543.993603	
0.277000	15.674553	1.090847	0.114903	68.735054	0.378412	-544.278587	
0.278000	15.687238	0.864157	0.101333	68.913229	0.257699	-544.554168	
0.279000	15.809856	0.839869	0.084447	69.078109	0.164244	-544.820364	
0.280000	15.526566	0.791292	0.065771	69.229957	0.320003	-545.077165	
0.281000	15.581532	0.953214	0.046523	69.368906	0.386200	-545.324543	
0.282000	15.619586	1.131328	0.027810	69.494950	0.456292	-545.562479	
0.283000	15.615358	0.783196	0.010388	69.608103	0.269381	-545.790982	
0.284000	15.754889	0.912733	-0.005329	69.708542	0.210972	-546.010112	
0.285000	15.615358	0.605082	-0.019094	69.796535	0.218760	-546.219975	
0.286000	15.594217	1.074655	-0.030794	69.872220	0.308321	-546.420707	
0.287000	15.628043	1.212288	-0.040145	69.935595	0.460186	-546.612474	
0.288000	15.640727	0.872253	-0.046779	69.986679	0.292745	-546.795486	
0.289000	15.835225	0.937022	-0.050820	70.025649	0.047425	-546.969982	
0.290000	15.767574	0.661755	-0.052894	70.052771	0.312215	-547.136201	
0.291000	15.628043	0.945118	-0.053631	70.068191	0.390094	-547.294353	
0.292000	15.611130	0.993694	-0.053390	70.071923	0.460186	-547.444604	
0.293000	15.619586	0.937022	-0.052653	70.063994	0.199290	-547.587068	
0.294000	15.661868	0.864157	-0.052013	70.044584	0.055213	-547.721825	
0.295000	15.725291	0.775100	-0.051196	70.013963	0.339473	-547.848917	
0.296000	15.611130	1.001790	-0.049503	69.972284	0.370624	-547.968342	
0.297000	15.585761	0.977502	-0.046852	69.919573	0.331685	-548.080073	
0.298000	15.530794	0.823676	-0.043364	69.855867	0.351155	-548.184080	
0.299000	15.746433	0.872253	-0.039132	69.781344	0.187608	-548.280356	
0.300000	15.721063	0.839869	-0.034397	69.696261	0.304427	-548.368926	0.000000
0.301000	15.589989	1.001790	-0.029485	69.600772	0.312215	-548.449861	
0.302000	15.602673	0.961310	-0.024819	69.494907	0.288851	-548.523281	
0.303000	15.657640	0.896541	-0.020635	69.378709	0.183714	-548.589352	
0.304000	15.784486	0.880349	-0.016657	69.252355	0.024061	-548.648281	
0.305000	15.716835	0.726523	-0.012609	69.116103	0.230441	-548.700308	
0.306000	15.653412	0.904637	-0.008808	68.970107	0.409564	-548.745676	
0.307000	15.657640	1.001790	-0.005760	68.814412	0.409564	-548.784614	
0.308000	15.628043	0.847965	-0.003591	68.649074	0.191502	-548.817323	
0.309000	15.721063	0.961310	-0.002027	68.474279	0.164244	-548.843957	
0.310000	15.678781	0.920829	-0.000692	68.290286	0.339473	-548.864607	
0.311000	15.589989	1.026079	0.000633	68.097256	0.265487	-548.879321	
0.312000	15.649184	0.993694	0.001982	67.895237	0.464080	-548.888117	
0.313000	15.628043	0.775100	0.003309	67.684286	0.222654	-548.890987	
0.314000	15.716835	0.945118	0.004717	67.464581	0.226548	-548.887908	
0.315000	15.666097	0.880349	0.006347	67.236373	0.156456	-548.878855	
0.316000	15.670325	1.042271	0.008017	66.999821	0.444610	-548.863822	
0.317000	15.661868	1.001790	0.009446	66.754972	0.230441	-548.842846	
0.318000	15.632271	0.588890	0.010520	66.501888	0.187608	-548.816025	
0.319000	15.716835	0.799388	0.011225	66.240749	-0.096652	-548.783500	
0.320000	15.699922	0.856061	0.011752	65.971809	0.261593	-548.745443	
0.321000	15.560391	1.026079	0.012421	65.695229	0.351155	-548.702051	
0.322000	15.606902	0.920829	0.013148	65.411073	0.347261	-548.653543	
0.323000	15.657640	0.847965	0.013263	65.119413	0.199290	-548.600151	
0.324000	15.733748	0.815580	0.012252	64.820428	0.105834	-548.542095	
0.325000	15.653412	0.742716	0.010390	64.514361	0.351155	-548.479552	
0.326000	15.463143	1.042271	0.008460	64.201369	0.320003	-548.412640	
0.327000	15.636499	0.953214	0.007142	63.881520	0.323897	-548.341425	
0.328000	15.568848	0.807484	0.006446	63.554887	0.172032	-548.265949	
0.329000	15.792943	0.637467	0.005560	63.221644	0.133092	-548.186226	
0.330000	15.687238	0.661755	0.003751	62.882025	0.316109	-548.102240	
0.331000	15.573076	0.928926	0.001203	62.536188	0.203184	-548.013955	
0.332000	15.598445	0.880349	-0.001343	62.184204	0.320003	-547.921345	
0.333000	15.636499	0.791292	-0.003191	61.826150	0.277169	-547.824412	
0.334000	15.704150	0.872253	-0.004007	61.462195	0.090259	-547.723208	
0.335000	15.759117	0.896541	-0.003956	61.092573	0.320003	-547.617828	
0.336000	15.551935	1.212288	-0.003427	60.717442	0.413458	-547.508402	
0.337000	15.623814	1.107039	-0.002786	60.336882	0.409564	-547.395089	
0.338000	15.585761	0.807484	-0.002280	59.950969	0.207078	-547.278092	
0.339000	15.725291	0.677947	-0.001916	59.559863	0.222654	-547.157639	
0.340000	15.725291	0.807484	-0.001571	59.163777	0.347261	-547.033951	
0.341000	15.661868	0.937022	-0.001226	58.762863	0.390094	-546.907221	
0.342000	15.657640	1.017982	-0.000887	58.357202	0.273275	-546.777599	
0.343000	15.628043	1.058463	-0.000535	57.946878	0.195396	-546.645189	
0.344000	15.666097	0.896541	-0.000322	57.532049	0.238229	-546.510053	
0.345000	15.742204	0.807484	-0.000391	57.112925	0.308321	-546.372211	
0.346000	15.661868	0.945118	-0.000672	56.689665	0.261593	-546.231640	
0.347000	15.666097	0.937022	-0.000925	56.262373	0.378412	-546.088289	
0.348000	15.551935	0.839869	-0.000768	55.831152	0.125304	-545.942117	
0.349000	15.611130	0.961310	7.903948E-5	55.396160	0.199290	-545.793096	
0.350000	15.695694	0.888445	0.001531	54.957597	0.304427	-545.641229	
0.351000	15.687238	0.856061	0.003042	54.515608	0.405670	-545.486556	
0.352000	15.661868	0.928926	0.003834	54.070290	0.506913	-545.329174	
0.353000	15.670325	0.645563	0.003943	53.621738	0.187608	-545.169221	
0.354000	15.721063	0.807484	0.004560	53.170100	0.199290	-545.006878	
0.355000	15.716835	0.791292	0.006535	52.715566	0.183714	-544.842350	
0.356000	15.649184	0.985598	0.009566	52.258279	0.304427	-544.675842	
0.357000	15.666097	0.864157	0.012953	51.798356	0.331685	-544.507550	
0.358000	15.674553	0.710331	0.016078	51.335910	0.238229	-544.337643	
0.359000	15.691466	0.645563	0.018391	50.871090	0.238229	-544.166249	
0.360000	15.598445	0.839869	0.019628	50.404075	0.273275	-543.993430	
0.361000	15.619586	1.163712	0.020048	49.935005	0.320003	-543.819203	
0.362000	15.573076	0.961310	0.019993	49.463988	0.390094	-543.643551	
0.363000	15.674553	0.953214	0.019373	48.991127	0.218760	-543.466436	
0.364000	15.708379	0.872253	0.018087	48.516552	0.226548	-543.287809	
0.365000	15.666097	0.856061	0.016365	48.040421	0.347261	-543.107620	
0.366000	15.577304	1.001790	0.014476	47.562867	0.347261	-542.925834	
0.367000	15.644956	0.928926	0.012695	47.084019	0.261593	-542.742458	
0.368000	15.678781	0.726523	0.011326	46.604002	0.136986	-542.557552	
0.369000	15.699922	0.783196	0.010579	46.122946	0.199290	-542.371228	
0.370000	15.683009	0.937022	0.010548	45.641002	0.366730	-542.183623	
0.371000	15.585761	1.082751	0.011158	45.158299	0.210972	-541.994904	
0.372000	15.530794	1.009886	0.012061	44.674965	0.355048	-541.805256	
0.373000	15.598445	0.904637	0.012733	44.191120	0.109728	-541.614873	
0.374000	15.699922	0.767004	0.012834	43.706881	0.230441	-541.423931	
0.375000	15.653412	0.856061	0.012223	43.222383	0.292745	-541.232568	
0.376000	15.539250	1.115135	0.010547	42.737747	0.401776	-541.040865	
0.377000	15.556163	1.212288	0.007223	42.253110	0.327791	-540.848853	
0.378000	15.606902	1.009886	0.001881	41.768594	0.253805	-540.656534	
0.379000	15.742204	0.718427	-0.005265	41.284303	0.214866	-540.463880	
0.380000	15.699922	0.710331	-0.013562	40.800350	0.284957	-540.270835	
0.381000	15.678781	0.904637	-0.022155	40.316855	0.246017	-540.077326	
0.382000	15.551935	0.985598	-0.029994	39.833978	0.320003	-539.883294	
0.383000	15.602673	0.888445	-0.036046	39.351866	0.008485	-539.688707	
0.384000	15.733748	0.847965	-0.039835	38.870623	0.355048	-539.493580	
0.385000	15.674553	0.847965	-0.041291	38.390348	0.265487	-539.297967	
0.386000	15.606902	0.807484	-0.039991	37.911151	0.425140	-539.101953	
0.387000	15.471599	0.977502	-0.035600	37.433184	0.421246	-538.905658	
0.388000	15.649184	0.799388	-0.028659	36.956584	0.199290	-538.709241	
0.389000	15.674553	1.131328	-0.020325	36.481437	0.339473	-538.512888	
0.390000	15.695694	0.888445	-0.011943	36.007823	0.390094	-538.316778	
0.391000	15.653412	1.034175	-0.004604	35.535840	0.413458	-538.121060	
0.392000	15.606902	0.823676	0.001105	35.065643	0.281063	-537.925849	
0.393000	15.619586	0.807484	0.004765	34.597372	0.144774	-537.731214	
0.394000	15.657640	0.831773	0.005988	34.131103	0.281063	-537.537182	
0.395000	15.674553	0.864157	0.004763	33.666902	0.331685	-537.343736	
0.396000	15.463143	1.017982	0.001504	33.204863	0.323897	-537.150811	
0.397000	15.581532	0.937022	-0.003110	32.745158	0.374518	-536.958316	
0.398000	15.598445	0.977502	-0.008271	32.287940	0.105834	-536.766165	
0.399000	15.632271	0.904637	-0.013306	31.833280	0.257699	-536.574292	
0.400000	15.547707	0.928926	-0.017753	31.381228	0.257699	-536.382654	0.000000
0.401000	15.594217	1.268961	-0.021330	30.931861	0.460186	-536.191248	
0.402000	15.560391	0.945118	-0.023987	30.485326	0.347261	-536.000125	
0.403000	15.628043	0.969406	-0.025828	30.041751	0.039637	-535.809384	
0.404000	15.712607	0.807484	-0.026917	29.601183	0.246017	-535.619166	
0.405000	15.754889	0.896541	-0.027254	29.163653	0.327791	-535.429640	
0.406000	15.644956	0.937022	-0.026935	28.729235	0.300533	-535.240977	
0.407000	15.598445	0.775100	-0.026346	28.298089	0.370624	-535.053336	
0.408000	15.649184	0.686043	-0.025993	27.870353	0.199290	-534.866852	
0.409000	15.729520	0.734620	-0.026094	27.446069	0.183714	-534.681617	
0.410000	15.661868	0.847965	-0.026661	27.025254	0.323897	-534.497667	
0.411000	15.589989	0.928926	-0.027837	26.607977	0.413458	-534.314984	
0.412000	15.522337	1.026079	-0.029721	26.194417	0.460186	-534.133521	
0.413000	15.585761	0.726523	-0.032090	25.784725	0.168138	-533.953193	
0.414000	15.742204	0.815580	-0.034448	25.378928	0.304427	-533.773899	
0.415000	15.653412	0.758908	-0.036225	24.977017	0.390094	-533.595536	
0.416000	15.628043	0.993694	-0.037004	24.579050	0.347261	-533.418024	
0.417000	15.480055	0.977502	-0.036550	24.185212	0.265487	-533.241323	
0.418000	15.674553	1.090847	-0.034766	23.795654	0.187608	-533.065448	
0.419000	15.683009	0.880349	-0.031896	23.410388	0.284957	-532.890462	
0.420000	15.729520	0.767004	-0.028404	23.029389	0.242123	-532.716459	
0.421000	15.716835	1.066559	-0.024503	22.652706	0.374518	-532.543570	
0.422000	15.505425	0.856061	-0.020322	22.280517	0.327791	-532.371951	
0.423000	15.585761	0.896541	-0.016208	21.912967	0.265487	-532.201758	
0.424000	15.640727	0.977502	-0.012520	21.550052	0.327791	-532.033126	
0.425000	15.628043	0.880349	-0.009577	21.191731	0.355048	-531.866151	
0.426000	15.615358	1.017982	-0.007748	20.838048	0.409564	-531.700874	
0.427000	15.492740	0.912733	-0.007270	20.489196	0.421246	-531.537290	
0.428000	15.547707	0.937022	-0.008062	20.145329	0.179820	-531.375364	
0.429000	15.670325	0.702235	-0.009672	19.806431	0.355048	-531.215028	
0.430000	15.666097	0.831773	-0.011536	19.472436	0.269381	-531.056183	
0.431000	15.653412	0.985598	-0.013250	19.143373	0.393988	-530.898715	
0.432000	15.577304	0.823676	-0.014518	18.819423	0.210972	-530.742524	
0.433000	15.602673	0.928926	-0.015261	18.500730	0.113622	-530.587545	
0.434000	15.674553	0.799388	-0.015666	18.187264	0.125304	-530.433755	
0.435000	15.657640	0.953214	-0.015785	17.878951	0.382306	-530.281170	
0.436000	15.636499	0.880349	-0.015015	17.575815	0.374518	-530.129835	
0.437000	15.518109	1.034175	-0.012307	17.278048	0.390094	-529.979825	
0.438000	15.564620	0.945118	-0.007365	16.985798	0.316109	-529.831259	
0.439000	15.729520	0.516025	-0.001084	16.699025	0.405670	-529.684285	
0.440000	15.623814	0.920829	0.005340	16.417637	0.390094	-529.539044	
0.441000	15.632271	0.945118	0.011044	16.141644	0.327791	-529.395643	
0.442000	15.471599	0.799388	0.015556	15.871227	0.320003	-529.254152	
0.443000	15.615358	0.669851	0.018705	15.606520	0.094153	-529.114601	
0.444000	15.721063	0.945118	0.020695	15.347463	0.261593	-528.976978	
0.445000	15.594217	0.799388	0.022102	15.093949	0.183714	-528.841234	
0.446000	15.619586	0.880349	0.023177	14.845993	0.304427	-528.707274	
0.447000	15.412404	0.726523	0.023563	14.603785	0.347261	-528.574971	
0.448000	15.644956	0.799388	0.023028	14.367462	0.226548	-528.444205	
0.449000	15.653412	0.847965	0.021760	14.136955	0.440716	-528.314871	
0.450000	15.661868	0.750812	0.019913	13.912148	0.160350	-528.186895	
0.451000	15.518109	0.831773	0.017404	13.693060	0.397882	-528.060241	
0.452000	15.395491	0.985598	0.013944	13.479895	0.382306	-527.934918	
0.453000	15.683009	1.001790	0.009066	13.272784	0.312215	-527.810984	
0.454000	15.657640	0.839869	0.002684	13.071642	0.222654	-527.688535	
0.455000	15.746433	0.710331	-0.004536	12.876324	0.117516	-527.567700	
0.456000	15.619586	0.807484	-0.011791	12.686833	0.261593	-527.448619	
0.457000	15.446230	0.775100	-0.018526	12.503363	0.284957	-527.331416	
0.458000	15.619586	0.904637	-0.024350	12.326047	0.179820	-527.216192	
0.459000	15.704150	0.920829	-0.029188	12.154785	0.284957	-527.103003	
0.460000	15.742204	0.734620	-0.033150	11.989422	0.292745	-526.991849	
0.461000	15.615358	0.726523	-0.036182	11.829962	0.425140	-526.882684	
0.462000	15.382807	0.888445	-0.038212	11.676608	0.347261	-526.775427	
0.463000	15.475827	0.912733	-0.039314	11.529487	0.277169	-526.669960	
0.464000	15.653412	0.985598	-0.039529	11.388479	0.374518	-526.566148	
0.465000	15.674553	0.872253	-0.038875	11.253414	0.432928	-526.463853	
0.466000	15.628043	0.937022	-0.037445	11.124285	0.331685	-526.362964	
0.467000	15.454686	0.896541	-0.035405	11.001297	0.386200	-526.263411	
0.468000	15.623814	0.613178	-0.032883	10.884569	0.238229	-526.165181	
0.469000	15.712607	0.807484	-0.029860	10.773971	0.226548	-526.068310	
0.470000	15.784486	0.847965	-0.026269	10.669324	0.312215	-525.972860	
0.471000	15.649184	0.799388	-0.022132	10.570634	0.246017	-525.878930	
0.472000	15.416632	0.880349	-0.017692	10.478123	0.288851	-525.786646	
0.473000	15.594217	0.928926	-0.013403	10.391912	0.249911	-525.696142	
0.474000	15.594217	0.961310	-0.009694	10.311857	0.393988	-525.607530	
0.475000	15.615358	0.661755	-0.006737	10.237771	0.300533	-525.520878	
0.476000	15.564620	0.896541	-0.004326	10.169668	0.331685	-525.436202	
0.477000	15.513881	0.856061	-0.001806	10.107774	0.429034	-525.353472	
0.478000	15.661868	1.001790	0.001500	10.052199	0.320003	-525.272629	
0.479000	15.623814	0.920829	0.005308	10.002777	0.335579	-525.193586	
0.480000	15.619586	0.726523	0.008684	9.959305	0.269381	-525.116219	
0.481000	15.632271	0.945118	0.011259	9.921785	0.343367	-525.040385	
0.482000	15.442002	0.847965	0.013193	9.890438	0.183714	-524.965953	
0.483000	15.657640	0.807484	0.014573	9.865362	0.242123	-524.892827	
0.484000	15.649184	0.750812	0.015386	9.846385	0.347261	-524.820960	
0.485000	15.666097	0.629370	0.015745	9.833292	0.207078	-524.750349	
0.486000	15.488512	0.985598	0.016160	9.826088	0.300533	-524.681023	
0.487000	15.437773	0.799388	0.017564	9.824997	0.331685	-524.613039	
0.488000	15.674553	0.985598	0.020323	9.830112	0.308321	-524.546496	
0.489000	15.644956	0.637467	0.023627	9.841247	0.569217	-524.481520	
0.490000	15.704150	0.734620	0.026359	9.858176	0.191502	-524.418232	
0.491000	15.526566	1.001790	0.027745	9.880901	0.370624	-524.356722	
0.492000	15.408176	0.880349	0.027301	9.909635	0.296639	-524.297040	
0.493000	15.628043	0.953214	0.024579	9.944452	0.374518	-524.239189	
0.494000	15.809856	0.823676	0.019061	9.985140	0.448504	-524.183140	
0.495000	15.691466	0.896541	0.010791	10.031462	0.238229	-524.128826	
0.496000	15.471599	0.726523	0.000753	10.083424	0.203184	-524.076140	
0.497000	15.391263	0.815580	-0.009705	10.141247	0.320003	-524.024946	
0.498000	15.589989	0.977502	-0.019339	10.205002	0.187608	-523.975108	
0.499000	15.725291	0.880349	-0.027362	10.274471	0.343367	-523.926505	
0.500000	15.628043	0.904637	-0.033529	10.349418	0.351155	-523.879049	0.000000
0.501000	15.543479	0.726523	-0.037698	10.429862	0.296639	-523.832689	
0.502000	15.471599	0.977502	-0.039649	10.516034	0.409564	-523.787424	
0.503000	15.606902	0.888445	-0.039216	10.607993	0.409564	-523.743288	
0.504000	15.712607	0.888445	-0.036469	10.705497	0.495231	-523.700353	
0.505000	15.632271	0.831773	-0.032003	10.808290	0.253805	-523.658727	
0.506000	15.666097	0.629370	-0.026873	10.916378	0.347261	-523.618531	
0.507000	15.496968	0.888445	-0.021999	11.029974	0.347261	-523.579881	
0.508000	15.632271	0.912733	-0.017816	11.149126	0.230441	-523.542864	
0.509000	15.623814	0.872253	-0.014387	11.273584	0.316109	-523.507520	
0.510000	15.704150	0.767004	-0.011579	11.403093	0.269381	-523.473835	
0.511000	15.522337	0.734620	-0.009496	11.537669	0.370624	-523.441752	
0.512000	15.450458	0.710331	-0.008711	11.677535	0.277169	-523.411187	
0.513000	15.594217	0.945118	-0.009482	11.822727	0.347261	-523.382019	
0.514000	15.522337	0.969406	-0.011253	11.972985	0.409564	-523.354103	
0.515000	15.632271	0.896541	-0.013284	12.128043	0.358942	-523.327293	
0.516000	15.543479	0.969406	-0.015170	12.287908	0.432928	-523.301459	
0.517000	15.518109	0.702235	-0.016786	12.452794	0.358942	-523.276517	
0.518000	15.687238	0.799388	-0.017742	12.622723	0.351155	-523.252440	
0.519000	15.589989	0.653659	-0.016856	12.797425	0.401776	-523.229252	
0.520000	15.683009	0.961310	-0.013017	12.976628	0.347261	-523.207004	
0.521000	15.556163	0.920829	-0.006370	13.160356	0.222654	-523.185783	
0.522000	15.598445	0.637467	0.001949	13.348834	0.335579	-523.165707	
0.523000	15.628043	0.750812	0.010686	13.542083	0.284957	-523.146899	
0.524000	15.691466	0.726523	0.018891	13.739825	0.475762	-523.129464	
0.525000	15.602673	0.831773	0.026000	13.941791	0.296639	-523.113470	
0.526000	15.496968	1.009886	0.031718	14.148006	0.467974	-523.098923	
0.527000	15.585761	1.131328	0.035874	14.358695	0.331685	-523.085779	
0.528000	15.606902	0.847965	0.038407	14.573872	0.397882	-523.073962	
0.529000	15.712607	0.807484	0.039352	14.793245	0.448504	-523.063371	
0.530000	15.573076	0.596986	0.038950	15.016540	0.378412	-523.053874	
0.531000	15.442002	0.750812	0.037726	15.243789	0.436822	-523.045319	
0.532000	15.581532	0.896541	0.036175	15.475218	0.393988	-523.037568	
0.533000	15.695694	0.807484	0.034480	15.710828	0.397882	-523.030513	
0.534000	15.725291	0.791292	0.032651	15.950319	0.265487	-523.024096	
0.535000	15.623814	1.001790	0.030627	16.193416	0.382306	-523.018311	
0.536000	15.526566	0.985598	0.028391	16.440150	0.230441	-523.013188	
0.537000	15.568848	0.864157	0.026272	16.690738	0.308321	-523.008784	
0.538000	15.687238	1.009886	0.024702	16.945174	0.257699	-523.005194	
0.539000	15.661868	0.726523	0.023634	17.203154	0.351155	-523.002534	
0.540000	15.615358	0.637467	0.022582	17.464402	0.281063	-523.000918	
0.541000	15.492740	0.847965	0.021046	17.728954	0.347261	-523.000437	
0.542000	15.615358	0.880349	0.018758	17.997033	0.253805	-523.001139	
0.543000	15.560391	0.985598	0.015773	18.268624	0.269381	-523.003023	
0.544000	15.657640	0.791292	0.012490	18.543412	0.374518	-523.006048	
0.545000	15.742204	0.677947	0.009400	18.821112	0.059107	-523.010140	
0.546000	15.501196	0.783196	0.006601	19.101761	0.168138	-523.015187	
0.547000	15.712607	0.807484	0.003946	19.385580	0.281063	-523.021051	
0.548000	15.585761	0.937022	0.001585	19.672553	0.378412	-523.027592	
0.549000	15.644956	1.017982	-7.267760E-5	19.962362	0.312215	-523.034681	
0.550000	15.670325	0.815580	-0.000704	20.254724	0.425140	-523.042219	
0.551000	15.442002	0.823676	-0.000273	20.549676	0.277169	-523.050152	
0.552000	15.653412	0.799388	0.001126	20.847434	0.292745	-523.058477	
0.553000	15.573076	0.969406	0.003488	21.147974	0.222654	-523.067231	
0.554000	15.653412	0.815580	0.006702	21.450969	0.397882	-523.076484	
0.555000	15.644956	0.750812	0.010363	21.756132	0.179820	-523.086339	
0.556000	15.471599	0.799388	0.013901	22.063495	0.323897	-523.096912	
0.557000	15.771802	0.686043	0.016764	22.373268	0.230441	-523.108314	
0.558000	15.657640	0.856061	0.018596	22.685416	0.405670	-523.120635	
0.559000	15.695694	0.726523	0.019396	22.999607	0.304427	-523.133919	
0.560000	15.589989	0.596986	0.018980	23.315556	0.242123	-523.148151	
0.561000	15.484284	0.694139	0.016749	23.633299	0.152562	-523.163275	
0.562000	15.683009	0.928926	0.012954	23.953046	0.242123	-523.179199	
0.563000	15.577304	0.953214	0.008720	24.274756	0.390094	-523.195802	
0.564000	15.547707	0.823676	0.004840	24.598103	0.467974	-523.212939	
0.565000	15.509653	0.896541	0.001702	24.922806	0.304427	-523.230467	
0.566000	15.437773	0.928926	-0.000507	25.248903	0.347261	-523.248260	
0.567000	15.683009	0.880349	-0.001644	25.576592	0.238229	-523.266231	
0.568000	15.640727	0.669851	-0.001590	25.905825	0.471868	-523.284351	
0.569000	15.644956	0.953214	-0.000774	26.236269	0.195396	-523.302640	
0.570000	15.560391	0.799388	-3.655286E-5	26.567638	0.253805	-523.321152	
0.571000	15.480055	0.823676	0.000276	26.899961	0.284957	-523.339976	
0.572000	15.737976	0.605082	0.000236	27.233439	0.226548	-523.359227	
0.573000	15.687238	0.750812	-0.000300	27.568027	0.366730	-523.379030	
0.574000	15.683009	0.726523	-0.001538	27.903400	0.316109	-523.399491	
0.575000	15.678781	0.815580	-0.003502	28.239281	0.304427	-523.420680	
0.576000	15.357437	0.993694	-0.006194	28.575707	0.312215	-523.442613	
0.577000	15.712607	0.912733	-0.009686	28.912874	0.218760	-523.465252	
0.578000	15.611130	0.718427	-0.013913	29.250733	0.440716	-523.488523	
0.579000	15.674553	0.791292	-0.018503	29.588955	0.491337	-523.512323	
0.580000	15.598445	0.742716	-0.023028	29.927261	0.378412	-523.536518	
0.581000	15.378578	0.969406	-0.027065	30.265688	0.187608	-523.560964	
0.582000	15.716835	0.888445	-0.030114	30.604423	0.366730	-523.585529	
0.583000	15.628043	0.896541	-0.031919	30.943414	0.292745	-523.610108	
0.584000	15.712607	0.856061	-0.032551	31.282334	0.460186	-523.634644	
0.585000	15.653412	0.726523	-0.032085	31.620908	0.362836	-523.659133	
0.586000	15.408176	0.839869	-0.030460	31.959173	0.355048	-523.683605	
0.587000	15.678781	0.775100	-0.027664	32.297318	0.351155	-523.708122	
0.588000	15.535022	0.945118	-0.023910	32.635287	0.436822	-523.732775	
0.589000	15.687238	0.847965	-0.019805	32.972766	0.429034	-523.757676	
0.590000	15.585761	0.912733	-0.016291	33.309486	0.281063	-523.782939	
0.591000	15.463143	0.872253	-0.014087	33.645485	0.296639	-523.808652	
0.592000	15.780258	0.888445	-0.013392	33.980946	0.304427	-523.834870	
0.593000	15.568848	1.131328	-0.014356	34.315814	0.436822	-523.861592	
0.594000	15.585761	0.718427	-0.017122	34.649772	0.343367	-523.888778	
0.595000	15.615358	0.961310	-0.021236	34.982556	0.343367	-523.916353	
0.596000	15.589989	0.823676	-0.025889	35.314199	0.234335	-523.944215	
0.597000	15.805627	0.953214	-0.030564	35.644886	0.323897	-523.972237	
0.598000	15.598445	0.904637	-0.034880	35.974569	0.292745	-524.000288	
0.599000	15.632271	0.928926	-0.038394	36.302941	0.355048	-524.028247	
0.600000	15.644956	0.880349	-0.040853	36.629746	0.261593	-524.056022	0.000000
0.601000	15.454686	0.888445	-0.042355	36.955025	0.355048	-524.083565	
0.602000	15.712607	0.823676	-0.043181	37.278963	0.374518	-524.110882	
0.603000	15.573076	1.074655	-0.043486	37.601514	0.405670	-524.138021	
0.604000	15.598445	0.945118	-0.043151	37.922376	0.374518	-524.165059	
0.605000	15.573076	0.839869	-0.042048	38.241292	0.331685	-524.192105	
0.606000	15.467371	0.775100	-0.040416	38.558293	0.273275	-524.219284	
0.607000	15.814084	0.767004	-0.038639	38.873553	0.284957	-524.246716	
0.608000	15.674553	0.726523	-0.037004	39.187021	0.343367	-524.274496	
0.609000	15.632271	0.961310	-0.035981	39.498400	0.425140	-524.302678	
0.610000	15.733748	1.017982	-0.036179	39.807442	0.269381	-524.331255	
0.611000	15.484284	0.831773	-0.038004	40.114179	0.238229	-524.360182	
0.612000	15.852138	0.815580	-0.041516	40.418783	0.393988	-524.389375	
0.613000	15.564620	0.847965	-0.046246	40.721212	0.405670	-524.418720	
0.614000	15.653412	0.912733	-0.051218	41.021186	0.327791	-524.448075	
0.615000	15.594217	0.872253	-0.055341	41.318466	0.242123	-524.477303	
0.616000	15.429317	0.920829	-0.057963	41.613090	0.316109	-524.506282	
0.617000	15.835225	0.880349	-0.059041	41.905234	0.288851	-524.534929	
0.618000	15.644956	0.686043	-0.058685	42.194858	0.358942	-524.563213	
0.619000	15.606902	0.694139	-0.056828	42.481687	0.425140	-524.591154	
0.620000	15.564620	0.588890	-0.053331	42.765491	0.242123	-524.618811	
0.621000	15.589989	0.791292	-0.048222	43.046309	0.156456	-524.646283	
0.622000	15.814084	0.815580	-0.041986	43.324318	0.257699	-524.673699	
0.623000	15.674553	0.831773	-0.035522	43.599481	0.269381	-524.701188	
0.624000	15.678781	0.896541	-0.029716	43.871539	0.339473	-524.728866	
0.625000	15.623814	0.839869	-0.025205	44.140271	0.242123	-524.756815	
0.626000	15.589989	0.856061	-0.022306	44.405725	0.323897	-524.785067	
0.627000	15.657640	0.920829	-0.020806	44.668082	0.343367	-524.813595	
0.628000	15.556163	0.742716	-0.020081	44.927315	0.397882	-524.842332	
0.629000	15.606902	0.969406	-0.019575	45.183173	0.425140	-524.871182	
0.630000	15.636499	0.977502	-0.018954	45.435442	0.312215	-524.900017	
0.631000	15.577304	0.872253	-0.017952	45.684157	0.257699	-524.928698	
0.632000	15.691466	0.896541	-0.016360	45.929477	0.323897	-524.957097	
0.633000	15.628043	0.686043	-0.014158	46.171367	0.273275	-524.985109	
0.634000	15.666097	0.961310	-0.011581	46.409574	0.390094	-525.012677	
0.635000	15.746433	0.856061	-0.008774	46.643894	0.234335	-525.039798	
0.636000	15.623814	0.686043	-0.005247	46.874370	0.195396	-525.066513	
0.637000	15.750661	0.783196	-0.000197	47.101177	0.277169	-525.092896	
0.638000	15.623814	0.750812	0.006446	47.324290	0.335579	-525.119048	
0.639000	15.475827	1.042271	0.013782	47.543479	0.335579	-525.145091	
0.640000	15.644956	0.847965	0.020692	47.758548	0.292745	-525.171144	
0.641000	15.598445	0.710331	0.026267	47.969546	0.296639	-525.197309	
0.642000	15.792943	0.629370	0.029993	48.176646	0.417352	-525.223650	
0.643000	15.606902	1.042271	0.031755	48.379826	0.479655	-525.250177	
0.644000	15.653412	0.985598	0.031408	48.578857	0.464080	-525.276853	
0.645000	15.602673	1.034175	0.029211	48.773549	0.265487	-525.303605	
0.646000	15.716835	0.742716	0.026306	48.963950	0.304427	-525.330334	
0.647000	15.784486	0.580794	0.023709	49.150229	0.265487	-525.356914	
0.648000	15.598445	0.791292	0.021755	49.332373	0.374518	-525.383217	
0.649000	15.581532	0.977502	0.020519	49.510170	0.304427	-525.409130	
0.650000	15.611130	0.783196	0.019854	49.683445	0.312215	-525.434569	
0.651000	15.776030	0.839869	0.019465	49.852253	0.366730	-525.459497	
0.652000	15.721063	0.775100	0.019213	50.016770	0.401776	-525.483926	
0.653000	15.585761	0.653659	0.019033	50.176995	0.421246	-525.507898	
0.654000	15.530794	1.050367	0.018689	50.332729	0.358942	-525.531489	
0.655000	15.602673	0.888445	0.017946	50.483806	0.355048	-525.554805	
0.656000	15.737976	0.880349	0.016760	50.630280	0.214866	-525.577978	
0.657000	15.737976	0.791292	0.015230	50.772322	0.308321	-525.601129	
0.658000	15.632271	0.718427	0.013601	50.909931	0.339473	-525.624355	
0.659000	15.661868	0.920829	0.012241	51.042915	0.316109	-525.647707	
0.660000	15.644956	0.953214	0.011226	51.171115	0.312215	-525.671188	
0.661000	15.771802	0.815580	0.009872	51.294586	0.179820	-525.694762	
0.662000	15.737976	0.702235	0.007372	51.413495	0.242123	-525.718357	
0.663000	15.649184	0.694139	0.003772	51.527843	0.370624	-525.741867	
0.664000	15.687238	1.026079	-0.000240	51.637452	0.464080	-525.765161	
0.665000	15.585761	0.791292	-0.003941	51.742176	0.281063	-525.788112	
0.666000	15.699922	0.864157	-0.006872	51.842074	0.261593	-525.810612	
0.667000	15.644956	0.831773	-0.008843	51.937313	0.308321	-525.832585	
0.668000	15.640727	0.807484	-0.009567	52.027900	0.413458	-525.854005	
0.669000	15.657640	0.904637	-0.008533	52.113664	0.339473	-525.874887	
0.670000	15.611130	0.823676	-0.005601	52.194462	0.425140	-525.895294	
0.671000	15.670325	0.937022	-0.001346	52.270358	0.218760	-525.915329	
0.672000	15.754889	0.839869	0.003271	52.341519	0.316109	-525.935126	
0.673000	15.674553	0.904637	0.007345	52.407956	0.405670	-525.954816	
0.674000	15.674553	0.864157	0.010393	52.469509	0.351155	-525.974516	
0.675000	15.666097	0.710331	0.012329	52.526053	0.214866	-525.994312	
0.676000	15.721063	0.839869	0.012897	52.577663	0.187608	-526.014244	
0.677000	15.780258	0.783196	0.011621	52.624515	0.386200	-526.034297	
0.678000	15.594217	1.301345	0.008648	52.666637	0.378412	-526.054411	
0.679000	15.577304	1.074655	0.004847	52.703883	0.409564	-526.074491	
0.680000	15.657640	0.945118	0.001006	52.736135	0.257699	-526.094416	
0.681000	15.683009	0.856061	-0.002298	52.763465	0.246017	-526.114062	
0.682000	15.670325	0.807484	-0.004626	52.786042	0.308321	-526.133307	
0.683000	15.556163	0.831773	-0.006020	52.803889	0.417352	-526.152050	
0.684000	15.661868	0.985598	-0.006978	52.816866	0.405670	-526.170233	
0.685000	15.640727	0.912733	-0.007677	52.824860	0.401776	-526.187857	
0.686000	15.940930	0.669851	-0.007554	52.827942	0.144774	-526.204969	
0.687000	15.733748	0.888445	-0.006166	52.826286	0.304427	-526.221649	
0.688000	15.649184	0.864157	-0.003724	52.819921	0.323897	-526.238005	
0.689000	15.577304	1.090847	-0.000716	52.808725	0.327791	-526.254168	
0.690000	15.611130	0.888445	0.002056	52.792594	0.401776	-526.270266	
0.691000	15.814084	0.815580	0.003615	52.771611	0.148668	-526.286411	
0.692000	15.653412	0.807484	0.003702	52.745955	0.429034	-526.302676	
0.693000	15.585761	0.961310	0.002859	52.715663	0.460186	-526.319072	
0.694000	15.543479	1.309441	0.001450	52.680613	0.382306	-526.335564	
0.695000	15.598445	0.799388	-0.000659	52.640706	0.362836	-526.352084	
0.696000	15.818312	0.831773	-0.003627	52.596017	0.121410	-526.368532	
0.697000	15.754889	0.686043	-0.007329	52.546720	0.335579	-526.384790	
0.698000	15.653412	0.815580	-0.011378	52.492856	0.347261	-526.400729	
0.699000	15.598445	1.123232	-0.015463	52.434317	0.331685	-526.416237	
0.700000	15.581532	0.904637	-0.019621	52.371017	0.199290	-526.431233	0.000000
0.701000	15.763345	0.969406	-0.023930	52.303043	0.175926	-526.445689	
0.702000	15.801399	0.572698	-0.027836	52.230574	0.242123	-526.459622	
0.703000	15.666097	0.928926	-0.029885	52.153664	0.534171	-526.473084	
0.704000	15.611130	1.034175	-0.029021	52.072223	0.456292	-526.486157	
0.705000	15.585761	0.969406	-0.025745	51.986177	0.378412	-526.498959	
0.706000	15.742204	0.888445	-0.021381	51.895612	0.168138	-526.511626	
0.707000	15.759117	0.864157	-0.017123	51.800697	0.320003	-526.524281	
0.708000	15.589989	0.993694	-0.013800	51.701479	0.436822	-526.537017	
0.709000	15.666097	0.920829	-0.011964	51.597864	0.320003	-526.549889	
0.710000	15.683009	0.807484	-0.012303	51.489776	0.242123	-526.562908	
0.711000	15.737976	0.791292	-0.015935	51.377292	0.094153	-526.576044	
0.712000	15.699922	0.726523	-0.023493	51.260577	0.296639	-526.589229	
0.713000	15.628043	1.155616	-0.034057	51.139679	0.323897	-526.602351	
0.714000	15.691466	1.026079	-0.045767	51.014521	0.234335	-526.615275	
0.715000	15.602673	0.799388	-0.057060	50.885041	0.199290	-526.627876	
0.716000	15.699922	0.928926	-0.067088	50.751328	0.210972	-526.640052	
0.717000	15.640727	0.856061	-0.075355	50.613549	0.378412	-526.651730	
0.718000	15.551935	0.912733	-0.081509	50.471758	0.355048	-526.662881	
0.719000	15.729520	1.066559	-0.085887	50.325880	0.281063	-526.673520	
0.720000	15.666097	1.034175	-0.089347	50.175857	0.281063	-526.683708	
0.721000	15.678781	0.896541	-0.092109	50.021776	0.082471	-526.693552	
0.722000	15.678781	0.823676	-0.093697	49.863803	0.440716	-526.703187	
0.723000	15.628043	0.985598	-0.093782	49.701992	0.370624	-526.712744	
0.724000	15.708379	1.009886	-0.092358	49.536277	0.300533	-526.722336	
0.725000	15.678781	0.710331	-0.089635	49.366607	0.288851	-526.732058	
0.726000	15.784486	0.799388	-0.085930	49.193070	0.136986	-526.741958	
0.727000	15.640727	0.856061	-0.081638	49.015833	0.269381	-526.752032	
0.728000	15.632271	0.880349	-0.077299	48.834959	0.296639	-526.762225	
0.729000	15.628043	1.026079	-0.073189	48.650400	0.397882	-526.772446	
0.730000	15.606902	0.823676	-0.069089	48.462118	0.308321	-526.782575	
0.731000	15.737976	0.864157	-0.064624	48.270204	0.156456	-526.792484	
0.732000	15.695694	0.823676	-0.059564	48.074821	0.347261	-526.802053	
0.733000	15.556163	1.066559	-0.054007	47.876036	0.366730	-526.811182	
0.734000	15.615358	1.066559	-0.048249	47.673801	0.323897	-526.819812	
0.735000	15.670325	0.912733	-0.042422	47.468081	0.144774	-526.827943	
0.736000	15.721063	1.009886	-0.036254	47.258964	0.070789	-526.835624	
0.737000	15.801399	0.661755	-0.029275	47.046611	0.203184	-526.842939	
0.738000	15.632271	0.896541	-0.021423	46.831091	0.393988	-526.849998	
0.739000	15.577304	0.896541	-0.013252	46.612366	0.261593	-526.856937	
0.740000	15.670325	0.977502	-0.005540	46.390401	0.242123	-526.863887	
0.741000	15.733748	0.847965	0.000935	46.165282	0.121410	-526.870959	
0.742000	15.750661	0.775100	0.005640	45.937167	0.335579	-526.878222	
0.743000	15.484284	1.366114	0.008501	45.706129	0.362836	-526.885686	
0.744000	15.666097	0.904637	0.009516	45.472134	0.413458	-526.893316	
0.745000	15.539250	0.985598	0.008580	45.235155	0.187608	-526.901046	
0.746000	15.699922	0.677947	0.005792	44.995270	0.316109	-526.908783	
0.747000	15.792943	0.653659	0.001590	44.752629	0.308321	-526.916404	
0.748000	15.628043	0.961310	-0.003219	44.507298	0.323897	-526.923782	
0.749000	15.674553	0.953214	-0.007674	44.259255	0.308321	-526.930809	
0.750000	15.598445	0.758908	-0.011017	44.008487	0.226548	-526.937410	
0.751000	15.708379	0.742716	-0.012755	43.755080	0.082471	-526.943563	
0.752000	15.636499	0.596986	-0.012485	43.499181	0.218760	-526.949282	
0.753000	15.683009	1.001790	-0.009781	43.240864	0.308321	-526.954614	
0.754000	15.632271	0.758908	-0.004577	42.980128	0.413458	-526.959638	
0.755000	15.653412	0.767004	0.002440	42.716972	0.136986	-526.964470	
0.756000	15.632271	0.864157	0.010025	42.451483	0.249911	-526.969246	
0.757000	15.644956	0.767004	0.016911	42.183801	0.362836	-526.974085	
0.758000	15.640727	1.001790	0.022342	41.913999	0.320003	-526.979075	
0.759000	15.606902	0.912733	0.026224	41.642070	0.316109	-526.984261	
0.760000	15.670325	0.548410	0.028833	41.368013	0.273275	-526.989653	
0.761000	15.742204	0.831773	0.030845	41.091905	0.214866	-526.995226	
0.762000	15.704150	0.815580	0.033202	40.813877	0.335579	-527.000916	
0.763000	15.602673	1.034175	0.036158	40.533997	0.343367	-527.006617	
0.764000	15.619586	0.920829	0.039121	40.252269	0.382306	-527.012194	
0.765000	15.687238	0.807484	0.041451	39.968700	0.070789	-527.017524	
0.766000	15.695694	0.686043	0.042727	39.683374	0.199290	-527.022508	
0.767000	15.653412	0.839869	0.042567	39.396424	0.320003	-527.027078	
0.768000	15.526566	1.155616	0.040824	39.107928	0.362836	-527.031202	
0.769000	15.653412	1.074655	0.038019	38.817906	0.409564	-527.034893	
0.770000	15.708379	0.888445	0.035180	38.526375	0.234335	-527.038208	
0.771000	15.759117	0.726523	0.033277	38.233409	0.183714	-527.041253	
0.772000	15.674553	0.815580	0.032611	37.939132	0.284957	-527.044161	
0.773000	15.606902	1.034175	0.032546	37.643616	0.378412	-527.047066	
0.774000	15.636499	0.904637	0.032209	37.346882	0.238229	-527.050083	
0.775000	15.674553	0.847965	0.031165	37.048951	0.129198	-527.053303	
0.776000	15.733748	0.710331	0.029336	36.749896	0.136986	-527.056774	
0.777000	15.699922	0.540314	0.026814	36.449835	0.246017	-527.060488	
0.778000	15.551935	0.945118	0.024183	36.148850	0.312215	-527.064394	
0.779000	15.551935	0.831773	0.022376	35.847003	0.331685	-527.068401	
0.780000	15.615358	0.880349	0.021693	35.544347	0.172032	-527.072388	
0.781000	15.649184	0.791292	0.021769	35.240960	0.296639	-527.076224	
0.782000	15.687238	0.807484	0.022407	34.936943	0.401776	-527.079781	
0.783000	15.632271	1.090847	0.023539	34.632368	0.355048	-527.082952	
0.784000	15.577304	0.904637	0.024798	34.327284	0.355048	-527.085681	
0.785000	15.598445	0.750812	0.025579	34.021732	0.101940	-527.087969	
0.786000	15.754889	0.686043	0.025317	33.715776	0.277169	-527.089861	
0.787000	15.737976	0.710331	0.023882	33.409503	0.214866	-527.091432	
0.788000	15.695694	0.831773	0.021541	33.102981	0.164244	-527.092789	
0.789000	15.581532	0.896541	0.018558	32.796281	0.292745	-527.094069	
0.790000	15.644956	0.791292	0.015113	32.489465	0.082471	-527.095412	
0.791000	15.695694	0.831773	0.011224	32.182596	0.242123	-527.096939	
0.792000	15.619586	0.839869	0.006741	31.875761	0.370624	-527.098720	
0.793000	15.598445	0.928926	0.001626	31.569032	0.281063	-527.100763	
0.794000	15.547707	0.831773	-0.004276	31.262496	0.491337	-527.103034	
0.795000	15.657640	0.961310	-0.011695	30.956230	0.140880	-527.105472	
0.796000	15.683009	1.074655	-0.021239	30.650295	0.277169	-527.107980	
0.797000	15.644956	0.961310	-0.032318	30.344760	0.277169	-527.110429	
0.798000	15.589989	1.042271	-0.043392	30.039691	0.296639	-527.112684	
0.799000	15.640727	0.775100	-0.052984	29.735170	0.351155	-527.114627	
0.800000	15.678781	0.677947	-0.060103	29.431274	0.148668	-527.116187	0.000000
0.801000	15.704150	0.839869	-0.064209	29.128057	0.136986	-527.117341	
0.802000	15.708379	0.686043	-0.065267	28.825583	0.203184	-527.118111	
0.803000	15.492740	1.001790	-0.063487	28.523917	0.246017	-527.118543	
0.804000	15.632271	0.969406	-0.058950	28.223163	0.386200	-527.118714	
0.805000	15.657640	0.783196	-0.052032	27.923414	0.086365	-527.118742	
0.806000	15.699922	0.734620	-0.043721	27.624719	0.304427	-527.118765	
0.807000	15.644956	0.888445	-0.035077	27.327125	0.343367	-527.118908	
0.808000	15.535022	1.066559	-0.026856	27.030689	0.405670	-527.119258	
0.809000	15.577304	0.961310	-0.019456	26.735520	0.331685	-527.119859	
0.810000	15.632271	1.042271	-0.012892	26.441713	0.168138	-527.120714	
0.811000	15.805627	0.742716	-0.007433	26.149308	0.222654	-527.121798	
0.812000	15.691466	0.621274	-0.004184	25.858338	0.335579	-527.123052	
0.813000	15.505425	0.937022	-0.004061	25.568863	0.249911	-527.124369	
0.814000	15.526566	0.977502	-0.006616	25.281018	0.316109	-527.125616	
0.815000	15.632271	0.799388	-0.010470	24.994922	0.043531	-527.126672	
0.816000	15.746433	0.847965	-0.014368	24.710613	0.347261	-527.127442	
0.817000	15.649184	0.831773	-0.017492	24.428110	0.370624	-527.127860	
0.818000	15.640727	0.904637	-0.019295	24.147466	0.393988	-527.127901	
0.819000	15.480055	0.945118	-0.019470	23.868806	0.409564	-527.127581	
0.820000	15.691466	0.961310	-0.017856	23.592235	0.109728	-527.126955	
0.821000	15.767574	0.791292	-0.014566	23.317770	0.284957	-527.126122	
0.822000	15.632271	0.710331	-0.010290	23.045411	0.257699	-527.125209	
0.823000	15.687238	0.937022	-0.006081	22.775197	0.323897	-527.124347	
0.824000	15.543479	0.823676	-0.002770	22.507263	0.304427	-527.123655	
0.825000	15.661868	0.823676	-0.000705	22.241719	0.133092	-527.123226	
0.826000	15.742204	0.888445	5.971353E-5	21.978574	0.242123	-527.123110	
0.827000	15.704150	0.823676	-0.000613	21.717815	0.296639	-527.123296	
0.828000	15.699922	1.001790	-0.003177	21.459486	0.417352	-527.123734	
0.829000	15.556163	0.734620	-0.008010	21.203741	0.300533	-527.124342	
0.830000	15.632271	0.977502	-0.014729	20.950707	0.168138	-527.125008	
0.831000	15.640727	0.904637	-0.022286	20.700396	0.199290	-527.125604	
0.832000	15.611130	0.961310	-0.029657	20.452784	0.370624	-527.126002	
0.833000	15.636499	0.969406	-0.036231	20.207907	0.405670	-527.126096	
0.834000	15.619586	0.605082	-0.041619	19.965915	0.316109	-527.125828	
0.835000	15.594217	0.799388	-0.045385	19.726930	0.133092	-527.125198	
0.836000	15.670325	0.969406	-0.047228	19.490947	0.261593	-527.124252	
0.837000	15.678781	0.912733	-0.047186	19.257920	0.210972	-527.123061	
0.838000	15.606902	0.985598	-0.045514	19.027883	0.444610	-527.121728	
0.839000	15.636499	0.815580	-0.042684	18.801012	0.226548	-527.120387	
0.840000	15.615358	0.750812	-0.039396	18.577455	0.047425	-527.119178	
0.841000	15.704150	0.823676	-0.036219	18.357206	0.316109	-527.118222	
0.842000	15.661868	0.815580	-0.033487	18.140211	0.288851	-527.117592	
0.843000	15.589989	0.985598	-0.031501	17.926494	0.421246	-527.117298	
0.844000	15.480055	1.098943	-0.030310	17.716218	0.284957	-527.117307	
0.845000	15.535022	0.767004	-0.029703	17.509510	0.234335	-527.117560	
0.846000	15.708379	0.839869	-0.029584	17.306344	0.230441	-527.117963	
0.847000	15.623814	0.937022	-0.029910	17.106648	0.308321	-527.118393	
0.848000	15.598445	0.969406	-0.030445	16.910448	0.292745	-527.118711	
0.849000	15.458914	0.888445	-0.030913	16.717921	0.277169	-527.118796	
0.850000	15.678781	0.872253	-0.031226	16.529205	0.144774	-527.118566	
0.851000	15.721063	0.896541	-0.031316	16.344264	0.242123	-527.117995	
0.852000	15.615358	0.775100	-0.030850	16.163011	0.226548	-527.117100	
0.853000	15.628043	0.985598	-0.029030	15.985465	0.253805	-527.115927	
0.854000	15.429317	0.985598	-0.024877	15.811810	0.292745	-527.114551	
0.855000	15.615358	0.872253	-0.018233	15.642189	0.261593	-527.113087	
0.856000	15.653412	0.920829	-0.010212	15.476555	0.288851	-527.111670	
0.857000	15.666097	0.734620	-0.002420	15.314811	0.382306	-527.110422	
0.858000	15.594217	0.961310	0.003991	15.156972	0.518595	-527.109436	
0.859000	15.403948	1.074655	0.008516	15.003227	0.432928	-527.108756	
0.860000	15.644956	0.969406	0.011177	14.853706	0.164244	-527.108380	
0.861000	15.721063	0.856061	0.012266	14.708346	0.327791	-527.108271	
0.862000	15.716835	0.686043	0.011770	14.567032	0.370624	-527.108360	
0.863000	15.543479	0.945118	0.009618	14.429771	0.382306	-527.108539	
0.864000	15.505425	0.856061	0.006274	14.296753	0.316109	-527.108681	
0.865000	15.589989	0.896541	0.002425	14.168115	0.098047	-527.108666	
0.866000	15.704150	0.937022	-0.001528	14.043782	0.253805	-527.108395	
0.867000	15.712607	0.791292	-0.005403	13.923634	0.331685	-527.107797	
0.868000	15.598445	0.783196	-0.008975	13.807683	0.308321	-527.106847	
0.869000	15.374350	1.034175	-0.011871	13.696135	0.284957	-527.105559	
0.870000	15.458914	0.953214	-0.013664	13.589128	0.273275	-527.103987	
0.871000	15.687238	0.767004	-0.014205	13.486575	0.249911	-527.102223	
0.872000	15.623814	0.896541	-0.013700	13.388335	0.343367	-527.100387	
0.873000	15.623814	0.864157	-0.012518	13.294408	0.296639	-527.098606	
0.874000	15.484284	0.872253	-0.011090	13.204992	0.316109	-527.096996	
0.875000	15.602673	0.847965	-0.009832	13.120216	0.320003	-527.095646	
0.876000	15.674553	0.872253	-0.009046	13.039976	0.331685	-527.094600	
0.877000	15.704150	0.637467	-0.008854	12.964115	0.312215	-527.093847	
0.878000	15.674553	0.904637	-0.009299	12.892629	0.277169	-527.093332	
0.879000	15.433545	0.912733	-0.010541	12.825718	0.261593	-527.092977	
0.880000	15.585761	0.799388	-0.012663	12.763507	0.047425	-527.092674	
0.881000	15.670325	0.839869	-0.015332	12.705883	0.327791	-527.092295	
0.882000	15.628043	0.750812	-0.017952	12.652685	0.300533	-527.091710	
0.883000	15.573076	0.920829	-0.020048	12.603910	0.382306	-527.090808	
0.884000	15.416632	0.937022	-0.021423	12.559758	0.370624	-527.089524	
0.885000	15.632271	0.815580	-0.021776	12.520347	0.183714	-527.087856	
0.886000	15.598445	1.009886	-0.020350	12.485548	0.347261	-527.085845	
0.887000	15.636499	0.872253	-0.016791	12.455182	0.401776	-527.083565	
0.888000	15.649184	0.864157	-0.011852	12.429245	0.320003	-527.081116	
0.889000	15.463143	0.888445	-0.006710	12.407942	0.183714	-527.078627	
0.890000	15.678781	0.750812	-0.002250	12.391394	0.152562	-527.076232	
0.891000	15.649184	0.807484	0.001117	12.379466	0.312215	-527.074051	
0.892000	15.632271	0.864157	0.003269	12.371977	0.308321	-527.072158	
0.893000	15.644956	0.920829	0.004128	12.368931	0.339473	-527.070566	
0.894000	15.382807	0.961310	0.003586	12.370543	0.374518	-527.069235	
0.895000	15.543479	0.726523	0.001443	12.376932	0.226548	-527.068099	
0.896000	15.619586	0.767004	-0.002206	12.387950	0.440716	-527.067060	
0.897000	15.632271	1.050367	-0.006734	12.403403	0.253805	-527.065990	
0.898000	15.505425	1.026079	-0.011394	12.423291	0.366730	-527.064749	
0.899000	15.395491	0.937022	-0.015569	12.447829	0.304427	-527.063217	
0.900000	15.615358	0.815580	-0.018837	12.477117	0.257699	-527.061311	0.000000
0.901000	15.750661	0.710331	-0.021044	12.510989	0.421246	-527.059001	
0.902000	15.733748	0.734620	-0.022119	12.549239	0.386200	-527.056306	
0.903000	15.539250	0.912733	-0.021858	12.591873	0.370624	-527.053277	
0.904000	15.412404	0.904637	-0.020083	12.639110	0.323897	-527.049993	
0.905000	15.598445	0.977502	-0.017018	12.691052	0.253805	-527.046567	
0.906000	15.683009	1.001790	-0.013347	12.747523	0.549747	-527.043136	
0.907000	15.640727	0.912733	-0.009899	12.808314	0.292745	-527.039826	
0.908000	15.509653	0.823676	-0.007276	12.873438	0.397882	-527.036737	
0.909000	15.391263	0.831773	-0.005634	12.943122	0.335579	-527.033918	
0.910000	15.577304	0.783196	-0.004942	13.017455	0.265487	-527.031373	
0.911000	15.577304	0.815580	-0.005600	13.096243	0.479655	-527.029064	
0.912000	15.653412	0.799388	-0.008305	13.179264	0.269381	-527.026921	
0.913000	15.708379	0.839869	-0.013122	13.266529	0.351155	-527.024838	
0.914000	15.403948	0.993694	-0.019247	13.358267	0.393988	-527.022693	
0.915000	15.615358	0.864157	-0.025570	13.454559	0.265487	-527.020366	
0.916000	15.628043	0.864157	-0.031076	13.555203	0.386200	-527.017758	
0.917000	15.674553	0.686043	-0.034973	13.659968	0.261593	-527.014798	
0.918000	15.670325	0.880349	-0.037017	13.768866	0.358942	-527.011460	
0.919000	15.437773	0.750812	-0.037725	13.882121	0.292745	-527.007765	
0.920000	15.619586	0.872253	-0.037585	13.999810	0.331685	-527.003776	
0.921000	15.509653	0.896541	-0.036406	14.121722	0.316109	-526.999592	
0.922000	15.687238	0.839869	-0.034004	14.247625	0.284957	-526.995333	
0.923000	15.623814	0.977502	-0.030784	14.377545	0.467974	-526.991125	
0.924000	15.437773	0.742716	-0.027433	14.511722	0.366730	-526.987084	
0.925000	15.636499	0.888445	-0.024484	14.650227	0.249911	-526.983306	
0.926000	15.619586	0.831773	-0.022189	14.792831	0.393988	-526.979842	
0.927000	15.683009	0.532217	-0.020764	14.939283	0.257699	-526.976683	
0.928000	15.471599	0.677947	-0.020673	15.089587	0.273275	-526.973774	
0.929000	15.467371	0.750812	-0.022307	15.243961	0.284957	-526.971034	
0.930000	15.589989	0.767004	-0.025456	15.402458	0.238229	-526.968352	
0.931000	15.611130	0.677947	-0.029278	15.564843	0.440716	-526.965602	
0.932000	15.606902	0.977502	-0.032863	15.730872	0.257699	-526.962657	
0.933000	15.492740	1.034175	-0.035638	15.900563	0.343367	-526.959406	
0.934000	15.484284	0.856061	-0.037213	16.074145	0.339473	-526.955784	
0.935000	15.644956	0.920829	-0.037442	16.251669	0.417352	-526.951784	
0.936000	15.632271	0.823676	-0.036550	16.432884	0.374518	-526.947447	
0.937000	15.615358	0.904637	-0.034818	16.617540	0.331685	-526.942843	
0.938000	15.509653	0.864157	-0.032358	16.805662	0.331685	-526.938078	
0.939000	15.556163	0.888445	-0.029212	16.997486	0.288851	-526.933279	
0.940000	15.678781	0.872253	-0.025551	17.193052	0.246017	-526.928582	
0.941000	15.674553	0.742716	-0.021629	17.392103	0.456292	-526.924109	
0.942000	15.632271	0.742716	-0.017604	17.594389	0.320003	-526.919938	
0.943000	15.581532	0.677947	-0.013602	17.799944	0.327791	-526.916090	
0.944000	15.480055	0.920829	-0.009844	18.009003	0.327791	-526.912537	
0.945000	15.598445	0.904637	-0.006532	18.221595	0.253805	-526.909215	
0.946000	15.530794	0.864157	-0.003689	18.437451	0.429034	-526.906029	
0.947000	15.640727	0.710331	-0.001346	18.656318	0.331685	-526.902859	
0.948000	15.513881	0.888445	0.000380	18.878235	0.370624	-526.899572	
0.949000	15.475827	0.864157	0.001612	19.103443	0.273275	-526.896051	
0.950000	15.636499	0.807484	0.002550	19.331970	0.351155	-526.892208	
0.951000	15.687238	0.702235	0.003076	19.563537	0.386200	-526.888007	
0.952000	15.670325	0.799388	0.003069	19.797877	0.390094	-526.883460	
0.953000	15.530794	0.904637	0.002757	20.035024	0.320003	-526.878615	
0.954000	15.564620	0.888445	0.002626	20.275206	0.160350	-526.873549	
0.955000	15.611130	0.880349	0.003076	20.518436	0.273275	-526.868379	
0.956000	15.670325	0.856061	0.004101	20.764426	0.277169	-526.863238	
0.957000	15.687238	0.823676	0.005401	21.012914	0.281063	-526.858248	
0.958000	15.509653	0.888445	0.006609	21.263948	0.370624	-526.853503	
0.959000	15.480055	0.904637	0.007341	21.517773	0.378412	-526.849053	
0.960000	15.530794	0.847965	0.007338	21.774405	0.339473	-526.844901	
0.961000	15.628043	0.961310	0.006555	22.033551	0.362836	-526.841008	
0.962000	15.619586	0.953214	0.005064	22.294942	0.378412	-526.837303	
0.963000	15.467371	0.653659	0.002978	22.558622	0.269381	-526.833684	
0.964000	15.708379	0.507929	0.000580	22.824827	0.323897	-526.830025	
0.965000	15.619586	0.775100	-0.001672	23.093559	0.281063	-526.826210	
0.966000	15.628043	0.839869	-0.003282	23.364520	0.432928	-526.822144	
0.967000	15.657640	0.815580	-0.003775	23.637445	0.343367	-526.817755	
0.968000	15.496968	0.758908	-0.003073	23.912390	0.203184	-526.813019	
0.969000	15.666097	0.702235	-0.001531	24.189598	0.409564	-526.807951	
0.970000	15.594217	0.734620	0.000668	24.469066	0.390094	-526.802610	
0.971000	15.657640	0.540314	0.003503	24.750490	0.378412	-526.797088	
0.972000	15.505425	0.831773	0.006714	25.033599	0.347261	-526.791506	
0.973000	15.488512	0.912733	0.009771	25.318441	0.475762	-526.785988	
0.974000	15.674553	0.904637	0.012081	25.605239	0.277169	-526.780646	
0.975000	15.619586	0.872253	0.013196	25.893973	0.339473	-526.775570	
0.976000	15.657640	0.758908	0.012909	26.184329	0.440716	-526.770809	
0.977000	15.594217	0.645563	0.011549	26.476034	0.335579	-526.766356	
0.978000	15.496968	0.726523	0.009875	26.769134	0.339473	-526.762164	
0.979000	15.653412	0.888445	0.008106	27.063850	0.242123	-526.758152	
0.980000	15.767574	0.856061	0.005891	27.360162	0.273275	-526.754209	
0.981000	15.708379	0.686043	0.003135	27.657761	0.378412	-526.750212	
0.982000	15.623814	0.799388	1.612159E-5	27.956379	0.355048	-526.746039	
0.983000	15.378578	1.098943	-0.003260	28.256067	0.269381	-526.741584	
0.984000	15.606902	0.928926	-0.006348	28.557044	0.234335	-526.736780	
0.985000	15.640727	0.783196	-0.008813	28.859279	0.374518	-526.731613	
0.986000	15.653412	0.847965	-0.010582	29.162456	0.432928	-526.726113	
0.987000	15.661868	0.783196	-0.012027	29.466307	0.257699	-526.720352	
0.988000	15.395491	0.969406	-0.013465	29.770879	0.296639	-526.714437	
0.989000	15.712607	0.880349	-0.015067	30.076387	0.444610	-526.708502	
0.990000	15.640727	0.823676	-0.017076	30.382794	0.397882	-526.702681	
0.991000	15.687238	0.856061	-0.019673	30.689783	0.288851	-526.697090	
0.992000	15.661868	0.718427	-0.022945	30.997088	0.281063	-526.691810	
0.993000	15.450458	0.896541	-0.026940	31.304762	0.308321	-526.686869	
0.994000	15.725291	1.123232	-0.031448	31.613021	0.308321	-526.682246	
0.995000	15.594217	1.123232	-0.035787	31.921834	0.397882	-526.677881	
0.996000	15.543479	1.115135	-0.038967	32.230888	0.378412	-526.673674	
0.997000	15.526566	0.661755	-0.040380	32.539921	0.304427	-526.669494	
0.998000	15.429317	0.791292	-0.040133	32.848980	0.448504	-526.665206	
0.999000	15.763345	0.831773	-0.038757	33.158273	0.351155	-526.660687	
1.000000	15.535022	0.945118	-0.036960	33.467761	0.331685	-526.655847	0.000000
1.001000	15.666097	0.928926	-0.035236	33.777126	0.226548	-526.650642	
1.002000	15.683009	1.017982	-0.033746	34.086099	0.281063	-526.645081	
1.003000	15.467371	0.588890	-0.032714	34.394720	0.320003	-526.639212	
1.004000	15.805627	0.799388	-0.032339	34.703191	0.339473	-526.633119	
1.005000	15.670325	0.880349	-0.032402	35.011467	0.347261	-526.626924	
1.006000	15.632271	0.831773	-0.032575	35.319235	0.335579	-526.620767	
1.007000	15.636499	0.880349	-0.032915	35.626232	0.397882	-526.614776	
1.008000	15.425089	0.912733	-0.033635	35.932503	0.366730	-526.609051	
1.009000	15.742204	0.985598	-0.034828	36.238249	0.136986	-526.603648	
1.010000	15.573076	0.993694	-0.036677	36.543432	0.366730	-526.598573	
1.011000	15.644956	1.009886	-0.039541	36.847746	0.464080	-526.593789	
1.012000	15.568848	0.896541	-0.043548	37.150932	0.440716	-526.589222	
1.013000	15.450458	1.115135	-0.048357	37.453034	0.230441	-526.584763	
1.014000	15.674553	0.896541	-0.053356	37.754252	0.316109	-526.580281	
1.015000	15.683009	0.823676	-0.057863	38.054547	0.343367	-526.575654	
1.016000	15.649184	0.831773	-0.061362	38.353620	0.397882	-526.570781	
1.017000	15.628043	0.807484	-0.063621	38.651219	0.082471	-526.565597	
1.018000	15.403948	0.993694	-0.064280	38.947392	0.339473	-526.560079	
1.019000	15.746433	0.686043	-0.062699	39.242332	0.222654	-526.554251	
1.020000	15.628043	0.758908	-0.058701	39.536000	0.487443	-526.548170	
1.021000	15.530794	0.985598	-0.052920	39.828101	0.358942	-526.541931	
1.022000	15.653412	1.034175	-0.046178	40.118391	0.288851	-526.535655	
1.023000	15.374350	0.920829	-0.039100	40.406922	0.378412	-526.529471	
1.024000	15.750661	0.880349	-0.032237	40.693890	0.448504	-526.523492	
1.025000	15.644956	0.904637	-0.026131	40.979258	0.366730	-526.517801	
1.026000	15.653412	0.904637	-0.021138	41.262739	0.436822	-526.512441	
1.027000	15.699922	0.807484	-0.017264	41.544089	0.191502	-526.507404	
1.028000	15.378578	0.750812	-0.014504	41.823354	0.269381	-526.502649	
1.029000	15.746433	0.872253	-0.013171	42.100715	0.183714	-526.498103	
1.030000	15.657640	0.977502	-0.013402	42.376129	0.308321	-526.493657	
1.031000	15.657640	0.928926	-0.014600	42.649314	0.343367	-526.489185	
1.032000	15.683009	0.767004	-0.015643	42.920039	0.277169	-526.484567	
1.033000	15.535022	0.572698	-0.015639	43.188356	0.234335	-526.479709	
1.034000	15.729520	0.888445	-0.014455	43.454458	0.238229	-526.474551	
1.035000	15.535022	0.945118	-0.012416	43.718312	0.444610	-526.469081	
1.036000	15.640727	1.090847	-0.009687	43.979645	0.506913	-526.463326	
1.037000	15.687238	0.961310	-0.006251	44.238223	0.308321	-526.457347	
1.038000	15.564620	0.847965	-0.002289	44.494095	0.312215	-526.451247	
1.039000	15.754889	0.864157	0.001763	44.747446	0.249911	-526.445159	
1.040000	15.640727	0.726523	0.005488	44.998246	0.487443	-526.439217	
1.041000	15.678781	0.985598	0.008715	45.246226	0.397882	-526.433533	
1.042000	15.674553	0.961310	0.011443	45.491161	0.300533	-526.428184	
1.043000	15.543479	0.847965	0.013483	45.733097	0.304427	-526.423196	
1.044000	15.742204	0.742716	0.014512	45.972216	0.246017	-526.418552	
1.045000	15.628043	0.839869	0.014333	46.208490	0.238229	-526.414195	
1.046000	15.437773	0.969406	0.012688	46.441662	0.335579	-526.410031	
1.047000	15.594217	0.856061	0.009642	46.671520	0.351155	-526.405933	
1.048000	15.509653	0.888445	0.006004	46.898110	0.288851	-526.401768	
1.049000	15.742204	0.880349	0.002691	47.121615	0.331685	-526.397420	
1.050000	15.636499	0.888445	0.000206	47.342011	0.343367	-526.392801	
1.051000	15.585761	1.009886	-0.001308	47.559049	0.390094	-526.387870	
1.052000	15.632271	0.750812	-0.001880	47.772521	0.230441	-526.382637	
1.053000	15.636499	0.856061	-0.001781	47.982474	0.284957	-526.377150	
1.054000	15.809856	0.807484	-0.001670	48.189078	0.273275	-526.371491	
1.055000	15.805627	0.718427	-0.001979	48.392310	0.401776	-526.365780	
1.056000	15.628043	0.872253	-0.002664	48.591936	0.323897	-526.360158	
1.057000	15.632271	0.791292	-0.003687	48.787763	0.238229	-526.354759	
1.058000	15.589989	0.904637	-0.004961	48.979848	0.249911	-526.349687	
1.059000	15.733748	0.807484	-0.006259	49.168368	0.320003	-526.344997	
1.060000	15.619586	0.864157	-0.007497	49.353311	0.355048	-526.340689	
1.061000	15.623814	0.847965	-0.009227	49.534451	0.339473	-526.336721	
1.062000	15.661868	0.710331	-0.012592	49.711599	0.405670	-526.333020	
1.063000	15.581532	0.880349	-0.017915	49.884808	0.343367	-526.329477	
1.064000	15.704150	0.896541	-0.024048	50.054251	0.222654	-526.325959	
1.065000	15.598445	0.856061	-0.029508	50.219914	0.355048	-526.322334	
1.066000	15.712607	0.791292	-0.033366	50.381577	0.370624	-526.318493	
1.067000	15.678781	0.758908	-0.035243	50.539060	0.230441	-526.314366	
1.068000	15.691466	0.702235	-0.035036	50.692418	0.199290	-526.309938	
1.069000	15.695694	0.831773	-0.032680	50.841825	0.320003	-526.305236	
1.070000	15.585761	1.042271	-0.028251	50.987273	0.393988	-526.300318	
1.071000	15.547707	1.042271	-0.022294	51.128554	0.249911	-526.295273	
1.072000	15.628043	0.937022	-0.015656	51.265500	0.226548	-526.290224	
1.073000	15.687238	0.686043	-0.009060	51.398173	0.358942	-526.285307	
1.074000	15.678781	0.815580	-0.002990	51.526754	0.366730	-526.280646	
1.075000	15.615358	0.718427	0.002409	51.651241	0.405670	-526.276330	
1.076000	15.619586	1.139424	0.007138	51.771437	0.436822	-526.272396	
1.077000	15.589989	0.864157	0.010757	51.887180	0.347261	-526.268832	
1.078000	15.746433	0.734620	0.012716	51.998530	0.175926	-526.265596	
1.079000	15.733748	0.750812	0.013462	52.105666	0.242123	-526.262616	
1.080000	15.670325	0.710331	0.013898	52.208593	0.300533	-526.259783	
1.081000	15.530794	0.985598	0.014315	52.307122	0.320003	-526.256967	
1.082000	15.644956	0.742716	0.014836	52.401099	0.320003	-526.254042	
1.083000	15.767574	0.767004	0.015775	52.490589	0.214866	-526.250911	
1.084000	15.699922	0.799388	0.017291	52.575775	0.378412	-526.247514	
1.085000	15.636499	0.977502	0.019482	52.656671	0.491337	-526.243839	
1.086000	15.551935	1.179904	0.022948	52.733104	0.444610	-526.239910	
1.087000	15.628043	0.742716	0.028534	52.804928	0.312215	-526.235787	
1.088000	15.708379	0.888445	0.036079	52.872210	0.265487	-526.231573	
1.089000	15.695694	0.767004	0.044156	52.935123	0.417352	-526.227400	
1.090000	15.661868	0.823676	0.051117	52.993677	0.366730	-526.223402	
1.091000	15.636499	0.977502	0.055852	53.047708	0.331685	-526.219696	
1.092000	15.632271	0.856061	0.057954	53.097078	0.257699	-526.216360	
1.093000	15.750661	0.750812	0.057498	53.141858	0.277169	-526.213425	
1.094000	15.716835	0.734620	0.054656	53.182225	0.238229	-526.210869	
1.095000	15.581532	0.718427	0.049639	53.218199	0.351155	-526.208635	
1.096000	15.704150	1.001790	0.042848	53.249629	0.425140	-526.206627	
1.097000	15.535022	0.937022	0.034925	53.276391	0.238229	-526.204722	
1.098000	15.670325	0.880349	0.026718	53.298562	0.172032	-526.202790	
1.099000	15.615358	0.904637	0.018893	53.316322	0.456292	-526.200709	
1.100000	15.602673	0.888445	0.011598	53.329693	0.561429	-526.198384	0.000000
1.101000	15.678781	1.017982	0.004829	53.338529	0.471868	-526.195768	
1.102000	15.547707	0.872253	-0.001102	53.342708	0.347261	-526.192871	
1.103000	15.733748	0.880349	-0.006014	53.342307	0.133092	-526.189744	
1.104000	15.716835	1.042271	-0.010377	53.337500	0.351155	-526.186468	
1.105000	15.640727	0.864157	-0.014677	53.328314	0.429034	-526.183153	
1.106000	15.657640	1.317538	-0.019024	53.314614	0.366730	-526.179934	
1.107000	15.649184	0.702235	-0.023545	53.296292	0.226548	-526.176946	
1.108000	15.788715	0.775100	-0.028360	53.273433	0.179820	-526.174302	
1.109000	15.691466	0.815580	-0.033377	53.246216	0.288851	-526.172068	
1.110000	15.543479	1.001790	-0.038191	53.214679	0.397882	-526.170248	
1.111000	15.543479	1.074655	-0.042245	53.178695	0.292745	-526.168799	
1.112000	15.644956	0.823676	-0.045380	53.138162	0.304427	-526.167648	
1.113000	15.742204	0.710331	-0.047808	53.093159	0.234335	-526.166694	
1.114000	15.708379	0.758908	-0.049567	53.043860	0.249911	-526.165813	
1.115000	15.611130	0.912733	-0.050432	52.990302	0.386200	-526.164877	
1.116000	15.585761	1.090847	-0.050228	52.932363	0.401776	-526.163773	
1.117000	15.657640	0.864157	-0.048896	52.869944	0.195396	-526.162429	
1.118000	15.801399	0.920829	-0.046663	52.803123	0.129198	-526.160828	
1.119000	15.763345	0.726523	-0.044277	52.732078	0.343367	-526.158998	
1.120000	15.636499	0.799388	-0.042538	52.656851	0.362836	-526.157003	
1.121000	15.606902	1.131328	-0.041815	52.577336	0.273275	-526.154933	
1.122000	15.513881	0.815580	-0.042233	52.493446	0.323897	-526.152911	
1.123000	15.759117	0.831773	-0.043753	52.405265	0.109728	-526.151071	
1.124000	15.712607	0.791292	-0.046090	52.312969	0.362836	-526.149533	
1.125000	15.628043	0.864157	-0.048770	52.216607	0.413458	-526.148385	
1.126000	15.585761	1.098943	-0.051230	52.116076	0.479655	-526.147664	
1.127000	15.619586	0.912733	-0.053108	52.011291	0.288851	-526.147358	
1.128000	15.767574	0.629370	-0.054726	51.902332	0.253805	-526.147422	
1.129000	15.788715	0.645563	-0.056894	51.789371	0.253805	-526.147781	
1.130000	15.577304	0.807484	-0.059910	51.672455	0.390094	-526.148323	
1.131000	15.670325	0.904637	-0.063254	51.551496	0.187608	-526.148921	
1.132000	15.551935	0.896541	-0.066195	51.426426	0.288851	-526.149458	
1.133000	15.729520	0.815580	-0.068179	51.297331	0.105834	-526.149841	
1.134000	15.716835	0.847965	-0.068830	51.164386	0.351155	-526.150008	
1.135000	15.598445	0.945118	-0.067944	51.027643	0.425140	-526.149942	
1.136000	15.699922	0.945118	-0.065565	50.887024	0.409564	-526.149662	
1.137000	15.539250	0.742716	-0.061962	50.742463	0.277169	-526.149234	
1.138000	15.716835	0.710331	-0.057455	50.594045	0.203184	-526.148764	
1.139000	15.585761	0.977502	-0.052422	50.441930	0.257699	-526.148382	
1.140000	15.640727	1.074655	-0.047398	50.286164	0.432928	-526.148215	
1.141000	15.683009	0.985598	-0.042882	50.126665	0.382306	-526.148374	
1.142000	15.674553	0.702235	-0.039152	49.963369	0.218760	-526.148943	
1.143000	15.847910	0.815580	-0.036354	49.796359	0.070789	-526.149960	
1.144000	15.666097	0.928926	-0.034786	49.625802	0.339473	-526.151408	
1.145000	15.581532	1.034175	-0.035215	49.451754	0.335579	-526.153225	
1.146000	15.615358	1.050367	-0.038323	49.274149	0.308321	-526.155310	
1.147000	15.750661	0.880349	-0.043832	49.092937	0.273275	-526.157543	
1.148000	15.695694	0.912733	-0.050551	48.908209	0.066895	-526.159797	
1.149000	15.649184	0.807484	-0.057097	48.720136	0.300533	-526.161954	
1.150000	15.551935	1.001790	-0.062410	48.528779	0.456292	-526.163914	
1.151000	15.615358	1.074655	-0.065660	48.334077	0.397882	-526.165622	
1.152000	15.742204	0.710331	-0.066340	48.135980	0.355048	-526.167083	
1.153000	15.737976	1.017982	-0.064753	47.934569	0.191502	-526.168350	
1.154000	15.742204	0.823676	-0.061734	47.730000	0.284957	-526.169507	
1.155000	15.636499	0.969406	-0.057898	47.522330	0.308321	-526.170665	
1.156000	15.589989	0.993694	-0.053650	47.311506	0.343367	-526.171957	
1.157000	15.670325	0.799388	-0.049431	47.097488	0.164244	-526.173515	
1.158000	15.742204	0.758908	-0.045436	46.880360	0.175926	-526.175450	
1.159000	15.754889	0.807484	-0.041614	46.660277	0.288851	-526.177828	
1.160000	15.611130	1.050367	-0.038303	46.437304	0.320003	-526.180655	
1.161000	15.589989	1.050367	-0.036401	46.211398	0.401776	-526.183891	
1.162000	15.573076	0.880349	-0.036582	45.982526	0.362836	-526.187466	
1.163000	15.712607	0.985598	-0.038597	45.750769	0.168138	-526.191277	
1.164000	15.801399	0.742716	-0.041464	45.516274	0.269381	-526.195196	
1.165000	15.581532	1.009886	-0.044114	45.279102	0.304427	-526.199093	
1.166000	15.615358	0.880349	-0.045795	45.039220	0.390094	-526.202859	
1.167000	15.573076	0.847965	-0.046033	44.796604	0.242123	-526.206421	
1.168000	15.712607	0.831773	-0.044518	44.551332	0.164244	-526.209760	
1.169000	15.708379	0.815580	-0.041459	44.303548	0.273275	-526.212897	
1.170000	15.733748	0.629370	-0.037409	44.053314	0.304427	-526.215886	
1.171000	15.653412	0.920829	-0.032528	43.800603	0.277169	-526.218818	
1.172000	15.649184	0.847965	-0.026904	43.545396	0.249911	-526.221817	
1.173000	15.712607	0.872253	-0.021064	43.287771	0.109728	-526.225018	
1.174000	15.666097	0.993694	-0.015545	43.027875	0.440716	-526.228535	
1.175000	15.577304	1.034175	-0.010644	42.765777	0.405670	-526.232446	
1.176000	15.632271	0.880349	-0.006625	42.501471	0.448504	-526.236784	
1.177000	15.602673	0.823676	-0.003598	42.234946	0.277169	-526.241542	
1.178000	15.691466	0.945118	-0.001404	41.966279	0.296639	-526.246676	
1.179000	15.628043	0.791292	-0.000179	41.695597	0.378412	-526.252103	
1.180000	15.649184	1.017982	-0.000226	41.422965	0.316109	-526.257703	
1.181000	15.640727	1.042271	-0.001225	41.148379	0.327791	-526.263342	
1.182000	15.691466	0.718427	-0.002488	40.871841	0.105834	-526.268900	
1.183000	15.678781	0.831773	-0.003577	40.593432	0.203184	-526.274284	
1.184000	15.657640	0.718427	-0.004235	40.313281	0.218760	-526.279436	
1.185000	15.628043	1.131328	-0.004187	40.031460	0.358942	-526.284332	
1.186000	15.556163	1.001790	-0.002944	39.747986	0.327791	-526.288991	
1.187000	15.712607	0.953214	0.000134	39.462875	0.164244	-526.293471	
1.188000	15.619586	0.993694	0.005150	39.176208	0.105834	-526.297878	
1.189000	15.623814	0.758908	0.011378	38.888107	0.273275	-526.302342	
1.190000	15.577304	1.139424	0.017755	38.598639	0.405670	-526.306986	
1.191000	15.573076	0.888445	0.023377	38.307822	0.374518	-526.311914	
1.192000	15.661868	0.799388	0.027664	38.015670	0.195396	-526.317205	
1.193000	15.776030	0.726523	0.030248	37.722254	0.246017	-526.322894	
1.194000	15.797171	0.953214	0.030879	37.427689	0.246017	-526.328968	
1.195000	15.581532	0.937022	0.029526	37.132042	0.425140	-526.335367	
1.196000	15.581532	0.750812	0.026510	36.835343	0.292745	-526.341991	
1.197000	15.581532	0.896541	0.022369	36.537615	0.179820	-526.348713	
1.198000	15.754889	0.823676	0.017662	36.238931	0.187608	-526.355399	
1.199000	15.640727	0.839869	0.012890	35.939401	0.253805	-526.361924	
1.200000	15.568848	1.123232	0.008442	35.639105	0.316109	-526.368185	0.000000
1.201000	15.551935	0.937022	0.004737	35.338101	0.436822	-526.374123	
1.202000	15.543479	1.090847	0.002548	35.036436	0.183714	-526.379738	
1.203000	15.733748	0.912733	0.002830	34.734178	0.230441	-526.385071	
1.204000	15.695694	0.847965	0.005600	34.431422	0.253805	-526.390198	
1.205000	15.699922	0.896541	0.009697	34.128235	0.429034	-526.395228	
1.206000	15.606902	0.896541	0.013921	33.824666	0.121410	-526.400298	
1.207000	15.619586	0.969406	0.017650	33.520761	0.074683	-526.405546	
1.208000	15.695694	0.928926	0.020660	33.216581	0.230441	-526.411087	
1.209000	15.687238	0.872253	0.022843	32.912215	0.160350	-526.416986	
1.210000	15.699922	1.188000	0.024172	32.607733	0.331685	-526.423247	
1.211000	15.551935	0.686043	0.024601	32.303211	0.475762	-526.429833	
1.212000	15.496968	0.783196	0.023697	31.998713	0.156456	-526.436673	
1.213000	15.585761	0.953214	0.021024	31.694303	0.242123	-526.443658	
1.214000	15.695694	0.920829	0.016840	31.390056	0.378412	-526.450645	
1.215000	15.640727	1.123232	0.011876	31.086039	0.351155	-526.457490	
1.216000	15.568848	0.953214	0.006768	30.782329	0.304427	-526.464073	
1.217000	15.640727	0.758908	0.002031	30.478996	0.144774	-526.470322	
1.218000	15.678781	0.742716	-0.001822	30.176091	0.257699	-526.476218	
1.219000	15.750661	0.872253	-0.004448	29.873678	0.304427	-526.481782	
1.220000	15.691466	0.912733	-0.005663	29.571821	0.183714	-526.487065	
1.221000	15.636499	0.807484	-0.005374	29.270624	0.265487	-526.492159	
1.222000	15.661868	0.783196	-0.003847	28.970181	-0.088864	-526.497192	
1.223000	15.666097	0.928926	-0.001763	28.670547	0.312215	-526.502311	
1.224000	15.623814	0.815580	0.000164	28.371781	0.316109	-526.507636	
1.225000	15.577304	1.026079	0.001519	28.073942	0.343367	-526.513248	
1.226000	15.535022	0.864157	0.002183	27.777126	0.397882	-526.519178	
1.227000	15.670325	0.872253	0.002351	27.481415	0.168138	-526.525414	
1.228000	15.767574	0.677947	0.002310	27.186847	0.351155	-526.531918	
1.229000	15.564620	0.767004	0.001780	26.893459	0.277169	-526.538615	
1.230000	15.492740	0.896541	0.000269	26.601303	0.366730	-526.545391	
1.231000	15.704150	0.993694	-0.002039	26.310487	0.397882	-526.552113	
1.232000	15.657640	0.823676	-0.004588	26.021104	0.140880	-526.558665	
1.233000	15.737976	0.775100	-0.006955	25.733191	0.222654	-526.564958	
1.234000	15.691466	0.750812	-0.008851	25.446778	0.191502	-526.570939	
1.235000	15.598445	0.993694	-0.010071	25.161922	0.253805	-526.576594	
1.236000	15.543479	1.066559	-0.010524	24.878755	0.448504	-526.581948	
1.237000	15.577304	0.856061	-0.010385	24.597393	0.101940	-526.587063	
1.238000	15.691466	0.839869	-0.010005	24.317870	0.261593	-526.592041	
1.239000	15.640727	0.864157	-0.009778	24.040199	0.362836	-526.597013	
1.240000	15.611130	0.985598	-0.010124	23.764427	0.370624	-526.602105	
1.241000	15.530794	0.953214	-0.011244	23.490686	0.370624	-526.607421	
1.242000	15.594217	0.856061	-0.012930	23.219084	0.140880	-526.613038	
1.243000	15.759117	0.847965	-0.014775	22.949637	0.222654	-526.618985	
1.244000	15.750661	0.750812	-0.016809	22.682339	0.281063	-526.625245	
1.245000	15.763345	0.945118	-0.019507	22.417233	0.436822	-526.631764	
1.246000	15.513881	0.580794	-0.022791	22.154467	0.288851	-526.638453	
1.247000	15.653412	0.767004	-0.026022	21.894168	0.160350	-526.645200	
1.248000	15.649184	0.961310	-0.028732	21.636347	0.284957	-526.651879	
1.249000	15.666097	0.888445	-0.030606	21.380987	0.390094	-526.658367	
1.250000	15.666097	1.026079	-0.031506	21.128136	0.323897	-526.664565	
1.251000	15.492740	0.783196	-0.031551	20.877962	0.390094	-526.670418	
1.252000	15.615358	0.799388	-0.031151	20.630605	0.094153	-526.675927	
1.253000	15.632271	0.669851	-0.030806	20.386066	0.378412	-526.681135	
1.254000	15.683009	0.767004	-0.030230	20.144307	0.355048	-526.686108	
1.255000	15.644956	1.026079	-0.028744	19.905356	0.393988	-526.690951	
1.256000	15.606902	0.807484	-0.026484	19.669368	0.296639	-526.695798	
1.257000	15.678781	0.856061	-0.024099	19.436469	0.121410	-526.700791	
1.258000	15.683009	0.847965	-0.021991	19.206645	0.308321	-526.706046	
1.259000	15.670325	0.791292	-0.020268	18.979849	0.355048	-526.711629	
1.260000	15.585761	0.807484	-0.018729	18.756116	0.327791	-526.717544	
1.261000	15.611130	0.961310	-0.016964	18.535624	0.226548	-526.723756	
1.262000	15.577304	0.799388	-0.015101	18.318522	0.218760	-526.730202	
1.263000	15.695694	0.686043	-0.013789	18.104797	0.312215	-526.736781	
1.264000	15.509653	0.953214	-0.013240	17.894387	0.378412	-526.743361	
1.265000	15.594217	0.953214	-0.013137	17.687316	0.495231	-526.749797	
1.266000	15.492740	0.888445	-0.013160	17.483758	0.393988	-526.755964	
1.267000	15.615358	0.839869	-0.013209	17.283854	0.136986	-526.761782	
1.268000	15.742204	0.742716	-0.013289	17.087577	0.351155	-526.767228	
1.269000	15.678781	1.017982	-0.013582	16.894849	0.253805	-526.772325	
1.270000	15.649184	0.896541	-0.014492	16.705693	0.374518	-526.777128	
1.271000	15.501196	0.920829	-0.016021	16.520300	0.300533	-526.781728	
1.272000	15.615358	0.742716	-0.017763	16.338816	0.160350	-526.786249	
1.273000	15.733748	0.775100	-0.019558	16.161202	0.432928	-526.790834	
1.274000	15.687238	0.758908	-0.021422	15.987365	0.335579	-526.795607	
1.275000	15.594217	1.034175	-0.023352	15.817326	0.249911	-526.800657	
1.276000	15.365894	0.823676	-0.025427	15.651279	0.316109	-526.806020	
1.277000	15.589989	0.694139	-0.027810	15.489368	0.183714	-526.811683	
1.278000	15.716835	1.066559	-0.030669	15.331534	0.300533	-526.817597	
1.279000	15.670325	0.621274	-0.034068	15.177667	0.320003	-526.823682	
1.280000	15.628043	0.791292	-0.037724	15.027783	0.320003	-526.829822	
1.281000	15.408176	0.985598	-0.040999	14.882080	0.288851	-526.835878	
1.282000	15.632271	0.872253	-0.043202	14.740701	0.179820	-526.841723	
1.283000	15.683009	0.912733	-0.043870	14.603576	0.300533	-526.847260	
1.284000	15.691466	0.677947	-0.043023	14.470580	0.172032	-526.852423	
1.285000	15.640727	0.799388	-0.041123	14.341728	0.222654	-526.857197	
1.286000	15.408176	0.791292	-0.038693	14.217227	0.323897	-526.861606	
1.287000	15.589989	0.864157	-0.036187	14.097221	0.183714	-526.865708	
1.288000	15.653412	0.896541	-0.033902	13.981632	0.335579	-526.869604	
1.289000	15.644956	0.823676	-0.031947	13.870326	0.249911	-526.873417	
1.290000	15.615358	0.985598	-0.030424	13.763311	0.425140	-526.877273	
1.291000	15.446230	0.823676	-0.029369	13.660790	0.409564	-526.881278	
1.292000	15.543479	0.815580	-0.028784	13.562895	0.257699	-526.885511	
1.293000	15.640727	0.912733	-0.028924	13.469529	0.331685	-526.890000	
1.294000	15.742204	0.710331	-0.030189	13.380537	0.238229	-526.894722	
1.295000	15.623814	0.839869	-0.032821	13.295925	0.327791	-526.899616	
1.296000	15.492740	0.880349	-0.036779	13.215903	0.222654	-526.904588	
1.297000	15.560391	0.847965	-0.041573	13.140605	0.152562	-526.909523	
1.298000	15.678781	0.742716	-0.046315	13.069922	0.378412	-526.914296	
1.299000	15.611130	0.823676	-0.050131	13.003696	0.304427	-526.918786	
1.300000	15.577304	0.880349	-0.052416	12.941946	0.409564	-526.922889	0.000000
1.301000	15.416632	0.823676	-0.052813	12.884901	0.308321	-526.926549	
1.302000	15.619586	0.677947	-0.051103	12.832698	0.257699	-526.929768	
1.303000	15.640727	1.066559	-0.047036	12.785220	0.300533	-526.932589	
1.304000	15.619586	0.945118	-0.040618	12.742300	0.425140	-526.935082	
1.305000	15.530794	1.050367	-0.032471	12.703953	0.393988	-526.937349	
1.306000	15.399719	0.686043	-0.023546	12.670408	0.358942	-526.939519	
1.307000	15.666097	0.694139	-0.014855	12.641786	0.199290	-526.941729	
1.308000	15.729520	0.726523	-0.007474	12.617948	0.269381	-526.944093	
1.309000	15.725291	0.710331	-0.002309	12.598707	0.273275	-526.946680	
1.310000	15.589989	1.228481	0.000451	12.584081	0.249911	-526.949499	
1.311000	15.475827	0.977502	0.001573	12.574300	0.304427	-526.952515	
1.312000	15.649184	0.710331	0.002052	12.569486	0.277169	-526.955662	
1.313000	15.606902	0.791292	0.002183	12.569487	0.273275	-526.958841	
1.314000	15.678781	0.847965	0.001797	12.574115	0.226548	-526.961922	
1.315000	15.496968	0.937022	0.000923	12.583386	0.382306	-526.964766	
1.316000	15.488512	0.815580	-0.000213	12.597525	0.393988	-526.967252	
1.317000	15.670325	0.847965	-0.001482	12.616636	0.284957	-526.969296	
1.318000	15.602673	0.888445	-0.002902	12.640545	0.378412	-526.970869	
1.319000	15.695694	0.904637	-0.004369	12.669044	0.105834	-526.971994	
1.320000	15.632271	0.880349	-0.005488	12.702147	0.343367	-526.972726	
1.321000	15.429317	0.977502	-0.005830	12.740084	0.234335	-526.973157	
1.322000	15.598445	0.912733	-0.005214	12.782953	0.152562	-526.973411	
1.323000	15.674553	0.750812	-0.003897	12.830571	0.401776	-526.973626	
1.324000	15.695694	0.799388	-0.002477	12.882725	0.226548	-526.973924	
1.325000	15.589989	0.839869	-0.001472	12.939432	0.203184	-526.974397	
1.326000	15.399719	0.945118	-0.001143	13.000927	0.355048	-526.975085	
1.327000	15.518109	0.815580	-0.001464	13.067299	0.343367	-526.975981	
1.328000	15.628043	0.961310	-0.001842	13.138354	0.553641	-526.977040	
1.329000	15.649184	0.856061	-0.001390	13.213870	0.393988	-526.978180	
1.330000	15.547707	0.831773	0.000106	13.293872	0.253805	-526.979286	
1.331000	15.463143	0.937022	0.002143	13.378595	0.327791	-526.980227	
1.332000	15.640727	0.823676	0.004237	13.468113	0.214866	-526.980884	
1.333000	15.657640	0.961310	0.006182	13.562209	0.374518	-526.981166	
1.334000	15.653412	0.815580	0.008052	13.660653	0.327791	-526.981013	
1.335000	15.573076	0.613178	0.009866	13.763471	0.281063	-526.980416	
1.336000	15.429317	0.847965	0.011768	13.870905	0.164244	-526.979410	
1.337000	15.573076	0.831773	0.014755	13.983034	0.242123	-526.978069	
1.338000	15.653412	1.058463	0.019634	14.099637	0.467974	-526.976502	
1.339000	15.615358	1.042271	0.025708	14.220481	0.226548	-526.974831	
1.340000	15.492740	1.009886	0.031556	14.345594	0.331685	-526.973175	
1.341000	15.480055	0.880349	0.036150	14.475216	0.351155	-526.971641	
1.342000	15.691466	0.791292	0.039002	14.609405	0.331685	-526.970310	
1.343000	15.644956	0.815580	0.039815	14.747922	0.460186	-526.969218	
1.344000	15.606902	0.904637	0.038003	14.890519	0.421246	-526.968346	
1.345000	15.463143	0.928926	0.032483	15.037221	0.207078	-526.967638	
1.346000	15.513881	0.847965	0.022635	15.188261	0.246017	-526.967003	
1.347000	15.683009	0.775100	0.009452	15.343692	0.277169	-526.966324	
1.348000	15.606902	0.831773	-0.004968	15.503267	0.386200	-526.965481	
1.349000	15.649184	0.702235	-0.018700	15.666743	0.257699	-526.964356	
1.350000	15.488512	0.888445	-0.030336	15.834147	0.355048	-526.962851	
1.351000	15.518109	0.872253	-0.038916	16.005712	0.320003	-526.960911	
1.352000	15.640727	1.001790	-0.044083	16.181475	0.397882	-526.958536	
1.353000	15.619586	0.969406	-0.046111	16.361178	0.378412	-526.955771	
1.354000	15.674553	0.742716	-0.045900	16.544565	0.246017	-526.952695	
1.355000	15.505425	0.937022	-0.044437	16.731663	0.331685	-526.949415	
1.356000	15.560391	0.872253	-0.042185	16.922697	0.358942	-526.946061	
1.357000	15.649184	0.961310	-0.039380	17.117683	0.351155	-526.942761	
1.358000	15.716835	0.807484	-0.036190	17.316345	0.320003	-526.939628	
1.359000	15.674553	0.823676	-0.032471	17.518423	0.355048	-526.936738	
1.360000	15.496968	0.953214	-0.027929	17.723961	0.323897	-526.934108	
1.361000	15.573076	0.694139	-0.022548	17.933201	0.172032	-526.931711	
1.362000	15.653412	0.831773	-0.016837	18.146162	0.218760	-526.929485	
1.363000	15.691466	0.961310	-0.011487	18.362564	0.355048	-526.927329	
1.364000	15.573076	0.945118	-0.006868	18.582148	0.246017	-526.925110	
1.365000	15.480055	0.864157	-0.002990	18.804963	0.370624	-526.922695	
1.366000	15.475827	0.945118	0.000322	19.031248	0.386200	-526.919964	
1.367000	15.636499	0.945118	0.003392	19.261018	0.331685	-526.916837	
1.368000	15.691466	0.904637	0.006568	19.493978	0.390094	-526.913280	
1.369000	15.636499	0.718427	0.010059	19.729860	0.366730	-526.909308	
1.370000	15.585761	0.605082	0.014085	19.968706	0.296639	-526.904976	
1.371000	15.628043	0.856061	0.018718	20.210753	0.296639	-526.900381	
1.372000	15.708379	0.831773	0.023584	20.456005	0.304427	-526.895658	
1.373000	15.632271	0.872253	0.028068	20.704163	0.292745	-526.890955	
1.374000	15.644956	0.839869	0.031680	20.954962	0.312215	-526.886401	
1.375000	15.539250	0.775100	0.034211	21.208451	0.300533	-526.882090	
1.376000	15.666097	0.807484	0.035658	21.464863	0.284957	-526.878067	
1.377000	15.581532	0.945118	0.036057	21.724198	0.401776	-526.874329	
1.378000	15.551935	0.977502	0.035350	21.986152	0.370624	-526.870831	
1.379000	15.602673	1.034175	0.033489	22.250458	0.335579	-526.867492	
1.380000	15.348981	0.920829	0.030625	22.517159	0.320003	-526.864191	
1.381000	15.628043	0.718427	0.027173	22.786469	0.456292	-526.860792	
1.382000	15.615358	0.823676	0.023733	23.058367	0.296639	-526.857170	
1.383000	15.653412	0.750812	0.020835	23.332539	0.362836	-526.853228	
1.384000	15.678781	0.775100	0.018625	23.608711	0.397882	-526.848906	
1.385000	15.484284	1.196096	0.016734	23.886927	0.308321	-526.844190	
1.386000	15.691466	0.864157	0.014605	24.167417	0.265487	-526.839109	
1.387000	15.695694	0.718427	0.012026	24.450162	0.339473	-526.833732	
1.388000	15.615358	0.726523	0.009245	24.734855	0.362836	-526.828166	
1.389000	15.606902	0.767004	0.006614	25.021225	0.308321	-526.822543	
1.390000	15.391263	0.888445	0.004211	25.309320	0.292745	-526.816985	
1.391000	15.623814	0.896541	0.001862	25.599365	0.409564	-526.811596	
1.392000	15.611130	0.742716	-0.000505	25.891340	0.386200	-526.806445	
1.393000	15.670325	0.775100	-0.002748	26.184925	0.316109	-526.801561	
1.394000	15.577304	1.034175	-0.004966	26.479844	0.281063	-526.796927	
1.395000	15.387035	0.961310	-0.007735	26.776140	0.238229	-526.792485	
1.396000	15.644956	0.815580	-0.011493	27.074026	0.230441	-526.788141	
1.397000	15.653412	0.783196	-0.016087	27.373469	0.467974	-526.783782	
1.398000	15.716835	0.629370	-0.020960	27.674149	0.335579	-526.779283	
1.399000	15.653412	0.783196	-0.025555	27.975794	0.195396	-526.774536	
1.400000	15.446230	0.896541	-0.029664	28.278455	0.335579	-526.769451	0.000000
1.401000	15.695694	1.050367	-0.033237	28.582346	0.417352	-526.763980	
1.402000	15.619586	0.945118	-0.036039	28.887433	0.358942	-526.758121	
1.403000	15.543479	0.823676	-0.037914	29.193398	0.288851	-526.751910	
1.404000	15.594217	0.661755	-0.039033	29.499972	0.292745	-526.745418	
1.405000	15.602673	0.799388	-0.039589	29.807205	0.308321	-526.738750	
1.406000	15.695694	0.872253	-0.039680	30.115317	0.292745	-526.732037	
1.407000	15.594217	0.896541	-0.039400	30.424275	0.358942	-526.725406	
1.408000	15.649184	0.937022	-0.038625	30.733759	0.370624	-526.718965	
1.409000	15.708379	0.823676	-0.037166	31.043497	0.304427	-526.712782	
1.410000	15.484284	0.677947	-0.035244	31.353537	0.397882	-526.706875	
1.411000	15.792943	0.799388	-0.033269	31.664091	0.374518	-526.701217	
1.412000	15.581532	0.831773	-0.031540	31.975128	0.374518	-526.695749	
1.413000	15.577304	1.179904	-0.030327	32.286331	0.323897	-526.690370	
1.414000	15.628043	0.807484	-0.029661	32.597432	0.331685	-526.684952	
1.415000	15.387035	0.985598	-0.029262	32.908474	0.347261	-526.679362	
1.416000	15.767574	0.677947	-0.028924	33.219665	0.339473	-526.673487	
1.417000	15.556163	0.888445	-0.028781	33.530968	0.370624	-526.667248	
1.418000	15.598445	0.985598	-0.029076	33.842070	0.393988	-526.660610	
1.419000	15.653412	0.799388	-0.029674	34.152700	0.320003	-526.653587	
1.420000	15.446230	0.839869	-0.030267	34.462895	0.335579	-526.646233	
1.421000	15.852138	0.718427	-0.030972	34.772847	0.397882	-526.638642	
1.422000	15.615358	0.783196	-0.032060	35.082504	0.292745	-526.630948	
1.423000	15.649184	0.839869	-0.033586	35.391552	0.269381	-526.623299	
1.424000	15.577304	0.815580	-0.035574	35.699727	0.265487	-526.615826	
1.425000	15.454686	0.864157	-0.038079	36.007068	0.292745	-526.608627	
1.426000	15.835225	0.815580	-0.041075	36.313770	0.292745	-526.601754	
1.427000	15.644956	0.856061	-0.044144	36.619793	0.351155	-526.595206	
1.428000	15.632271	0.896541	-0.046630	36.924835	0.366730	-526.588943	
1.429000	15.505425	0.969406	-0.048472	37.228644	0.386200	-526.582892	
1.430000	15.433545	0.896541	-0.050017	37.531263	0.214866	-526.576938	
1.431000	15.784486	0.750812	-0.051250	37.832878	0.288851	-526.570945	
1.432000	15.644956	0.783196	-0.051955	38.133442	0.378412	-526.564781	
1.433000	15.695694	0.856061	-0.052046	38.432654	0.312215	-526.558343	
1.434000	15.632271	0.726523	-0.051601	38.730261	0.382306	-526.551575	
1.435000	15.543479	0.977502	-0.051153	39.026305	0.261593	-526.544467	
1.436000	15.767574	0.872253	-0.051773	39.320969	0.343367	-526.537053	
1.437000	15.716835	0.847965	-0.053964	39.614209	0.378412	-526.529400	
1.438000	15.661868	0.775100	-0.057102	39.905728	0.475762	-526.521617	
1.439000	15.750661	0.718427	-0.060479	40.195284	0.292745	-526.513842	
1.440000	15.446230	0.799388	-0.063701	40.482919	0.191502	-526.506212	
1.441000	15.725291	0.945118	-0.066412	40.768817	0.273275	-526.498837	
1.442000	15.547707	1.009886	-0.068472	41.052934	0.393988	-526.491790	
1.443000	15.687238	0.969406	-0.070000	41.334983	0.452398	-526.485099	
1.444000	15.644956	0.791292	-0.071508	41.614725	0.382306	-526.478746	
1.445000	15.484284	0.726523	-0.073929	41.892206	0.339473	-526.472682	
1.446000	15.750661	0.775100	-0.077660	42.167605	0.277169	-526.466823	
1.447000	15.636499	0.928926	-0.081920	42.440879	0.390094	-526.461054	
1.448000	15.640727	0.928926	-0.085434	42.711750	0.238229	-526.455247	
1.449000	15.683009	0.815580	-0.087271	42.979986	0.191502	-526.449286	
1.450000	15.556163	0.872253	-0.087121	43.245634	0.199290	-526.443086	
1.451000	15.763345	0.726523	-0.084946	43.508874	0.335579	-526.436603	
1.452000	15.615358	0.856061	-0.080558	43.769669	0.417352	-526.429840	
1.453000	15.598445	0.953214	-0.073674	44.027750	0.444610	-526.422836	
1.454000	15.615358	0.839869	-0.064239	44.282893	0.288851	-526.415662	
1.455000	15.522337	0.912733	-0.052869	44.535143	0.362836	-526.408429	
1.456000	15.754889	0.661755	-0.040956	44.784675	0.339473	-526.401270	
1.457000	15.581532	0.880349	-0.030016	45.031454	0.343367	-526.394318	
1.458000	15.619586	0.920829	-0.020895	45.275216	0.405670	-526.387679	
1.459000	15.598445	0.734620	-0.013725	45.515738	0.261593	-526.381419	
1.460000	15.653412	0.459353	-0.008541	45.753060	0.210972	-526.375553	
1.461000	15.830997	0.831773	-0.005570	45.987354	0.203184	-526.370060	
1.462000	15.636499	0.961310	-0.004925	46.218589	0.366730	-526.364882	
1.463000	15.742204	1.042271	-0.006253	46.446516	0.378412	-526.359924	
1.464000	15.585761	0.710331	-0.008740	46.670926	0.362836	-526.355058	
1.465000	15.628043	0.767004	-0.011463	46.891860	0.296639	-526.350153	
1.466000	15.767574	0.807484	-0.013866	47.109490	0.257699	-526.345093	
1.467000	15.644956	0.613178	-0.015972	47.323793	0.366730	-526.339793	
1.468000	15.628043	0.961310	-0.018012	47.534530	0.475762	-526.334217	
1.469000	15.573076	0.807484	-0.019916	47.741500	0.397882	-526.328375	
1.470000	15.526566	1.009886	-0.021102	47.944749	0.269381	-526.322315	
1.471000	15.788715	0.815580	-0.020604	48.144445	0.226548	-526.316126	
1.472000	15.708379	0.661755	-0.017853	48.340568	0.405670	-526.309931	
1.473000	15.691466	0.872253	-0.013345	48.532884	0.281063	-526.303871	
1.474000	15.674553	0.783196	-0.008056	48.721200	0.312215	-526.298079	
1.475000	15.632271	0.896541	-0.002666	48.905561	0.207078	-526.292659	
1.476000	15.759117	0.880349	0.002393	49.086138	0.323897	-526.287663	
1.477000	15.759117	0.920829	0.007044	49.262920	0.370624	-526.283088	
1.478000	15.611130	0.815580	0.011820	49.435692	0.358942	-526.278891	
1.479000	15.602673	0.669851	0.017161	49.604273	0.421246	-526.274997	
1.480000	15.539250	0.807484	0.022781	49.768716	0.269381	-526.271297	
1.481000	15.716835	0.669851	0.028226	49.929185	0.351155	-526.267656	
1.482000	15.606902	0.961310	0.033337	50.085667	0.471868	-526.263944	
1.483000	15.577304	0.985598	0.037823	50.237953	0.467974	-526.260051	
1.484000	15.683009	0.864157	0.041081	50.385871	0.265487	-526.255912	
1.485000	15.653412	0.718427	0.042784	50.529471	0.273275	-526.251518	
1.486000	15.788715	0.718427	0.043163	50.668919	0.269381	-526.246899	
1.487000	15.661868	0.775100	0.042488	50.804206	0.378412	-526.242120	
1.488000	15.687238	0.767004	0.040859	50.935135	0.425140	-526.237282	
1.489000	15.640727	0.888445	0.038387	51.061543	0.144774	-526.232520	
1.490000	15.742204	0.775100	0.035132	51.183485	0.187608	-526.227974	
1.491000	15.683009	0.904637	0.031270	51.301128	0.288851	-526.223760	
1.492000	15.556163	0.823676	0.027068	51.414470	0.421246	-526.219952	
1.493000	15.653412	1.042271	0.022571	51.523324	0.413458	-526.216574	
1.494000	15.708379	0.726523	0.017763	51.627535	0.320003	-526.213599	
1.495000	15.750661	1.001790	0.012797	51.727158	0.234335	-526.210974	
1.496000	15.708379	0.928926	0.007993	51.822354	0.374518	-526.208610	
1.497000	15.535022	0.783196	0.003798	51.913119	0.409564	-526.206385	
1.498000	15.640727	1.171808	0.000680	51.999274	0.304427	-526.204167	
1.499000	15.657640	0.888445	-0.000984	52.080673	0.218760	-526.201835	
1.500000	15.788715	0.710331	-0.001064	52.157378	0.063001	-526.199300	0.000000
1.501000	15.746433	0.645563	0.000121	52.229560	0.191502	-526.196522	
1.502000	15.644956	0.839869	0.001838	52.297232	0.292745	-526.193500	
1.503000	15.492740	1.090847	0.003483	52.360232	0.335579	-526.190268	
1.504000	15.585761	1.026079	0.005181	52.418426	0.281063	-526.186888	
1.505000	15.737976	1.123232	0.007255	52.471880	0.199290	-526.183463	
1.506000	15.742204	0.839869	0.009518	52.520759	0.320003	-526.180122	
1.507000	15.611130	0.783196	0.011576	52.565075	0.425140	-526.176990	
1.508000	15.632271	1.017982	0.013358	52.604667	0.432928	-526.174169	
1.509000	15.623814	0.872253	0.015033	52.639406	0.304427	-526.171722	
1.510000	15.742204	1.107039	0.016567	52.669355	0.051319	-526.169664	
1.511000	15.733748	0.799388	0.017638	52.694675	0.164244	-526.167969	
1.512000	15.670325	0.928926	0.017943	52.715384	0.339473	-526.166572	
1.513000	15.657640	1.082751	0.017381	52.731337	0.296639	-526.165378	
1.514000	15.636499	0.953214	0.016089	52.742419	0.343367	-526.164265	
1.515000	15.704150	0.831773	0.014338	52.748703	0.152562	-526.163109	
1.516000	15.695694	0.961310	0.012330	52.750359	0.242123	-526.161798	
1.517000	15.589989	1.066559	0.010083	52.747417	0.269381	-526.160246	
1.518000	15.678781	1.026079	0.007566	52.739749	0.460186	-526.158412	
1.519000	15.691466	0.734620	0.004617	52.727251	0.242123	-526.156307	
1.520000	15.784486	0.791292	0.000828	52.709993	0.125304	-526.153981	
1.521000	15.699922	1.090847	-0.003797	52.688141	0.339473	-526.151514	
1.522000	15.636499	1.001790	-0.008692	52.661724	0.370624	-526.149020	
1.523000	15.746433	0.783196	-0.013481	52.630618	0.308321	-526.146633	
1.524000	15.678781	0.799388	-0.018064	52.594720	0.312215	-526.144481	
1.525000	15.814084	0.880349	-0.022329	52.554106	0.063001	-526.142672	
1.526000	15.687238	0.807484	-0.026181	52.508945	0.199290	-526.141261	
1.527000	15.568848	0.750812	-0.029712	52.459276	0.370624	-526.140247	
1.528000	15.666097	0.807484	-0.033241	52.404988	0.343367	-526.139584	
1.529000	15.598445	0.823676	-0.037021	52.345991	0.226548	-526.139198	
1.530000	15.729520	0.856061	-0.040966	52.282365	0.117516	-526.138981	
1.531000	15.589989	0.985598	-0.044576	52.214282	0.355048	-526.138801	
1.532000	15.564620	1.026079	-0.047215	52.141782	0.401776	-526.138523	
1.533000	15.649184	1.139424	-0.048592	52.064760	0.413458	-526.138030	
1.534000	15.683009	0.807484	-0.048640	51.983132	0.203184	-526.137255	
1.535000	15.780258	0.783196	-0.047437	51.896979	0.035743	-526.136189	
1.536000	15.678781	0.823676	-0.045430	51.806466	0.261593	-526.134871	
1.537000	15.649184	0.920829	-0.043028	51.711636	0.335579	-526.133365	
1.538000	15.687238	1.082751	-0.040235	51.612393	0.421246	-526.131770	
1.539000	15.661868	0.847965	-0.037087	51.508665	0.269381	-526.130222	
1.540000	15.809856	0.799388	-0.034022	51.400537	0.066895	-526.128861	
1.541000	15.704150	0.823676	-0.031586	51.288181	0.355048	-526.127810	
1.542000	15.543479	1.026079	-0.030132	51.171651	0.390094	-526.127148	
1.543000	15.539250	1.058463	-0.029822	51.050866	0.320003	-526.126900	
1.544000	15.589989	0.621274	-0.030465	50.925757	0.366730	-526.127041	
1.545000	15.733748	1.001790	-0.031482	50.796409	0.234335	-526.127520	
1.546000	15.733748	0.750812	-0.032442	50.662991	0.448504	-526.128251	
1.547000	15.606902	0.953214	-0.033316	50.525561	0.362836	-526.129116	
1.548000	15.577304	0.953214	-0.034097	50.384045	0.335579	-526.129981	
1.549000	15.632271	0.864157	-0.034680	50.238382	0.234335	-526.130727	
1.550000	15.780258	0.839869	-0.035122	50.088654	0.226548	-526.131263	
1.551000	15.763345	0.710331	-0.035622	49.935025	0.284957	-526.131545	
1.552000	15.670325	0.953214	-0.036304	49.777553	0.261593	-526.131578	
1.553000	15.653412	1.139424	-0.036839	49.616174	0.238229	-526.131405	
1.554000	15.594217	0.904637	-0.036303	49.450836	0.296639	-526.131099	
1.555000	15.628043	0.661755	-0.034177	49.281626	0.031849	-526.130771	
1.556000	15.712607	0.742716	-0.031122	49.108706	0.304427	-526.130549	
1.557000	15.619586	1.090847	-0.028239	48.932134	0.382306	-526.130557	
1.558000	15.674553	0.953214	-0.026222	48.751850	0.382306	-526.130896	
1.559000	15.581532	0.896541	-0.025333	48.567805	0.246017	-526.131635	
1.560000	15.699922	0.613178	-0.025649	48.380080	0.136986	-526.132794	
1.561000	15.754889	0.677947	-0.027103	48.188835	0.308321	-526.134347	
1.562000	15.691466	0.726523	-0.029543	47.994125	0.355048	-526.136229	
1.563000	15.767574	0.985598	-0.032747	47.795900	0.277169	-526.138338	
1.564000	15.602673	0.945118	-0.036196	47.594122	0.125304	-526.140556	
1.565000	15.729520	0.856061	-0.039059	47.388883	0.055213	-526.142763	
1.566000	15.657640	0.791292	-0.040751	47.180344	0.261593	-526.144848	
1.567000	15.632271	0.977502	-0.041235	46.968568	0.386200	-526.146721	
1.568000	15.615358	0.791292	-0.040564	46.753515	0.335579	-526.148340	
1.569000	15.556163	0.742716	-0.038775	46.535156	0.284957	-526.149718	
1.570000	15.699922	0.661755	-0.036399	46.313578	0.148668	-526.150911	
1.571000	15.729520	0.815580	-0.034268	46.088939	0.277169	-526.152002	
1.572000	15.547707	1.082751	-0.032739	45.861305	0.397882	-526.153104	
1.573000	15.606902	0.912733	-0.031730	45.630641	0.366730	-526.154344	
1.574000	15.742204	0.677947	-0.031152	45.396924	0.133092	-526.155856	
1.575000	15.767574	0.734620	-0.030865	45.160236	0.168138	-526.157746	
1.576000	15.725291	0.742716	-0.030711	44.920728	0.277169	-526.160073	
1.577000	15.577304	0.920829	-0.030749	44.678469	0.288851	-526.162831	
1.578000	15.640727	1.123232	-0.031285	44.433437	0.249911	-526.165975	
1.579000	15.687238	0.823676	-0.032430	44.185623	0.230441	-526.169432	
1.580000	15.653412	1.009886	-0.033777	43.935119	0.160350	-526.173097	
1.581000	15.644956	0.637467	-0.034652	43.682081	0.277169	-526.176839	
1.582000	15.480055	1.058463	-0.034451	43.426582	0.432928	-526.180522	
1.583000	15.632271	0.953214	-0.032843	43.168608	0.335579	-526.184029	
1.584000	15.615358	0.864157	-0.029887	42.908142	0.292745	-526.187288	
1.585000	15.699922	0.823676	-0.025745	42.645268	0.222654	-526.190285	
1.586000	15.683009	0.742716	-0.020387	42.380135	0.249911	-526.193052	
1.587000	15.611130	1.171808	-0.014018	42.112819	0.390094	-526.195651	
1.588000	15.585761	0.831773	-0.007272	41.843319	0.246017	-526.198179	
1.589000	15.653412	0.677947	-0.000847	41.571634	0.230441	-526.200768	
1.590000	15.746433	0.669851	0.004626	41.297849	0.109728	-526.203552	
1.591000	15.721063	0.710331	0.008659	41.022107	0.288851	-526.206644	
1.592000	15.628043	0.993694	0.011049	40.744481	0.425140	-526.210122	
1.593000	15.611130	0.928926	0.011753	40.464967	0.366730	-526.214010	
1.594000	15.602673	0.945118	0.010922	40.183562	0.335579	-526.218285	
1.595000	15.670325	0.767004	0.008574	39.900344	0.172032	-526.222890	
1.596000	15.699922	0.815580	0.004070	39.615446	0.304427	-526.227731	
1.597000	15.678781	0.767004	-0.002814	39.328944	0.308321	-526.232682	
1.598000	15.568848	0.977502	-0.010976	39.040846	0.355048	-526.237607	
1.599000	15.594217	0.847965	-0.019029	38.751163	0.117516	-526.242389	
1.600000	15.699922	0.847965	-0.026034	38.459972	0.191502	-526.246939	0.000000
1.601000	15.742204	0.864157	-0.031219	38.167401	0.234335	-526.251209	
1.602000	15.674553	0.904637	-0.034015	37.873521	0.288851	-526.255197	
1.603000	15.653412	0.605082	-0.034279	37.578358	0.339473	-526.258944	
1.604000	15.628043	0.758908	-0.032231	37.281934	0.156456	-526.262526	
1.605000	15.683009	0.920829	-0.028325	36.984325	0.199290	-526.266058	
1.606000	15.674553	0.904637	-0.023316	36.685653	0.273275	-526.269666	
1.607000	15.602673	1.171808	-0.018275	36.385993	0.366730	-526.273467	
1.608000	15.628043	0.945118	-0.014137	36.085381	0.425140	-526.277559	
1.609000	15.678781	0.815580	-0.011183	35.783851	0.265487	-526.282005	
1.610000	15.564620	0.831773	-0.009087	35.481475	0.238229	-526.286825	
1.611000	15.699922	1.034175	-0.007434	35.178362	0.343367	-526.291989	
1.612000	15.632271	1.074655	-0.006139	34.874576	0.429034	-526.297426	
1.613000	15.666097	0.815580	-0.005436	34.570148	0.495231	-526.303034	
1.614000	15.674553	0.888445	-0.005509	34.265108	0.098047	-526.308696	
1.615000	15.695694	0.750812	-0.006176	33.959523	0.175926	-526.314297	
1.616000	15.640727	0.823676	-0.007117	33.653494	0.230441	-526.319725	
1.617000	15.564620	1.034175	-0.008293	33.347091	0.370624	-526.324889	
1.618000	15.598445	0.920829	-0.009860	33.040358	0.456292	-526.329744	
1.619000	15.695694	0.880349	-0.011627	32.733341	0.249911	-526.334305	
1.620000	15.636499	0.767004	-0.013021	32.426110	0.175926	-526.338628	
1.621000	15.653412	0.896541	-0.013777	32.118761	0.277169	-526.342802	
1.622000	15.632271	0.953214	-0.014066	31.811366	0.393988	-526.346937	
1.623000	15.526566	0.937022	-0.014078	31.503988	0.409564	-526.351161	
1.624000	15.640727	0.807484	-0.014011	31.196688	0.172032	-526.355598	
1.625000	15.763345	0.645563	-0.013970	30.889527	0.214866	-526.360355	
1.626000	15.699922	0.783196	-0.013837	30.582584	0.300533	-526.365493	
1.627000	15.640727	0.880349	-0.013741	30.275927	0.370624	-526.371013	
1.628000	15.619586	1.009886	-0.014552	29.969641	0.316109	-526.376871	
1.629000	15.644956	0.815580	-0.017368	29.663802	0.105834	-526.382996	
1.630000	15.759117	0.767004	-0.022406	29.358470	0.207078	-526.389282	
1.631000	15.649184	0.742716	-0.028819	29.053714	0.386200	-526.395594	
1.632000	15.602673	1.026079	-0.035334	28.749603	0.382306	-526.401798	
1.633000	15.480055	0.993694	-0.040753	28.446225	0.479655	-526.407776	
1.634000	15.632271	0.928926	-0.044304	28.143658	0.234335	-526.413455	
1.635000	15.666097	0.953214	-0.045855	27.841948	0.257699	-526.418814	
1.636000	15.721063	0.686043	-0.046010	27.541151	0.374518	-526.423877	
1.637000	15.691466	0.928926	-0.045722	27.241325	0.327791	-526.428703	
1.638000	15.547707	1.017982	-0.045439	26.942558	0.331685	-526.433396	
1.639000	15.615358	0.928926	-0.045004	26.644923	0.125304	-526.438095	
1.640000	15.712607	0.920829	-0.044332	26.348459	0.261593	-526.442945	
1.641000	15.729520	0.920829	-0.043519	26.053208	0.284957	-526.448066	
1.642000	15.649184	1.042271	-0.042424	25.759231	0.374518	-526.453538	
1.643000	15.594217	0.872253	-0.040731	25.466632	0.339473	-526.459390	
1.644000	15.628043	1.082751	-0.038483	25.175503	0.148668	-526.465609	
1.645000	15.636499	1.034175	-0.035801	24.885882	0.320003	-526.472140	
1.646000	15.644956	0.993694	-0.032199	24.597801	0.292745	-526.478891	
1.647000	15.708379	1.123232	-0.027357	24.311314	0.405670	-526.485732	
1.648000	15.644956	0.815580	-0.021810	24.026543	0.440716	-526.492524	
1.649000	15.602673	0.823676	-0.016317	23.743594	0.265487	-526.499147	
1.650000	15.653412	0.758908	-0.011236	23.462494	0.230441	-526.505511	
1.651000	15.670325	0.847965	-0.006565	23.183255	0.331685	-526.511564	
1.652000	15.695694	1.098943	-0.002317	22.905929	0.339473	-526.517300	
1.653000	15.560391	0.831773	0.001088	22.630668	0.464080	-526.522756	
1.654000	15.687238	0.912733	0.002713	22.357609	0.105834	-526.528010	
1.655000	15.725291	0.920829	0.002066	22.086781	0.265487	-526.533182	
1.656000	15.577304	0.750812	-0.000322	21.818185	0.238229	-526.538406	
1.657000	15.619586	0.872253	-0.003811	21.551867	0.292745	-526.543806	
1.658000	15.480055	0.872253	-0.008090	21.287966	0.401776	-526.549479	
1.659000	15.644956	0.912733	-0.012868	21.026604	0.121410	-526.555490	
1.660000	15.754889	0.937022	-0.017576	20.767790	0.386200	-526.561862	
1.661000	15.585761	0.872253	-0.021173	20.511508	0.304427	-526.568566	
1.662000	15.653412	1.212288	-0.022486	20.257796	0.347261	-526.575528	
1.663000	15.522337	0.961310	-0.021103	20.006798	0.257699	-526.582639	
1.664000	15.683009	0.742716	-0.017612	19.758634	0.101940	-526.589774	
1.665000	15.742204	0.791292	-0.012916	19.513304	0.347261	-526.596814	
1.666000	15.649184	0.734620	-0.007704	19.270783	0.284957	-526.603655	
1.667000	15.628043	0.993694	-0.002236	19.031107	0.273275	-526.610210	
1.668000	15.513881	0.920829	0.003513	18.794430	0.351155	-526.616437	
1.669000	15.636499	0.928926	0.008908	18.560881	0.094153	-526.622345	
1.670000	15.708379	0.993694	0.012753	18.330454	0.277169	-526.627981	
1.671000	15.632271	0.516025	0.014921	18.103108	0.308321	-526.633426	
1.672000	15.628043	1.082751	0.016198	17.878875	0.471868	-526.638787	
1.673000	15.433545	0.937022	0.016863	17.657919	0.390094	-526.644185	
1.674000	15.632271	0.912733	0.016689	17.440369	0.207078	-526.649741	
1.675000	15.712607	0.904637	0.015565	17.226208	0.401776	-526.655553	
1.676000	15.776030	0.718427	0.013710	17.015374	0.323897	-526.661680	
1.677000	15.666097	1.066559	0.011014	16.807897	0.417352	-526.668124	
1.678000	15.475827	0.645563	0.006755	16.603956	0.409564	-526.674846	
1.679000	15.594217	0.718427	0.000797	16.403696	0.191502	-526.681778	
1.680000	15.615358	0.807484	-0.005958	16.207089	0.327791	-526.688818	
1.681000	15.691466	0.767004	-0.012482	16.014063	0.242123	-526.695834	
1.682000	15.585761	0.928926	-0.018083	15.824643	0.421246	-526.702696	
1.683000	15.454686	0.856061	-0.022392	15.639015	0.339473	-526.709294	
1.684000	15.518109	0.880349	-0.025223	15.457320	0.203184	-526.715559	
1.685000	15.750661	0.920829	-0.026504	15.279516	0.347261	-526.721469	
1.686000	15.640727	0.775100	-0.026378	15.105507	0.370624	-526.727044	
1.687000	15.653412	0.726523	-0.025063	14.935308	0.335579	-526.732336	
1.688000	15.522337	0.872253	-0.022839	14.769103	0.226548	-526.737438	
1.689000	15.653412	0.718427	-0.020058	14.607033	0.136986	-526.742483	
1.690000	15.729520	0.896541	-0.016992	14.449044	0.339473	-526.747609	
1.691000	15.632271	0.831773	-0.013925	14.295028	0.210972	-526.752930	
1.692000	15.678781	0.880349	-0.011143	14.144997	0.187608	-526.758524	
1.693000	15.463143	0.767004	-0.008809	13.999141	0.288851	-526.764421	
1.694000	15.687238	0.613178	-0.007132	13.857596	0.210972	-526.770607	
1.695000	15.636499	0.961310	-0.006292	13.720297	0.281063	-526.777032	
1.696000	15.623814	0.839869	-0.006186	13.587129	0.429034	-526.783600	
1.697000	15.632271	1.009886	-0.006521	13.458104	0.382306	-526.790180	
1.698000	15.454686	0.953214	-0.006986	13.333417	0.432928	-526.796630	
1.699000	15.666097	0.694139	-0.007363	13.213201	0.207078	-526.802827	
1.700000	15.678781	0.799388	-0.007655	13.097378	0.413458	-526.808679	0.000000
1.701000	15.661868	0.686043	-0.007775	12.985814	0.288851	-526.814134	
1.702000	15.611130	1.341826	-0.007561	12.878515	0.246017	-526.819183	
1.703000	15.564620	0.896541	-0.007484	12.775680	0.238229	-526.823860	
1.704000	15.666097	0.775100	-0.008429	12.677445	0.094153	-526.828240	
1.705000	15.632271	0.961310	-0.010656	12.583725	0.284957	-526.832440	
1.706000	15.776030	0.734620	-0.013792	12.494380	0.296639	-526.836594	
1.707000	15.522337	0.961310	-0.017406	12.409418	0.296639	-526.840823	
1.708000	15.420861	0.847965	-0.021204	12.329046	0.230441	-526.845220	
1.709000	15.598445	0.783196	-0.025085	12.253394	0.261593	-526.849847	
1.710000	15.670325	0.872253	-0.028818	12.182361	0.409564	-526.854722	
1.711000	15.632271	0.880349	-0.031839	12.115790	0.312215	-526.859816	
1.712000	15.585761	0.937022	-0.033880	12.053679	0.448504	-526.865058	
1.713000	15.433545	0.920829	-0.035296	11.996231	0.308321	-526.870342	
1.714000	15.581532	0.985598	-0.036554	11.943569	0.331685	-526.875544	
1.715000	15.729520	0.839869	-0.037763	11.895576	0.327791	-526.880546	
1.716000	15.729520	0.775100	-0.038638	11.852085	0.238229	-526.885238	
1.717000	15.619586	0.880349	-0.038614	11.813100	0.226548	-526.889537	
1.718000	15.399719	0.839869	-0.037087	11.778836	0.249911	-526.893406	
1.719000	15.606902	0.896541	-0.034024	11.749416	0.370624	-526.896860	
1.720000	15.767574	0.823676	-0.030447	11.724711	0.347261	-526.899949	
1.721000	15.666097	0.775100	-0.027761	11.704551	0.281063	-526.902756	
1.722000	15.573076	0.605082	-0.026548	11.688954	0.432928	-526.905391	
1.723000	15.382807	1.034175	-0.026558	11.678149	0.288851	-526.907983	
1.724000	15.585761	0.864157	-0.027421	11.672250	0.296639	-526.910656	
1.725000	15.670325	0.912733	-0.028785	11.671107	0.296639	-526.913506	
1.726000	15.674553	0.783196	-0.030286	11.674528	0.284957	-526.916585	
1.727000	15.661868	0.912733	-0.031916	11.682526	0.308321	-526.919894	
1.728000	15.454686	0.799388	-0.034223	11.695328	0.152562	-526.923397	
1.729000	15.615358	0.872253	-0.037761	11.713045	0.214866	-526.927029	
1.730000	15.615358	0.912733	-0.042403	11.735519	0.499125	-526.930690	
1.731000	15.678781	0.783196	-0.047403	11.762548	0.210972	-526.934248	
1.732000	15.623814	0.912733	-0.051900	11.794141	0.405670	-526.937573	
1.733000	15.403948	0.839869	-0.055219	11.830522	0.265487	-526.940554	
1.734000	15.573076	0.847965	-0.057003	11.871797	0.160350	-526.943121	
1.735000	15.577304	1.098943	-0.057406	11.917791	0.358942	-526.945248	
1.736000	15.628043	0.937022	-0.056850	11.968292	0.393988	-526.946950	
1.737000	15.623814	1.123232	-0.055182	12.023301	0.397882	-526.948273	
1.738000	15.454686	0.977502	-0.051709	12.083043	0.320003	-526.949312	
1.739000	15.754889	0.669851	-0.046335	12.147611	0.226548	-526.950203	
1.740000	15.691466	0.783196	-0.039935	12.216817	0.308321	-526.951093	
1.741000	15.666097	0.823676	-0.033605	12.290440	0.316109	-526.952102	
1.742000	15.543479	0.969406	-0.027934	12.368498	0.210972	-526.953314	
1.743000	15.484284	0.767004	-0.022863	12.451222	0.257699	-526.954762	
1.744000	15.657640	0.815580	-0.018313	12.538699	0.312215	-526.956436	
1.745000	15.649184	0.823676	-0.014862	12.630728	0.409564	-526.958288	
1.746000	15.598445	0.856061	-0.013331	12.727084	0.393988	-526.960230	
1.747000	15.505425	0.831773	-0.013790	12.827789	0.386200	-526.962132	
1.748000	15.458914	0.961310	-0.015427	12.933082	0.273275	-526.963853	
1.749000	15.636499	0.864157	-0.017441	13.043044	0.168138	-526.965265	
1.750000	15.674553	0.775100	-0.019548	13.157460	0.351155	-526.966275	
1.751000	15.598445	0.847965	-0.021556	13.276097	0.312215	-526.966831	
1.752000	15.585761	0.791292	-0.023072	13.398977	0.358942	-526.966930	
1.753000	15.437773	1.050367	-0.023539	13.526326	0.440716	-526.966605	
1.754000	15.733748	0.758908	-0.022350	13.658208	0.284957	-526.965928	
1.755000	15.733748	0.904637	-0.019342	13.794391	0.234335	-526.965011	
1.756000	15.615358	0.847965	-0.014992	13.934640	0.277169	-526.963995	
1.757000	15.581532	0.937022	-0.010111	14.078986	0.347261	-526.963010	
1.758000	15.395491	0.945118	-0.005469	14.227667	0.382306	-526.962162	
1.759000	15.611130	0.896541	-0.001510	14.380739	0.323897	-526.961516	
1.760000	15.598445	0.815580	0.001502	14.537963	0.534171	-526.961088	
1.761000	15.666097	0.799388	0.003217	14.699091	0.323897	-526.960850	
1.762000	15.556163	1.277057	0.003400	14.864146	0.355048	-526.960731	
1.763000	15.408176	0.847965	0.002202	15.033353	0.413458	-526.960630	
1.764000	15.615358	0.758908	5.244907E-5	15.206749	0.300533	-526.960423	
1.765000	15.644956	0.880349	-0.002598	15.384075	0.358942	-526.959988	
1.766000	15.733748	0.864157	-0.005352	15.565077	0.238229	-526.959218	
1.767000	15.568848	0.831773	-0.007959	15.749787	0.214866	-526.958038	
1.768000	15.556163	0.710331	-0.010435	15.938437	0.320003	-526.956421	
1.769000	15.628043	0.815580	-0.012802	16.131059	0.249911	-526.954386	
1.770000	15.619586	0.928926	-0.014884	16.327391	0.565323	-526.951987	
1.771000	15.649184	0.928926	-0.016450	16.527179	0.378412	-526.949299	
1.772000	15.467371	0.726523	-0.017420	16.730465	0.475762	-526.946432	
1.773000	15.442002	0.815580	-0.018040	16.937489	0.370624	-526.943512	
1.774000	15.619586	0.928926	-0.018608	17.148276	0.253805	-526.940661	
1.775000	15.619586	0.758908	-0.019073	17.362546	0.405670	-526.937976	
1.776000	15.653412	0.856061	-0.019316	17.580037	0.308321	-526.935508	
1.777000	15.589989	1.017982	-0.019668	17.800796	0.300533	-526.933258	
1.778000	15.708379	0.839869	-0.020624	18.025067	0.312215	-526.931188	
1.779000	15.649184	0.823676	-0.021987	18.252875	0.358942	-526.929237	
1.780000	15.543479	0.742716	-0.023037	18.483936	0.308321	-526.927304	
1.781000	15.573076	0.783196	-0.023235	18.717985	0.265487	-526.925267	
1.782000	15.496968	0.928926	-0.022129	18.955061	0.288851	-526.923000	
1.783000	15.619586	0.831773	-0.019399	19.195398	0.242123	-526.920399	
1.784000	15.636499	0.758908	-0.015186	19.439013	0.281063	-526.917398	
1.785000	15.687238	0.621274	-0.009928	19.685617	0.370624	-526.913976	
1.786000	15.589989	0.847965	-0.004374	19.934943	0.351155	-526.910155	
1.787000	15.467371	0.807484	0.000513	20.187031	0.429034	-526.905986	
1.788000	15.560391	0.831773	0.004319	20.442112	0.323897	-526.901561	
1.789000	15.632271	0.888445	0.007213	20.700185	0.308321	-526.897012	
1.790000	15.725291	0.645563	0.009285	20.960952	0.366730	-526.892483	
1.791000	15.666097	0.823676	0.010426	21.224141	0.312215	-526.888100	
1.792000	15.475827	0.969406	0.010546	21.489795	0.238229	-526.883950	
1.793000	15.581532	0.888445	0.009773	21.758143	0.323897	-526.880067	
1.794000	15.666097	0.985598	0.008455	22.029184	0.249911	-526.876438	
1.795000	15.661868	0.969406	0.006741	22.302617	0.448504	-526.873018	
1.796000	15.606902	0.677947	0.004262	22.578172	0.246017	-526.869723	
1.797000	15.378578	0.969406	0.000827	22.855894	0.374518	-526.866433	
1.798000	15.535022	0.977502	-0.002905	23.136005	0.320003	-526.863004	
1.799000	15.628043	0.953214	-0.006089	23.418485	0.393988	-526.859308	
1.800000	15.628043	0.888445	-0.008339	23.703021	0.382306	-526.855246	0.000000
1.801000	15.636499	0.742716	-0.009573	23.989340	0.347261	-526.850764	
1.802000	15.446230	0.937022	-0.009641	24.277487	0.230441	-526.845858	
1.803000	15.691466	0.847965	-0.008337	24.567682	0.296639	-526.840568	
1.804000	15.628043	0.912733	-0.005789	24.859903	0.413458	-526.834969	
1.805000	15.729520	0.799388	-0.002481	25.153836	0.323897	-526.829176	
1.806000	15.733748	1.017982	0.000957	25.449210	0.226548	-526.823331	
1.807000	15.446230	0.864157	0.003863	25.746079	0.238229	-526.817567	
1.808000	15.708379	0.758908	0.005893	26.044670	0.312215	-526.811995	
1.809000	15.564620	0.864157	0.007010	26.344961	0.378412	-526.806685	
1.810000	15.670325	0.896541	0.007208	26.646638	0.397882	-526.801652	
1.811000	15.594217	0.775100	0.006521	26.949430	0.284957	-526.796864	
1.812000	15.399719	0.775100	0.005144	27.253386	0.156456	-526.792250	
1.813000	15.628043	0.872253	0.003448	27.558723	0.390094	-526.787704	
1.814000	15.543479	0.961310	0.001648	27.865407	0.378412	-526.783097	
1.815000	15.640727	0.823676	-0.000267	28.173113	0.440716	-526.778303	
1.816000	15.678781	0.823676	-0.002227	28.481566	0.265487	-526.773212	
1.817000	15.518109	0.815580	-0.004054	28.790809	0.222654	-526.767744	
1.818000	15.767574	0.750812	-0.005476	29.101054	0.242123	-526.761867	
1.819000	15.611130	0.807484	-0.006107	29.412270	0.269381	-526.755601	
1.820000	15.687238	0.928926	-0.005529	29.724138	0.203184	-526.748999	
1.821000	15.649184	0.993694	-0.003440	30.036392	0.261593	-526.742139	
1.822000	15.513881	0.928926	-4.370707E-5	30.349079	0.343367	-526.735136	
1.823000	15.771802	0.775100	0.003838	30.662408	0.417352	-526.728121	
1.824000	15.632271	0.758908	0.007293	30.976340	0.362836	-526.721223	
1.825000	15.598445	0.888445	0.009825	31.290555	0.475762	-526.714542	
1.826000	15.589989	0.912733	0.011368	31.604784	0.386200	-526.708134	
1.827000	15.382807	1.098943	0.011701	31.919070	0.323897	-526.702000	
1.828000	15.864822	0.815580	0.010097	32.233616	0.413458	-526.696103	
1.829000	15.712607	0.767004	0.006238	32.548382	0.292745	-526.690380	
1.830000	15.640727	0.977502	0.000817	32.863056	0.464080	-526.684736	
1.831000	15.513881	0.823676	-0.005119	33.177370	0.210972	-526.679049	
1.832000	15.357437	0.961310	-0.010744	33.491370	0.284957	-526.673196	
1.833000	15.801399	0.783196	-0.015662	33.805256	0.277169	-526.667069	
1.834000	15.598445	0.831773	-0.019920	34.118988	0.405670	-526.660599	
1.835000	15.695694	0.791292	-0.023731	34.432256	0.284957	-526.653766	
1.836000	15.585761	0.734620	-0.027225	34.744801	0.265487	-526.646593	
1.837000	15.302471	0.896541	-0.030208	35.056667	0.253805	-526.639141	
1.838000	15.678781	0.872253	-0.032293	35.368045	0.284957	-526.631501	
1.839000	15.602673	0.783196	-0.033456	35.678887	0.456292	-526.623798	
1.840000	15.695694	0.839869	-0.034132	35.988880	0.246017	-526.616166	
1.841000	15.678781	0.726523	-0.034714	36.297766	0.351155	-526.608730	
1.842000	15.458914	0.847965	-0.035188	36.605584	0.312215	-526.601583	
1.843000	15.776030	0.872253	-0.035365	36.912522	0.316109	-526.594769	
1.844000	15.589989	0.645563	-0.035384	37.218530	0.323897	-526.588275	
1.845000	15.695694	1.001790	-0.035664	37.523308	0.382306	-526.582052	
1.846000	15.687238	0.710331	-0.036323	37.826603	0.234335	-526.576020	
1.847000	15.425089	0.888445	-0.037105	38.128461	0.440716	-526.570066	
1.848000	15.737976	1.066559	-0.037655	38.429068	0.339473	-526.564058	
1.849000	15.509653	0.807484	-0.037624	38.728378	0.506913	-526.557868	
1.850000	15.640727	0.888445	-0.036943	39.026094	0.413458	-526.551394	
1.851000	15.623814	0.880349	-0.035936	39.321966	0.374518	-526.544578	
1.852000	15.446230	0.677947	-0.034747	39.616036	0.312215	-526.537416	
1.853000	15.784486	0.710331	-0.032973	39.908494	0.413458	-526.529946	
1.854000	15.640727	0.734620	-0.030239	40.199305	0.284957	-526.522245	
1.855000	15.695694	1.066559	-0.026733	40.488177	0.343367	-526.514427	
1.856000	15.683009	0.734620	-0.023008	40.774866	0.261593	-526.506631	
1.857000	15.530794	0.823676	-0.019692	41.059413	0.210972	-526.498995	
1.858000	15.801399	0.686043	-0.017344	41.341999	0.222654	-526.491639	
1.859000	15.623814	0.872253	-0.016370	41.622585	0.331685	-526.484637	
1.860000	15.547707	0.961310	-0.016886	41.900889	0.545853	-526.478008	
1.861000	15.611130	0.831773	-0.018679	42.176678	0.164244	-526.471722	
1.862000	15.374350	0.961310	-0.021364	42.449993	0.281063	-526.465708	
1.863000	15.843681	0.742716	-0.024314	42.721013	0.421246	-526.459863	
1.864000	15.674553	0.847965	-0.026780	42.989702	0.429034	-526.454060	
1.865000	15.577304	0.937022	-0.028230	43.255789	0.355048	-526.448169	
1.866000	15.653412	0.815580	-0.028434	43.519044	0.246017	-526.442078	
1.867000	15.539250	0.993694	-0.027529	43.779510	0.249911	-526.435705	
1.868000	15.881735	0.767004	-0.025941	44.037366	0.164244	-526.429019	
1.869000	15.606902	0.669851	-0.023942	44.292577	0.335579	-526.422040	
1.870000	15.674553	0.856061	-0.021319	44.544883	0.351155	-526.414823	
1.871000	15.560391	0.856061	-0.017632	44.794068	0.257699	-526.407452	
1.872000	15.551935	0.823676	-0.012844	45.040185	0.370624	-526.400039	
1.873000	15.771802	0.880349	-0.007503	45.283417	0.281063	-526.392711	
1.874000	15.602673	0.945118	-0.002251	45.523738	0.327791	-526.385589	
1.875000	15.649184	0.896541	0.002353	45.760896	0.483549	-526.378774	
1.876000	15.628043	0.969406	0.005620	45.994679	0.374518	-526.372323	
1.877000	15.551935	0.872253	0.006643	46.225133	0.296639	-526.366240	
1.878000	15.716835	0.912733	0.004870	46.452434	0.390094	-526.360487	
1.879000	15.632271	0.767004	0.001177	46.676551	0.413458	-526.354993	
1.880000	15.750661	0.847965	-0.002834	46.897236	0.327791	-526.349652	
1.881000	15.628043	0.718427	-0.006303	47.114287	0.296639	-526.344340	
1.882000	15.564620	0.823676	-0.008846	47.327760	0.218760	-526.338935	
1.883000	15.699922	0.920829	-0.010160	47.537841	0.242123	-526.333334	
1.884000	15.640727	0.758908	-0.010333	47.744516	0.355048	-526.327465	
1.885000	15.581532	0.920829	-0.010085	47.947554	0.397882	-526.321303	
1.886000	15.640727	0.556506	-0.010693	48.146767	0.339473	-526.314866	
1.887000	15.518109	0.686043	-0.012974	48.342211	0.222654	-526.308213	
1.888000	15.725291	0.775100	-0.016351	48.534063	0.397882	-526.301442	
1.889000	15.615358	0.985598	-0.019600	48.722301	0.475762	-526.294680	
1.890000	15.589989	0.977502	-0.021977	48.906693	0.425140	-526.288060	
1.891000	15.691466	0.791292	-0.023437	49.087052	0.253805	-526.281701	
1.892000	15.712607	0.694139	-0.024357	49.263431	0.222654	-526.275698	
1.893000	15.788715	0.799388	-0.025101	49.436007	0.378412	-526.270097	
1.894000	15.687238	0.791292	-0.025592	49.604767	0.378412	-526.264893	
1.895000	15.543479	0.969406	-0.025397	49.769497	0.327791	-526.260033	
1.896000	15.636499	0.783196	-0.024332	49.930017	0.269381	-526.255437	
1.897000	15.606902	0.831773	-0.022548	50.086387	0.261593	-526.250989	
1.898000	15.750661	0.823676	-0.020169	50.238787	0.358942	-526.246559	
1.899000	15.602673	0.847965	-0.017270	50.387216	0.382306	-526.242022	
1.900000	15.535022	1.009886	-0.013917	50.531471	0.467974	-526.237275	0.000000
1.901000	15.657640	0.904637	-0.010103	50.671384	0.366730	-526.232256	
1.902000	15.649184	0.750812	-0.005980	50.807013	0.347261	-526.226956	
1.903000	15.797171	0.953214	-0.002180	50.938534	0.312215	-526.221412	
1.904000	15.666097	0.710331	0.000707	51.065946	0.370624	-526.215696	
1.905000	15.657640	0.937022	0.002763	51.189051	0.312215	-526.209918	
1.906000	15.674553	0.847965	0.004290	51.307688	0.331685	-526.204214	
1.907000	15.733748	0.847965	0.005365	51.421920	0.156456	-526.198717	
1.908000	15.750661	0.847965	0.005986	51.531922	0.261593	-526.193544	
1.909000	15.632271	0.815580	0.006138	51.637699	0.335579	-526.188769	
1.910000	15.670325	1.026079	0.005750	51.739070	0.351155	-526.184412	
1.911000	15.577304	0.961310	0.004859	51.835885	0.366730	-526.180445	
1.912000	15.699922	1.009886	0.003520	51.928212	0.308321	-526.176800	
1.913000	15.606902	0.928926	0.001521	52.016227	0.320003	-526.173375	
1.914000	15.632271	0.904637	-0.001212	52.099935	0.366730	-526.170036	
1.915000	15.649184	1.042271	-0.004217	52.179160	0.355048	-526.166652	
1.916000	15.585761	0.839869	-0.006986	52.253759	0.308321	-526.163110	
1.917000	15.725291	0.856061	-0.009401	52.323796	0.172032	-526.159329	
1.918000	15.712607	0.791292	-0.011552	52.389446	0.273275	-526.155273	
1.919000	15.708379	0.783196	-0.013288	52.450717	0.553641	-526.150954	
1.920000	15.615358	0.815580	-0.014284	52.507447	0.351155	-526.146425	
1.921000	15.653412	0.912733	-0.014511	52.559502	0.335579	-526.141775	
1.922000	15.809856	0.856061	-0.014232	52.606956	0.078577	-526.137125	
1.923000	15.657640	0.888445	-0.013722	52.649984	0.413458	-526.132611	
1.924000	15.606902	0.953214	-0.013187	52.688607	0.397882	-526.128352	
1.925000	15.564620	1.017982	-0.012718	52.722669	0.541959	-526.124439	
1.926000	15.628043	0.823676	-0.012292	52.752047	0.238229	-526.120924	
1.927000	15.818312	0.742716	-0.011789	52.776811	0.203184	-526.117813	
1.928000	15.712607	0.847965	-0.011305	52.797133	0.358942	-526.115068	
1.929000	15.535022	0.920829	-0.011368	52.813030	0.347261	-526.112617	
1.930000	15.678781	1.090847	-0.012428	52.824353	0.249911	-526.110348	
1.931000	15.678781	0.839869	-0.014345	52.830980	0.140880	-526.108133	
1.932000	15.792943	0.791292	-0.016615	52.832984	0.086365	-526.105853	
1.933000	15.708379	0.758908	-0.018829	52.830545	0.292745	-526.103406	
1.934000	15.539250	0.864157	-0.020789	52.823695	0.390094	-526.100726	
1.935000	15.674553	1.082751	-0.022288	52.812303	0.405670	-526.097787	
1.936000	15.619586	1.009886	-0.023119	52.796263	0.316109	-526.094610	
1.937000	15.814084	0.847965	-0.023343	52.775655	0.238229	-526.091253	
1.938000	15.678781	0.847965	-0.023203	52.750660	0.335579	-526.087819	
1.939000	15.602673	1.017982	-0.022849	52.721314	0.390094	-526.084434	
1.940000	15.606902	1.034175	-0.022295	52.687486	0.479655	-526.081226	
1.941000	15.535022	0.945118	-0.021609	52.649071	0.331685	-526.078313	
1.942000	15.792943	0.839869	-0.021008	52.606144	0.273275	-526.075786	
1.943000	15.784486	0.815580	-0.020755	52.558880	0.351155	-526.073690	
1.944000	15.708379	0.912733	-0.020880	52.507318	0.234335	-526.072020	
1.945000	15.636499	1.090847	-0.021043	52.451341	0.308321	-526.070727	
1.946000	15.602673	0.823676	-0.020947	52.390855	0.288851	-526.069733	
1.947000	15.733748	0.783196	-0.020669	52.325940	0.140880	-526.068928	
1.948000	15.708379	0.872253	-0.020356	52.256771	0.273275	-526.068180	
1.949000	15.632271	0.928926	-0.019998	52.183394	0.288851	-526.067363	
1.950000	15.623814	0.985598	-0.019610	52.105703	0.351155	-526.066374	
1.951000	15.564620	0.823676	-0.019344	52.023614	0.308321	-526.065153	
1.952000	15.733748	0.920829	-0.019491	51.937208	0.242123	-526.063692	
1.953000	15.742204	0.912733	-0.020368	51.846655	0.296639	-526.062024	
1.954000	15.725291	0.799388	-0.021861	51.751993	0.351155	-526.060208	
1.955000	15.623814	0.953214	-0.023441	51.653121	0.378412	-526.058351	
1.956000	15.649184	0.896541	-0.024809	51.549951	0.172032	-526.056591	
1.957000	15.771802	0.904637	-0.026026	51.442564	0.082471	-526.055070	
1.958000	15.699922	0.872253	-0.027159	51.331129	0.257699	-526.053907	
1.959000	15.598445	1.001790	-0.028250	51.215692	0.210972	-526.053174	
1.960000	15.640727	0.726523	-0.029724	51.096167	0.281063	-526.052888	
1.961000	15.670325	0.742716	-0.032437	50.972489	0.273275	-526.053024	
1.962000	15.653412	0.880349	-0.036754	50.844750	0.234335	-526.053529	
1.963000	15.666097	0.888445	-0.042060	50.713131	0.300533	-526.054309	
1.964000	15.556163	0.977502	-0.047402	50.577687	0.456292	-526.055233	
1.965000	15.661868	1.090847	-0.051943	50.438334	0.401776	-526.056160	
1.966000	15.649184	0.791292	-0.055128	50.295003	0.249911	-526.056971	
1.967000	15.742204	0.677947	-0.056767	50.147778	0.113622	-526.057588	
1.968000	15.742204	0.686043	-0.056797	49.996829	0.230441	-526.057977	
1.969000	15.568848	1.107039	-0.055128	49.842206	0.397882	-526.058153	
1.970000	15.649184	0.872253	-0.051543	49.683834	0.214866	-526.058163	
1.971000	15.598445	0.872253	-0.045888	49.521651	0.249911	-526.058089	
1.972000	15.809856	0.564602	-0.038515	49.355743	0.117516	-526.058054	
1.973000	15.805627	0.677947	-0.030217	49.186278	0.265487	-526.058198	
1.974000	15.602673	0.920829	-0.021940	49.013312	0.296639	-526.058644	
1.975000	15.598445	0.993694	-0.014591	48.836779	0.382306	-526.059484	
1.976000	15.530794	0.904637	-0.008791	48.656627	0.207078	-526.060770	
1.977000	15.729520	0.969406	-0.004542	48.472944	0.195396	-526.062503	
1.978000	15.742204	0.912733	-0.001322	48.285897	0.397882	-526.064647	
1.979000	15.615358	0.920829	0.001012	48.095548	0.429034	-526.067127	
1.980000	15.577304	0.953214	0.002062	47.901837	0.277169	-526.069835	
1.981000	15.606902	0.726523	0.001763	47.704715	0.249911	-526.072643	
1.982000	15.797171	0.880349	0.000604	47.504261	0.109728	-526.075431	
1.983000	15.733748	0.742716	-0.000826	47.300636	0.281063	-526.078096	
1.984000	15.666097	0.831773	-0.002172	47.093905	0.292745	-526.080567	
1.985000	15.611130	1.090847	-0.003213	46.884021	0.355048	-526.082821	
1.986000	15.585761	0.896541	-0.003794	46.670949	0.253805	-526.084878	
1.987000	15.699922	0.969406	-0.003937	46.454773	0.043531	-526.086796	
1.988000	15.708379	0.726523	-0.003690	46.235653	0.331685	-526.088662	
1.989000	15.581532	0.872253	-0.003189	46.013651	0.393988	-526.090592	
1.990000	15.661868	0.937022	-0.002864	45.788724	0.355048	-526.092711	
1.991000	15.640727	0.864157	-0.003157	45.560836	0.327791	-526.095139	
1.992000	15.661868	0.977502	-0.004141	45.330066	0.125304	-526.097968	
1.993000	15.699922	0.775100	-0.005559	45.096565	0.351155	-526.101235	
1.994000	15.661868	1.001790	-0.007134	44.860393	0.370624	-526.104925	
1.995000	15.678781	0.742716	-0.009137	44.621515	0.343367	-526.108986	
1.996000	15.606902	0.726523	-0.012445	44.379908	0.156456	-526.113346	
1.997000	15.699922	0.831773	-0.017395	44.135657	0.109728	-526.117899	
1.998000	15.628043	0.856061	-0.023207	43.888911	0.249911	-526.122514	
1.999000	15.585761	1.066559	-0.028801	43.639735	0.304427	-526.127055	
2.000000	15.585761	0.937022	-0.033295	43.388105	0.304427	-526.131414	0.000000
2.001000	15.623814	0.734620	-0.035979	43.134004	0.214866	-526.135526	
2.002000	15.657640	0.645563	-0.036738	42.877515	0.129198	-526.139385	
2.003000	15.683009	0.799388	-0.036345	42.618785	0.456292	-526.143022	
2.004000	15.543479	1.082751	-0.035762	42.357880	0.432928	-526.146489	
2.005000	15.691466	0.985598	-0.035323	42.094780	0.351155	-526.149880	
2.006000	15.678781	0.726523	-0.034859	41.829475	0.187608	-526.153324	
2.007000	15.809856	0.661755	-0.034140	41.562045	0.125304	-526.156963	
2.008000	15.716835	0.726523	-0.033017	41.292629	0.210972	-526.160915	
2.009000	15.585761	0.961310	-0.031381	41.021296	0.312215	-526.165251	
2.010000	15.746433	0.928926	-0.029186	40.748042	0.397882	-526.169990	
2.011000	15.585761	0.993694	-0.026647	40.472868	0.175926	-526.175109	
2.012000	15.657640	0.775100	-0.024161	40.195857	0.117516	-526.180549	
2.013000	15.657640	0.864157	-0.022070	39.917151	0.343367	-526.186215	
2.014000	15.568848	0.937022	-0.020523	39.636824	0.320003	-526.191978	
2.015000	15.568848	0.953214	-0.019297	39.354880	0.452398	-526.197700	
2.016000	15.628043	0.856061	-0.017951	39.071319	0.249911	-526.203260	
2.017000	15.737976	0.872253	-0.016247	38.786214	0.214866	-526.208574	
2.018000	15.699922	0.718427	-0.014301	38.499693	0.284957	-526.213601	
2.019000	15.670325	0.856061	-0.012181	38.211823	0.397882	-526.218346	
2.020000	15.632271	0.912733	-0.009554	37.922622	0.393988	-526.222855	
2.021000	15.670325	0.726523	-0.006052	37.632106	0.172032	-526.227208	
2.022000	15.687238	0.937022	-0.001775	37.340351	0.125304	-526.231522	
2.023000	15.746433	0.540314	0.002770	37.047477	0.168138	-526.235925	
2.024000	15.670325	1.115135	0.006982	36.753557	0.269381	-526.240537	
2.025000	15.568848	0.977502	0.010338	36.458616	0.320003	-526.245455	
2.026000	15.573076	0.896541	0.012497	36.162679	0.144774	-526.250733	
2.027000	15.560391	0.969406	0.013192	35.865817	0.281063	-526.256374	
2.028000	15.683009	0.945118	0.011993	35.568144	0.304427	-526.262336	
2.029000	15.598445	1.017982	0.008537	35.269730	0.487443	-526.268535	
2.030000	15.611130	0.799388	0.003047	34.970615	0.358942	-526.274858	
2.031000	15.615358	0.718427	-0.003695	34.670838	0.094153	-526.281180	
2.032000	15.695694	0.815580	-0.010767	34.370471	0.214866	-526.287383	
2.033000	15.661868	0.993694	-0.017342	34.069616	0.210972	-526.293362	
2.034000	15.628043	1.188000	-0.022791	33.768343	0.312215	-526.299038	
2.035000	15.725291	0.937022	-0.026709	33.466707	0.249911	-526.304384	
2.036000	15.636499	0.402680	-0.028805	33.164761	0.121410	-526.309428	
2.037000	15.733748	1.001790	-0.028867	32.862580	0.234335	-526.314236	
2.038000	15.640727	0.742716	-0.026687	32.560260	0.183714	-526.318905	
2.039000	15.581532	1.147520	-0.022304	32.257868	0.316109	-526.323554	
2.040000	15.585761	1.001790	-0.016501	31.955452	0.366730	-526.328303	
2.041000	15.640727	0.969406	-0.010512	31.653054	0.148668	-526.333270	
2.042000	15.742204	0.734620	-0.005263	31.350730	0.156456	-526.338549	
2.043000	15.653412	0.872253	-0.001096	31.048561	0.281063	-526.344185	
2.044000	15.602673	0.985598	0.002296	30.746605	0.300533	-526.350163	
2.045000	15.581532	1.171808	0.005440	30.444913	0.261593	-526.356432	
2.046000	15.670325	0.945118	0.007899	30.143529	0.152562	-526.362914	
2.047000	15.763345	0.831773	0.008668	29.842507	0.078577	-526.369504	
2.048000	15.653412	0.888445	0.007698	29.541926	0.269381	-526.376075	
2.049000	15.628043	0.864157	0.005633	29.241852	0.296639	-526.382499	
2.050000	15.509653	0.864157	0.002783	28.942369	0.405670	-526.388670	
2.051000	15.594217	0.953214	-0.000896	28.643544	0.090259	-526.394522	
2.052000	15.623814	0.969406	-0.005282	28.345431	0.312215	-526.400045	
2.053000	15.699922	0.961310	-0.009711	28.048092	0.304427	-526.405266	
2.054000	15.674553	1.115135	-0.013015	27.751585	0.308321	-526.410244	
2.055000	15.484284	1.074655	-0.014380	27.455994	0.378412	-526.415078	
2.056000	15.653412	0.920829	-0.014055	27.161389	0.175926	-526.419900	
2.057000	15.704150	0.799388	-0.012872	26.867810	0.323897	-526.424851	
2.058000	15.746433	0.758908	-0.011626	26.575301	0.347261	-526.430048	
2.059000	15.699922	1.034175	-0.011060	26.283917	0.300533	-526.435566	
2.060000	15.611130	0.807484	-0.011582	25.993756	0.172032	-526.441432	
2.061000	15.649184	0.904637	-0.012813	25.704901	0.059107	-526.447631	
2.062000	15.636499	1.026079	-0.014349	25.417388	0.265487	-526.454109	
2.063000	15.606902	0.847965	-0.016452	25.131250	0.210972	-526.460767	
2.064000	15.606902	1.131328	-0.019182	24.846538	0.393988	-526.467469	
2.065000	15.509653	0.831773	-0.021937	24.563369	0.362836	-526.474073	
2.066000	15.619586	0.920829	-0.024146	24.281844	0.210972	-526.480458	
2.067000	15.666097	0.937022	-0.025695	24.001992	0.343367	-526.486536	
2.068000	15.704150	0.920829	-0.026710	23.723831	0.265487	-526.492260	
2.069000	15.640727	1.188000	-0.027570	23.447413	0.277169	-526.497631	
2.070000	15.678781	0.580794	-0.028905	23.172878	0.246017	-526.502696	
2.071000	15.666097	0.694139	-0.030821	22.900345	0.148668	-526.507541	
2.072000	15.716835	0.669851	-0.032741	22.629845	0.323897	-526.512293	
2.073000	15.632271	0.945118	-0.034253	22.361383	0.226548	-526.517089	
2.074000	15.640727	1.066559	-0.035368	22.095010	0.417352	-526.522051	
2.075000	15.611130	0.961310	-0.036322	21.830880	0.323897	-526.527277	
2.076000	15.585761	0.831773	-0.037527	21.569126	0.164244	-526.532826	
2.077000	15.708379	0.839869	-0.039174	21.309771	0.187608	-526.538708	
2.078000	15.551935	0.945118	-0.041327	21.052809	0.226548	-526.544884	
2.079000	15.522337	0.977502	-0.044436	20.798284	0.347261	-526.551273	
2.080000	15.488512	1.220385	-0.048676	20.546344	0.393988	-526.557756	
2.081000	15.742204	0.791292	-0.053309	20.297111	0.136986	-526.564202	
2.082000	15.737976	0.742716	-0.057287	20.050589	0.343367	-526.570490	
2.083000	15.674553	0.702235	-0.059852	19.806753	0.273275	-526.576517	
2.084000	15.644956	1.017982	-0.060649	19.565637	0.281063	-526.582209	
2.085000	15.522337	0.823676	-0.059421	19.327402	0.316109	-526.587540	
2.086000	15.653412	0.807484	-0.055606	19.092179	0.101940	-526.592533	
2.087000	15.750661	0.758908	-0.048885	18.859966	0.257699	-526.597254	
2.088000	15.712607	0.734620	-0.039957	18.630723	0.195396	-526.601801	
2.089000	15.649184	1.001790	-0.030197	18.404483	0.370624	-526.606293	
2.090000	15.437773	0.904637	-0.020925	18.181411	0.347261	-526.610853	
2.091000	15.594217	0.839869	-0.012962	17.961640	0.168138	-526.615592	
2.092000	15.704150	0.815580	-0.006655	17.745153	0.405670	-526.620596	
2.093000	15.699922	0.702235	-0.002293	17.531890	0.144774	-526.625900	
2.094000	15.615358	0.985598	-0.000264	17.321877	0.191502	-526.631491	
2.095000	15.522337	0.718427	-0.000955	17.115283	0.440716	-526.637318	
2.096000	15.649184	0.839869	-0.004276	16.912240	0.257699	-526.643308	
2.097000	15.678781	0.605082	-0.009387	16.712718	0.261593	-526.649355	
2.098000	15.729520	0.742716	-0.015173	16.516644	0.203184	-526.655330	
2.099000	15.644956	0.823676	-0.020704	16.324046	0.339473	-526.661109	
2.100000	15.505425	0.758908	-0.025486	16.135110	0.347261	-526.666595	0.000000
2.101000	15.573076	0.815580	-0.029352	15.949984	0.148668	-526.671730	
2.102000	15.657640	0.661755	-0.032166	15.768632	0.284957	-526.676509	
2.103000	15.606902	0.767004	-0.033815	15.590970	0.265487	-526.680956	
2.104000	15.535022	0.839869	-0.034095	15.417014	0.390094	-526.685127	
2.105000	15.539250	0.694139	-0.032760	15.246943	0.397882	-526.689117	
2.106000	15.577304	1.066559	-0.030049	15.080888	0.179820	-526.693054	
2.107000	15.661868	0.815580	-0.026791	14.918797	0.269381	-526.697069	
2.108000	15.649184	0.742716	-0.023746	14.760567	0.273275	-526.701271	
2.109000	15.657640	0.904637	-0.021218	14.606212	0.358942	-526.705729	
2.110000	15.560391	1.009886	-0.019462	14.455923	0.273275	-526.710464	
2.111000	15.611130	0.677947	-0.018889	14.309844	0.187608	-526.715459	
2.112000	15.670325	0.216470	-0.019663	14.167916	0.191502	-526.720665	
2.113000	15.585761	0.799388	-0.021504	14.030031	0.218760	-526.725989	
2.114000	15.589989	0.524121	-0.023900	13.896204	0.308321	-526.731300	
2.115000	15.425089	0.912733	-0.026201	13.766642	0.312215	-526.736457	
2.116000	15.547707	0.864157	-0.027834	13.641492	0.207078	-526.741340	
2.117000	15.725291	0.750812	-0.028665	13.520685	0.288851	-526.745861	
2.118000	15.649184	0.767004	-0.028849	13.404093	0.312215	-526.749975	
2.119000	15.513881	1.090847	-0.028415	13.291727	0.296639	-526.753680	
2.120000	15.408176	0.831773	-0.027436	13.183794	0.339473	-526.757014	
2.121000	15.678781	0.758908	-0.026313	13.080433	0.222654	-526.760054	
2.122000	15.661868	0.750812	-0.025318	12.981557	0.207078	-526.762923	
2.123000	15.737976	0.750812	-0.024550	12.887027	0.140880	-526.765762	
2.124000	15.581532	0.823676	-0.024350	12.796850	0.358942	-526.768700	
2.125000	15.382807	0.775100	-0.024929	12.711232	0.222654	-526.771836	
2.126000	15.666097	0.734620	-0.026114	12.630303	0.320003	-526.775226	
2.127000	15.666097	0.718427	-0.027680	12.553959	0.475762	-526.778878	
2.128000	15.670325	0.783196	-0.029333	12.482052	0.133092	-526.782754	
2.129000	15.568848	0.864157	-0.030639	12.414597	0.339473	-526.786779	
2.130000	15.403948	0.750812	-0.031373	12.351813	0.355048	-526.790841	
2.131000	15.602673	0.872253	-0.031653	12.293826	0.207078	-526.794807	
2.132000	15.666097	0.791292	-0.031627	12.240518	0.429034	-526.798552	
2.133000	15.729520	0.669851	-0.031268	12.191721	0.253805	-526.801969	
2.134000	15.602673	0.896541	-0.030523	12.147440	0.242123	-526.804987	
2.135000	15.387035	0.807484	-0.029444	12.107890	0.425140	-526.807582	
2.136000	15.594217	0.953214	-0.027995	12.073192	0.222654	-526.809783	
2.137000	15.653412	0.775100	-0.025973	12.043214	0.320003	-526.811654	
2.138000	15.725291	0.872253	-0.023249	12.017782	0.172032	-526.813289	
2.139000	15.598445	1.034175	-0.019969	11.996907	0.304427	-526.814807	
2.140000	15.442002	0.791292	-0.016595	11.980816	0.386200	-526.816334	
2.141000	15.551935	0.839869	-0.013694	11.969630	0.277169	-526.817992	
2.142000	15.606902	0.953214	-0.011616	11.963205	0.378412	-526.819870	
2.143000	15.598445	0.961310	-0.010401	11.961352	0.304427	-526.822004	
2.144000	15.628043	0.937022	-0.009945	11.964082	0.429034	-526.824374	
2.145000	15.433545	0.815580	-0.010210	11.971628	0.397882	-526.826929	
2.146000	15.628043	0.742716	-0.011440	11.984100	0.187608	-526.829594	
2.147000	15.661868	0.904637	-0.013756	12.001336	0.370624	-526.832268	
2.148000	15.636499	0.823676	-0.016607	12.023136	0.296639	-526.834823	
2.149000	15.589989	0.920829	-0.019315	12.049518	0.335579	-526.837130	
2.150000	15.429317	0.880349	-0.021750	12.080719	0.320003	-526.839083	
2.151000	15.678781	0.775100	-0.024137	12.116846	0.253805	-526.840629	
2.152000	15.649184	0.710331	-0.026505	12.157728	0.316109	-526.841762	
2.153000	15.594217	0.945118	-0.028112	12.203158	0.238229	-526.842512	
2.154000	15.513881	0.815580	-0.027623	12.253148	0.378412	-526.842935	
2.155000	15.420861	0.945118	-0.024536	12.307927	0.183714	-526.843128	
2.156000	15.683009	0.969406	-0.019696	12.367590	0.378412	-526.843221	
2.157000	15.623814	0.783196	-0.014277	12.431947	0.393988	-526.843353	
2.158000	15.670325	0.807484	-0.009166	12.500779	0.238229	-526.843643	
2.159000	15.539250	0.912733	-0.004967	12.574097	0.195396	-526.844165	
2.160000	15.484284	0.920829	-0.002004	12.652129	0.296639	-526.844944	
2.161000	15.699922	0.831773	-0.000589	12.734956	0.265487	-526.845958	
2.162000	15.661868	1.042271	-0.001268	12.822381	0.323897	-526.847155	
2.163000	15.725291	0.839869	-0.004318	12.914184	0.273275	-526.848446	
2.164000	15.530794	0.847965	-0.009311	13.010386	0.230441	-526.849707	
2.165000	15.374350	0.856061	-0.015419	13.111222	0.347261	-526.850800	
2.166000	15.615358	0.912733	-0.021722	13.216763	0.207078	-526.851601	
2.167000	15.556163	0.856061	-0.027390	13.326795	0.448504	-526.852017	
2.168000	15.670325	0.896541	-0.031961	13.441086	0.312215	-526.852002	
2.169000	15.602673	0.864157	-0.035302	13.559660	0.351155	-526.851564	
2.170000	15.387035	0.961310	-0.037219	13.682745	0.355048	-526.850746	
2.171000	15.606902	0.872253	-0.037349	13.810402	0.358942	-526.849630	
2.172000	15.615358	0.807484	-0.035600	13.942396	0.405670	-526.848336	
2.173000	15.678781	0.847965	-0.032530	14.078483	0.366730	-526.847001	
2.174000	15.594217	0.783196	-0.028987	14.218691	0.304427	-526.845760	
2.175000	15.547707	0.734620	-0.025458	14.363264	0.339473	-526.844715	
2.176000	15.556163	0.912733	-0.022148	14.512262	0.172032	-526.843931	
2.177000	15.704150	1.017982	-0.019284	14.665444	0.479655	-526.843415	
2.178000	15.628043	1.107039	-0.017177	14.822565	0.261593	-526.843126	
2.179000	15.577304	0.945118	-0.016390	14.983653	0.343367	-526.842988	
2.180000	15.471599	0.661755	-0.017222	15.148941	0.495231	-526.842889	
2.181000	15.581532	0.807484	-0.019115	15.318475	0.304427	-526.842698	
2.182000	15.598445	0.985598	-0.021197	15.491997	0.355048	-526.842288	
2.183000	15.628043	0.985598	-0.022896	15.669254	0.312215	-526.841550	
2.184000	15.598445	0.896541	-0.023784	15.850276	0.366730	-526.840411	
2.185000	15.602673	0.880349	-0.023522	16.035298	0.288851	-526.838850	
2.186000	15.674553	0.823676	-0.022087	16.224348	0.218760	-526.836899	
2.187000	15.628043	0.686043	-0.019965	16.417161	0.467974	-526.834623	
2.188000	15.623814	0.856061	-0.018144	16.613486	0.191502	-526.832117	
2.189000	15.526566	0.953214	-0.017283	16.813368	0.288851	-526.829497	
2.190000	15.577304	0.823676	-0.017169	17.017041	0.320003	-526.826892	
2.191000	15.666097	0.888445	-0.017325	17.224529	0.257699	-526.824424	
2.192000	15.585761	0.920829	-0.017418	17.435556	0.386200	-526.822182	
2.193000	15.628043	0.791292	-0.017356	17.649863	0.312215	-526.820205	
2.194000	15.437773	1.009886	-0.017242	17.867489	0.429034	-526.818474	
2.195000	15.594217	0.686043	-0.017216	18.088667	0.432928	-526.816934	
2.196000	15.687238	0.945118	-0.017513	18.313407	0.296639	-526.815510	
2.197000	15.687238	1.066559	-0.018291	18.541421	0.308321	-526.814099	
2.198000	15.763345	0.767004	-0.019362	18.772447	0.288851	-526.812579	
2.199000	15.484284	1.034175	-0.020298	19.006536	0.214866	-526.810827	
2.200000	15.606902	0.750812	-0.020651	19.243926	0.246017	-526.808740	0.000000
2.201000	15.670325	0.888445	-0.020133	19.484626	0.175926	-526.806262	
2.202000	15.746433	0.694139	-0.018367	19.728345	0.573111	-526.803388	
2.203000	15.585761	0.945118	-0.014724	19.974826	0.296639	-526.800151	
2.204000	15.387035	0.920829	-0.009068	20.224118	0.312215	-526.796611	
2.205000	15.539250	1.050367	-0.002113	20.476453	0.323897	-526.792864	
2.206000	15.568848	1.220385	0.005154	20.731825	0.316109	-526.789034	
2.207000	15.725291	0.791292	0.011874	20.989930	0.374518	-526.785247	
2.208000	15.657640	0.791292	0.017490	21.250496	0.269381	-526.781614	
2.209000	15.458914	0.767004	0.021770	21.513574	0.320003	-526.778213	
2.210000	15.649184	0.937022	0.024621	21.779391	0.207078	-526.775069	
2.211000	15.691466	0.904637	0.026088	22.047933	0.347261	-526.772163	
2.212000	15.746433	0.750812	0.026497	22.318892	0.358942	-526.769438	
2.213000	15.704150	0.710331	0.026230	22.591999	0.386200	-526.766806	
2.214000	15.442002	0.783196	0.025445	22.867304	0.183714	-526.764147	
2.215000	15.640727	0.920829	0.024227	23.145041	0.312215	-526.761331	
2.216000	15.564620	0.864157	0.022809	23.425193	0.413458	-526.758240	
2.217000	15.615358	0.920829	0.021540	23.707451	0.417352	-526.754778	
2.218000	15.594217	0.904637	0.020755	23.991540	0.382306	-526.750894	
2.219000	15.484284	1.017982	0.020571	24.277510	0.339473	-526.746588	
2.220000	15.733748	0.556506	0.020742	24.565580	0.382306	-526.741902	
2.221000	15.670325	0.831773	0.020987	24.855725	0.320003	-526.736913	
2.222000	15.615358	0.807484	0.021243	25.147625	0.405670	-526.731736	
2.223000	15.704150	0.580794	0.021445	25.441004	0.207078	-526.726509	
2.224000	15.518109	0.953214	0.021485	25.735907	0.316109	-526.721365	
2.225000	15.725291	0.710331	0.021490	26.032550	0.242123	-526.716412	
2.226000	15.640727	0.839869	0.021727	26.330902	0.390094	-526.711721	
2.227000	15.585761	0.904637	0.021853	26.630646	0.296639	-526.707308	
2.228000	15.653412	0.694139	0.020885	26.931507	0.246017	-526.703141	
2.229000	15.420861	0.920829	0.018293	27.233530	0.316109	-526.699146	
2.230000	15.691466	0.742716	0.014361	27.536928	0.413458	-526.695211	
2.231000	15.539250	0.815580	0.009748	27.841671	0.382306	-526.691207	
2.232000	15.615358	0.872253	0.005197	28.147440	0.436822	-526.687008	
2.233000	15.602673	0.839869	0.001330	28.453965	0.362836	-526.682500	
2.234000	15.403948	0.953214	-0.001653	28.761287	0.257699	-526.677604	
2.235000	15.805627	0.613178	-0.004260	29.069607	0.296639	-526.672293	
2.236000	15.636499	0.669851	-0.007296	29.378881	0.378412	-526.666592	
2.237000	15.750661	0.815580	-0.010762	29.688786	0.390094	-526.660570	
2.238000	15.636499	0.815580	-0.013709	29.999052	0.175926	-526.654328	
2.239000	15.382807	1.001790	-0.015318	30.309720	0.246017	-526.647994	
2.240000	15.788715	0.977502	-0.015528	30.620992	0.242123	-526.641704	
2.241000	15.589989	0.847965	-0.014784	30.932826	0.358942	-526.635582	
2.242000	15.708379	0.718427	-0.013624	31.244906	0.312215	-526.629720	
2.243000	15.526566	0.807484	-0.012468	31.556964	0.257699	-526.624161	
2.244000	15.429317	0.726523	-0.011433	31.869037	0.386200	-526.618895	
2.245000	15.788715	1.009886	-0.010479	32.181311	0.417352	-526.613870	
2.246000	15.606902	0.742716	-0.009822	32.493729	0.397882	-526.609003	
2.247000	15.771802	0.969406	-0.009682	32.805974	0.382306	-526.604182	
2.248000	15.683009	0.605082	-0.009893	33.117779	0.238229	-526.599283	
2.249000	15.505425	0.702235	-0.010120	33.429182	0.238229	-526.594188	
2.250000	15.746433	0.807484	-0.010100	33.740375	0.238229	-526.588803	
2.251000	15.585761	0.888445	-0.009714	34.051308	0.265487	-526.583073	
2.252000	15.691466	1.042271	-0.008733	34.361673	0.292745	-526.576990	
2.253000	15.699922	0.856061	-0.006628	34.671214	0.273275	-526.570587	
2.254000	15.442002	0.904637	-0.003205	34.979973	0.370624	-526.563927	
2.255000	15.687238	0.904637	0.000950	35.288137	0.355048	-526.557111	
2.256000	15.488512	1.026079	0.004864	35.595658	0.347261	-526.550267	
2.257000	15.611130	0.953214	0.007688	35.902229	0.491337	-526.543523	
2.258000	15.687238	0.775100	0.009094	36.207590	0.246017	-526.536987	
2.259000	15.471599	0.783196	0.009233	36.511772	0.382306	-526.530736	
2.260000	15.792943	0.443161	0.008371	36.814956	0.347261	-526.524801	
2.261000	15.670325	0.831773	0.006694	37.117088	0.331685	-526.519169	
2.262000	15.619586	0.702235	0.004072	37.417868	0.347261	-526.513788	
2.263000	15.564620	0.888445	-1.213368E-5	37.717044	0.281063	-526.508569	
2.264000	15.475827	0.856061	-0.005625	38.014646	0.234335	-526.503397	
2.265000	15.835225	0.694139	-0.011985	38.310846	0.308321	-526.498147	
2.266000	15.636499	0.888445	-0.018199	38.605593	0.382306	-526.492702	
2.267000	15.581532	0.969406	-0.023574	38.898597	0.362836	-526.486974	
2.268000	15.577304	0.896541	-0.027470	39.189613	0.246017	-526.480914	
2.269000	15.547707	0.799388	-0.029750	39.478676	0.440716	-526.474520	
2.270000	15.839453	0.726523	-0.030867	39.765956	0.444610	-526.467832	
2.271000	15.598445	0.847965	-0.031072	40.051402	0.362836	-526.460922	
2.272000	15.636499	0.734620	-0.030258	40.334728	0.409564	-526.453899	
2.273000	15.594217	0.912733	-0.028553	40.615692	0.355048	-526.446897	
2.274000	15.547707	0.783196	-0.026411	40.894325	0.386200	-526.440047	
2.275000	15.826768	0.823676	-0.024202	41.170792	0.261593	-526.433454	
2.276000	15.632271	0.718427	-0.021994	41.445051	0.284957	-526.427184	
2.277000	15.644956	0.742716	-0.019817	41.716830	0.339473	-526.421258	
2.278000	15.628043	0.799388	-0.017956	41.985900	0.277169	-526.415650	
2.279000	15.475827	0.807484	-0.016702	42.252297	0.277169	-526.410299	
2.280000	15.725291	0.734620	-0.016070	42.516187	0.253805	-526.405098	
2.281000	15.509653	0.904637	-0.015919	42.777531	0.382306	-526.399912	
2.282000	15.619586	0.904637	-0.016034	43.036061	0.432928	-526.394607	
2.283000	15.644956	0.734620	-0.016222	43.291553	0.281063	-526.389076	
2.284000	15.556163	0.807484	-0.016399	43.544041	0.304427	-526.383244	
2.285000	15.695694	1.001790	-0.015997	43.793690	0.339473	-526.377085	
2.286000	15.737976	0.750812	-0.013904	44.040458	0.452398	-526.370617	
2.287000	15.712607	0.896541	-0.010227	44.284085	0.479655	-526.363902	
2.288000	15.754889	0.750812	-0.006818	44.524353	0.136986	-526.357042	
2.289000	15.564620	0.726523	-0.005083	44.761306	0.187608	-526.350172	
2.290000	15.725291	0.767004	-0.005021	44.995115	0.320003	-526.343431	
2.291000	15.649184	0.775100	-0.006201	45.225749	0.432928	-526.336940	
2.292000	15.606902	0.993694	-0.008123	45.452964	0.390094	-526.330788	
2.293000	15.653412	0.750812	-0.010150	45.676559	0.199290	-526.325018	
2.294000	15.547707	0.953214	-0.011893	45.896577	0.335579	-526.319625	
2.295000	15.661868	0.864157	-0.013755	46.113182	0.366730	-526.314568	
2.296000	15.606902	0.831773	-0.016790	46.326346	0.444610	-526.309769	
2.297000	15.556163	0.896541	-0.021451	46.535830	0.327791	-526.305112	
2.298000	15.598445	0.742716	-0.026954	46.741433	0.296639	-526.300463	
2.299000	15.704150	0.734620	-0.032276	46.943195	0.191502	-526.295700	
2.300000	15.843681	0.767004	-0.036892	47.141280	0.281063	-526.290730	0.000000
2.301000	15.640727	0.758908	-0.040526	47.335668	0.308321	-526.285497	
2.302000	15.585761	1.074655	-0.042780	47.526135	0.300533	-526.279993	
2.303000	15.632271	0.985598	-0.042795	47.712497	0.183714	-526.274252	
2.304000	15.691466	0.767004	-0.039478	47.894807	0.242123	-526.268341	
2.305000	15.737976	0.969406	-0.032694	48.073236	0.253805	-526.262368	
2.306000	15.496968	0.750812	-0.023652	48.247774	0.277169	-526.256463	
2.307000	15.577304	1.074655	-0.013912	48.418212	0.374518	-526.250757	
2.308000	15.611130	0.937022	-0.004551	48.584373	0.370624	-526.245358	
2.309000	15.746433	0.856061	0.003955	48.746301	0.242123	-526.240339	
2.310000	15.771802	0.734620	0.011377	48.904158	0.284957	-526.235727	
2.311000	15.602673	0.516025	0.017432	49.057930	0.308321	-526.231503	
2.312000	15.687238	0.791292	0.021740	49.207415	0.355048	-526.227609	
2.313000	15.594217	0.896541	0.023927	49.352444	0.296639	-526.223953	
2.314000	15.699922	0.750812	0.023992	49.493069	0.288851	-526.220414	
2.315000	15.716835	0.847965	0.022498	49.629456	0.246017	-526.216863	
2.316000	15.674553	0.767004	0.020212	49.761603	0.374518	-526.213177	
2.317000	15.632271	1.034175	0.017672	49.889321	0.370624	-526.209265	
2.318000	15.640727	0.783196	0.015051	50.012457	0.288851	-526.205078	
2.319000	15.733748	0.710331	0.012438	50.131071	0.242123	-526.200621	
2.320000	15.683009	0.969406	0.010023	50.245334	0.308321	-526.195930	
2.321000	15.640727	0.912733	0.007878	50.355249	0.448504	-526.191070	
2.322000	15.632271	0.985598	0.005998	50.460637	0.417352	-526.186150	
2.323000	15.678781	0.588890	0.004382	50.561350	0.316109	-526.181309	
2.324000	15.712607	0.791292	0.002875	50.657451	0.281063	-526.176687	
2.325000	15.788715	0.710331	0.001268	50.749104	0.343367	-526.172392	
2.326000	15.666097	0.864157	-0.000439	50.836316	0.362836	-526.168487	
2.327000	15.649184	0.953214	-0.001954	50.918916	0.355048	-526.164979	
2.328000	15.611130	0.726523	-0.002701	50.996768	0.312215	-526.161839	
2.329000	15.742204	0.823676	-0.002191	51.069943	0.203184	-526.159006	
2.330000	15.691466	0.815580	-0.000540	51.138612	0.351155	-526.156376	
2.331000	15.556163	0.961310	0.001760	51.202792	0.281063	-526.153812	
2.332000	15.589989	0.961310	0.004403	51.262324	0.362836	-526.151172	
2.333000	15.632271	0.864157	0.007312	51.317081	0.238229	-526.148340	
2.334000	15.780258	0.888445	0.010557	51.367129	0.195396	-526.145242	
2.335000	15.788715	0.856061	0.013923	51.412644	0.277169	-526.141853	
2.336000	15.581532	0.961310	0.016691	51.453643	0.475762	-526.138192	
2.337000	15.666097	0.977502	0.018841	51.489976	0.277169	-526.134310	
2.338000	15.640727	0.880349	0.021040	51.521515	0.335579	-526.130300	
2.339000	15.860594	0.775100	0.023278	51.548332	0.117516	-526.126296	
2.340000	15.716835	0.686043	0.024909	51.570602	0.304427	-526.122436	
2.341000	15.577304	0.977502	0.025377	51.588352	0.323897	-526.118844	
2.342000	15.628043	1.107039	0.024528	51.601447	0.323897	-526.115604	
2.343000	15.573076	1.066559	0.022477	51.609777	0.335579	-526.112758	
2.344000	15.797171	0.872253	0.018860	51.613419	0.109728	-526.110296	
2.345000	15.683009	0.767004	0.012566	51.612549	0.351155	-526.108175	
2.346000	15.674553	0.823676	0.003039	51.607195	0.467974	-526.106314	
2.347000	15.598445	1.228481	-0.008678	51.597228	0.464080	-526.104598	
2.348000	15.573076	0.734620	-0.020731	51.582539	0.386200	-526.102894	
2.349000	15.801399	1.026079	-0.031547	51.563198	0.199290	-526.101083	
2.350000	15.759117	1.034175	-0.040213	51.539375	0.296639	-526.099070	
2.351000	15.678781	0.904637	-0.046382	51.511103	0.304427	-526.096799	
2.352000	15.628043	1.058463	-0.049853	51.478262	0.300533	-526.094263	
2.353000	15.564620	0.791292	-0.050158	51.440761	0.191502	-526.091495	
2.354000	15.754889	1.009886	-0.047110	51.398678	0.094153	-526.088562	
2.355000	15.708379	0.928926	-0.041400	51.352192	0.386200	-526.085564	
2.356000	15.636499	0.961310	-0.034143	51.301346	0.471868	-526.082625	
2.357000	15.594217	1.098943	-0.026441	51.246032	0.374518	-526.079873	
2.358000	15.564620	0.864157	-0.019165	51.186161	0.358942	-526.077418	
2.359000	15.678781	1.082751	-0.012675	51.121809	0.242123	-526.075338	
2.360000	15.725291	0.872253	-0.006965	51.053141	0.288851	-526.073655	
2.361000	15.649184	1.204192	-0.002021	50.980199	0.456292	-526.072345	
2.362000	15.691466	1.058463	0.001960	50.902881	0.140880	-526.071349	
2.363000	15.687238	0.726523	0.004549	50.821107	0.230441	-526.070586	
2.364000	15.670325	0.937022	0.005422	50.734959	0.082471	-526.069947	
2.365000	15.674553	0.783196	0.004831	50.644607	0.331685	-526.069309	
2.366000	15.628043	1.017982	0.003406	50.550097	0.351155	-526.068555	
2.367000	15.666097	0.937022	0.001682	50.451339	0.467974	-526.067591	
2.368000	15.640727	0.912733	5.244561E-6	50.348261	0.172032	-526.066376	
2.369000	15.691466	0.920829	-0.001523	50.240948	0.090259	-526.064922	
2.370000	15.619586	1.009886	-0.002964	50.129568	0.222654	-526.063270	
2.371000	15.564620	1.058463	-0.004318	50.014165	0.491337	-526.061485	
2.372000	15.636499	0.839869	-0.005574	49.894653	0.401776	-526.059671	
2.373000	15.581532	0.823676	-0.006799	49.770959	0.323897	-526.057960	
2.374000	15.797171	0.767004	-0.008107	49.643162	0.374518	-526.056490	
2.375000	15.716835	0.815580	-0.009610	49.511423	0.343367	-526.055375	
2.376000	15.598445	1.034175	-0.011415	49.375786	0.358942	-526.054681	
2.377000	15.666097	1.179904	-0.013560	49.236173	0.261593	-526.054417	
2.378000	15.560391	0.726523	-0.016018	49.092522	0.261593	-526.054552	
2.379000	15.835225	0.734620	-0.018850	48.944921	0.066895	-526.055030	
2.380000	15.759117	0.888445	-0.022027	48.793539	0.390094	-526.055752	
2.381000	15.598445	0.961310	-0.025083	48.638436	0.378412	-526.056583	
2.382000	15.615358	0.985598	-0.027310	48.479549	0.440716	-526.057385	
2.383000	15.543479	0.831773	-0.028299	48.316828	0.323897	-526.058040	
2.384000	15.754889	1.001790	-0.028077	48.150359	0.191502	-526.058471	
2.385000	15.716835	0.750812	-0.026569	47.980310	0.304427	-526.058649	
2.386000	15.657640	0.823676	-0.023417	47.806741	0.479655	-526.058587	
2.387000	15.628043	0.945118	-0.018487	47.629594	0.397882	-526.058339	
2.388000	15.644956	0.726523	-0.012012	47.448818	0.269381	-526.057996	
2.389000	15.797171	0.864157	-0.004593	47.264493	0.195396	-526.057691	
2.390000	15.788715	0.767004	0.002811	47.076780	0.358942	-526.057566	
2.391000	15.670325	0.888445	0.009352	46.885743	0.382306	-526.057749	
2.392000	15.589989	1.017982	0.014537	46.691333	0.327791	-526.058333	
2.393000	15.619586	0.702235	0.018117	46.493511	0.222654	-526.059364	
2.394000	15.683009	0.920829	0.019923	46.292365	0.218760	-526.060833	
2.395000	15.708379	0.588890	0.019501	46.088056	0.308321	-526.062691	
2.396000	15.547707	0.839869	0.016383	45.880651	0.257699	-526.064848	
2.397000	15.535022	1.034175	0.010942	45.670106	0.397882	-526.067189	
2.398000	15.471599	0.823676	0.004335	45.456386	0.331685	-526.069582	
2.399000	15.661868	0.904637	-0.002309	45.239575	0.066895	-526.071904	
2.400000	15.721063	0.783196	-0.008171	45.019827	0.164244	-526.074053	0.000000
2.401000	15.661868	0.847965	-0.012494	44.797209	0.378412	-526.075965	
2.402000	15.628043	0.896541	-0.014698	44.571683	0.312215	-526.077632	
2.403000	15.653412	0.718427	-0.014828	44.343223	0.207078	-526.079093	
2.404000	15.788715	0.839869	-0.013350	44.111914	0.101940	-526.080425	
2.405000	15.763345	0.799388	-0.010595	43.877910	0.335579	-526.081732	
2.406000	15.636499	1.090847	-0.006826	43.641280	0.343367	-526.083135	
2.407000	15.649184	0.888445	-0.002459	43.402000	0.413458	-526.084754	
2.408000	15.602673	0.694139	0.001995	43.160054	0.265487	-526.086702	
2.409000	15.729520	0.677947	0.006080	42.915526	0.133092	-526.089058	
2.410000	15.674553	0.864157	0.009212	42.668561	0.320003	-526.091847	
2.411000	15.598445	0.783196	0.010596	42.419222	0.374518	-526.095036	
2.412000	15.496968	1.026079	0.009796	42.167482	0.335579	-526.098558	
2.413000	15.649184	0.839869	0.007010	41.913326	0.207078	-526.102325	
2.414000	15.687238	0.580794	0.002934	41.656832	0.133092	-526.106226	
2.415000	15.649184	0.702235	-0.001412	41.398138	0.246017	-526.110139	
2.416000	15.577304	0.953214	-0.005173	41.137309	0.292745	-526.113938	
2.417000	15.640727	0.856061	-0.007887	40.874344	0.351155	-526.117530	
2.418000	15.632271	0.783196	-0.009403	40.609247	0.144774	-526.120871	
2.419000	15.826768	0.661755	-0.010069	40.342103	0.281063	-526.123971	
2.420000	15.581532	0.831773	-0.010471	40.073053	0.269381	-526.126870	
2.421000	15.513881	1.001790	-0.010558	39.802170	0.397882	-526.129627	
2.422000	15.577304	0.880349	-0.009850	39.529460	0.386200	-526.132333	
2.423000	15.716835	0.710331	-0.008324	39.254927	0.168138	-526.135119	
2.424000	15.712607	0.831773	-0.006314	38.978646	0.179820	-526.138115	
2.425000	15.683009	0.799388	-0.004194	38.700748	0.242123	-526.141431	
2.426000	15.657640	1.009886	-0.002397	38.421298	0.362836	-526.145127	
2.427000	15.564620	0.839869	-0.001253	38.140305	0.405670	-526.149212	
2.428000	15.670325	0.823676	-0.000558	37.857778	0.172032	-526.153657	
2.429000	15.712607	0.945118	0.000323	37.573795	0.199290	-526.158402	
2.430000	15.814084	0.613178	0.001637	37.288484	0.191502	-526.163349	
2.431000	15.619586	0.872253	0.003158	37.001923	0.312215	-526.168366	
2.432000	15.505425	0.969406	0.004807	36.714145	0.265487	-526.173314	
2.433000	15.606902	0.767004	0.006702	36.425179	0.152562	-526.178073	
2.434000	15.636499	0.807484	0.008993	36.135098	0.226548	-526.182560	
2.435000	15.729520	0.823676	0.011869	35.844018	0.246017	-526.186740	
2.436000	15.585761	0.977502	0.015683	35.552013	0.288851	-526.190620	
2.437000	15.598445	0.961310	0.020501	35.259129	0.257699	-526.194246	
2.438000	15.611130	0.847965	0.025261	34.965408	0.086365	-526.197709	
2.439000	15.733748	0.856061	0.028636	34.670919	0.136986	-526.201138	
2.440000	15.767574	0.807484	0.030257	34.375762	0.273275	-526.204669	
2.441000	15.653412	0.864157	0.030219	34.080006	0.347261	-526.208424	
2.442000	15.636499	0.742716	0.028641	33.783697	0.339473	-526.212499	
2.443000	15.589989	0.791292	0.025844	33.486878	0.183714	-526.216948	
2.444000	15.691466	0.799388	0.022011	33.189617	0.265487	-526.221773	
2.445000	15.581532	0.880349	0.016703	32.892011	0.323897	-526.226926	
2.446000	15.606902	1.058463	0.009407	32.594128	0.456292	-526.232320	
2.447000	15.539250	1.009886	0.000397	32.296017	0.366730	-526.237834	
2.448000	15.556163	0.791292	-0.009313	31.997724	0.222654	-526.243338	
2.449000	15.712607	0.767004	-0.018553	31.699304	0.207078	-526.248711	
2.450000	15.598445	0.864157	-0.026549	31.400835	0.277169	-526.253848	
2.451000	15.623814	0.977502	-0.033036	31.102380	0.405670	-526.258681	
2.452000	15.644956	1.107039	-0.037923	30.804005	0.429034	-526.263194	
2.453000	15.666097	0.807484	-0.041228	30.505773	0.090259	-526.267423	
2.454000	15.683009	0.815580	-0.043337	30.207743	0.125304	-526.271445	
2.455000	15.683009	0.831773	-0.044717	29.909994	0.292745	-526.275364	
2.456000	15.598445	1.001790	-0.045555	29.612590	0.308321	-526.279304	
2.457000	15.573076	0.904637	-0.046014	29.315614	0.366730	-526.283390	
2.458000	15.653412	0.864157	-0.046218	29.019134	0.105834	-526.287733	
2.459000	15.657640	0.888445	-0.046076	28.723206	0.199290	-526.292414	
2.460000	15.594217	0.928926	-0.045697	28.427896	0.370624	-526.297455	
2.461000	15.513881	1.107039	-0.045399	28.133261	0.534171	-526.302827	
2.462000	15.581532	0.758908	-0.045197	27.839385	0.440716	-526.308458	
2.463000	15.678781	0.775100	-0.044830	27.546342	0.140880	-526.314257	
2.464000	15.695694	0.912733	-0.044063	27.254177	0.238229	-526.320114	
2.465000	15.699922	0.742716	-0.042640	26.962942	0.238229	-526.325906	
2.466000	15.585761	1.115135	-0.040359	26.672697	0.432928	-526.331517	
2.467000	15.564620	0.912733	-0.037302	26.383553	0.312215	-526.336852	
2.468000	15.636499	0.807484	-0.033713	26.095605	0.070789	-526.341865	
2.469000	15.725291	0.710331	-0.029728	25.808900	0.281063	-526.346568	
2.470000	15.704150	0.677947	-0.025013	25.523478	0.374518	-526.351000	
2.471000	15.568848	1.074655	-0.018697	25.239403	0.316109	-526.355227	
2.472000	15.454686	1.042271	-0.010508	24.956799	0.370624	-526.359354	
2.473000	15.585761	0.969406	-0.001398	24.675770	0.218760	-526.363509	
2.474000	15.716835	0.920829	0.007493	24.396346	0.230441	-526.367820	
2.475000	15.691466	0.710331	0.015390	24.118545	0.234335	-526.372388	
2.476000	15.666097	0.896541	0.021594	23.842421	0.343367	-526.377271	
2.477000	15.708379	0.945118	0.025571	23.568112	0.292745	-526.382482	
2.478000	15.581532	0.888445	0.027098	23.295735	0.094153	-526.387995	
2.479000	15.674553	0.831773	0.026088	23.025313	0.210972	-526.393755	
2.480000	15.644956	0.993694	0.022750	22.756849	0.249911	-526.399663	
2.481000	15.657640	0.993694	0.017855	22.490390	0.362836	-526.405591	
2.482000	15.564620	0.815580	0.012409	22.226085	0.320003	-526.411408	
2.483000	15.547707	0.985598	0.007160	21.964062	0.214866	-526.417004	
2.484000	15.678781	0.880349	0.002461	21.704343	0.183714	-526.422298	
2.485000	15.568848	0.961310	-0.001875	21.446922	0.312215	-526.427255	
2.486000	15.704150	1.139424	-0.006288	21.191844	0.374518	-526.431879	
2.487000	15.539250	0.799388	-0.010526	20.939264	0.444610	-526.436217	
2.488000	15.636499	0.864157	-0.013727	20.689312	0.129198	-526.440364	
2.489000	15.699922	1.009886	-0.015486	20.441994	0.203184	-526.444450	
2.490000	15.649184	0.823676	-0.016127	20.197279	0.308321	-526.448610	
2.491000	15.678781	0.896541	-0.016166	19.955200	0.214866	-526.452963	
2.492000	15.547707	0.977502	-0.015955	19.715914	0.257699	-526.457603	
2.493000	15.661868	0.872253	-0.015784	19.479554	0.043531	-526.462585	
2.494000	15.670325	1.074655	-0.015737	19.246119	0.358942	-526.467914	
2.495000	15.594217	1.155616	-0.015699	19.015575	0.331685	-526.473543	
2.496000	15.551935	1.050367	-0.015873	18.787959	0.277169	-526.479383	
2.497000	15.492740	0.791292	-0.016450	18.563444	0.265487	-526.485313	
2.498000	15.539250	0.799388	-0.017020	18.342172	0.105834	-526.491197	
2.499000	15.678781	0.896541	-0.017033	18.124128	0.261593	-526.496912	
2.500000	15.640727	0.847965	-0.016207	17.909257	0.284957	-526.502354	0.000000
2.501000	15.573076	1.163712	-0.014266	17.697584	0.390094	-526.507451	
2.502000	15.543479	0.993694	-0.010918	17.489277	0.390094	-526.512186	
2.503000	15.678781	1.001790	-0.005998	17.284465	0.133092	-526.516590	
2.504000	15.708379	0.669851	0.000624	17.083122	0.323897	-526.520738	
2.505000	15.661868	0.637467	0.008701	16.885178	0.172032	-526.524741	
2.506000	15.611130	1.026079	0.017247	16.690662	0.335579	-526.528731	
2.507000	15.484284	0.953214	0.025090	16.499758	0.273275	-526.532836	
2.508000	15.598445	1.123232	0.031524	16.312612	0.129198	-526.537170	
2.509000	15.704150	0.847965	0.036308	16.129189	0.320003	-526.541814	
2.510000	15.594217	0.686043	0.039414	15.949405	0.366730	-526.546797	
2.511000	15.615358	0.977502	0.040770	15.773279	0.370624	-526.552094	
2.512000	15.488512	0.783196	0.040266	15.600997	0.444610	-526.557642	
2.513000	15.568848	0.912733	0.038047	15.432700	0.218760	-526.563349	
2.514000	15.737976	0.742716	0.034673	15.268341	0.261593	-526.569098	
2.515000	15.704150	0.775100	0.031001	15.107821	0.246017	-526.574758	
2.516000	15.640727	0.831773	0.027730	14.951153	0.230441	-526.580209	
2.517000	15.463143	0.839869	0.025092	14.798527	0.281063	-526.585356	
2.518000	15.619586	0.783196	0.023158	14.650082	0.121410	-526.590152	
2.519000	15.657640	0.880349	0.022179	14.505756	0.207078	-526.594603	
2.520000	15.649184	0.767004	0.022698	14.365437	0.409564	-526.598749	
2.521000	15.644956	0.928926	0.025244	14.229139	0.495231	-526.602655	
2.522000	15.492740	0.783196	0.029568	14.097064	0.432928	-526.606429	
2.523000	15.547707	0.880349	0.034664	13.969359	0.265487	-526.610206	
2.524000	15.653412	0.864157	0.039537	13.845949	0.409564	-526.614115	
2.525000	15.695694	0.767004	0.043620	13.726707	0.183714	-526.618256	
2.526000	15.653412	0.888445	0.046559	13.611640	0.261593	-526.622685	
2.527000	15.518109	0.880349	0.047795	13.500955	0.378412	-526.627413	
2.528000	15.657640	0.888445	0.046715	13.394790	0.152562	-526.632415	
2.529000	15.585761	1.042271	0.043046	13.293055	0.218760	-526.637635	
2.530000	15.678781	0.742716	0.037069	13.195606	0.234335	-526.642970	
2.531000	15.632271	0.686043	0.029705	13.102452	0.343367	-526.648287	
2.532000	15.458914	0.710331	0.022110	13.013806	0.308321	-526.653449	
2.533000	15.594217	0.912733	0.015158	12.929806	0.179820	-526.658348	
2.534000	15.611130	0.912733	0.009327	12.850356	0.432928	-526.662904	
2.535000	15.611130	0.734620	0.004882	12.775302	0.335579	-526.667080	
2.536000	15.484284	0.888445	0.001896	12.704655	0.393988	-526.670881	
2.537000	15.458914	1.042271	0.000237	12.638623	0.316109	-526.674352	
2.538000	15.602673	0.767004	-0.000314	12.577331	0.230441	-526.677585	
2.539000	15.687238	0.734620	-1.311198E-5	12.520661	0.386200	-526.680709	
2.540000	15.589989	0.726523	0.000895	12.468443	0.249911	-526.683858	
2.541000	15.649184	0.904637	0.002103	12.420683	0.343367	-526.687146	
2.542000	15.480055	0.896541	0.003155	12.377594	0.327791	-526.690664	
2.543000	15.640727	0.775100	0.003685	12.339304	0.284957	-526.694463	
2.544000	15.695694	0.483641	0.003717	12.305685	0.281063	-526.698549	
2.545000	15.674553	0.864157	0.003229	12.276565	0.327791	-526.702882	
2.546000	15.556163	0.864157	0.001634	12.251962	0.269381	-526.707385	
2.547000	15.357437	0.945118	-0.001421	12.232105	0.390094	-526.711939	
2.548000	15.522337	0.904637	-0.005331	12.217116	0.152562	-526.716409	
2.549000	15.687238	0.945118	-0.009171	12.206855	0.429034	-526.720671	
2.550000	15.674553	0.799388	-0.012373	12.201133	0.265487	-526.724621	
2.551000	15.547707	0.896541	-0.014709	12.199958	0.432928	-526.728191	
2.552000	15.353209	0.920829	-0.016172	12.203549	0.518595	-526.731361	
2.553000	15.670325	0.532217	-0.016941	12.212012	0.343367	-526.734160	
2.554000	15.716835	0.710331	-0.016972	12.225187	0.284957	-526.736657	
2.555000	15.733748	0.669851	-0.015987	12.242879	0.296639	-526.738960	
2.556000	15.551935	0.920829	-0.014044	12.265111	0.347261	-526.741199	
2.557000	15.365894	0.864157	-0.011555	12.292119	0.343367	-526.743499	
2.558000	15.657640	0.767004	-0.008973	12.324013	0.249911	-526.745973	
2.559000	15.653412	0.831773	-0.006717	12.360620	0.327791	-526.748695	
2.560000	15.649184	0.742716	-0.005191	12.401740	0.261593	-526.751689	
2.561000	15.526566	1.066559	-0.004772	12.447398	0.335579	-526.754931	
2.562000	15.387035	0.872253	-0.005652	12.497830	0.343367	-526.758359	
2.563000	15.615358	0.969406	-0.007619	12.553130	0.296639	-526.761881	
2.564000	15.594217	1.155616	-0.010238	12.613109	0.417352	-526.765372	
2.565000	15.670325	0.742716	-0.013101	12.677547	0.304427	-526.768699	
2.566000	15.606902	0.742716	-0.015805	12.746468	0.300533	-526.771744	
2.567000	15.475827	0.742716	-0.018143	12.820108	0.429034	-526.774417	
2.568000	15.644956	0.880349	-0.020189	12.898557	0.249911	-526.776675	
2.569000	15.602673	0.758908	-0.021382	12.981616	0.238229	-526.778528	
2.570000	15.704150	1.001790	-0.020294	13.069054	0.207078	-526.780017	
2.571000	15.581532	0.920829	-0.016343	13.160880	0.335579	-526.781210	
2.572000	15.463143	0.629370	-0.010533	13.257323	0.296639	-526.782215	
2.573000	15.598445	0.767004	-0.004325	13.358457	0.265487	-526.783167	
2.574000	15.560391	0.791292	0.001340	13.464073	0.351155	-526.784195	
2.575000	15.606902	1.017982	0.006298	13.573939	0.269381	-526.785399	
2.576000	15.556163	0.945118	0.010542	13.688078	0.374518	-526.786836	
2.577000	15.475827	0.767004	0.013508	13.806723	0.234335	-526.788514	
2.578000	15.628043	0.710331	0.014542	13.929940	0.261593	-526.790407	
2.579000	15.674553	0.677947	0.013673	14.057499	0.331685	-526.792459	
2.580000	15.611130	0.872253	0.011410	14.189160	0.152562	-526.794571	
2.581000	15.501196	0.953214	0.008236	14.324948	0.226548	-526.796612	
2.582000	15.480055	0.880349	0.004526	14.465099	0.339473	-526.798450	
2.583000	15.619586	0.815580	0.000610	14.609675	0.238229	-526.799974	
2.584000	15.678781	0.856061	-0.003071	14.758441	0.386200	-526.801113	
2.585000	15.573076	0.912733	-0.005899	14.911157	0.323897	-526.801832	
2.586000	15.501196	1.042271	-0.007296	15.067851	0.382306	-526.802141	
2.587000	15.420861	0.920829	-0.006815	15.228762	0.214866	-526.802086	
2.588000	15.644956	1.001790	-0.004407	15.393941	0.249911	-526.801752	
2.589000	15.742204	0.791292	-0.000728	15.563138	0.390094	-526.801268	
2.590000	15.687238	0.904637	0.003299	15.736101	0.413458	-526.800774	
2.591000	15.543479	1.009886	0.007056	15.912855	0.327791	-526.800393	
2.592000	15.526566	0.912733	0.010105	16.093624	0.331685	-526.800222	
2.593000	15.712607	0.783196	0.012007	16.278434	0.249911	-526.800312	
2.594000	15.661868	0.847965	0.012736	16.467022	0.296639	-526.800666	
2.595000	15.683009	0.783196	0.012626	16.659135	0.187608	-526.801249	
2.596000	15.518109	0.928926	0.011593	16.854813	0.273275	-526.801981	
2.597000	15.475827	0.742716	0.009340	17.054289	0.413458	-526.802747	
2.598000	15.577304	0.847965	0.006135	17.257589	0.261593	-526.803406	
2.599000	15.556163	0.872253	0.002657	17.464440	0.452398	-526.803828	
2.600000	15.691466	0.718427	-0.000636	17.674587	0.269381	-526.803902	0.000000
2.601000	15.492740	0.791292	-0.003644	17.888070	0.436822	-526.803560	
2.602000	15.509653	0.856061	-0.005993	18.105121	0.292745	-526.802786	
2.603000	15.564620	0.904637	-0.006675	18.325753	0.409564	-526.801607	
2.604000	15.716835	0.742716	-0.004948	18.549679	0.366730	-526.800089	
2.605000	15.725291	0.920829	-0.001053	18.776633	0.351155	-526.798335	
2.606000	15.560391	0.815580	0.004154	19.006659	0.249911	-526.796482	
2.607000	15.636499	0.726523	0.009610	19.239997	0.331685	-526.794671	
2.608000	15.598445	0.791292	0.014447	19.476659	0.308321	-526.793025	
2.609000	15.670325	0.831773	0.018267	19.716355	0.436822	-526.791626	
2.610000	15.636499	0.969406	0.020944	19.958820	0.148668	-526.790499	
2.611000	15.518109	0.767004	0.022492	20.204099	0.331685	-526.789620	
2.612000	15.564620	0.694139	0.022585	20.452426	0.440716	-526.788926	
2.613000	15.551935	0.847965	0.020447	20.703797	0.339473	-526.788325	
2.614000	15.649184	0.710331	0.015972	20.957909	0.460186	-526.787698	
2.615000	15.509653	0.928926	0.010082	21.214492	0.261593	-526.786917	
2.616000	15.454686	0.864157	0.003840	21.473593	0.277169	-526.785861	
2.617000	15.708379	0.864157	-0.002118	21.735446	0.273275	-526.784438	
2.618000	15.704150	0.750812	-0.007469	22.000044	0.207078	-526.782608	
2.619000	15.657640	0.912733	-0.011821	22.267081	0.382306	-526.780382	
2.620000	15.589989	0.653659	-0.014659	22.536288	0.316109	-526.777801	
2.621000	15.484284	0.928926	-0.015594	22.807713	0.335579	-526.774931	
2.622000	15.687238	0.815580	-0.014606	23.081583	0.421246	-526.771875	
2.623000	15.644956	0.912733	-0.012167	23.357882	0.370624	-526.768768	
2.624000	15.623814	0.912733	-0.008898	23.636300	0.421246	-526.765741	
2.625000	15.615358	0.872253	-0.005094	23.916568	0.300533	-526.762896	
2.626000	15.403948	0.961310	-0.000831	24.198736	0.397882	-526.760289	
2.627000	15.683009	0.856061	0.003803	24.483030	0.288851	-526.757924	
2.628000	15.691466	0.718427	0.008802	24.769425	0.351155	-526.755768	
2.629000	15.661868	0.653659	0.013946	25.057608	0.347261	-526.753761	
2.630000	15.615358	0.621274	0.018621	25.347308	0.316109	-526.751813	
2.631000	15.408176	0.969406	0.022344	25.638573	0.323897	-526.749801	
2.632000	15.640727	0.888445	0.025099	25.931615	0.207078	-526.747602	
2.633000	15.628043	0.880349	0.027094	26.226400	0.444610	-526.745108	
2.634000	15.699922	0.669851	0.028556	26.522612	0.393988	-526.742245	
2.635000	15.666097	0.710331	0.029799	26.819983	0.226548	-526.738983	
2.636000	15.387035	1.074655	0.031233	27.118562	0.191502	-526.735335	
2.637000	15.640727	0.831773	0.033051	27.418564	0.320003	-526.731345	
2.638000	15.589989	0.912733	0.035097	27.719952	0.323897	-526.727095	
2.639000	15.653412	0.775100	0.037085	28.022406	0.413458	-526.722699	
2.640000	15.644956	0.823676	0.038673	28.325652	0.382306	-526.718290	
2.641000	15.433545	0.783196	0.039452	28.629737	0.355048	-526.713993	
2.642000	15.776030	0.742716	0.039233	28.934868	0.355048	-526.709909	
2.643000	15.598445	0.977502	0.038210	29.241004	0.366730	-526.706092	
2.644000	15.649184	1.001790	0.036540	29.547824	0.432928	-526.702543	
2.645000	15.640727	0.718427	0.034080	29.855056	0.230441	-526.699221	
2.646000	15.437773	0.912733	0.030568	30.162746	0.175926	-526.696054	
2.647000	15.687238	0.807484	0.025992	30.471101	0.382306	-526.692934	
2.648000	15.581532	0.661755	0.020765	30.780082	0.467974	-526.689731	
2.649000	15.619586	0.864157	0.015330	31.089371	0.413458	-526.686313	
2.650000	15.501196	0.928926	0.010022	31.398702	0.436822	-526.682570	
2.651000	15.496968	0.920829	0.005391	31.708118	0.269381	-526.678431	
2.652000	15.792943	0.937022	0.002010	32.017819	0.249911	-526.673879	
2.653000	15.649184	0.758908	0.000251	32.327760	0.413458	-526.668945	
2.654000	15.619586	0.904637	0.000533	32.637627	0.401776	-526.663696	
2.655000	15.661868	0.920829	0.003087	32.947150	0.148668	-526.658237	
2.656000	15.539250	0.734620	0.007500	33.256370	0.421246	-526.652702	
2.657000	15.826768	0.791292	0.012864	33.565480	0.343367	-526.647226	
2.658000	15.636499	0.823676	0.018225	33.874432	0.401776	-526.641932	
2.659000	15.623814	0.961310	0.023064	34.182918	0.417352	-526.636908	
2.660000	15.581532	0.928926	0.027346	34.490675	0.327791	-526.632187	
2.661000	15.403948	0.661755	0.031087	34.797742	0.226548	-526.627745	
2.662000	15.780258	0.856061	0.034242	35.104309	0.393988	-526.623520	
2.663000	15.564620	0.815580	0.036848	35.410330	0.370624	-526.619418	
2.664000	15.560391	0.839869	0.038886	35.715504	0.464080	-526.615318	
2.665000	15.632271	0.912733	0.040260	36.019574	0.382306	-526.611084	
2.666000	15.399719	0.969406	0.040762	36.322579	0.343367	-526.606593	
2.667000	15.814084	0.864157	0.040074	36.624703	0.331685	-526.601751	
2.668000	15.678781	0.775100	0.038114	36.925896	0.370624	-526.596512	
2.669000	15.644956	0.791292	0.035042	37.225856	0.339473	-526.590884	
2.670000	15.653412	1.058463	0.031244	37.524333	0.109728	-526.584914	
2.671000	15.378578	1.026079	0.027561	37.821367	0.249911	-526.578676	
2.672000	15.776030	0.977502	0.024778	38.117148	0.378412	-526.572279	
2.673000	15.628043	1.171808	0.022904	38.411633	0.386200	-526.565851	
2.674000	15.632271	0.847965	0.021364	38.704534	0.464080	-526.559519	
2.675000	15.606902	0.726523	0.019533	38.995605	0.253805	-526.553390	
2.676000	15.446230	0.945118	0.017023	39.284886	0.312215	-526.547530	
2.677000	15.776030	0.839869	0.013924	39.572550	0.397882	-526.541951	
2.678000	15.649184	1.066559	0.010652	39.858548	0.440716	-526.536620	
2.679000	15.623814	0.807484	0.007343	40.142587	0.425140	-526.531472	
2.680000	15.661868	1.050367	0.003852	40.424427	0.253805	-526.526409	
2.681000	15.484284	0.726523	0.000265	40.704105	0.320003	-526.521310	
2.682000	15.788715	0.823676	-0.003016	40.981797	0.191502	-526.516054	
2.683000	15.573076	0.791292	-0.005469	41.257467	0.467974	-526.510531	
2.684000	15.644956	0.937022	-0.006804	41.530838	0.405670	-526.504668	
2.685000	15.606902	0.896541	-0.007230	41.801678	0.343367	-526.498433	
2.686000	15.585761	0.758908	-0.007094	42.070027	0.257699	-526.491846	
2.687000	15.742204	0.904637	-0.006458	42.336060	0.320003	-526.484964	
2.688000	15.539250	0.783196	-0.005176	42.599738	0.327791	-526.477874	
2.689000	15.708379	0.985598	-0.003181	42.860785	0.409564	-526.470697	
2.690000	15.615358	0.734620	-0.000752	43.118971	0.390094	-526.463560	
2.691000	15.619586	0.831773	0.001631	43.374330	0.320003	-526.456585	
2.692000	15.754889	0.912733	0.003706	43.627034	0.362836	-526.449874	
2.693000	15.615358	0.734620	0.005355	43.877049	0.366730	-526.443482	
2.694000	15.611130	1.107039	0.006326	44.124112	0.401776	-526.437411	
2.695000	15.699922	0.888445	0.006253	44.368003	0.121410	-526.431620	
2.696000	15.619586	0.686043	0.004745	44.608762	0.277169	-526.426043	
2.697000	15.885963	0.775100	0.001771	44.846562	0.195396	-526.420578	
2.698000	15.623814	0.791292	-0.001963	45.081375	0.417352	-526.415103	
2.699000	15.573076	1.212288	-0.005453	45.312957	0.401776	-526.409493	
2.700000	15.615358	0.831773	-0.008044	45.541102	0.320003	-526.403638	0.000000
2.701000	15.513881	0.847965	-0.009626	45.765858	0.335579	-526.397470	
2.702000	15.801399	1.058463	-0.010448	45.987395	0.323897	-526.390971	
2.703000	15.644956	0.702235	-0.010848	46.205687	0.444610	-526.384166	
2.704000	15.632271	0.985598	-0.010918	46.420486	0.386200	-526.377121	
2.705000	15.581532	0.767004	-0.010391	46.631588	0.277169	-526.369943	
2.706000	15.708379	0.961310	-0.009065	46.839029	0.222654	-526.362770	
2.707000	15.852138	0.758908	-0.007160	47.042972	0.242123	-526.355740	
2.708000	15.670325	0.815580	-0.005093	47.243394	0.323897	-526.348972	
2.709000	15.691466	0.783196	-0.003144	47.440067	0.335579	-526.342555	
2.710000	15.674553	0.799388	-0.001494	47.632807	0.230441	-526.336528	
2.711000	15.594217	1.090847	-0.000399	47.821665	0.246017	-526.330877	
2.712000	15.771802	1.034175	-0.000143	48.006818	0.277169	-526.325546	
2.713000	15.577304	0.912733	-0.000778	48.188251	0.366730	-526.320440	
2.714000	15.725291	1.042271	-0.002077	48.365748	0.604262	-526.315437	
2.715000	15.611130	0.945118	-0.003632	48.539129	0.374518	-526.310406	
2.716000	15.683009	0.807484	-0.004946	48.708444	0.277169	-526.305228	
2.717000	15.670325	0.831773	-0.005702	48.873861	0.374518	-526.299807	
2.718000	15.657640	0.702235	-0.005729	49.035368	0.393988	-526.294091	
2.719000	15.780258	0.888445	-0.004840	49.192753	0.397882	-526.288083	
2.720000	15.721063	1.017982	-0.002935	49.345844	0.288851	-526.281828	
2.721000	15.687238	0.758908	-4.856133E-5	49.494694	0.078577	-526.275407	
2.722000	15.674553	0.872253	0.003713	49.639473	0.203184	-526.268936	
2.723000	15.683009	0.702235	0.008033	49.780174	0.327791	-526.262546	
2.724000	15.657640	0.969406	0.012186	49.916601	0.355048	-526.256361	
2.725000	15.644956	0.831773	0.015318	50.048596	0.261593	-526.250488	
2.726000	15.674553	0.734620	0.017075	50.176218	0.148668	-526.244998	
2.727000	15.695694	0.969406	0.017640	50.299636	0.269381	-526.239905	
2.728000	15.585761	0.847965	0.016863	50.418845	0.393988	-526.235174	
2.729000	15.543479	1.058463	0.013859	50.533654	0.390094	-526.230733	
2.730000	15.674553	0.783196	0.008107	50.643905	0.265487	-526.226480	
2.731000	15.691466	0.702235	0.000309	50.749657	0.249911	-526.222292	
2.732000	15.792943	0.742716	-0.008115	50.851077	0.238229	-526.218050	
2.733000	15.623814	0.904637	-0.015735	50.948167	0.327791	-526.213643	
2.734000	15.568848	1.115135	-0.021516	51.040753	0.386200	-526.208992	
2.735000	15.598445	0.807484	-0.024918	51.128692	0.246017	-526.204064	
2.736000	15.797171	0.710331	-0.026124	51.212051	0.257699	-526.198878	
2.737000	15.750661	0.386488	-0.026135	51.291006	0.316109	-526.193492	
2.738000	15.535022	0.823676	-0.025878	51.365573	0.479655	-526.187994	
2.739000	15.488512	1.244673	-0.025411	51.435589	0.378412	-526.182500	
2.740000	15.674553	0.758908	-0.024456	51.500916	0.246017	-526.177138	
2.741000	15.780258	0.864157	-0.022950	51.561619	0.413458	-526.172034	
2.742000	15.725291	0.839869	-0.020959	51.617867	0.374518	-526.167285	
2.743000	15.619586	0.864157	-0.018750	51.669673	0.323897	-526.162943	
2.744000	15.644956	1.074655	-0.016773	51.716879	0.378412	-526.159009	
2.745000	15.644956	0.961310	-0.015312	51.759353	0.316109	-526.155442	
2.746000	15.784486	0.637467	-0.014408	51.797162	0.148668	-526.152177	
2.747000	15.754889	0.799388	-0.013967	51.830477	0.257699	-526.149112	
2.748000	15.661868	0.904637	-0.013642	51.859321	0.269381	-526.146121	
2.749000	15.632271	1.123232	-0.012976	51.883553	0.312215	-526.143074	
2.750000	15.535022	0.847965	-0.011866	51.903051	0.281063	-526.139864	
2.751000	15.729520	0.896541	-0.010532	51.917888	0.195396	-526.136422	
2.752000	15.611130	0.686043	-0.009339	51.928232	0.382306	-526.132727	
2.753000	15.708379	0.928926	-0.009113	51.934108	0.355048	-526.128800	
2.754000	15.560391	1.301345	-0.010895	51.935379	0.386200	-526.124699	
2.755000	15.628043	0.880349	-0.014770	51.931934	0.308321	-526.120528	
2.756000	15.788715	0.864157	-0.019824	51.923843	0.125304	-526.116419	
2.757000	15.729520	0.831773	-0.025247	51.911272	0.331685	-526.112505	
2.758000	15.716835	0.831773	-0.030577	51.894247	0.308321	-526.108899	
2.759000	15.649184	0.969406	-0.035372	51.872641	0.210972	-526.105682	
2.760000	15.632271	0.605082	-0.039257	51.846357	0.296639	-526.102891	
2.761000	15.767574	0.767004	-0.042003	51.815471	0.218760	-526.100512	
2.762000	15.784486	0.856061	-0.043789	51.780161	0.417352	-526.098490	
2.763000	15.581532	1.050367	-0.045464	51.740466	0.393988	-526.096727	
2.764000	15.564620	1.009886	-0.047668	51.696275	0.339473	-526.095094	
2.765000	15.636499	0.767004	-0.050081	51.647500	0.358942	-526.093460	
2.766000	15.729520	0.937022	-0.051974	51.594217	0.094153	-526.091712	
2.767000	15.691466	0.856061	-0.052790	51.536593	0.304427	-526.089758	
2.768000	15.594217	1.058463	-0.052289	51.474663	0.366730	-526.087545	
2.769000	15.661868	0.839869	-0.050617	51.408317	0.467974	-526.085069	
2.770000	15.716835	0.985598	-0.048399	51.337467	0.308321	-526.082377	
2.771000	15.784486	0.839869	-0.046320	51.262198	0.117516	-526.079552	
2.772000	15.784486	0.742716	-0.044451	51.182683	0.281063	-526.076714	
2.773000	15.560391	1.017982	-0.042631	51.098971	0.413458	-526.073995	
2.774000	15.653412	1.082751	-0.040966	51.010967	0.296639	-526.071516	
2.775000	15.606902	0.961310	-0.039378	50.918592	0.203184	-526.069379	
2.776000	15.767574	0.928926	-0.037545	50.821934	0.136986	-526.067651	
2.777000	15.623814	0.856061	-0.035549	50.721167	0.327791	-526.066348	
2.778000	15.594217	0.993694	-0.033973	50.616343	0.436822	-526.065435	
2.779000	15.644956	0.985598	-0.033081	50.507369	0.467974	-526.064840	
2.780000	15.585761	0.775100	-0.032616	50.394169	0.164244	-526.064458	
2.781000	15.792943	0.823676	-0.032390	50.276824	0.105834	-526.064166	
2.782000	15.721063	0.807484	-0.032243	50.155501	0.343367	-526.063842	
2.783000	15.653412	0.912733	-0.031946	50.030248	0.316109	-526.063374	
2.784000	15.640727	1.066559	-0.031457	49.900984	0.323897	-526.062683	
2.785000	15.602673	0.799388	-0.030798	49.767646	0.105834	-526.061739	
2.786000	15.818312	0.864157	-0.030007	49.630319	-0.010985	-526.060564	
2.787000	15.729520	1.042271	-0.029271	49.489175	0.288851	-526.059215	
2.788000	15.623814	0.961310	-0.028616	49.344270	0.425140	-526.057777	
2.789000	15.649184	0.847965	-0.027781	49.195536	0.464080	-526.056366	
2.790000	15.594217	0.928926	-0.026638	49.042915	0.343367	-526.055116	
2.791000	15.776030	0.856061	-0.025334	48.886493	0.129198	-526.054154	
2.792000	15.729520	0.864157	-0.024126	48.726435	0.331685	-526.053576	
2.793000	15.674553	0.945118	-0.023268	48.562797	0.401776	-526.053431	
2.794000	15.619586	1.050367	-0.023087	48.395511	0.421246	-526.053715	
2.795000	15.632271	0.880349	-0.024074	48.224520	0.195396	-526.054395	
2.796000	15.759117	0.937022	-0.026475	48.049905	0.004591	-526.055401	
2.797000	15.699922	0.977502	-0.029813	47.871828	0.370624	-526.056630	
2.798000	15.712607	0.904637	-0.033037	47.690354	0.471868	-526.057944	
2.799000	15.619586	0.888445	-0.035097	47.505429	0.277169	-526.059214	
2.800000	15.661868	0.710331	-0.035390	47.317013	0.323897	-526.060338	0.000000
2.801000	15.670325	0.993694	-0.033842	47.125191	0.105834	-526.061251	
2.802000	15.737976	0.775100	-0.030615	46.930125	0.292745	-526.061932	
2.803000	15.573076	1.268961	-0.025726	46.731878	0.526383	-526.062394	
2.804000	15.708379	0.750812	-0.019106	46.530400	0.479655	-526.062689	
2.805000	15.725291	0.702235	-0.011031	46.325654	0.203184	-526.062917	
2.806000	15.725291	0.791292	-0.002315	46.117718	0.140880	-526.063215	
2.807000	15.699922	0.742716	0.005964	45.906743	0.277169	-526.063718	
2.808000	15.619586	1.001790	0.013064	45.692784	0.444610	-526.064540	
2.809000	15.721063	0.937022	0.018795	45.475795	0.300533	-526.065761	
2.810000	15.649184	0.718427	0.023096	45.255739	0.281063	-526.067424	
2.811000	15.767574	0.799388	0.025946	45.032696	0.351155	-526.069525	
2.812000	15.683009	0.945118	0.027401	44.806817	0.249911	-526.072017	
2.813000	15.530794	1.066559	0.027308	44.578166	0.429034	-526.074804	
2.814000	15.649184	0.726523	0.025709	44.346715	0.284957	-526.077755	
2.815000	15.628043	0.880349	0.023297	44.112440	0.203184	-526.080730	
2.816000	15.746433	0.847965	0.020890	43.875427	0.105834	-526.083606	
2.817000	15.721063	0.880349	0.019006	43.635827	0.269381	-526.086286	
2.818000	15.560391	1.034175	0.017952	43.393705	0.421246	-526.088710	
2.819000	15.594217	0.985598	0.017936	43.149032	0.257699	-526.090869	
2.820000	15.623814	0.572698	0.019065	42.901785	0.222654	-526.092799	
2.821000	15.750661	0.815580	0.021260	42.652048	0.027955	-526.094580	
2.822000	15.695694	0.677947	0.024231	42.399967	0.234335	-526.096329	
2.823000	15.691466	0.977502	0.027544	42.145612	0.351155	-526.098183	
2.824000	15.606902	0.969406	0.030604	41.888965	0.300533	-526.100271	
2.825000	15.606902	0.856061	0.032815	41.630016	0.242123	-526.102703	
2.826000	15.708379	0.831773	0.033942	41.368845	0.218760	-526.105550	
2.827000	15.653412	0.791292	0.034212	41.105594	0.246017	-526.108825	
2.828000	15.594217	0.807484	0.033899	40.840333	0.331685	-526.112495	
2.829000	15.573076	0.896541	0.033040	40.573060	0.362836	-526.116488	
2.830000	15.513881	0.815580	0.031678	40.303770	0.308321	-526.120704	
2.831000	15.683009	0.945118	0.030026	40.032537	0.249911	-526.125019	
2.832000	15.712607	0.686043	0.028416	39.759491	0.242123	-526.129305	
2.833000	15.666097	0.896541	0.027242	39.484698	0.304427	-526.133446	
2.834000	15.611130	0.823676	0.026827	39.208160	0.339473	-526.137363	
2.835000	15.661868	0.750812	0.027337	38.929879	0.055213	-526.141031	
2.836000	15.649184	0.783196	0.028684	38.649929	-0.010985	-526.144472	
2.837000	15.670325	0.912733	0.030419	38.368439	0.284957	-526.147738	
2.838000	15.619586	1.090847	0.031975	38.085482	0.483549	-526.150906	
2.839000	15.581532	0.864157	0.033078	37.801089	0.362836	-526.154089	
2.840000	15.619586	0.799388	0.033738	37.515291	0.168138	-526.157416	
2.841000	15.653412	0.775100	0.034015	37.228165	0.265487	-526.161011	
2.842000	15.674553	0.928926	0.034021	36.939826	0.300533	-526.164963	
2.843000	15.602673	1.034175	0.034094	36.650339	0.421246	-526.169310	
2.844000	15.644956	0.605082	0.034785	36.359734	0.265487	-526.174042	
2.845000	15.670325	0.864157	0.036313	36.068037	0.226548	-526.179123	
2.846000	15.678781	0.831773	0.038049	35.775320	0.136986	-526.184493	
2.847000	15.708379	0.839869	0.039073	35.481690	0.351155	-526.190050	
2.848000	15.589989	0.977502	0.039045	35.187215	0.425140	-526.195658	
2.849000	15.632271	0.912733	0.038122	34.891931	0.320003	-526.201188	
2.850000	15.640727	0.928926	0.036432	34.595867	0.109728	-526.206540	
2.851000	15.750661	0.677947	0.033886	34.299096	0.316109	-526.211653	
2.852000	15.666097	0.985598	0.030273	34.001724	0.261593	-526.216508	
2.853000	15.539250	1.115135	0.025565	33.703820	0.296639	-526.221115	
2.854000	15.589989	0.645563	0.020207	33.405425	0.421246	-526.225522	
2.855000	15.788715	0.783196	0.014922	33.106575	0.172032	-526.229821	
2.856000	15.729520	0.758908	0.010243	32.807333	0.133092	-526.234146	
2.857000	15.661868	0.831773	0.006355	32.507792	0.347261	-526.238633	
2.858000	15.636499	1.009886	0.003259	32.208018	0.440716	-526.243396	
2.859000	15.589989	0.953214	0.001003	31.908061	0.335579	-526.248512	
2.860000	15.678781	0.815580	-0.000300	31.607968	0.133092	-526.254017	
2.861000	15.742204	0.694139	-0.000906	31.307798	0.257699	-526.259901	
2.862000	15.611130	0.847965	-0.001425	31.007636	0.125304	-526.266111	
2.863000	15.670325	0.920829	-0.002006	30.707557	0.386200	-526.272554	
2.864000	15.547707	0.977502	-0.002299	30.407643	0.409564	-526.279103	
2.865000	15.564620	0.945118	-0.002078	30.107969	0.246017	-526.285621	
2.866000	15.619586	1.090847	-0.001332	29.808595	0.269381	-526.291985	
2.867000	15.712607	0.799388	-0.000158	29.509596	0.366730	-526.298096	
2.868000	15.636499	1.066559	0.001262	29.211037	0.401776	-526.303894	
2.869000	15.475827	0.945118	0.002696	28.913001	0.273275	-526.309374	
2.870000	15.644956	0.977502	0.004101	28.615557	0.172032	-526.314577	
2.871000	15.649184	0.896541	0.005855	28.318753	0.234335	-526.319581	
2.872000	15.763345	0.856061	0.008268	28.022648	0.214866	-526.324497	
2.873000	15.729520	0.945118	0.011050	27.727303	0.417352	-526.329460	
2.874000	15.606902	0.742716	0.013580	27.432811	0.331685	-526.334603	
2.875000	15.606902	0.888445	0.015511	27.139254	0.035743	-526.340039	
2.876000	15.683009	0.847965	0.016852	26.846678	0.284957	-526.345842	
2.877000	15.644956	0.937022	0.017443	26.555130	0.464080	-526.352021	
2.878000	15.509653	1.050367	0.016823	26.264673	0.425140	-526.358534	
2.879000	15.543479	0.799388	0.014833	25.975420	0.432928	-526.365308	
2.880000	15.666097	1.001790	0.011583	25.687474	0.242123	-526.372241	
2.881000	15.691466	0.872253	0.007279	25.400876	0.265487	-526.379204	
2.882000	15.615358	0.831773	0.002532	25.115661	0.351155	-526.386058	
2.883000	15.623814	0.977502	-0.001856	24.831881	0.358942	-526.392676	
2.884000	15.636499	0.847965	-0.005216	24.549658	0.316109	-526.398974	
2.885000	15.640727	0.847965	-0.007095	24.269095	0.101940	-526.404923	
2.886000	15.712607	0.945118	-0.007273	23.990223	0.222654	-526.410550	
2.887000	15.594217	0.783196	-0.005582	23.713059	0.284957	-526.415911	
2.888000	15.619586	1.107039	-0.002066	23.437653	0.335579	-526.421083	
2.889000	15.518109	0.872253	0.002670	23.164125	0.370624	-526.426178	
2.890000	15.670325	0.637467	0.007602	22.892581	0.172032	-526.431330	
2.891000	15.661868	0.872253	0.011802	22.623050	0.323897	-526.436664	
2.892000	15.589989	0.904637	0.014742	22.355539	0.393988	-526.442271	
2.893000	15.628043	1.066559	0.016096	22.090093	0.464080	-526.448192	
2.894000	15.505425	1.074655	0.015401	21.826842	0.339473	-526.454414	
2.895000	15.691466	0.775100	0.012055	21.565895	0.094153	-526.460896	
2.896000	15.721063	0.767004	0.005787	21.307266	0.327791	-526.467576	
2.897000	15.623814	0.791292	-0.002774	21.050946	0.390094	-526.474353	
2.898000	15.619586	1.066559	-0.012248	20.796975	0.335579	-526.481099	
2.899000	15.467371	1.050367	-0.021231	20.545491	0.358942	-526.487683	
2.900000	15.674553	0.888445	-0.028845	20.296610	0.140880	-526.494002	0.000000
2.901000	15.683009	0.783196	-0.034724	20.050340	0.343367	-526.499994	
2.902000	15.678781	1.066559	-0.038861	19.806661	0.308321	-526.505643	
2.903000	15.636499	0.985598	-0.041946	19.565615	0.401776	-526.510966	
2.904000	15.446230	0.888445	-0.045105	19.327363	0.366730	-526.516015	
2.905000	15.640727	1.009886	-0.048564	19.092034	0.160350	-526.520885	
2.906000	15.704150	0.831773	-0.051618	18.859627	0.421246	-526.525702	
2.907000	15.683009	0.815580	-0.053800	18.630102	0.323897	-526.530596	
2.908000	15.640727	0.937022	-0.055048	18.403495	0.281063	-526.535677	
2.909000	15.530794	0.799388	-0.055340	18.179984	0.327791	-526.541030	
2.910000	15.628043	0.783196	-0.054624	17.959708	0.144774	-526.546693	
2.911000	15.725291	0.945118	-0.053069	17.742656	0.175926	-526.552660	
2.912000	15.674553	0.483641	-0.051198	17.528773	0.257699	-526.558880	
2.913000	15.666097	0.920829	-0.049305	17.318093	0.246017	-526.565266	
2.914000	15.539250	0.815580	-0.047127	17.110793	0.284957	-526.571697	
2.915000	15.589989	1.001790	-0.044192	16.907018	0.203184	-526.578044	
2.916000	15.674553	0.783196	-0.040132	16.706743	0.284957	-526.584189	
2.917000	15.577304	0.928926	-0.034849	16.509902	0.374518	-526.590028	
2.918000	15.649184	0.847965	-0.028426	16.316522	0.292745	-526.595500	
2.919000	15.484284	0.807484	-0.020959	16.126790	0.269381	-526.600597	
2.920000	15.602673	1.074655	-0.012591	15.940849	0.179820	-526.605359	
2.921000	15.695694	0.896541	-0.003623	15.758662	0.316109	-526.609864	
2.922000	15.687238	0.750812	0.005463	15.580138	0.277169	-526.614222	
2.923000	15.704150	0.985598	0.013921	15.405290	0.355048	-526.618564	
2.924000	15.518109	0.896541	0.020765	15.234300	0.210972	-526.623018	
2.925000	15.661868	0.661755	0.025263	15.067313	0.148668	-526.627700	
2.926000	15.712607	0.758908	0.027271	14.904282	0.281063	-526.632684	
2.927000	15.674553	0.920829	0.026886	14.745111	0.281063	-526.637986	
2.928000	15.598445	1.090847	0.024070	14.589821	0.358942	-526.643566	
2.929000	15.403948	0.961310	0.018993	14.438618	0.347261	-526.649348	
2.930000	15.594217	0.686043	0.012532	14.291653	0.199290	-526.655232	
2.931000	15.670325	0.864157	0.005859	14.148867	0.432928	-526.661098	
2.932000	15.644956	0.775100	-9.216086E-5	14.010145	0.316109	-526.666815	
2.933000	15.581532	1.001790	-0.004582	13.875499	0.413458	-526.672263	
2.934000	15.450458	0.969406	-0.007222	13.745131	0.281063	-526.677352	
2.935000	15.708379	0.718427	-0.008227	13.619181	0.246017	-526.682049	
2.936000	15.767574	0.758908	-0.008004	13.497574	0.288851	-526.686378	
2.937000	15.649184	0.653659	-0.006719	13.380180	0.253805	-526.690396	
2.938000	15.636499	0.839869	-0.004575	13.267017	0.125304	-526.694189	
2.939000	15.433545	0.839869	-0.001898	13.158296	0.269381	-526.697869	
2.940000	15.649184	0.864157	0.000995	13.054160	0.187608	-526.701569	
2.941000	15.678781	0.872253	0.003764	12.954524	0.246017	-526.705413	
2.942000	15.666097	0.718427	0.006272	12.859249	0.226548	-526.709497	
2.943000	15.585761	0.920829	0.008627	12.768345	0.347261	-526.713869	
2.944000	15.378578	0.937022	0.011064	12.682023	0.234335	-526.718521	
2.945000	15.568848	0.815580	0.013974	12.600412	0.331685	-526.723409	
2.946000	15.712607	0.864157	0.017435	12.523406	0.343367	-526.728458	
2.947000	15.708379	0.483641	0.020869	12.450847	0.362836	-526.733561	
2.948000	15.573076	0.767004	0.023667	12.382748	0.249911	-526.738582	
2.949000	15.463143	0.815580	0.025814	12.319327	0.269381	-526.743393	
2.950000	15.535022	0.823676	0.027694	12.260715	0.117516	-526.747892	
2.951000	15.691466	0.815580	0.029615	12.206796	0.362836	-526.752016	
2.952000	15.649184	0.839869	0.031547	12.157400	0.323897	-526.755741	
2.953000	15.611130	0.775100	0.032962	12.112540	0.393988	-526.759085	
2.954000	15.353209	0.969406	0.033395	12.072435	0.277169	-526.762099	
2.955000	15.522337	0.880349	0.033083	12.037216	0.401776	-526.764882	
2.956000	15.704150	0.888445	0.032394	12.006748	0.401776	-526.767560	
2.957000	15.657640	0.872253	0.031323	11.980853	0.234335	-526.770260	
2.958000	15.644956	0.823676	0.029702	11.959548	0.358942	-526.773089	
2.959000	15.484284	0.831773	0.027404	11.943062	0.320003	-526.776127	
2.960000	15.632271	0.734620	0.024543	11.931515	0.261593	-526.779412	
2.961000	15.606902	0.896541	0.021461	11.924754	0.448504	-526.782933	
2.962000	15.615358	0.758908	0.018516	11.922585	0.265487	-526.786635	
2.963000	15.615358	0.831773	0.016053	11.925020	0.234335	-526.790425	
2.964000	15.425089	0.742716	0.014169	11.932294	0.273275	-526.794182	
2.965000	15.619586	0.823676	0.012643	11.944521	0.207078	-526.797773	
2.966000	15.623814	0.775100	0.011379	11.961541	0.347261	-526.801080	
2.967000	15.577304	0.847965	0.010510	11.983156	0.343367	-526.804000	
2.968000	15.488512	0.969406	0.010194	12.009385	0.386200	-526.806472	
2.969000	15.344753	0.896541	0.010423	12.040463	0.347261	-526.808482	
2.970000	15.674553	0.742716	0.011111	12.076491	0.370624	-526.810067	
2.971000	15.644956	0.823676	0.012428	12.117294	0.503019	-526.811302	
2.972000	15.653412	0.702235	0.014539	12.162664	0.320003	-526.812299	
2.973000	15.547707	0.791292	0.017060	12.212622	0.397882	-526.813189	
2.974000	15.488512	0.937022	0.019177	12.267403	0.300533	-526.814104	
2.975000	15.640727	0.872253	0.020290	12.327094	0.156456	-526.815158	
2.976000	15.657640	0.783196	0.020330	12.391506	0.378412	-526.816429	
2.977000	15.666097	0.839869	0.019679	12.460420	0.323897	-526.817938	
2.978000	15.505425	0.872253	0.018708	12.533854	0.292745	-526.819651	
2.979000	15.425089	1.050367	0.017052	12.612036	0.238229	-526.821499	
2.980000	15.535022	0.945118	0.014088	12.695049	0.253805	-526.823374	
2.981000	15.619586	0.904637	0.009994	12.782685	0.487443	-526.825143	
2.982000	15.678781	0.823676	0.005486	12.874718	0.362836	-526.826672	
2.983000	15.539250	0.985598	0.001086	12.971177	0.355048	-526.827841	
2.984000	15.420861	0.864157	-0.003140	13.072304	0.343367	-526.828569	
2.985000	15.585761	0.823676	-0.007302	13.178170	0.296639	-526.828823	
2.986000	15.767574	0.491737	-0.011234	13.288552	0.300533	-526.828626	
2.987000	15.699922	0.872253	-0.014475	13.403214	0.304427	-526.828035	
2.988000	15.619586	0.823676	-0.016452	13.522178	0.351155	-526.827142	
2.989000	15.471599	0.710331	-0.016893	13.645678	0.207078	-526.826071	
2.990000	15.632271	0.953214	-0.016138	13.773776	0.230441	-526.824959	
2.991000	15.598445	0.880349	-0.014804	13.906240	0.362836	-526.823929	
2.992000	15.644956	0.953214	-0.013374	14.042834	0.401776	-526.823070	
2.993000	15.539250	0.807484	-0.012116	14.183598	0.436822	-526.822427	
2.994000	15.480055	0.734620	-0.011105	14.328778	0.397882	-526.821996	
2.995000	15.606902	0.686043	-0.010275	14.478430	0.386200	-526.821740	
2.996000	15.653412	0.872253	-0.009594	14.632306	0.409564	-526.821590	
2.997000	15.606902	0.807484	-0.009098	14.790157	0.421246	-526.821439	
2.998000	15.606902	0.677947	-0.008625	14.952014	0.378412	-526.821157	
2.999000	15.551935	0.815580	-0.007766	15.118113	0.269381	-526.820624	
3.000000	15.695694	0.661755	-0.006219	15.288496	0.261593	-526.819748	0.000000
3.001000	15.632271	0.937022	-0.003897	15.462908	0.347261	-526.818471	
3.002000	15.628043	0.661755	-0.000675	15.641099	0.300533	-526.816779	
3.003000	15.505425	0.847965	0.003750	15.823111	0.323897	-526.814692	
3.004000	15.518109	0.945118	0.009609	16.009192	0.261593	-526.812265	
3.005000	15.640727	0.856061	0.016620	16.199381	0.335579	-526.809592	
3.006000	15.585761	0.839869	0.023920	16.393416	0.483549	-526.806806	
3.007000	15.661868	0.807484	0.030431	16.591039	0.347261	-526.804036	
3.008000	15.442002	1.017982	0.035381	16.792287	0.339473	-526.801393	
3.009000	15.594217	0.912733	0.038656	16.997389	0.351155	-526.798956	
3.010000	15.670325	0.872253	0.040543	17.206359	0.300533	-526.796761	
3.011000	15.712607	0.742716	0.041248	17.418915	0.382306	-526.794806	
3.012000	15.670325	0.815580	0.041182	17.634798	0.234335	-526.793049	
3.013000	15.450458	0.880349	0.041227	17.854050	0.242123	-526.791412	
3.014000	15.661868	0.864157	0.041860	18.076901	0.366730	-526.789780	
3.015000	15.615358	0.937022	0.042784	18.303361	0.312215	-526.788025	
3.016000	15.687238	0.710331	0.043525	18.533145	0.308321	-526.786029	
3.017000	15.594217	0.937022	0.043861	18.765995	0.312215	-526.783696	
3.018000	15.412404	0.928926	0.043940	19.001961	0.335579	-526.780965	
3.019000	15.522337	0.750812	0.044097	19.241282	0.323897	-526.777827	
3.020000	15.585761	0.969406	0.044624	19.483963	0.358942	-526.774315	
3.021000	15.644956	0.928926	0.045420	19.729704	0.351155	-526.770498	
3.022000	15.628043	0.839869	0.046118	19.978239	0.374518	-526.766489	
3.023000	15.513881	0.677947	0.046607	20.229617	0.242123	-526.762426	
3.024000	15.661868	0.856061	0.046866	20.484070	0.323897	-526.758446	
3.025000	15.636499	0.807484	0.046789	20.741592	0.320003	-526.754660	
3.026000	15.687238	0.823676	0.046349	21.001877	0.413458	-526.751142	
3.027000	15.759117	0.880349	0.045620	21.264656	0.323897	-526.747916	
3.028000	15.505425	0.815580	0.044720	21.529976	0.339473	-526.744955	
3.029000	15.564620	0.799388	0.043724	21.798071	0.316109	-526.742197	
3.030000	15.556163	0.928926	0.042480	22.068932	0.382306	-526.739538	
3.031000	15.564620	0.969406	0.040767	22.342249	0.436822	-526.736849	
3.032000	15.653412	0.807484	0.038589	22.617748	0.265487	-526.733992	
3.033000	15.492740	0.872253	0.036226	22.895473	0.378412	-526.730847	
3.034000	15.640727	0.791292	0.034114	23.175648	0.246017	-526.727325	
3.035000	15.628043	0.864157	0.032483	23.458253	0.308321	-526.723393	
3.036000	15.581532	0.767004	0.031339	23.742968	0.351155	-526.719070	
3.037000	15.691466	0.686043	0.030688	24.029514	0.269381	-526.714409	
3.038000	15.509653	0.856061	0.030565	24.317931	0.277169	-526.709494	
3.039000	15.792943	0.734620	0.030983	24.608442	0.273275	-526.704449	
3.040000	15.615358	0.734620	0.031741	24.901025	0.199290	-526.699417	
3.041000	15.632271	0.807484	0.032410	25.195365	0.362836	-526.694531	
3.042000	15.611130	0.880349	0.032540	25.491192	0.312215	-526.689889	
3.043000	15.378578	1.034175	0.031760	25.788553	0.339473	-526.685536	
3.044000	15.691466	0.872253	0.029526	26.087666	0.316109	-526.681466	
3.045000	15.632271	0.904637	0.024969	26.388501	0.436822	-526.677637	
3.046000	15.644956	0.783196	0.017937	26.690742	0.401776	-526.673980	
3.047000	15.683009	0.888445	0.009600	26.994112	0.401776	-526.670387	
3.048000	15.336296	0.799388	0.001432	27.298656	0.191502	-526.666725	
3.049000	15.708379	0.888445	-0.005468	27.604580	0.238229	-526.662866	
3.050000	15.644956	0.953214	-0.010372	27.911843	0.308321	-526.658708	
3.051000	15.725291	0.734620	-0.012991	28.220125	0.339473	-526.654192	
3.052000	15.649184	0.815580	-0.013347	28.529153	0.261593	-526.649306	
3.053000	15.412404	0.928926	-0.011474	28.838970	0.300533	-526.644077	
3.054000	15.805627	0.928926	-0.007523	29.149780	0.296639	-526.638563	
3.055000	15.573076	0.888445	-0.002096	29.461543	0.417352	-526.632857	
3.056000	15.750661	0.726523	0.003886	29.773942	0.475762	-526.627086	
3.057000	15.564620	0.823676	0.009556	30.086707	0.308321	-526.621382	
3.058000	15.458914	1.009886	0.014294	30.399881	0.397882	-526.615859	
3.059000	15.712607	0.937022	0.017842	30.713655	0.386200	-526.610598	
3.060000	15.615358	0.831773	0.020250	31.027976	0.327791	-526.605630	
3.061000	15.661868	0.807484	0.021218	31.342522	0.335579	-526.600942	
3.062000	15.704150	0.718427	0.019757	31.657020	0.246017	-526.596486	
3.063000	15.535022	0.799388	0.015468	31.971511	0.273275	-526.592182	
3.064000	15.754889	0.937022	0.009309	32.286193	0.253805	-526.587920	
3.065000	15.589989	0.888445	0.002676	32.601026	0.226548	-526.583570	
3.066000	15.649184	0.993694	-0.003320	32.915700	0.261593	-526.579006	
3.067000	15.653412	0.694139	-0.008019	33.229950	0.203184	-526.574132	
3.068000	15.471599	0.823676	-0.011335	33.543816	0.300533	-526.568892	
3.069000	15.695694	0.888445	-0.013447	33.857494	0.425140	-526.563285	
3.070000	15.551935	0.993694	-0.014638	34.170939	0.257699	-526.557341	
3.071000	15.598445	0.896541	-0.015680	34.483836	0.654884	-526.551128	
3.072000	15.678781	0.888445	-0.017237	34.795919	0.320003	-526.544749	
3.073000	15.467371	0.758908	-0.019132	35.107219	0.378412	-526.538340	
3.074000	15.818312	0.621274	-0.020966	35.417921	0.230441	-526.532034	
3.075000	15.670325	0.775100	-0.022559	35.727974	0.432928	-526.525949	
3.076000	15.619586	0.888445	-0.023662	36.037067	0.343367	-526.520157	
3.077000	15.573076	0.896541	-0.024415	36.344940	0.277169	-526.514676	
3.078000	15.416632	1.001790	-0.025977	36.651630	0.257699	-526.509479	
3.079000	15.809856	0.799388	-0.029237	36.957319	0.308321	-526.504504	
3.080000	15.573076	0.985598	-0.033571	37.261961	0.370624	-526.499654	
3.081000	15.522337	0.888445	-0.037837	37.565258	0.320003	-526.494801	
3.082000	15.556163	0.775100	-0.041269	37.866957	0.277169	-526.489812	
3.083000	15.442002	0.985598	-0.043410	38.167097	0.296639	-526.484568	
3.084000	15.835225	0.807484	-0.044084	38.465852	0.265487	-526.478981	
3.085000	15.623814	0.847965	-0.043320	38.763174	0.460186	-526.473016	
3.086000	15.640727	0.856061	-0.041172	39.058765	0.553641	-526.466688	
3.087000	15.649184	0.621274	-0.037623	39.352378	0.265487	-526.460048	
3.088000	15.560391	0.799388	-0.032727	39.644044	0.347261	-526.453181	
3.089000	15.830997	0.799388	-0.026936	39.933937	0.281063	-526.446204	
3.090000	15.678781	0.969406	-0.021182	40.222013	0.335579	-526.439252	
3.091000	15.687238	0.847965	-0.016420	40.507992	0.281063	-526.432454	
3.092000	15.606902	0.928926	-0.013193	40.791633	0.242123	-526.425912	
3.093000	15.475827	0.961310	-0.011800	41.072971	0.281063	-526.419681	
3.094000	15.746433	0.823676	-0.012500	41.352174	0.405670	-526.413760	
3.095000	15.467371	0.847965	-0.015256	41.629198	0.429034	-526.408109	
3.096000	15.687238	0.896541	-0.019433	41.903768	0.390094	-526.402658	
3.097000	15.628043	1.009886	-0.024022	42.175654	0.308321	-526.397303	
3.098000	15.632271	0.945118	-0.028128	42.444889	0.343367	-526.391915	
3.099000	15.708379	0.856061	-0.031175	42.711637	0.312215	-526.386370	
3.100000	15.653412	0.750812	-0.032881	42.975850	0.343367	-526.380565	0.000000
3.101000	15.678781	0.896541	-0.033177	43.237256	0.277169	-526.374437	
3.102000	15.754889	0.799388	-0.032349	43.495634	0.238229	-526.367973	
3.103000	15.615358	0.823676	-0.031126	43.751026	0.168138	-526.361205	
3.104000	15.708379	0.847965	-0.030098	44.003608	0.234335	-526.354202	
3.105000	15.606902	0.945118	-0.029186	44.253348	0.413458	-526.347062	
3.106000	15.708379	1.147520	-0.028071	44.499989	0.339473	-526.339908	
3.107000	15.661868	0.831773	-0.026702	44.743315	0.172032	-526.332868	
3.108000	15.543479	0.799388	-0.025148	44.983369	0.230441	-526.326059	
3.109000	15.750661	0.815580	-0.023351	45.220323	0.249911	-526.319570	
3.110000	15.573076	0.847965	-0.021128	45.454146	0.382306	-526.313436	
3.111000	15.585761	1.090847	-0.018403	45.684587	0.456292	-526.307638	
3.112000	15.674553	0.807484	-0.015580	45.911436	0.304427	-526.302128	
3.113000	15.678781	0.896541	-0.013537	46.134735	0.207078	-526.296827	
3.114000	15.839453	0.694139	-0.012730	46.354654	0.300533	-526.291628	
3.115000	15.568848	0.823676	-0.012598	46.571170	0.405670	-526.286405	
3.116000	15.619586	0.920829	-0.012136	46.784046	0.323897	-526.281038	
3.117000	15.653412	0.904637	-0.010591	46.993088	0.343367	-526.275428	
3.118000	15.657640	0.815580	-0.007834	47.198345	0.253805	-526.269519	
3.119000	15.729520	0.823676	-0.004028	47.399989	0.144774	-526.263309	
3.120000	15.644956	0.775100	0.001230	47.597999	0.281063	-526.256833	
3.121000	15.573076	1.001790	0.008398	47.792151	0.440716	-526.250163	
3.122000	15.661868	0.815580	0.017025	47.982252	0.339473	-526.243402	
3.123000	15.687238	0.904637	0.026095	48.168345	0.246017	-526.236683	
3.124000	15.792943	0.880349	0.034564	48.350596	0.413458	-526.230141	
3.125000	15.644956	0.645563	0.041540	48.528987	0.366730	-526.223891	
3.126000	15.683009	0.920829	0.046521	48.703303	0.320003	-526.218011	
3.127000	15.649184	0.969406	0.049464	48.873362	0.355048	-526.212531	
3.128000	15.644956	0.953214	0.050496	49.039216	0.273275	-526.207427	
3.129000	15.729520	0.880349	0.049624	49.201036	0.421246	-526.202639	
3.130000	15.670325	0.856061	0.046904	49.358813	0.479655	-526.198068	
3.131000	15.678781	1.066559	0.042888	49.512348	0.304427	-526.193590	
3.132000	15.628043	0.839869	0.038533	49.661473	0.249911	-526.189078	
3.133000	15.619586	0.831773	0.034565	49.806240	0.148668	-526.184416	
3.134000	15.687238	0.872253	0.031358	49.946814	0.366730	-526.179516	
3.135000	15.649184	0.856061	0.029234	50.083184	0.464080	-526.174332	
3.136000	15.585761	1.115135	0.028378	50.215155	0.413458	-526.168873	
3.137000	15.661868	0.750812	0.028287	50.342567	0.226548	-526.163196	
3.138000	15.767574	0.767004	0.027759	50.465480	0.242123	-526.157392	
3.139000	15.640727	0.807484	0.026092	50.584063	0.366730	-526.151586	
3.140000	15.649184	1.009886	0.023687	50.698318	0.335579	-526.145916	
3.141000	15.666097	0.953214	0.021285	50.808064	0.417352	-526.140513	
3.142000	15.678781	0.645563	0.019276	50.913153	0.210972	-526.135483	
3.143000	15.733748	0.742716	0.017507	51.013648	0.140880	-526.130889	
3.144000	15.640727	0.864157	0.015620	51.109723	0.304427	-526.126735	
3.145000	15.564620	0.726523	0.013295	51.201386	0.355048	-526.122970	
3.146000	15.543479	1.066559	0.010228	51.288464	0.514701	-526.119512	
3.147000	15.678781	0.783196	0.006508	51.370815	0.281063	-526.116244	
3.148000	15.708379	0.694139	0.002809	51.448501	0.222654	-526.113036	
3.149000	15.725291	0.758908	-1.666498E-5	51.521691	0.378412	-526.109767	
3.150000	15.530794	0.847965	-0.001380	51.590392	0.440716	-526.106331	
3.151000	15.653412	1.009886	-0.000903	51.654439	0.323897	-526.102661	
3.152000	15.636499	0.694139	0.001567	51.713699	0.238229	-526.098737	
3.153000	15.725291	0.742716	0.005842	51.768240	0.121410	-526.094591	
3.154000	15.818312	0.791292	0.011744	51.818236	0.234335	-526.090292	
3.155000	15.632271	0.750812	0.019047	51.863704	0.292745	-526.085941	
3.156000	15.649184	1.082751	0.027040	51.904491	0.429034	-526.081660	
3.157000	15.581532	0.896541	0.034650	51.940472	0.308321	-526.077574	
3.158000	15.788715	0.718427	0.040892	51.971717	0.055213	-526.073793	
3.159000	15.729520	0.872253	0.045152	51.998398	0.246017	-526.070399	
3.160000	15.636499	0.823676	0.047221	52.020538	0.417352	-526.067423	
3.161000	15.551935	1.285153	0.047107	52.037992	0.312215	-526.064842	
3.162000	15.611130	0.985598	0.044703	52.050639	0.281063	-526.062601	
3.163000	15.776030	0.799388	0.039981	52.058543	0.164244	-526.060619	
3.164000	15.712607	0.742716	0.033505	52.061871	0.308321	-526.058786	
3.165000	15.712607	0.661755	0.026228	52.060649	0.296639	-526.056972	
3.166000	15.628043	0.961310	0.019022	52.054748	0.242123	-526.055060	
3.167000	15.602673	0.831773	0.012615	52.044064	0.292745	-526.052958	
3.168000	15.814084	0.945118	0.007462	52.028674	0.129198	-526.050618	
3.169000	15.708379	0.864157	0.003547	52.008756	0.234335	-526.048036	
3.170000	15.649184	0.985598	0.000990	51.984349	0.347261	-526.045241	
3.171000	15.577304	0.896541	0.000384	51.955336	0.339473	-526.042296	
3.172000	15.674553	0.847965	0.001941	51.921624	0.246017	-526.039303	
3.173000	15.691466	1.058463	0.005074	51.883291	0.187608	-526.036393	
3.174000	15.687238	0.880349	0.008850	51.840509	0.351155	-526.033692	
3.175000	15.670325	0.945118	0.012466	51.793314	0.429034	-526.031306	
3.176000	15.704150	0.864157	0.015592	51.741591	0.366730	-526.029302	
3.177000	15.649184	0.726523	0.018379	51.685245	0.172032	-526.027710	
3.178000	15.725291	1.042271	0.021328	51.624355	0.074683	-526.026516	
3.179000	15.661868	0.872253	0.025069	51.559092	0.183714	-526.025663	
3.180000	15.640727	1.115135	0.029762	51.489499	0.312215	-526.025051	
3.181000	15.733748	1.090847	0.034905	51.415473	0.518595	-526.024547	
3.182000	15.628043	0.864157	0.039874	51.336937	0.335579	-526.024021	
3.183000	15.721063	0.783196	0.044100	51.253974	0.136986	-526.023357	
3.184000	15.619586	0.831773	0.047049	51.166758	0.296639	-526.022470	
3.185000	15.543479	1.098943	0.048717	51.075334	0.444610	-526.021312	
3.186000	15.674553	0.864157	0.049787	50.979603	0.335579	-526.019881	
3.187000	15.644956	0.686043	0.051280	50.879487	0.246017	-526.018224	
3.188000	15.814084	0.775100	0.053915	50.775067	0.066895	-526.016429	
3.189000	15.725291	0.864157	0.057348	50.666514	0.203184	-526.014619	
3.190000	15.539250	1.009886	0.060384	50.553879	0.304427	-526.012933	
3.191000	15.683009	1.009886	0.061868	50.437072	0.382306	-526.011496	
3.192000	15.653412	0.823676	0.061155	50.316023	0.249911	-526.010410	
3.193000	15.814084	0.791292	0.058255	50.190815	0.179820	-526.009736	
3.194000	15.704150	0.888445	0.053800	50.061617	0.358942	-526.009482	
3.195000	15.611130	0.945118	0.048566	49.928488	0.378412	-526.009605	
3.196000	15.573076	1.115135	0.042888	49.791356	0.448504	-526.010021	
3.197000	15.526566	0.953214	0.036785	49.650163	0.277169	-526.010617	
3.198000	15.784486	0.856061	0.030519	49.504992	0.129198	-526.011261	
3.199000	15.712607	0.750812	0.024541	49.356007	0.339473	-526.011826	
3.200000	15.628043	0.993694	0.019134	49.203262	0.475762	-526.012201	0.000000
3.201000	15.581532	1.058463	0.014368	49.046684	0.327791	-526.012315	
3.202000	15.704150	0.920829	0.010348	48.886217	0.082471	-526.012150	
3.203000	15.873279	0.961310	0.007735	48.721940	0.156456	-526.011741	
3.204000	15.788715	0.702235	0.007355	48.554012	0.284957	-526.011152	
3.205000	15.670325	0.791292	0.009100	48.382494	0.397882	-526.010485	
3.206000	15.585761	0.928926	0.011939	48.207332	0.300533	-526.009871	
3.207000	15.623814	0.928926	0.014762	48.028482	0.203184	-526.009448	
3.208000	15.683009	1.026079	0.016890	47.846030	0.129198	-526.009337	
3.209000	15.674553	0.872253	0.017972	47.660136	0.343367	-526.009619	
3.210000	15.598445	1.001790	0.017855	47.470863	0.436822	-526.010326	
3.211000	15.619586	0.580794	0.016562	47.278164	0.358942	-526.011436	
3.212000	15.657640	0.799388	0.013759	47.082001	0.273275	-526.012900	
3.213000	15.691466	0.888445	0.008596	46.882455	0.156456	-526.014640	
3.214000	15.699922	0.839869	0.000973	46.679674	0.156456	-526.016541	
3.215000	15.594217	1.107039	-0.007768	46.473714	0.277169	-526.018464	
3.216000	15.691466	0.985598	-0.015897	46.264527	0.386200	-526.020286	
3.217000	15.611130	0.742716	-0.022230	46.052080	0.148668	-526.021914	
3.218000	15.704150	0.904637	-0.026295	45.836459	0.172032	-526.023305	
3.219000	15.809856	0.605082	-0.028110	45.617817	0.273275	-526.024453	
3.220000	15.547707	1.090847	-0.027598	45.396224	0.358942	-526.025384	
3.221000	15.653412	1.155616	-0.024523	45.171656	0.347261	-526.026157	
3.222000	15.640727	0.872253	-0.019016	44.944094	0.323897	-526.026879	
3.223000	15.746433	0.807484	-0.011801	44.713624	0.292745	-526.027688	
3.224000	15.653412	0.856061	-0.003926	44.480393	0.409564	-526.028713	
3.225000	15.589989	1.026079	0.003671	44.244458	0.429034	-526.030054	
3.226000	15.644956	0.912733	0.010496	44.005791	0.393988	-526.031775	
3.227000	15.759117	0.912733	0.016466	43.764369	0.214866	-526.033898	
3.228000	15.818312	0.637467	0.021743	43.520275	0.195396	-526.036410	
3.229000	15.695694	0.435065	0.026544	43.273657	0.257699	-526.039257	
3.230000	15.518109	1.026079	0.030766	43.024585	0.144774	-526.042342	
3.231000	15.606902	1.082751	0.034156	42.773043	0.238229	-526.045532	
3.232000	15.644956	0.775100	0.036847	42.519022	0.261593	-526.048693	
3.233000	15.712607	0.758908	0.039109	42.262608	0.168138	-526.051712	
3.234000	15.666097	0.823676	0.041051	42.003946	0.358942	-526.054503	
3.235000	15.551935	1.058463	0.042778	41.743110	0.366730	-526.057023	
3.236000	15.530794	1.090847	0.044631	41.480092	0.386200	-526.059274	
3.237000	15.628043	0.677947	0.047205	41.214883	0.156456	-526.061304	
3.238000	15.737976	0.872253	0.050645	40.947559	0.129198	-526.063198	
3.239000	15.653412	0.621274	0.054337	40.678251	0.335579	-526.065075	
3.240000	15.708379	0.953214	0.057477	40.407029	0.374518	-526.067071	
3.241000	15.602673	0.847965	0.059476	40.133897	0.316109	-526.069311	
3.242000	15.619586	0.896541	0.060137	39.858862	0.238229	-526.071902	
3.243000	15.725291	0.799388	0.059567	39.582000	0.164244	-526.074904	
3.244000	15.754889	0.815580	0.058078	39.303438	0.397882	-526.078324	
3.245000	15.606902	0.977502	0.056334	39.023252	0.335579	-526.082118	
3.246000	15.509653	0.847965	0.054836	38.741464	0.425140	-526.086212	
3.247000	15.594217	0.839869	0.053487	38.458096	0.226548	-526.090498	
3.248000	15.560391	0.847965	0.052165	38.173230	0.261593	-526.094844	
3.249000	15.716835	0.847965	0.051056	37.886985	0.320003	-526.099118	
3.250000	15.594217	1.082751	0.050311	37.599435	0.358942	-526.103202	
3.251000	15.644956	0.937022	0.049762	37.310606	0.393988	-526.107022	
3.252000	15.602673	0.791292	0.049381	37.020523	0.296639	-526.110563	
3.253000	15.776030	0.702235	0.049787	36.729255	0.098047	-526.113857	
3.254000	15.712607	0.880349	0.051687	36.436916	0.269381	-526.116969	
3.255000	15.670325	1.009886	0.055161	36.143572	0.273275	-526.119991	
3.256000	15.691466	0.815580	0.059607	35.849256	0.257699	-526.123048	
3.257000	15.649184	0.791292	0.064028	35.554001	0.144774	-526.126278	
3.258000	15.712607	0.839869	0.067495	35.257874	0.242123	-526.129808	
3.259000	15.606902	0.799388	0.069406	34.960985	0.339473	-526.133723	
3.260000	15.564620	0.872253	0.069453	34.663408	0.335579	-526.138048	
3.261000	15.644956	1.009886	0.067509	34.365203	0.234335	-526.142756	
3.262000	15.644956	0.694139	0.063671	34.066420	0.187608	-526.147796	
3.263000	15.725291	0.815580	0.058393	33.767125	0.187608	-526.153090	
3.264000	15.623814	0.872253	0.052345	33.467406	0.230441	-526.158526	
3.265000	15.636499	1.058463	0.046190	33.167326	0.436822	-526.163971	
3.266000	15.589989	0.856061	0.040440	32.866940	0.323897	-526.169293	
3.267000	15.712607	0.580794	0.035356	32.566295	0.094153	-526.174398	
3.268000	15.708379	0.718427	0.031054	32.265456	0.140880	-526.179236	
3.269000	15.721063	0.580794	0.027486	31.964510	0.304427	-526.183806	
3.270000	15.636499	1.017982	0.024186	31.663533	0.226548	-526.188136	
3.271000	15.518109	1.074655	0.020521	31.362619	0.393988	-526.192281	
3.272000	15.661868	0.880349	0.016459	31.061848	0.148668	-526.196341	
3.273000	15.640727	0.564602	0.012450	30.761283	0.238229	-526.200446	
3.274000	15.737976	0.767004	0.008744	30.460997	0.277169	-526.204726	
3.275000	15.598445	1.001790	0.005249	30.161059	0.483549	-526.209287	
3.276000	15.560391	0.799388	0.001734	29.861559	0.370624	-526.214193	
3.277000	15.636499	0.969406	-0.001728	29.562577	0.133092	-526.219464	
3.278000	15.712607	0.767004	-0.004658	29.264166	0.152562	-526.225080	
3.279000	15.746433	0.686043	-0.006435	28.966382	0.351155	-526.230978	
3.280000	15.653412	0.815580	-0.006311	28.669291	0.308321	-526.237058	
3.281000	15.602673	0.718427	-0.003891	28.373004	0.401776	-526.243194	
3.282000	15.577304	0.847965	0.000478	28.077616	-0.018773	-526.249259	
3.283000	15.683009	0.880349	0.006190	27.783178	0.347261	-526.255139	
3.284000	15.687238	0.945118	0.012611	27.489735	0.316109	-526.260744	
3.285000	15.602673	0.928926	0.019019	27.197354	0.284957	-526.266022	
3.286000	15.480055	1.042271	0.024817	26.906157	0.397882	-526.270978	
3.287000	15.551935	0.847965	0.029730	26.616251	0.234335	-526.275654	
3.288000	15.661868	0.847965	0.033661	26.327671	0.327791	-526.280133	
3.289000	15.678781	0.904637	0.036439	26.040441	0.292745	-526.284524	
3.290000	15.754889	1.017982	0.037824	25.754617	0.320003	-526.288956	
3.291000	15.653412	0.823676	0.037641	25.470332	0.281063	-526.293556	
3.292000	15.661868	0.864157	0.035854	25.187707	-0.034348	-526.298435	
3.293000	15.632271	0.839869	0.032562	24.906777	0.238229	-526.303658	
3.294000	15.649184	0.710331	0.027979	24.627559	0.175926	-526.309232	
3.295000	15.581532	0.920829	0.022384	24.350107	0.249911	-526.315107	
3.296000	15.530794	0.953214	0.015954	24.074568	0.386200	-526.321206	
3.297000	15.543479	0.815580	0.008873	23.801064	0.047425	-526.327420	
3.298000	15.628043	0.888445	0.001634	23.529624	0.323897	-526.333625	
3.299000	15.611130	0.904637	-0.005169	23.260252	0.339473	-526.339690	
3.300000	15.619586	0.985598	-0.011090	22.992997	0.393988	-526.345499	0.000000
3.301000	15.518109	0.880349	-0.015736	22.728009	0.312215	-526.350970	
3.302000	15.632271	0.750812	-0.019001	22.465417	0.121410	-526.356080	
3.303000	15.716835	0.912733	-0.021293	22.205234	0.347261	-526.360860	
3.304000	15.737976	0.799388	-0.023092	21.947442	0.265487	-526.365374	
3.305000	15.577304	0.961310	-0.024728	21.692083	0.382306	-526.369717	
3.306000	15.395491	0.742716	-0.026391	21.439328	0.339473	-526.374012	
3.307000	15.678781	0.912733	-0.028068	21.189315	0.039637	-526.378395	
3.308000	15.737976	0.799388	-0.029643	20.942054	0.226548	-526.382992	
3.309000	15.687238	0.807484	-0.030798	20.697515	0.304427	-526.387890	
3.310000	15.577304	1.026079	-0.031068	20.455738	0.355048	-526.393117	
3.311000	15.412404	0.791292	-0.030388	20.216886	0.316109	-526.398648	
3.312000	15.619586	0.945118	-0.029186	19.981088	0.249911	-526.404429	
3.313000	15.632271	0.791292	-0.027725	19.748334	0.296639	-526.410379	
3.314000	15.666097	0.888445	-0.025892	19.518576	0.339473	-526.416387	
3.315000	15.632271	0.888445	-0.023518	19.291843	0.312215	-526.422323	
3.316000	15.501196	0.799388	-0.020552	19.068304	0.296639	-526.428063	
3.317000	15.615358	0.937022	-0.017073	18.848092	0.140880	-526.433515	
3.318000	15.750661	0.783196	-0.013092	18.631187	0.230441	-526.438628	
3.319000	15.712607	0.758908	-0.008450	18.417530	0.214866	-526.443401	
3.320000	15.670325	0.799388	-0.002840	18.207156	0.316109	-526.447870	
3.321000	15.480055	0.985598	0.004102	18.000248	0.355048	-526.452102	
3.322000	15.530794	0.880349	0.012288	17.796949	0.187608	-526.456204	
3.323000	15.695694	1.001790	0.020843	17.597231	0.409564	-526.460308	
3.324000	15.611130	0.928926	0.028462	17.401019	0.390094	-526.464537	
3.325000	15.661868	1.001790	0.034060	17.208336	0.316109	-526.468991	
3.326000	15.458914	0.920829	0.037208	17.019367	0.288851	-526.473736	
3.327000	15.644956	0.718427	0.037905	16.834255	0.195396	-526.478794	
3.328000	15.632271	0.572698	0.036261	16.652958	0.378412	-526.484150	
3.329000	15.716835	0.896541	0.032738	16.475381	0.296639	-526.489747	
3.330000	15.691466	0.928926	0.028297	16.301545	0.249911	-526.495485	
3.331000	15.454686	1.058463	0.024056	16.131646	0.187608	-526.501243	
3.332000	15.661868	0.758908	0.020812	15.965832	0.156456	-526.506902	
3.333000	15.636499	1.009886	0.018812	15.804050	0.343367	-526.512354	
3.334000	15.644956	0.831773	0.017903	15.646194	0.257699	-526.517515	
3.335000	15.606902	0.953214	0.017884	15.492287	0.207078	-526.522334	
3.336000	15.454686	0.799388	0.018648	15.342541	0.316109	-526.526814	
3.337000	15.611130	1.139424	0.020188	15.197110	0.214866	-526.531001	
3.338000	15.670325	0.937022	0.022626	15.055930	0.452398	-526.534978	
3.339000	15.640727	0.742716	0.025858	14.918880	0.148668	-526.538857	
3.340000	15.632271	1.017982	0.029201	14.785968	0.413458	-526.542762	
3.341000	15.480055	0.726523	0.031696	14.657389	0.296639	-526.546815	
3.342000	15.695694	0.742716	0.032700	14.533275	0.257699	-526.551120	
3.343000	15.759117	0.880349	0.032176	14.413545	0.168138	-526.555745	
3.344000	15.657640	0.742716	0.030401	14.298063	0.230441	-526.560699	
3.345000	15.602673	0.904637	0.027670	14.186838	0.273275	-526.565942	
3.346000	15.437773	0.912733	0.024343	14.080074	0.460186	-526.571394	
3.347000	15.594217	0.847965	0.020734	13.977908	0.304427	-526.576944	
3.348000	15.683009	0.993694	0.017062	13.880250	0.362836	-526.582461	
3.349000	15.577304	0.750812	0.013558	13.786958	0.238229	-526.587811	
3.350000	15.598445	0.856061	0.010427	13.698046	0.366730	-526.592879	
3.351000	15.408176	0.912733	0.007644	13.613728	0.413458	-526.597580	
3.352000	15.598445	1.017982	0.005067	13.534140	0.207078	-526.601889	
3.353000	15.767574	0.839869	0.002911	13.459172	0.327791	-526.605828	
3.354000	15.695694	0.621274	0.001829	13.388665	0.370624	-526.609460	
3.355000	15.640727	0.831773	0.002347	13.322634	0.203184	-526.612879	
3.356000	15.463143	0.767004	0.004135	13.261301	0.362836	-526.616216	
3.357000	15.594217	0.839869	0.006163	13.204798	0.249911	-526.619606	
3.358000	15.708379	0.945118	0.007756	13.153006	0.277169	-526.623173	
3.359000	15.674553	0.823676	0.009041	13.105755	0.230441	-526.627000	
3.360000	15.628043	0.953214	0.010373	13.063058	0.312215	-526.631119	
3.361000	15.340525	0.823676	0.011945	13.025139	0.300533	-526.635508	
3.362000	15.522337	0.742716	0.014159	12.992122	0.210972	-526.640115	
3.363000	15.589989	0.888445	0.017573	12.963866	0.323897	-526.644857	
3.364000	15.628043	0.896541	0.022040	12.940185	0.261593	-526.649613	
3.365000	15.632271	1.017982	0.026772	12.921086	0.300533	-526.654244	
3.366000	15.420861	0.718427	0.031177	12.906795	0.393988	-526.658627	
3.367000	15.644956	0.896541	0.034916	12.897427	0.125304	-526.662667	
3.368000	15.670325	0.839869	0.037712	12.892829	0.277169	-526.666316	
3.369000	15.670325	0.799388	0.039922	12.892807	0.222654	-526.669571	
3.370000	15.606902	0.856061	0.042624	12.897376	0.320003	-526.672464	
3.371000	15.403948	0.775100	0.046270	12.906767	0.257699	-526.675064	
3.372000	15.670325	0.831773	0.050140	12.921088	0.273275	-526.677483	
3.373000	15.712607	0.928926	0.053240	12.940173	0.417352	-526.679856	
3.374000	15.632271	0.937022	0.054880	12.963822	0.335579	-526.682312	
3.375000	15.475827	1.042271	0.054820	12.992045	0.281063	-526.684946	
3.376000	15.446230	0.775100	0.053157	13.025068	0.374518	-526.687814	
3.377000	15.670325	0.920829	0.050012	13.062987	0.261593	-526.690933	
3.378000	15.623814	0.864157	0.045433	13.105618	0.327791	-526.694282	
3.379000	15.619586	0.977502	0.039613	13.152744	0.187608	-526.697801	
3.380000	15.564620	0.847965	0.033017	13.204380	0.226548	-526.701389	
3.381000	15.458914	0.920829	0.026272	13.260760	0.308321	-526.704917	
3.382000	15.632271	0.742716	0.020043	13.321979	0.144774	-526.708260	
3.383000	15.687238	0.767004	0.014830	13.387850	0.261593	-526.711312	
3.384000	15.598445	0.775100	0.010843	13.458155	0.316109	-526.713989	
3.385000	15.577304	0.928926	0.008175	13.532920	0.284957	-526.716248	
3.386000	15.332068	1.050367	0.007201	13.612381	0.413458	-526.718088	
3.387000	15.577304	0.847965	0.008584	13.696622	0.277169	-526.719550	
3.388000	15.716835	0.872253	0.012287	13.785435	0.409564	-526.720707	
3.389000	15.712607	0.823676	0.017240	13.878588	0.316109	-526.721670	
3.390000	15.560391	0.815580	0.022114	13.976088	0.339473	-526.722566	
3.391000	15.408176	0.880349	0.025811	14.078149	0.292745	-526.723519	
3.392000	15.623814	0.888445	0.027904	14.184834	0.269381	-526.724626	
3.393000	15.695694	0.945118	0.028579	14.295916	0.351155	-526.725948	
3.394000	15.784486	0.718427	0.027821	14.411156	0.281063	-526.727491	
3.395000	15.539250	0.847965	0.025338	14.530577	0.183714	-526.729221	
3.396000	15.370122	0.791292	0.021198	14.654415	0.218760	-526.731072	
3.397000	15.623814	0.977502	0.015902	14.782732	0.347261	-526.732942	
3.398000	15.560391	1.001790	0.010186	14.915298	0.308321	-526.734705	
3.399000	15.636499	0.904637	0.004870	15.051878	0.175926	-526.736231	
3.400000	15.463143	0.961310	0.000452	15.192511	0.335579	-526.737404	0.000000
3.401000	15.505425	0.815580	-0.002875	15.337446	0.355048	-526.738147	
3.402000	15.619586	0.872253	-0.005120	15.486740	0.417352	-526.738437	
3.403000	15.577304	0.896541	-0.006791	15.640148	0.355048	-526.738297	
3.404000	15.670325	0.928926	-0.008304	15.797423	0.238229	-526.737783	
3.405000	15.589989	0.912733	-0.009354	15.958602	0.261593	-526.736989	
3.406000	15.594217	0.823676	-0.009660	16.123930	0.246017	-526.736046	
3.407000	15.674553	0.872253	-0.009507	16.293456	0.312215	-526.735096	
3.408000	15.640727	0.831773	-0.009289	16.466924	0.358942	-526.734269	
3.409000	15.615358	0.880349	-0.009211	16.644079	0.253805	-526.733653	
3.410000	15.564620	0.880349	-0.009439	16.824956	0.355048	-526.733283	
3.411000	15.539250	0.750812	-0.010057	17.009792	0.429034	-526.733139	
3.412000	15.628043	0.904637	-0.011132	17.198624	0.281063	-526.733169	
3.413000	15.589989	0.847965	-0.012908	17.391186	0.425140	-526.733295	
3.414000	15.636499	0.993694	-0.015384	17.587224	0.261593	-526.733397	
3.415000	15.522337	1.090847	-0.017964	17.786774	0.432928	-526.733337	
3.416000	15.530794	0.839869	-0.019803	17.990067	0.390094	-526.732982	
3.417000	15.661868	0.734620	-0.020289	18.197119	0.273275	-526.732233	
3.418000	15.737976	0.686043	-0.019272	18.407651	0.316109	-526.731043	
3.419000	15.611130	0.864157	-0.017063	18.621403	0.316109	-526.729415	
3.420000	15.471599	0.807484	-0.014019	18.838425	0.261593	-526.727390	
3.421000	15.573076	0.839869	-0.010087	19.058963	0.269381	-526.725036	
3.422000	15.776030	0.896541	-0.005087	19.283039	0.226548	-526.722462	
3.423000	15.644956	0.912733	0.000704	19.510373	0.355048	-526.719806	
3.424000	15.640727	0.767004	0.006637	19.740706	0.288851	-526.717198	
3.425000	15.429317	0.920829	0.012108	19.974088	0.347261	-526.714745	
3.426000	15.530794	1.058463	0.016735	20.210756	0.405670	-526.712514	
3.427000	15.716835	0.953214	0.020450	20.450711	0.397882	-526.710525	
3.428000	15.632271	0.896541	0.023526	20.693651	0.331685	-526.708754	
3.429000	15.644956	0.856061	0.026322	20.939309	0.304427	-526.707144	
3.430000	15.505425	0.791292	0.029049	21.187732	0.312215	-526.705600	
3.431000	15.615358	0.621274	0.031661	21.439157	0.308321	-526.704005	
3.432000	15.640727	0.872253	0.033938	21.693580	0.347261	-526.702233	
3.433000	15.623814	0.831773	0.035829	21.950697	0.393988	-526.700175	
3.434000	15.737976	0.839869	0.037493	22.210237	0.195396	-526.697747	
3.435000	15.480055	0.864157	0.039003	22.472255	0.257699	-526.694912	
3.436000	15.699922	1.074655	0.040441	22.736988	0.331685	-526.691681	
3.437000	15.556163	0.847965	0.041876	23.004428	0.421246	-526.688104	
3.438000	15.615358	0.758908	0.042808	23.274264	0.366730	-526.684257	
3.439000	15.691466	0.904637	0.042744	23.546224	0.393988	-526.680250	
3.440000	15.484284	0.775100	0.041992	23.820350	0.277169	-526.676215	
3.441000	15.699922	0.864157	0.040946	24.096862	0.366730	-526.672280	
3.442000	15.598445	0.961310	0.039663	24.375731	0.401776	-526.668551	
3.443000	15.657640	0.775100	0.038156	24.656638	0.448504	-526.665089	
3.444000	15.640727	0.961310	0.036026	24.939305	0.218760	-526.661901	
3.445000	15.480055	0.783196	0.032432	25.223774	0.195396	-526.658954	
3.446000	15.708379	0.815580	0.027174	25.510267	0.288851	-526.656183	
3.447000	15.721063	0.823676	0.021002	25.798762	0.183714	-526.653491	
3.448000	15.606902	0.775100	0.014759	26.088947	0.417352	-526.650754	
3.449000	15.543479	0.904637	0.008959	26.380553	0.339473	-526.647843	
3.450000	15.442002	0.856061	0.003970	26.673626	0.300533	-526.644639	
3.451000	15.615358	0.847965	0.000184	26.968380	0.421246	-526.641062	
3.452000	15.678781	0.686043	-0.001931	27.264775	0.304427	-526.637088	
3.453000	15.661868	0.823676	-0.002233	27.562493	0.284957	-526.632741	
3.454000	15.564620	0.839869	-0.000979	27.861259	0.413458	-526.628077	
3.455000	15.450458	0.912733	0.001975	28.161114	0.378412	-526.623188	
3.456000	15.716835	1.074655	0.006738	28.462260	0.347261	-526.618200	
3.457000	15.737976	0.783196	0.012464	28.764652	0.417352	-526.613254	
3.458000	15.674553	0.734620	0.018075	29.067968	0.421246	-526.608476	
3.459000	15.628043	0.710331	0.022917	29.371940	0.261593	-526.603961	
3.460000	15.399719	0.937022	0.026481	29.676608	0.284957	-526.599746	
3.461000	15.725291	0.945118	0.028481	29.982168	0.347261	-526.595816	
3.462000	15.632271	0.799388	0.028921	30.288570	0.308321	-526.592116	
3.463000	15.678781	0.904637	0.027757	30.595495	0.432928	-526.588568	
3.464000	15.602673	0.742716	0.025106	30.902675	0.339473	-526.585060	
3.465000	15.437773	0.718427	0.021584	31.210151	0.335579	-526.581464	
3.466000	15.704150	0.799388	0.018077	31.518116	0.312215	-526.577653	
3.467000	15.551935	0.985598	0.015414	31.826520	0.378412	-526.573528	
3.468000	15.691466	0.831773	0.014048	32.135041	0.351155	-526.569035	
3.469000	15.640727	0.783196	0.013502	32.443409	0.172032	-526.564172	
3.470000	15.480055	0.872253	0.012508	32.751661	0.218760	-526.558978	
3.471000	15.788715	0.653659	0.010388	33.059990	0.230441	-526.553527	
3.472000	15.577304	0.758908	0.007619	33.368345	0.320003	-526.547926	
3.473000	15.649184	0.904637	0.004944	33.676411	0.335579	-526.542308	
3.474000	15.640727	0.896541	0.002781	33.983924	0.261593	-526.536797	
3.475000	15.463143	0.823676	0.001251	34.290921	0.253805	-526.531498	
3.476000	15.716835	0.896541	0.000306	34.597592	0.265487	-526.526479	
3.477000	15.547707	1.001790	-0.000171	34.903887	0.429034	-526.521761	
3.478000	15.556163	0.872253	-0.000316	35.209495	0.362836	-526.517315	
3.479000	15.551935	0.831773	-0.000362	35.514149	0.234335	-526.513077	
3.480000	15.509653	0.856061	-0.000677	35.817884	0.269381	-526.508952	
3.481000	15.818312	0.783196	-0.001404	36.120881	0.304427	-526.504821	
3.482000	15.619586	0.872253	-0.002234	36.423094	0.409564	-526.500563	
3.483000	15.653412	0.993694	-0.002783	36.724219	0.386200	-526.496066	
3.484000	15.573076	0.847965	-0.002982	37.023998	0.288851	-526.491243	
3.485000	15.518109	0.783196	-0.002985	37.322468	0.242123	-526.486053	
3.486000	15.780258	0.791292	-0.002730	37.619809	0.335579	-526.480505	
3.487000	15.577304	0.872253	-0.001441	37.915976	0.374518	-526.474648	
3.488000	15.615358	1.074655	0.002112	38.210675	0.393988	-526.468559	
3.489000	15.560391	0.977502	0.008074	38.503656	0.281063	-526.462347	
3.490000	15.526566	0.993694	0.014927	38.794949	0.288851	-526.456139	
3.491000	15.788715	0.880349	0.020898	39.084727	0.249911	-526.450053	
3.492000	15.640727	0.758908	0.024948	39.372941	0.300533	-526.444191	
3.493000	15.611130	0.920829	0.026736	39.659303	0.358942	-526.438615	
3.494000	15.568848	0.799388	0.026389	39.943569	0.292745	-526.433340	
3.495000	15.530794	0.961310	0.024025	40.225769	0.347261	-526.428338	
3.496000	15.809856	1.001790	0.019582	40.506065	0.222654	-526.423548	
3.497000	15.678781	0.888445	0.013238	40.784407	0.257699	-526.418871	
3.498000	15.623814	0.880349	0.005721	41.060516	0.195396	-526.414185	
3.499000	15.640727	0.767004	-0.001892	41.334158	0.249911	-526.409368	
3.500000	15.484284	0.993694	-0.008809	41.605367	0.265487	-526.404308	0.000000
3.501000	15.750661	0.888445	-0.014843	41.874311	0.300533	-526.398927	
3.502000	15.526566	1.163712	-0.019859	42.140946	0.358942	-526.393193	
3.503000	15.695694	1.026079	-0.023182	42.405002	0.452398	-526.387125	
3.504000	15.674553	0.831773	-0.023782	42.666248	0.312215	-526.380782	
3.505000	15.564620	1.017982	-0.021011	42.924714	0.238229	-526.374264	
3.506000	15.856366	0.807484	-0.015188	43.180555	0.355048	-526.367703	
3.507000	15.657640	0.775100	-0.007474	43.433721	0.355048	-526.361233	
3.508000	15.721063	1.001790	0.000766	43.683945	0.386200	-526.354978	
3.509000	15.649184	0.799388	0.008470	43.931006	0.199290	-526.349032	
3.510000	15.657640	0.783196	0.014878	44.174940	0.273275	-526.343447	
3.511000	15.729520	0.847965	0.019455	44.415909	0.312215	-526.338217	
3.512000	15.581532	0.629370	0.021848	44.653875	0.343367	-526.333292	
3.513000	15.683009	1.139424	0.021748	44.888591	0.460186	-526.328585	
3.514000	15.573076	0.839869	0.019292	45.119847	0.300533	-526.323975	
3.515000	15.623814	0.702235	0.015417	45.347678	0.366730	-526.319336	
3.516000	15.716835	0.953214	0.011285	45.572242	0.409564	-526.314545	
3.517000	15.585761	0.880349	0.007780	45.793500	0.405670	-526.309502	
3.518000	15.606902	1.163712	0.005431	46.011209	0.421246	-526.304149	
3.519000	15.695694	0.880349	0.004276	46.225165	0.288851	-526.298477	
3.520000	15.784486	0.750812	0.003971	46.435402	0.199290	-526.292524	
3.521000	15.843681	0.815580	0.004186	46.642079	0.300533	-526.286364	
3.522000	15.526566	0.726523	0.004787	46.845173	0.288851	-526.280103	
3.523000	15.581532	1.171808	0.005646	47.044457	0.218760	-526.273873	
3.524000	15.657640	0.856061	0.006518	47.239739	0.378412	-526.267803	
3.525000	15.649184	1.001790	0.007160	47.431060	0.281063	-526.262006	
3.526000	15.780258	0.750812	0.007375	47.618579	0.366730	-526.256555	
3.527000	15.530794	0.880349	0.006645	47.802279	0.273275	-526.251468	
3.528000	15.564620	0.928926	0.003940	47.981943	0.358942	-526.246719	
3.529000	15.636499	0.831773	-0.001292	48.157387	0.179820	-526.242243	
3.530000	15.606902	0.953214	-0.008271	48.328652	0.203184	-526.237942	
3.531000	15.801399	0.977502	-0.015466	48.495892	0.331685	-526.233698	
3.532000	15.615358	0.880349	-0.021452	48.659088	0.320003	-526.229389	
3.533000	15.644956	0.953214	-0.025369	48.818032	0.214866	-526.224905	
3.534000	15.691466	0.831773	-0.027082	48.972549	0.218760	-526.220167	
3.535000	15.704150	0.807484	-0.026942	49.122685	0.230441	-526.215141	
3.536000	15.759117	0.912733	-0.025420	49.268596	0.253805	-526.209839	
3.537000	15.708379	0.937022	-0.022989	49.410271	0.378412	-526.204309	
3.538000	15.653412	0.872253	-0.020208	49.547519	0.323897	-526.198630	
3.539000	15.636499	0.799388	-0.017426	49.680181	0.230441	-526.192914	
3.540000	15.687238	0.823676	-0.014610	49.808313	0.172032	-526.187294	
3.541000	15.716835	0.847965	-0.011674	49.932078	0.378412	-526.181893	
3.542000	15.606902	0.823676	-0.008658	50.051471	0.355048	-526.176807	
3.543000	15.653412	1.066559	-0.005716	50.166310	0.366730	-526.172091	
3.544000	15.606902	0.928926	-0.002904	50.276440	0.261593	-526.167755	
3.545000	15.856366	0.750812	-0.000189	50.381912	0.234335	-526.163775	
3.546000	15.725291	0.799388	0.002196	50.482884	0.292745	-526.160087	
3.547000	15.640727	0.645563	0.004039	50.579358	0.331685	-526.156584	
3.548000	15.632271	1.090847	0.005554	50.671161	0.273275	-526.153135	
3.549000	15.649184	0.710331	0.007054	50.758153	0.292745	-526.149615	
3.550000	15.759117	0.815580	0.008642	50.840392	0.063001	-526.145921	
3.551000	15.691466	0.928926	0.010132	50.918041	0.339473	-526.141983	
3.552000	15.526566	1.026079	0.011195	50.991105	0.207078	-526.137768	
3.553000	15.594217	0.896541	0.012118	51.059424	0.432928	-526.133289	
3.554000	15.644956	0.758908	0.014094	51.122867	0.269381	-526.128600	
3.555000	15.767574	0.880349	0.018082	51.181491	0.109728	-526.123801	
3.556000	15.695694	0.767004	0.023939	51.235458	0.296639	-526.119027	
3.557000	15.615358	0.864157	0.030903	51.284778	0.320003	-526.114413	
3.558000	15.615358	1.115135	0.038120	51.329295	0.320003	-526.110079	
3.559000	15.691466	0.864157	0.044765	51.368885	0.191502	-526.106116	
3.560000	15.754889	0.718427	0.050196	51.403607	0.039637	-526.102573	
3.561000	15.805627	0.750812	0.054000	51.433626	0.327791	-526.099450	
3.562000	15.615358	0.912733	0.056059	51.458963	0.269381	-526.096699	
3.563000	15.585761	0.961310	0.056612	51.479480	0.382306	-526.094239	
3.564000	15.522337	0.888445	0.056077	51.495065	0.246017	-526.091951	
3.565000	15.708379	0.896541	0.054901	51.505788	0.148668	-526.089702	
3.566000	15.746433	0.856061	0.053472	51.511815	0.292745	-526.087363	
3.567000	15.653412	0.815580	0.051927	51.513173	0.545853	-526.084827	
3.568000	15.602673	0.937022	0.050342	51.509734	0.296639	-526.082033	
3.569000	15.522337	0.758908	0.048949	51.501390	0.246017	-526.078972	
3.570000	15.780258	0.750812	0.047760	51.488209	0.238229	-526.075683	
3.571000	15.805627	0.758908	0.046327	51.470349	0.281063	-526.072239	
3.572000	15.661868	0.799388	0.044216	51.447842	0.358942	-526.068748	
3.573000	15.661868	1.066559	0.041353	51.420574	0.226548	-526.065342	
3.574000	15.615358	0.799388	0.037808	51.388455	0.187608	-526.062155	
3.575000	15.733748	0.799388	0.033719	51.351558	0.234335	-526.059301	
3.576000	15.661868	0.831773	0.029268	51.310048	0.308321	-526.056849	
3.577000	15.598445	0.694139	0.024601	51.263967	0.343367	-526.054814	
3.578000	15.611130	1.171808	0.019843	51.213210	0.452398	-526.053163	
3.579000	15.556163	0.767004	0.014782	51.157692	0.339473	-526.051834	
3.580000	15.729520	0.880349	0.009016	51.097486	0.183714	-526.050734	
3.581000	15.594217	0.823676	0.002742	51.032748	0.331685	-526.049739	
3.582000	15.661868	0.856061	-0.003239	50.963517	0.284957	-526.048714	
3.583000	15.653412	0.896541	-0.008209	50.889693	0.265487	-526.047541	
3.584000	15.708379	0.742716	-0.011964	50.811197	0.164244	-526.046137	
3.585000	15.759117	0.831773	-0.014552	50.728106	0.090259	-526.044472	
3.586000	15.683009	0.758908	-0.015818	50.640585	0.296639	-526.042558	
3.587000	15.615358	0.596986	-0.015584	50.548679	0.347261	-526.040436	
3.588000	15.640727	1.058463	-0.013951	50.452303	0.366730	-526.038177	
3.589000	15.666097	0.686043	-0.011259	50.351390	0.296639	-526.035894	
3.590000	15.797171	0.815580	-0.008128	50.246022	0.218760	-526.033726	
3.591000	15.623814	0.799388	-0.005155	50.136366	0.218760	-526.031804	
3.592000	15.564620	1.147520	-0.002390	50.022474	0.382306	-526.030221	
3.593000	15.611130	1.074655	0.000246	49.904271	0.393988	-526.029028	
3.594000	15.577304	0.872253	0.002458	49.781692	0.284957	-526.028231	
3.595000	15.716835	0.710331	0.003855	49.654819	0.238229	-526.027799	
3.596000	15.712607	0.718427	0.004107	49.523813	0.284957	-526.027669	
3.597000	15.653412	0.928926	0.003078	49.388727	0.448504	-526.027736	
3.598000	15.606902	0.904637	0.001041	49.249490	0.382306	-526.027867	
3.599000	15.606902	0.920829	-0.001511	49.106044	0.277169	-526.027935	
3.600000	15.750661	0.831773	-0.004091	48.958474	0.035743	-526.027840	0.000000
3.601000	15.759117	0.767004	-0.006284	48.806944	0.374518	-526.027512	
3.602000	15.543479	1.026079	-0.007843	48.651519	0.265487	-526.026918	
3.603000	15.699922	0.985598	-0.008647	48.492147	0.335579	-526.026071	
3.604000	15.551935	0.912733	-0.008687	48.328783	0.323897	-526.025024	
3.605000	15.721063	0.969406	-0.008161	48.161507	0.175926	-526.023873	
3.606000	15.763345	0.912733	-0.007411	47.990477	0.343367	-526.022747	
3.607000	15.657640	0.961310	-0.006825	47.815754	0.288851	-526.021778	
3.608000	15.674553	0.864157	-0.006666	47.637288	0.273275	-526.021087	
3.609000	15.619586	0.823676	-0.006842	47.455039	0.172032	-526.020769	
3.610000	15.784486	0.831773	-0.007153	47.269087	0.105834	-526.020876	
3.611000	15.695694	0.791292	-0.007712	47.079588	0.320003	-526.021401	
3.612000	15.716835	1.074655	-0.008857	46.886607	0.316109	-526.022297	
3.613000	15.670325	1.082751	-0.010820	46.690111	0.378412	-526.023486	
3.614000	15.589989	0.783196	-0.013515	46.490075	0.320003	-526.024858	
3.615000	15.670325	1.050367	-0.016469	46.286586	0.207078	-526.026282	
3.616000	15.594217	0.920829	-0.018997	46.079797	0.393988	-526.027625	
3.617000	15.644956	0.953214	-0.020675	45.869774	0.347261	-526.028774	
3.618000	15.615358	0.969406	-0.021507	45.656494	0.429034	-526.029661	
3.619000	15.602673	0.831773	-0.021545	45.439937	0.253805	-526.030279	
3.620000	15.746433	1.131328	-0.020494	45.220188	0.168138	-526.030663	
3.621000	15.691466	0.791292	-0.017837	44.997394	0.308321	-526.030881	
3.622000	15.547707	1.090847	-0.013578	44.771617	0.304427	-526.031032	
3.623000	15.699922	0.920829	-0.008531	44.542834	0.339473	-526.031246	
3.624000	15.661868	0.847965	-0.003775	44.311030	0.179820	-526.031660	
3.625000	15.691466	0.839869	-0.000111	44.076291	0.249911	-526.032397	
3.626000	15.704150	0.750812	0.002088	43.838761	0.320003	-526.033536	
3.627000	15.547707	1.090847	0.002547	43.598512	0.358942	-526.035092	
3.628000	15.606902	0.807484	0.000859	43.355537	0.444610	-526.037030	
3.629000	15.602673	1.009886	-0.003381	43.109831	0.339473	-526.039282	
3.630000	15.763345	0.669851	-0.010295	42.861479	0.125304	-526.041757	
3.631000	15.611130	0.783196	-0.019066	42.610620	0.339473	-526.044331	
3.632000	15.539250	1.147520	-0.028052	42.357327	0.460186	-526.046869	
3.633000	15.611130	0.928926	-0.035787	42.101598	0.261593	-526.049250	
3.634000	15.649184	0.937022	-0.041269	41.843437	0.156456	-526.051392	
3.635000	15.805627	0.856061	-0.043876	41.582921	0.172032	-526.053265	
3.636000	15.729520	0.750812	-0.043496	41.320184	0.323897	-526.054889	
3.637000	15.628043	0.653659	-0.040198	41.055304	0.207078	-526.056312	
3.638000	15.636499	0.880349	-0.033957	40.788295	0.269381	-526.057612	
3.639000	15.649184	0.799388	-0.025219	40.519175	0.277169	-526.058902	
3.640000	15.784486	0.937022	-0.015171	40.248024	0.234335	-526.060319	
3.641000	15.695694	0.807484	-0.005160	39.974976	0.168138	-526.061986	
3.642000	15.606902	1.001790	0.003781	39.700107	0.429034	-526.063999	
3.643000	15.611130	0.920829	0.010988	39.423448	0.405670	-526.066408	
3.644000	15.606902	0.718427	0.016196	39.145028	0.148668	-526.069221	
3.645000	15.712607	1.115135	0.019271	38.864920	0.133092	-526.072408	
3.646000	15.699922	0.726523	0.019872	38.583240	0.218760	-526.075900	
3.647000	15.699922	1.026079	0.017910	38.300058	0.351155	-526.079594	
3.648000	15.632271	1.017982	0.014088	38.015402	0.269381	-526.083362	
3.649000	15.611130	0.742716	0.009600	37.729301	0.004591	-526.087086	
3.650000	15.721063	0.742716	0.005505	37.441828	0.121410	-526.090668	
3.651000	15.691466	0.775100	0.002334	37.153096	0.199290	-526.094031	
3.652000	15.611130	1.001790	8.308015E-5	36.863179	0.331685	-526.097137	
3.653000	15.589989	0.856061	-0.001285	36.572125	0.234335	-526.099994	
3.654000	15.577304	0.985598	-0.001358	36.279975	0.125304	-526.102656	
3.655000	15.632271	1.179904	0.000205	35.986800	0.195396	-526.105222	
3.656000	15.585761	0.823676	0.002996	35.692699	0.269381	-526.107810	
3.657000	15.602673	1.034175	0.006336	35.397746	0.417352	-526.110546	
3.658000	15.670325	0.799388	0.009847	35.102010	0.288851	-526.113542	
3.659000	15.683009	0.702235	0.013292	34.805555	0.098047	-526.116893	
3.660000	15.716835	0.807484	0.016391	34.508448	0.199290	-526.120654	
3.661000	15.678781	0.791292	0.018687	34.210775	0.140880	-526.124820	
3.662000	15.577304	1.098943	0.019604	33.912604	0.339473	-526.129340	
3.663000	15.683009	0.839869	0.019096	33.614006	0.226548	-526.134131	
3.664000	15.674553	0.847965	0.017644	33.315045	0.113622	-526.139080	
3.665000	15.611130	0.807484	0.015691	33.015788	0.222654	-526.144058	
3.666000	15.653412	0.831773	0.013825	32.716316	0.288851	-526.148937	
3.667000	15.505425	1.107039	0.012916	32.416707	0.386200	-526.153605	
3.668000	15.581532	1.017982	0.013608	32.117065	0.417352	-526.157992	
3.669000	15.556163	0.961310	0.015829	31.817482	0.133092	-526.162085	
3.670000	15.708379	0.831773	0.019387	31.518017	0.238229	-526.165918	
3.671000	15.666097	0.742716	0.024842	31.218736	0.292745	-526.169562	
3.672000	15.708379	0.847965	0.032553	30.919705	0.386200	-526.173121	
3.673000	15.628043	0.961310	0.041652	30.621027	0.242123	-526.176723	
3.674000	15.640727	0.920829	0.050772	30.322792	0.059107	-526.180501	
3.675000	15.750661	0.815580	0.058844	30.025054	0.199290	-526.184571	
3.676000	15.653412	0.823676	0.065231	29.727866	0.156456	-526.189008	
3.677000	15.661868	0.775100	0.069634	29.431297	0.284957	-526.193832	
3.678000	15.505425	0.783196	0.071635	29.135474	0.199290	-526.199010	
3.679000	15.564620	1.009886	0.070564	28.840509	-0.030454	-526.204479	
3.680000	15.699922	0.969406	0.066343	28.546449	0.277169	-526.210137	
3.681000	15.649184	0.985598	0.059931	28.253333	0.347261	-526.215853	
3.682000	15.653412	1.001790	0.052684	27.961223	0.347261	-526.221489	
3.683000	15.522337	0.977502	0.045698	27.670246	0.195396	-526.226920	
3.684000	15.606902	0.823676	0.039622	27.380511	0.098047	-526.232065	
3.685000	15.691466	0.807484	0.034709	27.092056	0.292745	-526.236887	
3.686000	15.695694	0.742716	0.031174	26.804902	0.242123	-526.241397	
3.687000	15.636499	0.767004	0.029479	26.519110	0.222654	-526.245633	
3.688000	15.598445	0.831773	0.029772	26.234824	0.390094	-526.249674	
3.689000	15.619586	0.856061	0.031536	25.952170	0.172032	-526.253638	
3.690000	15.670325	0.904637	0.034008	25.671181	0.234335	-526.257665	
3.691000	15.632271	0.807484	0.036467	25.391871	0.296639	-526.261877	
3.692000	15.573076	0.872253	0.038439	25.114298	0.386200	-526.266361	
3.693000	15.539250	0.880349	0.039792	24.838621	0.374518	-526.271163	
3.694000	15.666097	0.937022	0.040503	24.564978	0.261593	-526.276289	
3.695000	15.699922	1.001790	0.040711	24.293390	0.304427	-526.281708	
3.696000	15.611130	0.807484	0.040683	24.023848	0.199290	-526.287352	
3.697000	15.632271	1.001790	0.040440	23.756401	0.246017	-526.293109	
3.698000	15.589989	0.880349	0.039902	23.491208	0.335579	-526.298846	
3.699000	15.674553	0.767004	0.039140	23.228407	0.168138	-526.304440	
3.700000	15.691466	0.694139	0.038218	22.968008	0.281063	-526.309792	0.000000
3.701000	15.678781	0.864157	0.037056	22.709995	0.323897	-526.314834	
3.702000	15.539250	0.872253	0.035366	22.454416	0.257699	-526.319534	
3.703000	15.513881	1.026079	0.032794	22.201447	0.308321	-526.323905	
3.704000	15.632271	1.009886	0.029357	21.951231	0.098047	-526.327997	
3.705000	15.683009	0.677947	0.025404	21.703770	0.312215	-526.331903	
3.706000	15.691466	0.815580	0.021244	21.459026	0.397882	-526.335747	
3.707000	15.615358	0.945118	0.017038	21.217034	0.393988	-526.339652	
3.708000	15.450458	0.912733	0.012860	20.977971	0.413458	-526.343733	
3.709000	15.602673	0.912733	0.008827	20.741976	0.136986	-526.348081	
3.710000	15.746433	0.856061	0.005085	20.509035	0.343367	-526.352746	
3.711000	15.704150	0.694139	0.001600	20.279095	0.207078	-526.357726	
3.712000	15.695694	0.888445	-0.001837	20.052193	0.273275	-526.362977	
3.713000	15.412404	0.831773	-0.005332	19.828527	0.253805	-526.368423	
3.714000	15.589989	0.807484	-0.008777	19.608254	0.144774	-526.373957	
3.715000	15.716835	1.082751	-0.011913	19.391355	0.409564	-526.379447	
3.716000	15.628043	0.896541	-0.014455	19.177763	0.323897	-526.384761	
3.717000	15.670325	0.912733	-0.016302	18.967518	0.378412	-526.389791	
3.718000	15.344753	0.831773	-0.017449	18.760822	0.409564	-526.394473	
3.719000	15.623814	0.758908	-0.017817	18.557826	0.296639	-526.398796	
3.720000	15.619586	0.823676	-0.017559	18.358492	0.343367	-526.402792	
3.721000	15.649184	1.026079	-0.017030	18.162729	0.323897	-526.406523	
3.722000	15.750661	1.001790	-0.016286	17.970565	0.355048	-526.410090	
3.723000	15.526566	0.783196	-0.015314	17.782207	0.393988	-526.413630	
3.724000	15.674553	0.847965	-0.014449	17.597815	0.125304	-526.417282	
3.725000	15.687238	0.750812	-0.013933	17.417345	0.374518	-526.421171	
3.726000	15.644956	0.847965	-0.013568	17.240694	0.183714	-526.425375	
3.727000	15.598445	0.750812	-0.013150	17.067889	0.253805	-526.429913	
3.728000	15.420861	0.920829	-0.012949	16.899142	0.378412	-526.434758	
3.729000	15.522337	0.904637	-0.013637	16.734609	0.113622	-526.439848	
3.730000	15.594217	0.702235	-0.015641	16.574236	0.355048	-526.445090	
3.731000	15.518109	1.050367	-0.018627	16.417909	0.386200	-526.450353	
3.732000	15.615358	1.001790	-0.021794	16.265648	0.413458	-526.455496	
3.733000	15.458914	0.799388	-0.024467	16.117660	0.483549	-526.460391	
3.734000	15.628043	0.896541	-0.026430	15.974093	0.253805	-526.464949	
3.735000	15.746433	0.742716	-0.027724	15.834869	0.374518	-526.469136	
3.736000	15.657640	0.888445	-0.028415	15.699857	0.179820	-526.472967	
3.737000	15.556163	0.815580	-0.028702	15.569079	0.351155	-526.476485	
3.738000	15.429317	0.839869	-0.028618	15.442752	0.261593	-526.479762	
3.739000	15.712607	0.872253	-0.027983	15.321023	0.242123	-526.482912	
3.740000	15.742204	0.734620	-0.027031	15.203805	0.320003	-526.486076	
3.741000	15.640727	0.839869	-0.026280	15.090958	0.257699	-526.489383	
3.742000	15.585761	0.920829	-0.026109	14.982504	0.421246	-526.492931	
3.743000	15.323612	0.969406	-0.026813	14.878666	0.393988	-526.496773	
3.744000	15.653412	0.718427	-0.028500	14.779581	0.347261	-526.500911	
3.745000	15.666097	1.050367	-0.030669	14.685141	0.335579	-526.505309	
3.746000	15.640727	0.742716	-0.032252	14.595188	0.265487	-526.509898	
3.747000	15.619586	0.928926	-0.032452	14.509735	0.339473	-526.514571	
3.748000	15.387035	0.734620	-0.031059	14.429006	0.308321	-526.519197	
3.749000	15.623814	0.872253	-0.028018	14.353130	0.101940	-526.523654	
3.750000	15.699922	0.937022	-0.023516	14.281985	0.265487	-526.527839	
3.751000	15.683009	0.783196	-0.018160	14.215403	0.277169	-526.531681	
3.752000	15.670325	0.710331	-0.012628	14.153406	0.238229	-526.535153	
3.753000	15.382807	0.864157	-0.007269	14.096226	0.320003	-526.538273	
3.754000	15.611130	0.791292	-0.001667	14.043994	0.136986	-526.541101	
3.755000	15.611130	0.912733	0.005249	13.996580	0.261593	-526.543729	
3.756000	15.589989	0.758908	0.013712	13.953804	0.366730	-526.546275	
3.757000	15.619586	0.920829	0.022421	13.915686	0.269381	-526.548861	
3.758000	15.437773	0.815580	0.029859	13.882459	0.300533	-526.551602	
3.759000	15.628043	0.831773	0.035122	13.854240	0.288851	-526.554592	
3.760000	15.628043	0.839869	0.037757	13.830881	0.362836	-526.557879	
3.761000	15.644956	0.815580	0.038037	13.812183	0.327791	-526.561455	
3.762000	15.661868	0.937022	0.037071	13.798158	0.378412	-526.565270	
3.763000	15.509653	0.767004	0.036008	13.789034	0.343367	-526.569250	
3.764000	15.691466	0.880349	0.035287	13.784925	0.210972	-526.573291	
3.765000	15.649184	1.082751	0.034851	13.785674	0.386200	-526.577273	
3.766000	15.636499	0.767004	0.034570	13.791080	0.129198	-526.581074	
3.767000	15.543479	0.961310	0.034225	13.801158	0.304427	-526.584585	
3.768000	15.429317	0.767004	0.033561	13.816138	0.226548	-526.587733	
3.769000	15.628043	0.702235	0.032530	13.836125	0.284957	-526.590501	
3.770000	15.670325	0.823676	0.031018	13.860941	0.242123	-526.592920	
3.771000	15.628043	0.888445	0.028499	13.890375	0.347261	-526.595052	
3.772000	15.505425	0.953214	0.024747	13.924445	0.343367	-526.596995	
3.773000	15.484284	0.645563	0.020184	13.963383	0.362836	-526.598873	
3.774000	15.666097	0.758908	0.015176	14.007277	0.207078	-526.600824	
3.775000	15.771802	0.686043	0.009967	14.055933	0.316109	-526.602970	
3.776000	15.615358	0.791292	0.005032	14.109134	0.238229	-526.605394	
3.777000	15.560391	1.009886	0.000797	14.166900	0.386200	-526.608120	
3.778000	15.429317	0.686043	-0.003022	14.229462	0.355048	-526.611121	
3.779000	15.606902	0.742716	-0.007218	14.296899	0.370624	-526.614332	
3.780000	15.644956	0.864157	-0.012186	14.369002	0.292745	-526.617658	
3.781000	15.611130	0.839869	-0.017460	14.445548	0.320003	-526.620972	
3.782000	15.496968	0.815580	-0.021995	14.526572	0.382306	-526.624134	
3.783000	15.408176	0.985598	-0.024870	14.612320	0.390094	-526.627018	
3.784000	15.615358	0.847965	-0.025789	14.702867	0.405670	-526.629530	
3.785000	15.670325	0.920829	-0.025156	14.797992	0.320003	-526.631627	
3.786000	15.644956	0.645563	-0.023656	14.897459	0.421246	-526.633315	
3.787000	15.577304	0.726523	-0.021559	15.001301	0.222654	-526.634641	
3.788000	15.437773	0.750812	-0.018741	15.109762	0.296639	-526.635683	
3.789000	15.636499	0.815580	-0.015187	15.222905	0.331685	-526.636557	
3.790000	15.628043	0.896541	-0.011164	15.340493	0.300533	-526.637399	
3.791000	15.704150	0.823676	-0.007106	15.462287	0.316109	-526.638333	
3.792000	15.564620	0.896541	-0.003371	15.588322	0.316109	-526.639455	
3.793000	15.518109	0.775100	-4.909858E-5	15.718830	0.284957	-526.640822	
3.794000	15.522337	0.580794	0.003142	15.853857	0.351155	-526.642438	
3.795000	15.649184	0.613178	0.006755	15.993149	0.440716	-526.644265	
3.796000	15.632271	0.872253	0.010957	16.136455	0.335579	-526.646227	
3.797000	15.492740	0.694139	0.015187	16.283807	0.362836	-526.648212	
3.798000	15.606902	0.864157	0.018780	16.435440	0.269381	-526.650092	
3.799000	15.628043	0.767004	0.021561	16.591397	0.234335	-526.651740	
3.800000	15.636499	0.831773	0.023757	16.751419	0.335579	-526.653054	0.000000
3.801000	15.653412	0.912733	0.025582	16.915255	0.234335	-526.653961	
3.802000	15.475827	0.847965	0.027330	17.082950	0.273275	-526.654430	
3.803000	15.640727	0.775100	0.029650	17.254753	0.265487	-526.654482	
3.804000	15.577304	0.904637	0.032868	17.430702	0.436822	-526.654175	
3.805000	15.594217	0.896541	0.036687	17.610533	0.284957	-526.653607	
3.806000	15.598445	0.856061	0.040665	17.793992	0.265487	-526.652897	
3.807000	15.446230	0.945118	0.044222	17.981125	0.460186	-526.652168	
3.808000	15.598445	0.928926	0.046712	18.172168	0.374518	-526.651533	
3.809000	15.649184	0.726523	0.047785	18.367141	0.281063	-526.651083	
3.810000	15.661868	0.758908	0.047474	18.565759	0.401776	-526.650867	
3.811000	15.573076	0.629370	0.045891	18.767764	0.288851	-526.650879	
3.812000	15.467371	1.171808	0.043033	18.973203	0.300533	-526.651071	
3.813000	15.589989	0.953214	0.039086	19.182317	0.281063	-526.651364	
3.814000	15.644956	0.661755	0.034502	19.395119	0.362836	-526.651651	
3.815000	15.670325	0.888445	0.029795	19.611322	0.452398	-526.651811	
3.816000	15.644956	0.791292	0.025361	19.830665	0.164244	-526.651731	
3.817000	15.437773	0.856061	0.021182	20.053200	0.312215	-526.651309	
3.818000	15.530794	1.082751	0.016936	20.279168	0.292745	-526.650475	
3.819000	15.581532	1.155616	0.012477	20.508577	0.273275	-526.649213	
3.820000	15.598445	1.066559	0.007908	20.741131	0.483549	-526.647551	
3.821000	15.721063	0.702235	0.003516	20.976562	0.355048	-526.645550	
3.822000	15.378578	0.831773	-0.000291	21.214923	0.257699	-526.643309	
3.823000	15.577304	0.831773	-0.003252	21.456456	0.156456	-526.640958	
3.824000	15.653412	0.799388	-0.005390	21.701157	0.242123	-526.638633	
3.825000	15.670325	0.937022	-0.006911	21.948720	0.327791	-526.636452	
3.826000	15.729520	0.686043	-0.008038	22.198870	0.312215	-526.634501	
3.827000	15.433545	0.686043	-0.008778	22.451654	0.320003	-526.632811	
3.828000	15.640727	0.694139	-0.008912	22.707296	0.300533	-526.631364	
3.829000	15.573076	1.050367	-0.008392	22.965775	0.187608	-526.630103	
3.830000	15.547707	0.888445	-0.007562	23.226776	0.491337	-526.628934	
3.831000	15.666097	0.767004	-0.006580	23.490026	0.331685	-526.627730	
3.832000	15.327840	0.920829	-0.005022	23.755575	0.304427	-526.626355	
3.833000	15.674553	0.864157	-0.002394	24.023646	0.277169	-526.624685	
3.834000	15.594217	0.928926	0.001566	24.294217	0.390094	-526.622629	
3.835000	15.573076	0.815580	0.007026	24.566966	0.522489	-526.620141	
3.836000	15.661868	0.734620	0.013822	24.841615	0.210972	-526.617228	
3.837000	15.425089	0.775100	0.021334	25.118210	0.273275	-526.613933	
3.838000	15.750661	0.791292	0.028900	25.396968	0.273275	-526.610340	
3.839000	15.683009	1.042271	0.036035	25.677863	0.261593	-526.606574	
3.840000	15.729520	0.904637	0.042288	25.960577	0.351155	-526.602777	
3.841000	15.602673	0.937022	0.047234	26.244836	0.230441	-526.599080	
3.842000	15.425089	0.888445	0.050662	26.530686	0.203184	-526.595586	
3.843000	15.750661	0.767004	0.052575	26.818344	0.351155	-526.592349	
3.844000	15.670325	0.702235	0.052628	27.107781	0.401776	-526.589379	
3.845000	15.556163	0.872253	0.050247	27.398678	0.557535	-526.586641	
3.846000	15.556163	0.945118	0.045799	27.690761	0.308321	-526.584065	
3.847000	15.361666	1.309441	0.040353	27.984071	0.292745	-526.581542	
3.848000	15.780258	0.896541	0.034587	28.278810	0.304427	-526.578937	
3.849000	15.636499	0.758908	0.028953	28.574932	0.358942	-526.576124	
3.850000	15.678781	0.710331	0.023931	28.872113	0.405670	-526.573001	
3.851000	15.619586	0.823676	0.019806	29.170077	0.320003	-526.569502	
3.852000	15.416632	0.864157	0.016296	29.468862	0.312215	-526.565606	
3.853000	15.708379	0.945118	0.012346	29.768666	0.327791	-526.561337	
3.854000	15.670325	0.847965	0.007144	30.069444	0.421246	-526.556754	
3.855000	15.725291	0.864157	0.001112	30.370877	0.366730	-526.551955	
3.856000	15.649184	0.767004	-0.004787	30.672699	0.390094	-526.547066	
3.857000	15.442002	0.831773	-0.009986	30.974950	0.300533	-526.542221	
3.858000	15.661868	0.823676	-0.014217	31.277825	0.343367	-526.537535	
3.859000	15.670325	0.904637	-0.017166	31.581272	0.440716	-526.533093	
3.860000	15.657640	0.920829	-0.018476	31.884968	0.378412	-526.528933	
3.861000	15.678781	0.621274	-0.017899	32.188642	0.257699	-526.525050	
3.862000	15.433545	0.677947	-0.015572	32.492325	0.316109	-526.521403	
3.863000	15.708379	0.694139	-0.012131	32.796203	0.269381	-526.517925	
3.864000	15.632271	1.107039	-0.008221	33.100219	0.393988	-526.514507	
3.865000	15.611130	0.896541	-0.003967	33.404056	0.281063	-526.511021	
3.866000	15.674553	0.758908	0.000810	33.707447	0.242123	-526.507345	
3.867000	15.446230	0.783196	0.006145	34.010432	0.234335	-526.503383	
3.868000	15.792943	0.904637	0.011893	34.313197	0.257699	-526.499075	
3.869000	15.551935	0.953214	0.017900	34.615694	0.358942	-526.494410	
3.870000	15.585761	0.953214	0.023838	34.917615	0.421246	-526.489410	
3.871000	15.628043	0.831773	0.028904	35.218697	0.347261	-526.484132	
3.872000	15.505425	0.775100	0.032532	35.518970	0.393988	-526.478676	
3.873000	15.843681	0.734620	0.034945	35.818608	0.242123	-526.473170	
3.874000	15.615358	0.912733	0.036396	36.117554	0.323897	-526.467745	
3.875000	15.653412	0.888445	0.036884	36.415500	0.320003	-526.462516	
3.876000	15.611130	0.839869	0.036541	36.712185	0.261593	-526.457562	
3.877000	15.547707	0.864157	0.035606	37.007639	0.281063	-526.452914	
3.878000	15.818312	0.710331	0.034183	37.302037	0.175926	-526.448555	
3.879000	15.619586	0.823676	0.032259	37.595333	0.343367	-526.444435	
3.880000	15.733748	0.969406	0.029838	37.887229	0.288851	-526.440465	
3.881000	15.492740	1.147520	0.027036	38.177475	0.249911	-526.436522	
3.882000	15.492740	0.953214	0.024147	38.466102	0.320003	-526.432468	
3.883000	15.716835	0.847965	0.021438	38.753277	0.429034	-526.428182	
3.884000	15.632271	0.775100	0.018964	39.038951	0.378412	-526.423572	
3.885000	15.636499	0.953214	0.016804	39.322835	0.355048	-526.418595	
3.886000	15.611130	1.188000	0.015399	39.604685	0.249911	-526.413260	
3.887000	15.585761	0.864157	0.015384	39.884532	0.207078	-526.407612	
3.888000	15.780258	0.799388	0.016873	40.162544	0.320003	-526.401729	
3.889000	15.695694	0.937022	0.019362	40.438671	0.327791	-526.395729	
3.890000	15.699922	0.661755	0.022234	40.712631	0.277169	-526.389757	
3.891000	15.636499	0.702235	0.024810	40.984188	0.234335	-526.383956	
3.892000	15.530794	0.839869	0.026369	41.253377	0.210972	-526.378440	
3.893000	15.754889	0.799388	0.026402	41.520358	0.222654	-526.373271	
3.894000	15.606902	0.775100	0.024490	41.785088	0.312215	-526.368453	
3.895000	15.594217	0.977502	0.020127	42.047296	0.304427	-526.363948	
3.896000	15.543479	0.726523	0.013328	42.306755	0.401776	-526.359686	
3.897000	15.577304	0.872253	0.005017	42.563496	0.288851	-526.355561	
3.898000	15.797171	0.767004	-0.003567	42.817668	0.288851	-526.351441	
3.899000	15.564620	0.831773	-0.011404	43.069217	0.386200	-526.347190	
3.900000	15.636499	1.026079	-0.017848	43.317875	0.320003	-526.342692	0.000000
3.901000	15.716835	0.767004	-0.022536	43.563418	0.331685	-526.337876	
3.902000	15.712607	0.815580	-0.025293	43.805875	0.222654	-526.332723	
3.903000	15.776030	0.572698	-0.026089	44.045399	0.210972	-526.327262	
3.904000	15.530794	0.880349	-0.024911	44.281948	0.304427	-526.321554	
3.905000	15.674553	0.912733	-0.022015	44.515273	0.300533	-526.315691	
3.906000	15.699922	0.605082	-0.018038	44.745169	0.265487	-526.309797	
3.907000	15.649184	0.928926	-0.013715	44.971673	0.284957	-526.304008	
3.908000	15.746433	0.856061	-0.009753	45.194945	0.195396	-526.298446	
3.909000	15.526566	1.009886	-0.006641	45.414953	0.464080	-526.293203	
3.910000	15.632271	0.945118	-0.004541	45.631458	0.436822	-526.288320	
3.911000	15.708379	0.912733	-0.003470	45.844254	0.265487	-526.283781	
3.912000	15.644956	0.847965	-0.003354	46.053374	0.261593	-526.279542	
3.913000	15.792943	0.710331	-0.003982	46.258970	0.238229	-526.275533	
3.914000	15.615358	0.945118	-0.005151	46.461012	0.355048	-526.271647	
3.915000	15.632271	1.026079	-0.006732	46.659271	0.401776	-526.267754	
3.916000	15.585761	0.969406	-0.008635	46.853554	0.187608	-526.263724	
3.917000	15.695694	0.847965	-0.010847	47.043900	0.335579	-526.259458	
3.918000	15.784486	0.758908	-0.013429	47.230465	0.261593	-526.254899	
3.919000	15.653412	0.807484	-0.016294	47.413227	0.362836	-526.250036	
3.920000	15.644956	1.050367	-0.019145	47.591974	0.386200	-526.244897	
3.921000	15.564620	0.872253	-0.021619	47.766524	0.281063	-526.239543	
3.922000	15.721063	0.904637	-0.023339	47.936916	0.378412	-526.234073	
3.923000	15.683009	1.163712	-0.024069	48.103297	0.339473	-526.228613	
3.924000	15.640727	0.799388	-0.023904	48.265643	0.409564	-526.223293	
3.925000	15.636499	0.985598	-0.023281	48.423746	0.351155	-526.218225	
3.926000	15.653412	0.580794	-0.022711	48.577431	0.284957	-526.213492	
3.927000	15.788715	0.815580	-0.022482	48.726737	0.183714	-526.209125	
3.928000	15.780258	0.815580	-0.022776	48.871818	0.249911	-526.205109	
3.929000	15.670325	0.758908	-0.023935	49.012662	0.300533	-526.201388	
3.930000	15.628043	1.139424	-0.026535	49.149082	0.242123	-526.197874	
3.931000	15.683009	0.726523	-0.030520	49.280919	0.366730	-526.194447	
3.932000	15.644956	0.864157	-0.034656	49.408223	0.191502	-526.190976	
3.933000	15.657640	0.799388	-0.037687	49.531155	0.374518	-526.187336	
3.934000	15.530794	0.880349	-0.039127	49.649715	0.362836	-526.183431	
3.935000	15.636499	1.082751	-0.039033	49.763722	0.296639	-526.179209	
3.936000	15.708379	0.961310	-0.037469	49.873022	0.207078	-526.174676	
3.937000	15.661868	0.799388	-0.034208	49.977661	0.425140	-526.169879	
3.938000	15.767574	0.839869	-0.029384	50.077789	0.304427	-526.164895	
3.939000	15.640727	0.629370	-0.023652	50.173399	0.417352	-526.159837	
3.940000	15.657640	1.026079	-0.017644	50.264319	0.378412	-526.154839	
3.941000	15.716835	0.856061	-0.011905	50.350403	0.249911	-526.150038	
3.942000	15.742204	0.815580	-0.006939	50.431704	0.117516	-526.145548	
3.943000	15.737976	0.799388	-0.003229	50.508383	0.312215	-526.141439	
3.944000	15.598445	0.856061	-0.001197	50.580450	0.370624	-526.137717	
3.945000	15.632271	0.847965	-0.001021	50.647752	0.378412	-526.134343	
3.946000	15.649184	0.629370	-0.002733	50.710159	0.269381	-526.131244	
3.947000	15.776030	0.758908	-0.006005	50.767732	0.117516	-526.128318	
3.948000	15.780258	0.896541	-0.009905	50.820630	0.425140	-526.125440	
3.949000	15.589989	0.912733	-0.013341	50.868865	0.452398	-526.122480	
3.950000	15.585761	1.074655	-0.015617	50.912289	0.397882	-526.119326	
3.951000	15.585761	0.807484	-0.016537	50.950777	0.273275	-526.115904	
3.952000	15.771802	0.767004	-0.016173	50.984384	0.136986	-526.112197	
3.953000	15.767574	0.750812	-0.014672	51.013267	0.308321	-526.108234	
3.954000	15.729520	0.880349	-0.012271	51.037447	0.261593	-526.104081	
3.955000	15.666097	1.115135	-0.009338	51.056789	0.296639	-526.099833	
3.956000	15.577304	0.912733	-0.006230	51.071185	0.230441	-526.095615	
3.957000	15.809856	0.872253	-0.003176	51.080698	0.160350	-526.091565	
3.958000	15.674553	0.856061	-0.000259	51.085492	0.300533	-526.087801	
3.959000	15.606902	0.783196	0.002577	51.085597	0.308321	-526.084411	
3.960000	15.581532	1.058463	0.005332	51.080888	0.432928	-526.081433	
3.961000	15.577304	0.807484	0.007615	51.071260	0.300533	-526.078855	
3.962000	15.725291	0.839869	0.008816	51.056778	0.281063	-526.076632	
3.963000	15.691466	0.864157	0.008904	51.037603	0.183714	-526.074690	
3.964000	15.615358	0.775100	0.008437	51.013765	0.273275	-526.072921	
3.965000	15.640727	0.847965	0.007921	50.985151	0.191502	-526.071199	
3.966000	15.628043	0.815580	0.007817	50.951664	0.226548	-526.069408	
3.967000	15.699922	0.880349	0.008496	50.913377	0.043531	-526.067457	
3.968000	15.716835	0.775100	0.009952	50.870451	0.222654	-526.065287	
3.969000	15.704150	0.807484	0.011884	50.822926	0.448504	-526.062884	
3.970000	15.581532	0.953214	0.014125	50.770699	0.432928	-526.060273	
3.971000	15.594217	0.880349	0.016975	50.713690	0.187608	-526.057518	
3.972000	15.644956	0.937022	0.020846	50.651974	0.172032	-526.054724	
3.973000	15.716835	0.977502	0.025653	50.585703	0.351155	-526.052020	
3.974000	15.666097	0.937022	0.030888	50.514912	0.429034	-526.049524	
3.975000	15.619586	0.961310	0.036105	50.439502	0.347261	-526.047343	
3.976000	15.670325	0.807484	0.041209	50.359395	0.304427	-526.045556	
3.977000	15.759117	0.669851	0.046057	50.274665	0.129198	-526.044203	
3.978000	15.695694	0.977502	0.049600	50.185471	0.277169	-526.043267	
3.979000	15.644956	0.661755	0.050341	50.091857	0.261593	-526.042689	
3.980000	15.649184	0.969406	0.047973	49.993740	0.300533	-526.042375	
3.981000	15.712607	0.758908	0.043504	49.891056	0.249911	-526.042207	
3.982000	15.754889	0.775100	0.038170	49.783886	0.101940	-526.042061	
3.983000	15.653412	0.847965	0.032892	49.672394	0.288851	-526.041814	
3.984000	15.564620	1.058463	0.028218	49.556634	0.358942	-526.041365	
3.985000	15.577304	0.937022	0.024550	49.436536	0.277169	-526.040656	
3.986000	15.687238	0.661755	0.022283	49.312040	0.246017	-526.039689	
3.987000	15.818312	0.799388	0.021238	49.183224	0.179820	-526.038510	
3.988000	15.678781	0.750812	0.020399	49.050245	0.292745	-526.037201	
3.989000	15.606902	0.856061	0.019124	48.913158	0.382306	-526.035871	
3.990000	15.733748	1.001790	0.017701	48.771896	0.308321	-526.034655	
3.991000	15.619586	0.977502	0.016295	48.626408	0.199290	-526.033686	
3.992000	15.792943	0.734620	0.014695	48.476777	0.059107	-526.033078	
3.993000	15.695694	0.718427	0.013040	48.323165	0.292745	-526.032904	
3.994000	15.632271	0.872253	0.012088	48.165633	0.288851	-526.033175	
3.995000	15.628043	1.034175	0.012353	48.004125	0.405670	-526.033852	
3.996000	15.543479	1.026079	0.012971	47.838599	0.207078	-526.034860	
3.997000	15.835225	0.945118	0.012752	47.669139	0.156456	-526.036094	
3.998000	15.653412	0.864157	0.011684	47.495908	0.382306	-526.037423	
3.999000	15.653412	0.912733	0.010357	47.318973	0.323897	-526.038713	
4.000000	15.526566	0.993694	0.009207	47.138297	0.409564	-526.039851	0.000000
4.001000	15.615358	0.742716	0.008496	46.953849	0.312215	-526.040760	
4.002000	15.826768	0.839869	0.008530	46.765708	0.055213	-526.041414	
4.003000	15.729520	0.912733	0.010199	46.574022	0.355048	-526.041835	
4.004000	15.763345	1.171808	0.014944	46.378852	0.374518	-526.042077	
4.005000	15.628043	1.058463	0.023448	46.180160	0.327791	-526.042236	
4.006000	15.628043	0.904637	0.034751	45.977916	0.230441	-526.042445	
4.007000	15.704150	0.945118	0.046947	45.772205	0.117516	-526.042850	
4.008000	15.678781	0.799388	0.058143	45.563181	0.355048	-526.043575	
4.009000	15.640727	1.066559	0.066846	45.350918	0.374518	-526.044702	
4.010000	15.568848	1.009886	0.072026	45.135395	0.351155	-526.046268	
4.011000	15.683009	0.831773	0.073204	44.916598	0.261593	-526.048264	
4.012000	15.653412	1.212288	0.070751	44.694610	0.121410	-526.050647	
4.013000	15.661868	0.831773	0.065755	44.469577	0.292745	-526.053335	
4.014000	15.577304	1.082751	0.059184	44.241567	0.440716	-526.056208	
4.015000	15.632271	0.783196	0.051514	44.010560	0.378412	-526.059131	
4.016000	15.661868	0.799388	0.043202	43.776539	0.226548	-526.061986	
4.017000	15.750661	0.807484	0.034941	43.539587	0.152562	-526.064686	
4.018000	15.691466	0.831773	0.027413	43.299849	0.331685	-526.067176	
4.019000	15.585761	1.082751	0.021066	43.057401	0.397882	-526.069438	
4.020000	15.628043	0.847965	0.016419	42.812248	0.355048	-526.071494	
4.021000	15.661868	0.791292	0.014218	42.564396	0.098047	-526.073411	
4.022000	15.708379	0.831773	0.014602	42.313933	0.125304	-526.075296	
4.023000	15.543479	0.694139	0.016627	42.061000	0.308321	-526.077274	
4.024000	15.573076	1.236577	0.018996	41.805672	0.518595	-526.079464	
4.025000	15.666097	1.131328	0.020756	41.547951	0.304427	-526.081965	
4.026000	15.636499	0.856061	0.021478	41.287842	0.214866	-526.084852	
4.027000	15.788715	0.742716	0.021308	41.025427	0.105834	-526.088161	
4.028000	15.670325	0.653659	0.020735	40.760838	0.296639	-526.091878	
4.029000	15.594217	0.742716	0.020194	40.494150	0.343367	-526.095945	
4.030000	15.581532	0.912733	0.019819	40.225392	0.222654	-526.100269	
4.031000	15.649184	0.953214	0.019399	39.954590	0.117516	-526.104731	
4.032000	15.716835	0.977502	0.018653	39.681829	0.191502	-526.109209	
4.033000	15.661868	0.791292	0.017454	39.407234	0.339473	-526.113587	
4.034000	15.602673	1.074655	0.015748	39.130885	0.401776	-526.117767	
4.035000	15.568848	0.945118	0.013439	38.852816	0.355048	-526.121696	
4.036000	15.602673	0.928926	0.010621	38.573057	0.269381	-526.125373	
4.037000	15.737976	0.953214	0.007727	38.291687	0.339473	-526.128838	
4.038000	15.699922	0.799388	0.005118	38.008824	0.277169	-526.132164	
4.039000	15.674553	1.058463	0.002840	37.724542	0.331685	-526.135458	
4.040000	15.556163	0.702235	0.000743	37.438879	0.269381	-526.138851	
4.041000	15.632271	0.791292	-0.001386	37.151868	0.125304	-526.142479	
4.042000	15.733748	0.880349	-0.003594	36.863579	0.187608	-526.146452	
4.043000	15.725291	0.767004	-0.005782	36.574123	0.312215	-526.150834	
4.044000	15.653412	1.090847	-0.008139	36.283576	0.292745	-526.155633	
4.045000	15.543479	0.856061	-0.011209	35.991991	0.175926	-526.160812	
4.046000	15.623814	0.775100	-0.015186	35.699413	0.203184	-526.166305	
4.047000	15.695694	0.726523	-0.019735	35.405913	0.207078	-526.172005	
4.048000	15.657640	0.653659	-0.024374	35.111593	0.230441	-526.177777	
4.049000	15.560391	1.058463	-0.028484	34.816525	0.413458	-526.183480	
4.050000	15.636499	0.880349	-0.031468	34.520764	0.374518	-526.188997	
4.051000	15.606902	0.839869	-0.032857	34.224358	0.175926	-526.194255	
4.052000	15.674553	0.920829	-0.032129	33.927375	0.413458	-526.199228	
4.053000	15.640727	0.791292	-0.028960	33.629902	0.374518	-526.203934	
4.054000	15.628043	0.937022	-0.023355	33.332006	0.355048	-526.208419	
4.055000	15.742204	0.823676	-0.015604	33.033759	0.269381	-526.212770	
4.056000	15.699922	0.686043	-0.006600	32.735230	0.117516	-526.217115	
4.057000	15.708379	0.799388	0.002332	32.436486	0.199290	-526.221599	
4.058000	15.649184	0.880349	0.010196	32.137610	0.265487	-526.226346	
4.059000	15.589989	0.985598	0.016552	31.838675	0.425140	-526.231441	
4.060000	15.606902	0.920829	0.021142	31.539771	0.320003	-526.236918	
4.061000	15.551935	0.823676	0.023644	31.240979	0.172032	-526.242771	
4.062000	15.729520	0.961310	0.023986	30.942357	0.242123	-526.248953	
4.063000	15.661868	0.977502	0.022642	30.643971	0.284957	-526.255386	
4.064000	15.602673	0.710331	0.020225	30.345885	0.343367	-526.261947	
4.065000	15.644956	1.074655	0.017112	30.048207	0.312215	-526.268496	
4.066000	15.678781	0.661755	0.013722	29.751033	0.160350	-526.274911	
4.067000	15.771802	0.823676	0.010730	29.454419	0.187608	-526.281098	
4.068000	15.691466	0.694139	0.008909	29.158421	0.281063	-526.287005	
4.069000	15.589989	0.896541	0.008481	28.863103	0.413458	-526.292617	
4.070000	15.543479	1.026079	0.008995	28.568571	0.199290	-526.297960	
4.071000	15.619586	0.839869	0.010450	28.274915	0.140880	-526.303097	
4.072000	15.674553	0.920829	0.013305	27.982181	0.382306	-526.308131	
4.073000	15.636499	0.839869	0.017411	27.690415	0.249911	-526.313192	
4.074000	15.556163	1.115135	0.022040	27.399680	0.343367	-526.318402	
4.075000	15.535022	0.896541	0.026539	27.110096	0.378412	-526.323863	
4.076000	15.594217	0.864157	0.030802	26.821763	0.109728	-526.329650	
4.077000	15.678781	0.864157	0.034896	26.534717	0.304427	-526.335788	
4.078000	15.737976	0.920829	0.038385	26.248983	0.405670	-526.342258	
4.079000	15.623814	1.260865	0.040690	25.964616	0.339473	-526.349001	
4.080000	15.547707	0.872253	0.041617	25.681749	0.273275	-526.355927	
4.081000	15.661868	0.888445	0.041270	25.400496	0.086365	-526.362916	
4.082000	15.716835	0.702235	0.039992	25.120890	0.261593	-526.369841	
4.083000	15.721063	0.726523	0.038249	24.842948	0.172032	-526.376581	
4.084000	15.611130	0.888445	0.036275	24.566720	0.347261	-526.383038	
4.085000	15.551935	0.799388	0.034094	24.292342	0.273275	-526.389159	
4.086000	15.522337	0.775100	0.032113	24.019927	0.187608	-526.394947	
4.087000	15.560391	0.702235	0.031116	23.749496	0.242123	-526.400440	
4.088000	15.708379	0.807484	0.031400	23.481046	0.339473	-526.405700	
4.089000	15.551935	0.985598	0.032706	23.214617	0.284957	-526.410823	
4.090000	15.674553	0.856061	0.034719	22.950348	0.374518	-526.415937	
4.091000	15.632271	0.815580	0.036958	22.688360	0.109728	-526.421174	
4.092000	15.687238	0.928926	0.038769	22.428666	0.222654	-526.426650	
4.093000	15.661868	0.920829	0.039842	22.171250	0.195396	-526.432430	
4.094000	15.556163	1.090847	0.040079	21.916162	0.397882	-526.438520	
4.095000	15.628043	0.815580	0.038876	21.663572	0.397882	-526.444883	
4.096000	15.619586	0.856061	0.035664	21.413626	0.144774	-526.451456	
4.097000	15.573076	0.758908	0.030766	21.166336	0.246017	-526.458143	
4.098000	15.615358	0.831773	0.024982	20.921671	0.390094	-526.464810	
4.099000	15.543479	1.026079	0.019020	20.679670	0.288851	-526.471312	
4.100000	15.501196	1.026079	0.013477	20.440505	0.269381	-526.477526	0.000000
4.101000	15.623814	0.799388	0.008966	20.204321	0.187608	-526.483371	
4.102000	15.657640	0.742716	0.006108	19.971113	0.374518	-526.488821	
4.103000	15.674553	0.920829	0.005260	19.740836	0.207078	-526.493893	
4.104000	15.615358	0.783196	0.006091	19.513523	0.218760	-526.498636	
4.105000	15.467371	0.985598	0.007714	19.289350	0.362836	-526.503134	
4.106000	15.750661	0.864157	0.009530	19.068455	0.074683	-526.507511	
4.107000	15.683009	0.872253	0.011341	18.850821	0.269381	-526.511912	
4.108000	15.687238	0.920829	0.012917	18.636389	0.187608	-526.516463	
4.109000	15.619586	1.042271	0.014067	18.425190	0.304427	-526.521251	
4.110000	15.382807	0.904637	0.014649	18.217406	0.281063	-526.526315	
4.111000	15.691466	0.977502	0.014356	18.013178	0.191502	-526.531640	
4.112000	15.602673	0.961310	0.012767	17.812477	0.386200	-526.537182	
4.113000	15.661868	0.856061	0.009760	17.615226	0.417352	-526.542864	
4.114000	15.589989	1.034175	0.005762	17.421453	0.339473	-526.548571	
4.115000	15.348981	0.977502	0.001584	17.231352	0.362836	-526.554166	
4.116000	15.611130	0.847965	-0.001924	17.045068	0.156456	-526.559524	
4.117000	15.683009	0.742716	-0.004296	16.862559	0.347261	-526.564549	
4.118000	15.754889	0.799388	-0.005595	16.683733	0.246017	-526.569183	
4.119000	15.712607	1.034175	-0.006103	16.508618	0.199290	-526.573418	
4.120000	15.522337	0.847965	-0.005990	16.337421	0.238229	-526.577285	
4.121000	15.581532	0.937022	-0.005354	16.170293	0.117516	-526.580851	
4.122000	15.615358	0.969406	-0.004322	16.007176	0.284957	-526.584219	
4.123000	15.674553	0.904637	-0.002998	15.847965	0.300533	-526.587513	
4.124000	15.598445	0.912733	-0.001562	15.692689	0.382306	-526.590855	
4.125000	15.370122	0.847965	-0.000261	15.541561	0.327791	-526.594353	
4.126000	15.573076	0.904637	0.000656	15.394730	0.323897	-526.598081	
4.127000	15.632271	0.985598	0.000946	15.252127	0.296639	-526.602070	
4.128000	15.632271	0.872253	0.000562	15.113628	0.300533	-526.606294	
4.129000	15.640727	0.750812	-0.000713	14.979257	0.304427	-526.610692	
4.130000	15.509653	0.815580	-0.003751	14.849230	0.296639	-526.615171	
4.131000	15.687238	0.677947	-0.008921	14.723695	0.094153	-526.619618	
4.132000	15.628043	0.799388	-0.015184	14.602570	0.249911	-526.623910	
4.133000	15.577304	0.928926	-0.021187	14.485719	0.261593	-526.627930	
4.134000	15.653412	0.937022	-0.026235	14.373155	0.288851	-526.631580	
4.135000	15.425089	0.945118	-0.030169	14.265095	0.386200	-526.634806	
4.136000	15.611130	0.767004	-0.033018	14.161684	0.207078	-526.637613	
4.137000	15.602673	0.888445	-0.034850	14.062832	0.401776	-526.640048	
4.138000	15.611130	0.839869	-0.035587	13.968393	0.312215	-526.642181	
4.139000	15.615358	1.050367	-0.035015	13.878388	0.467974	-526.644111	
4.140000	15.425089	0.864157	-0.033192	13.793043	0.347261	-526.645962	
4.141000	15.657640	0.872253	-0.030463	13.712492	0.210972	-526.647867	
4.142000	15.699922	0.783196	-0.027196	13.636621	0.300533	-526.649940	
4.143000	15.644956	0.750812	-0.023720	13.565265	0.308321	-526.652254	
4.144000	15.585761	0.847965	-0.020199	13.498441	0.246017	-526.654820	
4.145000	15.327840	0.847965	-0.016766	13.436378	0.382306	-526.657604	
4.146000	15.683009	0.750812	-0.013783	13.379207	0.249911	-526.660543	
4.147000	15.733748	0.807484	-0.011526	13.326804	0.288851	-526.663545	
4.148000	15.666097	0.702235	-0.009904	13.278999	0.366730	-526.666485	
4.149000	15.518109	1.050367	-0.008630	13.235812	0.355048	-526.669232	
4.150000	15.289786	0.904637	-0.007477	13.197476	0.343367	-526.671667	
4.151000	15.611130	0.815580	-0.006421	13.164114	0.164244	-526.673708	
4.152000	15.746433	0.791292	-0.005533	13.135583	0.312215	-526.675326	
4.153000	15.716835	0.864157	-0.004801	13.111698	0.351155	-526.676537	
4.154000	15.632271	1.017982	-0.003814	13.092477	0.242123	-526.677398	
4.155000	15.420861	0.807484	-0.001509	13.078151	0.335579	-526.678002	
4.156000	15.666097	0.896541	0.002970	13.068832	0.277169	-526.678481	
4.157000	15.750661	0.718427	0.009248	13.064361	0.331685	-526.678976	
4.158000	15.695694	0.750812	0.016133	13.064547	0.284957	-526.679618	
4.159000	15.602673	0.912733	0.022511	13.069411	0.242123	-526.680502	
4.160000	15.412404	0.791292	0.027698	13.079194	0.273275	-526.681677	
4.161000	15.628043	0.807484	0.031293	13.094005	0.386200	-526.683135	
4.162000	15.687238	0.815580	0.032849	13.113673	0.327791	-526.684829	
4.163000	15.530794	0.912733	0.031958	13.137994	0.284957	-526.686677	
4.164000	15.695694	0.710331	0.028739	13.166987	0.358942	-526.688562	
4.165000	15.446230	0.839869	0.023997	13.200885	0.382306	-526.690349	
4.166000	15.598445	0.767004	0.018856	13.239786	0.401776	-526.691915	
4.167000	15.666097	0.799388	0.014230	13.283499	0.421246	-526.693163	
4.168000	15.691466	0.888445	0.010558	13.331804	0.175926	-526.694031	
4.169000	15.653412	0.880349	0.008070	13.384716	0.316109	-526.694504	
4.170000	15.492740	0.831773	0.006905	13.442469	0.292745	-526.694615	
4.171000	15.623814	0.710331	0.006711	13.505155	0.195396	-526.694439	
4.172000	15.640727	1.042271	0.006888	13.572575	0.343367	-526.694083	
4.173000	15.585761	0.920829	0.007077	13.644504	0.343367	-526.693675	
4.174000	15.611130	0.961310	0.007091	13.720959	0.378412	-526.693336	
4.175000	15.433545	0.783196	0.006902	13.802169	0.370624	-526.693172	
4.176000	15.615358	0.807484	0.006632	13.888212	0.207078	-526.693260	
4.177000	15.615358	0.856061	0.006461	13.978872	0.417352	-526.693629	
4.178000	15.666097	1.066559	0.006410	14.073913	0.362836	-526.694258	
4.179000	15.530794	0.904637	0.006119	14.173351	0.323897	-526.695083	
4.180000	15.505425	0.645563	0.005113	14.277418	0.226548	-526.696012	
4.181000	15.708379	0.718427	0.003210	14.386177	0.327791	-526.696926	
4.182000	15.704150	0.767004	0.000577	14.499404	0.288851	-526.697705	
4.183000	15.640727	0.742716	-0.002351	14.616861	0.246017	-526.698236	
4.184000	15.496968	0.969406	-0.005075	14.738576	0.238229	-526.698428	
4.185000	15.530794	0.767004	-0.007136	14.864785	0.265487	-526.698231	
4.186000	15.649184	0.783196	-0.008278	14.995545	0.327791	-526.697648	
4.187000	15.721063	0.847965	-0.008757	15.130621	0.355048	-526.696720	
4.188000	15.577304	0.953214	-0.008758	15.269778	0.273275	-526.695514	
4.189000	15.556163	0.937022	-0.007985	15.413047	0.304427	-526.694130	
4.190000	15.539250	0.839869	-0.006421	15.560657	0.316109	-526.692690	
4.191000	15.585761	0.839869	-0.004611	15.712647	0.393988	-526.691321	
4.192000	15.716835	0.734620	-0.003009	15.868759	0.316109	-526.690130	
4.193000	15.674553	0.661755	-0.001628	16.028740	0.261593	-526.689185	
4.194000	15.564620	0.548410	-0.000485	16.192619	0.269381	-526.688499	
4.195000	15.505425	0.880349	0.000203	16.360627	0.242123	-526.688040	
4.196000	15.573076	1.082751	0.000566	16.532795	0.253805	-526.687744	
4.197000	15.632271	0.856061	0.000945	16.708862	0.390094	-526.687509	
4.198000	15.670325	0.750812	0.001385	16.888576	0.308321	-526.687205	
4.199000	15.488512	0.823676	0.001926	17.071984	0.292745	-526.686700	
4.200000	15.539250	0.937022	0.002713	17.259329	0.253805	-526.685877	0.000000
4.201000	15.492740	0.896541	0.003578	17.450634	0.281063	-526.684653	
4.202000	15.712607	0.839869	0.004041	17.645626	0.444610	-526.682994	
4.203000	15.721063	0.856061	0.004118	17.844045	0.308321	-526.680913	
4.204000	15.611130	1.058463	0.004715	18.045940	0.281063	-526.678460	
4.205000	15.543479	0.742716	0.006548	18.251551	0.277169	-526.675721	
4.206000	15.674553	0.839869	0.009415	18.460892	0.300533	-526.672821	
4.207000	15.674553	0.734620	0.012680	18.673674	0.448504	-526.669898	
4.208000	15.733748	0.767004	0.015764	18.889632	0.156456	-526.667076	
4.209000	15.522337	0.799388	0.018243	19.108815	0.316109	-526.664446	
4.210000	15.628043	0.896541	0.019827	19.331463	0.281063	-526.662055	
4.211000	15.640727	1.042271	0.020447	19.557584	0.238229	-526.659900	
4.212000	15.556163	1.163712	0.020352	19.786886	0.397882	-526.657933	
4.213000	15.577304	0.807484	0.019908	20.019105	0.323897	-526.656073	
4.214000	15.395491	1.058463	0.019239	20.254289	0.429034	-526.654202	
4.215000	15.704150	0.783196	0.018242	20.492667	0.425140	-526.652182	
4.216000	15.611130	0.888445	0.017016	20.734232	0.351155	-526.649890	
4.217000	15.606902	0.823676	0.015910	20.978677	0.370624	-526.647229	
4.218000	15.628043	0.823676	0.015102	21.225732	0.292745	-526.644137	
4.219000	15.412404	0.904637	0.014284	21.475446	0.269381	-526.640601	
4.220000	15.653412	0.734620	0.012850	21.728048	0.187608	-526.636652	
4.221000	15.602673	0.783196	0.010586	21.983525	0.284957	-526.632362	
4.222000	15.712607	0.734620	0.007914	22.241571	0.358942	-526.627843	
4.223000	15.615358	0.977502	0.005288	22.501915	0.144774	-526.623226	
4.224000	15.391263	0.953214	0.002838	22.764607	0.355048	-526.618635	
4.225000	15.699922	0.953214	0.000501	23.029869	0.331685	-526.614176	
4.226000	15.581532	0.783196	-0.001865	23.297684	0.460186	-526.609923	
4.227000	15.674553	0.726523	-0.004323	23.567742	0.370624	-526.605909	
4.228000	15.628043	0.888445	-0.006956	23.839775	0.355048	-526.602115	
4.229000	15.412404	0.677947	-0.010089	24.113835	0.218760	-526.598481	
4.230000	15.678781	0.985598	-0.013948	24.390145	0.300533	-526.594912	
4.231000	15.636499	0.686043	-0.018196	24.668677	0.304427	-526.591291	
4.232000	15.737976	0.799388	-0.022177	24.949112	0.397882	-526.587494	
4.233000	15.670325	0.799388	-0.025409	25.231180	0.234335	-526.583410	
4.234000	15.399719	0.847965	-0.027688	25.514927	0.308321	-526.578954	
4.235000	15.657640	0.880349	-0.028889	25.800567	0.284957	-526.574081	
4.236000	15.598445	0.856061	-0.028697	26.088063	0.242123	-526.568796	
4.237000	15.556163	0.839869	-0.026649	26.377097	0.393988	-526.563140	
4.238000	15.653412	0.912733	-0.022574	26.667401	0.222654	-526.557190	
4.239000	15.332068	0.969406	-0.016844	26.959026	0.296639	-526.551057	
4.240000	15.640727	0.758908	-0.010226	27.252187	0.386200	-526.544875	
4.241000	15.598445	0.839869	-0.003574	27.546847	0.393988	-526.538775	
4.242000	15.640727	0.880349	0.002588	27.842683	0.382306	-526.532865	
4.243000	15.666097	0.856061	0.007945	28.139417	0.253805	-526.527214	
4.244000	15.475827	0.888445	0.011883	28.437093	0.269381	-526.521841	
4.245000	15.712607	0.945118	0.013708	28.735914	0.222654	-526.516725	
4.246000	15.615358	0.896541	0.013186	29.035837	0.292745	-526.511809	
4.247000	15.585761	0.872253	0.010581	29.336542	0.432928	-526.507001	
4.248000	15.661868	0.758908	0.006547	29.637757	0.249911	-526.502175	
4.249000	15.458914	0.831773	0.002034	29.939526	0.214866	-526.497202	
4.250000	15.737976	0.783196	-0.002240	30.242054	0.312215	-526.491970	
4.251000	15.632271	0.888445	-0.006151	30.545302	0.296639	-526.486398	
4.252000	15.467371	1.082751	-0.009626	30.848953	0.444610	-526.480453	
4.253000	15.602673	0.912733	-0.011888	31.152738	0.199290	-526.474146	
4.254000	15.442002	0.734620	-0.011732	31.456696	0.335579	-526.467526	
4.255000	15.814084	0.750812	-0.008820	31.761024	0.335579	-526.460686	
4.256000	15.632271	0.815580	-0.003990	32.065676	0.409564	-526.453757	
4.257000	15.657640	0.920829	0.001700	32.370337	0.390094	-526.446889	
4.258000	15.657640	0.928926	0.007495	32.674737	0.261593	-526.440212	
4.259000	15.454686	0.847965	0.012901	32.978911	0.320003	-526.433825	
4.260000	15.801399	0.791292	0.017443	33.283044	0.249911	-526.427778	
4.261000	15.619586	0.839869	0.020814	33.587088	0.195396	-526.422073	
4.262000	15.695694	0.767004	0.023307	33.890731	0.366730	-526.416668	
4.263000	15.556163	0.928926	0.025237	34.193714	0.246017	-526.411484	
4.264000	15.395491	1.009886	0.026514	34.496070	0.277169	-526.406403	
4.265000	15.678781	0.896541	0.027227	34.797982	0.323897	-526.401286	
4.266000	15.602673	1.074655	0.027717	35.099401	0.347261	-526.396004	
4.267000	15.632271	0.888445	0.028213	35.400017	0.378412	-526.390455	
4.268000	15.585761	0.815580	0.028779	35.699568	0.207078	-526.384580	
4.269000	15.518109	0.694139	0.029164	35.998083	0.136986	-526.378369	
4.270000	15.733748	0.937022	0.028862	36.295736	0.234335	-526.371853	
4.271000	15.708379	0.791292	0.027547	36.592476	0.273275	-526.365101	
4.272000	15.754889	0.953214	0.025360	36.888003	0.327791	-526.358224	
4.273000	15.678781	0.831773	0.022648	37.182068	0.277169	-526.351364	
4.274000	15.488512	0.775100	0.019599	37.474704	0.261593	-526.344658	
4.275000	15.691466	0.847965	0.016401	37.766082	0.362836	-526.338220	
4.276000	15.606902	0.928926	0.013407	38.056148	0.393988	-526.332121	
4.277000	15.615358	0.993694	0.010824	38.344608	0.510807	-526.326384	
4.278000	15.674553	0.880349	0.008759	38.631217	0.320003	-526.320986	
4.279000	15.484284	0.912733	0.007452	38.916003	0.242123	-526.315873	
4.280000	15.729520	0.839869	0.006899	39.199129	0.246017	-526.310961	
4.281000	15.602673	0.758908	0.006902	39.480539	0.284957	-526.306133	
4.282000	15.657640	0.912733	0.007436	39.759945	0.409564	-526.301263	
4.283000	15.704150	0.677947	0.008462	40.037105	0.304427	-526.296236	
4.284000	15.585761	0.807484	0.009853	40.312053	0.222654	-526.290970	
4.285000	15.763345	0.767004	0.011553	40.584957	0.281063	-526.285427	
4.286000	15.623814	0.807484	0.013707	40.855769	0.378412	-526.279611	
4.287000	15.598445	1.074655	0.016748	41.124216	0.358942	-526.273561	
4.288000	15.695694	0.856061	0.020916	41.390066	0.362836	-526.267343	
4.289000	15.585761	0.726523	0.025948	41.653353	0.175926	-526.261067	
4.290000	15.644956	0.847965	0.031441	41.914240	0.257699	-526.254869	
4.291000	15.606902	0.807484	0.036879	42.172685	0.269381	-526.248877	
4.292000	15.615358	1.009886	0.041665	42.428417	0.413458	-526.243192	
4.293000	15.644956	0.856061	0.045441	42.681208	0.288851	-526.237873	
4.294000	15.615358	0.896541	0.047961	42.931092	0.327791	-526.232932	
4.295000	15.898648	0.556506	0.048822	43.178230	0.168138	-526.228339	
4.296000	15.644956	0.767004	0.047795	43.422581	0.281063	-526.224037	
4.297000	15.636499	1.009886	0.044996	43.663890	0.292745	-526.219926	
4.298000	15.683009	0.896541	0.040674	43.901941	0.246017	-526.215882	
4.299000	15.611130	0.847965	0.035334	44.136772	0.222654	-526.211775	
4.300000	15.809856	0.815580	0.029759	44.368537	0.257699	-526.207495	0.000000
4.301000	15.611130	0.791292	0.024644	44.597202	0.347261	-526.202961	
4.302000	15.666097	0.896541	0.020290	44.822527	0.378412	-526.198138	
4.303000	15.577304	0.734620	0.016824	45.044306	0.234335	-526.193036	
4.304000	15.628043	0.880349	0.014563	45.262578	0.249911	-526.187703	
4.305000	15.759117	0.742716	0.013686	45.477499	0.246017	-526.182222	
4.306000	15.657640	0.815580	0.013866	45.689041	0.273275	-526.176712	
4.307000	15.699922	0.856061	0.014454	45.896967	0.308321	-526.171312	
4.308000	15.653412	0.718427	0.014894	46.101081	0.238229	-526.166151	
4.309000	15.716835	0.750812	0.014933	46.301419	0.234335	-526.161331	
4.310000	15.729520	0.734620	0.014534	46.498133	0.179820	-526.156902	
4.311000	15.661868	0.864157	0.014128	46.691196	0.308321	-526.152860	
4.312000	15.670325	0.880349	0.014537	46.880387	0.358942	-526.149161	
4.313000	15.615358	0.710331	0.015902	47.065523	0.335579	-526.145727	
4.314000	15.699922	0.928926	0.017548	47.246646	0.160350	-526.142448	
4.315000	15.657640	0.961310	0.019001	47.423917	0.249911	-526.139189	
4.316000	15.585761	0.847965	0.020213	47.597316	0.382306	-526.135817	
4.317000	15.653412	1.001790	0.021151	47.766632	0.382306	-526.132223	
4.318000	15.674553	0.669851	0.021813	47.931687	0.226548	-526.128343	
4.319000	15.750661	0.847965	0.022323	48.092524	0.277169	-526.124167	
4.320000	15.674553	0.856061	0.022797	48.249303	0.308321	-526.119730	
4.321000	15.611130	0.872253	0.023303	48.402007	0.339473	-526.115096	
4.322000	15.657640	1.163712	0.023788	48.550433	0.374518	-526.110370	
4.323000	15.792943	0.799388	0.023895	48.694415	0.144774	-526.105689	
4.324000	15.750661	0.758908	0.023186	48.834006	0.152562	-526.101194	
4.325000	15.750661	0.758908	0.021528	48.969373	0.238229	-526.097006	
4.326000	15.530794	0.961310	0.019003	49.100515	0.417352	-526.093202	
4.327000	15.556163	1.179904	0.015559	49.227244	0.378412	-526.089804	
4.328000	15.564620	1.050367	0.010983	49.349404	0.339473	-526.086786	
4.329000	15.767574	0.726523	0.005079	49.467049	0.331685	-526.084091	
4.330000	15.776030	0.839869	-0.002166	49.580340	0.335579	-526.081627	
4.331000	15.509653	0.920829	-0.010306	49.689273	0.518595	-526.079273	
4.332000	15.611130	1.034175	-0.018400	49.793667	0.366730	-526.076894	
4.333000	15.653412	0.953214	-0.025459	49.893369	0.355048	-526.074371	
4.334000	15.788715	0.904637	-0.030924	49.988432	0.125304	-526.071615	
4.335000	15.805627	0.831773	-0.034816	50.079015	0.327791	-526.068585	
4.336000	15.636499	0.880349	-0.037140	50.165126	0.284957	-526.065287	
4.337000	15.649184	1.017982	-0.037256	50.246604	0.323897	-526.061763	
4.338000	15.573076	0.831773	-0.034561	50.323311	0.312215	-526.058086	
4.339000	15.750661	1.009886	-0.029390	50.395306	0.121410	-526.054364	
4.340000	15.759117	0.710331	-0.022859	50.462751	0.347261	-526.050725	
4.341000	15.577304	0.799388	-0.016224	50.525662	0.397882	-526.047291	
4.342000	15.678781	1.066559	-0.010380	50.583886	0.448504	-526.044161	
4.343000	15.560391	0.872253	-0.005765	50.637293	0.308321	-526.041395	
4.344000	15.725291	0.839869	-0.002412	50.685938	0.148668	-526.039009	
4.345000	15.678781	0.742716	8.569918E-5	50.729976	0.273275	-526.036975	
4.346000	15.683009	0.928926	0.001991	50.769420	0.304427	-526.035233	
4.347000	15.721063	0.961310	0.003001	50.804123	0.347261	-526.033685	
4.348000	15.577304	0.702235	0.002913	50.833966	0.179820	-526.032215	
4.349000	15.725291	0.839869	0.002021	50.859008	0.133092	-526.030703	
4.350000	15.661868	0.839869	0.000806	50.879404	0.304427	-526.029042	
4.351000	15.653412	0.928926	-0.000386	50.895172	0.401776	-526.027151	
4.352000	15.619586	1.058463	-0.001511	50.906181	0.351155	-526.024994	
4.353000	15.568848	0.799388	-0.002482	50.912325	0.316109	-526.022585	
4.354000	15.683009	0.856061	-0.003110	50.913671	0.230441	-526.019981	
4.355000	15.674553	0.920829	-0.003606	50.910377	0.323897	-526.017270	
4.356000	15.615358	0.864157	-0.004284	50.902467	0.343367	-526.014566	
4.357000	15.615358	1.131328	-0.005144	50.889819	0.401776	-526.011996	
4.358000	15.708379	0.677947	-0.006128	50.872331	0.265487	-526.009684	
4.359000	15.792943	0.807484	-0.007144	50.850068	0.090259	-526.007735	
4.360000	15.746433	0.791292	-0.008074	50.823183	0.253805	-526.006208	
4.361000	15.573076	0.937022	-0.009116	50.791705	0.312215	-526.005097	
4.362000	15.678781	1.204192	-0.010680	50.755522	0.156456	-526.004355	
4.363000	15.606902	0.742716	-0.012720	50.714545	0.288851	-526.003911	
4.364000	15.801399	0.839869	-0.014784	50.668844	0.199290	-526.003664	
4.365000	15.754889	0.775100	-0.016521	50.618584	0.284957	-526.003491	
4.366000	15.454686	1.066559	-0.017577	50.563804	0.288851	-526.003260	
4.367000	15.619586	1.050367	-0.017529	50.504409	0.448504	-526.002860	
4.368000	15.674553	0.904637	-0.016082	50.440315	0.339473	-526.002220	
4.369000	15.759117	0.880349	-0.013209	50.371591	0.144774	-526.001328	
4.370000	15.683009	0.677947	-0.009172	50.298394	0.281063	-526.000218	
4.371000	15.623814	0.937022	-0.004180	50.220762	0.358942	-525.998955	
4.372000	15.683009	1.017982	0.001727	50.138601	0.320003	-525.997641	
4.373000	15.670325	1.050367	0.008267	50.051837	0.210972	-525.996408	
4.374000	15.750661	0.831773	0.014709	49.960545	0.039637	-525.995398	
4.375000	15.746433	0.864157	0.020288	49.864888	0.246017	-525.994731	
4.376000	15.632271	1.009886	0.024706	49.764918	0.421246	-525.994485	
4.377000	15.513881	0.969406	0.028138	49.660559	0.362836	-525.994685	
4.378000	15.526566	0.928926	0.030454	49.551747	0.238229	-525.995305	
4.379000	15.742204	0.831773	0.030664	49.438556	0.242123	-525.996286	
4.380000	15.674553	0.928926	0.028055	49.321139	0.327791	-525.997535	
4.381000	15.568848	0.856061	0.023313	49.199544	0.432928	-525.998930	
4.382000	15.606902	1.034175	0.017924	49.073705	0.374518	-526.000337	
4.383000	15.615358	0.872253	0.013107	48.943567	0.156456	-526.001639	
4.384000	15.716835	0.815580	0.009314	48.809206	-0.077182	-526.002751	
4.385000	15.712607	0.945118	0.006428	48.670770	0.242123	-526.003629	
4.386000	15.657640	1.074655	0.004479	48.528312	0.249911	-526.004276	
4.387000	15.628043	0.880349	0.003640	48.381780	0.335579	-526.004729	
4.388000	15.598445	0.742716	0.003648	48.231130	0.035743	-526.005067	
4.389000	15.729520	1.026079	0.004205	48.076443	0.101940	-526.005405	
4.390000	15.623814	0.831773	0.005368	47.917874	0.292745	-526.005872	
4.391000	15.623814	1.017982	0.006942	47.755482	0.308321	-526.006584	
4.392000	15.581532	0.896541	0.008251	47.589220	0.393988	-526.007638	
4.393000	15.653412	0.815580	0.008835	47.419050	0.292745	-526.009100	
4.394000	15.653412	0.937022	0.008927	47.245050	0.191502	-526.010986	
4.395000	15.657640	0.847965	0.009064	47.067369	0.222654	-526.013266	
4.396000	15.564620	1.220385	0.009653	46.886067	0.339473	-526.015869	
4.397000	15.708379	0.847965	0.010873	46.701106	0.335579	-526.018690	
4.398000	15.771802	0.669851	0.012680	46.512461	0.179820	-526.021608	
4.399000	15.721063	0.694139	0.015025	46.320213	0.109728	-526.024506	
4.400000	15.691466	0.718427	0.017863	46.124507	0.273275	-526.027279	0.000000
4.401000	15.581532	1.066559	0.020925	45.925410	0.351155	-526.029839	
4.402000	15.606902	0.961310	0.023824	45.722895	0.320003	-526.032145	
4.403000	15.636499	0.993694	0.026308	45.516946	0.164244	-526.034207	
4.404000	15.716835	1.001790	0.028274	45.307645	0.172032	-526.036082	
4.405000	15.687238	0.742716	0.029795	45.095136	0.351155	-526.037858	
4.406000	15.666097	1.074655	0.030987	44.879485	0.343367	-526.039651	
4.407000	15.632271	1.050367	0.031758	44.660678	0.432928	-526.041585	
4.408000	15.594217	0.920829	0.031973	44.438707	0.133092	-526.043786	
4.409000	15.788715	0.831773	0.031721	44.213650	0.207078	-526.046358	
4.410000	15.699922	0.847965	0.031178	43.985645	0.179820	-526.049357	
4.411000	15.699922	0.961310	0.030212	43.754759	0.242123	-526.052780	
4.412000	15.492740	0.945118	0.028098	43.520987	0.246017	-526.056581	
4.413000	15.602673	0.847965	0.024025	43.284328	0.121410	-526.060687	
4.414000	15.746433	0.750812	0.018071	43.044867	0.222654	-526.064989	
4.415000	15.653412	0.807484	0.011252	42.802746	0.246017	-526.069356	
4.416000	15.640727	1.009886	0.004645	42.558043	0.316109	-526.073654	
4.417000	15.480055	1.058463	-0.001191	42.310772	0.499125	-526.077771	
4.418000	15.577304	0.823676	-0.005922	42.060948	0.242123	-526.081639	
4.419000	15.746433	0.775100	-0.009101	41.808649	0.148668	-526.085238	
4.420000	15.695694	0.710331	-0.010553	41.553999	0.335579	-526.088593	
4.421000	15.674553	0.912733	-0.010633	41.297075	0.323897	-526.091758	
4.422000	15.585761	0.831773	-0.009765	41.037900	0.401776	-526.094836	
4.423000	15.644956	0.588890	-0.008241	40.776498	0.172032	-526.097965	
4.424000	15.704150	0.920829	-0.006452	40.512946	0.226548	-526.101286	
4.425000	15.683009	0.750812	-0.004627	40.247365	0.355048	-526.104916	
4.426000	15.615358	1.034175	-0.002600	39.979830	0.327791	-526.108928	
4.427000	15.708379	0.750812	-0.000268	39.710370	0.409564	-526.113347	
4.428000	15.619586	0.847965	0.001901	39.439018	0.156456	-526.118152	
4.429000	15.526566	0.945118	0.002896	39.165851	0.246017	-526.123284	
4.430000	15.594217	0.920829	0.001877	38.890985	0.284957	-526.128648	
4.431000	15.602673	1.082751	-0.001127	38.614493	0.432928	-526.134109	
4.432000	15.644956	0.767004	-0.005378	38.336414	0.312215	-526.139526	
4.433000	15.611130	0.734620	-0.009993	38.056784	0.191502	-526.144781	
4.434000	15.733748	0.694139	-0.014420	37.775673	0.214866	-526.149787	
4.435000	15.632271	0.928926	-0.018581	37.493187	0.210972	-526.154500	
4.436000	15.661868	0.791292	-0.022377	37.209398	0.362836	-526.158916	
4.437000	15.657640	0.912733	-0.025717	36.924372	0.226548	-526.163069	
4.438000	15.594217	0.799388	-0.029066	36.638175	0.136986	-526.167034	
4.439000	15.716835	0.556506	-0.032648	36.350881	0.218760	-526.170928	
4.440000	15.704150	0.686043	-0.035847	36.062590	0.284957	-526.174884	
4.441000	15.585761	1.139424	-0.038096	35.773380	0.355048	-526.179021	
4.442000	15.556163	1.050367	-0.039173	35.483330	0.327791	-526.183433	
4.443000	15.623814	0.945118	-0.038886	35.192509	0.117516	-526.188180	
4.444000	15.661868	0.920829	-0.037157	34.900985	0.277169	-526.193283	
4.445000	15.581532	0.831773	-0.034232	34.608839	0.320003	-526.198715	
4.446000	15.568848	1.026079	-0.030677	34.316145	0.269381	-526.204408	
4.447000	15.547707	0.758908	-0.027079	34.022992	0.296639	-526.210258	
4.448000	15.699922	0.783196	-0.023712	33.729457	0.226548	-526.216144	
4.449000	15.746433	0.815580	-0.020528	33.435605	0.195396	-526.221950	
4.450000	15.666097	0.799388	-0.017391	33.141508	0.203184	-526.227574	
4.451000	15.619586	1.066559	-0.014238	32.847236	0.222654	-526.232937	
4.452000	15.425089	0.928926	-0.011138	32.552883	0.421246	-526.238005	
4.453000	15.585761	0.880349	-0.008516	32.258532	0.156456	-526.242791	
4.454000	15.704150	0.661755	-0.006648	31.964241	0.288851	-526.247348	
4.455000	15.619586	0.783196	-0.004618	31.670076	0.292745	-526.251758	
4.456000	15.581532	1.042271	-0.001366	31.376102	0.432928	-526.256131	
4.457000	15.657640	0.920829	0.002910	31.082414	0.460186	-526.260592	
4.458000	15.598445	0.961310	0.007355	30.789096	0.183714	-526.265258	
4.459000	15.695694	0.888445	0.011091	30.496196	0.257699	-526.270226	
4.460000	15.746433	0.726523	0.013366	30.203762	0.284957	-526.275545	
4.461000	15.687238	1.196096	0.013710	29.911854	0.382306	-526.281210	
4.462000	15.573076	0.734620	0.011766	29.620583	0.242123	-526.287182	
4.463000	15.547707	0.807484	0.007346	29.330045	0.148668	-526.293398	
4.464000	15.628043	0.718427	0.000869	29.040281	0.148668	-526.299759	
4.465000	15.801399	0.856061	-0.006667	28.751328	0.281063	-526.306133	
4.466000	15.581532	0.888445	-0.014163	28.463249	0.343367	-526.312386	
4.467000	15.602673	0.791292	-0.020755	28.176172	0.288851	-526.318408	
4.468000	15.509653	0.767004	-0.025872	27.890208	0.160350	-526.324134	
4.469000	15.666097	0.912733	-0.028974	27.605395	0.312215	-526.329549	
4.470000	15.636499	0.985598	-0.029022	27.321756	0.265487	-526.334674	
4.471000	15.661868	0.864157	-0.024809	27.039349	0.296639	-526.339558	
4.472000	15.632271	0.864157	-0.016411	26.758321	0.351155	-526.344300	
4.473000	15.699922	0.791292	-0.005451	26.478801	0.125304	-526.349036	
4.474000	15.716835	0.726523	0.006134	26.200822	0.296639	-526.353912	
4.475000	15.640727	0.734620	0.016873	25.924390	0.222654	-526.359048	
4.476000	15.644956	0.839869	0.025791	25.649557	0.296639	-526.364518	
4.477000	15.619586	0.937022	0.032296	25.376469	0.425140	-526.370347	
4.478000	15.678781	0.904637	0.036093	25.105251	0.051319	-526.376518	
4.479000	15.636499	0.953214	0.037151	24.835925	0.222654	-526.382983	
4.480000	15.594217	0.661755	0.035757	24.568490	0.382306	-526.389652	
4.481000	15.568848	0.969406	0.032637	24.302992	0.386200	-526.396397	
4.482000	15.530794	0.945118	0.028888	24.039582	0.253805	-526.403076	
4.483000	15.628043	0.775100	0.025429	23.778384	0.210972	-526.409566	
4.484000	15.695694	0.815580	0.022616	23.519405	0.257699	-526.415777	
4.485000	15.695694	0.605082	0.020598	23.262624	0.331685	-526.421664	
4.486000	15.611130	0.985598	0.019479	23.008094	0.253805	-526.427225	
4.487000	15.589989	0.985598	0.019488	22.756000	0.292745	-526.432496	
4.488000	15.666097	0.791292	0.021455	22.506500	0.078577	-526.437551	
4.489000	15.780258	0.734620	0.025863	22.259599	0.335579	-526.442508	
4.490000	15.611130	0.629370	0.031802	22.015264	0.199290	-526.447501	
4.491000	15.581532	0.945118	0.037873	21.773537	0.355048	-526.452652	
4.492000	15.471599	1.034175	0.043136	21.534605	0.366730	-526.458054	
4.493000	15.568848	0.856061	0.046988	21.298620	0.257699	-526.463766	
4.494000	15.666097	0.775100	0.048730	21.065575	0.370624	-526.469796	
4.495000	15.771802	0.605082	0.047580	20.835421	0.265487	-526.476108	
4.496000	15.551935	0.896541	0.043524	20.608195	0.355048	-526.482628	
4.497000	15.522337	0.823676	0.037564	20.384097	0.323897	-526.489249	
4.498000	15.611130	0.864157	0.030803	20.163285	0.078577	-526.495849	
4.499000	15.716835	0.823676	0.024117	19.945738	0.405670	-526.502303	
4.500000	15.712607	0.742716	0.018215	19.731390	0.214866	-526.508499	0.000000
4.501000	15.666097	0.742716	0.013506	19.520276	0.273275	-526.514352	
4.502000	15.556163	0.807484	0.010277	19.312589	0.195396	-526.519832	
4.503000	15.522337	0.718427	0.008647	19.108474	0.347261	-526.524958	
4.504000	15.653412	1.001790	0.008459	18.907895	0.164244	-526.529787	
4.505000	15.640727	0.864157	0.009712	18.710768	0.327791	-526.534399	
4.506000	15.594217	0.961310	0.012348	18.517127	0.277169	-526.538906	
4.507000	15.496968	0.742716	0.015726	18.327185	0.218760	-526.543436	
4.508000	15.602673	0.791292	0.019117	18.141105	0.269381	-526.548111	
4.509000	15.670325	0.807484	0.022113	17.958841	0.382306	-526.553032	
4.510000	15.687238	0.856061	0.024367	17.780294	0.355048	-526.558245	
4.511000	15.636499	0.953214	0.025681	17.605497	0.187608	-526.563741	
4.512000	15.403948	0.791292	0.026074	17.434672	0.288851	-526.569477	
4.513000	15.687238	0.807484	0.025474	17.267980	0.086365	-526.575383	
4.514000	15.585761	0.799388	0.023858	17.105367	0.308321	-526.581359	
4.515000	15.644956	0.702235	0.021584	16.946717	0.304427	-526.587268	
4.516000	15.611130	0.904637	0.019082	16.792058	0.316109	-526.592969	
4.517000	15.387035	0.928926	0.016356	16.641615	0.382306	-526.598342	
4.518000	15.661868	0.864157	0.013203	16.495548	0.164244	-526.603314	
4.519000	15.653412	0.856061	0.009787	16.353785	0.378412	-526.607867	
4.520000	15.611130	1.131328	0.006707	16.216197	0.210972	-526.612020	
4.521000	15.556163	0.945118	0.004716	16.082805	0.429034	-526.615822	
4.522000	15.429317	0.928926	0.004339	15.953829	0.300533	-526.619362	
4.523000	15.691466	0.823676	0.005557	15.829418	0.281063	-526.622771	
4.524000	15.691466	0.815580	0.007838	15.709481	0.393988	-526.626188	
4.525000	15.687238	0.896541	0.010445	15.593877	0.273275	-526.629734	
4.526000	15.539250	0.953214	0.012795	15.482632	0.339473	-526.633489	
4.527000	15.446230	0.815580	0.014572	15.375975	0.296639	-526.637478	
4.528000	15.674553	0.945118	0.015573	15.274052	0.343367	-526.641683	
4.529000	15.699922	0.807484	0.015046	15.176758	0.343367	-526.646049	
4.530000	15.674553	0.791292	0.011696	15.083946	0.386200	-526.650484	
4.531000	15.496968	0.880349	0.005289	14.995648	0.335579	-526.654856	
4.532000	15.357437	0.937022	-0.002856	14.912100	0.421246	-526.659025	
4.533000	15.602673	1.107039	-0.011227	14.833436	0.249911	-526.662864	
4.534000	15.704150	0.856061	-0.018803	14.759534	0.491337	-526.666280	
4.535000	15.653412	0.815580	-0.024822	14.690226	0.203184	-526.669225	
4.536000	15.619586	0.920829	-0.028734	14.625540	0.378412	-526.671698	
4.537000	15.416632	0.880349	-0.030771	14.565715	0.320003	-526.673742	
4.538000	15.640727	0.904637	-0.032133	14.510881	0.253805	-526.675431	
4.539000	15.763345	0.985598	-0.033678	14.460900	0.304427	-526.676879	
4.540000	15.661868	0.791292	-0.035182	14.415595	0.242123	-526.678222	
4.541000	15.657640	0.920829	-0.036232	14.374991	0.390094	-526.679589	
4.542000	15.357437	0.847965	-0.036669	14.339330	0.331685	-526.681083	
4.543000	15.564620	0.945118	-0.036372	14.308737	0.226548	-526.682768	
4.544000	15.551935	0.953214	-0.035327	14.283058	0.506913	-526.684656	
4.545000	15.644956	0.912733	-0.033815	14.262103	0.366730	-526.686712	
4.546000	15.611130	0.912733	-0.032397	14.245903	0.312215	-526.688863	
4.547000	15.323612	1.163712	-0.031500	14.234708	0.355048	-526.691011	
4.548000	15.526566	0.799388	-0.030944	14.228632	0.133092	-526.693034	
4.549000	15.623814	0.856061	-0.030155	14.227499	0.316109	-526.694812	
4.550000	15.716835	0.734620	-0.028687	14.231103	0.277169	-526.696239	
4.551000	15.674553	0.904637	-0.026386	14.239468	0.339473	-526.697236	
4.552000	15.395491	0.872253	-0.023390	14.252841	0.242123	-526.697777	
4.553000	15.666097	0.645563	-0.019936	14.271327	0.230441	-526.697887	
4.554000	15.670325	1.017982	-0.015777	14.294749	0.425140	-526.697627	
4.555000	15.611130	0.888445	-0.010286	14.322898	0.320003	-526.697081	
4.556000	15.488512	1.058463	-0.003460	14.355809	0.362836	-526.696361	
4.557000	15.382807	0.864157	0.003848	14.393734	0.304427	-526.695590	
4.558000	15.661868	0.831773	0.010620	14.436766	0.304427	-526.694893	
4.559000	15.678781	0.734620	0.016187	14.484705	0.491337	-526.694368	
4.560000	15.585761	0.904637	0.020253	14.537329	0.386200	-526.694065	
4.561000	15.458914	1.244673	0.022484	14.594670	0.304427	-526.693977	
4.562000	15.509653	0.912733	0.022509	14.656974	0.300533	-526.694057	
4.563000	15.725291	0.953214	0.020606	14.724318	0.316109	-526.694239	
4.564000	15.695694	0.750812	0.017597	14.796489	0.413458	-526.694426	
4.565000	15.581532	0.993694	0.014207	14.873262	0.347261	-526.694505	
4.566000	15.530794	0.977502	0.010975	14.954671	0.386200	-526.694353	
4.567000	15.505425	0.977502	0.008266	15.040960	0.374518	-526.693864	
4.568000	15.573076	1.034175	0.006259	15.132197	0.335579	-526.692967	
4.569000	15.712607	0.694139	0.005238	15.228153	0.343367	-526.691646	
4.570000	15.670325	0.661755	0.005660	15.328594	0.331685	-526.689926	
4.571000	15.568848	0.912733	0.007670	15.433557	0.421246	-526.687864	
4.572000	15.480055	0.985598	0.010887	15.543278	0.249911	-526.685555	
4.573000	15.644956	0.993694	0.014591	15.657805	0.378412	-526.683130	
4.574000	15.716835	0.758908	0.017857	15.776894	0.335579	-526.680725	
4.575000	15.699922	0.758908	0.019946	15.900300	0.300533	-526.678462	
4.576000	15.581532	0.807484	0.020680	16.028065	0.320003	-526.676427	
4.577000	15.518109	0.799388	0.020268	16.160440	0.393988	-526.674658	
4.578000	15.636499	0.783196	0.019013	16.297477	0.168138	-526.673141	
4.579000	15.564620	0.580794	0.017217	16.438926	0.358942	-526.671828	
4.580000	15.649184	0.864157	0.015139	16.584538	0.327791	-526.670632	
4.581000	15.649184	1.066559	0.013008	16.734359	0.261593	-526.669430	
4.582000	15.450458	0.904637	0.011123	16.888631	0.358942	-526.668087	
4.583000	15.619586	0.856061	0.009756	17.047388	0.351155	-526.666478	
4.584000	15.602673	0.847965	0.009068	17.210359	0.378412	-526.664506	
4.585000	15.644956	0.750812	0.009227	17.377287	0.292745	-526.662113	
4.586000	15.501196	0.896541	0.010424	17.548216	0.370624	-526.659296	
4.587000	15.594217	0.572698	0.012823	17.723386	0.292745	-526.656093	
4.588000	15.687238	0.767004	0.016484	17.902817	0.347261	-526.652585	
4.589000	15.674553	0.807484	0.021099	18.086226	0.323897	-526.648890	
4.590000	15.628043	0.653659	0.025903	18.273352	0.191502	-526.645148	
4.591000	15.518109	0.872253	0.030006	18.464231	0.265487	-526.641493	
4.592000	15.657640	0.742716	0.032700	18.659097	0.242123	-526.638036	
4.593000	15.606902	0.847965	0.033606	18.857958	0.362836	-526.634849	
4.594000	15.674553	0.702235	0.032449	19.060527	0.366730	-526.631950	
4.595000	15.535022	0.831773	0.028943	19.266539	0.382306	-526.629306	
4.596000	15.501196	0.677947	0.023391	19.476042	0.320003	-526.626840	
4.597000	15.666097	0.807484	0.016660	19.689272	0.296639	-526.624441	
4.598000	15.585761	0.864157	0.009522	19.906231	0.304427	-526.621979	
4.599000	15.683009	0.726523	0.002693	20.126622	0.366730	-526.619328	
4.600000	15.615358	0.767004	-0.003078	20.350175	0.222654	-526.616379	0.000000
4.601000	15.450458	0.791292	-0.007332	20.576935	0.269381	-526.613049	
4.602000	15.666097	0.920829	-0.009976	20.807137	0.281063	-526.609303	
4.603000	15.670325	0.912733	-0.010895	21.040780	0.175926	-526.605161	
4.604000	15.733748	0.783196	-0.009286	21.277565	0.312215	-526.600684	
4.605000	15.644956	0.758908	-0.003999	21.517226	0.277169	-526.595969	
4.606000	15.408176	1.034175	0.004934	21.759818	0.327791	-526.591136	
4.607000	15.539250	0.839869	0.015969	22.005574	0.312215	-526.586313	
4.608000	15.589989	0.815580	0.027174	22.254481	0.327791	-526.581618	
4.609000	15.670325	0.872253	0.037073	22.506229	0.467974	-526.577143	
4.610000	15.674553	0.694139	0.044973	22.760540	0.230441	-526.572937	
4.611000	15.425089	0.847965	0.050218	23.017459	0.312215	-526.568996	
4.612000	15.598445	0.783196	0.051718	23.277210	0.444610	-526.565274	
4.613000	15.632271	0.937022	0.049416	23.539767	0.339473	-526.561697	
4.614000	15.733748	0.928926	0.044453	23.804810	0.397882	-526.558158	
4.615000	15.687238	0.653659	0.037849	24.072059	0.187608	-526.554532	
4.616000	15.458914	0.839869	0.030380	24.341561	0.210972	-526.550699	
4.617000	15.683009	0.742716	0.022703	24.613539	0.292745	-526.546559	
4.618000	15.619586	0.839869	0.015281	24.887969	0.296639	-526.542046	
4.619000	15.644956	0.807484	0.008564	25.164533	0.292745	-526.537140	
4.620000	15.632271	0.856061	0.003216	25.442955	0.382306	-526.531862	
4.621000	15.336296	0.880349	1.579959E-5	25.723281	0.355048	-526.526268	
4.622000	15.746433	0.799388	-0.000762	26.005719	0.362836	-526.520458	
4.623000	15.594217	0.783196	0.000508	26.290228	0.444610	-526.514563	
4.624000	15.628043	0.783196	0.003292	26.576479	0.327791	-526.508715	
4.625000	15.699922	0.775100	0.006945	26.864192	0.335579	-526.503030	
4.626000	15.450458	0.920829	0.010587	27.153404	0.296639	-526.497589	
4.627000	15.835225	0.783196	0.013470	27.444320	0.273275	-526.492427	
4.628000	15.530794	0.710331	0.014984	27.736897	0.331685	-526.487533	
4.629000	15.611130	0.880349	0.014509	28.030810	0.351155	-526.482857	
4.630000	15.573076	1.058463	0.012025	28.325783	0.320003	-526.478315	
4.631000	15.475827	0.888445	0.008186	28.621853	0.362836	-526.473783	
4.632000	15.712607	0.734620	0.003709	28.919221	0.320003	-526.469128	
4.633000	15.543479	0.621274	-0.000728	29.217846	0.366730	-526.464229	
4.634000	15.598445	0.831773	-0.004664	29.517404	0.417352	-526.458992	
4.635000	15.560391	0.977502	-0.007890	29.817619	0.296639	-526.453365	
4.636000	15.408176	1.009886	-0.010301	30.118528	0.405670	-526.447344	
4.637000	15.801399	0.993694	-0.012441	30.420320	0.288851	-526.440968	
4.638000	15.683009	0.742716	-0.015359	30.722944	0.288851	-526.434316	
4.639000	15.606902	0.726523	-0.019299	31.026073	0.300533	-526.427506	
4.640000	15.653412	0.961310	-0.023682	31.329431	0.281063	-526.420680	
4.641000	15.412404	0.920829	-0.027913	31.633051	0.265487	-526.413970	
4.642000	15.737976	0.896541	-0.031496	31.937116	0.273275	-526.407481	
4.643000	15.649184	0.847965	-0.034108	32.241571	0.269381	-526.401278	
4.644000	15.551935	1.034175	-0.035669	32.546098	0.281063	-526.395375	
4.645000	15.640727	0.807484	-0.036497	32.850429	0.269381	-526.389743	
4.646000	15.395491	0.783196	-0.037322	33.154600	0.374518	-526.384313	
4.647000	15.716835	0.872253	-0.038555	33.458793	0.355048	-526.378980	
4.648000	15.615358	0.734620	-0.039865	33.762954	0.339473	-526.373617	
4.649000	15.628043	1.001790	-0.040698	34.066769	0.393988	-526.368096	
4.650000	15.683009	0.847965	-0.040680	34.369969	0.397882	-526.362312	
4.651000	15.467371	0.823676	-0.039596	34.672585	0.261593	-526.356192	
4.652000	15.763345	0.807484	-0.037269	34.974794	0.246017	-526.349711	
4.653000	15.653412	0.710331	-0.033536	35.276538	0.238229	-526.342888	
4.654000	15.589989	0.872253	-0.028449	35.577507	0.312215	-526.335776	
4.655000	15.657640	0.888445	-0.022501	35.877441	0.273275	-526.328463	
4.656000	15.556163	0.904637	-0.016370	36.176373	0.222654	-526.321072	
4.657000	15.771802	0.864157	-0.010599	36.474476	0.242123	-526.313741	
4.658000	15.547707	0.896541	-0.005630	36.771696	0.382306	-526.306592	
4.659000	15.573076	0.888445	-0.001771	37.067732	0.378412	-526.299715	
4.660000	15.670325	0.928926	0.000816	37.362326	0.335579	-526.293157	
4.661000	15.433545	0.807484	0.001641	37.655504	0.308321	-526.286916	
4.662000	15.826768	0.653659	-5.668829E-6	37.947426	0.432928	-526.280955	
4.663000	15.611130	0.888445	-0.003853	38.238031	0.316109	-526.275207	
4.664000	15.606902	0.856061	-0.008660	38.527022	0.432928	-526.269570	
4.665000	15.721063	0.799388	-0.013337	38.814147	0.261593	-526.263917	
4.666000	15.509653	0.823676	-0.017223	39.099434	0.366730	-526.258128	
4.667000	15.818312	0.783196	-0.019989	39.383049	0.242123	-526.252104	
4.668000	15.653412	0.799388	-0.021545	39.664938	0.304427	-526.245785	
4.669000	15.611130	0.888445	-0.021462	39.944817	0.538065	-526.239153	
4.670000	15.442002	0.969406	-0.018408	40.222447	0.374518	-526.232231	
4.671000	15.505425	1.066559	-0.011108	40.497853	0.199290	-526.225074	
4.672000	15.784486	0.961310	0.000150	40.771192	0.284957	-526.217781	
4.673000	15.581532	0.791292	0.013777	41.042413	0.370624	-526.210483	
4.674000	15.636499	0.856061	0.027888	41.311239	0.553641	-526.203317	
4.675000	15.585761	0.880349	0.040845	41.577436	0.168138	-526.196403	
4.676000	15.611130	0.847965	0.051610	41.841024	0.238229	-526.189827	
4.677000	15.776030	0.920829	0.059584	42.102146	0.300533	-526.183628	
4.678000	15.763345	0.912733	0.064334	42.360749	0.284957	-526.177793	
4.679000	15.581532	0.993694	0.065469	42.616569	0.421246	-526.172277	
4.680000	15.632271	0.807484	0.062678	42.869381	0.292745	-526.167000	
4.681000	15.568848	1.147520	0.056294	43.119212	0.269381	-526.161845	
4.682000	15.649184	0.937022	0.047563	43.366215	0.300533	-526.156681	
4.683000	15.661868	0.912733	0.037988	43.610349	0.355048	-526.151381	
4.684000	15.556163	0.977502	0.028654	43.851363	0.409564	-526.145847	
4.685000	15.674553	0.807484	0.020126	44.089041	0.351155	-526.140029	
4.686000	15.509653	0.953214	0.012803	44.323408	0.273275	-526.133927	
4.687000	15.742204	0.856061	0.007351	44.554611	0.343367	-526.127581	
4.688000	15.670325	0.937022	0.004693	44.782606	0.296639	-526.121062	
4.689000	15.691466	1.082751	0.005134	45.007146	0.464080	-526.114481	
4.690000	15.805627	0.767004	0.007792	45.228023	0.312215	-526.107981	
4.691000	15.695694	0.815580	0.011250	45.445268	0.218760	-526.101705	
4.692000	15.737976	0.831773	0.014344	45.659032	0.242123	-526.095768	
4.693000	15.589989	0.904637	0.016543	45.869284	0.355048	-526.090238	
4.694000	15.699922	1.058463	0.017924	46.075795	0.355048	-526.085129	
4.695000	15.628043	0.815580	0.018806	46.278373	0.284957	-526.080404	
4.696000	15.611130	0.831773	0.019401	46.477057	0.308321	-526.075997	
4.697000	15.653412	0.969406	0.019719	46.671996	0.210972	-526.071807	
4.698000	15.606902	0.937022	0.019828	46.863162	0.448504	-526.067704	
4.699000	15.644956	1.001790	0.020013	47.050330	0.323897	-526.063556	
4.700000	15.670325	0.742716	0.020604	47.233311	0.273275	-526.059248	0.000000
4.701000	15.733748	0.758908	0.021859	47.412142	0.261593	-526.054704	
4.702000	15.763345	0.839869	0.023839	47.586973	0.238229	-526.049898	
4.703000	15.712607	0.969406	0.026345	47.757781	0.288851	-526.044849	
4.704000	15.644956	1.228481	0.029399	47.924358	0.265487	-526.039607	
4.705000	15.678781	0.831773	0.033440	48.086532	0.199290	-526.034257	
4.706000	15.801399	0.686043	0.038502	48.244348	0.152562	-526.028918	
4.707000	15.742204	0.775100	0.043818	48.397961	0.339473	-526.023731	
4.708000	15.628043	0.872253	0.048473	48.547361	0.393988	-526.018817	
4.709000	15.560391	1.074655	0.051835	48.692353	0.475762	-526.014271	
4.710000	15.615358	0.872253	0.053511	48.832774	0.234335	-526.010136	
4.711000	15.776030	1.131328	0.053306	48.968668	0.086365	-526.006409	
4.712000	15.780258	0.621274	0.051235	49.100188	0.351155	-526.003047	
4.713000	15.649184	0.839869	0.047528	49.227327	0.226548	-525.999979	
4.714000	15.623814	1.009886	0.042605	49.349901	0.308321	-525.997097	
4.715000	15.661868	0.653659	0.037060	49.467754	0.393988	-525.994271	
4.716000	15.797171	0.912733	0.031524	49.580932	0.187608	-525.991378	
4.717000	15.737976	0.864157	0.026431	49.689592	0.304427	-525.988317	
4.718000	15.695694	0.864157	0.021939	49.793733	0.347261	-525.985026	
4.719000	15.691466	0.985598	0.018155	49.893188	0.351155	-525.981490	
4.720000	15.568848	0.904637	0.015353	49.987818	0.382306	-525.977737	
4.721000	15.708379	0.896541	0.013615	50.077680	0.179820	-525.973828	
4.722000	15.708379	0.993694	0.012739	50.162929	0.343367	-525.969856	
4.723000	15.594217	0.831773	0.012579	50.243569	0.386200	-525.965942	
4.724000	15.670325	0.969406	0.012889	50.319436	0.335579	-525.962208	
4.725000	15.653412	0.815580	0.013364	50.390396	0.296639	-525.958768	
4.726000	15.725291	0.945118	0.013802	50.456503	0.183714	-525.955705	
4.727000	15.721063	0.839869	0.013867	50.517911	0.304427	-525.953054	
4.728000	15.530794	0.880349	0.013183	50.574630	0.253805	-525.950794	
4.729000	15.657640	0.912733	0.011309	50.626513	0.409564	-525.948870	
4.730000	15.623814	0.815580	0.007431	50.673438	0.203184	-525.947198	
4.731000	15.750661	0.799388	0.001269	50.715469	0.179820	-525.945671	
4.732000	15.699922	0.977502	-0.006241	50.752763	0.362836	-525.944162	
4.733000	15.505425	0.985598	-0.013895	50.785342	0.499125	-525.942545	
4.734000	15.644956	0.961310	-0.020936	50.813069	0.378412	-525.940715	
4.735000	15.585761	0.710331	-0.027055	50.835835	0.246017	-525.938620	
4.736000	15.759117	0.775100	-0.032190	50.853701	0.234335	-525.936261	
4.737000	15.712607	0.823676	-0.036043	50.866819	0.432928	-525.933682	
4.738000	15.551935	0.896541	-0.037971	50.875207	0.456292	-525.930952	
4.739000	15.615358	1.115135	-0.037536	50.878734	0.284957	-525.928174	
4.740000	15.606902	0.945118	-0.034986	50.877292	0.222654	-525.925482	
4.741000	15.822540	0.799388	-0.031138	50.870941	0.121410	-525.923010	
4.742000	15.687238	0.791292	-0.026854	50.859834	0.281063	-525.920876	
4.743000	15.623814	0.831773	-0.022629	50.843998	0.386200	-525.919150	
4.744000	15.594217	0.945118	-0.018561	50.823321	0.323897	-525.917847	
4.745000	15.585761	1.017982	-0.014438	50.797706	0.242123	-525.916933	
4.746000	15.784486	0.791292	-0.010168	50.767225	0.090259	-525.916346	
4.747000	15.628043	0.856061	-0.006136	50.732037	0.300533	-525.915984	
4.748000	15.598445	0.767004	-0.002702	50.692181	0.425140	-525.915718	
4.749000	15.560391	1.098943	0.000184	50.647553	0.588687	-525.915411	
4.750000	15.581532	0.847965	0.002744	50.598065	0.339473	-525.914947	
4.751000	15.695694	0.985598	0.005105	50.543782	0.117516	-525.914246	
4.752000	15.763345	0.775100	0.007132	50.484860	0.214866	-525.913276	
4.753000	15.763345	0.758908	0.008642	50.421337	0.405670	-525.912054	
4.754000	15.632271	0.937022	0.009826	50.353123	0.323897	-525.910637	
4.755000	15.585761	0.847965	0.011122	50.280141	0.210972	-525.909118	
4.756000	15.763345	0.742716	0.012665	50.202466	0.043531	-525.907628	
4.757000	15.729520	0.677947	0.014066	50.120256	0.358942	-525.906306	
4.758000	15.632271	0.977502	0.014788	50.033555	0.362836	-525.905275	
4.759000	15.649184	0.985598	0.014564	49.942284	0.432928	-525.904627	
4.760000	15.551935	0.799388	0.013468	49.846381	0.374518	-525.904412	
4.761000	15.687238	0.726523	0.011912	49.745922	0.253805	-525.904628	
4.762000	15.729520	0.856061	0.010366	49.641060	0.339473	-525.905231	
4.763000	15.551935	1.009886	0.008605	49.531838	0.436822	-525.906138	
4.764000	15.640727	0.839869	0.006063	49.418183	0.226548	-525.907238	
4.765000	15.636499	0.637467	0.002867	49.300034	0.265487	-525.908405	
4.766000	15.750661	0.880349	-0.000324	49.177466	0.063001	-525.909518	
4.767000	15.704150	0.928926	-0.002993	49.050630	0.281063	-525.910475	
4.768000	15.577304	0.888445	-0.004940	48.919579	0.284957	-525.911203	
4.769000	15.674553	0.799388	-0.006103	48.784255	0.261593	-525.911680	
4.770000	15.589989	0.653659	-0.006029	48.644614	0.351155	-525.911933	
4.771000	15.725291	0.758908	-0.003813	48.500741	0.059107	-525.912033	
4.772000	15.674553	0.880349	0.000681	48.352791	0.323897	-525.912080	
4.773000	15.505425	0.961310	0.006412	48.200820	0.308321	-525.912194	
4.774000	15.653412	1.058463	0.012141	48.044774	0.432928	-525.912498	
4.775000	15.653412	0.896541	0.017034	47.884609	0.362836	-525.913107	
4.776000	15.759117	0.815580	0.020655	47.720408	0.183714	-525.914110	
4.777000	15.670325	0.864157	0.022652	47.552325	0.281063	-525.915547	
4.778000	15.598445	0.718427	0.022947	47.380421	0.432928	-525.917401	
4.779000	15.628043	1.155616	0.022046	47.204654	0.281063	-525.919614	
4.780000	15.640727	0.872253	0.020415	47.024994	0.140880	-525.922099	
4.781000	15.839453	0.847965	0.018308	46.841524	0.059107	-525.924750	
4.782000	15.708379	0.767004	0.016135	46.654398	0.300533	-525.927444	
4.783000	15.649184	0.993694	0.014268	46.463681	0.343367	-525.930058	
4.784000	15.564620	0.993694	0.012763	46.269349	0.292745	-525.932488	
4.785000	15.577304	0.896541	0.011513	46.071382	0.277169	-525.934679	
4.786000	15.611130	0.912733	0.010825	45.869862	0.175926	-525.936629	
4.787000	15.746433	0.742716	0.011254	45.664933	0.261593	-525.938376	
4.788000	15.636499	0.937022	0.012581	45.456660	0.413458	-525.939982	
4.789000	15.606902	1.009886	0.014128	45.245024	0.467974	-525.941550	
4.790000	15.556163	0.839869	0.015565	45.030011	0.210972	-525.943213	
4.791000	15.733748	0.831773	0.016719	44.811699	0.090259	-525.945107	
4.792000	15.776030	0.767004	0.017469	44.590223	0.187608	-525.947338	
4.793000	15.615358	1.074655	0.017854	44.365653	0.347261	-525.949975	
4.794000	15.657640	0.775100	0.018019	44.137992	0.323897	-525.953033	
4.795000	15.611130	0.742716	0.018034	43.907244	0.121410	-525.956493	
4.796000	15.666097	0.718427	0.017580	43.673492	0.105834	-525.960297	
4.797000	15.619586	0.920829	0.016203	43.436871	0.210972	-525.964337	
4.798000	15.594217	1.074655	0.013959	43.197452	0.456292	-525.968472	
4.799000	15.636499	0.904637	0.011383	42.955243	0.479655	-525.972563	
4.800000	15.602673	0.928926	0.009088	42.710249	0.109728	-525.976498	0.000000
4.801000	15.678781	0.831773	0.007523	42.462544	0.172032	-525.980199	
4.802000	15.670325	0.888445	0.006828	42.212252	0.253805	-525.983632	
4.803000	15.661868	1.082751	0.007011	41.959440	0.456292	-525.986805	
4.804000	15.784486	0.856061	0.008379	41.704126	0.261593	-525.989768	
4.805000	15.699922	0.686043	0.011351	41.446336	0.101940	-525.992614	
4.806000	15.750661	0.864157	0.015835	41.186153	0.156456	-525.995478	
4.807000	15.623814	0.928926	0.021132	40.923702	0.343367	-525.998497	
4.808000	15.623814	1.163712	0.026386	40.659055	0.253805	-526.001788	
4.809000	15.615358	0.993694	0.030960	40.392245	0.366730	-526.005436	
4.810000	15.661868	0.750812	0.034392	40.123304	0.144774	-526.009487	
4.811000	15.737976	0.726523	0.036269	39.852312	0.273275	-526.013944	
4.812000	15.670325	0.839869	0.036460	39.579387	0.362836	-526.018764	
4.813000	15.581532	1.131328	0.035281	39.304604	0.195396	-526.023863	
4.814000	15.505425	1.115135	0.033201	39.028003	0.273275	-526.029123	
4.815000	15.666097	0.823676	0.030683	38.749624	0.027955	-526.034414	
4.816000	15.750661	0.791292	0.028209	38.469537	0.148668	-526.039621	
4.817000	15.725291	0.637467	0.026203	38.187850	0.175926	-526.044649	
4.818000	15.657640	0.945118	0.025041	37.904638	0.284957	-526.049431	
4.819000	15.632271	0.904637	0.025124	37.619967	0.160350	-526.053946	
4.820000	15.615358	1.042271	0.027090	37.333899	0.000697	-526.058217	
4.821000	15.737976	1.017982	0.031545	37.046508	0.210972	-526.062308	
4.822000	15.661868	1.066559	0.038009	36.757897	0.242123	-526.066316	
4.823000	15.611130	0.904637	0.044938	36.468148	0.316109	-526.070358	
4.824000	15.522337	0.880349	0.050931	36.177335	0.401776	-526.074552	
4.825000	15.606902	0.928926	0.055182	35.885524	0.164244	-526.079009	
4.826000	15.670325	0.937022	0.057303	35.592780	0.300533	-526.083808	
4.827000	15.691466	0.847965	0.057318	35.299191	0.273275	-526.088982	
4.828000	15.543479	1.139424	0.055805	35.004839	0.304427	-526.094513	
4.829000	15.666097	0.831773	0.053758	34.709825	0.460186	-526.100349	
4.830000	15.619586	0.896541	0.051784	34.414239	0.101940	-526.106411	
4.831000	15.704150	0.880349	0.049816	34.118149	0.129198	-526.112590	
4.832000	15.729520	0.645563	0.047750	33.821630	0.257699	-526.118757	
4.833000	15.623814	0.904637	0.045629	33.524757	0.331685	-526.124786	
4.834000	15.568848	0.920829	0.043438	33.227623	0.386200	-526.130576	
4.835000	15.560391	0.961310	0.041256	32.930313	0.199290	-526.136074	
4.836000	15.653412	0.928926	0.039246	32.632885	0.347261	-526.141275	
4.837000	15.640727	0.953214	0.037209	32.335406	0.327791	-526.146210	
4.838000	15.699922	0.904637	0.034733	32.037953	0.351155	-526.150934	
4.839000	15.509653	0.880349	0.031759	31.740656	0.393988	-526.155551	
4.840000	15.594217	0.993694	0.028426	31.443633	0.000697	-526.160197	
4.841000	15.712607	0.880349	0.024785	31.146942	0.269381	-526.165013	
4.842000	15.632271	0.969406	0.020797	30.850631	0.292745	-526.170109	
4.843000	15.683009	1.074655	0.016352	30.554767	0.378412	-526.175551	
4.844000	15.547707	0.856061	0.011871	30.259484	0.265487	-526.181354	
4.845000	15.623814	0.677947	0.008097	29.964905	0.027955	-526.187493	
4.846000	15.691466	0.961310	0.004389	29.671082	0.090259	-526.193911	
4.847000	15.551935	0.945118	-0.000832	29.378055	0.300533	-526.200503	
4.848000	15.568848	1.147520	-0.007864	29.085899	0.378412	-526.207125	
4.849000	15.501196	1.009886	-0.015671	28.794775	0.312215	-526.213635	
4.850000	15.628043	0.904637	-0.023060	28.504824	0.183714	-526.219916	
4.851000	15.699922	0.839869	-0.029165	28.216087	0.343367	-526.225889	
4.852000	15.606902	0.767004	-0.033422	27.928581	0.308321	-526.231516	
4.853000	15.619586	0.945118	-0.035395	27.642365	0.460186	-526.236799	
4.854000	15.581532	0.880349	-0.034715	27.357595	0.355048	-526.241780	
4.855000	15.699922	0.928926	-0.031263	27.074409	0.172032	-526.246550	
4.856000	15.805627	1.017982	-0.025524	26.792840	0.160350	-526.251241	
4.857000	15.674553	0.791292	-0.018545	26.512895	0.121410	-526.255996	
4.858000	15.585761	0.961310	-0.011314	26.234629	0.370624	-526.260940	
4.859000	15.547707	0.888445	-0.004465	25.958205	0.246017	-526.266164	
4.860000	15.573076	0.961310	0.001378	25.683758	0.199290	-526.271716	
4.861000	15.683009	0.831773	0.005579	25.411310	0.203184	-526.277597	
4.862000	15.649184	0.831773	0.007400	25.140855	0.351155	-526.283761	
4.863000	15.560391	1.017982	0.005848	24.872447	0.417352	-526.290127	
4.864000	15.547707	0.880349	0.000702	24.606261	0.421246	-526.296576	
4.865000	15.543479	0.880349	-0.006828	24.342440	0.253805	-526.302972	
4.866000	15.712607	0.718427	-0.015051	24.080991	0.187608	-526.309186	
4.867000	15.708379	0.807484	-0.022757	23.821885	0.175926	-526.315113	
4.868000	15.628043	1.009886	-0.029479	23.565167	0.425140	-526.320682	
4.869000	15.547707	0.961310	-0.035001	23.311022	0.429034	-526.325877	
4.870000	15.632271	0.734620	-0.038627	23.059604	0.148668	-526.330726	
4.871000	15.716835	0.856061	-0.039366	22.810914	0.253805	-526.335295	
4.872000	15.674553	0.702235	-0.036889	22.564915	0.288851	-526.339686	
4.873000	15.628043	0.872253	-0.031869	22.321654	0.261593	-526.344022	
4.874000	15.492740	0.928926	-0.025460	22.081318	0.355048	-526.348432	
4.875000	15.496968	0.912733	-0.018681	21.844056	0.191502	-526.353032	
4.876000	15.649184	0.993694	-0.012030	21.609851	0.210972	-526.357904	
4.877000	15.632271	0.856061	-0.005638	21.378642	0.339473	-526.363076	
4.878000	15.585761	0.839869	0.000156	21.150467	0.277169	-526.368524	
4.879000	15.509653	0.847965	0.004723	20.925528	0.444610	-526.374190	
4.880000	15.657640	0.677947	0.007683	20.703982	0.175926	-526.379998	
4.881000	15.721063	0.767004	0.009263	20.485799	0.308321	-526.385839	
4.882000	15.581532	0.953214	0.010114	20.270905	0.152562	-526.391584	
4.883000	15.611130	0.888445	0.010755	20.059334	0.308321	-526.397106	
4.884000	15.480055	1.026079	0.011176	19.851298	0.343367	-526.402307	
4.885000	15.699922	0.645563	0.011000	19.646960	0.203184	-526.407138	
4.886000	15.594217	0.904637	0.010035	19.446288	0.296639	-526.411603	
4.887000	15.606902	0.580794	0.008937	19.249196	0.288851	-526.415735	
4.888000	15.594217	1.017982	0.009040	19.055712	0.444610	-526.419592	
4.889000	15.458914	0.742716	0.010978	18.866045	0.277169	-526.423272	
4.890000	15.729520	0.888445	0.014129	18.680350	0.234335	-526.426909	
4.891000	15.704150	0.799388	0.017504	18.498578	0.362836	-526.430637	
4.892000	15.666097	0.677947	0.020511	18.320626	0.257699	-526.434567	
4.893000	15.556163	0.969406	0.023038	18.146521	0.253805	-526.438763	
4.894000	15.530794	0.783196	0.025446	17.976473	0.475762	-526.443239	
4.895000	15.653412	0.791292	0.028295	17.810633	0.308321	-526.447970	
4.896000	15.721063	0.588890	0.031413	17.648938	0.246017	-526.452900	
4.897000	15.661868	0.750812	0.034026	17.491272	0.187608	-526.457936	
4.898000	15.509653	0.912733	0.035961	17.337658	0.347261	-526.462950	
4.899000	15.403948	0.572698	0.037600	17.188318	0.374518	-526.467806	
4.900000	15.543479	0.750812	0.039159	17.043401	0.195396	-526.472389	0.000000
4.901000	15.725291	0.669851	0.040650	16.902831	0.323897	-526.476617	
4.902000	15.670325	0.791292	0.042049	16.766475	0.358942	-526.480455	
4.903000	15.577304	0.912733	0.043308	16.634364	0.257699	-526.483913	
4.904000	15.437773	0.864157	0.044339	16.506726	0.460186	-526.487040	
4.905000	15.636499	0.807484	0.045020	16.383706	0.168138	-526.489922	
4.906000	15.750661	0.767004	0.045150	16.265207	0.331685	-526.492684	
4.907000	15.712607	0.702235	0.044414	16.151081	0.226548	-526.495465	
4.908000	15.632271	0.734620	0.042524	16.041351	0.253805	-526.498391	
4.909000	15.387035	0.896541	0.039383	15.936248	0.288851	-526.501560	
4.910000	15.594217	0.823676	0.035133	15.835913	0.246017	-526.505023	
4.911000	15.678781	0.888445	0.030117	15.740240	0.355048	-526.508777	
4.912000	15.683009	0.896541	0.024673	15.649070	0.304427	-526.512776	
4.913000	15.577304	0.783196	0.018908	15.562431	0.362836	-526.516937	
4.914000	15.412404	0.653659	0.012876	15.480554	0.405670	-526.521148	
4.915000	15.628043	0.799388	0.006859	15.403573	0.277169	-526.525276	
4.916000	15.585761	0.920829	0.001336	15.331360	0.362836	-526.529196	
4.917000	15.708379	0.742716	-0.003409	15.263742	0.277169	-526.532799	
4.918000	15.670325	0.945118	-0.007376	15.200746	0.269381	-526.536016	
4.919000	15.458914	0.710331	-0.010373	15.142619	0.281063	-526.538830	
4.920000	15.619586	0.831773	-0.012286	15.089491	0.218760	-526.541273	
4.921000	15.653412	0.686043	-0.013429	15.041222	0.277169	-526.543413	
4.922000	15.699922	0.831773	-0.013665	14.997627	0.160350	-526.545347	
4.923000	15.611130	1.017982	-0.012380	14.958728	0.339473	-526.547194	
4.924000	15.437773	0.807484	-0.009499	14.924769	0.304427	-526.549077	
4.925000	15.606902	0.702235	-0.005604	14.895873	0.300533	-526.551108	
4.926000	15.619586	0.686043	-0.001508	14.871885	0.374518	-526.553371	
4.927000	15.640727	0.856061	0.002124	14.852606	0.308321	-526.555893	
4.928000	15.535022	0.880349	0.004925	14.838057	0.179820	-526.558650	
4.929000	15.480055	0.686043	0.006617	14.828470	0.257699	-526.561578	
4.930000	15.640727	0.734620	0.006945	14.823949	0.168138	-526.564593	
4.931000	15.725291	0.669851	0.005998	14.824318	0.261593	-526.567587	
4.932000	15.573076	0.815580	0.004394	14.829370	0.129198	-526.570431	
4.933000	15.551935	0.775100	0.002889	14.839122	0.214866	-526.573001	
4.934000	15.450458	0.856061	0.001803	14.853807	0.226548	-526.575194	
4.935000	15.661868	0.807484	0.000917	14.873523	0.222654	-526.576956	
4.936000	15.699922	0.928926	-6.026962E-5	14.898088	0.444610	-526.578289	
4.937000	15.573076	0.969406	-0.001220	14.927294	0.218760	-526.579231	
4.938000	15.509653	0.839869	-0.002556	14.961177	0.351155	-526.579845	
4.939000	15.420861	0.928926	-0.003877	14.999986	0.518595	-526.580235	
4.940000	15.666097	0.677947	-0.004842	15.043813	0.218760	-526.580530	
4.941000	15.678781	0.799388	-0.005261	15.092458	0.417352	-526.580864	
4.942000	15.695694	0.823676	-0.005272	15.145699	0.187608	-526.581349	
4.943000	15.628043	0.920829	-0.005171	15.203570	0.370624	-526.582058	
4.944000	15.454686	1.009886	-0.005022	15.266317	0.351155	-526.583010	
4.945000	15.564620	0.710331	-0.004598	15.334024	0.156456	-526.584180	
4.946000	15.606902	0.856061	-0.003375	15.406478	0.413458	-526.585511	
4.947000	15.644956	0.953214	-0.000780	15.483452	0.281063	-526.586905	
4.948000	15.602673	0.847965	0.003067	15.564974	0.425140	-526.588235	
4.949000	15.425089	0.839869	0.007527	15.651288	0.366730	-526.589371	
4.950000	15.581532	0.937022	0.012057	15.742462	0.370624	-526.590197	
4.951000	15.543479	0.993694	0.016059	15.838270	0.475762	-526.590629	
4.952000	15.699922	0.823676	0.018859	15.938473	0.327791	-526.590625	
4.953000	15.522337	1.001790	0.020184	16.043100	0.323897	-526.590193	
4.954000	15.530794	0.605082	0.020228	16.152391	0.172032	-526.589385	
4.955000	15.619586	0.856061	0.019260	16.266401	0.246017	-526.588291	
4.956000	15.695694	0.758908	0.017590	16.384885	0.409564	-526.587037	
4.957000	15.636499	0.896541	0.015553	16.507595	0.234335	-526.585756	
4.958000	15.543479	1.042271	0.013221	16.634562	0.312215	-526.584573	
4.959000	15.560391	0.807484	0.010477	16.766027	0.269381	-526.583585	
4.960000	15.615358	0.872253	0.007277	16.902037	0.304427	-526.582852	
4.961000	15.674553	0.783196	0.003964	17.042342	0.347261	-526.582380	
4.962000	15.611130	0.937022	0.001134	17.186693	0.358942	-526.582127	
4.963000	15.492740	0.937022	-0.001273	17.335124	0.335579	-526.582010	
4.964000	15.492740	0.945118	-0.003770	17.487871	0.308321	-526.581915	
4.965000	15.632271	0.928926	-0.006250	17.644969	0.335579	-526.581713	
4.966000	15.644956	0.904637	-0.008185	17.806151	0.464080	-526.581281	
4.967000	15.539250	0.928926	-0.009429	17.971165	0.210972	-526.580516	
4.968000	15.475827	0.880349	-0.010165	18.140059	0.234335	-526.579348	
4.969000	15.691466	0.904637	-0.010316	18.313075	0.327791	-526.577757	
4.970000	15.687238	0.856061	-0.009635	18.490237	0.269381	-526.575773	
4.971000	15.716835	0.864157	-0.008206	18.671270	0.261593	-526.573470	
4.972000	15.619586	0.783196	-0.006470	18.855923	0.382306	-526.570958	
4.973000	15.501196	1.034175	-0.004882	19.044249	0.304427	-526.568369	
4.974000	15.547707	0.977502	-0.003720	19.236491	0.393988	-526.565833	
4.975000	15.640727	0.904637	-0.003165	19.432665	0.277169	-526.563465	
4.976000	15.636499	0.839869	-0.003180	19.632486	0.366730	-526.561348	
4.977000	15.636499	0.864157	-0.003426	19.835697	0.296639	-526.559515	
4.978000	15.450458	1.058463	-0.003779	20.042347	0.257699	-526.557946	
4.979000	15.547707	1.034175	-0.004921	20.252675	0.316109	-526.556585	
4.980000	15.598445	1.050367	-0.007925	20.466687	0.339473	-526.555348	
4.981000	15.623814	0.937022	-0.012969	20.684086	0.413458	-526.554120	
4.982000	15.678781	0.815580	-0.018951	20.904605	0.312215	-526.552777	
4.983000	15.513881	0.758908	-0.024492	21.128291	0.284957	-526.551203	
4.984000	15.568848	0.775100	-0.028834	21.355373	0.269381	-526.549303	
4.985000	15.602673	0.993694	-0.031886	21.585844	0.238229	-526.547030	
4.986000	15.674553	1.017982	-0.033630	21.819398	0.378412	-526.544384	
4.987000	15.742204	0.928926	-0.033800	22.055767	0.187608	-526.541401	
4.988000	15.420861	0.880349	-0.032183	22.295000	0.292745	-526.538150	
4.989000	15.535022	0.953214	-0.028724	22.537327	0.257699	-526.534735	
4.990000	15.585761	0.937022	-0.023436	22.782735	0.327791	-526.531287	
4.991000	15.623814	0.896541	-0.016729	23.030910	0.417352	-526.527934	
4.992000	15.632271	1.001790	-0.009503	23.281578	0.358942	-526.524785	
4.993000	15.437773	0.912733	-0.002718	23.534784	0.284957	-526.521907	
4.994000	15.737976	0.904637	0.002907	23.790743	0.210972	-526.519324	
4.995000	15.535022	0.945118	0.007052	24.049424	0.355048	-526.517016	
4.996000	15.674553	0.831773	0.009653	24.310509	0.273275	-526.514926	
4.997000	15.644956	0.823676	0.010480	24.573726	0.304427	-526.512959	
4.998000	15.446230	0.872253	0.009530	24.839122	0.257699	-526.510986	
4.999000	15.712607	0.791292	0.007542	25.106922	0.281063	-526.508876	
5.000000	15.581532	0.896541	0.005453	25.377100	0.347261	-526.506514	0.000000
5.001000	15.611130	0.815580	0.003942	25.649341	0.413458	-526.503815	
5.002000	15.496968	0.888445	0.003609	25.923371	0.300533	-526.500737	
5.003000	15.429317	1.139424	0.005053	26.199235	0.401776	-526.497281	
5.004000	15.670325	0.953214	0.008735	26.477143	0.292745	-526.493488	
5.005000	15.632271	0.823676	0.014500	26.757055	0.249911	-526.489440	
5.006000	15.708379	0.864157	0.021490	27.038646	0.343367	-526.485260	
5.007000	15.577304	0.847965	0.028710	27.321639	0.269381	-526.481093	
5.008000	15.442002	0.847965	0.035322	27.606077	0.339473	-526.477068	
5.009000	15.704150	0.775100	0.040800	27.892167	0.199290	-526.473285	
5.010000	15.666097	0.799388	0.045167	28.179873	0.261593	-526.469801	
5.011000	15.674553	0.686043	0.048598	28.468874	0.304427	-526.466623	
5.012000	15.513881	0.742716	0.050803	28.758896	0.312215	-526.463716	
5.013000	15.391263	0.888445	0.051206	29.049983	0.277169	-526.461007	
5.014000	15.687238	0.864157	0.049657	29.342332	0.347261	-526.458383	
5.015000	15.606902	0.888445	0.046600	29.635894	0.366730	-526.455708	
5.016000	15.632271	0.807484	0.042642	29.930340	0.397882	-526.452852	
5.017000	15.661868	0.621274	0.038296	30.225392	0.284957	-526.449708	
5.018000	15.403948	0.847965	0.034192	30.521086	0.366730	-526.446211	
5.019000	15.801399	0.621274	0.031333	30.817618	0.191502	-526.442347	
5.020000	15.699922	0.896541	0.030906	31.114935	0.242123	-526.438143	
5.021000	15.721063	0.920829	0.033716	31.412718	0.304427	-526.433664	
5.022000	15.670325	0.645563	0.039678	31.710697	0.148668	-526.429011	
5.023000	15.480055	0.653659	0.047676	32.008906	0.351155	-526.424319	
5.024000	15.763345	0.750812	0.056110	32.307531	0.253805	-526.419726	
5.025000	15.518109	0.839869	0.063653	32.606519	0.413458	-526.415344	
5.026000	15.602673	0.920829	0.069532	32.905551	0.370624	-526.411251	
5.027000	15.577304	0.864157	0.073401	33.204359	0.292745	-526.407472	
5.028000	15.425089	0.710331	0.074938	33.502978	0.386200	-526.403984	
5.029000	15.911333	0.694139	0.073677	33.801595	0.362836	-526.400727	
5.030000	15.577304	0.872253	0.069541	34.100156	0.448504	-526.397613	
5.031000	15.598445	0.556506	0.063080	34.398349	0.432928	-526.394528	
5.032000	15.568848	0.847965	0.055106	34.695905	0.265487	-526.391342	
5.033000	15.501196	0.856061	0.046427	34.992854	0.327791	-526.387935	
5.034000	15.822540	0.807484	0.037782	35.289371	0.218760	-526.384216	
5.035000	15.632271	0.710331	0.029817	35.585403	0.312215	-526.380138	
5.036000	15.644956	0.831773	0.022696	35.880645	0.355048	-526.375703	
5.037000	15.615358	0.928926	0.015940	36.174841	0.339473	-526.370946	
5.038000	15.446230	0.977502	0.009271	36.468019	0.382306	-526.365932	
5.039000	15.674553	0.807484	0.003099	36.760355	0.316109	-526.360763	
5.040000	15.581532	0.969406	-0.002158	37.051795	0.386200	-526.355565	
5.041000	15.678781	0.945118	-0.006428	37.342041	0.397882	-526.350466	
5.042000	15.640727	0.815580	-0.009718	37.630837	0.386200	-526.345573	
5.043000	15.454686	0.864157	-0.012102	37.918209	0.335579	-526.340950	
5.044000	15.780258	0.807484	-0.013598	38.204320	0.288851	-526.336614	
5.045000	15.653412	0.799388	-0.013964	38.489112	0.355048	-526.332540	
5.046000	15.699922	0.928926	-0.013199	38.772287	0.261593	-526.328671	
5.047000	15.632271	0.823676	-0.011765	39.053599	0.281063	-526.324913	
5.048000	15.496968	0.896541	-0.010046	39.333077	0.246017	-526.321145	
5.049000	15.733748	0.807484	-0.008105	39.610885	0.292745	-526.317237	
5.050000	15.649184	0.872253	-0.006047	39.886975	0.471868	-526.313073	
5.051000	15.598445	0.912733	-0.004183	40.161066	0.378412	-526.308566	
5.052000	15.653412	0.694139	-0.002687	40.432924	0.281063	-526.303680	
5.053000	15.488512	0.807484	-0.001518	40.702581	0.390094	-526.298431	
5.054000	15.725291	0.750812	-0.000186	40.970192	0.327791	-526.292867	
5.055000	15.556163	0.985598	0.002577	41.235704	0.378412	-526.287069	
5.056000	15.589989	0.937022	0.007459	41.498837	0.331685	-526.281153	
5.057000	15.708379	0.710331	0.013524	41.759357	0.191502	-526.275261	
5.058000	15.615358	0.775100	0.019378	42.017291	0.246017	-526.269529	
5.059000	15.792943	0.823676	0.024071	42.272800	0.355048	-526.264063	
5.060000	15.560391	0.872253	0.026971	42.525842	0.296639	-526.258921	
5.061000	15.623814	0.969406	0.027940	42.776152	0.327791	-526.254103	
5.062000	15.606902	1.042271	0.027476	43.023513	0.370624	-526.249571	
5.063000	15.649184	0.767004	0.026099	43.267962	0.203184	-526.245253	
5.064000	15.687238	0.864157	0.023896	43.509664	0.343367	-526.241041	
5.065000	15.543479	0.637467	0.020980	43.748580	0.308321	-526.236799	
5.066000	15.581532	0.985598	0.017916	43.984455	0.491337	-526.232393	
5.067000	15.606902	0.937022	0.015211	44.217072	0.320003	-526.227710	
5.068000	15.615358	0.791292	0.012757	44.446460	0.335579	-526.222681	
5.069000	15.763345	0.767004	0.010261	44.672774	0.261593	-526.217292	
5.070000	15.551935	0.669851	0.007753	44.895976	0.503019	-526.211570	
5.071000	15.602673	0.961310	0.005454	45.115818	0.351155	-526.205579	
5.072000	15.721063	0.864157	0.003635	45.332094	0.257699	-526.199425	
5.073000	15.683009	0.767004	0.002462	45.544840	0.043531	-526.193245	
5.074000	15.792943	0.839869	0.001773	45.754214	0.214866	-526.187181	
5.075000	15.661868	0.775100	0.001167	45.960186	0.374518	-526.181356	
5.076000	15.589989	1.082751	0.000168	46.162527	0.386200	-526.175859	
5.077000	15.602673	0.783196	-0.001526	46.361044	0.300533	-526.170724	
5.078000	15.632271	0.856061	-0.003992	46.555780	0.257699	-526.165934	
5.079000	15.784486	1.050367	-0.007323	46.746896	0.374518	-526.161432	
5.080000	15.666097	0.791292	-0.011513	46.934367	0.300533	-526.157132	
5.081000	15.619586	1.277057	-0.016255	47.117971	0.401776	-526.152917	
5.082000	15.611130	0.775100	-0.021015	47.297519	0.288851	-526.148657	
5.083000	15.674553	0.880349	-0.025181	47.473051	0.136986	-526.144233	
5.084000	15.830997	0.856061	-0.028305	47.644725	0.253805	-526.139554	
5.085000	15.683009	0.807484	-0.030169	47.812524	0.316109	-526.134572	
5.086000	15.683009	0.807484	-0.030545	47.976244	0.421246	-526.129292	
5.087000	15.623814	0.718427	-0.029053	48.135714	0.175926	-526.123759	
5.088000	15.636499	0.839869	-0.025378	48.290984	0.288851	-526.118050	
5.089000	15.725291	0.807484	-0.019649	48.442215	0.269381	-526.112274	
5.090000	15.632271	0.872253	-0.012608	48.589396	0.284957	-526.106558	
5.091000	15.606902	0.977502	-0.005374	48.732330	0.347261	-526.101027	
5.092000	15.670325	0.815580	0.000956	48.870851	0.316109	-526.095790	
5.093000	15.670325	0.937022	0.005658	49.005008	0.296639	-526.090918	
5.094000	15.640727	0.831773	0.008604	49.134959	0.308321	-526.086428	
5.095000	15.640727	0.839869	0.010117	49.260694	0.487443	-526.082296	
5.096000	15.657640	1.082751	0.010369	49.382024	0.308321	-526.078461	
5.097000	15.687238	0.864157	0.009059	49.498792	0.214866	-526.074838	
5.098000	15.725291	0.961310	0.006166	49.611051	0.148668	-526.071316	
5.099000	15.750661	0.734620	0.002505	49.718966	0.253805	-526.067776	
5.100000	15.568848	0.872253	-0.000939	49.822539	0.249911	-526.064108	0.000000
5.101000	15.653412	1.115135	-0.003562	49.921596	0.362836	-526.060225	
5.102000	15.564620	0.977502	-0.004932	50.015996	0.226548	-526.056088	
5.103000	15.792943	0.767004	-0.004721	50.105799	0.187608	-526.051709	
5.104000	15.695694	0.661755	-0.002997	50.191168	0.366730	-526.047133	
5.105000	15.628043	0.864157	-0.000177	50.272105	0.405670	-526.042434	
5.106000	15.585761	1.098943	0.003352	50.348441	0.331685	-526.037722	
5.107000	15.670325	0.823676	0.007226	50.420039	0.179820	-526.033123	
5.108000	15.839453	0.791292	0.010929	50.486954	0.187608	-526.028765	
5.109000	15.763345	0.791292	0.013893	50.549344	0.288851	-526.024753	
5.110000	15.678781	0.880349	0.015729	50.607216	0.320003	-526.021146	
5.111000	15.573076	1.115135	0.016519	50.660415	0.327791	-526.017949	
5.112000	15.628043	0.937022	0.016683	50.708816	0.273275	-526.015127	
5.113000	15.780258	0.872253	0.016332	50.752484	0.207078	-526.012614	
5.114000	15.763345	0.839869	0.015363	50.791586	0.273275	-526.010304	
5.115000	15.623814	1.042271	0.014043	50.826141	0.312215	-526.008062	
5.116000	15.475827	1.163712	0.013029	50.856010	0.390094	-526.005754	
5.117000	15.585761	0.937022	0.012923	50.881074	0.261593	-526.003270	
5.118000	15.704150	0.920829	0.013842	50.901395	0.160350	-526.000538	
5.119000	15.725291	0.888445	0.015387	50.917131	0.335579	-525.997539	
5.120000	15.721063	1.026079	0.017172	50.928300	0.355048	-525.994295	
5.121000	15.674553	0.969406	0.019344	50.934767	0.304427	-525.990869	
5.122000	15.594217	0.912733	0.022203	50.936418	0.195396	-525.987366	
5.123000	15.767574	0.767004	0.025584	50.933316	0.234335	-525.983920	
5.124000	15.750661	0.847965	0.028955	50.925617	0.273275	-525.980668	
5.125000	15.619586	0.928926	0.031847	50.913347	0.292745	-525.977727	
5.126000	15.661868	0.920829	0.034063	50.896388	0.323897	-525.975183	
5.127000	15.611130	0.823676	0.035441	50.874641	0.374518	-525.973076	
5.128000	15.746433	1.042271	0.035657	50.848180	0.207078	-525.971395	
5.129000	15.628043	0.969406	0.034520	50.817166	0.308321	-525.970080	
5.130000	15.594217	1.017982	0.032196	50.781632	0.300533	-525.969036	
5.131000	15.628043	1.358018	0.029031	50.741465	0.358942	-525.968134	
5.132000	15.556163	0.864157	0.025403	50.696569	0.218760	-525.967242	
5.133000	15.788715	0.742716	0.021736	50.647016	0.125304	-525.966242	
5.134000	15.699922	0.750812	0.018336	50.592961	0.253805	-525.965041	
5.135000	15.632271	0.985598	0.015366	50.534440	0.370624	-525.963582	
5.136000	15.708379	1.050367	0.012968	50.471351	0.296639	-525.961858	
5.137000	15.644956	0.969406	0.011198	50.403613	0.308321	-525.959910	
5.138000	15.780258	0.807484	0.010236	50.331306	0.121410	-525.957816	
5.139000	15.602673	0.799388	0.010477	50.254593	0.401776	-525.955686	
5.140000	15.594217	0.912733	0.011917	50.173517	0.246017	-525.953645	
5.141000	15.598445	1.066559	0.013928	50.087990	0.386200	-525.951811	
5.142000	15.632271	0.807484	0.015802	49.997940	0.335579	-525.950288	
5.143000	15.805627	0.880349	0.016986	49.903446	0.160350	-525.949152	
5.144000	15.640727	0.767004	0.017153	49.804671	0.312215	-525.948423	
5.145000	15.577304	1.228481	0.016507	49.701664	0.343367	-525.948071	
5.146000	15.568848	0.945118	0.015820	49.594343	0.358942	-525.948032	
5.147000	15.674553	0.831773	0.016047	49.482639	0.300533	-525.948210	
5.148000	15.860594	0.847965	0.017571	49.366634	0.113622	-525.948492	
5.149000	15.712607	0.686043	0.019986	49.246491	0.269381	-525.948756	
5.150000	15.585761	0.977502	0.022662	49.122264	0.304427	-525.948893	
5.151000	15.594217	1.026079	0.024980	48.993883	0.358942	-525.948815	
5.152000	15.636499	0.856061	0.026385	48.861288	0.226548	-525.948483	
5.153000	15.759117	0.847965	0.026922	48.724563	0.222654	-525.947907	
5.154000	15.737976	0.605082	0.027322	48.583867	0.230441	-525.947137	
5.155000	15.615358	0.985598	0.028126	48.439259	0.347261	-525.946250	
5.156000	15.577304	1.066559	0.029243	48.290674	0.425140	-525.945355	
5.157000	15.573076	1.026079	0.030220	48.138057	0.355048	-525.944580	
5.158000	15.725291	0.920829	0.030479	47.981482	0.175926	-525.944055	
5.159000	15.767574	0.710331	0.029654	47.821100	0.281063	-525.943881	
5.160000	15.640727	0.904637	0.027805	47.656962	0.331685	-525.944112	
5.161000	15.661868	0.928926	0.025497	47.489013	0.296639	-525.944752	
5.162000	15.606902	0.653659	0.023662	47.317208	0.249911	-525.945767	
5.163000	15.708379	0.953214	0.022606	47.141629	0.257699	-525.947094	
5.164000	15.649184	0.937022	0.021697	46.962431	0.323897	-525.948625	
5.165000	15.602673	1.204192	0.020335	46.779680	0.456292	-525.950226	
5.166000	15.636499	0.856061	0.018437	46.593340	0.339473	-525.951768	
5.167000	15.480055	0.783196	0.016172	46.403388	0.140880	-525.953143	
5.168000	15.691466	0.839869	0.013482	46.209906	0.183714	-525.954283	
5.169000	15.623814	1.026079	0.009971	46.013040	0.335579	-525.955161	
5.170000	15.699922	0.912733	0.005460	45.812850	0.397882	-525.955791	
5.171000	15.623814	0.783196	0.000329	45.609303	0.323897	-525.956229	
5.172000	15.568848	0.677947	-0.004783	45.402374	0.281063	-525.956581	
5.173000	15.784486	0.742716	-0.009414	45.192143	0.222654	-525.956986	
5.174000	15.666097	0.775100	-0.013430	44.978755	0.207078	-525.957580	
5.175000	15.623814	1.017982	-0.016834	44.762275	0.300533	-525.958476	
5.176000	15.640727	1.026079	-0.019520	44.542682	0.277169	-525.959754	
5.177000	15.661868	0.823676	-0.021368	44.319961	0.242123	-525.961457	
5.178000	15.733748	0.896541	-0.022515	44.094202	0.027955	-525.963577	
5.179000	15.632271	0.977502	-0.023121	43.865553	0.288851	-525.966060	
5.180000	15.526566	1.017982	-0.022843	43.634090	0.425140	-525.968812	
5.181000	15.623814	0.750812	-0.021287	43.399803	0.522489	-525.971707	
5.182000	15.628043	0.702235	-0.018615	43.162684	0.246017	-525.974613	
5.183000	15.678781	0.758908	-0.015276	42.922815	0.090259	-525.977417	
5.184000	15.733748	0.677947	-0.011613	42.680333	0.253805	-525.980025	
5.185000	15.598445	1.066559	-0.007728	42.435305	0.358942	-525.982381	
5.186000	15.666097	0.945118	-0.003735	42.187724	0.312215	-525.984479	
5.187000	15.674553	0.726523	0.000151	41.937589	0.101940	-525.986359	
5.188000	15.767574	0.734620	0.004058	41.684981	0.207078	-525.988098	
5.189000	15.640727	0.856061	0.008229	41.430033	0.230441	-525.989813	
5.190000	15.526566	1.050367	0.012444	41.172820	0.460186	-525.991630	
5.191000	15.598445	0.904637	0.016197	40.913351	0.343367	-525.993672	
5.192000	15.589989	1.001790	0.019117	40.651635	0.152562	-525.996043	
5.193000	15.721063	0.815580	0.021103	40.387749	0.020167	-525.998815	
5.194000	15.708379	0.888445	0.022153	40.121816	0.281063	-526.002003	
5.195000	15.475827	0.953214	0.022100	39.853907	0.269381	-526.005576	
5.196000	15.598445	0.920829	0.020871	39.584038	0.257699	-526.009467	
5.197000	15.598445	0.694139	0.018804	39.312228	0.055213	-526.013579	
5.198000	15.835225	0.912733	0.016479	39.038550	0.226548	-526.017795	
5.199000	15.754889	0.799388	0.014420	38.763123	0.230441	-526.021989	
5.200000	15.615358	0.937022	0.012858	38.486023	0.261593	-526.026051	0.000000
5.201000	15.632271	0.880349	0.011813	38.207288	0.222654	-526.029895	
5.202000	15.602673	0.783196	0.011443	37.926956	0.113622	-526.033487	
5.203000	15.683009	0.637467	0.012045	37.645104	0.140880	-526.036841	
5.204000	15.560391	0.856061	0.013858	37.361844	0.347261	-526.040000	
5.205000	15.585761	1.042271	0.017053	37.077256	0.386200	-526.043033	
5.206000	15.543479	1.001790	0.021437	36.791396	0.444610	-526.046050	
5.207000	15.589989	0.548410	0.026224	36.504311	-0.010985	-526.049188	
5.208000	15.628043	0.856061	0.030441	36.216071	0.308321	-526.052574	
5.209000	15.653412	0.791292	0.033404	35.926771	0.288851	-526.056305	
5.210000	15.683009	1.042271	0.034847	35.636484	0.308321	-526.060427	
5.211000	15.547707	0.961310	0.034840	35.345275	0.304427	-526.064941	
5.212000	15.670325	0.775100	0.033293	35.053206	-0.030454	-526.069815	
5.213000	15.636499	0.937022	0.029615	34.760346	0.148668	-526.074987	
5.214000	15.699922	0.799388	0.023652	34.466790	0.355048	-526.080349	
5.215000	15.636499	0.864157	0.016302	34.172615	0.300533	-526.085765	
5.216000	15.589989	0.791292	0.008775	33.877900	0.288851	-526.091104	
5.217000	15.632271	0.767004	0.002143	33.582715	0.242123	-526.096260	
5.218000	15.585761	0.791292	-0.002782	33.287126	0.230441	-526.101169	
5.219000	15.653412	0.904637	-0.005590	32.991212	0.405670	-526.105807	
5.220000	15.513881	1.026079	-0.005960	32.695040	0.413458	-526.110187	
5.221000	15.632271	0.661755	-0.003431	32.398689	0.362836	-526.114358	
5.222000	15.598445	0.742716	0.002152	32.102236	0.210972	-526.118421	
5.223000	15.737976	0.718427	0.009996	31.805741	0.230441	-526.122514	
5.224000	15.708379	0.807484	0.018515	31.509275	0.160350	-526.126778	
5.225000	15.602673	1.050367	0.026276	31.212907	0.210972	-526.131327	
5.226000	15.577304	0.920829	0.032387	30.916736	0.382306	-526.136238	
5.227000	15.628043	0.969406	0.036248	30.620854	-0.077182	-526.141548	
5.228000	15.754889	0.742716	0.037270	30.325316	0.148668	-526.147249	
5.229000	15.678781	0.880349	0.034713	30.030183	0.242123	-526.153289	
5.230000	15.556163	0.937022	0.028453	29.735526	0.355048	-526.159579	
5.231000	15.530794	0.888445	0.019703	29.441455	0.425140	-526.165993	
5.232000	15.661868	0.928926	0.010313	29.148064	0.148668	-526.172393	
5.233000	15.733748	0.920829	0.001801	28.855400	0.343367	-526.178658	
5.234000	15.687238	0.807484	-0.005031	28.563503	0.347261	-526.184687	
5.235000	15.619586	0.864157	-0.010139	28.272443	0.374518	-526.190421	
5.236000	15.551935	1.058463	-0.013785	27.982358	0.269381	-526.195853	
5.237000	15.683009	0.799388	-0.015845	27.693373	0.113622	-526.201021	
5.238000	15.716835	0.904637	-0.015882	27.405531	0.390094	-526.206003	
5.239000	15.649184	0.912733	-0.013781	27.118865	0.327791	-526.210911	
5.240000	15.611130	1.115135	-0.009906	26.833439	0.355048	-526.215876	
5.241000	15.530794	0.856061	-0.004854	26.549405	0.288851	-526.221021	
5.242000	15.606902	0.775100	0.000731	26.266894	0.238229	-526.226453	
5.243000	15.632271	0.904637	0.006244	25.985942	0.234335	-526.232241	
5.244000	15.644956	0.937022	0.011185	25.706562	0.320003	-526.238396	
5.245000	15.653412	1.098943	0.015125	25.428810	0.261593	-526.244882	
5.246000	15.425089	0.864157	0.017653	25.152839	0.366730	-526.251631	
5.247000	15.585761	0.823676	0.018380	24.878774	0.070789	-526.258542	
5.248000	15.737976	0.831773	0.017149	24.606638	0.292745	-526.265495	
5.249000	15.725291	0.791292	0.014336	24.336426	0.234335	-526.272358	
5.250000	15.653412	0.912733	0.010714	24.068189	0.210972	-526.279008	
5.251000	15.573076	0.847965	0.006934	23.802099	0.277169	-526.285358	
5.252000	15.632271	0.953214	0.003273	23.538298	0.055213	-526.291378	
5.253000	15.670325	1.082751	-0.000161	23.276808	0.320003	-526.297086	
5.254000	15.666097	1.042271	-0.003148	23.017610	0.300533	-526.302525	
5.255000	15.632271	0.969406	-0.005344	22.760753	0.339473	-526.307762	
5.256000	15.488512	1.017982	-0.006595	22.506411	0.358942	-526.312898	
5.257000	15.619586	0.807484	-0.007152	22.254726	0.281063	-526.318063	
5.258000	15.716835	0.888445	-0.007359	22.005704	0.436822	-526.323384	
5.259000	15.594217	0.880349	-0.007420	21.759311	0.269381	-526.328959	
5.260000	15.644956	0.977502	-0.007561	21.515584	0.436822	-526.334834	
5.261000	15.568848	1.034175	-0.008101	21.274698	0.277169	-526.341009	
5.262000	15.653412	0.653659	-0.009324	21.036803	0.074683	-526.347450	
5.263000	15.695694	0.807484	-0.011341	20.801893	0.277169	-526.354098	
5.264000	15.585761	0.653659	-0.014109	20.569921	0.281063	-526.360850	
5.265000	15.480055	0.920829	-0.017453	20.340925	0.222654	-526.367569	
5.266000	15.501196	1.009886	-0.020838	20.115092	0.304427	-526.374122	
5.267000	15.611130	0.888445	-0.023413	19.892574	0.172032	-526.380398	
5.268000	15.699922	0.856061	-0.024524	19.673360	0.257699	-526.386329	
5.269000	15.556163	0.694139	-0.023827	19.457387	0.413458	-526.391892	
5.270000	15.581532	1.026079	-0.021368	19.244687	0.358942	-526.397098	
5.271000	15.471599	1.147520	-0.017741	19.035444	0.304427	-526.401997	
5.272000	15.716835	0.847965	-0.013416	18.829798	0.183714	-526.406683	
5.273000	15.695694	0.847965	-0.008536	18.627713	0.230441	-526.411292	
5.274000	15.704150	0.783196	-0.003579	18.429108	0.304427	-526.415961	
5.275000	15.577304	1.050367	0.000787	18.234007	0.413458	-526.420804	
5.276000	15.387035	0.945118	0.004144	18.042604	0.440716	-526.425901	
5.277000	15.636499	0.912733	0.006265	17.855049	0.179820	-526.431289	
5.278000	15.742204	0.831773	0.007366	17.671302	0.358942	-526.436958	
5.279000	15.628043	0.807484	0.008125	17.491272	0.366730	-526.442860	
5.280000	15.551935	1.123232	0.008607	17.314987	0.238229	-526.448905	
5.281000	15.403948	0.977502	0.008357	17.142649	0.327791	-526.454973	
5.282000	15.577304	0.823676	0.007554	16.974405	0.222654	-526.460930	
5.283000	15.666097	0.896541	0.006739	16.810195	0.417352	-526.466649	
5.284000	15.699922	0.677947	0.006156	16.649910	0.269381	-526.472030	
5.285000	15.598445	0.961310	0.005769	16.493568	0.296639	-526.477012	
5.286000	15.442002	0.758908	0.005420	16.341375	0.152562	-526.481592	
5.287000	15.556163	1.017982	0.005352	16.193475	0.175926	-526.485809	
5.288000	15.725291	0.831773	0.006544	16.049794	0.343367	-526.489740	
5.289000	15.691466	0.548410	0.009596	15.910208	0.281063	-526.493493	
5.290000	15.632271	1.090847	0.013738	15.774739	0.226548	-526.497201	
5.291000	15.458914	0.767004	0.017744	15.643608	0.386200	-526.500995	
5.292000	15.568848	0.807484	0.020934	15.516961	0.242123	-526.504984	
5.293000	15.653412	0.856061	0.023078	15.394715	0.362836	-526.509239	
5.294000	15.657640	0.961310	0.024408	15.276734	0.288851	-526.513774	
5.295000	15.636499	1.042271	0.025366	15.163037	0.374518	-526.518555	
5.296000	15.463143	0.888445	0.025376	15.053846	0.413458	-526.523515	
5.297000	15.547707	0.629370	0.023258	14.949303	0.292745	-526.528560	
5.298000	15.594217	0.661755	0.019004	14.849303	0.300533	-526.533571	
5.299000	15.649184	0.888445	0.013722	14.753689	0.320003	-526.538422	
5.300000	15.670325	0.904637	0.008575	14.662470	0.370624	-526.542994	0.000000
5.301000	15.450458	0.807484	0.004298	14.575866	0.327791	-526.547207	
5.302000	15.666097	0.702235	0.001127	14.494015	0.160350	-526.551031	
5.303000	15.619586	0.799388	-0.000530	14.416806	0.331685	-526.554488	
5.304000	15.644956	1.058463	0.000585	14.344081	0.366730	-526.557626	
5.305000	15.615358	0.928926	0.005311	14.275857	0.312215	-526.560516	
5.306000	15.387035	0.864157	0.012874	14.212363	0.288851	-526.563263	
5.307000	15.589989	0.742716	0.021822	14.153729	0.362836	-526.566003	
5.308000	15.644956	0.896541	0.030961	14.099827	0.358942	-526.568865	
5.309000	15.644956	0.856061	0.039517	14.050478	0.370624	-526.571947	
5.310000	15.547707	0.969406	0.047192	14.005696	0.355048	-526.575296	
5.311000	15.442002	0.629370	0.053899	13.965706	0.393988	-526.578908	
5.312000	15.725291	0.791292	0.059519	13.930632	0.144774	-526.582748	
5.313000	15.687238	0.758908	0.063962	13.900333	0.277169	-526.586754	
5.314000	15.564620	0.831773	0.067060	13.874626	0.156456	-526.590829	
5.315000	15.564620	0.969406	0.068654	13.853529	0.296639	-526.594844	
5.316000	15.399719	0.864157	0.068868	13.837276	0.378412	-526.598670	
5.317000	15.640727	0.783196	0.067886	13.825987	0.269381	-526.602199	
5.318000	15.733748	0.726523	0.065805	13.819506	0.246017	-526.605360	
5.319000	15.653412	0.807484	0.062795	13.817639	0.257699	-526.608129	
5.320000	15.475827	1.017982	0.058859	13.820405	0.277169	-526.610518	
5.321000	15.463143	0.985598	0.053532	13.828038	0.405670	-526.612575	
5.322000	15.640727	0.888445	0.046290	13.840644	0.273275	-526.614389	
5.323000	15.716835	0.621274	0.037369	13.858049	0.362836	-526.616090	
5.324000	15.687238	0.629370	0.027721	13.880049	0.261593	-526.617818	
5.325000	15.628043	0.661755	0.018357	13.906668	0.265487	-526.619694	
5.326000	15.450458	0.767004	0.010157	13.938146	0.339473	-526.621809	
5.327000	15.585761	0.799388	0.003691	13.974579	0.187608	-526.624203	
5.328000	15.657640	0.758908	-0.000755	14.015780	0.234335	-526.626868	
5.329000	15.661868	0.928926	-0.003033	14.061534	0.203184	-526.629755	
5.330000	15.611130	0.710331	-0.003572	14.111862	0.378412	-526.632779	
5.331000	15.378578	0.961310	-0.003095	14.166997	0.343367	-526.635821	
5.332000	15.530794	0.758908	-0.001873	14.227023	0.249911	-526.638743	
5.333000	15.640727	0.896541	-6.479897E-5	14.291736	0.382306	-526.641416	
5.334000	15.712607	0.718427	0.002099	14.360910	0.397882	-526.643731	
5.335000	15.611130	0.758908	0.004758	14.434580	0.417352	-526.645624	
5.336000	15.471599	0.847965	0.008231	14.512992	0.273275	-526.647086	
5.337000	15.636499	0.783196	0.012591	14.596223	0.230441	-526.648155	
5.338000	15.649184	0.856061	0.017748	14.684054	0.347261	-526.648903	
5.339000	15.797171	0.637467	0.023466	14.776253	0.207078	-526.649435	
5.340000	15.598445	0.839869	0.029224	14.872848	0.304427	-526.649882	
5.341000	15.518109	0.677947	0.034280	14.974081	0.238229	-526.650374	
5.342000	15.615358	0.928926	0.037895	15.080014	0.362836	-526.651022	
5.343000	15.564620	0.912733	0.039669	15.190417	0.425140	-526.651899	
5.344000	15.615358	0.661755	0.039964	15.305057	0.277169	-526.653017	
5.345000	15.353209	0.839869	0.039745	15.423973	0.382306	-526.654340	
5.346000	15.543479	0.896541	0.039438	15.547412	0.281063	-526.655794	
5.347000	15.543479	0.856061	0.038652	15.675430	0.288851	-526.657281	
5.348000	15.615358	0.896541	0.037052	15.807784	0.378412	-526.658677	
5.349000	15.661868	0.847965	0.034635	15.944229	0.281063	-526.659851	
5.350000	15.535022	0.912733	0.031609	16.084799	0.312215	-526.660686	
5.351000	15.611130	0.734620	0.028441	16.229735	0.222654	-526.661096	
5.352000	15.666097	0.742716	0.025709	16.379083	0.257699	-526.661053	
5.353000	15.674553	0.621274	0.023847	16.532590	0.269381	-526.660578	
5.354000	15.636499	1.042271	0.023382	16.690009	0.374518	-526.659724	
5.355000	15.458914	1.034175	0.025087	16.851385	0.386200	-526.658567	
5.356000	15.602673	1.009886	0.029045	17.016962	0.343367	-526.657212	
5.357000	15.653412	0.629370	0.034264	17.186780	0.308321	-526.655792	
5.358000	15.653412	0.734620	0.039615	17.360575	0.503019	-526.654436	
5.359000	15.577304	0.815580	0.044424	17.538097	0.351155	-526.653243	
5.360000	15.492740	0.896541	0.048300	17.719386	0.401776	-526.652261	
5.361000	15.594217	1.009886	0.050749	17.904679	0.401776	-526.651489	
5.362000	15.695694	0.839869	0.050994	18.093997	0.320003	-526.650891	
5.363000	15.797171	0.839869	0.048484	18.287062	0.370624	-526.650405	
5.364000	15.653412	0.831773	0.043302	18.483612	0.199290	-526.649934	
5.365000	15.526566	0.912733	0.036003	18.683690	0.288851	-526.649348	
5.366000	15.547707	0.904637	0.027419	18.887530	0.261593	-526.648520	
5.367000	15.657640	0.823676	0.018414	19.095143	0.304427	-526.647344	
5.368000	15.661868	0.775100	0.009760	19.306244	0.343367	-526.645752	
5.369000	15.653412	0.807484	0.002043	19.520578	0.207078	-526.643719	
5.370000	15.425089	0.953214	-0.004746	19.738196	0.339473	-526.641261	
5.371000	15.505425	0.896541	-0.011178	19.959339	0.390094	-526.638429	
5.372000	15.695694	0.993694	-0.017606	20.184011	0.440716	-526.635312	
5.373000	15.615358	1.074655	-0.023677	20.411915	0.432928	-526.632039	
5.374000	15.708379	0.750812	-0.028816	20.642779	0.246017	-526.628746	
5.375000	15.471599	0.864157	-0.032843	20.876649	0.335579	-526.625553	
5.376000	15.636499	0.791292	-0.035958	21.113750	0.288851	-526.622552	
5.377000	15.666097	0.920829	-0.038371	21.354076	0.362836	-526.619788	
5.378000	15.632271	0.839869	-0.040255	21.597323	0.277169	-526.617253	
5.379000	15.653412	0.758908	-0.041978	21.843221	0.230441	-526.614900	
5.380000	15.437773	0.847965	-0.043852	22.091821	0.246017	-526.612649	
5.381000	15.661868	0.775100	-0.045744	22.343348	0.257699	-526.610386	
5.382000	15.505425	0.993694	-0.047134	22.597791	0.323897	-526.607977	
5.383000	15.564620	0.953214	-0.047420	22.854839	0.405670	-526.605297	
5.384000	15.670325	0.775100	-0.046179	23.114218	0.320003	-526.602245	
5.385000	15.458914	0.888445	-0.043359	23.375975	0.269381	-526.598761	
5.386000	15.746433	0.823676	-0.039562	23.640328	0.308321	-526.594838	
5.387000	15.619586	0.847965	-0.035816	23.907256	0.316109	-526.590515	
5.388000	15.666097	0.823676	-0.032503	24.176439	0.421246	-526.585869	
5.389000	15.691466	0.912733	-0.029230	24.447601	0.168138	-526.581008	
5.390000	15.484284	0.945118	-0.025805	24.720787	0.230441	-526.576068	
5.391000	15.699922	0.888445	-0.022575	24.996218	0.226548	-526.571186	
5.392000	15.628043	0.839869	-0.020208	25.273871	0.257699	-526.566481	
5.393000	15.670325	0.937022	-0.019316	25.553431	0.444610	-526.562029	
5.394000	15.488512	0.661755	-0.020090	25.834624	0.358942	-526.557848	
5.395000	15.412404	0.985598	-0.022590	26.117500	0.269381	-526.553904	
5.396000	15.623814	1.074655	-0.027116	26.402277	0.281063	-526.550133	
5.397000	15.619586	0.977502	-0.033799	26.688928	0.405670	-526.546441	
5.398000	15.691466	0.799388	-0.042070	26.977132	0.499125	-526.542706	
5.399000	15.585761	0.791292	-0.050641	27.266614	0.331685	-526.538801	
5.400000	15.429317	0.872253	-0.058048	27.557419	0.288851	-526.534606	0.000000
5.401000	15.763345	0.799388	-0.063240	27.849760	0.382306	-526.530036	
5.402000	15.725291	0.750812	-0.065726	28.143603	0.382306	-526.525062	
5.403000	15.640727	0.645563	-0.065412	28.438629	0.444610	-526.519706	
5.404000	15.611130	1.212288	-0.062383	28.734568	0.339473	-526.514025	
5.405000	15.403948	1.017982	-0.056863	29.031462	0.296639	-526.508101	
5.406000	15.725291	0.694139	-0.049266	29.329521	0.300533	-526.502047	
5.407000	15.644956	0.783196	-0.040275	29.628707	0.265487	-526.496001	
5.408000	15.632271	0.750812	-0.030724	29.928703	0.358942	-526.490093	
5.409000	15.577304	0.815580	-0.021167	30.229239	0.343367	-526.484426	
5.410000	15.365894	1.066559	-0.011853	30.530357	0.370624	-526.479049	
5.411000	15.721063	0.815580	-0.003000	30.832252	0.327791	-526.473960	
5.412000	15.615358	0.880349	0.005272	31.134876	0.436822	-526.469122	
5.413000	15.649184	0.516025	0.012821	31.437906	0.429034	-526.464470	
5.414000	15.695694	0.767004	0.019339	31.741072	0.152562	-526.459905	
5.415000	15.484284	0.831773	0.024603	32.044410	0.179820	-526.455305	
5.416000	15.712607	0.775100	0.028682	32.348116	0.234335	-526.450545	
5.417000	15.619586	0.856061	0.031793	32.652146	0.284957	-526.445520	
5.418000	15.704150	0.912733	0.034094	32.956185	0.378412	-526.440162	
5.419000	15.657640	0.734620	0.035705	33.259971	0.277169	-526.434452	
5.420000	15.505425	0.807484	0.036985	33.563543	0.261593	-526.428411	
5.421000	15.657640	0.694139	0.038759	33.867094	0.355048	-526.422094	
5.422000	15.547707	1.123232	0.041907	34.170573	0.351155	-526.415596	
5.423000	15.754889	0.993694	0.046469	34.473664	0.358942	-526.409040	
5.424000	15.636499	0.831773	0.051438	34.776099	0.234335	-526.402558	
5.425000	15.505425	0.783196	0.055565	35.077909	0.249911	-526.396269	
5.426000	15.759117	0.726523	0.058076	35.379272	0.327791	-526.390262	
5.427000	15.594217	0.815580	0.058786	35.680129	0.448504	-526.384580	
5.428000	15.683009	0.920829	0.057844	35.980166	0.246017	-526.379214	
5.429000	15.585761	0.596986	0.055370	36.279126	0.281063	-526.374115	
5.430000	15.513881	0.734620	0.051438	36.577044	0.210972	-526.369206	
5.431000	15.712607	1.017982	0.046426	36.874103	0.277169	-526.364379	
5.432000	15.606902	0.823676	0.041161	37.170251	0.378412	-526.359502	
5.433000	15.560391	0.977502	0.036548	37.465186	0.308321	-526.354448	
5.434000	15.547707	0.799388	0.033196	37.758657	0.362836	-526.349111	
5.435000	15.501196	0.872253	0.031289	38.050697	0.417352	-526.343432	
5.436000	15.805627	0.629370	0.030396	38.341483	0.222654	-526.337406	
5.437000	15.598445	0.937022	0.029579	38.630965	0.370624	-526.331070	
5.438000	15.623814	0.961310	0.028168	38.918848	0.429034	-526.324495	
5.439000	15.594217	0.734620	0.026214	39.204884	0.253805	-526.317787	
5.440000	15.581532	0.783196	0.024048	39.489102	0.370624	-526.311083	
5.441000	15.860594	0.645563	0.021937	39.771674	0.175926	-526.304515	
5.442000	15.619586	0.742716	0.020102	40.052557	0.273275	-526.298200	
5.443000	15.615358	0.831773	0.018598	40.331468	0.242123	-526.292212	
5.444000	15.640727	0.896541	0.017101	40.608168	0.273275	-526.286567	
5.445000	15.522337	0.596986	0.015173	40.882691	0.393988	-526.281235	
5.446000	15.805627	0.912733	0.012725	41.155203	0.210972	-526.276146	
5.447000	15.522337	0.621274	0.009903	41.425661	0.401776	-526.271201	
5.448000	15.687238	0.807484	0.007017	41.693787	0.378412	-526.266280	
5.449000	15.568848	0.864157	0.004662	41.959346	0.304427	-526.261255	
5.450000	15.518109	0.856061	0.003268	42.222368	0.288851	-526.256010	
5.451000	15.797171	0.904637	0.002901	42.483015	0.362836	-526.250457	
5.452000	15.670325	0.815580	0.003566	42.741242	0.284957	-526.244563	
5.453000	15.708379	0.945118	0.005060	42.996781	0.452398	-526.238347	
5.454000	15.670325	0.669851	0.006786	43.249409	0.261593	-526.231864	
5.455000	15.602673	0.823676	0.008230	43.499163	0.292745	-526.225203	
5.456000	15.661868	0.758908	0.009369	43.746210	0.308321	-526.218480	
5.457000	15.670325	0.669851	0.010358	43.990512	0.335579	-526.211826	
5.458000	15.649184	0.912733	0.011133	44.231813	0.393988	-526.205362	
5.459000	15.674553	0.661755	0.011430	44.469904	0.320003	-526.199185	
5.460000	15.556163	0.864157	0.011106	44.704825	0.246017	-526.193346	
5.461000	15.653412	0.888445	0.010247	44.936741	0.249911	-526.187847	
5.462000	15.594217	0.742716	0.008842	45.165617	0.281063	-526.182647	
5.463000	15.598445	1.171808	0.006815	45.391201	0.370624	-526.177672	
5.464000	15.666097	0.783196	0.004295	45.613284	0.296639	-526.172823	
5.465000	15.623814	0.605082	0.001709	45.831905	0.195396	-526.167979	
5.466000	15.763345	0.872253	-0.000410	46.047220	0.339473	-526.163023	
5.467000	15.560391	0.880349	-0.001931	46.259198	0.323897	-526.157849	
5.468000	15.611130	0.928926	-0.002951	46.467601	0.413458	-526.152386	
5.469000	15.644956	0.467449	-0.003051	46.672236	0.249911	-526.146612	
5.470000	15.653412	0.686043	-0.001593	46.873151	0.238229	-526.140552	
5.471000	15.784486	0.969406	0.001568	47.070516	0.273275	-526.134268	
5.472000	15.535022	0.969406	0.006166	47.264310	0.514701	-526.127853	
5.473000	15.644956	1.115135	0.011673	47.454308	0.413458	-526.121429	
5.474000	15.674553	0.856061	0.017217	47.640320	0.417352	-526.115122	
5.475000	15.674553	0.783196	0.022007	47.822391	0.292745	-526.109056	
5.476000	15.763345	0.694139	0.025607	48.000683	0.226548	-526.103325	
5.477000	15.598445	0.856061	0.027640	48.175176	0.347261	-526.097972	
5.478000	15.577304	0.985598	0.027664	48.345653	0.249911	-526.092986	
5.479000	15.683009	1.017982	0.025057	48.511930	0.187608	-526.088321	
5.480000	15.733748	0.831773	0.019239	48.674052	0.156456	-526.083900	
5.481000	15.767574	0.702235	0.010560	48.832182	0.210972	-526.079618	
5.482000	15.602673	0.831773	0.000383	48.986313	0.316109	-526.075345	
5.483000	15.551935	1.066559	-0.009773	49.136242	0.405670	-526.070954	
5.484000	15.606902	0.872253	-0.018724	49.281801	0.230441	-526.066337	
5.485000	15.670325	0.847965	-0.025747	49.423043	0.210972	-526.061437	
5.486000	15.759117	0.872253	-0.030571	49.560130	0.226548	-526.056248	
5.487000	15.750661	0.847965	-0.033207	49.693058	0.378412	-526.050806	
5.488000	15.615358	1.107039	-0.033932	49.821635	0.432928	-526.045181	
5.489000	15.539250	0.807484	-0.033095	49.945699	0.304427	-526.039481	
5.490000	15.818312	0.823676	-0.030933	50.065301	0.168138	-526.033844	
5.491000	15.767574	0.872253	-0.027826	50.180603	0.296639	-526.028405	
5.492000	15.691466	0.783196	-0.024278	50.291606	0.300533	-526.023279	
5.493000	15.644956	1.058463	-0.020559	50.398130	0.413458	-526.018545	
5.494000	15.564620	0.864157	-0.016775	50.500024	0.284957	-526.014232	
5.495000	15.721063	0.888445	-0.013359	50.597346	0.308321	-526.010317	
5.496000	15.653412	0.912733	-0.011155	50.690261	0.304427	-526.006733	
5.497000	15.598445	0.823676	-0.010648	50.778780	0.460186	-526.003375	
5.498000	15.539250	1.139424	-0.011533	50.862736	0.444610	-526.000114	
5.499000	15.632271	1.001790	-0.013197	50.941994	0.284957	-525.996819	
5.500000	15.687238	0.904637	-0.015041	51.016610	0.214866	-525.993380	0.000000
5.501000	15.716835	0.953214	-0.016514	51.086745	0.261593	-525.989712	
5.502000	15.666097	0.856061	-0.017248	51.152406	0.323897	-525.985777	
5.503000	15.674553	1.026079	-0.017107	51.213429	0.300533	-525.981589	
5.504000	15.767574	0.839869	-0.016313	51.269683	0.191502	-525.977207	
5.505000	15.678781	0.920829	-0.015413	51.321230	0.113622	-525.972722	
5.506000	15.721063	0.572698	-0.014590	51.368232	0.316109	-525.968255	
5.507000	15.623814	0.807484	-0.013529	51.410701	0.483549	-525.963936	
5.508000	15.691466	1.001790	-0.012083	51.448490	0.429034	-525.959886	
5.509000	15.602673	0.953214	-0.010258	51.481480	0.222654	-525.956199	
5.510000	15.695694	0.783196	-0.007845	51.509741	0.230441	-525.952935	
5.511000	15.687238	0.888445	-0.004870	51.533437	0.210972	-525.950097	
5.512000	15.585761	1.042271	-0.001887	51.552585	0.479655	-525.947641	
5.513000	15.560391	1.066559	0.000658	51.567043	0.374518	-525.945492	
5.514000	15.606902	0.807484	0.002760	51.576689	0.351155	-525.943545	
5.515000	15.885963	0.669851	0.004604	51.581587	0.136986	-525.941680	
5.516000	15.754889	0.807484	0.006413	51.581897	0.351155	-525.939778	
5.517000	15.636499	0.856061	0.008418	51.577644	0.253805	-525.937738	
5.518000	15.602673	1.026079	0.010766	51.568699	0.288851	-525.935487	
5.519000	15.644956	1.050367	0.013223	51.554956	0.257699	-525.933005	
5.520000	15.894420	0.888445	0.015196	51.536486	0.183714	-525.930320	
5.521000	15.683009	0.847965	0.016235	51.513454	0.261593	-525.927495	
5.522000	15.623814	0.726523	0.016538	51.485898	0.432928	-525.924622	
5.523000	15.573076	1.034175	0.016687	51.453704	0.393988	-525.921819	
5.524000	15.628043	0.856061	0.016918	51.416774	0.253805	-525.919209	
5.525000	15.822540	0.807484	0.017165	51.375178	0.249911	-525.916908	
5.526000	15.733748	0.775100	0.017312	51.329076	0.288851	-525.915004	
5.527000	15.657640	0.880349	0.017156	51.278504	0.331685	-525.913535	
5.528000	15.594217	1.090847	0.016202	51.223350	0.382306	-525.912489	
5.529000	15.729520	0.839869	0.013634	51.163526	0.148668	-525.911818	
5.530000	15.742204	0.880349	0.009136	51.099107	0.070789	-525.911443	
5.531000	15.699922	0.872253	0.003393	51.030259	0.320003	-525.911257	
5.532000	15.602673	0.831773	-0.002466	50.957026	0.226548	-525.911128	
5.533000	15.615358	0.993694	-0.007428	50.879314	0.417352	-525.910932	
5.534000	15.581532	0.937022	-0.010815	50.797044	0.421246	-525.910569	
5.535000	15.712607	1.001790	-0.012400	50.710294	0.210972	-525.909982	
5.536000	15.725291	0.694139	-0.012600	50.619227	0.382306	-525.909160	
5.537000	15.632271	0.864157	-0.012201	50.523887	0.374518	-525.908130	
5.538000	15.683009	0.977502	-0.011642	50.424185	0.355048	-525.906953	
5.539000	15.602673	0.856061	-0.010817	50.320049	0.238229	-525.905735	
5.540000	15.737976	0.645563	-0.009594	50.211552	0.117516	-525.904615	
5.541000	15.737976	0.904637	-0.008172	50.098855	0.249911	-525.903726	
5.542000	15.649184	1.066559	-0.006764	49.982004	0.370624	-525.903177	
5.543000	15.674553	0.945118	-0.005486	49.860918	0.327791	-525.903041	
5.544000	15.585761	0.904637	-0.004398	49.735537	0.281063	-525.903346	
5.545000	15.771802	1.042271	-0.003356	49.605940	0.059107	-525.904078	
5.546000	15.657640	0.880349	-0.002453	49.472289	0.288851	-525.905177	
5.547000	15.547707	1.188000	-0.002170	49.334637	0.358942	-525.906537	
5.548000	15.530794	1.042271	-0.002749	49.192919	0.386200	-525.908024	
5.549000	15.619586	0.880349	-0.003877	49.047082	0.261593	-525.909507	
5.550000	15.721063	0.799388	-0.004904	48.897208	0.043531	-525.910873	
5.551000	15.628043	0.872253	-0.005112	48.743457	0.355048	-525.912034	
5.552000	15.585761	1.058463	-0.003896	48.585880	0.417352	-525.912942	
5.553000	15.653412	1.050367	-0.001148	48.424414	0.370624	-525.913601	
5.554000	15.649184	0.856061	0.002605	48.259007	0.246017	-525.914063	
5.555000	15.784486	0.847965	0.006692	48.089745	0.012379	-525.914418	
5.556000	15.670325	0.677947	0.010738	47.916787	0.168138	-525.914791	
5.557000	15.535022	0.872253	0.014559	47.740195	0.370624	-525.915314	
5.558000	15.598445	1.001790	0.017885	47.559921	0.397882	-525.916110	
5.559000	15.632271	0.775100	0.020391	47.375923	0.218760	-525.917278	
5.560000	15.771802	0.945118	0.021727	47.188286	0.148668	-525.918875	
5.561000	15.632271	0.742716	0.021591	46.997165	0.320003	-525.920905	
5.562000	15.598445	1.066559	0.019972	46.802626	0.534171	-525.923319	
5.563000	15.539250	1.090847	0.017068	46.604628	0.436822	-525.926036	
5.564000	15.589989	1.098943	0.013034	46.403137	0.187608	-525.928942	
5.565000	15.805627	0.896541	0.008047	46.198228	0.152562	-525.931908	
5.566000	15.754889	0.637467	0.002633	45.990045	0.246017	-525.934809	
5.567000	15.602673	0.969406	-0.002335	45.778649	0.339473	-525.937534	
5.568000	15.611130	1.042271	-0.006160	45.564012	0.273275	-525.940010	
5.569000	15.611130	0.920829	-0.008220	45.346113	0.269381	-525.942217	
5.570000	15.729520	0.896541	-0.007025	45.125035	0.218760	-525.944178	
5.571000	15.780258	0.758908	-0.000791	44.900928	0.374518	-525.945949	
5.572000	15.585761	1.017982	0.010726	44.673864	0.335579	-525.947621	
5.573000	15.539250	0.872253	0.025826	44.443835	0.390094	-525.949316	
5.574000	15.501196	0.993694	0.041900	44.210836	0.312215	-525.951169	
5.575000	15.729520	0.945118	0.056606	43.974950	0.234335	-525.953300	
5.576000	15.737976	0.880349	0.068417	43.736314	0.284957	-525.955794	
5.577000	15.611130	1.009886	0.076485	43.494995	0.331685	-525.958683	
5.578000	15.632271	0.677947	0.080879	43.250984	0.339473	-525.961952	
5.579000	15.598445	0.564602	0.082715	43.004275	0.140880	-525.965561	
5.580000	15.691466	0.856061	0.082922	42.754942	0.152562	-525.969439	
5.581000	15.560391	0.799388	0.081556	42.503113	0.230441	-525.973477	
5.582000	15.632271	0.945118	0.078601	42.248856	0.366730	-525.977543	
5.583000	15.606902	0.920829	0.074304	41.992176	0.316109	-525.981512	
5.584000	15.632271	0.807484	0.069100	41.733084	0.207078	-525.985289	
5.585000	15.674553	0.791292	0.063735	41.471664	0.261593	-525.988821	
5.586000	15.573076	0.791292	0.058885	41.208045	0.335579	-525.992098	
5.587000	15.543479	1.204192	0.054597	40.942302	0.397882	-525.995139	
5.588000	15.636499	0.912733	0.050603	40.674457	0.452398	-525.998004	
5.589000	15.623814	0.580794	0.046891	40.404532	0.140880	-526.000797	
5.590000	15.767574	0.969406	0.043519	40.132606	0.234335	-526.003659	
5.591000	15.666097	0.742716	0.040300	39.858800	0.323897	-526.006726	
5.592000	15.649184	0.969406	0.036995	39.583185	0.382306	-526.010103	
5.593000	15.653412	0.937022	0.033538	39.305788	0.358942	-526.013858	
5.594000	15.644956	0.799388	0.029806	39.026636	0.051319	-526.018017	
5.595000	15.687238	0.799388	0.025513	38.745806	0.261593	-526.022568	
5.596000	15.674553	0.799388	0.020518	38.463419	0.304427	-526.027457	
5.597000	15.543479	1.252769	0.014919	38.179552	0.366730	-526.032579	
5.598000	15.556163	0.831773	0.009084	37.894245	0.304427	-526.037794	
5.599000	15.598445	0.767004	0.003635	37.607539	0.160350	-526.042966	
