LabVIEW Measurement	
Writer_Version	2
Reader_Version	2
Separator	Tab
Decimal_Separator	.
Multi_Headings	No
X_Columns	One
Time_Pref	Absolute
Operator	twtn4
Date	2023/08/25
Time	17:13:57.6331831499425553909
***End_of_Header***	
	
Notes	X values guaranteed valid only for Dev1/ai2							
Channels	7							
Samples	100	100	100	100	100	100	1	
Date	2023/08/25	2023/08/25	2023/08/25	2023/08/25	2023/08/25	2023/08/25	2023/08/25	
Time	17:13:57.6331831499425553909	17:13:57.6331971495834970108	17:13:57.6332391487391525141	17:13:57.6332251490982108942	17:13:57.6332111494572692743	17:13:57.633253148380094134	17:13:57.7361841201782226563	
Y_Unit_Label	Volts	Volts	Volts	Volts	Volts	Volts		
X_Dimension	Time	Time	Time	Time	Time	Time	Time	
X0	0.0000000000000000E+0	0.0000000000000000E+0	0.0000000000000000E+0	0.0000000000000000E+0	0.0000000000000000E+0	0.0000000000000000E+0	0.0000000000000000E+0	
Delta_X	0.001000	0.001000	0.001000	0.001000	0.001000	0.001000	1.000000	
***End_of_Header***								
X_Value	Dev1/ai2	Dev1/ai3	Dev1/ai17 (Filtered)	Dev1/ai1 (Filtered)	Dev1/ai16	Dev1/ai12 (Filtered)	Untitled	Comment
0.000000	15.809856	0.645563	-4.523833	-249.999860	0.277169	-250.000267	0.000000
0.001000	15.704150	0.847965	-4.489745	-249.999068	0.448504	-250.001872	
0.002000	15.632271	1.098943	-4.398463	-249.996810	0.456292	-250.006684	
0.003000	15.661868	0.985598	-4.231536	-249.992246	0.425140	-250.016824	
0.004000	15.746433	0.775100	-3.985844	-249.984554	0.249911	-250.034368	
0.005000	15.856366	0.799388	-3.668991	-249.972829	0.059107	-250.061332	
0.006000	15.771802	0.645563	-3.295351	-249.956122	0.273275	-250.099640	
0.007000	15.657640	0.969406	-2.882790	-249.933601	0.448504	-250.151095	
0.008000	15.615358	1.074655	-2.450434	-249.904560	0.312215	-250.217380	
0.009000	15.632271	0.750812	-2.016646	-249.868315	0.246017	-250.300078	
0.010000	15.746433	0.961310	-1.596971	-249.824098	0.148668	-250.400680	
0.011000	15.708379	0.791292	-1.203904	-249.771101	0.292745	-250.520579	
0.012000	15.644956	1.017982	-0.847452	-249.708628	0.327791	-250.661082	
0.013000	15.670325	0.928926	-0.534719	-249.636106	0.467974	-250.823440	
0.014000	15.632271	0.831773	-0.269603	-249.552987	0.261593	-251.008876	
0.015000	15.814084	0.896541	-0.053181	-249.458641	0.210972	-251.218605	
0.016000	15.818312	0.742716	0.115464	-249.352398	0.304427	-251.453842	
0.017000	15.746433	0.937022	0.239161	-249.233692	0.475762	-251.715792	
0.018000	15.771802	0.839869	0.322804	-249.102065	0.284957	-252.005645	
0.019000	15.670325	0.556506	0.371922	-248.957079	0.195396	-252.324592	
0.020000	15.856366	0.702235	0.391410	-248.798220	0.117516	-252.673813	
0.021000	15.830997	0.815580	0.386031	-248.624934	0.323897	-253.054435	
0.022000	15.666097	1.123232	0.361054	-248.436762	0.358942	-253.467521	
0.023000	15.729520	0.912733	0.322002	-248.233339	0.409564	-253.914050	
0.024000	15.577304	0.677947	0.273910	-248.014323	0.249911	-254.394911	
0.025000	15.822540	0.629370	0.220801	-247.779311	0.226548	-254.910899	
0.026000	15.826768	0.783196	0.166083	-247.527870	0.366730	-255.462721	
0.027000	15.780258	0.993694	0.113089	-247.259652	0.409564	-256.050993	
0.028000	15.725291	0.937022	0.064617	-246.974398	0.366730	-256.676262	
0.029000	15.704150	0.750812	0.022424	-246.671866	0.160350	-257.339029	
0.030000	15.826768	0.815580	-0.012504	-246.351757	0.109728	-258.039765	
0.031000	15.733748	0.718427	-0.039793	-246.013737	0.253805	-258.778925	
0.032000	15.712607	1.042271	-0.059679	-245.657550	0.421246	-259.556961	
0.033000	15.691466	0.702235	-0.072787	-245.283021	0.382306	-260.374339	
0.034000	15.754889	0.661755	-0.080168	-244.889988	0.179820	-261.231536	
0.035000	15.759117	0.920829	-0.083209	-244.478232	0.203184	-262.129032	
0.036000	15.721063	0.734620	-0.082911	-244.047500	0.370624	-263.067308	
0.037000	15.649184	1.131328	-0.079773	-243.597621	0.425140	-264.046830	
0.038000	15.725291	0.928926	-0.074382	-243.128496	0.347261	-265.068029	
0.039000	15.746433	0.767004	-0.067402	-242.640045	0.316109	-266.131290	
0.040000	15.771802	0.718427	-0.059394	-242.132134	0.066895	-267.236930	
0.041000	15.776030	0.961310	-0.051134	-241.604599	0.273275	-268.385180	
0.042000	15.683009	1.131328	-0.043594	-241.057351	0.409564	-269.576188	
0.043000	15.792943	0.969406	-0.037257	-240.490369	0.452398	-270.810031	
0.044000	15.687238	0.694139	-0.032073	-239.903644	0.136986	-272.086722	
0.045000	15.822540	0.856061	-0.027884	-239.297116	0.121410	-273.406222	
0.046000	15.805627	0.677947	-0.024360	-238.670691	0.183714	-274.768453	
0.047000	15.666097	0.969406	-0.021050	-238.024341	0.370624	-276.173316	
0.048000	15.657640	0.896541	-0.017560	-237.358092	0.323897	-277.620710	
0.049000	15.670325	0.783196	-0.013268	-236.671986	0.335579	-279.110562	
0.050000	15.801399	0.823676	-0.007253	-235.966029	0.277169	-280.642827	
0.051000	15.814084	1.017982	0.001033	-235.240198	0.382306	-282.217469	
0.052000	15.708379	1.098943	0.011357	-234.494534	0.347261	-283.834467	
0.053000	15.725291	0.920829	0.022808	-233.729127	0.366730	-285.493820	
0.054000	15.699922	0.847965	0.033967	-232.944081	0.152562	-287.195524	
0.055000	15.881735	0.742716	0.043445	-232.139464	0.199290	-288.939550	
0.056000	15.835225	0.791292	0.050327	-231.315310	0.218760	-290.725816	
0.057000	15.704150	0.993694	0.054223	-230.471705	0.347261	-292.554168	
0.058000	15.683009	0.937022	0.055051	-229.608779	0.323897	-294.424377	
0.059000	15.670325	0.945118	0.052738	-228.726675	0.226548	-296.336155	
0.060000	15.691466	0.815580	0.047335	-227.825502	0.288851	-298.289156	
0.061000	15.750661	0.807484	0.039438	-226.905346	0.362836	-300.282970	
0.062000	15.670325	1.034175	0.030182	-225.966334	0.417352	-302.317136	
0.063000	15.687238	1.017982	0.020653	-225.008629	0.378412	-304.391182	
0.064000	15.687238	0.928926	0.011538	-224.032407	0.148668	-306.504646	
0.065000	15.759117	0.969406	0.003212	-223.037827	0.355048	-308.657098	
0.066000	15.712607	0.977502	-0.004137	-222.025028	0.366730	-310.848135	
0.067000	15.750661	0.758908	-0.010321	-220.994182	0.405670	-313.077375	
0.068000	15.763345	0.904637	-0.014953	-219.945479	0.327791	-315.344466	
0.069000	15.729520	0.686043	-0.017693	-218.879116	0.101940	-317.649096	
0.070000	15.801399	0.856061	-0.018673	-217.795280	0.249911	-319.990975	
0.071000	15.712607	0.888445	-0.018458	-216.694142	0.281063	-322.369795	
0.072000	15.725291	1.098943	-0.017663	-215.575899	0.409564	-324.785210	
0.073000	15.661868	0.937022	-0.016838	-214.440755	0.323897	-327.236824	
0.074000	15.704150	0.669851	-0.016535	-213.288929	0.179820	-329.724187	
0.075000	15.716835	0.847965	-0.017193	-212.120643	0.277169	-332.246798	
0.076000	15.737976	1.017982	-0.018798	-210.936107	0.448504	-334.804098	
0.077000	15.678781	1.115135	-0.020642	-209.735555	0.444610	-337.395468	
0.078000	15.678781	1.034175	-0.021934	-208.519224	0.382306	-340.020243	
0.079000	15.737976	0.815580	-0.022367	-207.287361	0.199290	-342.677743	
0.080000	15.814084	0.710331	-0.021948	-206.040218	0.168138	-345.367297	
0.081000	15.784486	0.758908	-0.020751	-204.778033	0.273275	-348.088248	
0.082000	15.623814	1.001790	-0.018688	-203.501055	0.284957	-350.839969	
0.083000	15.666097	1.107039	-0.015676	-202.209517	0.347261	-353.621875	
0.084000	15.737976	0.799388	-0.012257	-200.903661	0.140880	-356.433415	
0.085000	15.780258	0.815580	-0.009576	-199.583754	0.339473	-359.274072	
0.086000	15.737976	0.807484	-0.008466	-198.250058	0.327791	-362.143356	
0.087000	15.623814	0.977502	-0.009001	-196.902837	0.253805	-365.040797	
0.088000	15.644956	0.920829	-0.010914	-195.542334	0.444610	-367.965915	
0.089000	15.683009	0.872253	-0.013893	-194.168810	0.214866	-370.918211	
0.090000	15.805627	0.767004	-0.017705	-192.782557	0.265487	-373.897142	
0.091000	15.839453	0.831773	-0.022243	-191.383860	0.234335	-376.902106	
0.092000	15.725291	0.945118	-0.027535	-189.973007	0.320003	-379.932453	
0.093000	15.716835	0.847965	-0.033586	-188.550255	0.320003	-382.987488	
0.094000	15.691466	0.888445	-0.040036	-187.115871	0.090259	-386.066472	
0.095000	15.797171	0.710331	-0.046133	-185.670161	0.246017	-389.168638	
0.096000	15.721063	0.831773	-0.051009	-184.213420	0.355048	-392.293207	
0.097000	15.729520	1.009886	-0.053931	-182.745939	0.358942	-395.439404	
0.098000	15.623814	0.961310	-0.054478	-181.267967	0.292745	-398.606488	
0.099000	15.632271	1.001790	-0.052861	-179.779766	0.144774	-401.793765	
0.100000	15.695694	0.710331	-0.049892	-178.281648	0.269381	-405.000584	0.000000
0.101000	15.776030	0.686043	-0.046181	-176.773925	0.351155	-408.226329	
0.102000	15.822540	1.050367	-0.042017	-175.256898	0.401776	-411.470422	
0.103000	15.573076	0.920829	-0.037795	-173.730816	0.413458	-414.732329	
0.104000	15.733748	0.815580	-0.033954	-172.195940	0.195396	-418.011539	
0.105000	15.780258	0.888445	-0.030771	-170.652593	0.195396	-421.307539	
0.106000	15.729520	0.928926	-0.028260	-169.101100	0.323897	-424.619779	
0.107000	15.725291	0.961310	-0.026375	-167.541768	0.417352	-427.947653	
0.108000	15.623814	0.669851	-0.025177	-165.974837	0.362836	-431.290505	
0.109000	15.721063	1.034175	-0.024704	-164.400556	0.051319	-434.647645	
0.110000	15.754889	0.953214	-0.024959	-162.819243	0.374518	-438.018347	
0.111000	15.670325	0.904637	-0.025763	-161.231227	0.432928	-441.401835	
0.112000	15.615358	1.179904	-0.026663	-159.636803	0.534171	-444.797304	
0.113000	15.615358	0.937022	-0.027269	-158.036187	0.281063	-448.203949	
0.114000	15.704150	0.912733	-0.027426	-156.429613	0.207078	-451.621001	
0.115000	15.776030	0.677947	-0.027000	-154.817401	0.300533	-455.047739	
0.116000	15.742204	0.775100	-0.025722	-153.199889	0.125304	-458.483492	
0.117000	15.611130	1.098943	-0.023340	-151.577389	0.417352	-461.927631	
0.118000	15.674553	0.912733	-0.019915	-149.950136	0.343367	-465.379565	
0.119000	15.818312	0.928926	-0.015855	-148.318382	0.136986	-468.838762	
0.120000	15.797171	0.677947	-0.011709	-146.682452	0.242123	-472.304729	
0.121000	15.784486	0.686043	-0.008016	-145.042679	0.312215	-475.776979	
0.122000	15.670325	1.001790	-0.005226	-143.399348	0.339473	-479.255003	
0.123000	15.585761	0.872253	-0.003603	-141.752651	0.355048	-482.738256	
0.124000	15.661868	1.139424	-0.002953	-140.102798	0.164244	-486.226154	
0.125000	15.721063	0.847965	-0.002842	-138.450101	0.312215	-489.718070	
0.126000	15.733748	0.694139	-0.003220	-136.794892	0.347261	-493.213337	
0.127000	15.674553	1.009886	-0.004303	-135.137449	0.479655	-496.711249	
0.128000	15.640727	0.937022	-0.006018	-133.477937	0.499125	-500.211071	
0.129000	15.644956	0.815580	-0.007925	-131.816544	0.156456	-503.712062	
0.130000	15.801399	0.758908	-0.009649	-130.153580	0.304427	-507.213502	
0.131000	15.776030	0.758908	-0.011132	-128.489386	0.339473	-510.714696	
0.132000	15.788715	0.880349	-0.012422	-126.824243	0.242123	-514.214999	
0.133000	15.480055	0.856061	-0.013452	-125.158305	0.304427	-517.713826	
0.134000	15.666097	0.775100	-0.013873	-123.491750	0.160350	-521.210641	
0.135000	15.763345	0.937022	-0.013218	-121.824883	0.327791	-524.704946	
0.136000	15.649184	0.767004	-0.011477	-120.158040	0.320003	-528.196282	
0.137000	15.742204	0.961310	-0.009111	-118.491488	0.288851	-531.684217	
0.138000	15.518109	0.872253	-0.006640	-116.825371	0.460186	-535.168327	
0.139000	15.699922	0.839869	-0.004400	-115.159857	0.140880	-538.648181	
0.140000	15.725291	0.985598	-0.002372	-113.495246	0.339473	-542.123315	
0.141000	15.771802	0.580794	-0.000336	-111.831872	0.284957	-545.593212	
0.142000	15.666097	0.815580	0.001808	-110.169991	0.405670	-549.057317	
0.143000	15.640727	0.823676	0.003920	-108.509729	0.323897	-552.515045	
0.144000	15.763345	0.831773	0.005714	-106.851238	0.129198	-555.965787	
0.145000	15.750661	0.856061	0.007056	-105.194808	0.179820	-559.408909	
0.146000	15.737976	0.750812	0.008141	-103.540763	0.230441	-562.843768	
0.147000	15.666097	1.058463	0.009298	-101.889346	0.382306	-566.269735	
0.148000	15.611130	0.775100	0.010638	-100.240655	0.347261	-569.686221	
0.149000	15.750661	0.726523	0.012036	-98.594814	0.125304	-573.092702	
0.150000	15.729520	0.710331	0.013184	-96.952101	0.530277	-576.488707	
0.151000	15.759117	0.750812	0.013634	-95.312838	0.425140	-579.873807	
0.152000	15.598445	1.017982	0.013411	-93.677256	0.448504	-583.247612	
0.153000	15.619586	0.750812	0.013099	-92.045436	0.448504	-586.609780	
0.154000	15.725291	0.969406	0.013028	-90.417493	0.152562	-589.960000	
0.155000	15.822540	0.588890	0.013145	-88.793702	0.214866	-593.297971	
0.156000	15.754889	0.758908	0.013359	-87.174380	0.296639	-596.623364	
0.157000	15.716835	0.920829	0.013528	-85.559739	0.351155	-599.935802	
0.158000	15.543479	0.969406	0.013310	-83.949833	0.277169	-603.234862	
0.159000	15.742204	1.001790	0.012258	-82.344752	0.094153	-606.520094	
0.160000	15.788715	0.783196	0.010246	-80.744754	0.242123	-609.791023	
0.161000	15.683009	0.856061	0.007576	-79.150139	0.335579	-613.047138	
0.162000	15.657640	0.872253	0.004718	-77.561102	0.382306	-616.287897	
0.163000	15.454686	0.872253	0.002209	-75.977666	0.366730	-619.512764	
0.164000	15.649184	0.839869	0.000588	-74.399893	0.230441	-622.721234	
0.165000	15.826768	0.888445	5.730534E-5	-72.828034	0.386200	-625.912859	
0.166000	15.877507	0.888445	0.000210	-71.262390	0.370624	-629.087250	
0.167000	15.670325	0.791292	0.000661	-69.703145	0.234335	-632.244062	
0.168000	15.522337	0.645563	0.001686	-68.150301	0.386200	-635.383000	
0.169000	15.742204	0.815580	0.003724	-66.603907	0.152562	-638.503824	
0.170000	15.763345	0.783196	0.006716	-65.064206	0.320003	-641.606338	
0.171000	15.784486	0.637467	0.010116	-63.531486	0.281063	-644.690358	
0.172000	15.708379	0.775100	0.013312	-62.005904	0.347261	-647.755687	
0.173000	15.513881	0.888445	0.015922	-60.487434	0.358942	-650.802100	
0.174000	15.683009	0.937022	0.017669	-58.976105	0.175926	-653.829331	
0.175000	15.725291	0.758908	0.018395	-57.472148	0.374518	-656.837069	
0.176000	15.636499	0.750812	0.018115	-55.975840	0.351155	-659.824966	
0.177000	15.708379	0.645563	0.016730	-54.487325	0.393988	-662.792639	
0.178000	15.615358	0.880349	0.014253	-53.006551	0.378412	-665.739681	
0.179000	15.653412	0.864157	0.011173	-51.533527	0.203184	-668.665684	
0.180000	15.721063	0.896541	0.008074	-50.068480	0.253805	-671.570262	
0.181000	15.797171	0.767004	0.005349	-48.611688	0.382306	-674.453055	
0.182000	15.733748	0.872253	0.003321	-47.163279	0.300533	-677.313753	
0.183000	15.535022	0.621274	0.002209	-45.723185	0.320003	-680.152110	
0.184000	15.678781	0.912733	0.001893	-44.291397	0.179820	-682.967931	
0.185000	15.746433	0.831773	0.001913	-42.868126	0.378412	-685.761067	
0.186000	15.729520	0.872253	0.001931	-41.453634	0.257699	-688.531408	
0.187000	15.670325	1.098943	0.001857	-40.048033	0.401776	-691.278871	
0.188000	15.543479	0.823676	0.001640	-38.651233	0.292745	-694.003384	
0.189000	15.632271	0.758908	0.001388	-37.263212	0.273275	-696.704867	
0.190000	15.754889	0.767004	0.001126	-35.884172	0.312215	-699.383207	
0.191000	15.674553	0.702235	0.000309	-34.514370	0.281063	-702.038238	
0.192000	15.666097	0.977502	-0.002061	-33.153905	0.304427	-704.669754	
0.193000	15.594217	0.953214	-0.006676	-31.802674	0.351155	-707.277522	
0.194000	15.776030	0.880349	-0.013352	-30.460645	0.086365	-709.861284	
0.195000	15.746433	0.896541	-0.021266	-29.128015	0.405670	-712.420766	
0.196000	15.670325	0.791292	-0.029398	-27.805030	0.207078	-714.955689	
0.197000	15.653412	0.888445	-0.036769	-26.491763	0.327791	-717.465785	
0.198000	15.496968	0.896541	-0.042654	-25.188080	0.257699	-719.950822	
0.199000	15.670325	0.928926	-0.046787	-23.893923	0.312215	-722.410627	
0.200000	15.742204	1.001790	-0.049254	-22.609476	0.386200	-724.845088	0.000000
0.201000	15.729520	0.920829	-0.050042	-21.334971	0.292745	-727.254135	
0.202000	15.640727	0.928926	-0.049023	-20.070464	0.397882	-729.637743	
0.203000	15.399719	1.131328	-0.046275	-18.815804	0.366730	-731.995926	
0.204000	15.708379	0.888445	-0.042199	-17.570932	0.183714	-734.328727	
0.205000	15.818312	0.856061	-0.037516	-16.336030	0.378412	-736.636192	
0.206000	15.754889	0.702235	-0.033145	-15.111325	0.366730	-738.918350	
0.207000	15.716835	0.912733	-0.029848	-13.896860	0.288851	-741.175184	
0.208000	15.518109	0.953214	-0.028017	-12.692463	0.347261	-743.406633	
0.209000	15.670325	0.985598	-0.027841	-11.498053	0.179820	-745.612598	
0.210000	15.729520	0.872253	-0.029342	-10.313806	0.281063	-747.792956	
0.211000	15.759117	0.702235	-0.032220	-9.139937	0.327791	-749.947541	
0.212000	15.653412	0.953214	-0.035834	-7.976463	0.327791	-752.076166	
0.213000	15.450458	0.928926	-0.039481	-6.823183	0.292745	-754.178648	
0.214000	15.581532	0.945118	-0.042833	-5.680002	0.125304	-756.254832	
0.215000	15.708379	1.026079	-0.045922	-4.547093	0.421246	-758.304610	
0.216000	15.716835	0.783196	-0.048580	-3.424672	0.397882	-760.327930	
0.217000	15.649184	0.953214	-0.050083	-2.312756	0.366730	-762.324789	
0.218000	15.518109	0.872253	-0.049762	-1.211143	0.386200	-764.295233	
0.219000	15.687238	0.904637	-0.047612	-0.119738	0.269381	-766.239363	
0.220000	15.657640	0.847965	-0.044042	0.961291	0.351155	-768.157318	
0.221000	15.809856	0.856061	-0.039678	2.031737	0.242123	-770.049242	
0.222000	15.691466	0.912733	-0.035219	3.091613	0.460186	-771.915267	
0.223000	15.492740	0.775100	-0.031238	4.141149	0.207078	-773.755497	
0.224000	15.653412	0.928926	-0.028310	5.180459	0.226548	-775.569998	
0.225000	15.742204	0.839869	-0.026855	6.209384	0.370624	-777.358788	
0.226000	15.678781	0.953214	-0.026949	7.227730	0.249911	-779.121844	
0.227000	15.644956	1.058463	-0.028552	8.235522	0.413458	-780.859099	
0.228000	15.475827	0.872253	-0.031404	9.233005	0.390094	-782.570461	
0.229000	15.674553	0.937022	-0.034815	10.220299	0.261593	-784.255837	
0.230000	15.721063	0.904637	-0.037978	11.197245	0.444610	-785.915149	
0.231000	15.691466	0.807484	-0.040323	12.163649	0.203184	-787.548348	
0.232000	15.674553	0.847965	-0.041624	13.119540	0.401776	-789.155430	
0.233000	15.530794	0.904637	-0.041964	14.065171	0.183714	-790.736450	
0.234000	15.695694	0.775100	-0.041748	15.000665	0.292745	-792.291516	
0.235000	15.809856	0.702235	-0.041574	15.925869	0.464080	-793.820780	
0.236000	15.699922	0.985598	-0.041680	16.840598	0.370624	-795.324437	
0.237000	15.598445	0.937022	-0.041890	17.744907	0.358942	-796.802698	
0.238000	15.484284	0.977502	-0.041998	18.639066	0.347261	-798.255780	
0.239000	15.687238	0.815580	-0.041806	19.523207	0.246017	-799.683883	
0.240000	15.721063	0.815580	-0.041223	20.397177	0.440716	-801.087174	
0.241000	15.708379	1.042271	-0.040395	21.260800	0.425140	-802.465769	
0.242000	15.547707	0.928926	-0.039111	22.114141	0.312215	-803.819741	
0.243000	15.437773	0.969406	-0.036456	22.957482	0.230441	-805.149127	
0.244000	15.729520	0.791292	-0.031844	23.790951	0.183714	-806.453934	
0.245000	15.670325	0.686043	-0.025631	24.614390	0.292745	-807.734149	
0.246000	15.792943	0.726523	-0.018426	25.427625	0.292745	-808.989759	
0.247000	15.670325	0.912733	-0.010724	26.230749	0.358942	-810.220760	
0.248000	15.496968	0.993694	-0.003044	27.024068	0.475762	-811.427185	
0.249000	15.657640	0.985598	0.004128	27.807727	0.339473	-812.609115	
0.250000	15.733748	0.791292	0.010610	28.581572	0.323897	-813.766686	
0.251000	15.754889	0.572698	0.016525	29.345435	0.210972	-814.900069	
0.252000	15.480055	0.880349	0.021993	30.099400	0.378412	-816.009480	
0.253000	15.526566	0.783196	0.026887	30.843769	0.370624	-817.095171	
0.254000	15.678781	0.969406	0.030842	31.578673	0.370624	-818.157418	
0.255000	15.725291	0.896541	0.033545	32.303952	0.397882	-819.196493	
0.256000	15.754889	0.783196	0.034910	33.019435	0.323897	-820.212646	
0.257000	15.644956	0.912733	0.034917	33.725217	0.335579	-821.206084	
0.258000	15.632271	0.718427	0.033380	34.421609	0.452398	-822.176966	
0.259000	15.759117	0.767004	0.030138	35.108750	0.226548	-823.125414	
0.260000	15.704150	0.758908	0.025612	35.786484	0.320003	-824.051519	
0.261000	15.733748	0.669851	0.020717	36.454645	0.203184	-824.955329	
0.262000	15.594217	0.977502	0.016164	37.113336	0.401776	-825.836865	
0.263000	15.594217	0.928926	0.012307	37.762873	0.323897	-826.696153	
0.264000	15.683009	0.912733	0.009339	38.403401	0.417352	-827.533240	
0.265000	15.649184	0.815580	0.007356	39.034767	0.522489	-828.348221	
0.266000	15.737976	0.872253	0.006207	39.656812	0.312215	-829.141238	
0.267000	15.619586	0.993694	0.005482	40.269650	0.370624	-829.912475	
0.268000	15.602673	0.799388	0.005086	40.873604	0.366730	-830.662163	
0.269000	15.716835	0.928926	0.005354	41.468815	0.304427	-831.390586	
0.270000	15.835225	0.799388	0.006477	42.055123	0.331685	-832.098066	
0.271000	15.691466	0.872253	0.008282	42.632372	0.316109	-832.784929	
0.272000	15.657640	0.823676	0.010540	43.200682	0.281063	-833.451482	
0.273000	15.606902	0.775100	0.013120	43.760377	0.355048	-834.098001	
0.274000	15.737976	0.710331	0.015880	44.311592	0.284957	-834.724718	
0.275000	15.737976	0.815580	0.018658	44.854173	0.343367	-835.331816	
0.276000	15.640727	0.847965	0.021194	45.387971	0.316109	-835.919432	
0.277000	15.585761	0.912733	0.023208	45.913124	0.382306	-836.487651	
0.278000	15.581532	0.864157	0.024719	46.429980	0.292745	-837.036526	
0.279000	15.750661	0.823676	0.025975	46.938683	0.347261	-837.566108	
0.280000	15.737976	0.750812	0.027294	47.439077	0.362836	-838.076465	
0.281000	15.695694	0.669851	0.029099	47.931010	0.316109	-838.567692	
0.282000	15.581532	0.839869	0.031617	48.414628	0.308321	-839.039925	
0.283000	15.636499	1.107039	0.034527	48.890277	0.526383	-839.493356	
0.284000	15.780258	1.050367	0.037148	49.358094	0.265487	-839.928224	
0.285000	15.750661	0.767004	0.038847	49.817917	0.370624	-840.344810	
0.286000	15.776030	0.645563	0.039360	50.269602	0.292745	-840.743439	
0.287000	15.547707	0.912733	0.038807	50.713308	0.339473	-841.124455	
0.288000	15.568848	0.807484	0.037392	51.149397	0.300533	-841.488200	
0.289000	15.708379	0.961310	0.035361	51.578012	0.316109	-841.834989	
0.290000	15.670325	0.969406	0.032882	51.998991	0.339473	-842.165101	
0.291000	15.754889	0.799388	0.029798	52.412187	0.347261	-842.478762	
0.292000	15.501196	1.252769	0.025975	52.817757	0.417352	-842.776152	
0.293000	15.674553	0.815580	0.021761	53.216050	0.300533	-843.057413	
0.294000	15.644956	0.880349	0.017664	53.607201	0.253805	-843.322647	
0.295000	15.750661	0.904637	0.014071	53.991040	0.355048	-843.571930	
0.296000	15.801399	0.783196	0.011379	54.367421	0.273275	-843.805332	
0.297000	15.598445	0.823676	0.009856	54.736503	0.343367	-844.022940	
0.298000	15.687238	0.783196	0.009563	55.098642	0.246017	-844.224872	
0.299000	15.640727	0.904637	0.010547	55.453971	0.312215	-844.411299	
0.300000	15.763345	0.758908	0.012716	55.802323	0.432928	-844.582436	0.000000
0.301000	15.754889	1.066559	0.015488	56.143559	0.378412	-844.738529	
0.302000	15.606902	0.888445	0.018020	56.477860	0.429034	-844.879867	
0.303000	15.683009	0.864157	0.019711	56.805605	0.343367	-845.006783	
0.304000	15.683009	0.912733	0.020174	57.126933	0.366730	-845.119626	
0.305000	15.733748	0.864157	0.019209	57.441671	0.464080	-845.218739	
0.306000	15.666097	0.888445	0.016989	57.749668	0.366730	-845.304433	
0.307000	15.568848	0.791292	0.013889	58.051092	0.362836	-845.376972	
0.308000	15.695694	0.726523	0.010416	58.346294	0.288851	-845.436573	
0.309000	15.687238	0.637467	0.007249	58.635394	0.316109	-845.483417	
0.310000	15.721063	0.718427	0.004671	58.918213	0.429034	-845.517649	
0.311000	15.716835	0.912733	0.002434	59.194606	0.234335	-845.539367	
0.312000	15.573076	0.750812	0.000306	59.464745	0.222654	-845.548639	
0.313000	15.695694	0.880349	-0.001998	59.728986	0.300533	-845.545535	
0.314000	15.674553	0.864157	-0.004786	59.987448	0.440716	-845.530149	
0.315000	15.670325	0.718427	-0.008015	60.239953	0.506913	-845.502615	
0.316000	15.615358	0.856061	-0.011238	60.486355	0.440716	-845.463111	
0.317000	15.458914	1.171808	-0.013764	60.726823	0.421246	-845.411853	
0.318000	15.666097	0.961310	-0.015016	60.961708	0.409564	-845.349092	
0.319000	15.788715	0.872253	-0.014820	61.191120	0.432928	-845.275133	
0.320000	15.759117	0.507929	-0.013437	61.414874	0.444610	-845.190321	
0.321000	15.699922	0.775100	-0.011419	61.632821	0.207078	-845.095006	
0.322000	15.539250	0.912733	-0.009305	61.845130	0.222654	-844.989515	
0.323000	15.708379	0.847965	-0.007509	62.052148	0.269381	-844.874141	
0.324000	15.725291	1.017982	-0.006551	62.253981	0.292745	-844.749124	
0.325000	15.784486	0.783196	-0.007480	62.450445	0.393988	-844.614660	
0.326000	15.687238	0.920829	-0.011448	62.641397	0.234335	-844.470900	
0.327000	15.437773	0.945118	-0.018321	62.827017	0.284957	-844.317949	
0.328000	15.636499	0.815580	-0.026664	63.007663	0.464080	-844.155870	
0.329000	15.666097	0.937022	-0.035051	63.183444	0.397882	-843.984713	
0.330000	15.763345	0.823676	-0.042622	63.354171	0.409564	-843.804537	
0.331000	15.737976	0.912733	-0.049044	63.519692	0.351155	-843.615430	
0.332000	15.513881	0.904637	-0.054222	63.680182	0.304427	-843.417525	
0.333000	15.750661	0.912733	-0.058129	63.835983	0.312215	-843.211009	
0.334000	15.716835	0.904637	-0.060866	63.987188	0.409564	-842.996111	
0.335000	15.784486	0.702235	-0.062275	64.133599	0.226548	-842.773096	
0.336000	15.754889	0.750812	-0.062029	64.275067	0.261593	-842.542270	
0.337000	15.530794	0.637467	-0.060275	64.411767	0.257699	-842.303963	
0.338000	15.809856	0.864157	-0.057592	64.544044	0.421246	-842.058504	
0.339000	15.619586	1.009886	-0.054664	64.671994	0.393988	-841.806195	
0.340000	15.704150	0.839869	-0.052125	64.795423	0.467974	-841.547290	
0.341000	15.644956	0.928926	-0.050408	64.914181	0.273275	-841.281989	
0.342000	15.551935	0.710331	-0.049736	65.028440	0.471868	-841.010441	
0.343000	15.776030	0.742716	-0.050125	65.138536	0.327791	-840.732762	
0.344000	15.657640	0.977502	-0.051210	65.244557	0.358942	-840.449024	
0.345000	15.674553	0.880349	-0.052281	65.346303	0.405670	-840.159274	
0.346000	15.712607	1.050367	-0.052756	65.443622	0.316109	-839.863548	
0.347000	15.556163	0.880349	-0.052497	65.536680	0.281063	-839.561896	
0.348000	15.809856	0.710331	-0.051520	65.625812	0.292745	-839.254404	
0.349000	15.801399	0.694139	-0.049832	65.711109	0.281063	-838.941205	
0.350000	15.691466	0.783196	-0.047632	65.792374	0.393988	-838.622481	
0.351000	15.640727	0.831773	-0.045180	65.869456	0.257699	-838.298445	
0.352000	15.509653	0.977502	-0.042727	65.942524	0.261593	-837.969347	
0.353000	15.750661	0.937022	-0.040641	66.011909	0.277169	-837.635475	
0.354000	15.742204	0.669851	-0.039188	66.077693	0.444610	-837.297132	
0.355000	15.691466	0.864157	-0.038395	66.139675	0.374518	-836.954617	
0.356000	15.704150	0.783196	-0.038320	66.197699	0.464080	-836.608193	
0.357000	15.496968	0.912733	-0.039106	66.251919	0.335579	-836.258071	
0.358000	15.822540	0.791292	-0.040667	66.302648	0.343367	-835.904411	
0.359000	15.687238	0.767004	-0.042652	66.349953	0.339473	-835.547334	
0.360000	15.750661	0.807484	-0.044756	66.393632	0.312215	-835.186929	
0.361000	15.623814	0.710331	-0.046717	66.433530	0.218760	-834.823239	
0.362000	15.433545	0.920829	-0.048118	66.469809	0.222654	-834.456278	
0.363000	15.839453	0.791292	-0.048461	66.502783	0.339473	-834.086053	
0.364000	15.683009	0.815580	-0.047249	66.532521	0.362836	-833.712593	
0.365000	15.687238	0.864157	-0.044263	66.558828	0.179820	-833.335962	
0.366000	15.649184	0.734620	-0.039863	66.581556	0.366730	-832.956276	
0.367000	15.450458	0.920829	-0.034798	66.600859	0.281063	-832.573691	
0.368000	15.801399	0.928926	-0.029838	66.617040	0.491337	-832.188396	
0.369000	15.644956	0.831773	-0.025358	66.630156	0.522489	-831.800627	
0.370000	15.818312	0.758908	-0.021339	66.640001	0.409564	-831.410655	
0.371000	15.746433	0.775100	-0.017914	66.646417	0.242123	-831.018760	
0.372000	15.543479	0.904637	-0.015350	66.649552	0.288851	-830.625204	
0.373000	15.856366	0.864157	-0.013646	66.649712	0.273275	-830.230210	
0.374000	15.636499	0.710331	-0.012628	66.646960	0.343367	-829.833949	
0.375000	15.750661	0.839869	-0.012487	66.641095	0.366730	-829.436539	
0.376000	15.716835	0.621274	-0.013509	66.631966	0.265487	-829.038054	
0.377000	15.530794	0.928926	-0.015246	66.619723	0.261593	-828.638525	
0.378000	15.759117	0.888445	-0.016985	66.604666	0.351155	-828.237944	
0.379000	15.577304	0.839869	-0.018404	66.586854	0.448504	-827.836286	
0.380000	15.725291	0.896541	-0.019299	66.566086	0.390094	-827.433533	
0.381000	15.721063	0.880349	-0.019711	66.542208	0.292745	-827.029697	
0.382000	15.589989	0.702235	-0.020035	66.515365	0.355048	-826.624834	
0.383000	15.919789	0.742716	-0.020380	66.485847	0.417352	-826.219056	
0.384000	15.704150	0.767004	-0.020184	66.453704	0.440716	-825.812516	
0.385000	15.733748	1.026079	-0.018805	66.418733	0.378412	-825.405401	
0.386000	15.776030	0.912733	-0.016223	66.380779	0.179820	-824.997935	
0.387000	15.564620	0.750812	-0.012986	66.339988	0.207078	-824.590364	
0.388000	15.877507	0.775100	-0.009768	66.296651	0.168138	-824.182933	
0.389000	15.721063	0.775100	-0.007040	66.250826	0.452398	-823.775864	
0.390000	15.632271	0.920829	-0.005003	66.202318	0.378412	-823.369330	
0.391000	15.666097	0.831773	-0.003812	66.150979	0.277169	-822.963448	
0.392000	15.513881	0.807484	-0.003449	66.096947	0.347261	-822.558287	
0.393000	15.843681	0.864157	-0.003296	66.040507	0.355048	-822.153881	
0.394000	15.683009	1.066559	-0.002780	65.981712	0.331685	-821.750223	
0.395000	15.704150	0.880349	-0.002065	65.920368	0.534171	-821.347276	
0.396000	15.691466	0.726523	-0.001405	65.856326	0.300533	-820.944996	
0.397000	15.530794	0.807484	-0.000802	65.789718	0.335579	-820.543355	
0.398000	15.924017	0.758908	-0.000331	65.720820	0.296639	-820.142354	
0.399000	15.649184	0.758908	0.000115	65.649684	0.238229	-819.742045	
0.400000	15.763345	1.001790	0.001204	65.576121	0.300533	-819.342521	0.000000
0.401000	15.754889	0.880349	0.003412	65.499988	0.273275	-818.943914	
0.402000	15.488512	0.896541	0.006319	65.421420	0.292745	-818.546392	
0.403000	15.877507	0.815580	0.009222	65.340694	0.249911	-818.150156	
0.404000	15.628043	0.920829	0.011565	65.257866	0.409564	-817.755421	
0.405000	15.737976	0.896541	0.012937	65.172750	0.526383	-817.362395	
0.406000	15.683009	0.872253	0.013271	65.085198	0.355048	-816.971261	
0.407000	15.518109	0.888445	0.012753	64.995336	0.277169	-816.582148	
0.408000	15.683009	0.937022	0.011414	64.903428	0.300533	-816.195134	
0.409000	15.725291	0.742716	0.009045	64.809518	0.390094	-815.810252	
0.410000	15.780258	0.791292	0.005680	64.713412	0.351155	-815.427501	
0.411000	15.704150	0.856061	0.001777	64.614964	0.312215	-815.046842	
0.412000	15.585761	0.775100	-0.002193	64.514301	0.292745	-814.668215	
0.413000	15.792943	0.928926	-0.005959	64.411680	0.296639	-814.291553	
0.414000	15.674553	0.993694	-0.009446	64.307147	0.347261	-813.916803	
0.415000	15.729520	1.050367	-0.012746	64.200513	0.382306	-813.543949	
0.416000	15.695694	0.799388	-0.015760	64.091638	0.320003	-813.173021	
0.417000	15.602673	0.872253	-0.018019	63.980648	0.249911	-812.804097	
0.418000	15.822540	0.710331	-0.019102	63.867798	0.499125	-812.437292	
0.419000	15.691466	0.880349	-0.018900	63.753132	0.471868	-812.072761	
0.420000	15.691466	0.993694	-0.017546	63.636463	0.541959	-811.710692	
0.421000	15.737976	0.872253	-0.015351	63.517649	0.277169	-811.351276	
0.422000	15.699922	0.799388	-0.012789	63.396807	0.296639	-810.994696	
0.423000	15.822540	0.750812	-0.010335	63.274185	0.222654	-810.641103	
0.424000	15.729520	0.920829	-0.008203	63.149822	0.351155	-810.290590	
0.425000	15.611130	1.139424	-0.006519	63.023536	0.351155	-809.943202	
0.426000	15.657640	0.807484	-0.005600	62.895187	0.343367	-809.598937	
0.427000	15.678781	1.009886	-0.005789	62.764893	0.355048	-809.257747	
0.428000	15.818312	0.750812	-0.007029	62.632902	0.347261	-808.919550	
0.429000	15.683009	0.847965	-0.008708	62.499263	0.351155	-808.584243	
0.430000	15.594217	1.042271	-0.010254	62.363801	0.417352	-808.251725	
0.431000	15.708379	0.920829	-0.011557	62.226375	0.401776	-807.921920	
0.432000	15.666097	0.945118	-0.012576	62.087098	0.413458	-807.594802	
0.433000	15.801399	1.042271	-0.012948	61.946209	0.320003	-807.270397	
0.434000	15.746433	0.702235	-0.012268	61.803751	0.288851	-806.948782	
0.435000	15.716835	1.107039	-0.010641	61.659548	0.382306	-806.630070	
0.436000	15.759117	0.823676	-0.008498	61.513462	0.300533	-806.314415	
0.437000	15.695694	0.815580	-0.006211	61.365606	0.284957	-806.001996	
0.438000	15.911333	0.767004	-0.004110	61.216211	0.366730	-805.692987	
0.439000	15.708379	0.734620	-0.002444	61.065320	0.281063	-805.387539	
0.440000	15.687238	1.017982	-0.001541	60.912760	0.413458	-805.085757	
0.441000	15.678781	0.969406	-0.001918	60.758401	0.242123	-804.787685	
0.442000	15.632271	1.171808	-0.004017	60.602351	0.296639	-804.493321	
0.443000	15.788715	0.791292	-0.007951	60.444840	0.382306	-804.202621	
0.444000	15.661868	0.839869	-0.013201	60.285912	0.467974	-803.915497	
0.445000	15.763345	0.864157	-0.018634	60.125397	0.362836	-803.631835	
0.446000	15.687238	0.807484	-0.023098	59.963160	0.347261	-803.351522	
0.447000	15.699922	0.807484	-0.025875	59.799307	0.304427	-803.074457	
0.448000	15.814084	0.912733	-0.026835	59.634060	0.390094	-802.800568	
0.449000	15.826768	0.799388	-0.026424	59.467455	0.300533	-802.529832	
0.450000	15.733748	0.856061	-0.025307	59.299327	0.331685	-802.262270	
0.451000	15.784486	0.718427	-0.023695	59.129547	0.183714	-801.997951	
0.452000	15.809856	0.758908	-0.021209	58.958219	0.281063	-801.736982	
0.453000	15.763345	0.677947	-0.017680	58.785561	0.393988	-801.479506	
0.454000	15.674553	0.864157	-0.013573	58.611612	0.393988	-801.225672	
0.455000	15.628043	1.147520	-0.009554	58.436208	0.522489	-800.975616	
0.456000	15.754889	0.872253	-0.006155	58.259222	0.316109	-800.729450	
0.457000	15.809856	0.815580	-0.003678	58.080752	0.273275	-800.487242	
0.458000	15.809856	0.856061	-0.002623	57.901015	0.382306	-800.249006	
0.459000	15.712607	0.807484	-0.004223	57.720046	0.386200	-800.014708	
0.460000	15.695694	1.147520	-0.009409	57.537683	0.378412	-799.784276	
0.461000	15.771802	0.839869	-0.017485	57.353795	0.358942	-799.557602	
0.462000	15.864822	0.839869	-0.026596	57.168474	0.164244	-799.334556	
0.463000	15.835225	0.677947	-0.035050	56.981929	0.199290	-799.115012	
0.464000	15.683009	0.734620	-0.042120	56.794196	0.382306	-798.898855	
0.465000	15.653412	1.017982	-0.047923	56.605121	0.456292	-798.686004	
0.466000	15.712607	0.872253	-0.052707	56.414583	0.277169	-798.476427	
0.467000	15.822540	0.888445	-0.056229	56.222676	0.218760	-798.270136	
0.468000	15.818312	0.694139	-0.057826	56.029606	0.296639	-798.067182	
0.469000	15.788715	0.775100	-0.057145	55.835407	0.440716	-797.867661	
0.470000	15.636499	1.009886	-0.054473	55.639923	0.362836	-797.671698	
0.471000	15.691466	0.928926	-0.050378	55.443031	0.351155	-797.479429	
0.472000	15.826768	0.742716	-0.045435	55.244823	0.273275	-797.290973	
0.473000	15.873279	0.742716	-0.040250	55.045497	0.269381	-797.106418	
0.474000	15.733748	0.937022	-0.035280	54.845086	0.300533	-796.925800	
0.475000	15.721063	1.082751	-0.030519	54.643441	0.320003	-796.749105	
0.476000	15.683009	0.791292	-0.025687	54.440445	0.152562	-796.576276	
0.477000	15.835225	0.839869	-0.020485	54.236184	0.140880	-796.407212	
0.478000	15.860594	0.815580	-0.014786	54.030855	0.253805	-796.241777	
0.479000	15.674553	0.775100	-0.008835	53.824495	0.390094	-796.079815	
0.480000	15.649184	0.880349	-0.002990	53.616967	0.401776	-795.921181	
0.481000	15.653412	0.928926	0.002366	53.408160	0.288851	-795.765754	
0.482000	15.818312	0.912733	0.006686	53.198163	0.343367	-795.613459	
0.483000	15.843681	0.961310	0.009848	52.987170	0.351155	-795.464272	
0.484000	15.737976	0.880349	0.012456	52.775217	0.269381	-795.318209	
0.485000	15.835225	0.807484	0.014898	52.562162	0.300533	-795.175327	
0.486000	15.708379	0.831773	0.016973	52.347890	0.296639	-795.035726	
0.487000	15.877507	0.613178	0.018359	52.132487	0.031849	-794.899535	
0.488000	15.801399	0.815580	0.018645	51.916149	0.323897	-794.766877	
0.489000	15.725291	0.799388	0.017488	51.698914	0.421246	-794.637849	
0.490000	15.776030	0.985598	0.014860	51.480650	0.347261	-794.512503	
0.491000	15.695694	0.807484	0.010634	51.261253	0.059107	-794.390842	
0.492000	15.776030	0.928926	0.004444	51.040812	0.218760	-794.272824	
0.493000	15.661868	0.937022	-0.003432	50.819516	0.253805	-794.158366	
0.494000	15.678781	0.864157	-0.011977	50.597402	0.409564	-794.047334	
0.495000	15.712607	1.155616	-0.020248	50.374337	0.421246	-793.939564	
0.496000	15.704150	0.864157	-0.027477	50.150214	0.386200	-793.834896	
0.497000	15.856366	0.912733	-0.033030	49.925116	0.207078	-793.733195	
0.498000	15.801399	0.710331	-0.036667	49.699227	0.234335	-793.634353	
0.499000	15.704150	0.653659	-0.038711	49.472580	0.386200	-793.538305	
0.500000	15.674553	0.977502	-0.039773	49.245045	0.440716	-793.445027	0.000000
0.501000	15.699922	1.042271	-0.039751	49.016521	0.261593	-793.354543	
0.502000	15.928245	0.912733	-0.037824	48.787094	0.168138	-793.266921	
0.503000	15.784486	0.880349	-0.033825	48.556953	0.304427	-793.182269	
0.504000	15.649184	1.050367	-0.028585	48.326139	0.242123	-793.100700	
0.505000	15.649184	1.066559	-0.023102	48.094529	0.397882	-793.022312	
0.506000	15.661868	0.872253	-0.018180	47.862023	0.316109	-792.947175	
0.507000	15.852138	0.953214	-0.014542	47.628699	0.183714	-792.875321	
0.508000	15.898648	0.928926	-0.012563	47.394735	0.273275	-792.806728	
0.509000	15.657640	0.977502	-0.012481	47.160168	0.335579	-792.741330	
0.510000	15.678781	0.888445	-0.014989	46.924874	0.370624	-792.679027	
0.511000	15.788715	0.945118	-0.020204	46.688752	0.413458	-792.619679	
0.512000	15.881735	0.928926	-0.026881	46.451877	0.148668	-792.563131	
0.513000	15.843681	0.718427	-0.033597	46.214424	0.323897	-792.509225	
0.514000	15.657640	0.896541	-0.039464	45.976433	0.413458	-792.457823	
0.515000	15.716835	1.026079	-0.043849	45.737788	0.444610	-792.408820	
0.516000	15.640727	0.920829	-0.046436	45.498397	0.187608	-792.362161	
0.517000	15.784486	0.831773	-0.047179	45.258341	0.207078	-792.317835	
0.518000	15.852138	0.856061	-0.046017	45.017794	0.265487	-792.275867	
0.519000	15.716835	1.009886	-0.043054	44.776794	0.312215	-792.236326	
0.520000	15.784486	0.993694	-0.038642	44.535225	0.331685	-792.199311	
0.521000	15.657640	0.847965	-0.033237	44.292993	0.281063	-792.164930	
0.522000	15.809856	0.783196	-0.027357	44.050170	0.164244	-792.133283	
0.523000	15.818312	0.831773	-0.021444	43.806924	0.312215	-792.104434	
0.524000	15.733748	0.953214	-0.015596	43.563289	0.358942	-792.078393	
0.525000	15.809856	1.009886	-0.009617	43.319155	0.288851	-792.055125	
0.526000	15.678781	0.702235	-0.003600	43.074434	0.242123	-792.034557	
0.527000	15.809856	0.920829	0.001954	42.829201	0.063001	-792.016576	
0.528000	15.763345	0.969406	0.006558	42.583619	0.390094	-792.001026	
0.529000	15.657640	0.945118	0.009906	42.337726	0.374518	-791.987728	
0.530000	15.699922	1.098943	0.011826	42.091417	0.331685	-791.976510	
0.531000	15.636499	0.807484	0.012168	41.844610	0.226548	-791.967233	
0.532000	15.839453	0.847965	0.010946	41.597378	0.218760	-791.959808	
0.533000	15.737976	0.896541	0.008349	41.349879	0.460186	-791.954194	
0.534000	15.653412	0.961310	0.004460	41.102146	0.487443	-791.950387	
0.535000	15.704150	1.042271	-0.000500	40.854070	0.257699	-791.948424	
0.536000	15.784486	0.580794	-0.005912	40.605563	0.304427	-791.948394	
0.537000	15.809856	0.888445	-0.011171	40.356694	0.125304	-791.950417	
0.538000	15.788715	0.864157	-0.016035	40.107622	0.339473	-791.954612	
0.539000	15.678781	0.888445	-0.020583	39.858384	0.210972	-791.961063	
0.540000	15.670325	1.131328	-0.024943	39.608880	0.355048	-791.969811	
0.541000	15.759117	0.718427	-0.028822	39.359026	0.347261	-791.980845	
0.542000	15.780258	0.856061	-0.031942	39.108895	0.218760	-791.994114	
0.543000	15.788715	0.686043	-0.034914	38.858639	0.432928	-792.009527	
0.544000	15.619586	0.912733	-0.038444	38.608295	0.432928	-792.026941	
0.545000	15.628043	1.171808	-0.042218	38.357767	0.464080	-792.046177	
0.546000	15.691466	0.872253	-0.045415	38.106972	0.316109	-792.067060	
0.547000	15.780258	0.823676	-0.047478	37.855971	0.265487	-792.089435	
0.548000	15.864822	0.548410	-0.048293	37.604912	0.320003	-792.113187	
0.549000	15.708379	0.969406	-0.048054	37.353827	0.355048	-792.138249	
0.550000	15.759117	1.001790	-0.047016	37.102617	0.440716	-792.164598	
0.551000	15.695694	0.880349	-0.045288	36.851202	0.246017	-792.192256	
0.552000	15.805627	0.856061	-0.042834	36.599647	0.168138	-792.221293	
0.553000	15.809856	0.888445	-0.039703	36.348099	0.207078	-792.251813	
0.554000	15.687238	0.937022	-0.036151	36.096597	0.343367	-792.283929	
0.555000	15.699922	0.945118	-0.032470	35.845060	0.366730	-792.317738	
0.556000	15.623814	0.775100	-0.028710	35.593417	0.284957	-792.353311	
0.557000	15.801399	0.904637	-0.024759	35.341728	0.199290	-792.390675	
0.558000	15.784486	0.791292	-0.020530	35.090133	0.327791	-792.429799	
0.559000	15.653412	0.847965	-0.015952	34.838663	0.339473	-792.470610	
0.560000	15.742204	0.880349	-0.011212	34.587236	0.300533	-792.513004	
0.561000	15.573076	0.677947	-0.006660	34.335776	0.207078	-792.556842	
0.562000	15.809856	0.823676	-0.002330	34.084342	0.129198	-792.601966	
0.563000	15.788715	0.912733	0.001913	33.833069	0.284957	-792.648212	
0.564000	15.704150	0.912733	0.006035	33.581994	0.355048	-792.695434	
0.565000	15.737976	0.937022	0.009758	33.331041	0.448504	-792.743527	
0.566000	15.759117	0.888445	0.012589	33.080143	0.327791	-792.792441	
0.567000	15.797171	0.750812	0.014162	32.829362	0.269381	-792.842176	
0.568000	15.704150	0.856061	0.014797	32.578834	0.308321	-792.892760	
0.569000	15.615358	1.090847	0.015240	32.328595	0.405670	-792.944255	
0.570000	15.704150	1.098943	0.015808	32.078564	0.506913	-792.996757	
0.571000	15.763345	0.775100	0.016308	31.828674	0.382306	-793.050378	
0.572000	15.801399	0.856061	0.016600	31.578978	0.195396	-793.105224	
0.573000	15.737976	0.888445	0.016747	31.329605	0.238229	-793.161361	
0.574000	15.737976	0.993694	0.016693	31.080584	0.393988	-793.218796	
0.575000	15.683009	0.969406	0.016213	30.831839	0.281063	-793.277492	
0.576000	15.733748	0.605082	0.015143	30.583308	0.168138	-793.337374	
0.577000	15.835225	0.864157	0.013376	30.335047	0.191502	-793.398337	
0.578000	15.729520	0.556506	0.011009	30.087182	0.343367	-793.460232	
0.579000	15.640727	1.107039	0.008414	29.839749	0.378412	-793.522888	
0.580000	15.628043	0.953214	0.006012	29.592682	0.355048	-793.586137	
0.581000	15.716835	0.791292	0.004101	29.345923	0.207078	-793.649844	
0.582000	15.704150	0.872253	0.002821	29.099526	0.183714	-793.713928	
0.583000	15.881735	0.856061	0.001928	28.853609	0.393988	-793.778358	
0.584000	15.653412	1.220385	0.000917	28.608201	0.495231	-793.843135	
0.585000	15.636499	1.034175	-5.002498E-5	28.363238	0.425140	-793.908297	
0.586000	15.699922	0.888445	-0.000379	28.118659	0.277169	-793.973931	
0.587000	15.860594	0.718427	-0.000227	27.874508	0.242123	-794.040160	
0.588000	15.877507	0.718427	-0.000278	27.630900	0.172032	-794.107104	
0.589000	15.687238	0.888445	-0.001047	27.387870	0.335579	-794.174859	
0.590000	15.712607	0.831773	-0.002737	27.145364	0.331685	-794.243475	
0.591000	15.644956	0.686043	-0.005249	26.903331	0.358942	-794.312952	
0.592000	15.809856	0.783196	-0.008692	26.661820	0.230441	-794.383245	
0.593000	15.852138	0.961310	-0.013576	26.420941	0.378412	-794.454267	
0.594000	15.632271	1.196096	-0.019838	26.180728	0.421246	-794.525885	
0.595000	15.750661	0.937022	-0.026326	25.941133	0.382306	-794.597936	
0.596000	15.636499	0.912733	-0.031680	25.702107	0.253805	-794.670261	
0.597000	15.784486	0.912733	-0.035164	25.463694	0.269381	-794.742721	
0.598000	15.759117	0.969406	-0.036713	25.225994	0.300533	-794.815200	
0.599000	15.776030	1.058463	-0.036771	24.989037	0.300533	-794.887632	
0.600000	15.708379	0.904637	-0.036001	24.752769	0.265487	-794.959997	0.000000
0.601000	15.691466	0.815580	-0.034707	24.517145	0.199290	-795.032328	
0.602000	15.801399	0.750812	-0.032723	24.282213	0.098047	-795.104703	
0.603000	15.729520	0.985598	-0.029956	24.048077	0.351155	-795.177229	
0.604000	15.754889	1.001790	-0.026726	23.814775	0.421246	-795.250018	
0.605000	15.666097	0.993694	-0.023507	23.582277	0.378412	-795.323175	
0.606000	15.725291	0.807484	-0.020559	23.350554	0.222654	-795.396786	
0.607000	15.712607	0.880349	-0.017935	23.119656	0.238229	-795.470894	
0.608000	15.729520	0.775100	-0.015448	22.889681	0.440716	-795.545479	
0.609000	15.708379	1.155616	-0.012321	22.660660	0.355048	-795.620473	
0.610000	15.666097	1.009886	-0.007697	22.432557	0.397882	-795.695773	
0.611000	15.809856	0.718427	-0.001805	22.205336	0.164244	-795.771250	
0.612000	15.818312	0.742716	0.004292	21.979036	0.152562	-795.846760	
0.613000	15.805627	0.783196	0.009856	21.753747	0.405670	-795.922157	
0.614000	15.678781	1.123232	0.014642	21.529499	0.308321	-795.997306	
0.615000	15.691466	0.872253	0.018432	21.306258	0.253805	-796.072109	
0.616000	15.737976	0.904637	0.020883	21.083994	0.136986	-796.146524	
0.617000	15.792943	1.009886	0.021730	20.862744	0.148668	-796.220556	
0.618000	15.763345	0.815580	0.020997	20.642594	0.327791	-796.294247	
0.619000	15.581532	1.236577	0.018954	20.423576	0.464080	-796.367675	
0.620000	15.691466	1.001790	0.015917	20.205669	0.382306	-796.440952	
0.621000	15.725291	0.945118	0.012069	19.988849	0.222654	-796.514200	
0.622000	15.792943	0.783196	0.007537	19.773150	0.191502	-796.587531	
0.623000	15.809856	0.734620	0.002454	19.558646	0.358942	-796.661026	
0.624000	15.644956	0.815580	-0.003239	19.345363	0.390094	-796.734709	
0.625000	15.649184	0.888445	-0.009704	19.133277	0.362836	-796.808558	
0.626000	15.687238	0.847965	-0.016871	18.922362	0.214866	-796.882516	
0.627000	15.742204	0.896541	-0.024429	18.712645	0.140880	-796.956488	
0.628000	15.843681	0.799388	-0.031875	18.504198	0.261593	-797.030341	
0.629000	15.716835	0.953214	-0.038532	18.297051	0.386200	-797.103924	
0.630000	15.691466	0.750812	-0.043790	18.091191	0.351155	-797.177090	
0.631000	15.628043	0.799388	-0.047317	17.886605	0.199290	-797.249721	
0.632000	15.733748	0.912733	-0.049161	17.683317	0.203184	-797.321744	
0.633000	15.699922	0.904637	-0.049940	17.481392	0.483549	-797.393133	
0.634000	15.661868	1.188000	-0.050579	17.280857	0.444610	-797.463898	
0.635000	15.750661	0.856061	-0.051337	17.081713	0.382306	-797.534092	
0.636000	15.632271	0.953214	-0.051680	16.883957	0.234335	-797.603815	
0.637000	15.771802	0.864157	-0.051274	16.687611	0.265487	-797.673205	
0.638000	15.750661	0.888445	-0.050401	16.492726	0.335579	-797.742394	
0.639000	15.776030	0.993694	-0.049497	16.299323	0.413458	-797.811489	
0.640000	15.712607	0.864157	-0.048743	16.107408	0.335579	-797.880554	
0.641000	15.763345	0.718427	-0.048099	15.916984	0.195396	-797.949611	
0.642000	15.763345	0.945118	-0.047202	15.728075	0.136986	-798.018638	
0.643000	15.636499	0.847965	-0.045339	15.540734	0.323897	-798.087565	
0.644000	15.649184	0.937022	-0.042206	15.354983	0.503019	-798.156266	
0.645000	15.564620	1.009886	-0.038113	15.170838	0.327791	-798.224591	
0.646000	15.754889	0.880349	-0.033423	14.988305	0.288851	-798.292396	
0.647000	15.788715	0.937022	-0.028604	14.807402	0.320003	-798.359556	
0.648000	15.695694	0.856061	-0.024270	14.628168	0.292745	-798.425975	
0.649000	15.594217	0.977502	-0.020826	14.450618	0.347261	-798.491597	
0.650000	15.649184	0.896541	-0.018402	14.274752	0.405670	-798.556416	
0.651000	15.725291	0.864157	-0.016861	14.100569	0.066895	-798.620474	
0.652000	15.797171	0.856061	-0.015833	13.928078	0.238229	-798.683865	
0.653000	15.915561	0.823676	-0.014935	13.757317	0.425140	-798.746718	
0.654000	15.666097	1.115135	-0.014060	13.588306	0.288851	-798.809165	
0.655000	15.683009	0.953214	-0.013488	13.421076	0.351155	-798.871325	
0.656000	15.699922	0.872253	-0.013583	13.255652	0.242123	-798.933293	
0.657000	15.788715	0.775100	-0.014529	13.092050	0.214866	-798.995122	
0.658000	15.721063	0.839869	-0.016667	12.930299	0.413458	-799.056807	
0.659000	15.670325	1.236577	-0.020658	12.770417	0.393988	-799.118298	
0.660000	15.704150	0.977502	-0.026525	12.612436	0.320003	-799.179509	
0.661000	15.632271	0.661755	-0.033343	12.456374	0.090259	-799.240320	
0.662000	15.666097	0.839869	-0.040139	12.302236	0.277169	-799.300595	
0.663000	15.784486	0.726523	-0.046151	12.150032	0.323897	-799.360196	
0.664000	15.742204	0.767004	-0.050764	11.999773	0.448504	-799.419006	
0.665000	15.699922	0.775100	-0.053623	11.851498	0.218760	-799.476946	
0.666000	15.636499	0.734620	-0.054308	11.705236	0.187608	-799.533994	
0.667000	15.805627	0.888445	-0.052218	11.560988	0.327791	-799.590170	
0.668000	15.771802	1.034175	-0.047274	11.418761	0.226548	-799.645521	
0.669000	15.687238	1.155616	-0.040156	11.278574	0.312215	-799.700134	
0.670000	15.581532	0.823676	-0.031838	11.140485	0.366730	-799.754130	
0.671000	15.666097	0.758908	-0.023290	11.004535	0.195396	-799.807644	
0.672000	15.784486	0.831773	-0.015261	10.870719	0.374518	-799.860798	
0.673000	15.683009	0.904637	-0.008293	10.739026	0.277169	-799.913671	
0.674000	15.733748	1.163712	-0.002586	10.609463	0.355048	-799.966292	
0.675000	15.687238	0.613178	0.002569	10.482090	0.327791	-800.018646	
0.676000	15.754889	0.669851	0.007950	10.356951	0.031849	-800.070690	
0.677000	15.801399	0.588890	0.012966	10.234037	0.288851	-800.122344	
0.678000	15.585761	0.791292	0.016717	10.113331	0.304427	-800.173486	
0.679000	15.699922	0.969406	0.019316	9.994842	0.296639	-800.223973	
0.680000	15.661868	0.920829	0.021102	9.878648	0.358942	-800.273668	
0.681000	15.716835	0.847965	0.021983	9.764814	0.086365	-800.322467	
0.682000	15.733748	0.815580	0.021817	9.653330	0.288851	-800.370315	
0.683000	15.678781	0.621274	0.020817	9.544174	0.351155	-800.417199	
0.684000	15.657640	1.050367	0.019388	9.437343	0.514701	-800.463137	
0.685000	15.661868	0.815580	0.017666	9.332902	0.397882	-800.508185	
0.686000	15.670325	0.694139	0.015683	9.230898	0.210972	-800.552452	
0.687000	15.784486	0.856061	0.013599	9.131302	0.214866	-800.596085	
0.688000	15.805627	0.694139	0.011530	9.034074	0.382306	-800.639227	
0.689000	15.691466	1.001790	0.009531	8.939215	0.413458	-800.681993	
0.690000	15.678781	0.767004	0.007684	8.846813	0.327791	-800.724453	
0.691000	15.729520	0.532217	0.005805	8.756938	0.043531	-800.766632	
0.692000	15.830997	0.750812	0.003631	8.669566	0.265487	-800.808514	
0.693000	15.784486	0.750812	0.001583	8.584654	0.238229	-800.850043	
0.694000	15.619586	0.888445	0.000357	8.502204	0.417352	-800.891110	
0.695000	15.547707	0.839869	0.000206	8.422324	0.417352	-800.931570	
0.696000	15.602673	0.977502	0.001133	8.345096	0.203184	-800.971279	
0.697000	15.788715	0.653659	0.002828	8.270490	0.300533	-801.010110	
0.698000	15.776030	0.783196	0.004632	8.198448	0.374518	-801.047968	
0.699000	15.653412	0.961310	0.005792	8.128965	0.393988	-801.084805	
0.700000	15.640727	0.839869	0.005577	8.062155	0.386200	-801.120625	0.000000
0.701000	15.691466	1.017982	0.004001	7.998103	0.288851	-801.155484	
0.702000	15.894420	0.815580	0.002412	7.936771	0.374518	-801.189481	
0.703000	15.712607	0.847965	0.002127	7.878085	0.288851	-801.222752	
0.704000	15.725291	0.799388	0.003141	7.822038	0.429034	-801.255443	
0.705000	15.649184	0.783196	0.004733	7.768735	0.273275	-801.287689	
0.706000	15.661868	0.823676	0.006165	7.718258	0.164244	-801.319601	
0.707000	15.699922	0.839869	0.006860	7.670561	0.397882	-801.351240	
0.708000	15.640727	1.131328	0.006492	7.625564	0.300533	-801.382604	
0.709000	15.585761	0.864157	0.004880	7.583257	0.448504	-801.413645	
0.710000	15.649184	0.888445	0.002121	7.543759	0.382306	-801.444280	
0.711000	15.678781	0.775100	-0.001289	7.507162	0.105834	-801.474397	
0.712000	15.729520	0.718427	-0.004675	7.473415	0.277169	-801.503864	
0.713000	15.721063	0.750812	-0.007342	7.442430	0.390094	-801.532549	
0.714000	15.750661	0.904637	-0.008738	7.414195	0.320003	-801.560334	
0.715000	15.606902	1.017982	-0.008744	7.388845	0.503019	-801.587142	
0.716000	15.725291	0.847965	-0.007950	7.366482	0.257699	-801.612960	
0.717000	15.678781	0.831773	-0.007620	7.347051	0.284957	-801.637822	
0.718000	15.691466	0.734620	-0.008716	7.330454	0.320003	-801.661791	
0.719000	15.725291	0.937022	-0.011066	7.316673	0.351155	-801.684963	
0.720000	15.560391	0.872253	-0.013984	7.305837	0.327791	-801.707471	
0.721000	15.678781	0.823676	-0.017046	7.298040	0.253805	-801.729463	
0.722000	15.750661	0.831773	-0.020112	7.293216	0.440716	-801.751076	
0.723000	15.759117	0.864157	-0.023295	7.291253	0.464080	-801.772410	
0.724000	15.666097	1.050367	-0.027109	7.292128	0.471868	-801.793502	
0.725000	15.589989	0.920829	-0.032376	7.295975	0.401776	-801.814341	
0.726000	15.708379	0.775100	-0.039554	7.302891	0.191502	-801.834886	
0.727000	15.771802	0.661755	-0.048195	7.312805	0.203184	-801.855061	
0.728000	15.869051	0.807484	-0.057171	7.325593	0.253805	-801.874753	
0.729000	15.649184	1.017982	-0.065160	7.341236	0.374518	-801.893826	
0.730000	15.530794	0.912733	-0.071085	7.359875	0.362836	-801.912152	
0.731000	15.674553	0.880349	-0.074409	7.381614	0.207078	-801.929627	
0.732000	15.776030	0.799388	-0.075129	7.406377	0.347261	-801.946199	
0.733000	15.843681	0.767004	-0.073543	7.434039	0.288851	-801.961860	
0.734000	15.602673	0.775100	-0.070069	7.464573	0.429034	-801.976642	
0.735000	15.589989	0.904637	-0.065146	7.498119	0.506913	-801.990614	
0.736000	15.632271	1.001790	-0.059194	7.534768	0.183714	-802.003892	
0.737000	15.704150	0.831773	-0.052695	7.574423	0.448504	-802.016627	
0.738000	15.776030	0.742716	-0.046234	7.616941	0.323897	-802.028967	
0.739000	15.742204	0.750812	-0.040259	7.662289	0.382306	-802.041039	
0.740000	15.581532	0.880349	-0.034836	7.710604	0.335579	-802.052931	
0.741000	15.594217	1.001790	-0.029955	7.761982	0.226548	-802.064679	
0.742000	15.776030	0.856061	-0.025775	7.816326	0.312215	-802.076276	
0.743000	15.687238	1.107039	-0.022361	7.873488	0.386200	-802.087669	
0.744000	15.733748	0.969406	-0.019708	7.933442	0.366730	-802.098755	
0.745000	15.539250	0.839869	-0.017819	7.996345	0.320003	-802.109402	
0.746000	15.615358	0.888445	-0.016463	8.062303	0.226548	-802.119476	
0.747000	15.712607	0.831773	-0.015230	8.131215	0.382306	-802.128859	
0.748000	15.725291	0.945118	-0.013814	8.202924	0.378412	-802.137456	
0.749000	15.721063	0.904637	-0.012192	8.277395	0.386200	-802.145223	
0.750000	15.526566	1.139424	-0.010454	8.354773	0.292745	-802.152166	
0.751000	15.737976	0.629370	-0.008406	8.435152	0.253805	-802.158345	
0.752000	15.759117	0.847965	-0.005696	8.518419	0.273275	-802.163864	
0.753000	15.759117	0.613178	-0.002437	8.604409	0.390094	-802.168859	
0.754000	15.704150	0.912733	0.000649	8.693092	0.300533	-802.173474	
0.755000	15.513881	0.945118	0.002816	8.784622	0.355048	-802.177842	
0.756000	15.784486	0.888445	0.003779	8.879096	0.288851	-802.182077	
0.757000	15.695694	0.807484	0.003600	8.976400	0.432928	-802.186250	
0.758000	15.649184	1.017982	0.002298	9.076369	0.347261	-802.190370	
0.759000	15.619586	0.928926	-0.000486	9.178982	0.230441	-802.194397	
0.760000	15.463143	0.993694	-0.005280	9.284416	0.432928	-802.198251	
0.761000	15.763345	0.718427	-0.012052	9.392774	0.207078	-802.201823	
0.762000	15.754889	0.815580	-0.019971	9.503930	0.269381	-802.204983	
0.763000	15.771802	0.823676	-0.027913	9.617708	0.429034	-802.207605	
0.764000	15.661868	0.953214	-0.035007	9.734085	0.401776	-802.209578	
0.765000	15.492740	0.912733	-0.040701	9.853233	0.397882	-802.210832	
0.766000	15.750661	0.767004	-0.044589	9.975256	0.199290	-802.211355	
0.767000	15.792943	0.710331	-0.046235	10.100024	0.257699	-802.211185	
0.768000	15.801399	0.516025	-0.045220	10.227357	0.273275	-802.210392	
0.769000	15.666097	1.066559	-0.041553	10.357229	0.320003	-802.209082	
0.770000	15.442002	0.977502	-0.035889	10.489818	0.366730	-802.207385	
0.771000	15.670325	0.969406	-0.029260	10.625223	0.203184	-802.205443	
0.772000	15.661868	0.945118	-0.022653	10.763304	0.238229	-802.203381	
0.773000	15.792943	0.775100	-0.016783	10.903865	0.436822	-802.201291	
0.774000	15.687238	0.831773	-0.012300	11.046880	0.452398	-802.199212	
0.775000	15.433545	0.847965	-0.009954	11.192528	0.320003	-802.197137	
0.776000	15.670325	1.001790	-0.010130	11.340906	0.327791	-802.195026	
0.777000	15.839453	0.896541	-0.012529	11.491863	0.327791	-802.192800	
0.778000	15.780258	1.058463	-0.016414	11.645197	0.265487	-802.190341	
0.779000	15.729520	0.831773	-0.020839	11.800885	0.273275	-802.187515	
0.780000	15.509653	0.839869	-0.024949	11.959118	0.366730	-802.184198	
0.781000	15.691466	0.775100	-0.028178	12.119997	0.249911	-802.180299	
0.782000	15.746433	0.831773	-0.030165	12.283367	0.316109	-802.175766	
0.783000	15.661868	1.001790	-0.030647	12.449025	0.335579	-802.170594	
0.784000	15.657640	0.839869	-0.029241	12.616960	0.358942	-802.164810	
0.785000	15.433545	0.937022	-0.025489	12.787374	0.351155	-802.158483	
0.786000	15.695694	0.799388	-0.019542	12.960365	0.187608	-802.151732	
0.787000	15.750661	0.694139	-0.012377	13.135767	0.273275	-802.144705	
0.788000	15.670325	0.807484	-0.005219	13.313364	0.214866	-802.137548	
0.789000	15.725291	0.937022	0.000863	13.493131	0.292745	-802.130377	
0.790000	15.513881	0.847965	0.005093	13.675258	0.386200	-802.123275	
0.791000	15.750661	0.823676	0.007154	13.859838	0.195396	-802.116278	
0.792000	15.721063	0.726523	0.006903	14.046700	0.308321	-802.109381	
0.793000	15.725291	0.694139	0.004041	14.235632	0.331685	-802.102529	
0.794000	15.636499	1.066559	-0.001298	14.426616	0.312215	-802.095617	
0.795000	15.416632	0.888445	-0.008122	14.619851	0.347261	-802.088506	
0.796000	15.729520	0.799388	-0.015029	14.815431	0.277169	-802.081059	
0.797000	15.657640	0.775100	-0.020746	15.013184	0.393988	-802.073157	
0.798000	15.750661	0.775100	-0.024503	15.212894	0.370624	-802.064708	
0.799000	15.619586	1.058463	-0.025959	15.414551	0.475762	-802.055663	
0.800000	15.437773	0.856061	-0.024949	15.618361	0.253805	-802.046026	0.000000
0.801000	15.733748	0.937022	-0.021563	15.824408	0.300533	-802.035848	
0.802000	15.695694	0.677947	-0.016183	16.032505	0.234335	-802.025233	
0.803000	15.767574	0.645563	-0.009495	16.242425	0.370624	-802.014321	
0.804000	15.687238	0.961310	-0.002499	16.454159	0.386200	-802.003264	
0.805000	15.450458	0.864157	0.003903	16.667916	0.316109	-801.992202	
0.806000	15.691466	0.912733	0.009368	16.883780	0.179820	-801.981250	
0.807000	15.763345	0.815580	0.013968	17.101560	0.355048	-801.970475	
0.808000	15.699922	0.847965	0.017583	17.321030	0.417352	-801.959885	
0.809000	15.636499	0.872253	0.019639	17.542191	0.281063	-801.949439	
0.810000	15.425089	0.912733	0.019572	17.765261	0.288851	-801.939055	
0.811000	15.585761	0.920829	0.017389	17.990324	0.148668	-801.928618	
0.812000	15.733748	0.734620	0.013810	18.217183	0.432928	-801.917985	
0.813000	15.708379	0.864157	0.009875	18.445604	0.323897	-801.907015	
0.814000	15.691466	0.856061	0.006349	18.675587	0.269381	-801.895586	
0.815000	15.539250	0.702235	0.003615	18.907345	0.304427	-801.883628	
0.816000	15.683009	0.767004	0.002107	19.140952	0.323897	-801.871128	
0.817000	15.750661	0.734620	0.002382	19.376197	0.308321	-801.858117	
0.818000	15.678781	0.864157	0.004580	19.612848	0.320003	-801.844661	
0.819000	15.725291	0.839869	0.008191	19.850912	0.183714	-801.830862	
0.820000	15.492740	0.645563	0.012311	20.090619	0.355048	-801.816858	
0.821000	15.683009	0.823676	0.015887	20.332045	0.222654	-801.802799	
0.822000	15.691466	0.904637	0.018121	20.574981	0.421246	-801.788817	
0.823000	15.623814	0.815580	0.018703	20.819192	0.386200	-801.775000	
0.824000	15.678781	0.928926	0.017585	21.064695	0.242123	-801.761380	
0.825000	15.539250	0.977502	0.014950	21.311719	0.230441	-801.747949	
0.826000	15.704150	0.775100	0.011251	21.560333	0.304427	-801.734668	
0.827000	15.670325	0.928926	0.006589	21.810314	0.316109	-801.721458	
0.828000	15.746433	0.815580	0.000854	22.061423	0.362836	-801.708201	
0.829000	15.653412	0.937022	-0.005463	22.313675	0.183714	-801.694764	
0.830000	15.522337	0.767004	-0.011579	22.567300	0.284957	-801.681018	
0.831000	15.750661	0.872253	-0.017168	22.822364	0.257699	-801.666869	
0.832000	15.737976	0.872253	-0.022450	23.078642	0.506913	-801.652272	
0.833000	15.708379	0.864157	-0.027697	23.335900	0.320003	-801.637227	
0.834000	15.492740	1.042271	-0.032781	23.594166	0.304427	-801.621763	
0.835000	15.458914	1.066559	-0.037119	23.853681	0.429034	-801.605941	
0.836000	15.687238	0.767004	-0.040055	24.114511	0.323897	-801.589873	
0.837000	15.746433	0.726523	-0.041448	24.376422	0.320003	-801.573704	
0.838000	15.737976	0.823676	-0.041684	24.639173	0.323897	-801.557582	
0.839000	15.589989	0.977502	-0.041194	24.902790	0.320003	-801.541629	
0.840000	15.560391	0.872253	-0.040188	25.167506	0.300533	-801.525926	
0.841000	15.729520	0.775100	-0.038901	25.433371	0.409564	-801.510503	
0.842000	15.801399	0.661755	-0.037830	25.700143	0.491337	-801.495350	
0.843000	15.754889	0.783196	-0.037145	25.967585	0.269381	-801.480423	
0.844000	15.526566	0.896541	-0.036546	26.235738	0.230441	-801.465629	
0.845000	15.632271	0.937022	-0.035776	26.504853	0.304427	-801.450841	
0.846000	15.611130	0.977502	-0.034601	26.774988	0.234335	-801.435922	
0.847000	15.784486	0.864157	-0.032812	27.045904	0.456292	-801.420749	
0.848000	15.640727	0.847965	-0.030480	27.317357	0.277169	-801.405231	
0.849000	15.661868	0.758908	-0.027690	27.589385	0.323897	-801.389324	
0.850000	15.708379	0.864157	-0.024141	27.862231	0.335579	-801.373036	
0.851000	15.615358	0.621274	-0.019691	28.135942	0.456292	-801.356419	
0.852000	15.771802	0.985598	-0.014759	28.410265	0.440716	-801.339570	
0.853000	15.771802	1.017982	-0.009866	28.684950	0.390094	-801.322624	
0.854000	15.699922	0.880349	-0.005510	28.960036	0.273275	-801.305727	
0.855000	15.653412	0.629370	-0.002165	29.235766	0.222654	-801.289022	
0.856000	15.699922	0.726523	-8.007206E-5	29.512185	0.308321	-801.272622	
0.857000	15.725291	0.856061	0.000657	29.789038	0.323897	-801.256593	
0.858000	15.712607	0.888445	0.000220	30.066079	0.382306	-801.240941	
0.859000	15.602673	0.888445	-0.000863	30.343361	0.390094	-801.225625	
0.860000	15.628043	0.856061	-0.002215	30.621139	0.362836	-801.210573	
0.861000	15.585761	0.839869	-0.003747	30.899459	0.362836	-801.195677	
0.862000	15.725291	0.823676	-0.005197	31.178062	0.440716	-801.180805	
0.863000	15.661868	0.734620	-0.006258	31.456701	0.312215	-801.165826	
0.864000	15.589989	0.912733	-0.006956	31.735428	0.331685	-801.150621	
0.865000	15.653412	0.856061	-0.007393	32.014491	0.331685	-801.135117	
0.866000	15.750661	0.831773	-0.007494	32.293928	0.393988	-801.119299	
0.867000	15.737976	0.823676	-0.006923	32.573475	0.347261	-801.103201	
0.868000	15.683009	0.888445	-0.005055	32.852892	0.281063	-801.086887	
0.869000	15.539250	0.856061	-0.001591	33.132241	0.304427	-801.070458	
0.870000	15.712607	0.767004	0.003037	33.411779	0.366730	-801.054049	
0.871000	15.729520	0.807484	0.008022	33.691544	0.296639	-801.037806	
0.872000	15.729520	0.839869	0.012426	33.971273	0.358942	-801.021860	
0.873000	15.687238	0.839869	0.015395	34.250729	0.312215	-801.006305	
0.874000	15.475827	0.953214	0.016298	34.529983	0.475762	-800.991177	
0.875000	15.640727	0.896541	0.014769	34.809296	0.436822	-800.976466	
0.876000	15.628043	0.864157	0.011047	35.088694	0.261593	-800.962119	
0.877000	15.754889	0.645563	0.005922	35.367904	0.452398	-800.948049	
0.878000	15.818312	0.443161	0.000260	35.646679	0.296639	-800.934134	
0.879000	15.556163	0.847965	-0.005128	35.925082	0.401776	-800.920238	
0.880000	15.708379	0.896541	-0.009500	36.203360	0.269381	-800.906235	
0.881000	15.661868	0.904637	-0.012407	36.481536	0.409564	-800.892024	
0.882000	15.780258	0.831773	-0.013861	36.759337	0.358942	-800.877550	
0.883000	15.801399	0.847965	-0.014182	37.036525	0.249911	-800.862810	
0.884000	15.543479	0.864157	-0.013712	37.313176	0.413458	-800.847840	
0.885000	15.661868	0.839869	-0.012801	37.589551	0.203184	-800.832709	
0.886000	15.611130	0.937022	-0.011695	37.865674	0.390094	-800.817526	
0.887000	15.852138	0.702235	-0.010413	38.141268	0.460186	-800.802427	
0.888000	15.746433	0.831773	-0.008971	38.416088	0.425140	-800.787550	
0.889000	15.539250	0.758908	-0.007514	38.690212	0.269381	-800.773013	
0.890000	15.750661	0.653659	-0.006155	38.963895	0.257699	-800.758898	
0.891000	15.716835	0.564602	-0.004824	39.237158	0.273275	-800.745233	
0.892000	15.847910	0.864157	-0.003537	39.509717	0.432928	-800.732006	
0.893000	15.704150	0.815580	-0.002774	39.781328	0.265487	-800.719159	
0.894000	15.611130	0.799388	-0.003068	40.052071	0.355048	-800.706595	
0.895000	15.733748	0.872253	-0.004403	40.322206	0.218760	-800.694181	
0.896000	15.683009	0.694139	-0.006278	40.591756	0.284957	-800.681787	
0.897000	15.611130	0.847965	-0.008058	40.860446	0.331685	-800.669290	
0.898000	15.691466	0.815580	-0.009272	41.128038	0.296639	-800.656589	
0.899000	15.501196	0.831773	-0.009920	41.394612	0.331685	-800.643632	
0.900000	15.754889	0.839869	-0.010625	41.660420	0.273275	-800.630418	0.000000
0.901000	15.691466	0.661755	-0.012063	41.925470	0.335579	-800.616992	
0.902000	15.653412	0.928926	-0.014080	42.189482	0.386200	-800.603452	
0.903000	15.826768	0.702235	-0.016050	42.452217	0.347261	-800.589929	
0.904000	15.539250	0.799388	-0.017748	42.713753	0.316109	-800.576564	
0.905000	15.797171	0.775100	-0.019255	42.974347	0.362836	-800.563494	
0.906000	15.771802	0.864157	-0.020626	43.234011	0.265487	-800.550832	
0.907000	15.754889	0.742716	-0.021916	43.492470	0.261593	-800.538647	
0.908000	15.742204	0.831773	-0.023139	43.749493	0.284957	-800.526946	
0.909000	15.399719	1.082751	-0.024106	44.005171	0.164244	-800.515687	
0.910000	15.759117	0.864157	-0.024435	44.259768	0.249911	-800.504789	
0.911000	15.670325	1.017982	-0.023897	44.513297	0.343367	-800.494133	
0.912000	15.839453	0.791292	-0.022578	44.765482	0.339473	-800.483579	
0.913000	15.733748	0.791292	-0.020648	45.016093	0.316109	-800.472990	
0.914000	15.378578	0.928926	-0.018223	45.265215	0.436822	-800.462245	
0.915000	15.776030	1.009886	-0.015418	45.513103	0.113622	-800.451264	
0.916000	15.708379	0.872253	-0.012425	45.759765	0.312215	-800.440020	
0.917000	15.814084	0.799388	-0.009752	46.004920	0.277169	-800.428536	
0.918000	15.843681	0.645563	-0.008107	46.248338	0.214866	-800.416877	
0.919000	15.501196	0.864157	-0.007660	46.490111	0.413458	-800.405147	
0.920000	15.797171	0.718427	-0.008054	46.730498	0.366730	-800.393481	
0.921000	15.725291	0.953214	-0.009146	46.969507	0.409564	-800.382019	
0.922000	15.750661	0.791292	-0.010822	47.206866	0.475762	-800.370886	
0.923000	15.687238	0.953214	-0.012576	47.442349	0.374518	-800.360168	
0.924000	15.492740	0.888445	-0.014006	47.676048	0.444610	-800.349900	
0.925000	15.780258	0.767004	-0.015351	47.908217	0.429034	-800.340070	
0.926000	15.640727	0.961310	-0.017090	48.138861	0.370624	-800.330625	
0.927000	15.687238	0.896541	-0.019363	48.367705	0.343367	-800.321473	
0.928000	15.683009	1.171808	-0.021963	48.594520	0.199290	-800.312490	
0.929000	15.547707	0.815580	-0.024517	48.819399	0.269381	-800.303547	
0.930000	15.818312	0.750812	-0.026698	49.042596	0.230441	-800.294525	
0.931000	15.695694	0.839869	-0.028282	49.264124	0.284957	-800.285332	
0.932000	15.708379	0.880349	-0.028963	49.483712	0.358942	-800.275913	
0.933000	15.716835	0.864157	-0.028635	49.701139	0.397882	-800.266260	
0.934000	15.530794	0.847965	-0.027783	49.916499	0.288851	-800.256406	
0.935000	15.822540	0.896541	-0.027013	50.130046	0.312215	-800.246419	
0.936000	15.695694	0.904637	-0.026425	50.341786	0.440716	-800.236410	
0.937000	15.606902	0.702235	-0.025756	50.551450	0.460186	-800.226516	
0.938000	15.742204	0.799388	-0.024905	50.758816	0.401776	-800.216870	
0.939000	15.513881	0.823676	-0.024112	50.963972	0.386200	-800.207581	
0.940000	15.826768	0.912733	-0.023637	51.167160	0.339473	-800.198720	
0.941000	15.763345	0.726523	-0.023591	51.368381	0.253805	-800.190310	
0.942000	15.683009	1.001790	-0.024188	51.567365	0.351155	-800.182338	
0.943000	15.640727	0.896541	-0.025806	51.763887	0.327791	-800.174748	
0.944000	15.467371	0.985598	-0.028501	51.958035	0.351155	-800.167438	
0.945000	15.830997	0.783196	-0.031742	52.150052	0.273275	-800.160273	
0.946000	15.708379	0.734620	-0.034888	52.339945	0.452398	-800.153115	
0.947000	15.640727	0.799388	-0.037631	52.527455	0.386200	-800.145842	
0.948000	15.691466	0.985598	-0.039784	52.712375	0.405670	-800.138359	
0.949000	15.433545	0.961310	-0.041079	52.894796	0.374518	-800.130616	
0.950000	15.869051	0.815580	-0.041471	53.074958	0.339473	-800.122612	
0.951000	15.708379	0.847965	-0.040909	53.252862	0.300533	-800.114386	
0.952000	15.691466	0.945118	-0.038805	53.428245	0.475762	-800.106027	
0.953000	15.767574	0.864157	-0.034765	53.600898	0.331685	-800.097661	
0.954000	15.496968	0.823676	-0.029324	53.770911	0.265487	-800.089429	
0.955000	15.856366	0.961310	-0.023439	53.938529	0.362836	-800.081467	
0.956000	15.721063	0.945118	-0.017973	54.103754	0.366730	-800.073883	
0.957000	15.729520	0.815580	-0.013608	54.266335	0.374518	-800.066739	
0.958000	15.640727	0.718427	-0.011035	54.426069	0.296639	-800.060045	
0.959000	15.547707	0.621274	-0.011178	54.583055	0.339473	-800.053765	
0.960000	15.704150	0.920829	-0.014552	54.737534	0.269381	-800.047823	
0.961000	15.670325	0.896541	-0.020543	54.889516	0.288851	-800.042098	
0.962000	15.666097	0.961310	-0.027776	55.038759	0.467974	-800.036447	
0.963000	15.721063	0.888445	-0.034938	55.185065	0.413458	-800.030732	
0.964000	15.530794	0.937022	-0.041112	55.328528	0.327791	-800.024836	
0.965000	15.776030	0.718427	-0.045523	55.469383	0.401776	-800.018684	
0.966000	15.704150	0.742716	-0.047556	55.607634	0.269381	-800.012251	
0.967000	15.687238	0.912733	-0.047189	55.743034	0.234335	-800.005561	
0.968000	15.780258	0.807484	-0.044807	55.875387	0.261593	-799.998680	
0.969000	15.640727	0.807484	-0.040788	56.004787	0.288851	-799.991717	
0.970000	15.797171	0.758908	-0.035613	56.131468	0.316109	-799.984817	
0.971000	15.695694	0.896541	-0.029951	56.255438	0.320003	-799.978124	
0.972000	15.716835	0.839869	-0.024313	56.376457	0.506913	-799.971766	
0.973000	15.699922	0.750812	-0.018987	56.494335	0.288851	-799.965833	
0.974000	15.568848	0.758908	-0.014661	56.609170	0.358942	-799.960361	
0.975000	15.784486	0.847965	-0.012561	56.721196	0.401776	-799.955344	
0.976000	15.699922	0.912733	-0.013495	56.830422	0.316109	-799.950731	
0.977000	15.636499	1.074655	-0.017241	56.936611	0.343367	-799.946431	
0.978000	15.666097	0.928926	-0.022764	57.039572	0.273275	-799.942317	
0.979000	15.589989	0.912733	-0.028723	57.139389	0.312215	-799.938253	
0.980000	15.864822	0.783196	-0.034046	57.236284	0.148668	-799.934115	
0.981000	15.742204	0.799388	-0.038087	57.330267	0.382306	-799.929802	
0.982000	15.657640	1.009886	-0.040502	57.421114	0.378412	-799.925261	
0.983000	15.818312	0.807484	-0.041216	57.508647	0.327791	-799.920486	
0.984000	15.615358	0.888445	-0.040322	57.592962	0.320003	-799.915508	
0.985000	15.818312	0.823676	-0.037935	57.674291	0.210972	-799.910396	
0.986000	15.678781	0.880349	-0.034224	57.752655	0.499125	-799.905260	
0.987000	15.594217	0.896541	-0.029461	57.827842	0.456292	-799.900239	
0.988000	15.674553	0.839869	-0.024063	57.899678	0.355048	-799.895469	
0.989000	15.598445	0.912733	-0.018395	57.968253	0.312215	-799.891062	
0.990000	15.843681	0.880349	-0.012702	58.033786	0.436822	-799.887089	
0.991000	15.716835	0.823676	-0.007307	58.096288	0.491337	-799.883570	
0.992000	15.712607	0.718427	-0.002325	58.155543	0.448504	-799.880487	
0.993000	15.721063	0.661755	0.002234	58.211382	0.269381	-799.877784	
0.994000	15.666097	0.669851	0.005955	58.263899	0.327791	-799.875360	
0.995000	15.898648	0.823676	0.008367	58.313319	0.300533	-799.873079	
0.996000	15.733748	0.775100	0.009462	58.359661	0.390094	-799.870803	
0.997000	15.729520	0.920829	0.009569	58.402719	0.374518	-799.868408	
0.998000	15.649184	0.904637	0.008972	58.442334	0.335579	-799.865802	
0.999000	15.670325	0.596986	0.007915	58.478602	0.413458	-799.862940	
1.000000	15.780258	0.896541	0.007165	58.511753	0.483549	-799.859820	0.000000
1.001000	15.716835	0.912733	0.008022	58.541810	0.429034	-799.856482	
1.002000	15.750661	0.750812	0.011140	58.568575	0.397882	-799.853014	
1.003000	15.737976	0.864157	0.015895	58.591891	0.284957	-799.849549	
1.004000	15.737976	0.872253	0.021103	58.611852	0.343367	-799.846235	
1.005000	15.818312	0.847965	0.025656	58.628682	0.327791	-799.843211	
1.006000	15.708379	0.807484	0.028660	58.642406	0.413458	-799.840583	
1.007000	15.729520	0.953214	0.029606	58.652832	0.390094	-799.838412	
1.008000	15.704150	0.596986	0.028846	58.659807	0.249911	-799.836705	
1.009000	15.754889	0.791292	0.027704	58.663427	0.261593	-799.835432	
1.010000	15.788715	0.807484	0.027210	58.663913	0.246017	-799.834518	
1.011000	15.585761	0.945118	0.027102	58.661294	0.300533	-799.833842	
1.012000	15.708379	1.098943	0.026621	58.655384	0.355048	-799.833258	
1.013000	15.733748	0.653659	0.025388	58.646037	0.300533	-799.832618	
1.014000	15.695694	0.750812	0.023318	58.633353	0.444610	-799.831805	
1.015000	15.860594	0.694139	0.020275	58.617552	0.366730	-799.830740	
1.016000	15.674553	1.042271	0.016195	58.598663	0.249911	-799.829397	
1.017000	15.670325	0.977502	0.011564	58.576505	0.397882	-799.827792	
1.018000	15.784486	0.726523	0.007225	58.550931	0.331685	-799.825981	
1.019000	15.746433	0.912733	0.003713	58.522037	0.242123	-799.824070	
1.020000	15.885963	0.588890	0.001024	58.490039	0.207078	-799.822203	
1.021000	15.683009	0.726523	-0.001171	58.454966	0.339473	-799.820526	
1.022000	15.691466	0.928926	-0.003121	58.416644	0.487443	-799.819164	
1.023000	15.666097	0.920829	-0.004720	58.374939	0.327791	-799.818200	
1.024000	15.683009	1.082751	-0.005432	58.329955	0.413458	-799.817671	
1.025000	15.784486	0.815580	-0.004486	58.281916	0.343367	-799.817564	
1.026000	15.661868	0.767004	-0.001613	58.230856	0.545853	-799.817825	
1.027000	15.699922	0.823676	0.002679	58.176609	0.393988	-799.818359	
1.028000	15.666097	0.815580	0.007561	58.119040	0.312215	-799.819037	
1.029000	15.737976	0.872253	0.012229	58.058250	0.249911	-799.819722	
1.030000	15.898648	0.734620	0.016064	57.994453	0.316109	-799.820285	
1.031000	15.708379	0.831773	0.018607	57.927684	0.347261	-799.820629	
1.032000	15.767574	1.009886	0.019595	57.857781	0.207078	-799.820701	
1.033000	15.704150	0.783196	0.018971	57.784621	0.323897	-799.820500	
1.034000	15.737976	0.831773	0.016997	57.708303	0.226548	-799.820064	
1.035000	15.835225	0.799388	0.014339	57.629042	0.312215	-799.819460	
1.036000	15.687238	0.661755	0.011560	57.546880	0.382306	-799.818795	
1.037000	15.699922	1.017982	0.008764	57.461666	0.351155	-799.818203	
1.038000	15.636499	0.856061	0.005856	57.373280	0.355048	-799.817814	
1.039000	15.801399	0.928926	0.002829	57.281822	0.300533	-799.817740	
1.040000	15.754889	0.880349	-0.000225	57.187501	0.347261	-799.818049	
1.041000	15.733748	0.653659	-0.003331	57.090351	0.429034	-799.818755	
1.042000	15.754889	0.888445	-0.006808	56.990217	0.343367	-799.819835	
1.043000	15.754889	0.775100	-0.011112	56.886979	0.304427	-799.821232	
1.044000	15.742204	1.107039	-0.016349	56.780737	0.339473	-799.822854	
1.045000	15.805627	0.856061	-0.022059	56.671704	0.316109	-799.824576	
1.046000	15.687238	0.937022	-0.027556	56.559925	0.417352	-799.826261	
1.047000	15.691466	1.179904	-0.032295	56.445258	0.316109	-799.827787	
1.048000	15.776030	0.767004	-0.036025	56.327594	0.242123	-799.829064	
1.049000	15.759117	0.888445	-0.039015	56.207038	0.187608	-799.830054	
1.050000	15.704150	0.775100	-0.041751	56.083802	0.386200	-799.830762	
1.051000	15.602673	1.026079	-0.044099	55.957929	0.456292	-799.831229	
1.052000	15.759117	1.171808	-0.045323	55.829277	0.331685	-799.831536	
1.053000	15.737976	0.920829	-0.045069	55.697736	0.390094	-799.831809	
1.054000	15.797171	0.758908	-0.043738	55.563405	0.281063	-799.832193	
1.055000	15.843681	0.718427	-0.041880	55.426487	0.355048	-799.832828	
1.056000	15.678781	0.912733	-0.039731	55.287021	0.308321	-799.833820	
1.057000	15.771802	1.034175	-0.037437	55.144869	0.417352	-799.835228	
1.058000	15.725291	1.098943	-0.035419	54.999926	0.277169	-799.837058	
1.059000	15.788715	1.001790	-0.034372	54.852293	0.074683	-799.839283	
1.060000	15.873279	0.815580	-0.034730	54.702178	0.218760	-799.841838	
1.061000	15.683009	0.847965	-0.036204	54.549629	0.467974	-799.844611	
1.062000	15.687238	1.179904	-0.038176	54.394517	0.432928	-799.847459	
1.063000	15.619586	0.969406	-0.040281	54.236745	0.436822	-799.850243	
1.064000	15.864822	0.880349	-0.042260	54.076414	0.234335	-799.852843	
1.065000	15.860594	0.985598	-0.043725	53.913732	0.390094	-799.855182	
1.066000	15.691466	0.823676	-0.044219	53.748749	0.557535	-799.857233	
1.067000	15.737976	0.896541	-0.043532	53.581341	0.471868	-799.859011	
1.068000	15.649184	0.783196	-0.042164	53.411409	0.253805	-799.860571	
1.069000	15.869051	0.864157	-0.040725	53.239047	0.156456	-799.862021	
1.070000	15.822540	0.880349	-0.039214	53.064456	0.316109	-799.863503	
1.071000	15.750661	0.694139	-0.037483	52.887684	0.347261	-799.865161	
1.072000	15.674553	1.090847	-0.035601	52.708613	0.288851	-799.867125	
1.073000	15.699922	0.945118	-0.033788	52.527149	0.316109	-799.869488	
1.074000	15.869051	0.791292	-0.032220	52.343396	0.273275	-799.872293	
1.075000	15.797171	0.767004	-0.030912	52.157557	0.378412	-799.875532	
1.076000	15.687238	0.815580	-0.029780	51.969692	0.440716	-799.879145	
1.077000	15.818312	1.058463	-0.028426	51.779685	0.467974	-799.883035	
1.078000	15.742204	0.799388	-0.026369	51.587449	0.358942	-799.887073	
1.079000	15.754889	0.945118	-0.023508	51.393084	0.343367	-799.891121	
1.080000	15.763345	0.904637	-0.019952	51.196788	0.191502	-799.895047	
1.081000	15.776030	0.847965	-0.015901	50.998614	0.249911	-799.898743	
1.082000	15.759117	0.985598	-0.011634	50.798446	0.413458	-799.902149	
1.083000	15.809856	0.426968	-0.007267	50.596197	0.351155	-799.905265	
1.084000	15.797171	0.977502	-0.003015	50.391968	0.183714	-799.908135	
1.085000	15.767574	0.831773	0.000476	50.185955	0.273275	-799.910832	
1.086000	15.661868	1.115135	0.002877	49.978205	0.378412	-799.913464	
1.087000	15.742204	1.082751	0.004594	49.768609	0.522489	-799.916164	
1.088000	15.746433	0.653659	0.006034	49.557080	0.312215	-799.919067	
1.089000	15.759117	0.767004	0.007417	49.343718	0.098047	-799.922295	
1.090000	15.797171	0.815580	0.009013	49.128717	0.312215	-799.925919	
1.091000	15.653412	0.904637	0.010978	48.912126	0.335579	-799.929955	
1.092000	15.683009	1.309441	0.013205	48.693835	0.362836	-799.934373	
1.093000	15.835225	0.775100	0.015371	48.473757	0.323897	-799.939112	
1.094000	15.856366	0.920829	0.017235	48.251987	0.113622	-799.944075	
1.095000	15.877507	0.767004	0.018955	48.028712	0.355048	-799.949138	
1.096000	15.628043	0.896541	0.020815	47.803983	0.316109	-799.954162	
1.097000	15.716835	1.034175	0.022714	47.577697	0.296639	-799.959022	
1.098000	15.691466	0.807484	0.024380	47.349771	0.238229	-799.963622	
1.099000	15.936702	0.815580	0.026011	47.120304	0.199290	-799.967924	
1.100000	15.797171	0.791292	0.028177	46.889486	0.304427	-799.971930	0.000000
1.101000	15.632271	0.904637	0.031202	46.657372	0.210972	-799.975683	
1.102000	15.704150	0.896541	0.035045	46.423861	0.378412	-799.979266	
1.103000	15.725291	0.815580	0.039345	46.188870	0.288851	-799.982804	
1.104000	15.852138	0.896541	0.043373	45.952488	0.199290	-799.986441	
1.105000	15.805627	0.928926	0.046358	45.714897	0.273275	-799.990314	
1.106000	15.742204	0.783196	0.047829	45.476148	0.358942	-799.994528	
1.107000	15.691466	1.115135	0.047564	45.236142	0.460186	-799.999143	
1.108000	15.695694	1.034175	0.045468	44.994801	0.238229	-800.004165	
1.109000	15.809856	0.775100	0.041717	44.752210	0.109728	-800.009560	
1.110000	15.797171	0.807484	0.036916	44.508550	0.253805	-800.015252	
1.111000	15.780258	0.799388	0.031741	44.263876	0.355048	-800.021127	
1.112000	15.653412	0.953214	0.026679	44.018097	0.351155	-800.027043	
1.113000	15.678781	0.839869	0.022183	43.771144	0.226548	-800.032863	
1.114000	15.687238	1.026079	0.018517	43.523105	0.199290	-800.038466	
1.115000	15.784486	0.904637	0.015568	43.274152	0.355048	-800.043770	
1.116000	15.721063	0.758908	0.012983	43.024333	0.475762	-800.048742	
1.117000	15.683009	0.945118	0.010672	42.773555	0.390094	-800.053394	
1.118000	15.771802	0.588890	0.009264	42.521744	0.253805	-800.057788	
1.119000	15.759117	0.847965	0.009336	42.268986	0.218760	-800.062034	
1.120000	15.826768	0.961310	0.010624	42.015454	0.265487	-800.066268	
1.121000	15.784486	1.001790	0.012481	41.761199	0.421246	-800.070625	
1.122000	15.699922	0.993694	0.014407	41.506136	0.347261	-800.075226	
1.123000	15.759117	0.532217	0.016062	41.250196	0.277169	-800.080163	
1.124000	15.801399	0.912733	0.017011	40.993465	0.136986	-800.085480	
1.125000	15.712607	0.961310	0.016681	40.736113	0.370624	-800.091168	
1.126000	15.606902	0.961310	0.014410	40.478192	0.358942	-800.097163	
1.127000	15.683009	1.074655	0.009587	40.219617	0.436822	-800.103362	
1.128000	15.729520	0.896541	0.002436	39.960317	0.265487	-800.109637	
1.129000	15.809856	0.807484	-0.005796	39.700368	0.121410	-800.115854	
1.130000	15.750661	0.807484	-0.013789	39.439935	0.277169	-800.121888	
1.131000	15.623814	1.074655	-0.020652	39.179064	0.421246	-800.127629	
1.132000	15.716835	1.042271	-0.025849	38.917672	0.284957	-800.133015	
1.133000	15.750661	0.961310	-0.029489	38.655690	0.316109	-800.138042	
1.134000	15.890192	0.686043	-0.032395	38.393199	0.043531	-800.142756	
1.135000	15.847910	0.807484	-0.035120	38.130363	0.351155	-800.147235	
1.136000	15.623814	0.953214	-0.037422	37.867233	0.386200	-800.151591	
1.137000	15.691466	1.066559	-0.038947	37.603735	0.429034	-800.155957	
1.138000	15.653412	0.937022	-0.039578	37.339810	0.261593	-800.160468	
1.139000	15.818312	0.928926	-0.039461	37.075538	0.117516	-800.165241	
1.140000	15.784486	0.904637	-0.038952	36.811078	0.316109	-800.170349	
1.141000	15.691466	0.985598	-0.038129	36.546478	0.444610	-800.175812	
1.142000	15.699922	1.058463	-0.037040	36.281656	0.514701	-800.181602	
1.143000	15.670325	0.799388	-0.036205	36.016548	0.316109	-800.187659	
1.144000	15.788715	0.807484	-0.035956	35.751220	0.203184	-800.193889	
1.145000	15.818312	0.880349	-0.035986	35.485823	0.277169	-800.200162	
1.146000	15.725291	0.896541	-0.035790	35.220402	0.300533	-800.206344	
1.147000	15.670325	1.026079	-0.034982	34.954887	0.382306	-800.212311	
1.148000	15.661868	0.847965	-0.033433	34.689220	0.257699	-800.217976	
1.149000	15.911333	1.163712	-0.031449	34.423471	0.059107	-800.223298	
1.150000	15.763345	0.920829	-0.029873	34.157788	0.320003	-800.228275	
1.151000	15.780258	0.912733	-0.029425	33.892216	0.413458	-800.232943	
1.152000	15.581532	0.920829	-0.029830	33.626684	0.432928	-800.237382	
1.153000	15.746433	0.758908	-0.030441	33.361129	0.378412	-800.241714	
1.154000	15.771802	1.026079	-0.031134	33.095615	0.191502	-800.246081	
1.155000	15.750661	0.807484	-0.031976	32.830280	0.281063	-800.250611	
1.156000	15.750661	1.074655	-0.032882	32.565169	0.370624	-800.255405	
1.157000	15.725291	0.904637	-0.033730	32.300215	0.452398	-800.260522	
1.158000	15.763345	0.912733	-0.034633	32.035361	0.214866	-800.265974	
1.159000	15.784486	0.985598	-0.036194	31.770670	0.210972	-800.271736	
1.160000	15.716835	0.856061	-0.038941	31.506271	0.405670	-800.277738	
1.161000	15.708379	1.050367	-0.042620	31.242207	0.440716	-800.283863	
1.162000	15.759117	1.009886	-0.046428	30.978419	0.351155	-800.289966	
1.163000	15.691466	0.864157	-0.049550	30.714858	0.246017	-800.295910	
1.164000	15.780258	0.839869	-0.051368	30.451588	0.121410	-800.301583	
1.165000	15.670325	0.823676	-0.051380	30.188739	0.343367	-800.306905	
1.166000	15.649184	1.131328	-0.049312	29.926347	0.429034	-800.311844	
1.167000	15.704150	1.001790	-0.045491	29.664351	0.413458	-800.316409	
1.168000	15.721063	0.977502	-0.040830	29.402695	0.234335	-800.320660	
1.169000	15.788715	0.629370	-0.036054	29.141435	0.133092	-800.324710	
1.170000	15.915561	0.839869	-0.031410	28.880691	0.312215	-800.328704	
1.171000	15.683009	1.042271	-0.027145	28.620499	0.397882	-800.332784	
1.172000	15.716835	0.839869	-0.023569	28.360799	0.281063	-800.337078	
1.173000	15.704150	0.856061	-0.021068	28.101542	0.051319	-800.341686	
1.174000	15.881735	0.945118	-0.020531	27.842785	0.144774	-800.346659	
1.175000	15.805627	0.799388	-0.022974	27.584651	0.277169	-800.351993	
1.176000	15.678781	1.090847	-0.028242	27.327180	0.491337	-800.357630	
1.177000	15.632271	1.123232	-0.034971	27.070326	0.382306	-800.363468	
1.178000	15.712607	0.920829	-0.041739	26.814044	0.261593	-800.369377	
1.179000	15.847910	0.718427	-0.047503	26.558386	0.238229	-800.375220	
1.180000	15.759117	0.653659	-0.051631	26.303467	0.351155	-800.380871	
1.181000	15.695694	0.953214	-0.053909	26.049318	0.323897	-800.386221	
1.182000	15.674553	1.034175	-0.054279	25.795889	0.374518	-800.391211	
1.183000	15.708379	0.969406	-0.052909	25.543129	0.066895	-800.395839	
1.184000	15.911333	0.920829	-0.050295	25.291081	0.121410	-800.400147	
1.185000	15.771802	0.718427	-0.046865	25.039851	0.362836	-800.404214	
1.186000	15.750661	0.629370	-0.042835	24.789476	0.312215	-800.408153	
1.187000	15.674553	0.856061	-0.038516	24.539919	0.436822	-800.412103	
1.188000	15.670325	0.880349	-0.034379	24.291146	0.249911	-800.416204	
1.189000	15.784486	0.839869	-0.030801	24.043208	0.199290	-800.420575	
1.190000	15.687238	0.758908	-0.027847	23.796212	0.308321	-800.425287	
1.191000	15.754889	1.009886	-0.025480	23.550193	0.413458	-800.430352	
1.192000	15.737976	1.074655	-0.024024	23.305110	0.417352	-800.435741	
1.193000	15.746433	0.750812	-0.024014	23.060926	0.249911	-800.441391	
1.194000	15.776030	0.686043	-0.025572	22.817679	0.164244	-800.447207	
1.195000	15.771802	0.580794	-0.028295	22.575464	0.331685	-800.453061	
1.196000	15.759117	0.993694	-0.031499	22.334314	0.397882	-800.458815	
1.197000	15.733748	0.872253	-0.034392	22.094198	0.331685	-800.464346	
1.198000	15.708379	0.783196	-0.036355	21.855090	0.101940	-800.469574	
1.199000	15.776030	0.864157	-0.036780	21.617032	0.109728	-800.474468	
1.200000	15.784486	0.645563	-0.034564	21.380118	0.234335	-800.479034	0.000000
1.201000	15.674553	0.839869	-0.028896	21.144384	0.405670	-800.483309	
1.202000	15.674553	0.937022	-0.020380	20.909811	0.390094	-800.487370	
1.203000	15.678781	0.742716	-0.010539	20.676380	0.238229	-800.491342	
1.204000	15.767574	0.823676	-0.000829	20.444125	0.226548	-800.495371	
1.205000	15.733748	0.718427	0.007779	20.213126	0.316109	-800.499587	
1.206000	15.661868	0.985598	0.014844	19.983407	0.491337	-800.504087	
1.207000	15.737976	0.823676	0.020214	19.754944	0.331685	-800.508922	
1.208000	15.746433	0.912733	0.023804	19.527710	0.218760	-800.514098	
1.209000	15.847910	0.758908	0.025614	19.301740	0.070789	-800.519593	
1.210000	15.784486	0.823676	0.025814	19.077108	0.175926	-800.525341	
1.211000	15.556163	0.969406	0.024719	18.853842	0.429034	-800.531227	
1.212000	15.653412	0.896541	0.022760	18.631927	0.331685	-800.537107	
1.213000	15.670325	0.791292	0.020449	18.411344	0.187608	-800.542847	
1.214000	15.822540	0.775100	0.018195	18.192129	0.261593	-800.548336	
1.215000	15.733748	0.872253	0.016204	17.974357	0.409564	-800.553500	
1.216000	15.657640	1.082751	0.014641	17.758060	0.320003	-800.558304	
1.217000	15.636499	1.139424	0.013843	17.543229	0.304427	-800.562756	
1.218000	15.636499	0.864157	0.014068	17.329849	0.207078	-800.566910	
1.219000	15.814084	0.734620	0.015145	17.117943	0.234335	-800.570871	
1.220000	15.797171	0.872253	0.016546	16.907570	0.203184	-800.574774	
1.221000	15.759117	0.807484	0.017726	16.698746	0.351155	-800.578760	
1.222000	15.708379	0.928926	0.018324	16.491449	0.300533	-800.582951	
1.223000	15.661868	0.831773	0.018107	16.285659	0.160350	-800.587444	
1.224000	15.877507	0.864157	0.016834	16.081395	0.148668	-800.592284	
1.225000	15.792943	1.244673	0.014279	15.878715	0.253805	-800.597460	
1.226000	15.746433	0.847965	0.010335	15.677649	0.382306	-800.602914	
1.227000	15.623814	1.009886	0.005065	15.478206	0.300533	-800.608543	
1.228000	15.606902	0.791292	-0.001050	15.280391	0.183714	-800.614213	
1.229000	15.742204	0.920829	-0.007164	15.084227	0.343367	-800.619781	
1.230000	15.750661	0.912733	-0.012621	14.889762	0.401776	-800.625109	
1.231000	15.721063	1.017982	-0.017092	14.697020	0.456292	-800.630086	
1.232000	15.687238	0.904637	-0.020258	14.506020	0.343367	-800.634651	
1.233000	15.691466	0.742716	-0.022225	14.316778	-0.026560	-800.638804	
1.234000	15.767574	0.847965	-0.024286	14.129309	0.203184	-800.642590	
1.235000	15.737976	0.799388	-0.028014	13.943650	0.191502	-800.646083	
1.236000	15.725291	1.131328	-0.033562	13.759817	0.308321	-800.649394	
1.237000	15.737976	0.888445	-0.039871	13.577819	0.510807	-800.652658	
1.238000	15.759117	0.734620	-0.045916	13.397661	0.284957	-800.656019	
1.239000	15.712607	0.872253	-0.050945	13.219360	0.187608	-800.659600	
1.240000	15.704150	0.864157	-0.054428	13.042955	0.358942	-800.663472	
1.241000	15.619586	0.961310	-0.056239	12.868460	0.530277	-800.667643	
1.242000	15.716835	1.107039	-0.056715	12.695888	0.277169	-800.672082	
1.243000	15.716835	0.847965	-0.056592	12.525243	0.203184	-800.676728	
1.244000	15.797171	0.791292	-0.056425	12.356534	0.183714	-800.681484	
1.245000	15.742204	1.074655	-0.056009	12.189787	0.495231	-800.686220	
1.246000	15.640727	1.050367	-0.054768	12.025022	0.444610	-800.690790	
1.247000	15.725291	0.920829	-0.052381	11.862287	0.397882	-800.695067	
1.248000	15.708379	0.856061	-0.048854	11.701622	0.113622	-800.698964	
1.249000	15.780258	0.653659	-0.044158	11.543041	0.172032	-800.702453	
1.250000	15.784486	0.993694	-0.038053	11.386567	0.269381	-800.705547	
1.251000	15.674553	1.163712	-0.030501	11.232219	0.362836	-800.708286	
1.252000	15.632271	1.050367	-0.022085	11.080038	0.218760	-800.710752	
1.253000	15.589989	1.098943	-0.013821	10.930051	0.129198	-800.713067	
1.254000	15.805627	0.783196	-0.006664	10.782260	0.284957	-800.715376	
1.255000	15.725291	0.880349	-0.001260	10.636670	0.347261	-800.717810	
1.256000	15.683009	1.050367	0.002005	10.493286	0.452398	-800.720472	
1.257000	15.653412	1.009886	0.002981	10.352146	0.374518	-800.723415	
1.258000	15.678781	0.912733	0.001626	10.213279	0.144774	-800.726650	
1.259000	15.784486	0.904637	-0.002286	10.076675	0.179820	-800.730148	
1.260000	15.784486	0.807484	-0.008804	9.942332	0.273275	-800.733841	
1.261000	15.695694	0.937022	-0.017131	9.810261	0.417352	-800.737615	
1.262000	15.611130	0.912733	-0.025910	9.680519	0.323897	-800.741335	
1.263000	15.670325	0.896541	-0.034091	9.553148	0.214866	-800.744870	
1.264000	15.729520	1.034175	-0.041272	9.428143	0.355048	-800.748109	
1.265000	15.725291	0.961310	-0.047424	9.305491	0.405670	-800.750971	
1.266000	15.729520	0.977502	-0.052466	9.185194	0.316109	-800.753426	
1.267000	15.683009	0.953214	-0.056215	9.067303	0.413458	-800.755489	
1.268000	15.691466	0.912733	-0.058617	8.951849	0.284957	-800.757221	
1.269000	15.754889	0.807484	-0.059670	8.838815	0.308321	-800.758730	
1.270000	15.742204	0.896541	-0.059492	8.728176	0.296639	-800.760151	
1.271000	15.733748	1.034175	-0.058339	8.619930	0.370624	-800.761623	
1.272000	15.716835	1.026079	-0.056292	8.514141	0.339473	-800.763271	
1.273000	15.784486	0.726523	-0.053369	8.410856	0.199290	-800.765196	
1.274000	15.780258	0.823676	-0.049812	8.310057	0.257699	-800.767449	
1.275000	15.712607	0.912733	-0.046148	8.211709	0.281063	-800.770023	
1.276000	15.708379	1.001790	-0.043095	8.115811	0.429034	-800.772860	
1.277000	15.602673	0.985598	-0.041191	8.022439	0.382306	-800.775862	
1.278000	15.721063	0.839869	-0.040417	7.931658	0.090259	-800.778905	
1.279000	15.691466	0.831773	-0.040250	7.843448	0.358942	-800.781852	
1.280000	15.721063	0.888445	-0.040066	7.757769	0.257699	-800.784572	
1.281000	15.615358	1.107039	-0.039369	7.674612	0.382306	-800.786953	
1.282000	15.661868	0.847965	-0.037761	7.594055	0.327791	-800.788929	
1.283000	15.729520	0.686043	-0.035064	7.516159	0.175926	-800.790499	
1.284000	15.797171	0.710331	-0.031222	7.440892	0.413458	-800.791713	
1.285000	15.754889	0.912733	-0.025896	7.368207	0.265487	-800.792649	
1.286000	15.585761	1.098943	-0.018886	7.298102	0.355048	-800.793417	
1.287000	15.678781	0.912733	-0.010772	7.230669	0.323897	-800.794155	
1.288000	15.712607	0.904637	-0.002535	7.165978	0.172032	-800.795004	
1.289000	15.826768	0.661755	0.005102	7.103995	0.218760	-800.796090	
1.290000	15.746433	0.799388	0.011790	7.044661	0.312215	-800.797490	
1.291000	15.585761	0.831773	0.017267	6.987975	0.429034	-800.799218	
1.292000	15.484284	0.969406	0.020985	6.934053	0.370624	-800.801243	
1.293000	15.699922	0.993694	0.022200	6.882982	0.055213	-800.803504	
1.294000	15.767574	0.937022	0.020705	6.834718	0.249911	-800.805905	
1.295000	15.691466	0.669851	0.017088	6.789188	0.199290	-800.808317	
1.296000	15.716835	0.831773	0.012245	6.746378	0.327791	-800.810602	
1.297000	15.589989	0.945118	0.006822	6.706389	0.238229	-800.812637	
1.298000	15.788715	0.928926	0.001130	6.669299	0.187608	-800.814337	
1.299000	15.771802	0.791292	-0.004478	6.635057	0.203184	-800.815669	
1.300000	15.725291	0.856061	-0.009461	6.603583	0.164244	-800.816642	0.000000
1.301000	15.754889	0.758908	-0.013164	6.574866	0.335579	-800.817302	
1.302000	15.526566	0.969406	-0.015033	6.549021	0.405670	-800.817738	
1.303000	15.737976	0.928926	-0.015066	6.526132	0.098047	-800.818077	
1.304000	15.687238	0.953214	-0.013835	6.506140	0.269381	-800.818462	
1.305000	15.763345	0.888445	-0.012109	6.488955	0.358942	-800.819024	
1.306000	15.746433	1.017982	-0.010550	6.474559	0.393988	-800.819861	
1.307000	15.577304	0.775100	-0.009533	6.463080	0.421246	-800.821027	
1.308000	15.712607	0.864157	-0.008975	6.454608	0.168138	-800.822530	
1.309000	15.746433	0.839869	-0.008099	6.449076	0.246017	-800.824342	
1.310000	15.733748	0.734620	-0.005790	6.446376	0.335579	-800.826393	
1.311000	15.716835	0.977502	-0.001826	6.446490	0.308321	-800.828571	
1.312000	15.594217	0.880349	0.002909	6.449565	0.335579	-800.830741	
1.313000	15.708379	0.945118	0.007524	6.455712	0.140880	-800.832777	
1.314000	15.699922	0.839869	0.011578	6.464867	0.417352	-800.834568	
1.315000	15.683009	0.856061	0.014812	6.476914	0.405670	-800.836035	
1.316000	15.670325	1.017982	0.016834	6.491839	0.347261	-800.837136	
1.317000	15.505425	0.694139	0.017063	6.509786	0.475762	-800.837877	
1.318000	15.721063	0.872253	0.015428	6.530860	0.226548	-800.838313	
1.319000	15.750661	0.839869	0.012610	6.554985	0.351155	-800.838551	
1.320000	15.657640	0.904637	0.009254	6.582033	0.296639	-800.838727	
1.321000	15.712607	0.823676	0.005622	6.611976	0.456292	-800.838975	
1.322000	15.589989	0.831773	0.001863	6.644952	0.214866	-800.839419	
1.323000	15.733748	0.718427	-0.001774	6.681057	0.129198	-800.840154	
1.324000	15.847910	0.507929	-0.004978	6.720202	0.284957	-800.841232	
1.325000	15.776030	0.847965	-0.007546	6.762251	0.312215	-800.842650	
1.326000	15.666097	0.775100	-0.009687	6.807183	0.339473	-800.844350	
1.327000	15.433545	0.815580	-0.012144	6.855156	0.355048	-800.846231	
1.328000	15.687238	0.831773	-0.015398	6.906278	0.238229	-800.848160	
1.329000	15.767574	0.750812	-0.019075	6.960462	0.374518	-800.849996	
1.330000	15.691466	0.742716	-0.022505	7.017565	0.300533	-800.851600	
1.331000	15.725291	0.896541	-0.025065	7.077563	0.312215	-800.852855	
1.332000	15.463143	0.937022	-0.026142	7.140606	0.386200	-800.853692	
1.333000	15.699922	0.961310	-0.025408	7.206795	0.179820	-800.854104	
1.334000	15.759117	0.605082	-0.022813	7.276025	0.436822	-800.854133	
1.335000	15.830997	0.629370	-0.018470	7.348137	0.347261	-800.853860	
1.336000	15.742204	0.847965	-0.012915	7.423111	0.308321	-800.853402	
1.337000	15.463143	0.742716	-0.007054	7.501119	0.284957	-800.852899	
1.338000	15.691466	0.872253	-0.001665	7.582273	0.191502	-800.852490	
1.339000	15.750661	0.880349	0.002671	7.666463	0.347261	-800.852294	
1.340000	15.733748	0.734620	0.005432	7.753529	0.343367	-800.852383	
1.341000	15.670325	1.131328	0.006270	7.843451	0.366730	-800.852771	
1.342000	15.387035	0.928926	0.005155	7.936409	0.401776	-800.853427	
1.343000	15.606902	0.839869	0.002385	8.032513	0.218760	-800.854288	
1.344000	15.704150	0.767004	-0.001719	8.131638	0.483549	-800.855246	
1.345000	15.695694	0.686043	-0.006956	8.233609	0.331685	-800.856164	
1.346000	15.695694	0.831773	-0.012910	8.338397	0.265487	-800.856899	
1.347000	15.547707	0.677947	-0.018998	8.446175	0.265487	-800.857331	
1.348000	15.691466	0.977502	-0.024917	8.557048	0.249911	-800.857380	
1.349000	15.678781	0.775100	-0.030735	8.670884	0.277169	-800.857011	
1.350000	15.687238	1.001790	-0.036447	8.787503	0.370624	-800.856231	
1.351000	15.691466	0.856061	-0.041288	8.906883	0.312215	-800.855085	
1.352000	15.522337	0.888445	-0.043901	9.029215	0.405670	-800.853661	
1.353000	15.670325	1.026079	-0.043696	9.154607	0.312215	-800.852087	
1.354000	15.695694	0.783196	-0.041398	9.282924	0.316109	-800.850507	
1.355000	15.615358	0.872253	-0.038109	9.413976	0.308321	-800.849042	
1.356000	15.691466	0.937022	-0.034635	9.547739	0.382306	-800.847786	
1.357000	15.535022	0.767004	-0.031556	9.684398	0.401776	-800.846787	
1.358000	15.636499	0.920829	-0.029274	9.824057	0.172032	-800.846054	
1.359000	15.750661	0.524121	-0.028056	9.966568	0.448504	-800.845561	
1.360000	15.725291	0.815580	-0.028169	10.111736	0.308321	-800.845246	
1.361000	15.657640	0.953214	-0.029670	10.259544	0.257699	-800.844998	
1.362000	15.488512	0.823676	-0.032052	10.410193	0.203184	-800.844686	
1.363000	15.704150	0.694139	-0.034523	10.563788	0.249911	-800.844182	
1.364000	15.771802	0.637467	-0.036574	10.720178	0.327791	-800.843383	
1.365000	15.704150	0.839869	-0.038060	10.879162	0.323897	-800.842217	
1.366000	15.661868	0.993694	-0.038977	11.040727	0.327791	-800.840655	
1.367000	15.395491	1.179904	-0.039448	11.205070	0.339473	-800.838705	
1.368000	15.725291	0.815580	-0.039569	11.372289	0.304427	-800.836418	
1.369000	15.784486	0.953214	-0.039143	11.542219	0.386200	-800.833899	
1.370000	15.788715	0.758908	-0.037927	11.714646	0.370624	-800.831286	
1.371000	15.661868	0.880349	-0.035988	11.889549	0.362836	-800.828718	
1.372000	15.446230	0.831773	-0.033644	12.067119	0.339473	-800.826322	
1.373000	15.754889	0.807484	-0.031196	12.247442	0.242123	-800.824192	
1.374000	15.839453	0.864157	-0.028735	12.430344	0.316109	-800.822376	
1.375000	15.695694	0.758908	-0.026269	12.615612	0.281063	-800.820875	
1.376000	15.649184	1.001790	-0.023962	12.803241	0.331685	-800.819641	
1.377000	15.475827	0.758908	-0.021912	12.993443	0.374518	-800.818585	
1.378000	15.657640	0.880349	-0.019987	13.186310	0.199290	-800.817581	
1.379000	15.691466	0.839869	-0.018092	13.381659	0.300533	-800.816491	
1.380000	15.704150	0.823676	-0.016297	13.579272	0.304427	-800.815181	
1.381000	15.661868	0.896541	-0.014792	13.779145	0.312215	-800.813542	
1.382000	15.463143	0.831773	-0.013723	13.981488	0.436822	-800.811513	
1.383000	15.678781	0.783196	-0.013113	14.186383	0.292745	-800.809084	
1.384000	15.678781	0.839869	-0.012952	14.393633	0.429034	-800.806293	
1.385000	15.792943	0.677947	-0.013089	14.603010	0.284957	-800.803212	
1.386000	15.792943	0.864157	-0.013215	14.814519	0.273275	-800.799956	
1.387000	15.585761	0.694139	-0.013315	15.028386	0.246017	-800.796670	
1.388000	15.687238	0.912733	-0.013782	15.244698	0.191502	-800.793505	
1.389000	15.716835	0.896541	-0.014844	15.463259	0.405670	-800.790589	
1.390000	15.759117	0.864157	-0.016369	15.683841	0.362836	-800.787999	
1.391000	15.594217	0.742716	-0.018081	15.906453	0.351155	-800.785752	
1.392000	15.475827	0.823676	-0.019399	16.131321	0.273275	-800.783821	
1.393000	15.526566	0.888445	-0.019725	16.358524	0.312215	-800.782142	
1.394000	15.822540	0.969406	-0.019062	16.587854	0.448504	-800.780610	
1.395000	15.653412	1.017982	-0.017692	16.819069	0.296639	-800.779088	
1.396000	15.636499	0.993694	-0.015723	17.052170	0.374518	-800.777430	
1.397000	15.568848	0.702235	-0.013159	17.287376	0.347261	-800.775510	
1.398000	15.742204	0.726523	-0.009958	17.524760	0.156456	-800.773245	
1.399000	15.750661	0.823676	-0.006068	17.764109	0.207078	-800.770605	
1.400000	15.623814	0.896541	-0.001644	18.005185	0.218760	-800.767600	0.000000
1.401000	15.611130	1.001790	0.002932	18.247999	0.296639	-800.764275	
1.402000	15.543479	0.880349	0.007302	18.492779	0.265487	-800.760714	
1.403000	15.737976	0.839869	0.011209	18.739600	0.335579	-800.757047	
1.404000	15.780258	0.847965	0.014374	18.988243	0.456292	-800.753420	
1.405000	15.670325	0.823676	0.016513	19.238472	0.296639	-800.749968	
1.406000	15.564620	0.969406	0.017405	19.490300	0.355048	-800.746788	
1.407000	15.530794	0.945118	0.016932	19.743950	0.382306	-800.743927	
1.408000	15.780258	1.034175	0.015487	19.999481	0.273275	-800.741388	
1.409000	15.759117	0.661755	0.013773	20.256661	0.351155	-800.739140	
1.410000	15.763345	0.613178	0.011759	20.515248	0.238229	-800.737116	
1.411000	15.615358	0.856061	0.009050	20.775265	0.253805	-800.735205	
1.412000	15.488512	1.017982	0.005996	21.036947	0.269381	-800.733268	
1.413000	15.704150	0.758908	0.003354	21.300358	0.187608	-800.731170	
1.414000	15.733748	0.847965	0.001556	21.565265	0.242123	-800.728801	
1.415000	15.788715	0.775100	0.000685	21.831431	0.269381	-800.726090	
1.416000	15.632271	0.977502	0.000675	22.098888	0.413458	-800.723010	
1.417000	15.513881	1.082751	0.001460	22.367875	0.284957	-800.719572	
1.418000	15.632271	0.888445	0.002969	22.638440	0.390094	-800.715829	
1.419000	15.674553	0.920829	0.005027	22.910338	0.448504	-800.711879	
1.420000	15.754889	0.961310	0.007317	23.183318	0.320003	-800.707851	
1.421000	15.598445	0.888445	0.009458	23.457408	0.323897	-800.703884	
1.422000	15.581532	0.847965	0.011291	23.732843	0.401776	-800.700103	
1.423000	15.687238	0.815580	0.013021	24.009671	0.249911	-800.696603	
1.424000	15.767574	0.847965	0.014817	24.287639	0.191502	-800.693431	
1.425000	15.780258	0.904637	0.016315	24.566500	0.246017	-800.690580	
1.426000	15.678781	0.888445	0.016725	24.846295	0.284957	-800.687999	
1.427000	15.695694	0.572698	0.015510	25.127264	0.242123	-800.685601	
1.428000	15.661868	0.694139	0.012792	25.409452	0.308321	-800.683265	
1.429000	15.661868	0.945118	0.009073	25.692604	0.452398	-800.680854	
1.430000	15.716835	0.920829	0.004938	25.976475	0.323897	-800.678230	
1.431000	15.518109	0.872253	0.000967	26.261106	0.347261	-800.675276	
1.432000	15.632271	0.872253	-0.002430	26.546739	0.284957	-800.671928	
1.433000	15.687238	0.710331	-0.005034	26.833410	0.409564	-800.668177	
1.434000	15.729520	1.147520	-0.006446	27.120857	0.370624	-800.664062	
1.435000	15.687238	0.993694	-0.005934	27.408831	0.409564	-800.659655	
1.436000	15.649184	0.945118	-0.003383	27.697380	0.323897	-800.655064	
1.437000	15.737976	1.066559	6.978394E-5	27.986751	0.358942	-800.650427	
1.438000	15.742204	0.767004	0.003076	28.276976	0.218760	-800.645888	
1.439000	15.759117	0.710331	0.005062	28.567789	0.409564	-800.641570	
1.440000	15.653412	0.872253	0.006006	28.858943	0.312215	-800.637550	
1.441000	15.649184	0.961310	0.006110	29.150496	0.378412	-800.633847	
1.442000	15.670325	0.912733	0.006073	29.442704	0.366730	-800.630434	
1.443000	15.699922	0.880349	0.006874	29.735597	0.331685	-800.627250	
1.444000	15.611130	0.985598	0.008703	30.028904	0.522489	-800.624195	
1.445000	15.666097	0.799388	0.010918	30.322379	0.362836	-800.621136	
1.446000	15.518109	0.953214	0.013012	30.616087	0.339473	-800.617928	
1.447000	15.653412	0.953214	0.014659	30.910283	0.316109	-800.614443	
1.448000	15.746433	0.847965	0.015478	31.204991	0.417352	-800.610592	
1.449000	15.742204	0.847965	0.015384	31.499931	0.405670	-800.606341	
1.450000	15.792943	0.847965	0.014435	31.794854	0.257699	-800.601703	
1.451000	15.526566	0.839869	0.012363	32.089825	0.343367	-800.596729	
1.452000	15.657640	0.904637	0.008729	32.385100	0.218760	-800.591510	
1.453000	15.725291	1.050367	0.003451	32.680706	0.390094	-800.586177	
1.454000	15.725291	0.775100	-0.003016	32.976368	0.417352	-800.580870	
1.455000	15.746433	0.839869	-0.010097	33.271841	0.238229	-800.575721	
1.456000	15.437773	0.945118	-0.017455	33.567195	0.335579	-800.570829	
1.457000	15.691466	0.856061	-0.024816	33.862684	0.397882	-800.566245	
1.458000	15.666097	1.171808	-0.031673	34.158326	0.378412	-800.561970	
1.459000	15.657640	0.920829	-0.037574	34.453836	0.432928	-800.557967	
1.460000	15.767574	0.880349	-0.042629	34.748967	0.284957	-800.554161	
1.461000	15.573076	0.734620	-0.047059	35.043791	0.265487	-800.550443	
1.462000	15.759117	0.856061	-0.050458	35.338568	0.347261	-800.546678	
1.463000	15.657640	0.969406	-0.052135	35.633314	0.308321	-800.542733	
1.464000	15.704150	0.847965	-0.051863	35.927745	0.421246	-800.538497	
1.465000	15.729520	0.799388	-0.049964	36.221610	0.199290	-800.533893	
1.466000	15.467371	0.783196	-0.046729	36.514982	0.249911	-800.528895	
1.467000	15.716835	0.564602	-0.041876	36.808121	0.390094	-800.523523	
1.468000	15.657640	0.937022	-0.035018	37.101047	0.393988	-800.517834	
1.469000	15.640727	0.888445	-0.026524	37.393476	0.479655	-800.511933	
1.470000	15.661868	0.823676	-0.017427	37.685160	0.448504	-800.505953	
1.471000	15.547707	0.864157	-0.008810	37.976166	0.386200	-800.500031	
1.472000	15.780258	0.864157	-0.001473	38.266749	0.351155	-800.494294	
1.473000	15.708379	0.839869	0.004136	38.556916	0.284957	-800.488839	
1.474000	15.704150	0.742716	0.007948	38.846381	0.483549	-800.483715	
1.475000	15.674553	0.864157	0.010048	39.134894	0.284957	-800.478918	
1.476000	15.539250	0.945118	0.010148	39.422526	0.296639	-800.474392	
1.477000	15.704150	0.839869	0.007818	39.709528	0.327791	-800.470046	
1.478000	15.699922	0.953214	0.003218	39.995906	0.273275	-800.465760	
1.479000	15.742204	0.758908	-0.002940	40.281372	0.269381	-800.461401	
1.480000	15.678781	0.783196	-0.009704	40.565685	0.351155	-800.456839	
1.481000	15.446230	0.807484	-0.016174	40.848924	0.320003	-800.451963	
1.482000	15.691466	0.928926	-0.021805	41.131341	0.281063	-800.446708	
1.483000	15.792943	1.042271	-0.026323	41.412941	0.323897	-800.441064	
1.484000	15.750661	0.896541	-0.029324	41.693438	0.378412	-800.435067	
1.485000	15.721063	0.767004	-0.030228	41.972588	0.281063	-800.428793	
1.486000	15.505425	0.775100	-0.028910	42.250470	0.452398	-800.422356	
1.487000	15.822540	0.775100	-0.026067	42.527333	0.362836	-800.415898	
1.488000	15.776030	0.750812	-0.022680	42.803177	0.358942	-800.409562	
1.489000	15.725291	0.758908	-0.019417	43.077720	0.386200	-800.403474	
1.490000	15.754889	0.758908	-0.016572	43.350726	0.187608	-800.397714	
1.491000	15.488512	0.953214	-0.014421	43.622282	0.277169	-800.392310	
1.492000	15.797171	0.734620	-0.013640	43.892645	0.386200	-800.387240	
1.493000	15.653412	0.872253	-0.014925	44.161820	0.281063	-800.382439	
1.494000	15.691466	0.847965	-0.018067	44.429526	0.530277	-800.377803	
1.495000	15.661868	0.734620	-0.021933	44.695527	0.226548	-800.373195	
1.496000	15.454686	0.928926	-0.025242	44.959909	0.335579	-800.368475	
1.497000	15.784486	0.856061	-0.027029	45.222922	0.417352	-800.363520	
1.498000	15.661868	0.880349	-0.026734	45.484567	0.405670	-800.358240	
1.499000	15.725291	0.742716	-0.024384	45.744558	0.339473	-800.352597	
1.500000	15.797171	0.807484	-0.020521	46.002657	0.269381	-800.346600	0.000000
1.501000	15.505425	0.888445	-0.015560	46.258949	0.382306	-800.340302	
1.502000	15.869051	0.629370	-0.009427	46.513691	0.308321	-800.333799	
1.503000	15.691466	0.758908	-0.002250	46.766896	0.401776	-800.327225	
1.504000	15.708379	0.904637	0.005174	47.018288	0.355048	-800.320720	
1.505000	15.695694	0.928926	0.011945	47.267637	0.429034	-800.314414	
1.506000	15.518109	0.912733	0.017604	47.515033	0.397882	-800.308406	
1.507000	15.805627	0.661755	0.022006	47.760725	0.292745	-800.302749	
1.508000	15.653412	0.961310	0.024904	48.004713	0.351155	-800.297449	
1.509000	15.695694	0.888445	0.026230	48.246717	0.413458	-800.292473	
1.510000	15.649184	0.815580	0.026660	48.486501	0.382306	-800.287747	
1.511000	15.513881	0.888445	0.026977	48.724147	0.172032	-800.283157	
1.512000	15.877507	0.904637	0.027374	48.959897	0.292745	-800.278570	
1.513000	15.759117	0.799388	0.027752	49.193749	0.362836	-800.273853	
1.514000	15.776030	0.783196	0.027974	49.425432	0.417352	-800.268898	
1.515000	15.670325	0.775100	0.028121	49.654722	0.339473	-800.263633	
1.516000	15.437773	0.888445	0.028799	49.881708	0.207078	-800.258034	
1.517000	15.776030	0.977502	0.030790	50.106640	0.323897	-800.252119	
1.518000	15.708379	0.856061	0.034324	50.329521	0.413458	-800.245944	
1.519000	15.750661	0.856061	0.039013	50.550088	0.358942	-800.239608	
1.520000	15.721063	0.839869	0.044238	50.768119	0.401776	-800.233243	
1.521000	15.526566	0.888445	0.049226	50.983701	0.316109	-800.226982	
1.522000	15.788715	0.856061	0.053100	51.197069	0.386200	-800.220944	
1.523000	15.712607	0.783196	0.055260	51.408217	0.343367	-800.215216	
1.524000	15.767574	0.758908	0.055841	51.616876	0.452398	-800.209841	
1.525000	15.733748	0.775100	0.055456	51.822829	0.230441	-800.204817	
1.526000	15.530794	0.937022	0.054268	52.026166	0.320003	-800.200101	
1.527000	15.750661	1.082751	0.052141	52.227134	0.257699	-800.195604	
1.528000	15.615358	0.791292	0.049401	52.425739	0.421246	-800.191200	
1.529000	15.708379	0.815580	0.046559	52.621720	0.448504	-800.186750	
1.530000	15.737976	0.702235	0.043867	52.814865	0.304427	-800.182126	
1.531000	15.492740	0.928926	0.041490	53.005270	0.281063	-800.177221	
1.532000	15.729520	0.920829	0.039626	53.193178	0.300533	-800.171971	
1.533000	15.678781	0.864157	0.038190	53.378596	0.440716	-800.166364	
1.534000	15.678781	1.001790	0.036930	53.561268	0.199290	-800.160428	
1.535000	15.750661	0.823676	0.035974	53.740986	0.335579	-800.154233	
1.536000	15.564620	0.710331	0.035489	53.917837	0.253805	-800.147894	
1.537000	15.818312	0.734620	0.035167	54.092057	0.300533	-800.141555	
1.538000	15.683009	0.961310	0.034480	54.263646	0.335579	-800.135360	
1.539000	15.725291	0.904637	0.032942	54.432352	0.429034	-800.129432	
1.540000	15.708379	0.912733	0.030155	54.597972	0.277169	-800.123846	
1.541000	15.547707	0.767004	0.026002	54.760601	0.226548	-800.118627	
1.542000	15.978984	0.742716	0.020905	54.920478	0.335579	-800.113757	
1.543000	15.636499	0.783196	0.015465	55.077613	0.292745	-800.109175	
1.544000	15.636499	1.017982	0.009868	55.231766	0.339473	-800.104774	
1.545000	15.581532	0.880349	0.004142	55.382741	0.316109	-800.100412	
1.546000	15.573076	0.928926	-0.001368	55.530627	0.296639	-800.095947	
1.547000	15.877507	0.961310	-0.006259	55.675657	0.382306	-800.091251	
1.548000	15.640727	0.823676	-0.010458	55.817838	0.456292	-800.086234	
1.549000	15.737976	0.896541	-0.014275	55.956929	0.226548	-800.080860	
1.550000	15.699922	0.880349	-0.017998	56.092737	0.343367	-800.075137	
1.551000	15.632271	0.823676	-0.021314	56.225357	0.261593	-800.069111	
1.552000	15.877507	0.710331	-0.023875	56.355021	0.316109	-800.062878	
1.553000	15.729520	0.831773	-0.025846	56.481743	0.320003	-800.056573	
1.554000	15.742204	0.953214	-0.027428	56.605289	0.362836	-800.050346	
1.555000	15.691466	0.783196	-0.028727	56.725471	0.308321	-800.044333	
1.556000	15.573076	0.920829	-0.029799	56.842382	0.308321	-800.038635	
1.557000	15.792943	0.872253	-0.030533	56.956252	0.269381	-800.033303	
1.558000	15.653412	0.993694	-0.030860	57.067095	0.308321	-800.028335	
1.559000	15.830997	1.074655	-0.030991	57.174688	0.475762	-800.023694	
1.560000	15.670325	0.758908	-0.031207	57.278847	0.386200	-800.019305	
1.561000	15.522337	0.791292	-0.031548	57.379661	0.308321	-800.015059	
1.562000	15.759117	0.791292	-0.031746	57.477345	0.265487	-800.010820	
1.563000	15.729520	0.823676	-0.031472	57.571898	0.386200	-800.006455	
1.564000	15.737976	1.107039	-0.030650	57.663095	0.347261	-800.001856	
1.565000	15.733748	0.767004	-0.029424	57.750760	0.312215	-799.996958	
1.566000	15.556163	0.896541	-0.027960	57.834983	0.323897	-799.991745	
1.567000	15.839453	0.791292	-0.026675	57.915983	0.432928	-799.986238	
1.568000	15.716835	0.904637	-0.026358	57.993772	0.390094	-799.980494	
1.569000	15.754889	1.123232	-0.027346	58.068135	0.378412	-799.974607	
1.570000	15.780258	0.734620	-0.029316	58.138905	0.265487	-799.968706	
1.571000	15.606902	0.888445	-0.031938	58.206177	0.405670	-799.962932	
1.572000	15.814084	0.896541	-0.034876	58.270176	0.358942	-799.957410	
1.573000	15.611130	1.001790	-0.037747	58.330916	0.495231	-799.952226	
1.574000	15.683009	0.993694	-0.040151	58.388188	0.503019	-799.947418	
1.575000	15.704150	0.872253	-0.041466	58.441826	0.347261	-799.942981	
1.576000	15.725291	0.775100	-0.041318	58.491924	0.265487	-799.938874	
1.577000	15.974756	0.847965	-0.040014	58.538706	0.234335	-799.935020	
1.578000	15.628043	0.953214	-0.038001	58.582195	0.265487	-799.931305	
1.579000	15.704150	1.066559	-0.035389	58.622192	0.413458	-799.927596	
1.580000	15.716835	0.977502	-0.032111	58.658541	0.257699	-799.923763	
1.581000	15.683009	0.928926	-0.028054	58.691341	0.316109	-799.919705	
1.582000	15.869051	0.799388	-0.023125	58.720817	0.312215	-799.915366	
1.583000	15.577304	1.017982	-0.017347	58.746994	0.417352	-799.910740	
1.584000	15.661868	1.090847	-0.010538	58.769681	0.487443	-799.905858	
1.585000	15.674553	0.953214	-0.002235	58.788725	0.386200	-799.900788	
1.586000	15.716835	1.082751	0.007288	58.804220	0.355048	-799.895640	
1.587000	15.949387	0.847965	0.016600	58.816385	0.331685	-799.890556	
1.588000	15.721063	0.750812	0.024278	58.825245	0.440716	-799.885681	
1.589000	15.721063	0.920829	0.029653	58.830613	0.327791	-799.881139	
1.590000	15.699922	0.823676	0.032437	58.832340	0.300533	-799.877010	
1.591000	15.737976	0.928926	0.032577	58.830521	0.253805	-799.873320	
1.592000	15.839453	0.726523	0.030224	58.825376	0.370624	-799.870053	
1.593000	15.797171	0.831773	0.025382	58.816939	0.491337	-799.867150	
1.594000	15.704150	0.791292	0.018350	58.805033	0.378412	-799.864507	
1.595000	15.712607	0.912733	0.010289	58.789521	0.300533	-799.861987	
1.596000	15.632271	0.920829	0.002567	58.770500	0.393988	-799.859448	
1.597000	15.822540	0.807484	-0.004013	58.748185	0.475762	-799.856762	
1.598000	15.750661	0.864157	-0.009072	58.722600	0.417352	-799.853833	
1.599000	15.784486	0.937022	-0.012381	58.693574	0.483549	-799.850617	
1.600000	15.712607	0.815580	-0.013741	58.660970	0.284957	-799.847125	0.000000
1.601000	15.746433	0.847965	-0.013099	58.624886	0.242123	-799.843407	
1.602000	15.852138	0.831773	-0.011113	58.585538	0.320003	-799.839558	
1.603000	15.754889	0.799388	-0.008836	58.542954	0.316109	-799.835706	
1.604000	15.754889	0.953214	-0.006903	58.496970	0.339473	-799.831997	
1.605000	15.763345	0.758908	-0.005546	58.447457	0.284957	-799.828571	
1.606000	15.712607	0.839869	-0.004782	58.394515	0.273275	-799.825538	
1.607000	15.776030	0.888445	-0.004510	58.338356	0.362836	-799.822955	
1.608000	15.636499	1.147520	-0.004720	58.279011	0.432928	-799.820818	
1.609000	15.737976	1.066559	-0.005598	58.216321	0.355048	-799.819082	
1.610000	15.771802	0.775100	-0.007172	58.150160	0.323897	-799.817667	
1.611000	15.767574	0.775100	-0.009048	58.080627	0.277169	-799.816460	
1.612000	15.780258	0.677947	-0.010754	58.007930	0.265487	-799.815328	
1.613000	15.649184	0.831773	-0.011983	57.932103	0.452398	-799.814136	
1.614000	15.742204	1.074655	-0.012425	57.852988	0.393988	-799.812767	
1.615000	15.792943	0.872253	-0.011928	57.770462	0.191502	-799.811149	
1.616000	15.733748	0.653659	-0.010752	57.684624	0.253805	-799.809267	
1.617000	15.835225	0.702235	-0.009061	57.595685	0.300533	-799.807152	
1.618000	15.657640	0.775100	-0.006610	57.503687	0.358942	-799.804869	
1.619000	15.653412	1.026079	-0.003260	57.408480	0.320003	-799.802516	
1.620000	15.721063	1.026079	0.000705	57.309947	0.390094	-799.800225	
1.621000	15.780258	0.969406	0.004792	57.208187	0.207078	-799.798133	
1.622000	15.852138	0.888445	0.008503	57.103411	0.374518	-799.796365	
1.623000	15.712607	0.734620	0.011419	56.995657	0.405670	-799.795009	
1.624000	15.619586	0.953214	0.013320	56.884784	0.327791	-799.794102	
1.625000	15.661868	0.637467	0.014255	56.770677	0.374518	-799.793630	
1.626000	15.907104	0.928926	0.014368	56.653432	0.246017	-799.793547	
1.627000	15.856366	0.556506	0.013498	56.533250	0.448504	-799.793764	
1.628000	15.809856	0.613178	0.011363	56.410171	0.265487	-799.794159	
1.629000	15.670325	1.050367	0.008235	56.284058	0.390094	-799.794595	
1.630000	15.666097	0.791292	0.004837	56.154805	0.199290	-799.794943	
1.631000	15.869051	0.767004	0.001857	56.022511	0.172032	-799.795098	
1.632000	15.776030	0.758908	-0.000171	55.887381	0.172032	-799.794999	
1.633000	15.737976	0.677947	-0.000951	55.749466	0.386200	-799.794630	
1.634000	15.670325	0.888445	-0.000516	55.608640	0.471868	-799.794021	
1.635000	15.737976	0.799388	0.000756	55.464804	0.308321	-799.793241	
1.636000	15.835225	0.953214	0.002338	55.318052	0.390094	-799.792400	
1.637000	15.771802	0.920829	0.003852	55.168580	0.397882	-799.791634	
1.638000	15.754889	0.734620	0.005176	55.016427	0.390094	-799.791076	
1.639000	15.725291	0.993694	0.006422	54.861466	0.312215	-799.790841	
1.640000	15.771802	0.758908	0.007729	54.703597	0.218760	-799.791008	
1.641000	15.754889	0.807484	0.008935	54.542918	0.273275	-799.791609	
1.642000	15.792943	0.734620	0.009915	54.379629	0.253805	-799.792628	
1.643000	15.644956	0.920829	0.011074	54.213779	0.374518	-799.794002	
1.644000	15.708379	0.953214	0.012655	54.045250	0.300533	-799.795627	
1.645000	15.695694	0.686043	0.014288	53.873951	0.296639	-799.797365	
1.646000	15.776030	0.750812	0.015793	53.699984	0.238229	-799.799079	
1.647000	15.716835	0.839869	0.017436	53.523547	0.456292	-799.800641	
1.648000	15.666097	0.993694	0.019300	53.344689	0.491337	-799.801953	
1.649000	15.683009	1.204192	0.021078	53.163294	0.393988	-799.802962	
1.650000	15.721063	0.767004	0.022829	52.979275	0.214866	-799.803673	
1.651000	15.890192	0.807484	0.025433	52.792727	0.277169	-799.804139	
1.652000	15.830997	0.742716	0.029570	52.603847	0.284957	-799.804456	
1.653000	15.666097	0.977502	0.034663	52.412686	0.351155	-799.804752	
1.654000	15.725291	0.961310	0.039334	52.219135	0.370624	-799.805166	
1.655000	15.729520	0.928926	0.042457	52.023109	0.327791	-799.805827	
1.656000	15.894420	0.726523	0.043504	51.824705	0.086365	-799.806843	
1.657000	15.792943	0.783196	0.042208	51.624118	0.327791	-799.808273	
1.658000	15.611130	0.904637	0.038593	51.421402	0.487443	-799.810117	
1.659000	15.581532	1.034175	0.033499	51.216455	0.440716	-799.812329	
1.660000	15.649184	0.945118	0.028263	51.009194	0.413458	-799.814830	
1.661000	15.847910	0.734620	0.023565	50.799712	0.160350	-799.817506	
1.662000	15.763345	0.937022	0.019240	50.588193	0.347261	-799.820222	
1.663000	15.678781	0.888445	0.015083	50.374687	0.374518	-799.822846	
1.664000	15.691466	1.001790	0.011163	50.159089	0.343367	-799.825265	
1.665000	15.687238	0.734620	0.007636	49.941316	0.323897	-799.827407	
1.666000	15.818312	0.677947	0.004832	49.721458	0.129198	-799.829255	
1.667000	15.780258	0.937022	0.003062	49.499704	0.257699	-799.830834	
1.668000	15.678781	0.920829	0.002168	49.276106	0.327791	-799.832204	
1.669000	15.628043	1.050367	0.001745	49.050573	0.425140	-799.833467	
1.670000	15.678781	0.815580	0.001510	48.823032	0.343367	-799.834756	
1.671000	15.809856	0.920829	0.001184	48.593581	0.160350	-799.836206	
1.672000	15.737976	0.937022	0.000409	48.362405	0.277169	-799.837935	
1.673000	15.742204	0.880349	-0.001205	48.129558	0.421246	-799.840025	
1.674000	15.628043	0.904637	-0.004063	47.894945	0.413458	-799.842510	
1.675000	15.712607	0.993694	-0.008346	47.658490	0.374518	-799.845381	
1.676000	15.830997	0.896541	-0.014029	47.420276	0.226548	-799.848593	
1.677000	15.873279	0.920829	-0.021316	47.180480	0.284957	-799.852056	
1.678000	15.729520	0.847965	-0.030015	46.939155	0.296639	-799.855643	
1.679000	15.716835	0.953214	-0.038905	46.696212	0.335579	-799.859218	
1.680000	15.708379	0.775100	-0.046804	46.451584	0.230441	-799.862661	
1.681000	15.792943	0.823676	-0.053356	46.205359	0.203184	-799.865875	
1.682000	15.746433	0.904637	-0.058448	45.957715	0.464080	-799.868804	
1.683000	15.632271	1.066559	-0.061310	45.708704	0.436822	-799.871432	
1.684000	15.683009	1.115135	-0.060957	45.458243	0.323897	-799.873785	
1.685000	15.737976	0.783196	-0.057763	45.206268	0.187608	-799.875936	
1.686000	15.830997	0.888445	-0.053083	44.952865	0.284957	-799.878006	
1.687000	15.712607	0.880349	-0.047775	44.698209	0.304427	-799.880141	
1.688000	15.657640	1.196096	-0.042302	44.442350	0.460186	-799.882476	
1.689000	15.750661	1.090847	-0.037101	44.185203	0.347261	-799.885129	
1.690000	15.750661	0.847965	-0.032503	43.926700	0.296639	-799.888179	
1.691000	15.957843	0.815580	-0.028610	43.666926	0.074683	-799.891662	
1.692000	15.729520	0.791292	-0.025238	43.406051	0.316109	-799.895564	
1.693000	15.644956	1.066559	-0.022277	43.144128	0.339473	-799.899821	
1.694000	15.737976	1.131328	-0.019903	42.881077	0.440716	-799.904323	
1.695000	15.661868	0.831773	-0.018151	42.616834	0.273275	-799.908929	
1.696000	15.830997	0.912733	-0.016551	42.351480	0.183714	-799.913499	
1.697000	15.695694	0.904637	-0.014449	42.085183	0.308321	-799.917906	
1.698000	15.657640	1.042271	-0.011710	41.817997	0.491337	-799.922051	
1.699000	15.733748	1.050367	-0.008810	41.549847	0.323897	-799.925885	
1.700000	15.691466	0.856061	-0.006171	41.280665	0.331685	-799.929408	0.000000
1.701000	15.809856	1.034175	-0.003742	41.010528	0.164244	-799.932672	
1.702000	15.780258	0.896541	-0.001231	40.739597	0.269381	-799.935768	
1.703000	15.666097	0.953214	0.001339	40.467926	0.351155	-799.938828	
1.704000	15.750661	1.139424	0.003560	40.195445	0.366730	-799.941999	
1.705000	15.644956	0.847965	0.005093	39.922099	0.253805	-799.945419	
1.706000	15.856366	0.750812	0.005740	39.647968	0.063001	-799.949197	
1.707000	15.809856	0.791292	0.005399	39.373206	0.304427	-799.953392	
1.708000	15.598445	1.009886	0.004208	39.097867	0.366730	-799.958001	
1.709000	15.657640	1.058463	0.002439	38.821887	0.456292	-799.962981	
1.710000	15.623814	0.823676	0.000326	38.545216	0.234335	-799.968258	
1.711000	15.733748	0.920829	-0.001911	38.267929	0.277169	-799.973720	
1.712000	15.792943	0.686043	-0.003957	37.990176	0.355048	-799.979229	
1.713000	15.721063	0.912733	-0.005410	37.712006	0.429034	-799.984644	
1.714000	15.759117	0.815580	-0.005873	37.433359	0.343367	-799.989850	
1.715000	15.763345	0.742716	-0.004955	37.154181	0.323897	-799.994775	
1.716000	15.805627	0.928926	-0.002514	36.874549	0.074683	-799.999407	
1.717000	15.809856	0.847965	0.001079	36.594609	0.288851	-800.003767	
1.718000	15.712607	1.009886	0.005348	36.314408	0.304427	-800.007908	
1.719000	15.742204	0.686043	0.009991	36.033885	0.277169	-800.011926	
1.720000	15.721063	0.758908	0.014508	35.752992	0.175926	-800.015954	
1.721000	15.784486	0.872253	0.018240	35.471803	0.148668	-800.020135	
1.722000	15.725291	0.839869	0.020818	35.190463	0.370624	-800.024589	
1.723000	15.619586	1.090847	0.022159	34.909023	0.370624	-800.029393	
1.724000	15.750661	0.928926	0.022344	34.627420	0.440716	-800.034573	
1.725000	15.670325	1.001790	0.021641	34.345604	0.323897	-800.040118	
1.726000	15.814084	0.726523	0.020630	34.063642	0.210972	-800.045981	
1.727000	15.792943	0.588890	0.020291	33.781674	0.284957	-800.052077	
1.728000	15.602673	0.953214	0.021247	33.499744	0.401776	-800.058279	
1.729000	15.759117	1.001790	0.023235	33.217795	0.269381	-800.064449	
1.730000	15.695694	0.880349	0.025706	32.935782	0.222654	-800.070463	
1.731000	15.856366	0.807484	0.028249	32.653774	0.082471	-800.076230	
1.732000	15.784486	0.767004	0.030615	32.371908	0.288851	-800.081698	
1.733000	15.644956	0.783196	0.032732	32.090238	0.327791	-800.086855	
1.734000	15.687238	1.131328	0.034601	31.808720	0.370624	-800.091724	
1.735000	15.653412	0.880349	0.036153	31.527315	0.246017	-800.096365	
1.736000	15.873279	0.653659	0.037111	31.246087	0.269381	-800.100889	
1.737000	15.818312	0.726523	0.036942	30.965161	0.393988	-800.105433	
1.738000	15.687238	1.009886	0.035217	30.684581	0.393988	-800.110125	
1.739000	15.695694	1.115135	0.032022	30.404301	0.308321	-800.115074	
1.740000	15.708379	0.783196	0.027905	30.124280	0.249911	-800.120353	
1.741000	15.911333	0.694139	0.023532	29.844574	0.148668	-800.125990	
1.742000	15.814084	0.669851	0.019377	29.565307	0.238229	-800.131968	
1.743000	15.670325	0.920829	0.015711	29.286527	0.273275	-800.138226	
1.744000	15.649184	1.090847	0.012488	29.008200	0.378412	-800.144663	
1.745000	15.636499	0.734620	0.009411	28.730296	0.269381	-800.151151	
1.746000	15.742204	1.009886	0.006542	28.452871	0.210972	-800.157555	
1.747000	15.729520	0.831773	0.004174	28.176042	0.347261	-800.163748	
1.748000	15.666097	0.807484	0.002289	27.899855	0.397882	-800.169630	
1.749000	15.683009	0.872253	0.000763	27.624279	0.351155	-800.175152	
1.750000	15.704150	0.710331	-0.000332	27.349278	0.133092	-800.180320	
1.751000	15.729520	0.888445	-0.000680	27.074903	0.105834	-800.185186	
1.752000	15.776030	0.847965	-0.000114	26.801257	0.273275	-800.189843	
1.753000	15.776030	1.098943	0.001016	26.528379	0.452398	-800.194412	
1.754000	15.767574	0.791292	0.002075	26.256241	0.452398	-800.199033	
1.755000	15.729520	0.734620	0.002435	25.984816	0.366730	-800.203848	
1.756000	15.750661	0.767004	0.001693	25.714156	0.191502	-800.208975	
1.757000	15.737976	0.831773	-0.000234	25.444366	0.179820	-800.214474	
1.758000	15.784486	1.009886	-0.003166	25.175488	0.362836	-800.220338	
1.759000	15.699922	0.993694	-0.006797	24.907508	0.390094	-800.226521	
1.760000	15.704150	0.864157	-0.010827	24.640414	0.300533	-800.232945	
1.761000	15.678781	0.750812	-0.014942	24.374262	0.175926	-800.239496	
1.762000	15.784486	0.791292	-0.018776	24.109151	0.331685	-800.246034	
1.763000	15.623814	1.026079	-0.022070	23.845118	0.413458	-800.252410	
1.764000	15.716835	0.912733	-0.024806	23.582142	0.432928	-800.258502	
1.765000	15.704150	0.799388	-0.027158	23.320202	0.175926	-800.264235	
1.766000	15.847910	0.823676	-0.029274	23.059340	0.199290	-800.269599	
1.767000	15.784486	0.677947	-0.031343	22.799642	0.218760	-800.274621	
1.768000	15.666097	0.928926	-0.033921	22.541148	0.312215	-800.279358	
1.769000	15.670325	0.856061	-0.037145	22.283849	0.277169	-800.283908	
1.770000	15.742204	0.872253	-0.040250	22.027733	0.094153	-800.288411	
1.771000	15.839453	0.799388	-0.042659	21.772845	0.148668	-800.293017	
1.772000	15.742204	0.912733	-0.044430	21.519271	0.320003	-800.297853	
1.773000	15.594217	1.082751	-0.045695	21.267043	0.506913	-800.303004	
1.774000	15.628043	0.880349	-0.046468	21.016147	0.304427	-800.308502	
1.775000	15.725291	0.758908	-0.046860	20.766561	0.222654	-800.314334	
1.776000	15.877507	0.872253	-0.047149	20.518313	0.191502	-800.320452	
1.777000	15.754889	0.839869	-0.047558	20.271476	0.460186	-800.326763	
1.778000	15.699922	1.155616	-0.048207	20.026089	0.331685	-800.333143	
1.779000	15.670325	0.880349	-0.049083	19.782165	0.374518	-800.339455	
1.780000	15.721063	0.864157	-0.049969	19.539714	0.136986	-800.345574	
1.781000	15.788715	0.823676	-0.050593	19.298774	0.063001	-800.351401	
1.782000	15.776030	0.669851	-0.050747	19.059412	0.261593	-800.356877	
1.783000	15.797171	0.985598	-0.050100	18.821662	0.347261	-800.361989	
1.784000	15.695694	0.953214	-0.047856	18.585535	0.432928	-800.366767	
1.785000	15.687238	0.847965	-0.043135	18.351033	0.191502	-800.371282	
1.786000	15.657640	0.928926	-0.036005	18.118184	0.257699	-800.375649	
1.787000	15.805627	0.775100	-0.027593	17.887045	0.292745	-800.380004	
1.788000	15.737976	0.985598	-0.019216	17.657642	0.479655	-800.384476	
1.789000	15.712607	0.783196	-0.011861	17.429983	0.534171	-800.389182	
1.790000	15.725291	0.750812	-0.006155	17.204066	0.160350	-800.394203	
1.791000	15.801399	0.775100	-0.002088	16.979908	0.261593	-800.399573	
1.792000	15.771802	0.985598	0.001006	16.757550	0.257699	-800.405274	
1.793000	15.742204	1.058463	0.003420	16.537019	0.358942	-800.411242	
1.794000	15.733748	0.839869	0.004745	16.318345	0.226548	-800.417372	
1.795000	15.750661	0.661755	0.004776	16.101554	0.059107	-800.423536	
1.796000	15.742204	0.767004	0.003759	15.886672	0.175926	-800.429604	
1.797000	15.670325	0.888445	0.002050	15.673742	0.277169	-800.435450	
1.798000	15.649184	1.074655	-2.221495E-5	15.462787	0.304427	-800.440970	
1.799000	15.649184	0.856061	-0.002476	15.253838	0.495231	-800.446113	
1.800000	15.716835	0.807484	-0.005715	15.046918	0.257699	-800.450883	0.000000
1.801000	15.814084	1.009886	-0.009633	14.842039	0.234335	-800.455336	
1.802000	15.733748	0.661755	-0.013290	14.639230	0.374518	-800.459566	
1.803000	15.623814	0.831773	-0.015892	14.438514	0.393988	-800.463697	
1.804000	15.712607	0.896541	-0.017308	14.239936	0.288851	-800.467867	
1.805000	15.771802	0.831773	-0.017738	14.043528	0.203184	-800.472215	
1.806000	15.809856	0.742716	-0.017475	13.849304	0.238229	-800.476859	
1.807000	15.750661	0.807484	-0.016753	13.657282	0.351155	-800.481863	
1.808000	15.683009	1.074655	-0.015733	13.467485	0.366730	-800.487228	
1.809000	15.746433	0.864157	-0.014776	13.279964	0.401776	-800.492908	
1.810000	15.704150	0.847965	-0.014331	13.094761	-0.026560	-800.498822	
1.811000	15.771802	0.572698	-0.014541	12.911884	0.187608	-800.504857	
1.812000	15.691466	0.783196	-0.015301	12.731347	0.335579	-800.510872	
1.813000	15.699922	1.017982	-0.016304	12.553168	0.374518	-800.516726	
1.814000	15.606902	0.961310	-0.017151	12.377413	0.491337	-800.522300	
1.815000	15.691466	0.831773	-0.017682	12.204131	0.199290	-800.527520	
1.816000	15.797171	0.507929	-0.017903	12.033320	0.195396	-800.532367	
1.817000	15.826768	0.985598	-0.017823	11.864975	0.393988	-800.536864	
1.818000	15.822540	1.042271	-0.017453	11.699107	0.358942	-800.541071	
1.819000	15.535022	0.807484	-0.016645	11.535785	0.331685	-800.545091	
1.820000	15.704150	0.758908	-0.015292	11.375062	0.156456	-800.549063	
1.821000	15.780258	0.969406	-0.013603	11.216929	0.331685	-800.553129	
1.822000	15.759117	0.799388	-0.011865	11.061375	0.347261	-800.557406	
1.823000	15.699922	0.937022	-0.010145	10.908409	0.510807	-800.561974	
1.824000	15.678781	0.799388	-0.008334	10.758096	0.467974	-800.566867	
1.825000	15.729520	1.066559	-0.006588	10.610485	0.261593	-800.572078	
1.826000	15.822540	0.904637	-0.005460	10.465556	0.242123	-800.577560	
1.827000	15.729520	0.783196	-0.005224	10.323286	0.273275	-800.583218	
1.828000	15.674553	1.155616	-0.005504	10.183672	0.312215	-800.588919	
1.829000	15.695694	0.815580	-0.005678	10.046783	0.323897	-800.594525	
1.830000	15.746433	0.807484	-0.005459	9.912669	0.210972	-800.599917	
1.831000	15.729520	0.775100	-0.005038	9.781310	0.390094	-800.605003	
1.832000	15.746433	0.767004	-0.004561	9.652675	0.323897	-800.609728	
1.833000	15.716835	1.098943	-0.003959	9.526770	0.343367	-800.614077	
1.834000	15.687238	1.123232	-0.003032	9.403693	0.362836	-800.618080	
1.835000	15.704150	0.847965	-0.001193	9.283527	0.156456	-800.621807	
1.836000	15.780258	0.872253	0.001979	9.166255	0.207078	-800.625375	
1.837000	15.695694	0.904637	0.006024	9.051835	0.269381	-800.628917	
1.838000	15.649184	1.066559	0.010135	8.940269	0.436822	-800.632555	
1.839000	15.615358	1.009886	0.013820	8.831659	0.351155	-800.636394	
1.840000	15.699922	0.977502	0.016823	8.726088	0.117516	-800.640508	
1.841000	15.847910	0.872253	0.018872	8.623528	0.214866	-800.644927	
1.842000	15.763345	1.017982	0.019682	8.523923	0.281063	-800.649636	
1.843000	15.628043	1.009886	0.019249	8.427273	0.316109	-800.654574	
1.844000	15.644956	0.856061	0.017908	8.333680	0.265487	-800.659637	
1.845000	15.712607	0.847965	0.016115	8.243227	0.148668	-800.664692	
1.846000	15.809856	0.815580	0.014381	8.155883	0.253805	-800.669611	
1.847000	15.725291	0.937022	0.013081	8.071587	0.386200	-800.674273	
1.848000	15.644956	0.993694	0.012210	7.990330	0.327791	-800.678582	
1.849000	15.539250	0.872253	0.011588	7.912211	0.432928	-800.682485	
1.850000	15.644956	1.017982	0.011173	7.837302	0.125304	-800.685984	
1.851000	15.843681	0.969406	0.010964	7.765553	0.323897	-800.689124	
1.852000	15.716835	0.912733	0.010839	7.696884	0.214866	-800.691996	
1.853000	15.763345	0.896541	0.010583	7.631285	0.199290	-800.694722	
1.854000	15.615358	0.847965	0.009907	7.568870	0.335579	-800.697445	
1.855000	15.661868	0.864157	0.008536	7.509724	0.160350	-800.700302	
1.856000	15.805627	0.961310	0.006399	7.453795	0.257699	-800.703406	
1.857000	15.750661	0.856061	0.003688	7.400995	0.164244	-800.706820	
1.858000	15.776030	1.058463	0.000632	7.351311	0.475762	-800.710545	
1.859000	15.505425	0.969406	-0.002675	7.304856	0.320003	-800.714543	
1.860000	15.657640	0.847965	-0.006288	7.261714	0.121410	-800.718739	
1.861000	15.649184	0.953214	-0.010232	7.221824	0.312215	-800.723018	
1.862000	15.653412	0.945118	-0.014179	7.185086	0.358942	-800.727233	
1.863000	15.721063	0.977502	-0.017545	7.151478	0.281063	-800.731235	
1.864000	15.551935	0.904637	-0.019922	7.121116	0.436822	-800.734903	
1.865000	15.754889	0.726523	-0.021321	7.094085	0.191502	-800.738164	
1.866000	15.683009	0.977502	-0.021781	7.070315	0.261593	-800.741001	
1.867000	15.737976	0.864157	-0.021052	7.049694	0.366730	-800.743436	
1.868000	15.767574	1.123232	-0.019076	7.032197	0.339473	-800.745525	
1.869000	15.573076	0.710331	-0.016219	7.017955	0.296639	-800.747374	
1.870000	15.809856	0.750812	-0.013035	7.007067	0.191502	-800.749129	
1.871000	15.699922	0.847965	-0.010128	6.999467	0.312215	-800.750944	
1.872000	15.721063	0.888445	-0.007937	6.995036	0.292745	-800.752948	
1.873000	15.644956	1.026079	-0.006605	6.993750	0.366730	-800.755221	
1.874000	15.560391	0.993694	-0.006220	6.995739	0.366730	-800.757794	
1.875000	15.568848	0.872253	-0.007446	7.001095	0.164244	-800.760658	
1.876000	15.801399	0.920829	-0.011226	7.009733	0.429034	-800.763769	
1.877000	15.716835	0.872253	-0.017197	7.021524	0.448504	-800.767035	
1.878000	15.602673	1.034175	-0.023790	7.036436	0.432928	-800.770324	
1.879000	15.547707	0.831773	-0.029792	7.054605	0.386200	-800.773491	
1.880000	15.733748	0.864157	-0.034588	7.076121	0.090259	-800.776410	
1.881000	15.835225	0.839869	-0.037706	7.100898	0.355048	-800.778989	
1.882000	15.733748	0.831773	-0.038842	7.128800	0.257699	-800.781177	
1.883000	15.602673	1.001790	-0.037842	7.159800	0.327791	-800.782964	
1.884000	15.522337	0.937022	-0.034710	7.194038	0.417352	-800.784381	
1.885000	15.683009	0.912733	-0.030059	7.231610	0.300533	-800.785498	
1.886000	15.771802	0.937022	-0.024775	7.272419	0.284957	-800.786430	
1.887000	15.754889	0.864157	-0.019339	7.316321	0.378412	-800.787313	
1.888000	15.674553	1.009886	-0.014196	7.363290	0.362836	-800.788279	
1.889000	15.513881	0.977502	-0.009948	7.413475	0.296639	-800.789438	
1.890000	15.657640	1.026079	-0.006958	7.466974	0.164244	-800.790864	
1.891000	15.754889	0.653659	-0.005293	7.523679	0.234335	-800.792584	
1.892000	15.649184	0.694139	-0.005261	7.583433	0.339473	-800.794577	
1.893000	15.716835	0.823676	-0.007461	7.646213	0.382306	-800.796784	
1.894000	15.484284	1.026079	-0.011853	7.712185	0.343367	-800.799103	
1.895000	15.589989	0.807484	-0.017473	7.781453	0.175926	-800.801410	
1.896000	15.742204	0.872253	-0.023103	7.853909	0.316109	-800.803571	
1.897000	15.759117	0.896541	-0.027714	7.929392	0.242123	-800.805461	
1.898000	15.725291	0.977502	-0.030563	8.007880	0.308321	-800.806987	
1.899000	15.488512	0.839869	-0.031274	8.089543	0.358942	-800.808102	
1.900000	15.644956	0.864157	-0.029940	8.174488	0.331685	-800.808812	0.000000
1.901000	15.699922	0.856061	-0.026966	8.262595	0.475762	-800.809165	
1.902000	15.784486	1.034175	-0.022714	8.353690	0.312215	-800.809247	
1.903000	15.687238	0.977502	-0.017705	8.447746	0.358942	-800.809184	
1.904000	15.505425	0.815580	-0.012886	8.544932	0.393988	-800.809114	
1.905000	15.737976	0.718427	-0.009038	8.645350	0.207078	-800.809176	
1.906000	15.699922	0.799388	-0.006376	8.748867	0.355048	-800.809482	
1.907000	15.776030	0.629370	-0.004979	8.855301	0.242123	-800.810091	
1.908000	15.733748	0.758908	-0.005089	8.964625	0.257699	-800.811001	
1.909000	15.556163	0.767004	-0.007180	9.077013	0.401776	-800.812174	
1.910000	15.674553	0.880349	-0.011540	9.192566	0.312215	-800.813541	
1.911000	15.704150	0.807484	-0.017531	9.311153	0.448504	-800.814997	
1.912000	15.691466	0.605082	-0.023815	9.432586	0.366730	-800.816398	
1.913000	15.611130	0.985598	-0.029237	9.556835	0.417352	-800.817601	
1.914000	15.480055	0.847965	-0.033269	9.684079	0.421246	-800.818484	
1.915000	15.687238	0.767004	-0.035731	9.814417	0.331685	-800.818972	
1.916000	15.733748	0.839869	-0.036202	9.947703	0.390094	-800.819051	
1.917000	15.754889	0.896541	-0.034128	10.083744	0.175926	-800.818743	
1.918000	15.716835	0.904637	-0.029394	10.222513	0.390094	-800.818102	
1.919000	15.568848	0.961310	-0.022384	10.364191	0.226548	-800.817224	
1.920000	15.716835	0.758908	-0.013802	10.508877	0.238229	-800.816249	
1.921000	15.818312	0.653659	-0.004565	10.656418	0.281063	-800.815330	
1.922000	15.704150	0.856061	0.004400	10.806617	0.323897	-800.814598	
1.923000	15.640727	0.912733	0.012301	10.959445	0.284957	-800.814136	
1.924000	15.446230	1.042271	0.018371	11.115089	0.401776	-800.813976	
1.925000	15.674553	0.758908	0.021989	11.273644	0.358942	-800.814105	
1.926000	15.814084	0.791292	0.023336	11.434950	0.510807	-800.814476	
1.927000	15.678781	0.702235	0.023235	11.598802	0.323897	-800.814999	
1.928000	15.547707	0.912733	0.022369	11.765184	0.316109	-800.815544	
1.929000	15.471599	0.928926	0.021313	11.934289	0.393988	-800.815967	
1.930000	15.704150	0.815580	0.020586	12.106210	0.331685	-800.816141	
1.931000	15.809856	0.799388	0.020424	12.280774	0.370624	-800.815968	
1.932000	15.792943	0.726523	0.020904	12.457762	0.218760	-800.815399	
1.933000	15.737976	0.669851	0.021781	12.637149	0.351155	-800.814428	
1.934000	15.471599	0.726523	0.022318	12.819125	0.390094	-800.813093	
1.935000	15.649184	0.775100	0.022048	13.003778	0.312215	-800.811463	
1.936000	15.737976	0.799388	0.021096	13.190937	0.284957	-800.809647	
1.937000	15.704150	0.783196	0.019549	13.380388	0.257699	-800.807782	
1.938000	15.644956	0.823676	0.017378	13.572128	0.397882	-800.806000	
1.939000	15.458914	0.912733	0.014676	13.766365	0.425140	-800.804413	
1.940000	15.683009	0.799388	0.011500	13.963186	0.362836	-800.803096	
1.941000	15.687238	0.993694	0.007931	14.162403	0.246017	-800.802071	
1.942000	15.780258	0.734620	0.004296	14.363788	0.265487	-800.801315	
1.943000	15.721063	0.969406	0.000846	14.567329	0.288851	-800.800765	
1.944000	15.471599	0.839869	-0.002401	14.773229	0.393988	-800.800320	
1.945000	15.708379	0.758908	-0.005367	14.981573	0.230441	-800.799853	
1.946000	15.649184	0.864157	-0.007906	15.192170	0.448504	-800.799236	
1.947000	15.733748	0.791292	-0.009989	15.404795	0.261593	-800.798346	
1.948000	15.708379	0.953214	-0.011847	15.619452	0.316109	-800.797086	
1.949000	15.488512	0.694139	-0.013763	15.836364	0.347261	-800.795408	
1.950000	15.687238	0.904637	-0.015291	16.055620	0.378412	-800.793316	
1.951000	15.670325	1.050367	-0.014991	16.277024	0.417352	-800.790859	
1.952000	15.733748	0.961310	-0.011490	16.500341	0.378412	-800.788124	
1.953000	15.678781	0.928926	-0.004904	16.725563	0.386200	-800.785231	
1.954000	15.551935	0.799388	0.003177	16.952900	0.390094	-800.782315	
1.955000	15.725291	0.839869	0.010997	17.182426	0.226548	-800.779516	
1.956000	15.792943	0.767004	0.017485	17.413934	0.409564	-800.776947	
1.957000	15.780258	0.872253	0.022317	17.647190	0.242123	-800.774672	
1.958000	15.577304	1.139424	0.025544	17.882206	0.246017	-800.772695	
1.959000	15.458914	0.856061	0.027160	18.119212	0.358942	-800.770977	
1.960000	15.695694	0.831773	0.027141	18.358285	0.343367	-800.769448	
1.961000	15.763345	0.621274	0.025722	18.599216	0.456292	-800.767999	
1.962000	15.729520	0.775100	0.023352	18.841773	0.335579	-800.766491	
1.963000	15.505425	0.928926	0.020434	19.085966	0.479655	-800.764777	
1.964000	15.458914	1.034175	0.017190	19.332023	0.284957	-800.762731	
1.965000	15.695694	1.001790	0.013781	19.580010	0.296639	-800.760273	
1.966000	15.754889	0.831773	0.010800	19.829704	0.265487	-800.757378	
1.967000	15.746433	0.815580	0.009315	20.080867	0.226548	-800.754070	
1.968000	15.657640	0.758908	0.009868	20.333521	0.382306	-800.750406	
1.969000	15.556163	0.750812	0.011962	20.587897	0.351155	-800.746492	
1.970000	15.746433	1.058463	0.014502	20.844057	0.292745	-800.742467	
1.971000	15.771802	0.896541	0.016416	21.101773	0.284957	-800.738481	
1.972000	15.733748	0.815580	0.017193	21.360803	0.230441	-800.734664	
1.973000	15.674553	0.872253	0.016790	21.621167	0.362836	-800.731109	
1.974000	15.488512	0.839869	0.015030	21.883096	0.281063	-800.727851	
1.975000	15.594217	0.839869	0.011521	22.146651	0.382306	-800.724880	
1.976000	15.649184	0.993694	0.006163	22.411598	0.405670	-800.722139	
1.977000	15.826768	0.896541	-0.000580	22.677693	0.351155	-800.719532	
1.978000	15.661868	0.742716	-0.007915	22.944950	0.335579	-800.716928	
1.979000	15.505425	0.856061	-0.015005	23.213592	0.417352	-800.714189	
1.980000	15.699922	1.042271	-0.021229	23.483667	0.191502	-800.711189	
1.981000	15.712607	0.912733	-0.026337	23.754928	0.323897	-800.707833	
1.982000	15.788715	0.815580	-0.030288	24.027127	0.374518	-800.704068	
1.983000	15.666097	0.799388	-0.032915	24.300292	0.335579	-800.699891	
1.984000	15.615358	0.750812	-0.033757	24.574662	0.358942	-800.695341	
1.985000	15.699922	0.839869	-0.032496	24.850292	0.273275	-800.690496	
1.986000	15.581532	1.026079	-0.029553	25.126938	0.432928	-800.685474	
1.987000	15.695694	0.775100	-0.025846	25.404355	0.405670	-800.680413	
1.988000	15.589989	0.961310	-0.022173	25.682578	0.429034	-800.675442	
1.989000	15.577304	0.758908	-0.019076	25.961853	0.503019	-800.670671	
1.990000	15.691466	0.896541	-0.017016	26.242230	0.421246	-800.666175	
1.991000	15.691466	0.831773	-0.016327	26.523459	0.432928	-800.661976	
1.992000	15.695694	0.912733	-0.017028	26.805290	0.246017	-800.658049	
1.993000	15.547707	0.880349	-0.018945	27.087763	0.323897	-800.654335	
1.994000	15.644956	0.775100	-0.021817	27.371121	0.390094	-800.650737	
1.995000	15.733748	0.937022	-0.025171	27.655406	0.288851	-800.647134	
1.996000	15.704150	0.750812	-0.028440	27.940360	0.397882	-800.643398	
1.997000	15.704150	0.839869	-0.031273	28.225739	0.323897	-800.639415	
1.998000	15.543479	0.993694	-0.033662	28.511592	0.253805	-800.635092	
1.999000	15.678781	0.937022	-0.035749	28.798172	0.261593	-800.630382	
2.000000	15.695694	1.042271	-0.037332	29.085526	0.230441	-800.625289	0.000000
2.001000	15.729520	0.872253	-0.037173	29.373399	0.506913	-800.619863	
2.002000	15.683009	0.961310	-0.033683	29.661547	0.417352	-800.614190	
2.003000	15.501196	1.058463	-0.026866	29.950026	0.506913	-800.608392	
2.004000	15.636499	0.945118	-0.018296	30.239091	0.397882	-800.602603	
2.005000	15.737976	0.961310	-0.009595	30.528776	0.374518	-800.596956	
2.006000	15.839453	0.734620	-0.001939	30.818815	0.339473	-800.591567	
2.007000	15.733748	0.815580	0.003897	31.108958	0.277169	-800.586504	
2.008000	15.556163	0.864157	0.007675	31.399259	0.175926	-800.581774	
2.009000	15.683009	0.783196	0.009581	31.689971	0.296639	-800.577342	
2.010000	15.704150	0.839869	0.009810	31.981123	0.269381	-800.573138	
2.011000	15.780258	0.904637	0.008582	32.272449	0.467974	-800.569053	
2.012000	15.666097	0.872253	0.006439	32.563707	0.288851	-800.564951	
2.013000	15.564620	0.912733	0.004062	32.854968	0.246017	-800.560693	
2.014000	15.530794	0.920829	0.001949	33.146489	0.448504	-800.556157	
2.015000	15.721063	0.872253	0.000379	33.438298	0.417352	-800.551264	
2.016000	15.805627	0.596986	-0.000563	33.730115	0.390094	-800.545988	
2.017000	15.704150	1.228481	-0.000675	34.021689	0.323897	-800.540347	
2.018000	15.581532	0.823676	0.000570	34.313078	0.292745	-800.534401	
2.019000	15.657640	0.961310	0.003277	34.604533	0.390094	-800.528253	
2.020000	15.814084	0.920829	0.006635	34.896069	0.460186	-800.522046	
2.021000	15.746433	0.734620	0.009595	35.187405	0.246017	-800.515930	
2.022000	15.737976	0.742716	0.011567	35.478295	0.308321	-800.510035	
2.023000	15.598445	0.718427	0.012425	35.768805	0.288851	-800.504456	
2.024000	15.678781	0.815580	0.012249	36.059187	0.288851	-800.499235	
2.025000	15.737976	0.823676	0.011180	36.349459	0.191502	-800.494360	
2.026000	15.661868	0.896541	0.009272	36.639336	0.467974	-800.489778	
2.027000	15.733748	0.815580	0.006642	36.928567	0.370624	-800.485387	
2.028000	15.530794	0.775100	0.003700	37.217224	0.269381	-800.481053	
2.029000	15.742204	0.750812	0.000914	37.505561	0.409564	-800.476633	
2.030000	15.708379	0.726523	-0.001346	37.793598	0.456292	-800.471997	
2.031000	15.683009	0.750812	-0.002816	38.081049	0.366730	-800.467047	
2.032000	15.767574	0.807484	-0.003478	38.367665	0.355048	-800.461727	
2.033000	15.623814	0.961310	-0.003564	38.653518	0.257699	-800.456033	
2.034000	15.725291	0.783196	-0.002962	38.938872	0.366730	-800.450002	
2.035000	15.716835	0.758908	-0.000696	39.223746	0.390094	-800.443714	
2.036000	15.742204	0.823676	0.003958	39.507860	0.358942	-800.437289	
2.037000	15.725291	0.686043	0.010296	39.790973	0.397882	-800.430865	
2.038000	15.467371	1.017982	0.016910	40.073160	0.304427	-800.424573	
2.039000	15.742204	0.783196	0.022691	40.354676	0.409564	-800.418522	
2.040000	15.721063	0.783196	0.026944	40.635530	0.288851	-800.412786	
2.041000	15.725291	0.726523	0.029081	40.915436	0.569217	-800.407389	
2.042000	15.594217	0.961310	0.028723	41.194149	0.187608	-800.402307	
2.043000	15.382807	0.864157	0.026095	41.471743	0.257699	-800.397475	
2.044000	15.784486	0.702235	0.021883	41.748468	0.234335	-800.392786	
2.045000	15.708379	0.904637	0.016904	42.024332	0.339473	-800.388108	
2.046000	15.792943	0.702235	0.011881	42.299052	0.335579	-800.383312	
2.047000	15.674553	0.775100	0.007141	42.572391	0.335579	-800.378284	
2.048000	15.484284	0.807484	0.002780	42.844433	0.265487	-800.372935	
2.049000	15.763345	0.912733	-0.000831	43.115435	0.269381	-800.367222	
2.050000	15.699922	0.588890	-0.003061	43.385409	0.323897	-800.361148	
2.051000	15.746433	0.718427	-0.003463	43.654079	0.327791	-800.354763	
2.052000	15.619586	0.767004	-0.002131	43.921214	0.316109	-800.348156	
2.053000	15.530794	0.872253	0.000342	44.186903	0.308321	-800.341451	
2.054000	15.729520	1.026079	0.003261	44.451403	0.273275	-800.334782	
2.055000	15.699922	0.856061	0.006026	44.714721	0.401776	-800.328277	
2.056000	15.788715	0.710331	0.008126	44.976576	0.335579	-800.322037	
2.057000	15.771802	0.637467	0.009286	45.236731	0.203184	-800.316124	
2.058000	15.522337	0.767004	0.009290	45.495269	0.323897	-800.310546	
2.059000	15.805627	0.920829	0.007882	45.752437	0.238229	-800.305274	
2.060000	15.691466	0.904637	0.005471	46.008232	0.331685	-800.300241	
2.061000	15.657640	0.718427	0.002933	46.262373	0.339473	-800.295341	
2.062000	15.843681	0.904637	0.000657	46.514630	0.175926	-800.290438	
2.063000	15.518109	0.864157	-0.001212	46.765094	0.300533	-800.285394	
2.064000	15.733748	0.750812	-0.002401	47.014022	0.432928	-800.280087	
2.065000	15.585761	0.856061	-0.002756	47.261421	0.475762	-800.274441	
2.066000	15.674553	1.098943	-0.002279	47.507010	0.436822	-800.268430	
2.067000	15.704150	0.823676	-0.001081	47.750558	0.343367	-800.262072	
2.068000	15.501196	0.856061	0.000635	47.992154	0.425140	-800.255423	
2.069000	15.818312	0.661755	0.002682	48.232049	0.316109	-800.248589	
2.070000	15.725291	0.985598	0.004858	48.470247	0.467974	-800.241712	
2.071000	15.716835	0.815580	0.006940	48.706467	0.378412	-800.234945	
2.072000	15.733748	0.847965	0.008640	48.940482	0.152562	-800.228417	
2.073000	15.522337	0.847965	0.009533	49.172382	0.335579	-800.222223	
2.074000	15.907104	0.750812	0.009450	49.402426	0.316109	-800.216401	
2.075000	15.606902	0.653659	0.008728	49.630622	0.386200	-800.210947	
2.076000	15.640727	0.920829	0.007613	49.856703	0.269381	-800.205808	
2.077000	15.577304	0.856061	0.005987	50.080451	0.374518	-800.200886	
2.078000	15.463143	1.017982	0.003872	50.301958	0.312215	-800.196050	
2.079000	15.835225	0.831773	0.001592	50.521478	0.370624	-800.191156	
2.080000	15.695694	0.823676	-0.000497	50.739017	0.417352	-800.186077	
2.081000	15.725291	0.945118	-0.002186	50.954307	0.432928	-800.180714	
2.082000	15.678781	0.904637	-0.003372	51.167126	0.292745	-800.175011	
2.083000	15.471599	0.880349	-0.004011	51.377566	0.370624	-800.168961	
2.084000	15.919789	0.661755	-0.004074	51.585876	0.316109	-800.162600	
2.085000	15.704150	0.823676	-0.003451	51.792066	0.374518	-800.156002	
2.086000	15.776030	0.758908	-0.002180	51.995876	0.386200	-800.149288	
2.087000	15.683009	0.823676	-0.000727	52.197092	0.269381	-800.142604	
2.088000	15.467371	0.928926	0.000339	52.395807	0.386200	-800.136089	
2.089000	15.839453	1.058463	0.000808	52.592270	0.390094	-800.129860	
2.090000	15.623814	0.904637	0.000631	52.786488	0.362836	-800.123988	
2.091000	15.780258	0.847965	-0.000473	52.978202	0.413458	-800.118495	
2.092000	15.670325	0.686043	-0.002961	53.167197	0.343367	-800.113355	
2.093000	15.484284	0.928926	-0.007221	53.353560	0.210972	-800.108509	
2.094000	15.839453	0.823676	-0.013174	53.537529	0.281063	-800.103852	
2.095000	15.691466	0.912733	-0.020072	53.719104	0.370624	-800.099254	
2.096000	15.780258	1.017982	-0.026810	53.898021	0.366730	-800.094580	
2.097000	15.750661	0.775100	-0.032356	54.074070	0.296639	-800.089711	
2.098000	15.513881	0.864157	-0.036293	54.247344	0.347261	-800.084562	
2.099000	15.776030	0.864157	-0.038778	54.418086	0.304427	-800.079097	
2.100000	15.632271	0.904637	-0.039678	54.586305	0.452398	-800.073319	0.000000
2.101000	15.699922	0.945118	-0.038658	54.751750	0.487443	-800.067269	
2.102000	15.771802	1.034175	-0.036045	54.914223	0.409564	-800.061034	
2.103000	15.458914	0.864157	-0.032667	55.073819	0.378412	-800.054737	
2.104000	15.818312	0.880349	-0.029265	55.230773	0.413458	-800.048521	
2.105000	15.687238	0.912733	-0.026287	55.385091	0.366730	-800.042518	
2.106000	15.678781	0.912733	-0.023882	55.536520	0.460186	-800.036831	
2.107000	15.771802	0.767004	-0.022093	55.684858	0.269381	-800.031520	
2.108000	15.594217	0.710331	-0.020906	55.830195	0.351155	-800.026595	
2.109000	15.962071	0.799388	-0.020374	55.972765	0.238229	-800.022031	
2.110000	15.678781	0.920829	-0.020782	56.112573	0.175926	-800.017765	
2.111000	15.695694	0.783196	-0.022275	56.249380	0.425140	-800.013692	
2.112000	15.767574	0.880349	-0.024512	56.382993	0.284957	-800.009675	
2.113000	15.551935	0.888445	-0.026901	56.513506	0.292745	-800.005577	
2.114000	15.835225	0.937022	-0.028847	56.641153	0.269381	-800.001279	
2.115000	15.632271	0.985598	-0.029818	56.765947	0.355048	-799.996704	
2.116000	15.666097	0.880349	-0.029518	56.887653	0.460186	-799.991823	
2.117000	15.699922	0.977502	-0.028042	57.006078	0.417352	-799.986653	
2.118000	15.577304	0.807484	-0.025565	57.121308	0.355048	-799.981247	
2.119000	15.869051	0.945118	-0.022047	57.233570	0.370624	-799.975710	
2.120000	15.725291	0.799388	-0.017571	57.342871	0.253805	-799.970179	
2.121000	15.784486	0.937022	-0.012647	57.448980	0.417352	-799.964800	
2.122000	15.712607	0.961310	-0.007855	57.551712	0.207078	-799.959703	
2.123000	15.551935	0.888445	-0.003462	57.651162	0.320003	-799.954978	
2.124000	15.894420	0.856061	0.000394	57.747568	0.355048	-799.950669	
2.125000	15.644956	0.588890	0.003239	57.840950	0.292745	-799.946769	
2.126000	15.729520	0.783196	0.004035	57.931087	0.370624	-799.943230	
2.127000	15.611130	0.961310	0.001802	58.017800	0.292745	-799.939960	
2.128000	15.509653	0.742716	-0.003191	58.101186	0.218760	-799.936830	
2.129000	15.818312	0.953214	-0.009522	58.181473	0.343367	-799.933695	
2.130000	15.716835	0.888445	-0.015882	58.258672	0.390094	-799.930423	
2.131000	15.750661	0.969406	-0.021564	58.332564	0.320003	-799.926910	
2.132000	15.666097	0.815580	-0.026073	58.402975	0.300533	-799.923105	
2.133000	15.649184	0.710331	-0.028978	58.469998	0.265487	-799.919009	
2.134000	15.822540	0.815580	-0.029962	58.533857	0.327791	-799.914660	
2.135000	15.746433	0.831773	-0.028682	58.594567	0.331685	-799.910132	
2.136000	15.763345	0.847965	-0.024971	58.651918	0.288851	-799.905541	
2.137000	15.801399	0.807484	-0.019252	58.705748	0.261593	-799.901026	
2.138000	15.691466	0.758908	-0.012422	58.756157	0.300533	-799.896727	
2.139000	15.754889	0.742716	-0.005385	58.803377	0.269381	-799.892755	
2.140000	15.683009	0.791292	0.000989	58.847431	0.464080	-799.889175	
2.141000	15.636499	0.969406	0.005588	58.888118	0.374518	-799.886001	
2.142000	15.797171	0.710331	0.007455	58.925275	0.390094	-799.883204	
2.143000	15.683009	0.758908	0.006538	58.958997	0.292745	-799.880726	
2.144000	15.725291	1.066559	0.003606	58.989505	0.277169	-799.878463	
2.145000	15.653412	0.872253	-0.000295	59.016815	0.362836	-799.876284	
2.146000	15.721063	0.953214	-0.004215	59.040728	0.351155	-799.874055	
2.147000	15.776030	0.823676	-0.007671	59.061082	0.331685	-799.871656	
2.148000	15.687238	0.734620	-0.010670	59.077975	0.063001	-799.869008	
2.149000	15.869051	0.677947	-0.013347	59.091628	0.249911	-799.866077	
2.150000	15.636499	1.017982	-0.015540	59.102070	0.393988	-799.862872	
2.151000	15.695694	1.236577	-0.016820	59.109111	0.339473	-799.859441	
2.152000	15.683009	1.026079	-0.016948	59.112603	0.304427	-799.855866	
2.153000	15.716835	0.783196	-0.016055	59.112644	0.300533	-799.852271	
2.154000	15.822540	0.734620	-0.014573	59.109452	0.296639	-799.848794	
2.155000	15.670325	0.904637	-0.012972	59.103052	0.471868	-799.845564	
2.156000	15.687238	0.993694	-0.011480	59.093256	0.390094	-799.842678	
2.157000	15.721063	0.839869	-0.010152	59.079915	0.382306	-799.840190	
2.158000	15.721063	0.718427	-0.009160	59.063126	0.226548	-799.838102	
2.159000	15.902876	0.605082	-0.008851	59.043107	0.409564	-799.836381	
2.160000	15.759117	0.750812	-0.009449	59.019887	0.444610	-799.834955	
2.161000	15.678781	0.564602	-0.010828	58.993288	0.257699	-799.833715	
2.162000	15.712607	0.734620	-0.012584	58.963174	0.222654	-799.832529	
2.163000	15.712607	0.896541	-0.014276	58.929648	0.323897	-799.831263	
2.164000	15.843681	0.831773	-0.015612	58.892930	0.308321	-799.829801	
2.165000	15.708379	0.767004	-0.016409	58.853055	0.386200	-799.828062	
2.166000	15.615358	1.001790	-0.016517	58.809857	0.335579	-799.826018	
2.167000	15.661868	0.880349	-0.015764	58.763202	0.382306	-799.823688	
2.168000	15.826768	0.815580	-0.013976	58.713185	0.257699	-799.821127	
2.169000	15.792943	0.799388	-0.011279	58.660017	0.335579	-799.818436	
2.170000	15.733748	0.864157	-0.008261	58.603734	0.448504	-799.815748	
2.171000	15.759117	0.953214	-0.005636	58.544169	0.320003	-799.813208	
2.172000	15.716835	0.791292	-0.003981	58.481192	0.343367	-799.810953	
2.173000	15.788715	0.718427	-0.003690	58.414900	0.226548	-799.809082	
2.174000	15.780258	0.718427	-0.004938	58.345510	0.316109	-799.807641	
2.175000	15.695694	0.945118	-0.007603	58.273059	0.374518	-799.806622	
2.176000	15.754889	1.001790	-0.011250	58.197395	0.413458	-799.805975	
2.177000	15.733748	0.888445	-0.015486	58.118396	0.358942	-799.805613	
2.178000	15.780258	0.993694	-0.020053	58.036165	0.207078	-799.805413	
2.179000	15.670325	0.864157	-0.024516	57.950915	0.362836	-799.805232	
2.180000	15.661868	0.880349	-0.028465	57.862683	0.397882	-799.804927	
2.181000	15.695694	0.977502	-0.031846	57.771315	0.351155	-799.804386	
2.182000	15.754889	0.613178	-0.034754	57.676693	0.281063	-799.803547	
2.183000	15.805627	0.847965	-0.037454	57.578915	0.226548	-799.802412	
2.184000	15.847910	0.839869	-0.040273	57.478191	0.249911	-799.801024	
2.185000	15.750661	0.920829	-0.042779	57.374555	0.355048	-799.799458	
2.186000	15.653412	0.839869	-0.044145	57.267860	0.386200	-799.797832	
2.187000	15.767574	0.758908	-0.044280	57.157993	0.308321	-799.796289	
2.188000	15.763345	0.791292	-0.043612	57.045061	0.183714	-799.794978	
2.189000	15.788715	0.775100	-0.042456	56.929277	0.246017	-799.794020	
2.190000	15.644956	0.953214	-0.040932	56.810687	0.331685	-799.793486	
2.191000	15.674553	0.856061	-0.038998	56.689153	0.522489	-799.793392	
2.192000	15.708379	0.856061	-0.036476	56.564566	0.269381	-799.793708	
2.193000	15.797171	0.977502	-0.033421	56.437025	0.323897	-799.794373	
2.194000	15.712607	0.669851	-0.030234	56.306730	0.432928	-799.795284	
2.195000	15.598445	0.750812	-0.027201	56.173720	0.487443	-799.796304	
2.196000	15.695694	0.937022	-0.024366	56.037858	0.281063	-799.797295	
2.197000	15.721063	0.856061	-0.021775	55.899033	0.261593	-799.798131	
2.198000	15.890192	0.783196	-0.019449	55.757344	0.168138	-799.798727	
2.199000	15.843681	0.750812	-0.017221	55.613003	0.308321	-799.799048	
2.200000	15.666097	0.953214	-0.014888	55.466063	0.335579	-799.799104	0.000000
2.201000	15.683009	1.082751	-0.012563	55.316398	0.339473	-799.798945	
2.202000	15.649184	1.066559	-0.010636	55.163904	0.323897	-799.798658	
2.203000	15.830997	0.912733	-0.009278	55.008683	0.257699	-799.798370	
2.204000	15.763345	0.831773	-0.008381	54.850942	0.444610	-799.798218	
2.205000	15.687238	0.799388	-0.007924	54.690730	0.432928	-799.798329	
2.206000	15.695694	1.139424	-0.007844	54.527923	0.506913	-799.798802	
2.207000	15.653412	0.783196	-0.007891	54.362417	0.456292	-799.799689	
2.208000	15.890192	0.686043	-0.007932	54.194309	0.133092	-799.800996	
2.209000	15.797171	0.686043	-0.008114	54.023794	0.378412	-799.802688	
2.210000	15.754889	0.823676	-0.008821	53.850916	0.464080	-799.804694	
2.211000	15.746433	1.058463	-0.010325	53.675552	0.323897	-799.806905	
2.212000	15.699922	0.953214	-0.012381	53.497608	0.284957	-799.809190	
2.213000	15.822540	0.783196	-0.014533	53.317182	0.094153	-799.811421	
2.214000	15.797171	0.847965	-0.016527	53.134470	0.378412	-799.813485	
2.215000	15.725291	0.758908	-0.018171	52.949521	0.448504	-799.815303	
2.216000	15.661868	0.985598	-0.019158	52.762221	0.179820	-799.816845	
2.217000	15.632271	0.726523	-0.019119	52.572486	0.464080	-799.818128	
2.218000	15.843681	0.839869	-0.017811	52.380413	0.210972	-799.819206	
2.219000	15.860594	0.888445	-0.015238	52.186199	0.436822	-799.820172	
2.220000	15.746433	0.742716	-0.011702	51.989892	0.413458	-799.821154	
2.221000	15.733748	0.928926	-0.007728	51.791379	0.347261	-799.822289	
2.222000	15.797171	0.524121	-0.003800	51.590570	0.277169	-799.823708	
2.223000	15.860594	0.896541	-0.000265	51.387562	0.195396	-799.825510	
2.224000	15.797171	0.904637	0.002461	51.182548	0.300533	-799.827741	
2.225000	15.683009	0.912733	0.003839	50.975581	0.456292	-799.830388	
2.226000	15.708379	1.001790	0.003639	50.766557	0.312215	-799.833396	
2.227000	15.864822	0.783196	0.002236	50.555397	0.292745	-799.836672	
2.228000	15.763345	0.847965	0.000263	50.342199	0.160350	-799.840096	
2.229000	15.746433	0.815580	-0.001706	50.127158	0.343367	-799.843527	
2.230000	15.602673	0.961310	-0.003300	49.910323	0.464080	-799.846827	
2.231000	15.737976	1.098943	-0.004573	49.691591	0.436822	-799.849880	
2.232000	15.716835	0.864157	-0.005803	49.470877	0.292745	-799.852623	
2.233000	15.792943	0.953214	-0.006704	49.248277	-0.018773	-799.855057	
2.234000	15.852138	0.588890	-0.006067	49.023977	0.323897	-799.857222	
2.235000	15.767574	0.945118	-0.002753	48.798028	0.366730	-799.859191	
2.236000	15.860594	0.993694	0.003141	48.570329	0.393988	-799.861075	
2.237000	15.721063	0.888445	0.010493	48.340804	0.265487	-799.863018	
2.238000	15.890192	0.815580	0.018061	48.109549	0.105834	-799.865169	
2.239000	15.826768	0.847965	0.024950	47.876754	0.308321	-799.867652	
2.240000	15.640727	1.026079	0.030513	47.642473	0.382306	-799.870540	
2.241000	15.729520	1.034175	0.034159	47.406612	0.401776	-799.873843	
2.242000	15.636499	1.009886	0.035631	47.169092	0.393988	-799.877530	
2.243000	15.839453	0.953214	0.035418	46.930004	0.230441	-799.881538	
2.244000	15.894420	0.856061	0.034295	46.689530	0.339473	-799.885765	
2.245000	15.657640	1.009886	0.032801	46.447722	0.405670	-799.890074	
2.246000	15.687238	1.098943	0.031400	46.204489	0.374518	-799.894322	
2.247000	15.661868	0.969406	0.030330	45.959753	0.207078	-799.898385	
2.248000	15.919789	0.839869	0.029360	45.713600	0.136986	-799.902178	
2.249000	15.822540	0.977502	0.028214	45.466205	0.234335	-799.905666	
2.250000	15.737976	0.758908	0.027065	45.217618	0.284957	-799.908857	
2.251000	15.661868	1.171808	0.026246	44.967750	0.417352	-799.911798	
2.252000	15.716835	0.993694	0.025742	44.716529	0.214866	-799.914580	
2.253000	15.847910	0.742716	0.025318	44.464044	0.195396	-799.917327	
2.254000	15.805627	0.847965	0.024751	44.210472	0.277169	-799.920174	
2.255000	15.649184	0.864157	0.023769	43.955871	0.292745	-799.923243	
2.256000	15.670325	0.985598	0.022169	43.700156	0.409564	-799.926634	
2.257000	15.716835	0.839869	0.020040	43.443262	0.339473	-799.930403	
2.258000	15.809856	0.872253	0.017436	43.185271	0.129198	-799.934554	
2.259000	15.661868	1.001790	0.014074	42.926351	0.304427	-799.939046	
2.260000	15.763345	1.090847	0.009882	42.666550	0.288851	-799.943800	
2.261000	15.742204	1.139424	0.005291	42.405785	0.300533	-799.948702	
2.262000	15.674553	0.726523	0.000948	42.143988	0.187608	-799.953622	
2.263000	15.780258	0.807484	-0.002549	41.881239	0.109728	-799.958432	
2.264000	15.771802	0.839869	-0.004809	41.617702	0.207078	-799.963014	
2.265000	15.674553	1.082751	-0.005614	41.353426	0.331685	-799.967282	
2.266000	15.683009	1.188000	-0.005057	41.088336	0.358942	-799.971201	
2.267000	15.699922	0.839869	-0.003411	40.822371	0.323897	-799.974785	
2.268000	15.784486	0.839869	-0.000798	40.555615	0.144774	-799.978095	
2.269000	15.792943	0.677947	0.002585	40.288233	0.405670	-799.981233	
2.270000	15.678781	1.001790	0.006255	40.020271	0.417352	-799.984325	
2.271000	15.754889	0.953214	0.009589	39.751653	0.390094	-799.987507	
2.272000	15.759117	0.799388	0.012140	39.482313	0.160350	-799.990910	
2.273000	15.860594	0.815580	0.013948	39.212328	0.144774	-799.994641	
2.274000	15.860594	1.050367	0.015131	38.941855	0.362836	-799.998745	
2.275000	15.611130	0.937022	0.015364	38.670941	0.320003	-800.003212	
2.276000	15.687238	0.993694	0.014489	38.399519	0.312215	-800.007986	
2.277000	15.691466	0.718427	0.012967	38.127535	0.277169	-800.012977	
2.278000	15.843681	0.847965	0.011288	37.855068	0.175926	-800.018065	
2.279000	15.721063	0.920829	0.009665	37.582280	0.382306	-800.023113	
2.280000	15.564620	1.058463	0.008180	37.309224	0.487443	-800.027979	
2.281000	15.670325	1.155616	0.006812	37.035829	0.417352	-800.032544	
2.282000	15.687238	0.945118	0.005482	36.762034	0.343367	-800.036744	
2.283000	15.830997	0.815580	0.004172	36.487907	0.047425	-800.040574	
2.284000	15.699922	0.864157	0.002823	36.213593	0.409564	-800.044072	
2.285000	15.699922	0.912733	0.001231	35.939138	0.296639	-800.047308	
2.286000	15.678781	1.066559	-0.000733	35.664470	0.331685	-800.050395	
2.287000	15.737976	0.767004	-0.003020	35.389531	0.327791	-800.053481	
2.288000	15.843681	0.904637	-0.005525	35.114392	0.121410	-800.056713	
2.289000	15.788715	0.831773	-0.008223	34.839197	0.351155	-800.060217	
2.290000	15.725291	0.945118	-0.011135	34.563998	0.343367	-800.064068	
2.291000	15.644956	0.928926	-0.014358	34.288738	0.370624	-800.068287	
2.292000	15.628043	0.839869	-0.018211	34.013369	0.296639	-800.072850	
2.293000	15.691466	0.928926	-0.022621	33.737959	0.191502	-800.077695	
2.294000	15.742204	0.880349	-0.026994	33.462641	0.413458	-800.082717	
2.295000	15.737976	1.058463	-0.030870	33.187457	0.553641	-800.087778	
2.296000	15.653412	0.856061	-0.033878	32.912347	0.370624	-800.092733	
2.297000	15.687238	0.807484	-0.035729	32.637262	0.281063	-800.097459	
2.298000	15.767574	0.937022	-0.036441	32.362260	0.125304	-800.101871	
2.299000	15.924017	0.856061	-0.036078	32.087468	0.456292	-800.105932	
2.300000	15.750661	1.196096	-0.034438	31.812928	0.269381	-800.109651	0.000000
2.301000	15.729520	0.726523	-0.031260	31.538584	0.448504	-800.113078	
2.302000	15.708379	0.896541	-0.026566	31.264391	0.210972	-800.116309	
2.303000	15.678781	0.872253	-0.020811	30.990406	0.187608	-800.119480	
2.304000	15.759117	0.791292	-0.014902	30.716754	0.413458	-800.122726	
2.305000	15.636499	1.074655	-0.009775	30.443478	0.440716	-800.126169	
2.306000	15.716835	0.880349	-0.006004	30.170537	0.471868	-800.129903	
2.307000	15.750661	0.872253	-0.003830	29.897892	0.273275	-800.133983	
2.308000	15.708379	0.823676	-0.003412	29.625603	0.175926	-800.138419	
2.309000	15.699922	0.961310	-0.005321	29.353785	0.370624	-800.143175	
2.310000	15.737976	1.001790	-0.010366	29.082479	0.452398	-800.148175	
2.311000	15.746433	0.758908	-0.018394	28.811639	0.409564	-800.153307	
2.312000	15.750661	0.945118	-0.027964	28.541227	0.160350	-800.158445	
2.313000	15.780258	0.686043	-0.037371	28.271297	0.249911	-800.163465	
2.314000	15.737976	0.872253	-0.045406	28.001969	0.351155	-800.168260	
2.315000	15.594217	1.058463	-0.051482	27.733287	0.327791	-800.172750	
2.316000	15.695694	0.896541	-0.055892	27.465217	0.339473	-800.176901	
2.317000	15.750661	0.864157	-0.059630	27.197733	0.105834	-800.180728	
2.318000	15.788715	0.588890	-0.063185	26.930893	0.230441	-800.184291	
2.319000	15.737976	0.783196	-0.066045	26.664806	0.347261	-800.187691	
2.320000	15.687238	1.074655	-0.067571	26.399505	0.362836	-800.191053	
2.321000	15.691466	1.026079	-0.067564	26.134945	0.549747	-800.194506	
2.322000	15.695694	0.912733	-0.066129	25.871084	0.230441	-800.198173	
2.323000	15.852138	0.669851	-0.063535	25.607965	0.168138	-800.202151	
2.324000	15.754889	0.758908	-0.060212	25.345691	0.292745	-800.206487	
2.325000	15.759117	0.831773	-0.056578	25.084295	0.510807	-800.211175	
2.326000	15.657640	0.888445	-0.052838	24.823745	0.253805	-800.216165	
2.327000	15.695694	0.928926	-0.049177	24.564010	0.191502	-800.221371	
2.328000	15.814084	1.042271	-0.045674	24.305139	0.179820	-800.226674	
2.329000	15.754889	0.831773	-0.041997	24.047233	0.358942	-800.231939	
2.330000	15.708379	0.937022	-0.037755	23.790328	0.475762	-800.237030	
2.331000	15.564620	0.945118	-0.032834	23.534400	0.312215	-800.241837	
2.332000	15.695694	0.856061	-0.027317	23.279423	0.246017	-800.246298	
2.333000	15.780258	0.864157	-0.021610	23.025441	0.316109	-800.250406	
2.334000	15.742204	0.726523	-0.016327	22.772547	0.296639	-800.254195	
2.335000	15.784486	0.912733	-0.011674	22.520779	0.401776	-800.257735	
2.336000	15.750661	0.839869	-0.007488	22.270117	0.304427	-800.261139	
2.337000	15.611130	0.702235	-0.003792	22.020538	0.078577	-800.264553	
2.338000	15.763345	0.799388	-0.000743	21.772078	0.059107	-800.268122	
2.339000	15.814084	0.718427	0.001705	21.524821	0.374518	-800.271967	
2.340000	15.721063	0.920829	0.003769	21.278801	0.452398	-800.276160	
2.341000	15.691466	0.912733	0.005523	21.034010	0.397882	-800.280719	
2.342000	15.746433	0.831773	0.006800	20.790439	0.164244	-800.285623	
2.343000	15.699922	0.823676	0.007365	20.548124	0.172032	-800.290815	
2.344000	15.729520	0.775100	0.007151	20.307142	0.331685	-800.296183	
2.345000	15.666097	0.985598	0.006406	20.067527	0.417352	-800.301583	
2.346000	15.708379	0.807484	0.005553	19.829280	0.347261	-800.306869	
2.347000	15.670325	0.815580	0.005011	19.592399	0.133092	-800.311920	
2.348000	15.784486	0.799388	0.005054	19.356914	0.257699	-800.316654	
2.349000	15.788715	0.564602	0.005629	19.122892	0.234335	-800.321033	
2.350000	15.737976	1.026079	0.006695	18.890358	0.351155	-800.325059	
2.351000	15.750661	0.807484	0.008501	18.659316	0.207078	-800.328777	
2.352000	15.725291	0.507929	0.011171	18.429765	0.101940	-800.332285	
2.353000	15.818312	0.532217	0.014318	18.201734	0.172032	-800.335718	
2.354000	15.674553	0.847965	0.017116	17.975284	0.269381	-800.339218	
2.355000	15.619586	1.171808	0.018917	17.750447	0.448504	-800.342907	
2.356000	15.657640	0.961310	0.019706	17.527246	0.514701	-800.346878	
2.357000	15.725291	0.872253	0.019837	17.305693	0.129198	-800.351189	
2.358000	15.843681	0.661755	0.019525	17.085816	0.378412	-800.355852	
2.359000	15.615358	0.783196	0.018555	16.867664	0.261593	-800.360831	
2.360000	15.632271	1.017982	0.016556	16.651258	0.405670	-800.366046	
2.361000	15.708379	0.937022	0.013545	16.436613	0.362836	-800.371377	
2.362000	15.742204	0.920829	0.010095	16.223739	-0.003197	-800.376690	
2.363000	15.873279	0.653659	0.007146	16.012658	0.175926	-800.381866	
2.364000	15.725291	0.750812	0.005308	15.803414	0.281063	-800.386796	
2.365000	15.708379	0.937022	0.004432	15.596035	0.362836	-800.391403	
2.366000	15.615358	0.847965	0.004382	15.390552	0.308321	-800.395655	
2.367000	15.666097	0.864157	0.005387	15.186983	0.082471	-800.399568	
2.368000	15.873279	0.872253	0.007321	14.985347	0.183714	-800.403200	
2.369000	15.661868	0.831773	0.009667	14.785677	0.296639	-800.406651	
2.370000	15.687238	0.977502	0.011968	14.587998	0.436822	-800.410048	
2.371000	15.619586	1.001790	0.013875	14.392347	0.436822	-800.413524	
2.372000	15.691466	0.847965	0.015242	14.198751	0.242123	-800.417204	
2.373000	15.809856	0.856061	0.016095	14.007219	0.242123	-800.421183	
2.374000	15.847910	0.702235	0.016337	13.817775	0.417352	-800.425508	
2.375000	15.814084	1.098943	0.015849	13.630440	0.362836	-800.430171	
2.376000	15.691466	0.872253	0.014703	13.445262	0.234335	-800.435128	
2.377000	15.678781	1.026079	0.012999	13.262273	0.098047	-800.440290	
2.378000	15.780258	0.969406	0.010801	13.081483	0.199290	-800.445538	
2.379000	15.771802	0.726523	0.008321	12.902911	0.288851	-800.450727	
2.380000	15.661868	0.937022	0.005913	12.726582	0.366730	-800.455719	
2.381000	15.666097	0.864157	0.003755	12.552558	0.316109	-800.460404	
2.382000	15.589989	0.928926	0.001755	12.380888	0.238229	-800.464723	
2.383000	15.763345	1.042271	0.000173	12.211573	0.378412	-800.468668	
2.384000	15.776030	0.920829	0.000151	12.044613	0.320003	-800.472269	
2.385000	15.708379	1.115135	0.002783	11.880020	0.355048	-800.475585	
2.386000	15.712607	0.742716	0.007806	11.717850	0.393988	-800.478728	
2.387000	15.704150	0.637467	0.013937	11.558150	0.218760	-800.481843	
2.388000	15.805627	0.928926	0.019941	11.400915	0.242123	-800.485079	
2.389000	15.750661	0.928926	0.024939	11.246140	0.296639	-800.488555	
2.390000	15.708379	0.985598	0.028280	11.093836	0.207078	-800.492339	
2.391000	15.750661	0.928926	0.029519	10.944079	0.382306	-800.496450	
2.392000	15.699922	0.920829	0.028511	10.796929	0.164244	-800.500869	
2.393000	15.661868	0.807484	0.025280	10.652381	0.265487	-800.505541	
2.394000	15.640727	0.799388	0.020033	10.510420	0.351155	-800.510362	
2.395000	15.657640	1.074655	0.013474	10.371047	0.386200	-800.515190	
2.396000	15.678781	1.034175	0.006572	10.234324	0.246017	-800.519882	
2.397000	15.640727	0.856061	0.000125	10.100296	0.191502	-800.524316	
2.398000	15.805627	0.945118	-0.005306	9.968945	0.249911	-800.528414	
2.399000	15.699922	0.831773	-0.009571	9.840245	0.409564	-800.532140	
2.400000	15.708379	1.001790	-0.012775	9.714190	0.362836	-800.535498	0.000000
2.401000	15.750661	1.058463	-0.014845	9.590850	0.327791	-800.538535	
2.402000	15.742204	0.831773	-0.015853	9.470279	0.027955	-800.541344	
2.403000	15.805627	1.001790	-0.016328	9.352458	0.331685	-800.544064	
2.404000	15.716835	0.977502	-0.016833	9.237351	0.284957	-800.546840	
2.405000	15.628043	1.098943	-0.017618	9.124957	0.331685	-800.549794	
2.406000	15.611130	1.042271	-0.018751	9.015363	0.362836	-800.553016	
2.407000	15.632271	0.807484	-0.020311	8.908636	0.199290	-800.556558	
2.408000	15.801399	0.839869	-0.022393	8.804750	0.393988	-800.560423	
2.409000	15.737976	0.872253	-0.025024	8.703659	0.316109	-800.564579	
2.410000	15.632271	1.179904	-0.028129	8.605360	0.471868	-800.568950	
2.411000	15.644956	1.017982	-0.031422	8.509956	0.339473	-800.573421	
2.412000	15.721063	0.856061	-0.034368	8.417525	0.152562	-800.577863	
2.413000	15.784486	0.872253	-0.036446	8.328036	0.203184	-800.582150	
2.414000	15.822540	0.783196	-0.037407	8.241429	0.347261	-800.586176	
2.415000	15.674553	0.985598	-0.037305	8.157702	0.393988	-800.589866	
2.416000	15.589989	0.928926	-0.036560	8.076965	0.277169	-800.593196	
2.417000	15.712607	1.066559	-0.035637	7.999301	0.152562	-800.596183	
2.418000	15.695694	0.953214	-0.034406	7.924670	0.378412	-800.598882	
2.419000	15.763345	0.734620	-0.032383	7.853002	0.405670	-800.601387	
2.420000	15.632271	0.953214	-0.029446	7.784290	0.331685	-800.603822	
2.421000	15.623814	0.880349	-0.025932	7.718647	0.296639	-800.606319	
2.422000	15.657640	0.847965	-0.022281	7.656159	0.090259	-800.609002	
2.423000	15.733748	0.928926	-0.018778	7.596777	0.288851	-800.611964	
2.424000	15.847910	1.001790	-0.015798	7.540415	0.261593	-800.615246	
2.425000	15.763345	0.977502	-0.014180	7.487062	0.323897	-800.618843	
2.426000	15.602673	0.856061	-0.015065	7.436842	0.382306	-800.622709	
2.427000	15.657640	0.872253	-0.019206	7.389851	0.187608	-800.626763	
2.428000	15.695694	0.864157	-0.026026	7.346035	0.269381	-800.630890	
2.429000	15.771802	0.864157	-0.033718	7.305301	0.269381	-800.634953	
2.430000	15.695694	0.993694	-0.040492	7.267636	0.316109	-800.638818	
2.431000	15.602673	0.920829	-0.045180	7.233170	0.300533	-800.642374	
2.432000	15.628043	0.912733	-0.047192	7.201998	0.152562	-800.645563	
2.433000	15.771802	0.904637	-0.046443	7.174059	0.456292	-800.648377	
2.434000	15.763345	1.050367	-0.043100	7.149244	0.316109	-800.650845	
2.435000	15.674553	0.912733	-0.037466	7.127529	0.432928	-800.653025	
2.436000	15.653412	0.799388	-0.030119	7.109051	0.292745	-800.655025	
2.437000	15.771802	0.767004	-0.021974	7.093905	0.129198	-800.656993	
2.438000	15.784486	0.831773	-0.014070	7.082021	0.222654	-800.659079	
2.439000	15.716835	0.945118	-0.007197	7.073279	0.273275	-800.661406	
2.440000	15.691466	0.856061	-0.001795	7.067659	0.230441	-800.664047	
2.441000	15.539250	0.823676	0.002119	7.065304	0.351155	-800.667022	
2.442000	15.721063	0.775100	0.005117	7.066321	0.234335	-800.670312	
2.443000	15.721063	0.775100	0.007636	7.070634	0.405670	-800.673864	
2.444000	15.606902	0.945118	0.009503	7.078121	0.351155	-800.677573	
2.445000	15.573076	1.009886	0.010749	7.088755	0.596475	-800.681295	
2.446000	15.539250	0.969406	0.011848	7.102671	0.467974	-800.684884	
2.447000	15.712607	0.775100	0.013016	7.119961	0.125304	-800.688214	
2.448000	15.767574	0.710331	0.014242	7.140534	0.304427	-800.691198	
2.449000	15.729520	0.661755	0.015878	7.164255	0.300533	-800.693794	
2.450000	15.695694	1.188000	0.018550	7.191097	0.362836	-800.696004	
2.451000	15.598445	0.961310	0.022430	7.221205	0.351155	-800.697871	
2.452000	15.716835	0.896541	0.026867	7.254680	0.242123	-800.699489	
2.453000	15.742204	0.985598	0.030805	7.291433	0.409564	-800.700995	
2.454000	15.780258	0.686043	0.033420	7.331324	0.183714	-800.702539	
2.455000	15.712607	0.920829	0.034319	7.374331	0.331685	-800.704254	
2.456000	15.442002	0.928926	0.033433	7.420614	0.401776	-800.706237	
2.457000	15.691466	0.831773	0.031001	7.470280	0.191502	-800.708542	
2.458000	15.776030	1.050367	0.027562	7.523227	0.374518	-800.711168	
2.459000	15.780258	0.499833	0.023870	7.579296	0.327791	-800.714075	
2.460000	15.683009	0.880349	0.020548	7.638455	0.413458	-800.717183	
2.461000	15.556163	0.775100	0.017741	7.700861	0.378412	-800.720372	
2.462000	15.674553	0.920829	0.015456	7.766612	0.253805	-800.723505	
2.463000	15.788715	0.734620	0.013800	7.835595	0.386200	-800.726447	
2.464000	15.805627	0.928926	0.012735	7.907642	0.261593	-800.729077	
2.465000	15.691466	0.896541	0.012126	7.982729	0.335579	-800.731317	
2.466000	15.547707	0.767004	0.011906	8.061021	0.320003	-800.733143	
2.467000	15.704150	0.831773	0.012043	8.142622	0.234335	-800.734582	
2.468000	15.805627	0.677947	0.012550	8.227411	0.339473	-800.735693	
2.469000	15.830997	0.807484	0.013379	8.315219	0.355048	-800.736577	
2.470000	15.539250	0.872253	0.014231	8.406021	0.444610	-800.737359	
2.471000	15.530794	0.872253	0.014621	8.499991	0.401776	-800.738174	
2.472000	15.674553	0.937022	0.014177	8.597232	0.207078	-800.739147	
2.473000	15.712607	0.831773	0.012726	8.697613	0.393988	-800.740370	
2.474000	15.704150	0.928926	0.010177	8.800949	0.432928	-800.741878	
2.475000	15.797171	0.734620	0.006571	8.907210	0.281063	-800.743658	
2.476000	15.509653	0.807484	0.002120	9.016570	0.265487	-800.745658	
2.477000	15.746433	0.637467	-0.002806	9.129131	0.152562	-800.747794	
2.478000	15.678781	0.856061	-0.007724	9.244758	0.261593	-800.749951	
2.479000	15.644956	0.831773	-0.012110	9.363265	0.257699	-800.751996	
2.480000	15.691466	0.969406	-0.015563	9.484630	0.390094	-800.753793	
2.481000	15.446230	0.880349	-0.017999	9.609039	0.339473	-800.755232	
2.482000	15.712607	0.775100	-0.019576	9.736596	0.175926	-800.756251	
2.483000	15.623814	0.815580	-0.020385	9.867157	0.362836	-800.756846	
2.484000	15.683009	0.896541	-0.020131	10.000528	0.304427	-800.757049	
2.485000	15.666097	1.034175	-0.018387	10.136673	0.495231	-800.756922	
2.486000	15.458914	1.017982	-0.015268	10.275771	0.464080	-800.756573	
2.487000	15.699922	0.920829	-0.011508	10.417914	0.203184	-800.756142	
2.488000	15.792943	0.742716	-0.007924	10.562950	0.382306	-800.755776	
2.489000	15.742204	0.742716	-0.005035	10.710674	0.343367	-800.755600	
2.490000	15.678781	0.896541	-0.003101	10.861067	0.284957	-800.755688	
2.491000	15.420861	0.993694	-0.002233	11.014317	0.234335	-800.756060	
2.492000	15.699922	0.540314	-0.002413	11.170523	0.172032	-800.756695	
2.493000	15.776030	0.823676	-0.003480	11.329525	0.421246	-800.757540	
2.494000	15.712607	1.017982	-0.005120	11.491122	0.222654	-800.758490	
2.495000	15.615358	0.880349	-0.006880	11.655305	0.460186	-800.759405	
2.496000	15.391263	0.856061	-0.008338	11.822282	0.351155	-800.760142	
2.497000	15.712607	0.945118	-0.009331	11.992147	0.222654	-800.760576	
2.498000	15.733748	0.904637	-0.009855	12.164728	0.456292	-800.760620	
2.499000	15.784486	0.677947	-0.009880	12.339808	0.300533	-800.760235	
2.500000	15.691466	0.767004	-0.009353	12.517375	0.308321	-800.759431	0.000000
2.501000	15.442002	1.026079	-0.008089	12.697628	0.269381	-800.758260	
2.502000	15.754889	0.864157	-0.005755	12.880656	0.210972	-800.756821	
2.503000	15.691466	0.775100	-0.002336	13.066281	0.436822	-800.755246	
2.504000	15.801399	0.686043	0.001600	13.254285	0.269381	-800.753678	
2.505000	15.674553	0.904637	0.005281	13.444668	0.300533	-800.752246	
2.506000	15.488512	0.872253	0.008208	13.637647	0.331685	-800.751051	
2.507000	15.623814	0.953214	0.010216	13.833312	0.331685	-800.750148	
2.508000	15.666097	0.985598	0.011030	14.031474	0.471868	-800.749540	
2.509000	15.699922	0.937022	0.009960	14.231910	0.335579	-800.749185	
2.510000	15.733748	0.856061	0.006408	14.434614	0.362836	-800.749003	
2.511000	15.560391	0.783196	0.000549	14.639797	0.440716	-800.748883	
2.512000	15.644956	0.888445	-0.006630	14.847544	0.304427	-800.748693	
2.513000	15.725291	0.839869	-0.013991	15.057653	0.432928	-800.748305	
2.514000	15.716835	0.937022	-0.020745	15.269890	0.347261	-800.747608	
2.515000	15.750661	0.823676	-0.026321	15.484254	0.284957	-800.746524	
2.516000	15.535022	0.564602	-0.030279	15.700966	0.269381	-800.745035	
2.517000	15.670325	0.912733	-0.032482	15.920110	0.370624	-800.743167	
2.518000	15.737976	0.823676	-0.033127	16.141486	0.417352	-800.740989	
2.519000	15.644956	1.058463	-0.032392	16.364859	0.331685	-800.738599	
2.520000	15.708379	0.961310	-0.030291	16.590225	0.405670	-800.736124	
2.521000	15.463143	0.847965	-0.027108	16.817797	0.386200	-800.733696	
2.522000	15.733748	0.726523	-0.023434	17.047649	0.316109	-800.731441	
2.523000	15.759117	0.847965	-0.019747	17.279569	0.312215	-800.729457	
2.524000	15.687238	0.888445	-0.016345	17.513322	0.320003	-800.727780	
2.525000	15.585761	0.799388	-0.013510	17.748917	0.397882	-800.726397	
2.526000	15.480055	0.815580	-0.011344	17.986585	0.320003	-800.725255	
2.527000	15.797171	0.799388	-0.009577	18.226396	0.304427	-800.724270	
2.528000	15.860594	0.847965	-0.007849	18.468131	0.417352	-800.723330	
2.529000	15.704150	0.758908	-0.005921	18.711554	0.218760	-800.722305	
2.530000	15.628043	0.791292	-0.003651	18.956684	0.335579	-800.721060	
2.531000	15.522337	0.758908	-0.000932	19.203751	0.401776	-800.719486	
2.532000	15.712607	0.961310	0.002302	19.452826	0.288851	-800.717521	
2.533000	15.746433	1.066559	0.005916	19.703689	0.401776	-800.715157	
2.534000	15.683009	0.912733	0.009864	19.956099	0.312215	-800.712428	
2.535000	15.573076	1.009886	0.014547	20.210072	0.316109	-800.709396	
2.536000	15.501196	1.026079	0.019954	20.465838	0.273275	-800.706169	
2.537000	15.632271	0.775100	0.025085	20.723458	0.351155	-800.702887	
2.538000	15.763345	0.742716	0.028835	20.982696	0.378412	-800.699699	
2.539000	15.852138	0.661755	0.030596	21.243308	0.253805	-800.696733	
2.540000	15.666097	0.888445	0.030164	21.505315	0.440716	-800.694073	
2.541000	15.505425	1.042271	0.027576	21.768952	0.300533	-800.691743	
2.542000	15.721063	0.953214	0.023170	22.034280	0.234335	-800.689727	
2.543000	15.767574	0.718427	0.017977	22.301061	0.226548	-800.687969	
2.544000	15.763345	0.564602	0.013077	22.569054	0.230441	-800.686366	
2.545000	15.581532	0.791292	0.008844	22.838290	0.401776	-800.684778	
2.546000	15.535022	0.831773	0.005527	23.109006	0.320003	-800.683063	
2.547000	15.640727	0.831773	0.003610	23.381254	0.355048	-800.681093	
2.548000	15.754889	0.904637	0.003376	23.654782	0.370624	-800.678774	
2.549000	15.788715	0.969406	0.004588	23.929341	0.257699	-800.676062	
2.550000	15.674553	0.791292	0.006727	24.204957	0.249911	-800.672964	
2.551000	15.640727	0.491737	0.009332	24.481870	0.222654	-800.669529	
2.552000	15.678781	0.856061	0.012058	24.760124	0.409564	-800.665855	
2.553000	15.818312	0.669851	0.014699	25.039463	0.339473	-800.662075	
2.554000	15.704150	0.937022	0.017042	25.319640	0.242123	-800.658332	
2.555000	15.683009	0.880349	0.018752	25.600692	0.417352	-800.654758	
2.556000	15.619586	0.896541	0.019568	25.882865	0.300533	-800.651461	
2.557000	15.678781	0.831773	0.019489	26.166204	0.393988	-800.648501	
2.558000	15.657640	0.953214	0.018825	26.450457	0.382306	-800.645881	
2.559000	15.649184	0.807484	0.018098	26.735376	0.269381	-800.643554	
2.560000	15.611130	0.880349	0.017493	27.021006	0.199290	-800.641438	
2.561000	15.615358	1.115135	0.016762	27.307594	0.316109	-800.639412	
2.562000	15.699922	0.661755	0.015831	27.595179	0.456292	-800.637343	
2.563000	15.670325	0.839869	0.014818	27.883496	0.331685	-800.635101	
2.564000	15.721063	0.718427	0.013865	28.172290	0.288851	-800.632573	
2.565000	15.649184	0.977502	0.013304	28.461607	0.366730	-800.629681	
2.566000	15.661868	0.807484	0.013383	28.751694	0.382306	-800.626403	
2.567000	15.704150	0.775100	0.013933	29.042593	0.339473	-800.622763	
2.568000	15.712607	0.839869	0.014524	29.334038	0.343367	-800.618827	
2.569000	15.712607	1.001790	0.014943	29.625781	0.304427	-800.614690	
2.570000	15.480055	1.074655	0.015319	29.917874	0.261593	-800.610477	
2.571000	15.628043	0.823676	0.015598	30.210570	0.320003	-800.606314	
2.572000	15.687238	0.815580	0.015402	30.503905	0.296639	-800.602325	
2.573000	15.729520	0.750812	0.014364	30.797608	0.397882	-800.598601	
2.574000	15.725291	0.767004	0.012207	31.091428	0.362836	-800.595181	
2.575000	15.484284	0.953214	0.008657	31.385419	0.273275	-800.592051	
2.576000	15.640727	0.920829	0.003178	31.679824	0.362836	-800.589159	
2.577000	15.729520	0.758908	-0.004870	31.974663	0.308321	-800.586417	
2.578000	15.767574	0.637467	-0.015190	32.269656	0.335579	-800.583709	
2.579000	15.763345	0.637467	-0.026358	32.564555	0.234335	-800.580905	
2.580000	15.484284	0.880349	-0.036849	32.859422	0.327791	-800.577879	
2.581000	15.666097	0.896541	-0.045633	33.154507	0.300533	-800.574526	
2.582000	15.699922	0.920829	-0.052098	33.449831	0.312215	-800.570786	
2.583000	15.746433	0.815580	-0.055508	33.745118	0.436822	-800.566650	
2.584000	15.678781	0.742716	-0.054848	34.040122	0.393988	-800.562148	
2.585000	15.454686	0.807484	-0.050019	34.334913	0.327791	-800.557342	
2.586000	15.666097	0.937022	-0.042302	34.629740	0.393988	-800.552338	
2.587000	15.674553	0.856061	-0.033272	34.924616	0.355048	-800.547273	
2.588000	15.733748	0.791292	-0.024139	35.219256	0.460186	-800.542288	
2.589000	15.737976	0.742716	-0.015708	35.513409	0.249911	-800.537506	
2.590000	15.564620	0.864157	-0.008552	35.807146	0.370624	-800.533006	
2.591000	15.721063	0.734620	-0.003184	36.100721	0.417352	-800.528816	
2.592000	15.589989	0.694139	8.142132E-5	36.394157	0.323897	-800.524918	
2.593000	15.725291	0.872253	0.001317	36.687173	0.444610	-800.521256	
2.594000	15.649184	0.953214	0.000838	36.979525	0.292745	-800.517732	
2.595000	15.446230	0.896541	-0.000993	37.271291	0.292745	-800.514213	
2.596000	15.661868	0.953214	-0.003693	37.562732	0.246017	-800.510560	
2.597000	15.611130	0.847965	-0.006714	37.853869	0.351155	-800.506646	
2.598000	15.683009	0.839869	-0.009842	38.144419	0.440716	-800.502378	
2.599000	15.699922	0.969406	-0.013252	38.434131	0.300533	-800.497706	
2.600000	15.530794	0.799388	-0.016862	38.723076	0.304427	-800.492634	0.000000
2.601000	15.809856	0.896541	-0.019890	39.011503	0.246017	-800.487211	
2.602000	15.712607	0.928926	-0.021386	39.299419	0.335579	-800.481534	
2.603000	15.666097	0.807484	-0.021125	39.586533	0.452398	-800.475737	
2.604000	15.780258	0.847965	-0.019678	39.872601	0.284957	-800.469966	
2.605000	15.526566	0.799388	-0.017780	40.157700	0.281063	-800.464352	
2.606000	15.759117	0.767004	-0.015954	40.442084	0.401776	-800.459004	
2.607000	15.708379	0.831773	-0.014511	40.725764	0.417352	-800.453984	
2.608000	15.598445	0.847965	-0.013614	41.008455	0.421246	-800.449299	
2.609000	15.657640	0.767004	-0.013514	41.289919	0.304427	-800.444907	
2.610000	15.403948	1.017982	-0.014660	41.570231	0.358942	-800.440725	
2.611000	15.826768	0.750812	-0.017223	41.849640	0.327791	-800.436631	
2.612000	15.801399	0.758908	-0.020707	42.128149	0.444610	-800.432486	
2.613000	15.683009	0.726523	-0.024398	42.405469	0.421246	-800.428157	
2.614000	15.699922	0.880349	-0.027894	42.681361	0.253805	-800.423531	
2.615000	15.484284	0.880349	-0.031046	42.955900	0.366730	-800.418532	
2.616000	15.881735	0.937022	-0.033817	43.229337	0.316109	-800.413137	
2.617000	15.657640	0.872253	-0.036394	43.501674	0.281063	-800.407376	
2.618000	15.788715	0.726523	-0.039075	43.772631	0.331685	-800.401320	
2.619000	15.699922	0.742716	-0.041667	44.041973	0.269381	-800.395079	
2.620000	15.501196	0.815580	-0.043537	44.309787	0.440716	-800.388789	
2.621000	15.797171	0.896541	-0.044351	44.576318	0.261593	-800.382586	
2.622000	15.699922	0.847965	-0.044204	44.841562	0.464080	-800.376591	
2.623000	15.721063	0.791292	-0.043379	45.105236	0.569217	-800.370897	
2.624000	15.708379	0.880349	-0.042424	45.367102	0.390094	-800.365544	
2.625000	15.551935	0.993694	-0.041964	45.627240	0.362836	-800.360522	
2.626000	15.763345	0.856061	-0.041965	45.885894	0.281063	-800.355780	
2.627000	15.666097	0.815580	-0.041796	46.143057	0.288851	-800.351232	
2.628000	15.699922	0.791292	-0.040907	46.398447	0.210972	-800.346759	
2.629000	15.742204	0.807484	-0.038965	46.651833	0.199290	-800.342231	
2.630000	15.513881	0.750812	-0.035769	46.903300	0.355048	-800.337525	
2.631000	15.788715	0.856061	-0.031268	47.153095	0.284957	-800.332541	
2.632000	15.708379	0.758908	-0.025699	47.401219	0.265487	-800.327223	
2.633000	15.801399	0.596986	-0.019408	47.647395	0.483549	-800.321565	
2.634000	15.737976	0.888445	-0.012744	47.891397	0.269381	-800.315599	
2.635000	15.492740	0.767004	-0.006436	48.133313	0.284957	-800.309394	
2.636000	15.898648	0.945118	-0.001200	48.373391	0.401776	-800.303059	
2.637000	15.687238	1.050367	0.002740	48.611628	0.499125	-800.296732	
2.638000	15.678781	0.912733	0.005361	48.847742	0.448504	-800.290551	
2.639000	15.759117	0.815580	0.006759	49.081504	0.288851	-800.284637	
2.640000	15.602673	0.710331	0.007237	49.312997	0.308321	-800.279068	
2.641000	15.822540	0.702235	0.007199	49.542466	0.288851	-800.273872	
2.642000	15.708379	0.872253	0.006510	49.769912	0.351155	-800.269032	
2.643000	15.670325	0.864157	0.004055	49.995065	0.378412	-800.264490	
2.644000	15.733748	0.823676	-0.000819	50.217705	0.230441	-800.260147	
2.645000	15.530794	1.098943	-0.007263	50.437922	0.292745	-800.255867	
2.646000	15.843681	0.702235	-0.013971	50.655962	0.288851	-800.251515	
2.647000	15.657640	0.872253	-0.019963	50.871831	0.378412	-800.246965	
2.648000	15.589989	0.831773	-0.024626	51.085264	0.479655	-800.242122	
2.649000	15.733748	0.839869	-0.027762	51.296042	0.351155	-800.236939	
2.650000	15.543479	0.920829	-0.029557	51.504252	0.351155	-800.231412	
2.651000	15.797171	0.815580	-0.030479	51.710131	0.308321	-800.225584	
2.652000	15.695694	0.888445	-0.030752	51.913680	0.347261	-800.219550	
2.653000	15.716835	0.872253	-0.030191	52.114635	0.316109	-800.213444	
2.654000	15.737976	0.694139	-0.028775	52.312781	0.249911	-800.207406	
2.655000	15.535022	0.823676	-0.026824	52.508206	0.214866	-800.201569	
2.656000	15.877507	0.856061	-0.024712	52.701152	0.195396	-800.196042	
2.657000	15.716835	0.831773	-0.022745	52.891625	0.425140	-800.190886	
2.658000	15.733748	0.758908	-0.021184	53.079372	0.429034	-800.186110	
2.659000	15.611130	0.726523	-0.020092	53.264188	0.343367	-800.181672	
2.660000	15.463143	0.799388	-0.019188	53.446169	0.378412	-800.177490	
2.661000	15.805627	0.823676	-0.018148	53.625556	0.378412	-800.173442	
2.662000	15.716835	0.807484	-0.016776	53.802354	0.429034	-800.169384	
2.663000	15.733748	0.864157	-0.014906	53.976311	0.409564	-800.165180	
2.664000	15.661868	0.904637	-0.012626	54.147222	0.323897	-800.160716	
2.665000	15.560391	0.799388	-0.010289	54.315171	0.413458	-800.155917	
2.666000	15.911333	0.823676	-0.007981	54.480393	0.308321	-800.150761	
2.667000	15.759117	0.775100	-0.005179	54.642894	0.284957	-800.145271	
2.668000	15.767574	0.783196	-0.000984	54.802432	0.316109	-800.139514	
2.669000	15.784486	0.815580	0.004913	54.958812	0.288851	-800.133600	
2.670000	15.556163	0.920829	0.011751	55.112130	0.288851	-800.127669	
2.671000	15.801399	1.009886	0.018514	55.262624	0.246017	-800.121858	
2.672000	15.716835	0.928926	0.024674	55.410306	0.405670	-800.116291	
2.673000	15.678781	0.775100	0.030145	55.554940	0.382306	-800.111056	
2.674000	15.725291	0.613178	0.034912	55.696333	0.327791	-800.106191	
2.675000	15.581532	0.945118	0.038783	55.834581	0.331685	-800.101684	
2.676000	15.750661	0.823676	0.041447	55.969915	0.491337	-800.097480	
2.677000	15.628043	0.920829	0.042760	56.102345	0.452398	-800.093485	
2.678000	15.721063	0.856061	0.042776	56.231634	0.374518	-800.089574	
2.679000	15.767574	0.767004	0.041591	56.357591	0.296639	-800.085613	
2.680000	15.589989	0.767004	0.039369	56.480311	0.277169	-800.081478	
2.681000	15.843681	0.791292	0.036202	56.600028	0.335579	-800.077071	
2.682000	15.683009	0.807484	0.032027	56.716754	0.277169	-800.072334	
2.683000	15.729520	0.904637	0.026648	56.830264	0.448504	-800.067260	
2.684000	15.721063	0.783196	0.020022	56.940375	0.320003	-800.061879	
2.685000	15.636499	0.912733	0.012998	57.047186	0.281063	-800.056262	
2.686000	15.767574	0.977502	0.006737	57.150930	0.351155	-800.050525	
2.687000	15.619586	0.864157	0.001508	57.251618	0.456292	-800.044806	
2.688000	15.704150	0.880349	-0.003003	57.349023	0.483549	-800.039244	
2.689000	15.721063	0.880349	-0.007094	57.442958	0.242123	-800.033952	
2.690000	15.611130	0.888445	-0.010954	57.533515	0.242123	-800.029007	
2.691000	15.885963	0.831773	-0.014538	57.620919	0.347261	-800.024436	
2.692000	15.666097	0.977502	-0.017610	57.705182	0.355048	-800.020227	
2.693000	15.699922	1.026079	-0.020063	57.786085	0.320003	-800.016325	
2.694000	15.661868	1.001790	-0.022143	57.863454	0.284957	-800.012629	
2.695000	15.568848	0.831773	-0.024139	57.937382	0.292745	-800.009007	
2.696000	15.852138	0.791292	-0.025971	58.008093	0.339473	-800.005324	
2.697000	15.653412	0.815580	-0.027379	58.075603	0.425140	-800.001458	
2.698000	15.670325	1.017982	-0.028253	58.139701	0.444610	-799.997319	
2.699000	15.666097	0.912733	-0.028596	58.200223	0.393988	-799.992858	
2.700000	15.729520	1.026079	-0.028399	58.257260	0.300533	-799.988076	0.000000
2.701000	15.830997	0.896541	-0.027859	58.311035	0.471868	-799.983019	
2.702000	15.708379	0.564602	-0.027667	58.361568	0.382306	-799.977780	
2.703000	15.763345	0.937022	-0.028382	58.408655	0.456292	-799.972495	
2.704000	15.704150	0.912733	-0.029967	58.452132	0.277169	-799.967310	
2.705000	15.742204	1.050367	-0.032189	58.492093	0.218760	-799.962361	
2.706000	15.822540	0.920829	-0.034790	58.528763	0.230441	-799.957756	
2.707000	15.737976	0.856061	-0.037574	58.562171	0.331685	-799.953557	
2.708000	15.636499	0.847965	-0.040431	58.592126	0.393988	-799.949774	
2.709000	15.623814	0.985598	-0.042955	58.618477	0.339473	-799.946370	
2.710000	15.678781	0.969406	-0.044496	58.641322	0.218760	-799.943271	
2.711000	15.780258	0.864157	-0.044786	58.660879	0.421246	-799.940358	
2.712000	15.632271	0.953214	-0.044022	58.677170	0.393988	-799.937486	
2.713000	15.712607	0.961310	-0.042460	58.690004	0.405670	-799.934513	
2.714000	15.716835	0.823676	-0.040185	58.699229	0.323897	-799.931325	
2.715000	15.623814	0.920829	-0.037204	58.704941	0.187608	-799.927848	
2.716000	15.780258	0.734620	-0.033989	58.707355	0.347261	-799.924060	
2.717000	15.721063	0.945118	-0.031722	58.706495	0.425140	-799.919982	
2.718000	15.784486	0.937022	-0.031310	58.702175	0.300533	-799.915677	
2.719000	15.704150	0.864157	-0.032477	58.694252	0.284957	-799.911255	
2.720000	15.737976	0.710331	-0.034344	58.682829	0.308321	-799.906858	
2.721000	15.830997	0.839869	-0.036369	58.668125	0.281063	-799.902629	
2.722000	15.619586	0.928926	-0.038390	58.650168	0.479655	-799.898689	
2.723000	15.737976	0.880349	-0.040332	58.628784	0.401776	-799.895120	
2.724000	15.661868	0.953214	-0.042087	58.603834	0.296639	-799.891959	
2.725000	15.826768	0.750812	-0.043690	58.575420	0.242123	-799.889200	
2.726000	15.805627	0.993694	-0.045362	58.543755	0.269381	-799.886796	
2.727000	15.594217	1.066559	-0.047134	58.508867	0.382306	-799.884654	
2.728000	15.666097	0.969406	-0.048759	58.470586	0.355048	-799.882648	
2.729000	15.737976	0.791292	-0.049852	58.428773	0.253805	-799.880642	
2.730000	15.830997	0.742716	-0.049958	58.383527	0.187608	-799.878514	
2.731000	15.826768	0.799388	-0.048865	58.335059	0.362836	-799.876169	
2.732000	15.670325	0.856061	-0.046749	58.283405	0.390094	-799.873552	
2.733000	15.657640	1.147520	-0.043946	58.228400	0.261593	-799.870657	
2.734000	15.628043	0.945118	-0.040897	58.169916	0.148668	-799.867516	
2.735000	15.818312	0.856061	-0.037918	58.108054	0.265487	-799.864199	
2.736000	15.805627	0.799388	-0.034960	58.043032	0.312215	-799.860819	
2.737000	15.687238	0.718427	-0.032014	57.974892	0.343367	-799.857517	
2.738000	15.691466	1.074655	-0.029293	57.903478	0.534171	-799.854430	
2.739000	15.653412	0.953214	-0.026911	57.828663	0.339473	-799.851675	
2.740000	15.776030	0.912733	-0.024871	57.750542	0.117516	-799.849331	
2.741000	15.843681	0.661755	-0.023185	57.669323	0.331685	-799.847426	
2.742000	15.746433	0.726523	-0.021406	57.585042	0.499125	-799.845945	
2.743000	15.657640	0.977502	-0.018483	57.497544	0.331685	-799.844830	
2.744000	15.644956	0.596986	-0.013916	57.406708	0.230441	-799.843980	
2.745000	15.750661	0.799388	-0.008161	57.312633	0.218760	-799.843264	
2.746000	15.822540	0.856061	-0.001793	57.215525	0.304427	-799.842544	
2.747000	15.725291	0.856061	0.004555	57.115427	0.304427	-799.841690	
2.748000	15.666097	1.074655	0.010130	57.012197	0.417352	-799.840609	
2.749000	15.640727	0.742716	0.014548	56.905724	0.358942	-799.839254	
2.750000	15.742204	0.815580	0.018175	56.796108	0.207078	-799.837630	
2.751000	15.847910	1.001790	0.022200	56.683550	0.210972	-799.835778	
2.752000	15.708379	0.872253	0.027488	56.568085	0.429034	-799.833781	
2.753000	15.691466	1.066559	0.033496	56.449573	0.413458	-799.831770	
2.754000	15.742204	0.710331	0.039010	56.327908	0.343367	-799.829893	
2.755000	15.784486	0.912733	0.043184	56.203187	0.242123	-799.828298	
2.756000	15.818312	0.791292	0.045702	56.075612	0.214866	-799.827097	
2.757000	15.657640	0.823676	0.046478	55.945227	0.323897	-799.826349	
2.758000	15.767574	1.131328	0.045718	55.811897	0.172032	-799.826056	
2.759000	15.805627	0.742716	0.044074	55.675524	0.378412	-799.826181	
2.760000	15.780258	0.791292	0.042109	55.536211	0.281063	-799.826651	
2.761000	15.691466	0.880349	0.040043	55.394165	0.288851	-799.827348	
2.762000	15.564620	0.912733	0.038132	55.249432	0.390094	-799.828125	
2.763000	15.729520	0.993694	0.036682	55.101884	0.374518	-799.828831	
2.764000	15.742204	0.807484	0.035749	54.951417	0.382306	-799.829344	
2.765000	15.839453	0.710331	0.035000	54.798130	0.304427	-799.829589	
2.766000	15.767574	1.001790	0.033910	54.642227	0.308321	-799.829544	
2.767000	15.699922	0.791292	0.031918	54.483756	0.238229	-799.829227	
2.768000	15.742204	1.098943	0.028480	54.322590	0.390094	-799.828692	
2.769000	15.767574	0.750812	0.023606	54.158632	0.234335	-799.828040	
2.770000	15.898648	0.588890	0.018058	53.991984	0.035743	-799.827415	
2.771000	15.830997	0.767004	0.012665	53.822849	0.281063	-799.826964	
2.772000	15.708379	0.750812	0.007969	53.651278	0.467974	-799.826812	
2.773000	15.636499	1.171808	0.004349	53.477156	0.460186	-799.827043	
2.774000	15.678781	0.977502	0.002145	53.300392	0.304427	-799.827688	
2.775000	15.776030	0.937022	0.001687	53.121083	0.160350	-799.828736	
2.776000	15.801399	0.920829	0.002971	52.939424	0.421246	-799.830132	
2.777000	15.611130	0.767004	0.005536	52.755463	0.491337	-799.831783	
2.778000	15.632271	1.115135	0.008802	52.569086	0.347261	-799.833560	
2.779000	15.687238	0.815580	0.012307	52.380201	0.230441	-799.835325	
2.780000	15.873279	0.815580	0.015762	52.188901	0.140880	-799.836950	
2.781000	15.869051	0.758908	0.019039	51.995379	0.366730	-799.838339	
2.782000	15.687238	0.937022	0.022116	51.799686	0.382306	-799.839435	
2.783000	15.754889	0.888445	0.024844	51.601714	0.343367	-799.840233	
2.784000	15.716835	0.807484	0.027186	51.401377	0.316109	-799.840770	
2.785000	15.814084	0.872253	0.029631	51.198767	0.113622	-799.841116	
2.786000	15.902876	0.864157	0.032482	50.994079	0.292745	-799.841379	
2.787000	15.678781	0.961310	0.035210	50.787367	0.479655	-799.841689	
2.788000	15.695694	0.961310	0.036972	50.578536	0.510807	-799.842177	
2.789000	15.729520	0.880349	0.037182	50.367507	0.351155	-799.842957	
2.790000	15.746433	0.937022	0.035699	50.154372	0.144774	-799.844102	
2.791000	15.869051	0.758908	0.032807	49.939318	0.308321	-799.845636	
2.792000	15.750661	0.734620	0.028728	49.722398	0.390094	-799.847533	
2.793000	15.797171	0.920829	0.023155	49.503512	0.366730	-799.849737	
2.794000	15.716835	0.872253	0.016043	49.282585	0.249911	-799.852158	
2.795000	15.788715	0.694139	0.008431	49.059712	0.175926	-799.854674	
2.796000	15.797171	0.961310	0.001583	48.835084	0.312215	-799.857154	
2.797000	15.708379	1.001790	-0.003923	48.608757	0.432928	-799.859472	
2.798000	15.725291	0.969406	-0.008046	48.380639	0.460186	-799.861535	
2.799000	15.683009	0.815580	-0.010804	48.150658	0.218760	-799.863300	
2.800000	15.742204	0.904637	-0.011886	47.918908	0.101940	-799.864778	0.000000
2.801000	15.759117	1.179904	-0.011151	47.685569	0.343367	-799.866013	
2.802000	15.699922	1.001790	-0.009232	47.450691	0.382306	-799.867086	
2.803000	15.691466	0.920829	-0.006986	47.214177	0.351155	-799.868115	
2.804000	15.725291	0.815580	-0.005003	46.975953	0.269381	-799.869240	
2.805000	15.894420	0.758908	-0.003651	46.736109	0.203184	-799.870605	
2.806000	15.771802	0.864157	-0.003059	46.494822	0.382306	-799.872324	
2.807000	15.704150	0.864157	-0.003222	46.252142	0.269381	-799.874453	
2.808000	15.754889	1.171808	-0.004566	46.007981	0.253805	-799.876994	
2.809000	15.809856	0.831773	-0.008051	45.762268	0.187608	-799.879911	
2.810000	15.839453	0.758908	-0.013920	45.515095	0.105834	-799.883136	
2.811000	15.721063	0.710331	-0.021163	45.266638	0.351155	-799.886555	
2.812000	15.737976	0.920829	-0.028464	45.016944	0.491337	-799.890020	
2.813000	15.602673	1.098943	-0.034793	44.765924	0.460186	-799.893381	
2.814000	15.725291	0.864157	-0.039639	44.513505	0.495231	-799.896512	
2.815000	15.835225	1.058463	-0.043019	44.259772	0.027955	-799.899338	
2.816000	15.699922	0.896541	-0.044649	44.004895	0.246017	-799.901838	
2.817000	15.644956	0.645563	-0.043541	43.748923	0.370624	-799.904032	
2.818000	15.666097	1.131328	-0.039101	43.491771	0.456292	-799.905980	
2.819000	15.691466	0.888445	-0.031927	43.233371	0.277169	-799.907791	
2.820000	15.814084	0.831773	-0.023417	42.973807	0.047425	-799.909610	
2.821000	15.852138	0.694139	-0.015184	42.713246	0.234335	-799.911588	
2.822000	15.725291	0.912733	-0.008509	42.451744	0.397882	-799.913852	
2.823000	15.619586	1.131328	-0.003968	42.189224	0.370624	-799.916493	
2.824000	15.750661	0.945118	-0.001571	41.925625	0.191502	-799.919547	
2.825000	15.818312	0.912733	-0.001126	41.661029	0.168138	-799.923005	
2.826000	15.763345	0.767004	-0.002515	41.395600	0.386200	-799.926814	
2.827000	15.649184	0.912733	-0.005787	41.129393	0.467974	-799.930877	
2.828000	15.691466	0.775100	-0.010867	40.862327	0.460186	-799.935063	
2.829000	15.687238	0.985598	-0.017256	40.594337	0.362836	-799.939231	
2.830000	15.814084	0.807484	-0.024150	40.325496	0.238229	-799.943257	
2.831000	15.843681	0.783196	-0.030751	40.055962	0.331685	-799.947038	
2.832000	15.742204	0.953214	-0.036462	39.785784	0.390094	-799.950517	
2.833000	15.746433	0.710331	-0.040884	39.514891	0.366730	-799.953691	
2.834000	15.594217	0.872253	-0.043908	39.243223	0.249911	-799.956601	
2.835000	15.822540	0.839869	-0.045744	38.970865	0.238229	-799.959327	
2.836000	15.788715	0.977502	-0.046576	38.697976	0.265487	-799.961979	
2.837000	15.678781	1.171808	-0.046534	38.424610	0.491337	-799.964690	
2.838000	15.674553	0.969406	-0.046026	38.150701	0.522489	-799.967595	
2.839000	15.695694	0.767004	-0.045528	37.876190	0.246017	-799.970816	
2.840000	15.835225	0.815580	-0.045277	37.601153	0.187608	-799.974434	
2.841000	15.691466	0.686043	-0.045285	37.325736	0.393988	-799.978474	
2.842000	15.716835	0.969406	-0.045369	37.049986	0.390094	-799.982908	
2.843000	15.742204	0.969406	-0.045302	36.773832	0.304427	-799.987674	
2.844000	15.750661	0.815580	-0.044992	36.497216	0.242123	-799.992675	
2.845000	15.818312	0.669851	-0.044443	36.220208	0.160350	-799.997788	
2.846000	15.733748	0.758908	-0.043613	35.942950	0.362836	-800.002881	
2.847000	15.666097	1.066559	-0.042257	35.665494	0.393988	-800.007825	
2.848000	15.721063	1.017982	-0.040110	35.387780	0.323897	-800.012524	
2.849000	15.759117	0.742716	-0.037255	35.109763	0.210972	-800.016932	
2.850000	15.852138	0.904637	-0.033923	34.831519	0.090259	-800.021063	
2.851000	15.721063	0.888445	-0.030326	34.553195	0.432928	-800.024962	
2.852000	15.661868	1.098943	-0.026887	34.274835	0.323897	-800.028710	
2.853000	15.649184	1.074655	-0.023964	33.996373	0.269381	-800.032422	
2.854000	15.746433	0.775100	-0.021631	33.717755	0.300533	-800.036235	
2.855000	15.839453	0.718427	-0.019841	33.439049	0.203184	-800.040288	
2.856000	15.792943	0.710331	-0.018390	33.160393	0.246017	-800.044694	
2.857000	15.699922	1.090847	-0.016979	32.881837	0.355048	-800.049508	
2.858000	15.606902	1.406594	-0.015658	32.603327	0.269381	-800.054732	
2.859000	15.704150	0.888445	-0.014585	32.324819	0.164244	-800.060333	
2.860000	15.826768	0.799388	-0.013238	32.046382	0.090259	-800.066244	
2.861000	15.830997	0.572698	-0.010948	31.768157	0.265487	-800.072359	
2.862000	15.644956	1.066559	-0.007749	31.490194	0.421246	-800.078533	
2.863000	15.598445	1.026079	-0.003948	31.212439	0.409564	-800.084618	
2.864000	15.661868	0.993694	0.000248	30.934843	0.308321	-800.090489	
2.865000	15.818312	0.872253	0.004548	30.657464	0.144774	-800.096069	
2.866000	15.784486	0.677947	0.008858	30.380430	0.366730	-800.101331	
2.867000	15.704150	0.945118	0.013508	30.103788	0.374518	-800.106290	
2.868000	15.721063	0.920829	0.018465	29.827493	0.292745	-800.111002	
2.869000	15.716835	0.872253	0.023169	29.551502	0.175926	-800.115569	
2.870000	15.860594	0.702235	0.027273	29.275871	0.070789	-800.120130	
2.871000	15.776030	0.783196	0.030598	29.000722	0.203184	-800.124830	
2.872000	15.716835	0.961310	0.032905	28.726105	0.335579	-800.129791	
2.873000	15.759117	0.767004	0.033993	28.451983	0.397882	-800.135098	
2.874000	15.653412	0.661755	0.033629	28.178322	0.203184	-800.140789	
2.875000	15.767574	0.839869	0.031484	27.905180	0.101940	-800.146852	
2.876000	15.695694	0.937022	0.027360	27.632672	0.230441	-800.153230	
2.877000	15.611130	1.009886	0.021633	27.360843	0.499125	-800.159820	
2.878000	15.737976	0.823676	0.015205	27.089658	0.425140	-800.166489	
2.879000	15.636499	0.872253	0.009016	26.819085	0.226548	-800.173098	
2.880000	15.759117	0.839869	0.003735	26.549179	0.172032	-800.179523	
2.881000	15.746433	0.775100	-0.000318	26.280045	0.409564	-800.185657	
2.882000	15.750661	1.009886	-0.003052	26.011725	0.323897	-800.191438	
2.883000	15.742204	0.767004	-0.004582	25.744191	0.429034	-800.196858	
2.884000	15.776030	0.718427	-0.005209	25.477422	0.078577	-800.201954	
2.885000	15.805627	0.872253	-0.005086	25.211470	0.035743	-800.206808	
2.886000	15.729520	0.686043	-0.004208	24.946443	0.238229	-800.211530	
2.887000	15.742204	1.107039	-0.002754	24.682384	0.323897	-800.216247	
2.888000	15.687238	0.904637	-0.001100	24.419275	0.425140	-800.221088	
2.889000	15.678781	0.702235	0.000258	24.157096	0.242123	-800.226169	
2.890000	15.792943	0.937022	0.000788	23.895897	0.187608	-800.231569	
2.891000	15.754889	0.904637	-0.000166	23.635774	0.351155	-800.237309	
2.892000	15.632271	1.212288	-0.003466	23.376763	0.421246	-800.243357	
2.893000	15.683009	0.904637	-0.009297	23.118838	0.358942	-800.249643	
2.894000	15.780258	0.888445	-0.016675	22.861974	0.101940	-800.256066	
2.895000	15.826768	0.823676	-0.024197	22.606214	0.109728	-800.262503	
2.896000	15.742204	0.758908	-0.030654	22.351653	0.265487	-800.268823	
2.897000	15.657640	1.155616	-0.035289	22.098319	0.265487	-800.274897	
2.898000	15.670325	1.098943	-0.037745	21.846181	0.284957	-800.280627	
2.899000	15.754889	1.042271	-0.038085	21.595209	0.195396	-800.285969	
2.900000	15.780258	0.937022	-0.036975	21.345447	0.168138	-800.290932	0.000000
2.901000	15.661868	0.880349	-0.035020	21.096987	0.261593	-800.295564	
2.902000	15.657640	1.115135	-0.032327	20.849866	0.308321	-800.299947	
2.903000	15.653412	1.042271	-0.028952	20.604065	0.417352	-800.304201	
2.904000	15.695694	0.920829	-0.025068	20.359563	0.172032	-800.308467	
2.905000	15.792943	0.864157	-0.020789	20.116394	0.183714	-800.312886	
2.906000	15.784486	0.775100	-0.016292	19.874637	0.246017	-800.317572	
2.907000	15.666097	1.017982	-0.012205	19.634321	0.358942	-800.322584	
2.908000	15.759117	0.928926	-0.009240	19.395442	0.413458	-800.327926	
2.909000	15.585761	0.985598	-0.007727	19.157992	0.296639	-800.333563	
2.910000	15.767574	0.904637	-0.007857	18.922009	0.156456	-800.339427	
2.911000	15.843681	0.807484	-0.009509	18.687567	0.374518	-800.345408	
2.912000	15.699922	1.066559	-0.011988	18.454695	0.351155	-800.351361	
2.913000	15.644956	1.026079	-0.014534	18.223385	0.409564	-800.357140	
2.914000	15.526566	0.928926	-0.016753	17.993626	0.214866	-800.362625	
2.915000	15.818312	0.815580	-0.018410	17.765446	0.246017	-800.367735	
2.916000	15.776030	0.758908	-0.019488	17.538906	0.452398	-800.372443	
2.917000	15.767574	1.058463	-0.020417	17.314035	0.448504	-800.376757	
2.918000	15.678781	1.026079	-0.021384	17.090837	0.331685	-800.380736	
2.919000	15.776030	0.953214	-0.022007	16.869310	0.269381	-800.384490	
2.920000	15.843681	1.074655	-0.021956	16.649478	0.300533	-800.388168	
2.921000	15.792943	0.872253	-0.021150	16.431396	0.284957	-800.391917	
2.922000	15.708379	0.920829	-0.019632	16.215089	0.261593	-800.395867	
2.923000	15.737976	0.904637	-0.017580	16.000564	0.320003	-800.400108	
2.924000	15.835225	0.839869	-0.015260	15.787823	0.179820	-800.404690	
2.925000	15.695694	0.888445	-0.012890	15.576891	0.222654	-800.409614	
2.926000	15.661868	0.969406	-0.010829	15.367821	0.304427	-800.414833	
2.927000	15.594217	1.074655	-0.009897	15.160637	0.417352	-800.420246	
2.928000	15.678781	0.912733	-0.010631	14.955349	0.409564	-800.425721	
2.929000	15.708379	0.750812	-0.012623	14.751960	0.175926	-800.431118	
2.930000	15.708379	0.880349	-0.014934	14.550484	0.304427	-800.436313	
2.931000	15.737976	0.767004	-0.016592	14.350959	0.273275	-800.441204	
2.932000	15.670325	1.179904	-0.017086	14.153401	0.316109	-800.445728	
2.933000	15.691466	0.799388	-0.016550	13.957830	0.320003	-800.449877	
2.934000	15.877507	0.677947	-0.015115	13.764263	0.043531	-800.453692	
2.935000	15.771802	0.831773	-0.012685	13.572716	0.265487	-800.457259	
2.936000	15.737976	0.726523	-0.009446	13.383226	0.269381	-800.460698	
2.937000	15.547707	1.026079	-0.006031	13.195817	0.495231	-800.464145	
2.938000	15.653412	1.026079	-0.003065	13.010528	0.320003	-800.467732	
2.939000	15.721063	0.888445	-0.000880	12.827386	0.265487	-800.471574	
2.940000	15.746433	0.920829	0.000258	12.646406	0.320003	-800.475750	
2.941000	15.805627	0.677947	0.000194	12.467606	0.397882	-800.480284	
2.942000	15.623814	1.034175	-0.000896	12.291003	0.409564	-800.485149	
2.943000	15.704150	0.912733	-0.002667	12.116638	0.382306	-800.490280	
2.944000	15.716835	0.775100	-0.004766	11.944546	0.105834	-800.495577	
2.945000	15.915561	0.831773	-0.006734	11.774731	0.296639	-800.500920	
2.946000	15.822540	0.791292	-0.008119	11.607202	0.366730	-800.506180	
2.947000	15.666097	0.839869	-0.008808	11.441975	0.242123	-800.511232	
2.948000	15.649184	0.856061	-0.008889	11.279094	0.265487	-800.515985	
2.949000	15.691466	0.783196	-0.008357	11.118594	0.191502	-800.520400	
2.950000	15.847910	0.775100	-0.007300	10.960476	0.246017	-800.524488	
2.951000	15.737976	0.750812	-0.005958	10.804747	0.355048	-800.528292	
2.952000	15.653412	1.131328	-0.004537	10.651422	0.351155	-800.531890	
2.953000	15.729520	0.937022	-0.003318	10.500568	0.432928	-800.535395	
2.954000	15.691466	0.937022	-0.002637	10.352234	0.203184	-800.538943	
2.955000	15.754889	0.888445	-0.002627	10.206414	0.312215	-800.542666	
2.956000	15.754889	0.831773	-0.003156	10.063098	0.269381	-800.546666	
2.957000	15.750661	0.807484	-0.003942	9.922289	0.362836	-800.550998	
2.958000	15.725291	0.767004	-0.005055	9.784050	0.234335	-800.555669	
2.959000	15.776030	0.823676	-0.007270	9.648428	0.101940	-800.560649	
2.960000	15.716835	0.961310	-0.011180	9.515411	0.214866	-800.565874	
2.961000	15.759117	0.904637	-0.016373	9.384983	0.347261	-800.571232	
2.962000	15.683009	0.880349	-0.021864	9.257156	0.366730	-800.576574	
2.963000	15.632271	0.783196	-0.026781	9.132009	0.378412	-800.581757	
2.964000	15.695694	0.710331	-0.030692	9.009606	0.183714	-800.586663	
2.965000	15.666097	0.977502	-0.033482	8.889933	0.261593	-800.591218	
2.966000	15.759117	0.847965	-0.034837	8.772956	0.358942	-800.595388	
2.967000	15.674553	0.856061	-0.034337	8.658675	0.312215	-800.599178	
2.968000	15.598445	0.791292	-0.032248	8.547168	0.421246	-800.602636	
2.969000	15.644956	0.677947	-0.029275	8.438494	0.152562	-800.605868	
2.970000	15.737976	0.847965	-0.025946	8.332620	0.312215	-800.609022	
2.971000	15.788715	0.726523	-0.022846	8.229499	0.351155	-800.612246	
2.972000	15.704150	0.961310	-0.020440	8.129134	0.257699	-800.615663	
2.973000	15.661868	0.823676	-0.018802	8.031628	0.316109	-800.619359	
2.974000	15.792943	0.799388	-0.018064	7.937068	-0.026560	-800.623379	
2.975000	15.750661	0.621274	-0.018659	7.845429	0.366730	-800.627721	
2.976000	15.674553	0.661755	-0.020972	7.756656	0.440716	-800.632334	
2.977000	15.564620	1.026079	-0.024880	7.670745	0.378412	-800.637111	
2.978000	15.589989	0.888445	-0.029767	7.587787	0.339473	-800.641914	
2.979000	15.683009	0.953214	-0.034807	7.507851	0.234335	-800.646601	
2.980000	15.792943	0.775100	-0.039110	7.430899	0.273275	-800.651045	
2.981000	15.725291	0.856061	-0.042038	7.356866	0.390094	-800.655143	
2.982000	15.653412	0.920829	-0.043455	7.285743	0.366730	-800.658833	
2.983000	15.615358	0.888445	-0.043459	7.217638	0.218760	-800.662105	
2.984000	15.699922	0.839869	-0.042232	7.152635	0.074683	-800.665002	
2.985000	15.814084	0.694139	-0.040312	7.090690	0.246017	-800.667605	
2.986000	15.771802	0.775100	-0.038283	7.031728	0.191502	-800.670034	
2.987000	15.771802	0.823676	-0.036374	6.975740	0.323897	-800.672420	
2.988000	15.551935	0.977502	-0.034750	6.922842	0.327791	-800.674895	
2.989000	15.683009	0.856061	-0.033551	6.873121	0.082471	-800.677570	
2.990000	15.729520	0.799388	-0.032796	6.826527	0.335579	-800.680521	
2.991000	15.691466	0.742716	-0.032694	6.782973	0.378412	-800.683768	
2.992000	15.776030	0.912733	-0.033529	6.742442	0.320003	-800.687279	
2.993000	15.484284	0.807484	-0.035062	6.705051	0.366730	-800.690989	
2.994000	15.632271	0.783196	-0.036778	6.670879	0.226548	-800.694796	
2.995000	15.792943	0.945118	-0.038475	6.639862	0.284957	-800.698570	
2.996000	15.792943	0.653659	-0.040069	6.611899	0.362836	-800.702174	
2.997000	15.759117	0.783196	-0.041425	6.586973	0.413458	-800.705484	
2.998000	15.530794	0.775100	-0.042429	6.565222	0.358942	-800.708408	
2.999000	15.716835	0.718427	-0.042918	6.546745	0.117516	-800.710908	
3.000000	15.712607	1.123232	-0.042912	6.531481	0.277169	-800.712995	0.000000
3.001000	15.737976	0.880349	-0.042780	6.519319	0.499125	-800.714712	
3.002000	15.670325	0.912733	-0.042914	6.510249	0.425140	-800.716141	
3.003000	15.467371	0.758908	-0.043509	6.504418	0.503019	-800.717405	
3.004000	15.691466	0.896541	-0.044659	6.501927	0.168138	-800.718646	
3.005000	15.695694	0.993694	-0.046365	6.502698	0.425140	-800.719999	
3.006000	15.754889	0.880349	-0.048444	6.506606	0.187608	-800.721568	
3.007000	15.695694	0.961310	-0.050637	6.513631	0.288851	-800.723404	
3.008000	15.657640	0.888445	-0.053125	6.523922	0.316109	-800.725515	
3.009000	15.691466	0.791292	-0.056304	6.537586	0.133092	-800.727873	
3.010000	15.763345	0.856061	-0.059675	6.554543	0.281063	-800.730415	
3.011000	15.742204	0.767004	-0.062166	6.574660	0.382306	-800.733029	
3.012000	15.661868	1.147520	-0.063282	6.597915	0.273275	-800.735574	
3.013000	15.564620	0.888445	-0.063102	6.624459	0.370624	-800.737914	
3.014000	15.644956	0.896541	-0.061704	6.654402	0.203184	-800.739937	
3.015000	15.742204	0.839869	-0.058936	6.687657	0.292745	-800.741571	
3.016000	15.632271	0.856061	-0.054747	6.724082	0.269381	-800.742787	
3.017000	15.594217	0.912733	-0.049235	6.763654	0.362836	-800.743594	
3.018000	15.547707	1.009886	-0.042473	6.806523	0.386200	-800.744044	
3.019000	15.742204	0.856061	-0.034747	6.852787	0.261593	-800.744241	
3.020000	15.776030	0.661755	-0.026676	6.902340	0.316109	-800.744329	
3.021000	15.704150	0.912733	-0.019069	6.955023	0.351155	-800.744453	
3.022000	15.695694	1.042271	-0.012661	7.010810	0.429034	-800.744739	
3.023000	15.518109	0.864157	-0.007975	7.069862	0.281063	-800.745272	
3.024000	15.721063	0.767004	-0.005501	7.132285	0.156456	-800.746097	
3.025000	15.725291	0.661755	-0.005719	7.197976	0.335579	-800.747214	
3.026000	15.699922	0.985598	-0.009176	7.266776	0.187608	-800.748576	
3.027000	15.615358	1.074655	-0.016290	7.338664	0.242123	-800.750087	
3.028000	15.378578	1.042271	-0.026353	7.413809	0.421246	-800.751612	
3.029000	15.691466	0.937022	-0.037496	7.492314	0.269381	-800.753012	
3.030000	15.788715	0.847965	-0.047912	7.574062	0.355048	-800.754161	
3.031000	15.712607	0.872253	-0.056428	7.658880	0.323897	-800.754957	
3.032000	15.670325	0.904637	-0.062359	7.746745	0.249911	-800.755340	
3.033000	15.505425	0.888445	-0.065588	7.837825	0.358942	-800.755303	
3.034000	15.754889	0.904637	-0.066720	7.932222	0.172032	-800.754886	
3.035000	15.809856	0.807484	-0.066615	8.029806	0.312215	-800.754169	
3.036000	15.750661	0.775100	-0.065629	8.130403	0.284957	-800.753270	
3.037000	15.661868	0.912733	-0.063642	8.234000	0.355048	-800.752330	
3.038000	15.437773	0.904637	-0.060601	8.340783	0.393988	-800.751487	
3.039000	15.644956	0.912733	-0.056595	8.450860	0.218760	-800.750858	
3.040000	15.712607	0.928926	-0.051699	8.564097	0.234335	-800.750515	
3.041000	15.721063	0.945118	-0.045975	8.680309	0.269381	-800.750477	
3.042000	15.653412	1.115135	-0.039724	8.799476	0.335579	-800.750716	
3.043000	15.450458	0.847965	-0.033802	8.921788	0.456292	-800.751169	
3.044000	15.666097	0.734620	-0.028943	9.047346	0.277169	-800.751735	
3.045000	15.733748	0.653659	-0.024923	9.176003	0.483549	-800.752286	
3.046000	15.737976	0.799388	-0.021122	9.307561	0.343367	-800.752685	
3.047000	15.729520	0.961310	-0.017215	9.442001	0.421246	-800.752808	
3.048000	15.547707	0.920829	-0.013079	9.579515	0.284957	-800.752566	
3.049000	15.716835	0.896541	-0.008849	9.720204	0.249911	-800.751924	
3.050000	15.687238	0.864157	-0.004842	9.863914	0.296639	-800.750896	
3.051000	15.729520	0.912733	-0.001194	10.010447	0.312215	-800.749527	
3.052000	15.733748	0.920829	0.002074	10.159793	0.378412	-800.747897	
3.053000	15.484284	0.734620	0.004911	10.312157	0.405670	-800.746128	
3.054000	15.666097	0.831773	0.007242	10.467640	0.269381	-800.744364	
3.055000	15.759117	0.993694	0.008983	10.626079	0.397882	-800.742740	
3.056000	15.708379	0.993694	0.010140	10.787263	0.327791	-800.741357	
3.057000	15.699922	0.888445	0.010693	10.951170	0.370624	-800.740268	
3.058000	15.573076	0.791292	0.010561	11.117996	0.265487	-800.739475	
3.059000	15.754889	0.831773	0.009726	11.287832	0.304427	-800.738950	
3.060000	15.830997	0.791292	0.008049	11.460506	0.320003	-800.738636	
3.061000	15.666097	0.702235	0.005457	11.635802	0.234335	-800.738423	
3.062000	15.699922	0.969406	0.002354	11.813709	0.249911	-800.738171	
3.063000	15.501196	0.928926	-0.000548	11.994431	0.288851	-800.737735	
3.064000	15.708379	0.807484	-0.002729	12.178061	0.339473	-800.736999	
3.065000	15.759117	0.791292	-0.004138	12.364422	0.366730	-800.735889	
3.066000	15.577304	0.750812	-0.004963	12.553295	0.358942	-800.734376	
3.067000	15.683009	0.937022	-0.005301	12.744663	0.300533	-800.732473	
3.068000	15.437773	1.058463	-0.004955	12.938725	0.440716	-800.730227	
3.069000	15.852138	0.945118	-0.003574	13.135559	0.222654	-800.727740	
3.070000	15.776030	0.896541	-0.001211	13.334978	0.432928	-800.725155	
3.071000	15.788715	0.653659	0.001606	13.536754	0.288851	-800.722622	
3.072000	15.704150	0.791292	0.004319	13.740874	0.296639	-800.720269	
3.073000	15.513881	0.694139	0.006503	13.947540	0.218760	-800.718188	
3.074000	15.721063	0.831773	0.007829	14.156832	0.292745	-800.716420	
3.075000	15.725291	0.920829	0.008115	14.368551	0.300533	-800.714962	
3.076000	15.776030	0.702235	0.007401	14.582473	0.257699	-800.713769	
3.077000	15.585761	1.098943	0.005988	14.798601	0.281063	-800.712745	
3.078000	15.454686	0.856061	0.004355	15.017157	0.503019	-800.711758	
3.079000	15.589989	0.904637	0.002996	15.238220	0.323897	-800.710662	
3.080000	15.767574	0.783196	0.002373	15.461586	0.475762	-800.709323	
3.081000	15.797171	0.734620	0.002844	15.687026	0.277169	-800.707629	
3.082000	15.644956	0.864157	0.004492	15.914562	0.460186	-800.705517	
3.083000	15.539250	0.831773	0.007069	16.144431	0.160350	-800.702980	
3.084000	15.763345	0.945118	0.010344	16.376711	0.265487	-800.700054	
3.085000	15.784486	0.734620	0.014398	16.611185	0.292745	-800.696816	
3.086000	15.725291	0.710331	0.019243	16.847618	0.296639	-800.693383	
3.087000	15.759117	0.791292	0.024327	17.086026	0.370624	-800.689895	
3.088000	15.543479	0.718427	0.028781	17.326643	0.374518	-800.686490	
3.089000	15.661868	1.001790	0.032064	17.569546	0.351155	-800.683291	
3.090000	15.708379	0.953214	0.034167	17.814515	0.351155	-800.680372	
3.091000	15.721063	0.864157	0.035012	18.061309	0.409564	-800.677750	
3.092000	15.577304	0.677947	0.034160	18.309950	0.304427	-800.675391	
3.093000	15.564620	0.896541	0.031403	18.560672	0.292745	-800.673227	
3.094000	15.683009	0.694139	0.026970	18.813541	0.265487	-800.671156	
3.095000	15.674553	0.847965	0.021361	19.068324	0.207078	-800.669050	
3.096000	15.683009	0.839869	0.015309	19.324771	0.246017	-800.666775	
3.097000	15.687238	0.815580	0.009425	19.582898	0.292745	-800.664208	
3.098000	15.632271	0.856061	0.004002	19.842933	0.288851	-800.661260	
3.099000	15.661868	0.588890	-0.000711	20.104933	0.308321	-800.657901	
3.100000	15.644956	0.596986	-0.004395	20.368663	0.362836	-800.654145	0.000000
3.101000	15.725291	0.888445	-0.006965	20.633877	0.300533	-800.650041	
3.102000	15.551935	1.017982	-0.008665	20.900605	0.386200	-800.645672	
3.103000	15.513881	0.961310	-0.009694	21.169095	0.378412	-800.641153	
3.104000	15.708379	0.823676	-0.010189	21.439409	0.390094	-800.636624	
3.105000	15.712607	0.847965	-0.010550	21.711308	0.487443	-800.632217	
3.106000	15.742204	0.783196	-0.011306	21.984542	0.382306	-800.628036	
3.107000	15.585761	0.815580	-0.012789	22.259146	0.378412	-800.624131	
3.108000	15.568848	0.945118	-0.015005	22.535364	0.374518	-800.620500	
3.109000	15.716835	0.880349	-0.017619	22.813243	0.355048	-800.617113	
3.110000	15.830997	0.969406	-0.020161	23.092530	0.413458	-800.613911	
3.111000	15.666097	0.726523	-0.022407	23.372971	0.269381	-800.610791	
3.112000	15.568848	0.896541	-0.024259	23.654600	0.300533	-800.607621	
3.113000	15.573076	0.847965	-0.025292	23.937657	0.207078	-800.604263	
3.114000	15.721063	0.912733	-0.025044	24.222186	0.374518	-800.600596	
3.115000	15.699922	0.775100	-0.023512	24.507932	0.483549	-800.596545	
3.116000	15.784486	0.645563	-0.020990	24.794646	0.246017	-800.592083	
3.117000	15.471599	1.212288	-0.017836	25.082367	0.432928	-800.587225	
3.118000	15.585761	0.904637	-0.014610	25.371335	0.386200	-800.582025	
3.119000	15.657640	1.050367	-0.011828	25.661583	0.246017	-800.576580	
3.120000	15.716835	0.904637	-0.009710	25.952844	0.448504	-800.571024	
3.121000	15.780258	0.718427	-0.008461	26.244865	0.355048	-800.565499	
3.122000	15.611130	0.847965	-0.008396	26.537685	0.397882	-800.560137	
3.123000	15.691466	0.831773	-0.009751	26.831545	0.242123	-800.555034	
3.124000	15.674553	0.880349	-0.012482	27.126480	0.331685	-800.550237	
3.125000	15.746433	0.831773	-0.016303	27.422222	0.487443	-800.545744	
3.126000	15.704150	0.896541	-0.020989	27.718523	0.222654	-800.541510	
3.127000	15.568848	0.750812	-0.026265	28.015438	0.390094	-800.537444	
3.128000	15.606902	0.920829	-0.031696	28.313226	0.222654	-800.533420	
3.129000	15.649184	0.912733	-0.036899	28.611921	0.374518	-800.529295	
3.130000	15.666097	0.904637	-0.041508	28.911251	0.510807	-800.524936	
3.131000	15.721063	0.945118	-0.045114	29.210959	0.304427	-800.520234	
3.132000	15.606902	0.815580	-0.047348	29.511091	0.429034	-800.515123	
3.133000	15.704150	0.864157	-0.047894	29.811892	0.452398	-800.509594	
3.134000	15.708379	0.677947	-0.046828	30.113390	0.421246	-800.503687	
3.135000	15.699922	0.775100	-0.044944	30.415305	0.265487	-800.497476	
3.136000	15.792943	1.074655	-0.043058	30.717383	0.214866	-800.491076	
3.137000	15.670325	1.009886	-0.041469	31.019678	0.253805	-800.484627	
3.138000	15.691466	0.985598	-0.040302	31.322440	0.300533	-800.478273	
3.139000	15.771802	0.847965	-0.039605	31.625688	0.312215	-800.472144	
3.140000	15.683009	0.847965	-0.039457	31.929141	0.448504	-800.466323	
3.141000	15.632271	0.758908	-0.039775	32.232548	0.390094	-800.460835	
3.142000	15.416632	0.928926	-0.039846	32.535965	0.444610	-800.455651	
3.143000	15.704150	0.872253	-0.039082	32.839637	0.366730	-800.450705	
3.144000	15.763345	0.977502	-0.037732	33.143578	0.421246	-800.445894	
3.145000	15.632271	0.758908	-0.036201	33.447504	0.549747	-800.441089	
3.146000	15.704150	0.904637	-0.034540	33.751164	0.304427	-800.436155	
3.147000	15.505425	0.880349	-0.032710	34.054622	0.281063	-800.430965	
3.148000	15.763345	0.742716	-0.030757	34.358125	0.253805	-800.425426	
3.149000	15.729520	0.605082	-0.028903	34.661683	0.351155	-800.419500	
3.150000	15.683009	0.718427	-0.027694	34.965011	0.238229	-800.413201	
3.151000	15.742204	0.969406	-0.027310	35.267858	0.156456	-800.406582	
3.152000	15.535022	0.993694	-0.026876	35.570293	0.417352	-800.399729	
3.153000	15.691466	0.815580	-0.025533	35.872570	0.304427	-800.392763	
3.154000	15.699922	0.872253	-0.023437	36.174705	0.358942	-800.385824	
3.155000	15.683009	0.710331	-0.021210	36.476414	0.448504	-800.379043	
3.156000	15.737976	0.694139	-0.019304	36.777448	0.312215	-800.372527	
3.157000	15.530794	0.969406	-0.017789	37.077872	0.378412	-800.366331	
3.158000	15.708379	0.823676	-0.016673	37.377935	0.323897	-800.360458	
3.159000	15.721063	0.791292	-0.016516	37.677640	0.304427	-800.354876	
3.160000	15.767574	0.734620	-0.018073	37.976696	0.339473	-800.349518	
3.161000	15.792943	0.750812	-0.021307	38.274850	0.249911	-800.344277	
3.162000	15.530794	0.969406	-0.025311	38.572170	0.362836	-800.339023	
3.163000	15.733748	0.742716	-0.028938	38.868905	0.187608	-800.333622	
3.164000	15.636499	0.847965	-0.031098	39.165060	0.343367	-800.327960	
3.165000	15.767574	0.961310	-0.030919	39.460345	0.526383	-800.321960	
3.166000	15.657640	0.888445	-0.028086	39.754518	0.257699	-800.315594	
3.167000	15.501196	0.694139	-0.022708	40.047660	0.257699	-800.308877	
3.168000	15.666097	0.783196	-0.014887	40.340027	0.316109	-800.301864	
3.169000	15.695694	0.888445	-0.005086	40.631621	0.390094	-800.294653	
3.170000	15.699922	0.694139	0.005401	40.922153	0.471868	-800.287377	
3.171000	15.721063	0.896541	0.014930	41.211374	0.273275	-800.280173	
3.172000	15.577304	0.791292	0.022274	41.499363	0.366730	-800.273167	
3.173000	15.826768	0.742716	0.026867	41.786371	0.393988	-800.266456	
3.174000	15.776030	0.791292	0.028717	42.072400	0.409564	-800.260091	
3.175000	15.666097	0.937022	0.028205	42.357159	0.386200	-800.254072	
3.176000	15.805627	0.920829	0.025699	42.640406	0.207078	-800.248356	
3.177000	15.577304	0.945118	0.021437	42.922218	0.238229	-800.242854	
3.178000	15.818312	0.767004	0.015861	43.202841	0.351155	-800.237442	
3.179000	15.678781	0.864157	0.009739	43.482275	0.296639	-800.231982	
3.180000	15.568848	0.945118	0.003804	43.760234	0.347261	-800.226343	
3.181000	15.691466	0.823676	-0.001469	44.036477	0.308321	-800.220415	
3.182000	15.492740	0.904637	-0.005741	44.311079	0.284957	-800.214132	
3.183000	15.885963	0.475545	-0.008837	44.584276	0.378412	-800.207483	
3.184000	15.737976	0.742716	-0.010939	44.856057	0.401776	-800.200506	
3.185000	15.754889	0.758908	-0.012378	45.126136	0.491337	-800.193280	
3.186000	15.653412	0.799388	-0.013225	45.394272	0.234335	-800.185923	
3.187000	15.522337	0.985598	-0.013437	45.660544	0.238229	-800.178572	
3.188000	15.860594	0.686043	-0.013185	45.925195	0.273275	-800.171363	
3.189000	15.737976	0.791292	-0.012659	46.188221	0.316109	-800.164411	
3.190000	15.721063	0.686043	-0.011916	46.449342	0.343367	-800.157797	
3.191000	15.708379	0.937022	-0.011165	46.708327	0.374518	-800.151544	
3.192000	15.450458	1.082751	-0.010987	46.965259	0.425140	-800.145626	
3.193000	15.746433	0.815580	-0.012025	47.220380	0.226548	-800.139978	
3.194000	15.708379	0.969406	-0.014350	47.473683	0.343367	-800.134489	
3.195000	15.767574	0.750812	-0.017246	47.724887	0.405670	-800.129027	
3.196000	15.683009	0.758908	-0.019678	47.973760	0.257699	-800.123454	
3.197000	15.480055	0.767004	-0.020866	48.220382	0.343367	-800.117650	
3.198000	15.784486	0.896541	-0.020497	48.464988	0.273275	-800.111527	
3.199000	15.687238	0.791292	-0.018489	48.707569	0.308321	-800.105045	
3.200000	15.822540	0.872253	-0.014749	48.947849	0.281063	-800.098216	0.000000
3.201000	15.737976	0.823676	-0.009542	49.185605	0.292745	-800.091091	
3.202000	15.581532	0.799388	-0.003708	49.420924	0.214866	-800.083762	
3.203000	15.801399	0.864157	0.001843	49.654047	0.405670	-800.076354	
3.204000	15.657640	0.888445	0.006439	49.884972	0.374518	-800.069006	
3.205000	15.742204	0.912733	0.009697	50.113433	0.460186	-800.061844	
3.206000	15.640727	0.953214	0.011626	50.339212	0.397882	-800.054973	
3.207000	15.543479	0.896541	0.012511	50.562391	0.265487	-800.048447	
3.208000	15.805627	0.839869	0.012199	50.783198	0.452398	-800.042271	
3.209000	15.725291	0.767004	0.009707	51.001623	0.323897	-800.036406	
3.210000	15.666097	0.904637	0.004428	51.217395	0.300533	-800.030781	
3.211000	15.721063	0.904637	-0.002886	51.430296	0.288851	-800.025287	
3.212000	15.518109	0.912733	-0.010842	51.640405	0.226548	-800.019794	
3.213000	15.805627	0.807484	-0.018174	51.847953	0.226548	-800.014176	
3.214000	15.721063	0.888445	-0.023990	52.052932	0.358942	-800.008326	
3.215000	15.678781	1.009886	-0.027988	52.255086	0.339473	-800.002171	
3.216000	15.725291	0.815580	-0.030512	52.454204	0.160350	-799.995685	
3.217000	15.539250	0.710331	-0.032502	52.650375	0.226548	-799.988882	
3.218000	15.856366	0.596986	-0.034965	52.843833	0.351155	-799.981818	
3.219000	15.759117	0.953214	-0.038035	53.034581	0.448504	-799.974592	
3.220000	15.699922	1.115135	-0.041178	53.222367	0.479655	-799.967339	
3.221000	15.704150	0.993694	-0.044123	53.406987	0.242123	-799.960197	
3.222000	15.518109	0.912733	-0.046779	53.588520	0.296639	-799.953295	
3.223000	15.919789	0.588890	-0.049070	53.767188	0.347261	-799.946728	
3.224000	15.737976	0.605082	-0.050982	53.942985	0.323897	-799.940547	
3.225000	15.759117	0.888445	-0.052246	54.115662	0.292745	-799.934755	
3.226000	15.640727	1.074655	-0.052450	54.285019	0.179820	-799.929312	
3.227000	15.530794	1.066559	-0.051196	54.451140	0.335579	-799.924132	
3.228000	15.881735	0.872253	-0.048280	54.614247	0.390094	-799.919090	
3.229000	15.666097	0.896541	-0.044041	54.774344	0.417352	-799.914047	
3.230000	15.716835	0.807484	-0.038947	54.931196	0.409564	-799.908874	
3.231000	15.640727	0.856061	-0.033223	55.084610	0.203184	-799.903464	
3.232000	15.551935	0.904637	-0.027067	55.234671	0.327791	-799.897754	
3.233000	15.869051	0.937022	-0.020676	55.381594	0.436822	-799.891730	
3.234000	15.640727	0.839869	-0.014303	55.525378	0.483549	-799.885426	
3.235000	15.780258	0.839869	-0.008566	55.665789	0.390094	-799.878919	
3.236000	15.771802	0.702235	-0.004092	55.802641	0.378412	-799.872328	
3.237000	15.649184	0.807484	-0.001109	55.936015	0.300533	-799.865802	
3.238000	15.869051	0.872253	0.000289	56.066127	0.320003	-799.859486	
3.239000	15.704150	0.831773	0.000320	56.192982	0.300533	-799.853504	
3.240000	15.750661	0.961310	-0.000386	56.316356	0.405670	-799.847937	
3.241000	15.699922	0.969406	-0.001607	56.436071	0.226548	-799.842809	
3.242000	15.547707	0.872253	-0.003829	56.552218	0.320003	-799.838101	
3.243000	15.771802	0.815580	-0.007337	56.665014	0.273275	-799.833749	
3.244000	15.547707	0.969406	-0.011770	56.774469	0.429034	-799.829643	
3.245000	15.666097	0.993694	-0.016515	56.880360	0.413458	-799.825641	
3.246000	15.716835	0.839869	-0.020911	56.982512	0.335579	-799.821600	
3.247000	15.653412	0.888445	-0.024327	57.081013	0.273275	-799.817398	
3.248000	15.822540	0.767004	-0.026365	57.176077	0.312215	-799.812947	
3.249000	15.725291	0.839869	-0.026846	57.267709	0.335579	-799.808209	
3.250000	15.695694	0.928926	-0.025406	57.355694	0.436822	-799.803190	
3.251000	15.788715	0.742716	-0.021744	57.439862	0.218760	-799.797940	
3.252000	15.763345	0.726523	-0.016352	57.520302	0.265487	-799.792556	
3.253000	15.839453	0.799388	-0.010239	57.597230	0.265487	-799.787173	
3.254000	15.683009	0.912733	-0.004286	57.670659	0.374518	-799.781937	
3.255000	15.636499	1.179904	0.000838	57.740385	0.362836	-799.776978	
3.256000	15.674553	0.880349	0.004671	57.806245	0.269381	-799.772397	
3.257000	15.687238	0.912733	0.007030	57.868329	0.358942	-799.768251	
3.258000	15.894420	0.872253	0.008151	57.926853	0.316109	-799.764546	
3.259000	15.649184	0.888445	0.008717	57.981836	0.479655	-799.761244	
3.260000	15.683009	1.074655	0.009237	58.033080	0.425140	-799.758268	
3.261000	15.716835	0.839869	0.009631	58.080429	0.273275	-799.755503	
3.262000	15.729520	1.042271	0.009773	58.123974	0.164244	-799.752814	
3.263000	15.924017	0.791292	0.009832	58.163934	0.316109	-799.750068	
3.264000	15.661868	0.791292	0.009890	58.200335	0.456292	-799.747156	
3.265000	15.725291	0.872253	0.009747	58.232988	0.199290	-799.744006	
3.266000	15.704150	0.823676	0.009241	58.261747	0.308321	-799.740593	
3.267000	15.594217	1.066559	0.008481	58.286706	0.261593	-799.736932	
3.268000	15.843681	0.872253	0.007780	58.308085	0.343367	-799.733076	
3.269000	15.636499	0.637467	0.007561	58.325915	0.378412	-799.729125	
3.270000	15.708379	1.098943	0.008108	58.340015	0.518595	-799.725213	
3.271000	15.678781	0.831773	0.009243	58.350243	0.316109	-799.721481	
3.272000	15.691466	0.864157	0.010534	58.356691	0.253805	-799.718053	
3.273000	15.873279	0.847965	0.011644	58.359572	0.273275	-799.715021	
3.274000	15.712607	0.920829	0.012467	58.358915	0.421246	-799.712426	
3.275000	15.754889	1.107039	0.013192	58.354542	0.288851	-799.710265	
3.276000	15.729520	0.856061	0.014145	58.346316	0.374518	-799.708499	
3.277000	15.750661	0.580794	0.015626	58.334334	0.195396	-799.707044	
3.278000	15.784486	0.920829	0.017691	58.318815	0.300533	-799.705777	
3.279000	15.699922	0.767004	0.020064	58.299794	0.405670	-799.704557	
3.280000	15.721063	1.017982	0.022358	58.277107	0.370624	-799.703251	
3.281000	15.716835	0.831773	0.024077	58.250627	0.253805	-799.701752	
3.282000	15.704150	0.888445	0.024776	58.220454	0.308321	-799.699999	
3.283000	15.788715	0.807484	0.024379	58.186802	0.405670	-799.697982	
3.284000	15.704150	1.090847	0.023438	58.149705	0.401776	-799.695726	
3.285000	15.788715	1.026079	0.023190	58.108999	0.534171	-799.693297	
3.286000	15.759117	0.823676	0.024484	58.064553	0.467974	-799.690811	
3.287000	15.788715	0.750812	0.026951	58.016463	0.226548	-799.688413	
3.288000	15.835225	0.831773	0.029710	57.964936	0.288851	-799.686250	
3.289000	15.687238	0.807484	0.031958	57.910005	0.409564	-799.684439	
3.290000	15.699922	1.074655	0.032921	57.851512	0.316109	-799.683053	
3.291000	15.750661	0.872253	0.032180	57.789339	0.094153	-799.682114	
3.292000	15.784486	0.613178	0.029952	57.723589	0.203184	-799.681607	
3.293000	15.759117	0.742716	0.026544	57.654480	0.331685	-799.681472	
3.294000	15.644956	0.864157	0.022081	57.582051	0.413458	-799.681599	
3.295000	15.670325	1.066559	0.016882	57.506155	0.429034	-799.681845	
3.296000	15.733748	0.912733	0.011526	57.426675	0.405670	-799.682065	
3.297000	15.776030	0.823676	0.006562	57.343710	0.230441	-799.682137	
3.298000	15.860594	0.686043	0.002302	57.257470	0.292745	-799.681971	
3.299000	15.649184	0.783196	-0.001185	57.167997	0.460186	-799.681525	
3.300000	15.712607	1.066559	-0.003667	57.075144	0.308321	-799.680801	0.000000
3.301000	15.822540	0.993694	-0.004742	56.978796	0.105834	-799.679849	
3.302000	15.814084	0.904637	-0.004778	56.879052	0.152562	-799.678761	
3.303000	15.894420	0.799388	-0.004715	56.776120	0.207078	-799.677672	
3.304000	15.683009	0.758908	-0.005011	56.670049	0.413458	-799.676726	
3.305000	15.640727	1.050367	-0.005712	56.560705	0.386200	-799.676053	
3.306000	15.653412	0.896541	-0.006763	56.447983	0.226548	-799.675752	
3.307000	15.754889	0.807484	-0.008067	56.331987	0.246017	-799.675876	
3.308000	15.767574	0.928926	-0.009498	56.212928	0.277169	-799.676427	
3.309000	15.704150	0.920829	-0.010928	56.090852	0.390094	-799.677363	
3.310000	15.699922	1.042271	-0.012339	55.965626	0.530277	-799.678609	
3.311000	15.649184	0.831773	-0.013676	55.837144	0.238229	-799.680050	
3.312000	15.805627	0.896541	-0.014687	55.705498	0.261593	-799.681553	
3.313000	15.843681	0.823676	-0.015043	55.570890	0.393988	-799.682986	
3.314000	15.754889	0.702235	-0.014460	55.433365	0.316109	-799.684235	
3.315000	15.737976	1.017982	-0.012794	55.292798	0.304427	-799.685226	
3.316000	15.712607	0.864157	-0.010058	55.149097	0.273275	-799.685935	
3.317000	15.801399	0.977502	-0.005951	55.002367	0.094153	-799.686381	
3.318000	15.712607	0.985598	0.000297	54.852813	0.320003	-799.686618	
3.319000	15.750661	0.856061	0.008778	54.700485	0.440716	-799.686738	
3.320000	15.657640	0.847965	0.018268	54.545264	0.518595	-799.686870	
3.321000	15.695694	0.839869	0.027044	54.387059	0.323897	-799.687155	
3.322000	15.818312	0.969406	0.033817	54.225966	0.129198	-799.687726	
3.323000	15.725291	0.920829	0.037945	54.062183	0.448504	-799.688675	
3.324000	15.695694	0.847965	0.039024	53.895755	0.417352	-799.690042	
3.325000	15.776030	0.653659	0.036574	53.726562	0.397882	-799.691820	
3.326000	15.776030	0.750812	0.030405	53.554514	0.257699	-799.693968	
3.327000	15.818312	0.896541	0.021223	53.379710	0.207078	-799.696407	
3.328000	15.801399	0.758908	0.010365	53.202350	0.183714	-799.699016	
3.329000	15.683009	0.993694	-0.000848	53.022489	0.413458	-799.701652	
3.330000	15.674553	1.115135	-0.011306	52.840017	0.382306	-799.704175	
3.331000	15.695694	0.856061	-0.020270	52.654853	0.355048	-799.706472	
3.332000	15.797171	0.823676	-0.027436	52.467099	0.156456	-799.708485	
3.333000	15.754889	0.742716	-0.032499	52.276951	0.475762	-799.710206	
3.334000	15.636499	0.839869	-0.034747	52.084460	0.503019	-799.711662	
3.335000	15.683009	1.074655	-0.033775	51.889518	0.405670	-799.712915	
3.336000	15.712607	0.912733	-0.030104	51.692039	0.234335	-799.714075	
3.337000	15.797171	0.718427	-0.024677	51.492118	0.203184	-799.715290	
3.338000	15.839453	0.807484	-0.018526	51.289945	0.273275	-799.716707	
3.339000	15.699922	0.937022	-0.012580	51.085572	0.296639	-799.718445	
3.340000	15.678781	1.017982	-0.007318	50.878894	0.355048	-799.720583	
3.341000	15.776030	0.661755	-0.003017	50.669834	0.323897	-799.723142	
3.342000	15.877507	0.945118	-9.981957E-5	50.458493	0.082471	-799.726106	
3.343000	15.801399	0.864157	0.001136	50.245064	0.331685	-799.729417	
3.344000	15.594217	0.969406	0.000747	50.029607	0.510807	-799.732964	
3.345000	15.606902	1.066559	-0.000944	49.812027	0.335579	-799.736605	
3.346000	15.670325	0.823676	-0.003481	49.592248	0.401776	-799.740195	
3.347000	15.856366	0.718427	-0.006450	49.370361	0.273275	-799.743607	
3.348000	15.805627	0.823676	-0.009639	49.146549	0.277169	-799.746751	
3.349000	15.666097	0.864157	-0.013077	48.920860	0.304427	-799.749584	
3.350000	15.763345	0.880349	-0.016943	48.693199	0.393988	-799.752112	
3.351000	15.792943	0.896541	-0.020889	48.463486	0.320003	-799.754386	
3.352000	15.847910	0.637467	-0.023611	48.231810	0.059107	-799.756501	
3.353000	15.733748	0.758908	-0.024191	47.998353	0.222654	-799.758589	
3.354000	15.759117	0.839869	-0.023038	47.763168	0.393988	-799.760792	
3.355000	15.725291	0.993694	-0.020998	47.526167	0.495231	-799.763240	
3.356000	15.649184	0.937022	-0.018638	47.287281	0.265487	-799.766036	
3.357000	15.805627	0.904637	-0.016225	47.046605	0.117516	-799.769236	
3.358000	15.716835	0.872253	-0.013931	46.804319	0.374518	-799.772841	
3.359000	15.750661	0.920829	-0.011988	46.560479	0.343367	-799.776804	
3.360000	15.683009	0.953214	-0.010513	46.314999	0.366730	-799.781047	
3.361000	15.678781	0.564602	-0.009438	46.067810	0.487443	-799.785458	
3.362000	15.780258	0.904637	-0.008480	45.819000	0.175926	-799.789909	
3.363000	15.776030	0.880349	-0.007315	45.568746	0.312215	-799.794270	
3.364000	15.767574	1.009886	-0.005995	45.317102	0.393988	-799.798425	
3.365000	15.759117	0.961310	-0.004698	45.063988	0.409564	-799.802302	
3.366000	15.750661	0.694139	-0.003474	44.809341	0.238229	-799.805884	
3.367000	15.767574	0.783196	-0.002525	44.553251	0.063001	-799.809198	
3.368000	15.759117	0.839869	-0.002005	44.295893	0.246017	-799.812300	
3.369000	15.733748	1.171808	-0.001755	44.037326	0.413458	-799.815281	
3.370000	15.721063	1.017982	-0.001599	43.777477	0.312215	-799.818261	
3.371000	15.716835	0.839869	-0.001598	43.516286	0.312215	-799.821377	
3.372000	15.792943	0.993694	-0.001879	43.253840	0.160350	-799.824760	
3.373000	15.763345	0.702235	-0.002296	42.990308	0.393988	-799.828500	
3.374000	15.644956	1.082751	-0.002424	42.725741	0.351155	-799.832631	
3.375000	15.784486	0.807484	-0.002102	42.460062	0.382306	-799.837141	
3.376000	15.776030	0.815580	-0.001572	42.193207	0.304427	-799.841987	
3.377000	15.814084	1.017982	-0.000638	41.925259	0.098047	-799.847091	
3.378000	15.767574	0.742716	0.001184	41.656383	0.191502	-799.852340	
3.379000	15.649184	1.058463	0.003858	41.386634	0.436822	-799.857601	
3.380000	15.737976	0.945118	0.007133	41.115945	0.335579	-799.862740	
3.381000	15.678781	0.888445	0.010716	40.844260	0.378412	-799.867650	
3.382000	15.839453	0.750812	0.014101	40.571663	0.242123	-799.872277	
3.383000	15.708379	0.791292	0.016945	40.298311	0.323897	-799.876612	
3.384000	15.657640	1.066559	0.019342	40.024259	0.409564	-799.880680	
3.385000	15.742204	0.912733	0.021582	39.749438	0.417352	-799.884539	
3.386000	15.767574	0.937022	0.023724	39.473791	0.265487	-799.888292	
3.387000	15.911333	0.677947	0.025487	39.197397	0.059107	-799.892079	
3.388000	15.830997	0.580794	0.026576	38.920415	0.222654	-799.896043	
3.389000	15.746433	0.839869	0.026853	38.642899	0.405670	-799.900299	
3.390000	15.716835	0.969406	0.026131	38.364786	0.378412	-799.904920	
3.391000	15.661868	1.082751	0.023933	38.086023	0.199290	-799.909930	
3.392000	15.885963	0.864157	0.019659	37.806684	0.253805	-799.915312	
3.393000	15.780258	0.734620	0.013120	37.526917	0.218760	-799.921013	
3.394000	15.767574	0.839869	0.004812	37.246778	0.425140	-799.926927	
3.395000	15.649184	0.839869	-0.004177	36.966211	0.436822	-799.932912	
3.396000	15.568848	0.815580	-0.012573	36.685170	0.312215	-799.938827	
3.397000	15.805627	0.928926	-0.019627	36.403724	0.179820	-799.944546	
3.398000	15.776030	0.856061	-0.025392	36.122013	0.281063	-799.949970	
3.399000	15.704150	0.985598	-0.030302	35.840081	0.390094	-799.955051	
3.400000	15.657640	0.928926	-0.034568	35.557872	0.397882	-799.959791	0.000000
3.401000	15.699922	0.742716	-0.037895	35.275335	0.238229	-799.964239	
3.402000	15.792943	0.791292	-0.039783	34.992534	0.105834	-799.968492	
3.403000	15.860594	0.726523	-0.040005	34.709609	0.374518	-799.972679	
3.404000	15.725291	1.034175	-0.038789	34.426608	0.374518	-799.976939	
3.405000	15.733748	1.001790	-0.036608	34.143482	0.339473	-799.981405	
3.406000	15.712607	0.888445	-0.033839	33.860184	0.203184	-799.986189	
3.407000	15.733748	0.912733	-0.030661	33.576783	0.296639	-799.991355	
3.408000	15.805627	0.896541	-0.027186	33.293414	0.148668	-799.996904	
3.409000	15.606902	1.042271	-0.023579	33.010129	0.355048	-800.002787	
3.410000	15.699922	1.082751	-0.020081	32.726882	0.417352	-800.008924	
3.411000	15.632271	0.904637	-0.016953	32.443634	0.238229	-800.015205	
3.412000	15.763345	0.864157	-0.014282	32.160444	0.109728	-800.021500	
3.413000	15.759117	0.831773	-0.011908	31.877433	0.199290	-800.027676	
3.414000	15.670325	1.098943	-0.009664	31.594647	0.343367	-800.033609	
3.415000	15.759117	0.888445	-0.007446	31.312045	0.261593	-800.039218	
3.416000	15.699922	0.637467	-0.005162	31.029596	0.191502	-800.044481	
3.417000	15.814084	0.686043	-0.002836	30.747365	0.027955	-800.049432	
3.418000	15.716835	0.888445	-0.000685	30.465479	0.238229	-800.054133	
3.419000	15.776030	1.260865	0.001028	30.183990	0.362836	-800.058680	
3.420000	15.699922	1.082751	0.002139	29.902865	0.355048	-800.063196	
3.421000	15.649184	0.799388	0.002478	29.622080	0.133092	-800.067818	
3.422000	15.818312	0.783196	0.001877	29.341694	0.207078	-800.072677	
3.423000	15.729520	0.823676	0.000379	29.061823	0.358942	-800.077867	
3.424000	15.716835	1.034175	-0.001464	28.782509	0.417352	-800.083423	
3.425000	15.691466	0.969406	-0.002830	28.503717	0.358942	-800.089328	
3.426000	15.589989	0.815580	-0.003637	28.225414	0.246017	-800.095533	
3.427000	15.890192	0.904637	-0.004701	27.947652	0.222654	-800.101954	
3.428000	15.788715	0.928926	-0.006608	27.670535	0.284957	-800.108475	
3.429000	15.666097	1.026079	-0.009165	27.394108	0.343367	-800.114955	
3.430000	15.632271	1.042271	-0.011778	27.118350	0.257699	-800.121256	
3.431000	15.708379	0.823676	-0.014065	26.843241	0.105834	-800.127268	
3.432000	15.776030	0.945118	-0.016261	26.568836	0.148668	-800.132934	
3.433000	15.733748	0.775100	-0.018719	26.295243	0.284957	-800.138244	
3.434000	15.636499	0.888445	-0.020793	26.022511	0.545853	-800.143223	
3.435000	15.670325	1.009886	-0.020895	25.750630	0.296639	-800.147937	
3.436000	15.678781	0.985598	-0.018211	25.479587	0.242123	-800.152493	
3.437000	15.771802	0.896541	-0.013520	25.209426	0.187608	-800.157033	
3.438000	15.830997	0.750812	-0.008133	24.940240	0.214866	-800.161695	
3.439000	15.729520	1.034175	-0.002961	24.672071	0.351155	-800.166596	
3.440000	15.704150	0.977502	0.001647	24.404909	0.374518	-800.171814	
3.441000	15.678781	0.904637	0.005541	24.138745	0.109728	-800.177377	
3.442000	15.657640	0.928926	0.008472	23.873624	0.008485	-800.183271	
3.443000	15.771802	0.831773	0.010057	23.609635	0.323897	-800.189437	
3.444000	15.683009	1.050367	0.009924	23.346819	0.370624	-800.195765	
3.445000	15.657640	1.001790	0.008105	23.085175	0.339473	-800.202118	
3.446000	15.657640	0.937022	0.005075	22.824700	0.238229	-800.208357	
3.447000	15.661868	0.928926	0.001457	22.565436	0.152562	-800.214357	
3.448000	15.805627	0.912733	-0.002042	22.307458	0.300533	-800.220021	
3.449000	15.589989	1.042271	-0.005042	22.050804	0.444610	-800.225294	
3.450000	15.742204	0.629370	-0.007878	21.795478	0.432928	-800.230178	
3.451000	15.771802	0.856061	-0.010738	21.541482	0.140880	-800.234722	
3.452000	15.776030	0.920829	-0.013248	21.288846	0.230441	-800.239025	
3.453000	15.801399	0.920829	-0.015242	21.037634	0.253805	-800.243217	
3.454000	15.691466	1.090847	-0.016930	20.787878	0.323897	-800.247435	
3.455000	15.746433	0.896541	-0.018514	20.539595	0.249911	-800.251811	
3.456000	15.708379	0.783196	-0.020030	20.292800	0.179820	-800.256457	
3.457000	15.754889	0.839869	-0.021420	20.047529	0.253805	-800.261442	
3.458000	15.704150	1.034175	-0.022711	19.803847	0.281063	-800.266772	
3.459000	15.611130	1.366114	-0.024115	19.561788	0.425140	-800.272396	
3.460000	15.640727	0.969406	-0.025906	19.321371	0.382306	-800.278233	
3.461000	15.716835	0.888445	-0.028073	19.082608	0.249911	-800.284166	
3.462000	15.788715	0.823676	-0.030170	18.845524	0.210972	-800.290065	
3.463000	15.716835	0.799388	-0.031642	18.610168	0.308321	-800.295796	
3.464000	15.699922	1.066559	-0.032247	18.376566	0.327791	-800.301240	
3.465000	15.670325	1.058463	-0.032162	18.144743	0.390094	-800.306321	
3.466000	15.788715	0.783196	-0.031599	17.914720	0.164244	-800.311020	
3.467000	15.864822	0.767004	-0.030311	17.686521	0.234335	-800.315367	
3.468000	15.733748	0.823676	-0.027732	17.460189	0.288851	-800.319422	
3.469000	15.683009	1.107039	-0.023580	17.235753	0.366730	-800.323278	
3.470000	15.589989	0.953214	-0.018095	17.013254	0.366730	-800.327059	
3.471000	15.704150	0.831773	-0.011865	16.792723	0.164244	-800.330898	
3.472000	15.699922	0.839869	-0.005622	16.574181	0.292745	-800.334924	
3.473000	15.771802	0.807484	4.320769E-5	16.357660	0.327791	-800.339224	
3.474000	15.687238	0.977502	0.004982	16.143186	0.452398	-800.343833	
3.475000	15.543479	1.050367	0.009351	15.930802	0.246017	-800.348735	
3.476000	15.725291	0.596986	0.013138	15.720543	0.230441	-800.353882	
3.477000	15.750661	0.791292	0.016027	15.512418	0.284957	-800.359191	
3.478000	15.826768	0.888445	0.017830	15.306445	0.238229	-800.364547	
3.479000	15.725291	0.928926	0.018815	15.102641	0.323897	-800.369816	
3.480000	15.666097	0.937022	0.019407	14.901042	0.320003	-800.374871	
3.481000	15.661868	0.888445	0.019784	14.701673	0.035743	-800.379611	
3.482000	15.763345	0.912733	0.019931	14.504538	0.175926	-800.383981	
3.483000	15.788715	0.694139	0.019876	14.309655	0.226548	-800.387971	
3.484000	15.746433	0.945118	0.019716	14.117050	0.230441	-800.391608	
3.485000	15.712607	0.847965	0.019505	13.926789	0.471868	-800.394955	
3.486000	15.636499	0.815580	0.019191	13.738923	0.199290	-800.398125	
3.487000	15.830997	1.009886	0.018543	13.553454	0.210972	-800.401261	
3.488000	15.750661	0.945118	0.017233	13.370384	0.288851	-800.404499	
3.489000	15.725291	0.920829	0.015030	13.189723	0.292745	-800.407951	
3.490000	15.687238	0.726523	0.012000	13.011525	0.288851	-800.411695	
3.491000	15.657640	0.548410	0.008778	12.835829	0.125304	-800.415763	
3.492000	15.776030	0.718427	0.006190	12.662629	0.230441	-800.420145	
3.493000	15.712607	0.888445	0.004411	12.491917	0.261593	-800.424785	
3.494000	15.619586	0.888445	0.003043	12.323707	0.300533	-800.429573	
3.495000	15.594217	0.856061	0.001857	12.158066	0.351155	-800.434370	
3.496000	15.704150	0.775100	0.000986	11.995048	0.117516	-800.439036	
3.497000	15.708379	0.831773	0.000582	11.834644	0.351155	-800.443451	
3.498000	15.670325	0.750812	0.000537	11.676837	0.366730	-800.447514	
3.499000	15.695694	0.953214	0.000478	11.521639	0.358942	-800.451172	
3.500000	15.640727	0.953214	4.968082E-5	11.369136	0.312215	-800.454419	0.000000
3.501000	15.776030	0.556506	-0.000537	11.219400	0.156456	-800.457306	
3.502000	15.864822	0.872253	-0.000719	11.072421	0.366730	-800.459932	
3.503000	15.754889	0.718427	-0.000411	10.928170	0.273275	-800.462431	
3.504000	15.750661	0.896541	-8.275255E-6	10.786647	0.265487	-800.464943	
3.505000	15.628043	0.767004	0.000197	10.647933	0.393988	-800.467602	
3.506000	15.737976	0.702235	0.000255	10.512094	0.086365	-800.470522	
3.507000	15.784486	0.864157	0.000201	10.379110	0.281063	-800.473774	
3.508000	15.725291	0.945118	-0.000228	10.248944	0.277169	-800.477369	
3.509000	15.657640	1.115135	-0.001427	10.121597	0.526383	-800.481263	
3.510000	15.501196	0.880349	-0.003673	9.997159	0.386200	-800.485373	
3.511000	15.712607	0.556506	-0.006959	9.875696	0.242123	-800.489581	
3.512000	15.687238	0.734620	-0.010982	9.757179	0.413458	-800.493748	
3.513000	15.729520	0.710331	-0.015240	9.641557	0.362836	-800.497734	
3.514000	15.670325	0.937022	-0.019126	9.528829	0.323897	-800.501415	
3.515000	15.606902	0.856061	-0.022023	9.419091	0.362836	-800.504708	
3.516000	15.708379	0.888445	-0.023471	9.312419	0.121410	-800.507588	
3.517000	15.843681	0.734620	-0.023359	9.208777	0.277169	-800.510081	
3.518000	15.792943	0.686043	-0.021903	9.108109	0.339473	-800.512254	
3.519000	15.725291	0.856061	-0.019511	9.010414	0.355048	-800.514213	
3.520000	15.661868	0.872253	-0.016742	8.915814	0.370624	-800.516091	
3.521000	15.628043	1.026079	-0.014212	8.824399	0.172032	-800.518032	
3.522000	15.797171	0.847965	-0.012392	8.736131	0.199290	-800.520161	
3.523000	15.721063	0.928926	-0.011550	8.650937	0.253805	-800.522569	
3.524000	15.721063	0.799388	-0.011395	8.568805	0.351155	-800.525290	
3.525000	15.585761	0.888445	-0.010817	8.489840	0.425140	-800.528314	
3.526000	15.653412	0.928926	-0.008994	8.414117	0.183714	-800.531594	
3.527000	15.830997	0.823676	-0.006290	8.341582	0.273275	-800.535048	
3.528000	15.725291	0.791292	-0.003533	8.272150	0.393988	-800.538551	
3.529000	15.797171	0.856061	-0.001238	8.205812	0.355048	-800.541965	
3.530000	15.585761	0.791292	0.000380	8.142694	0.390094	-800.545163	
3.531000	15.678781	0.718427	0.001150	8.082891	0.035743	-800.548049	
3.532000	15.746433	0.831773	0.000939	8.026351	0.269381	-800.550569	
3.533000	15.721063	0.767004	-9.452076E-5	7.972981	0.304427	-800.552707	
3.534000	15.644956	0.880349	-0.001368	7.922772	0.397882	-800.554485	
3.535000	15.568848	1.001790	-0.002278	7.875858	0.401776	-800.555966	
3.536000	15.725291	0.904637	-0.002564	7.832339	0.199290	-800.557264	
3.537000	15.729520	0.686043	-0.002306	7.792151	0.339473	-800.558519	
3.538000	15.729520	0.758908	-0.001901	7.755188	0.339473	-800.559863	
3.539000	15.699922	0.904637	-0.001879	7.721430	0.331685	-800.561403	
3.540000	15.573076	0.799388	-0.002727	7.691013	0.370624	-800.563214	
3.541000	15.809856	0.661755	-0.004741	7.664038	0.105834	-800.565328	
3.542000	15.729520	0.912733	-0.007930	7.640437	0.246017	-800.567734	
3.543000	15.670325	0.767004	-0.012344	7.620100	0.397882	-800.570377	
3.544000	15.636499	0.896541	-0.018002	7.603010	0.335579	-800.573148	
3.545000	15.585761	0.726523	-0.024401	7.589306	0.339473	-800.575908	
3.546000	15.674553	0.920829	-0.030722	7.579087	0.199290	-800.578520	
3.547000	15.695694	0.799388	-0.036228	7.572278	0.312215	-800.580864	
3.548000	15.695694	0.807484	-0.040215	7.568755	0.308321	-800.582847	
3.549000	15.695694	1.074655	-0.042002	7.568496	0.265487	-800.584417	
3.550000	15.551935	0.937022	-0.041043	7.571637	0.351155	-800.585571	
3.551000	15.674553	0.888445	-0.037210	7.578272	0.207078	-800.586356	
3.552000	15.814084	0.758908	-0.031025	7.588312	0.316109	-800.586871	
3.553000	15.784486	0.856061	-0.023437	7.601617	0.355048	-800.587250	
3.554000	15.653412	0.937022	-0.015525	7.618162	0.483549	-800.587639	
3.555000	15.560391	0.888445	-0.008254	7.638096	0.401776	-800.588171	
3.556000	15.678781	0.937022	-0.002213	7.661519	0.082471	-800.588957	
3.557000	15.818312	0.864157	0.002372	7.688338	0.323897	-800.590061	
3.558000	15.788715	0.669851	0.004985	7.718413	0.261593	-800.591493	
3.559000	15.594217	0.945118	0.004674	7.751725	0.218760	-800.593212	
3.560000	15.480055	0.880349	0.001206	7.788436	0.288851	-800.595140	
3.561000	15.628043	0.985598	-0.004565	7.828650	0.327791	-800.597164	
3.562000	15.742204	0.953214	-0.011484	7.872261	0.331685	-800.599150	
3.563000	15.729520	0.928926	-0.018465	7.919112	0.374518	-800.600961	
3.564000	15.721063	0.904637	-0.024695	7.969174	0.358942	-800.602480	
3.565000	15.509653	0.815580	-0.029759	8.022604	0.284957	-800.603633	
3.566000	15.683009	0.904637	-0.033459	8.079499	0.136986	-800.604401	
3.567000	15.839453	0.961310	-0.035680	8.139747	0.281063	-800.604808	
3.568000	15.712607	0.961310	-0.036369	8.203179	0.222654	-800.604912	
3.569000	15.754889	1.082751	-0.035531	8.269767	0.316109	-800.604814	
3.570000	15.539250	0.872253	-0.033370	8.339674	0.409564	-800.604647	
3.571000	15.716835	0.807484	-0.030322	8.413006	0.214866	-800.604555	
3.572000	15.674553	0.920829	-0.026764	8.489645	0.296639	-800.604661	
3.573000	15.691466	0.807484	-0.022694	8.569421	0.284957	-800.605049	
3.574000	15.704150	0.993694	-0.017871	8.652311	0.335579	-800.605749	
3.575000	15.446230	1.147520	-0.012246	8.738495	0.323897	-800.606747	
3.576000	15.750661	0.540314	-0.005959	8.828077	0.164244	-800.608000	
3.577000	15.589989	0.888445	0.000780	8.920931	0.273275	-800.609425	
3.578000	15.750661	0.807484	0.007541	9.016871	0.312215	-800.610901	
3.579000	15.708379	1.009886	0.013863	9.115869	0.308321	-800.612287	
3.580000	15.594217	0.839869	0.019483	9.218101	0.386200	-800.613452	
3.581000	15.754889	0.661755	0.024253	9.323672	0.156456	-800.614297	
3.582000	15.708379	0.807484	0.028168	9.432447	0.374518	-800.614772	
3.583000	15.737976	1.115135	0.031646	9.544239	0.191502	-800.614869	
3.584000	15.649184	1.188000	0.035617	9.659024	0.374518	-800.614610	
3.585000	15.513881	0.847965	0.040778	9.776990	0.304427	-800.614060	
3.586000	15.568848	0.734620	0.046783	9.898241	0.362836	-800.613328	
3.587000	15.771802	0.596986	0.052593	10.022637	0.503019	-800.612556	
3.588000	15.737976	0.823676	0.057262	10.149983	0.370624	-800.611878	
3.589000	15.573076	1.090847	0.060274	10.280255	0.417352	-800.611404	
3.590000	15.467371	0.993694	0.061573	10.413641	0.362836	-800.611206	
3.591000	15.767574	1.050367	0.061363	10.550232	0.249911	-800.611310	
3.592000	15.818312	0.734620	0.059668	10.689872	0.460186	-800.611704	
3.593000	15.742204	0.742716	0.056157	10.832355	0.331685	-800.612334	
3.594000	15.657640	0.928926	0.050722	10.977654	0.351155	-800.613099	
3.595000	15.463143	0.791292	0.043859	11.125953	0.323897	-800.613860	
3.596000	15.666097	0.904637	0.036267	11.277345	0.312215	-800.614474	
3.597000	15.729520	0.847965	0.028561	11.431668	0.339473	-800.614816	
3.598000	15.699922	0.847965	0.021235	11.588716	0.312215	-800.614790	
3.599000	15.598445	0.880349	0.014521	11.748476	0.526383	-800.614343	
3.600000	15.471599	0.888445	0.008593	11.911146	0.246017	-800.613471	0.000000
3.601000	15.678781	0.694139	0.004244	12.076818	0.339473	-800.612213	
3.602000	15.708379	1.050367	0.002791	12.245321	0.417352	-800.610658	
3.603000	15.856366	0.758908	0.004623	12.416437	0.312215	-800.608935	
3.604000	15.750661	0.791292	0.008668	12.590154	0.358942	-800.607188	
3.605000	15.467371	0.961310	0.013574	12.766675	0.386200	-800.605558	
3.606000	15.691466	0.847965	0.018368	12.946088	0.277169	-800.604160	
3.607000	15.729520	0.831773	0.022197	13.128210	0.370624	-800.603063	
3.608000	15.733748	0.831773	0.024402	13.312823	0.226548	-800.602273	
3.609000	15.704150	1.074655	0.024827	13.499921	0.308321	-800.601748	
3.610000	15.450458	0.928926	0.023721	13.689717	0.339473	-800.601412	
3.611000	15.636499	0.831773	0.021443	13.882303	0.351155	-800.601148	
3.612000	15.611130	1.179904	0.018424	14.077491	0.409564	-800.600816	
3.613000	15.721063	0.912733	0.015164	14.275053	0.382306	-800.600267	
3.614000	15.649184	1.026079	0.012188	14.474974	0.390094	-800.599374	
3.615000	15.496968	0.742716	0.009939	14.677458	0.366730	-800.598054	
3.616000	15.750661	0.969406	0.008957	14.882588	0.405670	-800.596288	
3.617000	15.683009	0.977502	0.009834	15.090166	0.475762	-800.594106	
3.618000	15.776030	0.880349	0.012251	15.299957	0.316109	-800.591570	
3.619000	15.649184	0.904637	0.015085	15.511954	0.300533	-800.588783	
3.620000	15.551935	0.661755	0.017492	15.726368	0.401776	-800.585882	
3.621000	15.771802	0.775100	0.018949	15.943282	0.316109	-800.583014	
3.622000	15.695694	0.823676	0.019043	16.162495	0.413458	-800.580313	
3.623000	15.695694	0.896541	0.017642	16.383778	0.401776	-800.577870	
3.624000	15.585761	1.082751	0.014893	16.607136	0.327791	-800.575721	
3.625000	15.577304	0.904637	0.010833	16.832787	0.409564	-800.573851	
3.626000	15.687238	0.953214	0.005356	17.060803	0.316109	-800.572212	
3.627000	15.737976	0.686043	-0.001161	17.290967	0.409564	-800.570723	
3.628000	15.729520	0.686043	-0.007819	17.523038	0.257699	-800.569264	
3.629000	15.640727	0.815580	-0.013785	17.757021	0.393988	-800.567700	
3.630000	15.535022	0.856061	-0.018589	17.993133	0.284957	-800.565901	
3.631000	15.708379	0.880349	-0.022184	18.231442	0.312215	-800.563764	
3.632000	15.797171	0.742716	-0.024897	18.471730	0.296639	-800.561239	
3.633000	15.725291	0.807484	-0.026916	18.713762	0.226548	-800.558322	
3.634000	15.666097	0.953214	-0.027757	18.957555	0.210972	-800.555040	
3.635000	15.467371	0.815580	-0.026738	19.203341	0.370624	-800.551452	
3.636000	15.771802	0.839869	-0.023909	19.451191	0.257699	-800.547666	
3.637000	15.712607	0.864157	-0.020017	19.700879	0.234335	-800.543816	
3.638000	15.754889	0.864157	-0.015777	19.952162	0.323897	-800.540042	
3.639000	15.661868	0.904637	-0.011605	20.205053	0.355048	-800.536457	
3.640000	15.471599	0.977502	-0.007874	20.459778	0.351155	-800.533138	
3.641000	15.771802	0.758908	-0.005009	20.716397	0.316109	-800.530114	
3.642000	15.788715	0.694139	-0.003401	20.974672	0.351155	-800.527370	
3.643000	15.721063	0.677947	-0.003358	21.234356	0.288851	-800.524856	
3.644000	15.644956	0.912733	-0.004962	21.495467	0.257699	-800.522475	
3.645000	15.543479	0.904637	-0.007938	21.758233	0.292745	-800.520103	
3.646000	15.666097	0.888445	-0.011739	22.022709	0.172032	-800.517610	
3.647000	15.661868	0.928926	-0.015781	22.288657	0.386200	-800.514874	
3.648000	15.725291	0.823676	-0.019631	22.555835	0.401776	-800.511802	
3.649000	15.564620	0.645563	-0.023036	22.824270	0.339473	-800.508342	
3.650000	15.454686	0.856061	-0.025807	23.094196	0.331685	-800.504495	
3.651000	15.742204	1.017982	-0.027348	23.365661	0.452398	-800.500304	
3.652000	15.564620	0.847965	-0.026506	23.638410	0.370624	-800.495858	
3.653000	15.729520	0.904637	-0.022855	23.912193	0.335579	-800.491284	
3.654000	15.640727	0.799388	-0.017508	24.187035	0.382306	-800.486720	
3.655000	15.687238	0.742716	-0.011987	24.463171	0.351155	-800.482304	
3.656000	15.754889	0.742716	-0.007334	24.740644	0.288851	-800.478151	
3.657000	15.661868	0.807484	-0.004180	25.019201	0.339473	-800.474333	
3.658000	15.687238	0.912733	-0.003052	25.298595	0.277169	-800.470861	
3.659000	15.628043	0.815580	-0.004436	25.578869	0.253805	-800.467697	
3.660000	15.674553	0.807484	-0.008141	25.860271	0.288851	-800.464768	
3.661000	15.666097	0.734620	-0.013282	26.142845	0.351155	-800.461966	
3.662000	15.649184	0.880349	-0.019040	26.426336	0.397882	-800.459157	
3.663000	15.678781	0.872253	-0.024844	26.710499	0.421246	-800.456199	
3.664000	15.535022	1.058463	-0.030191	26.995378	0.320003	-800.452970	
3.665000	15.653412	0.847965	-0.034682	27.281223	0.452398	-800.449384	
3.666000	15.759117	0.807484	-0.037907	27.568074	0.304427	-800.445417	
3.667000	15.746433	0.750812	-0.039190	27.855671	0.460186	-800.441094	
3.668000	15.733748	0.783196	-0.038169	28.143767	0.226548	-800.436477	
3.669000	15.640727	0.686043	-0.035232	28.432415	0.277169	-800.431667	
3.670000	15.657640	0.572698	-0.031004	28.721868	0.207078	-800.426796	
3.671000	15.704150	0.815580	-0.026109	29.012162	0.355048	-800.422005	
3.672000	15.792943	0.807484	-0.021157	29.303032	0.397882	-800.417427	
3.673000	15.695694	0.880349	-0.016681	29.594232	0.246017	-800.413156	
3.674000	15.598445	0.799388	-0.013061	29.885814	0.347261	-800.409230	
3.675000	15.535022	0.718427	-0.010372	30.178024	0.339473	-800.405633	
3.676000	15.716835	0.775100	-0.008742	30.470890	0.425140	-800.402315	
3.677000	15.826768	0.783196	-0.008691	30.764135	0.401776	-800.399188	
3.678000	15.712607	0.912733	-0.010345	31.057508	0.355048	-800.396129	
3.679000	15.589989	0.920829	-0.012917	31.351064	0.203184	-800.393001	
3.680000	15.636499	0.815580	-0.015449	31.645057	0.366730	-800.389671	
3.681000	15.733748	0.750812	-0.017358	31.939513	0.296639	-800.386038	
3.682000	15.763345	0.710331	-0.018391	32.234156	0.296639	-800.382046	
3.683000	15.750661	0.694139	-0.018499	32.528735	0.207078	-800.377689	
3.684000	15.577304	0.807484	-0.017779	32.823314	0.257699	-800.373002	
3.685000	15.687238	0.775100	-0.016444	33.118146	0.393988	-800.368054	
3.686000	15.636499	1.058463	-0.014638	33.413256	0.300533	-800.362954	
3.687000	15.581532	0.856061	-0.012403	33.708362	0.261593	-800.357838	
3.688000	15.721063	0.815580	-0.009923	34.003214	0.358942	-800.352838	
3.689000	15.556163	0.823676	-0.007470	34.297878	0.409564	-800.348067	
3.690000	15.729520	0.775100	-0.005204	34.592608	0.390094	-800.343600	
3.691000	15.611130	0.920829	-0.003288	34.887424	0.288851	-800.339467	
3.692000	15.759117	0.718427	-0.002078	35.182042	0.355048	-800.335650	
3.693000	15.737976	0.847965	-0.002039	35.476206	0.292745	-800.332089	
3.694000	15.551935	0.807484	-0.003311	35.769979	0.226548	-800.328678	
3.695000	15.733748	0.767004	-0.005386	36.063619	0.156456	-800.325286	
3.696000	15.674553	0.791292	-0.007409	36.357149	0.343367	-800.321776	
3.697000	15.712607	0.702235	-0.008624	36.650289	0.331685	-800.318028	
3.698000	15.683009	0.750812	-0.008466	36.942792	0.249911	-800.313944	
3.699000	15.433545	1.026079	-0.006775	37.234729	0.308321	-800.309468	
3.700000	15.691466	1.026079	-0.004047	37.526346	0.323897	-800.304598	0.000000
3.701000	15.687238	1.131328	-0.000964	37.817650	0.362836	-800.299375	
3.702000	15.809856	0.750812	0.002319	38.108352	0.464080	-800.293891	
3.703000	15.683009	0.613178	0.005863	38.398202	0.284957	-800.288275	
3.704000	15.458914	0.856061	0.009284	38.687275	0.347261	-800.282666	
3.705000	15.771802	0.783196	0.011974	38.975829	0.242123	-800.277200	
3.706000	15.712607	0.880349	0.013701	39.263873	0.343367	-800.271989	
3.707000	15.814084	0.710331	0.014767	39.551125	0.409564	-800.267104	
3.708000	15.737976	0.750812	0.015626	39.837339	0.144774	-800.262559	
3.709000	15.505425	0.969406	0.016299	40.122593	0.284957	-800.258322	
3.710000	15.716835	0.920829	0.016215	40.407141	0.292745	-800.254323	
3.711000	15.678781	0.831773	0.014917	40.690990	0.413458	-800.250446	
3.712000	15.763345	0.588890	0.012662	40.973857	0.421246	-800.246556	
3.713000	15.619586	0.823676	0.010108	41.255502	0.269381	-800.242512	
3.714000	15.518109	0.904637	0.007964	41.536000	0.265487	-800.238192	
3.715000	15.674553	0.977502	0.006834	41.815596	0.331685	-800.233511	
3.716000	15.754889	0.791292	0.006859	42.094284	0.386200	-800.228438	
3.717000	15.729520	0.710331	0.007873	42.371775	0.421246	-800.222989	
3.718000	15.767574	0.791292	0.009920	42.647828	0.304427	-800.217225	
3.719000	15.543479	0.791292	0.012982	42.922526	0.222654	-800.211254	
3.720000	15.835225	0.831773	0.016539	43.196133	0.308321	-800.205214	
3.721000	15.708379	0.896541	0.019849	43.468660	0.253805	-800.199250	
3.722000	15.733748	0.799388	0.022322	43.739828	0.288851	-800.193492	
3.723000	15.763345	0.847965	0.023713	44.009397	0.355048	-800.188033	
3.724000	15.505425	0.775100	0.024120	44.277452	0.277169	-800.182913	
3.725000	15.767574	0.783196	0.023504	44.544243	0.413458	-800.178125	
3.726000	15.636499	1.090847	0.021323	44.809770	0.339473	-800.173618	
3.727000	15.661868	1.228481	0.017109	45.073749	0.429034	-800.169297	
3.728000	15.636499	0.920829	0.011259	45.335942	0.292745	-800.165033	
3.729000	15.458914	0.912733	0.004854	45.596427	0.331685	-800.160682	
3.730000	15.852138	0.742716	-0.001165	45.855449	0.335579	-800.156117	
3.731000	15.687238	0.856061	-0.006269	46.113006	0.362836	-800.151240	
3.732000	15.721063	0.807484	-0.010180	46.368814	0.273275	-800.145996	
3.733000	15.729520	0.888445	-0.012793	46.622637	0.273275	-800.140379	
3.734000	15.501196	1.098943	-0.014083	46.874557	0.304427	-800.134420	
3.735000	15.843681	0.880349	-0.014187	47.124821	0.277169	-800.128187	
3.736000	15.657640	0.847965	-0.013485	47.373433	0.393988	-800.121794	
3.737000	15.708379	0.831773	-0.012396	47.620118	0.475762	-800.115380	
3.738000	15.611130	0.823676	-0.011218	47.864650	0.374518	-800.109081	
3.739000	15.484284	0.856061	-0.010120	48.107110	0.382306	-800.103009	
3.740000	15.869051	0.937022	-0.009196	48.347741	0.358942	-800.097236	
3.741000	15.737976	1.001790	-0.008620	48.586537	0.460186	-800.091788	
3.742000	15.725291	1.082751	-0.008542	48.823223	0.335579	-800.086652	
3.743000	15.602673	0.823676	-0.008855	49.057569	0.281063	-800.081777	
3.744000	15.619586	0.872253	-0.009340	49.289652	0.226548	-800.077062	
3.745000	15.864822	0.823676	-0.009859	49.519709	0.273275	-800.072379	
3.746000	15.670325	0.831773	-0.010400	49.747737	0.320003	-800.067597	
3.747000	15.763345	0.864157	-0.011058	49.973469	0.246017	-800.062600	
3.748000	15.699922	0.815580	-0.011955	50.196687	0.425140	-800.057303	
3.749000	15.433545	0.961310	-0.013097	50.417479	0.339473	-800.051661	
3.750000	15.754889	0.920829	-0.014286	50.636082	0.386200	-800.045673	
3.751000	15.556163	1.066559	-0.015323	50.852486	0.358942	-800.039380	
3.752000	15.771802	1.034175	-0.016303	51.066421	0.526383	-800.032866	
3.753000	15.699922	0.767004	-0.017516	51.277665	0.339473	-800.026257	
3.754000	15.526566	0.831773	-0.019075	51.486293	0.277169	-800.019692	
3.755000	15.776030	0.920829	-0.020818	51.692526	0.358942	-800.013307	
3.756000	15.737976	1.001790	-0.022469	51.896349	0.296639	-800.007209	
3.757000	15.763345	0.807484	-0.023788	52.097493	0.382306	-800.001463	
3.758000	15.809856	0.791292	-0.024655	52.295745	0.207078	-799.996084	
3.759000	15.606902	0.669851	-0.025283	52.491190	0.257699	-799.991047	
3.760000	15.822540	0.912733	-0.026308	52.684060	0.323897	-799.986286	
3.761000	15.619586	0.904637	-0.028074	52.874355	0.608156	-799.981695	
3.762000	15.687238	1.082751	-0.030123	53.061818	0.534171	-799.977135	
3.763000	15.695694	0.985598	-0.031765	53.246245	0.323897	-799.972469	
3.764000	15.496968	0.864157	-0.032721	53.427722	0.288851	-799.967578	
3.765000	15.885963	0.815580	-0.033055	53.606480	0.397882	-799.962389	
3.766000	15.640727	0.937022	-0.032843	53.782520	0.436822	-799.956874	
3.767000	15.568848	0.912733	-0.032181	53.955586	0.432928	-799.951049	
3.768000	15.725291	0.977502	-0.031116	54.125472	0.269381	-799.944965	
3.769000	15.598445	1.050367	-0.029549	54.292258	0.249911	-799.938723	
3.770000	15.987440	0.710331	-0.027570	54.456164	0.246017	-799.932466	
3.771000	15.678781	0.823676	-0.025631	54.617192	0.284957	-799.926348	
3.772000	15.691466	0.969406	-0.024079	54.775099	0.261593	-799.920504	
3.773000	15.683009	0.864157	-0.022855	54.929690	0.304427	-799.915029	
3.774000	15.581532	0.985598	-0.022155	55.081048	0.284957	-799.909965	
3.775000	15.873279	0.831773	-0.022624	55.229396	0.261593	-799.905307	
3.776000	15.623814	0.815580	-0.023973	55.374737	0.386200	-799.901008	
3.777000	15.716835	0.993694	-0.024840	55.516835	0.390094	-799.896977	
3.778000	15.746433	0.904637	-0.024357	55.655496	0.339473	-799.893089	
3.779000	15.577304	0.767004	-0.022493	55.790803	0.226548	-799.889204	
3.780000	15.881735	0.888445	-0.019548	55.922973	0.277169	-799.885188	
3.781000	15.733748	0.710331	-0.016014	56.052015	0.514701	-799.880936	
3.782000	15.737976	0.904637	-0.012340	56.177697	0.390094	-799.876393	
3.783000	15.716835	0.839869	-0.008986	56.299834	0.312215	-799.871555	
3.784000	15.644956	1.017982	-0.006741	56.418510	0.234335	-799.866458	
3.785000	15.805627	0.912733	-0.006225	56.533939	0.164244	-799.861169	
3.786000	15.746433	0.564602	-0.007242	56.646130	0.358942	-799.855798	
3.787000	15.666097	0.807484	-0.009234	56.754861	0.460186	-799.850482	
3.788000	15.716835	0.847965	-0.011800	56.859957	0.347261	-799.845361	
3.789000	15.568848	0.904637	-0.014446	56.961508	0.316109	-799.840552	
3.790000	15.776030	0.937022	-0.016688	57.059733	0.347261	-799.836129	
3.791000	15.712607	0.686043	-0.018501	57.154642	0.436822	-799.832111	
3.792000	15.602673	0.888445	-0.019780	57.246016	0.436822	-799.828477	
3.793000	15.737976	0.613178	-0.019811	57.333681	0.331685	-799.825170	
3.794000	15.746433	0.710331	-0.018217	57.417723	0.230441	-799.822097	
3.795000	15.860594	0.920829	-0.015455	57.498354	0.429034	-799.819135	
3.796000	15.695694	0.904637	-0.012032	57.575582	0.339473	-799.816150	
3.797000	15.699922	1.082751	-0.008191	57.649197	0.292745	-799.813019	
3.798000	15.754889	0.742716	-0.003952	57.719032	0.218760	-799.809650	
3.799000	15.699922	0.710331	0.001187	57.785176	0.195396	-799.806002	
3.800000	15.767574	0.653659	0.007923	57.847840	0.288851	-799.802080	0.000000
3.801000	15.670325	1.009886	0.015843	57.907039	0.308321	-799.797924	
3.802000	15.628043	1.058463	0.023184	57.962572	0.355048	-799.793614	
3.803000	15.733748	1.050367	0.028463	58.014280	0.366730	-799.789269	
3.804000	15.708379	0.767004	0.031338	58.062251	0.242123	-799.785028	
3.805000	15.843681	0.758908	0.032026	58.106696	0.249911	-799.781030	
3.806000	15.661868	0.815580	0.030884	58.147630	0.355048	-799.777387	
3.807000	15.725291	0.945118	0.028199	58.184859	0.421246	-799.774165	
3.808000	15.763345	0.969406	0.024143	58.218224	0.203184	-799.771374	
3.809000	15.733748	0.888445	0.018517	58.247816	0.168138	-799.768988	
3.810000	15.869051	0.702235	0.010578	58.273846	0.234335	-799.766941	
3.811000	15.649184	0.920829	0.000213	58.296336	0.249911	-799.765128	
3.812000	15.704150	0.807484	-0.011269	58.315103	0.421246	-799.763410	
3.813000	15.615358	0.783196	-0.022089	58.329999	0.288851	-799.761640	
3.814000	15.716835	0.750812	-0.030812	58.341112	0.175926	-799.759694	
3.815000	15.809856	0.880349	-0.036559	58.348649	0.327791	-799.757485	
3.816000	15.721063	0.791292	-0.039239	58.352634	0.253805	-799.754982	
3.817000	15.657640	0.977502	-0.039137	58.352887	0.370624	-799.752199	
3.818000	15.661868	1.082751	-0.036203	58.349268	0.343367	-799.749190	
3.819000	15.763345	0.783196	-0.030486	58.341862	0.175926	-799.746058	
3.820000	15.839453	0.953214	-0.022892	58.330879	0.351155	-799.742938	
3.821000	15.780258	0.694139	-0.014889	58.316347	0.327791	-799.739974	
3.822000	15.733748	0.904637	-0.007798	58.298098	0.316109	-799.737300	
3.823000	15.687238	0.904637	-0.002421	58.276002	0.249911	-799.735013	
3.824000	15.805627	1.155616	0.001096	58.250153	0.160350	-799.733160	
3.825000	15.712607	0.961310	0.002915	58.220762	0.339473	-799.731732	
3.826000	15.683009	0.799388	0.002955	58.187861	0.378412	-799.730676	
3.827000	15.661868	0.985598	0.001117	58.151290	0.460186	-799.729898	
3.828000	15.695694	0.775100	-0.002188	58.110923	0.382306	-799.729271	
3.829000	15.780258	0.896541	-0.006186	58.066852	0.273275	-799.728655	
3.830000	15.767574	0.904637	-0.010099	58.019282	0.312215	-799.727918	
3.831000	15.704150	0.920829	-0.013361	57.968248	0.432928	-799.726950	
3.832000	15.721063	0.969406	-0.015791	57.913591	0.374518	-799.725688	
3.833000	15.725291	1.058463	-0.017362	57.855185	0.234335	-799.724127	
3.834000	15.729520	0.807484	-0.017817	57.793122	0.172032	-799.722306	
3.835000	15.805627	0.726523	-0.016866	57.727603	0.304427	-799.720298	
3.836000	15.661868	0.758908	-0.014580	57.658660	0.339473	-799.718210	
3.837000	15.750661	1.123232	-0.011475	57.586141	0.417352	-799.716172	
3.838000	15.725291	0.904637	-0.008311	57.509932	0.195396	-799.714318	
3.839000	15.792943	0.750812	-0.005808	57.430129	0.234335	-799.712764	
3.840000	15.767574	0.799388	-0.004360	57.346940	0.242123	-799.711586	
3.841000	15.589989	0.710331	-0.004060	57.260402	0.397882	-799.710803	
3.842000	15.763345	1.001790	-0.005362	57.170372	0.464080	-799.710386	
3.843000	15.661868	1.034175	-0.009140	57.076738	0.323897	-799.710275	
3.844000	15.962071	0.831773	-0.015515	56.979596	0.195396	-799.710371	
3.845000	15.830997	0.815580	-0.023533	56.879148	0.284957	-799.710550	
3.846000	15.674553	0.815580	-0.032079	56.775433	0.456292	-799.710683	
3.847000	15.653412	0.985598	-0.040219	56.668315	0.351155	-799.710649	
3.848000	15.687238	0.856061	-0.047141	56.557687	0.238229	-799.710358	
3.849000	15.924017	0.799388	-0.052590	56.443647	0.136986	-799.709767	
3.850000	15.780258	0.807484	-0.057296	56.326399	0.320003	-799.708885	
3.851000	15.598445	0.856061	-0.061968	56.205991	0.397882	-799.707751	
3.852000	15.670325	1.188000	-0.065879	56.082299	0.339473	-799.706443	
3.853000	15.589989	0.702235	-0.067816	55.955223	0.351155	-799.705082	
3.854000	15.864822	0.775100	-0.067628	55.824858	0.316109	-799.703810	
3.855000	15.805627	0.856061	-0.065859	55.691402	0.362836	-799.702762	
3.856000	15.750661	0.847965	-0.063006	55.554900	0.534171	-799.702046	
3.857000	15.674553	1.115135	-0.059510	55.415228	0.296639	-799.701724	
3.858000	15.666097	0.864157	-0.056088	55.272289	0.366730	-799.701807	
3.859000	15.919789	0.880349	-0.053675	55.126179	0.070789	-799.702267	
3.860000	15.809856	0.904637	-0.052661	54.977098	0.253805	-799.703040	
3.861000	15.754889	0.928926	-0.052617	54.825097	0.393988	-799.704016	
3.862000	15.763345	1.050367	-0.052791	54.670063	0.386200	-799.705058	
3.863000	15.661868	0.775100	-0.052508	54.511911	0.362836	-799.706028	
3.864000	15.754889	1.050367	-0.051347	54.350741	0.331685	-799.706808	
3.865000	15.716835	0.864157	-0.049069	54.186753	0.335579	-799.707316	
3.866000	15.742204	0.815580	-0.045485	54.020002	0.347261	-799.707518	
3.867000	15.725291	1.131328	-0.040473	53.850373	0.300533	-799.707427	
3.868000	15.708379	0.880349	-0.033871	53.677780	0.335579	-799.707104	
3.869000	15.826768	0.928926	-0.025757	53.502320	0.261593	-799.706654	
3.870000	15.801399	0.847965	-0.016868	53.324189	0.366730	-799.706216	
3.871000	15.725291	0.937022	-0.008357	53.143440	0.269381	-799.705930	
3.872000	15.759117	0.985598	-0.001216	52.959966	0.269381	-799.705925	
3.873000	15.716835	0.815580	0.004097	52.773683	0.246017	-799.706301	
3.874000	15.792943	0.669851	0.007658	52.584692	0.125304	-799.707112	
3.875000	15.788715	0.839869	0.009333	52.393186	0.343367	-799.708355	
3.876000	15.649184	1.050367	0.008152	52.199221	0.370624	-799.709976	
3.877000	15.750661	0.985598	0.003420	52.002696	0.401776	-799.711881	
3.878000	15.678781	0.928926	-0.004117	51.803537	0.288851	-799.713942	
3.879000	15.818312	0.904637	-0.012887	51.601842	0.203184	-799.716024	
3.880000	15.763345	0.872253	-0.021512	51.397803	0.432928	-799.717994	
3.881000	15.598445	0.969406	-0.029095	51.191473	0.444610	-799.719735	
3.882000	15.729520	0.961310	-0.034932	50.982752	0.292745	-799.721176	
3.883000	15.767574	0.629370	-0.038234	50.771562	0.308321	-799.722308	
3.884000	15.869051	0.758908	-0.038409	50.557996	0.051319	-799.723176	
3.885000	15.746433	0.856061	-0.035666	50.342236	0.249911	-799.723857	
3.886000	15.602673	1.017982	-0.030904	50.124331	0.323897	-799.724466	
3.887000	15.721063	1.115135	-0.025013	49.904185	0.339473	-799.725137	
3.888000	15.704150	0.847965	-0.018700	49.681722	0.316109	-799.726004	
3.889000	15.869051	0.702235	-0.012542	49.457039	0.222654	-799.727187	
3.890000	15.767574	0.799388	-0.007025	49.230323	0.335579	-799.728765	
3.891000	15.754889	0.880349	-0.002654	49.001633	0.405670	-799.730759	
3.892000	15.615358	1.082751	0.000226	48.770876	0.448504	-799.733143	
3.893000	15.657640	0.637467	0.001614	48.537979	0.273275	-799.735850	
3.894000	15.898648	0.847965	0.001715	48.303027	0.214866	-799.738775	
3.895000	15.814084	0.791292	0.000863	48.066199	0.292745	-799.741791	
3.896000	15.746433	0.880349	-0.000459	47.827545	0.467974	-799.744763	
3.897000	15.691466	1.115135	-0.001810	47.586981	0.323897	-799.747571	
3.898000	15.674553	0.831773	-0.003096	47.344438	0.214866	-799.750123	
3.899000	15.911333	0.872253	-0.004624	47.100010	0.094153	-799.752379	
3.900000	15.797171	0.831773	-0.006640	46.853880	0.218760	-799.754345	0.000000
3.901000	15.695694	0.888445	-0.008878	46.606113	0.417352	-799.756063	
3.902000	15.674553	0.985598	-0.010815	46.356634	0.316109	-799.757615	
3.903000	15.657640	0.758908	-0.012110	46.105378	0.222654	-799.759125	
3.904000	15.809856	0.993694	-0.012683	45.852436	0.195396	-799.760733	
3.905000	15.822540	0.872253	-0.012663	45.597980	0.456292	-799.762571	
3.906000	15.704150	0.904637	-0.012333	45.342064	0.386200	-799.764741	
3.907000	15.716835	1.009886	-0.012060	45.084608	0.460186	-799.767302	
3.908000	15.725291	0.767004	-0.012285	44.825549	0.351155	-799.770269	
3.909000	15.784486	0.758908	-0.013470	44.564969	0.105834	-799.773617	
3.910000	15.792943	0.807484	-0.015630	44.303037	0.129198	-799.777280	
3.911000	15.708379	0.993694	-0.018182	44.039812	0.331685	-799.781149	
3.912000	15.784486	0.993694	-0.020456	43.775226	0.362836	-799.785084	
3.913000	15.776030	0.880349	-0.021986	43.509228	0.284957	-799.788950	
3.914000	15.750661	0.839869	-0.022546	43.241904	0.113622	-799.792627	
3.915000	15.742204	0.847965	-0.022266	42.973426	0.339473	-799.796033	
3.916000	15.678781	1.034175	-0.021508	42.703853	0.479655	-799.799127	
3.917000	15.725291	1.017982	-0.020618	42.433116	0.510807	-799.801915	
3.918000	15.712607	0.831773	-0.019801	42.161158	0.320003	-799.804454	
3.919000	15.881735	0.847965	-0.018964	41.888061	0.246017	-799.806852	
3.920000	15.801399	0.742716	-0.017999	41.613987	0.452398	-799.809249	
3.921000	15.721063	1.017982	-0.017232	41.338990	0.304427	-799.811782	
3.922000	15.784486	0.961310	-0.017000	41.062999	0.358942	-799.814573	
3.923000	15.721063	0.807484	-0.017168	40.785959	0.246017	-799.817719	
3.924000	15.894420	0.677947	-0.017070	40.507955	0.078577	-799.821273	
3.925000	15.704150	1.017982	-0.015565	40.229149	0.304427	-799.825237	
3.926000	15.526566	0.961310	-0.011873	39.949598	0.421246	-799.829557	
3.927000	15.670325	1.196096	-0.006529	39.669236	0.421246	-799.834132	
3.928000	15.657640	0.799388	-0.000785	39.388010	0.214866	-799.838832	
3.929000	15.826768	0.750812	0.004581	39.106002	0.191502	-799.843520	
3.930000	15.776030	0.791292	0.009258	38.823369	0.374518	-799.848065	
3.931000	15.678781	0.920829	0.013089	38.540165	0.444610	-799.852355	
3.932000	15.644956	1.050367	0.016214	38.256326	0.347261	-799.856320	
3.933000	15.653412	0.872253	0.018672	37.971800	0.195396	-799.859948	
3.934000	15.877507	0.969406	0.019659	37.686662	0.016273	-799.863275	
3.935000	15.869051	0.661755	0.017924	37.401063	0.105834	-799.866377	
3.936000	15.750661	0.904637	0.013157	37.115054	0.335579	-799.869367	
3.937000	15.657640	1.009886	0.006215	36.828582	0.487443	-799.872383	
3.938000	15.683009	0.823676	-0.001813	36.541603	0.320003	-799.875563	
3.939000	15.759117	1.074655	-0.010084	36.254193	0.183714	-799.879025	
3.940000	15.792943	0.993694	-0.018047	35.966503	0.421246	-799.882844	
3.941000	15.661868	1.009886	-0.025388	35.678589	0.479655	-799.887038	
3.942000	15.733748	0.686043	-0.031768	35.390402	0.374518	-799.891585	
3.943000	15.704150	0.726523	-0.036799	35.101901	0.191502	-799.896425	
3.944000	15.712607	0.839869	-0.040345	34.813156	0.070789	-799.901460	
3.945000	15.797171	0.758908	-0.042454	34.524308	0.273275	-799.906559	
3.946000	15.721063	0.969406	-0.043158	34.235406	0.409564	-799.911582	
3.947000	15.771802	0.864157	-0.042516	33.946401	0.316109	-799.916410	
3.948000	15.704150	0.896541	-0.040535	33.657253	0.292745	-799.920960	
3.949000	15.733748	0.661755	-0.037428	33.368029	0.203184	-799.925200	
3.950000	15.830997	0.880349	-0.033646	33.078863	0.323897	-799.929139	
3.951000	15.674553	1.042271	-0.029169	32.789805	0.308321	-799.932817	
3.952000	15.661868	0.864157	-0.023756	32.500811	0.479655	-799.936315	
3.953000	15.683009	0.710331	-0.017751	32.211849	0.160350	-799.939755	
3.954000	15.725291	0.799388	-0.011855	31.922989	0.172032	-799.943279	
3.955000	15.733748	0.920829	-0.006604	31.634359	0.284957	-799.947015	
3.956000	15.683009	1.017982	-0.002315	31.346007	0.386200	-799.951056	
3.957000	15.725291	0.937022	0.000688	31.057899	0.409564	-799.955454	
3.958000	15.704150	0.831773	0.002055	30.770006	0.304427	-799.960222	
3.959000	15.805627	0.791292	0.001623	30.482395	0.234335	-799.965343	
3.960000	15.729520	0.864157	-0.000556	30.195192	0.347261	-799.970759	
3.961000	15.678781	0.953214	-0.004168	29.908445	0.355048	-799.976359	
3.962000	15.644956	1.058463	-0.008566	29.622115	0.249911	-799.982004	
3.963000	15.721063	0.783196	-0.013105	29.336170	0.168138	-799.987558	
3.964000	15.814084	0.791292	-0.017454	29.050668	0.175926	-799.992911	
3.965000	15.678781	0.791292	-0.021386	28.765732	0.397882	-799.997980	
3.966000	15.670325	1.204192	-0.024337	28.481409	0.429034	-800.002728	
3.967000	15.661868	1.074655	-0.025198	28.197671	0.448504	-800.007158	
3.968000	15.746433	0.888445	-0.023085	27.914489	0.257699	-800.011320	
3.969000	15.788715	0.880349	-0.018401	27.631917	0.203184	-800.015316	
3.970000	15.826768	0.758908	-0.012550	27.350060	0.300533	-800.019281	
3.971000	15.716835	0.993694	-0.006892	27.068959	0.292745	-800.023353	
3.972000	15.683009	0.912733	-0.002301	26.788580	0.179820	-800.027656	
3.973000	15.776030	0.904637	0.000703	26.508897	0.292745	-800.032290	
3.974000	15.771802	0.718427	0.001453	26.229959	0.335579	-800.037308	
3.975000	15.822540	0.758908	-0.001001	25.951874	0.362836	-800.042712	
3.976000	15.674553	0.872253	-0.006868	25.674687	0.300533	-800.048453	
3.977000	15.657640	0.791292	-0.014975	25.398391	0.374518	-800.054438	
3.978000	15.632271	0.888445	-0.023557	25.122972	0.172032	-800.060535	
3.979000	15.699922	0.864157	-0.031192	24.848480	0.156456	-800.066603	
3.980000	15.771802	0.767004	-0.037100	24.575007	0.304427	-800.072503	
3.981000	15.695694	1.188000	-0.041032	24.302596	0.257699	-800.078119	
3.982000	15.674553	0.920829	-0.043040	24.031236	0.440716	-800.083382	
3.983000	15.649184	0.815580	-0.043317	23.760917	0.207078	-800.088285	
3.984000	15.763345	0.791292	-0.042004	23.491685	0.257699	-800.092865	
3.985000	15.839453	0.686043	-0.039024	23.223627	0.246017	-800.097191	
3.986000	15.818312	1.001790	-0.034347	22.956782	0.288851	-800.101371	
3.987000	15.746433	0.750812	-0.028405	22.691151	0.261593	-800.105546	
3.988000	15.699922	0.823676	-0.021911	22.426732	0.168138	-800.109864	
3.989000	15.767574	0.823676	-0.015462	22.163571	0.175926	-800.114450	
3.990000	15.737976	0.888445	-0.009456	21.901748	0.292745	-800.119378	
3.991000	15.742204	1.107039	-0.004106	21.641308	0.277169	-800.124663	
3.992000	15.649184	0.856061	0.000364	21.382266	0.327791	-800.130274	
3.993000	15.678781	0.888445	0.003436	21.124631	0.249911	-800.136156	
3.994000	15.852138	0.807484	0.004710	20.868438	0.234335	-800.142212	
3.995000	15.670325	0.953214	0.004459	20.613752	0.261593	-800.148306	
3.996000	15.712607	1.074655	0.003427	20.360596	0.300533	-800.154295	
3.997000	15.742204	0.969406	0.002149	20.108973	0.444610	-800.160051	
3.998000	15.750661	0.702235	0.000534	19.858883	0.074683	-800.165489	
3.999000	15.873279	0.750812	-0.001803	19.610362	0.094153	-800.170579	
4.000000	15.687238	0.823676	-0.004968	19.363475	0.304427	-800.175330	0.000000
4.001000	15.695694	1.123232	-0.008714	19.118256	0.518595	-800.179783	
4.002000	15.661868	1.131328	-0.012552	18.874726	0.386200	-800.184015	
4.003000	15.674553	0.864157	-0.015873	18.632902	0.199290	-800.188151	
4.004000	15.801399	0.750812	-0.018302	18.392819	0.160350	-800.192337	
4.005000	15.708379	0.637467	-0.019814	18.154532	0.335579	-800.196708	
4.006000	15.678781	1.026079	-0.020531	17.918068	0.432928	-800.201363	
4.007000	15.666097	0.880349	-0.020553	17.683448	0.273275	-800.206353	
4.008000	15.742204	0.937022	-0.019698	17.450683	0.246017	-800.211687	
4.009000	15.818312	0.629370	-0.017367	17.219791	0.444610	-800.217338	
4.010000	15.792943	0.791292	-0.013073	16.990814	0.242123	-800.223244	
4.011000	15.691466	0.912733	-0.007048	16.763779	0.382306	-800.229295	
4.012000	15.640727	0.977502	2.616166E-5	16.538726	0.261593	-800.235353	
4.013000	15.754889	0.758908	0.007519	16.315687	0.098047	-800.241281	
4.014000	15.805627	0.872253	0.014849	16.094682	0.207078	-800.246968	
4.015000	15.746433	0.920829	0.021547	15.875749	0.234335	-800.252333	
4.016000	15.666097	1.074655	0.027473	15.658917	0.378412	-800.257340	
4.017000	15.560391	1.034175	0.032647	15.444229	0.417352	-800.261995	
4.018000	15.674553	0.880349	0.036972	15.231715	0.234335	-800.266348	
4.019000	15.746433	0.799388	0.040251	15.021386	0.199290	-800.270498	
4.020000	15.801399	0.864157	0.042275	14.813259	0.210972	-800.274576	
4.021000	15.725291	1.017982	0.042843	14.607361	0.471868	-800.278719	
4.022000	15.712607	0.823676	0.041779	14.403753	0.214866	-800.283053	
4.023000	15.674553	0.920829	0.038967	14.202486	0.074683	-800.287677	
4.024000	15.767574	0.961310	0.034580	14.003569	0.203184	-800.292644	
4.025000	15.750661	0.888445	0.029272	13.807013	0.265487	-800.297952	
4.026000	15.780258	0.831773	0.023835	13.612840	0.405670	-800.303552	
4.027000	15.653412	0.864157	0.018669	13.421119	0.316109	-800.309353	
4.028000	15.615358	0.945118	0.013935	13.231908	0.183714	-800.315231	
4.029000	15.733748	0.912733	0.010052	13.045211	0.347261	-800.321050	
4.030000	15.619586	0.969406	0.007476	12.861031	0.327791	-800.326668	
4.031000	15.716835	0.896541	0.006226	12.679380	0.409564	-800.331965	
4.032000	15.678781	0.912733	0.005813	12.500318	0.386200	-800.336869	
4.033000	15.666097	0.767004	0.005360	12.323892	0.331685	-800.341371	
4.034000	15.784486	0.742716	0.004089	12.150094	0.378412	-800.345510	
4.035000	15.759117	0.823676	0.001967	11.978912	0.393988	-800.349358	
4.036000	15.805627	0.815580	-0.000570	11.810360	0.355048	-800.353026	
4.037000	15.581532	0.904637	-0.003376	11.644516	0.320003	-800.356657	
4.038000	15.733748	0.750812	-0.006531	11.481446	0.094153	-800.360400	
4.039000	15.754889	0.888445	-0.010019	11.321145	0.331685	-800.364387	
4.040000	15.716835	0.839869	-0.013783	11.163593	0.390094	-800.368694	
4.041000	15.674553	1.139424	-0.017709	11.008798	0.323897	-800.373337	
4.042000	15.640727	1.139424	-0.021150	10.856846	0.335579	-800.378284	
4.043000	15.721063	0.920829	-0.023024	10.707807	0.168138	-800.383471	
4.044000	15.737976	0.702235	-0.022976	10.561664	0.296639	-800.388800	
4.045000	15.771802	0.775100	-0.021590	10.418385	0.417352	-800.394136	
4.046000	15.653412	1.050367	-0.019423	10.277969	0.308321	-800.399330	
4.047000	15.640727	0.742716	-0.016839	10.140499	0.343367	-800.404250	
4.048000	15.754889	0.856061	-0.014347	10.006040	0.035743	-800.408806	
4.049000	15.797171	0.888445	-0.012564	9.874567	0.335579	-800.412965	
4.050000	15.754889	0.775100	-0.011863	9.746039	0.308321	-800.416740	
4.051000	15.628043	1.285153	-0.012102	9.620458	0.140880	-800.420175	
4.052000	15.644956	0.864157	-0.012992	9.497917	0.320003	-800.423353	
4.053000	15.683009	0.937022	-0.014466	9.378488	0.121410	-800.426399	
4.054000	15.771802	0.775100	-0.016531	9.262143	0.288851	-800.429461	
4.055000	15.699922	0.767004	-0.019066	9.148833	0.175926	-800.432673	
4.056000	15.636499	1.026079	-0.021767	9.038553	0.417352	-800.436137	
4.057000	15.606902	1.026079	-0.024343	8.931384	0.288851	-800.439904	
4.058000	15.695694	1.034175	-0.026550	8.827387	0.133092	-800.443981	
4.059000	15.797171	0.945118	-0.028203	8.726516	0.113622	-800.448339	
4.060000	15.847910	0.758908	-0.029440	8.628707	0.288851	-800.452911	
4.061000	15.729520	0.904637	-0.030545	8.533952	0.503019	-800.457590	
4.062000	15.649184	0.985598	-0.031592	8.442364	0.253805	-800.462237	
4.063000	15.611130	0.969406	-0.032566	8.354026	0.113622	-800.466713	
4.064000	15.792943	0.847965	-0.033582	8.268897	0.386200	-800.470903	
4.065000	15.763345	0.847965	-0.034744	8.186901	0.277169	-800.474727	
4.066000	15.733748	0.807484	-0.035874	8.108038	0.366730	-800.478150	
4.067000	15.543479	0.928926	-0.036453	8.032446	0.281063	-800.481178	
4.068000	15.543479	0.937022	-0.035924	7.960230	0.265487	-800.483862	
4.069000	15.852138	1.001790	-0.034121	7.891340	0.370624	-800.486297	
4.070000	15.763345	0.985598	-0.031380	7.825686	0.425140	-800.488614	
4.071000	15.704150	1.026079	-0.028347	7.763253	0.374518	-800.490948	
4.072000	15.615358	0.847965	-0.025584	7.704168	0.421246	-800.493425	
4.073000	15.725291	0.702235	-0.023307	7.648524	0.175926	-800.496145	
4.074000	15.780258	0.904637	-0.021755	7.596262	0.148668	-800.499159	
4.075000	15.750661	0.718427	-0.021538	7.547277	0.320003	-800.502464	
4.076000	15.699922	0.945118	-0.023462	7.501554	0.366730	-800.506010	
4.077000	15.606902	0.831773	-0.028309	7.459230	0.230441	-800.509708	
4.078000	15.725291	0.831773	-0.035922	7.420404	0.136986	-800.513434	
4.079000	15.644956	0.977502	-0.044758	7.385012	0.320003	-800.517051	
4.080000	15.666097	0.880349	-0.053061	7.352944	0.308321	-800.520422	
4.081000	15.661868	0.985598	-0.059674	7.324183	0.323897	-800.523429	
4.082000	15.594217	0.799388	-0.064034	7.298877	0.448504	-800.526001	
4.083000	15.750661	0.839869	-0.065781	7.277131	0.129198	-800.528133	
4.084000	15.670325	0.758908	-0.064410	7.258872	0.483549	-800.529865	
4.085000	15.695694	0.977502	-0.059961	7.243971	0.339473	-800.531269	
4.086000	15.661868	0.969406	-0.053303	7.232402	0.304427	-800.532448	
4.087000	15.674553	0.645563	-0.045526	7.224313	0.436822	-800.533541	
4.088000	15.729520	0.742716	-0.037683	7.219810	0.156456	-800.534694	
4.089000	15.776030	0.742716	-0.030449	7.218816	0.355048	-800.536040	
4.090000	15.771802	0.888445	-0.023947	7.221201	0.308321	-800.537664	
4.091000	15.678781	1.171808	-0.018263	7.226939	0.257699	-800.539587	
4.092000	15.577304	0.572698	-0.013621	7.236180	0.277169	-800.541782	
4.093000	15.623814	0.856061	-0.010245	7.249028	0.168138	-800.544187	
4.094000	15.746433	0.961310	-0.008372	7.265392	0.390094	-800.546706	
4.095000	15.788715	0.742716	-0.008022	7.285125	0.347261	-800.549206	
4.096000	15.628043	0.880349	-0.008682	7.308200	0.366730	-800.551540	
4.097000	15.501196	0.888445	-0.009526	7.334771	0.277169	-800.553576	
4.098000	15.725291	0.807484	-0.009889	7.364938	0.230441	-800.555223	
4.099000	15.835225	0.928926	-0.009445	7.398601	0.238229	-800.556444	
4.100000	15.742204	0.750812	-0.008279	7.435605	0.179820	-800.557249	0.000000
4.101000	15.602673	0.807484	-0.006716	7.475926	0.261593	-800.557683	
4.102000	15.480055	0.767004	-0.004945	7.519725	0.261593	-800.557834	
4.103000	15.678781	0.856061	-0.003106	7.567106	0.249911	-800.557832	
4.104000	15.750661	0.920829	-0.001559	7.617962	0.304427	-800.557823	
4.105000	15.716835	0.807484	-0.000628	7.672134	0.335579	-800.557941	
4.106000	15.657640	0.864157	-0.000285	7.729604	0.421246	-800.558287	
4.107000	15.492740	0.847965	-0.000334	7.790540	0.405670	-800.558917	
4.108000	15.666097	0.856061	-0.000855	7.855045	0.175926	-800.559839	
4.109000	15.763345	0.556506	-0.002298	7.922996	0.401776	-800.561023	
4.110000	15.776030	0.775100	-0.004879	7.994218	0.292745	-800.562403	
4.111000	15.776030	0.904637	-0.008225	8.068682	0.148668	-800.563872	
4.112000	15.509653	0.912733	-0.011631	8.146556	0.425140	-800.565294	
4.113000	15.721063	0.758908	-0.014349	8.227938	0.113622	-800.566537	
4.114000	15.737976	0.718427	-0.015863	8.312700	0.242123	-800.567490	
4.115000	15.759117	0.823676	-0.015953	8.400665	0.277169	-800.568073	
4.116000	15.750661	0.621274	-0.014584	8.491820	0.273275	-800.568252	
4.117000	15.458914	0.767004	-0.012153	8.586357	0.292745	-800.568038	
4.118000	15.708379	0.775100	-0.009430	8.684387	0.300533	-800.567483	
4.119000	15.640727	1.042271	-0.006767	8.785777	0.304427	-800.566687	
4.120000	15.729520	0.880349	-0.003986	8.890339	0.312215	-800.565776	
4.121000	15.687238	0.880349	-0.001117	8.998051	0.362836	-800.564886	
4.122000	15.513881	0.702235	0.001505	9.109096	0.405670	-800.564144	
4.123000	15.704150	0.661755	0.003733	9.223573	0.257699	-800.563650	
4.124000	15.759117	0.847965	0.005795	9.341334	0.549747	-800.563460	
4.125000	15.784486	0.953214	0.008301	9.462183	0.331685	-800.563572	
4.126000	15.666097	0.872253	0.011959	9.586099	0.366730	-800.563941	
4.127000	15.539250	0.653659	0.016668	9.713277	0.331685	-800.564482	
4.128000	15.615358	0.661755	0.021511	9.843815	0.175926	-800.565080	
4.129000	15.716835	0.686043	0.025801	9.977562	0.401776	-800.565602	
4.130000	15.644956	0.815580	0.029411	10.114319	0.370624	-800.565914	
4.131000	15.623814	0.937022	0.032419	10.254070	0.378412	-800.565895	
4.132000	15.522337	0.945118	0.034721	10.397012	0.413458	-800.565471	
4.133000	15.792943	0.961310	0.035998	10.543240	0.273275	-800.564629	
4.134000	15.759117	0.726523	0.036024	10.692591	0.308321	-800.563403	
4.135000	15.708379	0.823676	0.034636	10.844858	0.370624	-800.561863	
4.136000	15.737976	0.661755	0.031782	11.000018	0.452398	-800.560113	
4.137000	15.543479	0.718427	0.027625	11.158264	0.312215	-800.558288	
4.138000	15.763345	0.694139	0.022291	11.319684	0.055213	-800.556532	
4.139000	15.797171	0.767004	0.015844	11.484109	0.288851	-800.554977	
4.140000	15.687238	0.888445	0.008689	11.651324	0.273275	-800.553708	
4.141000	15.636499	0.969406	0.001401	11.821318	0.491337	-800.552749	
4.142000	15.458914	0.791292	-0.005487	11.994296	0.304427	-800.552074	
4.143000	15.716835	0.686043	-0.010993	12.170350	0.300533	-800.551621	
4.144000	15.712607	0.702235	-0.014350	12.349302	0.393988	-800.551288	
4.145000	15.640727	0.961310	-0.015847	12.530932	0.370624	-800.550940	
4.146000	15.657640	0.953214	-0.015973	12.715227	0.378412	-800.550432	
4.147000	15.374350	0.912733	-0.015101	12.902390	0.382306	-800.549634	
4.148000	15.695694	0.807484	-0.013807	13.092505	0.253805	-800.548448	
4.149000	15.763345	0.710331	-0.012473	13.285377	0.487443	-800.546836	
4.150000	15.818312	0.637467	-0.011523	13.480779	0.281063	-800.544807	
4.151000	15.725291	1.074655	-0.011850	13.678698	0.335579	-800.542414	
4.152000	15.425089	0.702235	-0.013871	13.879343	0.281063	-800.539746	
4.153000	15.716835	0.945118	-0.017021	14.082791	0.316109	-800.536930	
4.154000	15.708379	0.945118	-0.020644	14.288843	0.413458	-800.534111	
4.155000	15.729520	0.872253	-0.024499	14.497268	0.230441	-800.531418	
4.156000	15.653412	0.961310	-0.028625	14.708062	0.421246	-800.528955	
4.157000	15.403948	0.815580	-0.033142	14.921440	0.386200	-800.526780	
4.158000	15.666097	0.920829	-0.037848	15.137479	0.304427	-800.524900	
4.159000	15.628043	0.977502	-0.042518	15.355971	0.440716	-800.523282	
4.160000	15.737976	0.896541	-0.047557	15.576678	0.249911	-800.521857	
4.161000	15.670325	0.847965	-0.053240	15.799597	0.320003	-800.520513	
4.162000	15.577304	0.807484	-0.058889	16.024944	0.323897	-800.519117	
4.163000	15.695694	0.775100	-0.063391	16.252793	0.316109	-800.517543	
4.164000	15.699922	0.839869	-0.065899	16.482932	0.370624	-800.515680	
4.165000	15.699922	0.888445	-0.066203	16.715124	0.273275	-800.513452	
4.166000	15.687238	1.034175	-0.064838	16.949373	0.230441	-800.510826	
4.167000	15.573076	0.750812	-0.062718	17.185901	0.249911	-800.507819	
4.168000	15.636499	0.937022	-0.060240	17.424780	0.238229	-800.504485	
4.169000	15.636499	0.839869	-0.057103	17.665794	0.265487	-800.500928	
4.170000	15.653412	1.009886	-0.053118	17.908705	0.355048	-800.497276	
4.171000	15.661868	1.009886	-0.048538	18.153521	0.269381	-800.493664	
4.172000	15.560391	0.726523	-0.043733	18.400463	0.409564	-800.490219	
4.173000	15.699922	0.823676	-0.039035	18.649593	0.253805	-800.487042	
4.174000	15.729520	0.750812	-0.034533	18.900683	0.316109	-800.484186	
4.175000	15.649184	0.864157	-0.030084	19.153482	0.308321	-800.481652	
4.176000	15.712607	0.742716	-0.026279	19.408002	0.296639	-800.479394	
4.177000	15.437773	0.767004	-0.024047	19.664464	0.226548	-800.477325	
4.178000	15.725291	0.815580	-0.023394	19.922928	0.187608	-800.475331	
4.179000	15.763345	0.799388	-0.023782	20.183160	0.382306	-800.473281	
4.180000	15.653412	1.001790	-0.024752	20.444919	0.261593	-800.471046	
4.181000	15.577304	0.985598	-0.026091	20.708228	0.300533	-800.468508	
4.182000	15.442002	1.001790	-0.027868	20.973321	0.436822	-800.465592	
4.183000	15.725291	0.969406	-0.030043	21.240253	0.386200	-800.462281	
4.184000	15.737976	0.702235	-0.032263	21.508777	0.503019	-800.458604	
4.185000	15.822540	0.767004	-0.034168	21.778642	0.366730	-800.454630	
4.186000	15.585761	0.937022	-0.035579	22.049877	0.374518	-800.450468	
4.187000	15.547707	1.026079	-0.036548	22.322718	0.323897	-800.446256	
4.188000	15.780258	0.880349	-0.037388	22.597212	0.343367	-800.442137	
4.189000	15.792943	0.945118	-0.038304	22.873109	0.432928	-800.438241	
4.190000	15.767574	0.726523	-0.039234	23.150163	0.273275	-800.434653	
4.191000	15.530794	0.791292	-0.040201	23.428414	0.234335	-800.431402	
4.192000	15.556163	0.694139	-0.041721	23.708107	0.308321	-800.428468	
4.193000	15.695694	0.920829	-0.044374	23.989286	0.347261	-800.425792	
4.194000	15.657640	0.928926	-0.048016	24.271697	0.413458	-800.423270	
4.195000	15.657640	0.937022	-0.051812	24.555095	0.323897	-800.420767	
4.196000	15.598445	0.847965	-0.054747	24.839525	0.292745	-800.418142	
4.197000	15.598445	0.758908	-0.056159	25.125232	0.316109	-800.415267	
4.198000	15.649184	0.872253	-0.055966	25.412252	0.409564	-800.412046	
4.199000	15.763345	0.993694	-0.054410	25.700315	0.444610	-800.408435	
4.200000	15.746433	0.815580	-0.051742	25.989162	0.300533	-800.404438	0.000000
4.201000	15.640727	0.758908	-0.047602	26.278823	0.327791	-800.400101	
4.202000	15.737976	0.783196	-0.040844	26.569537	0.257699	-800.395514	
4.203000	15.716835	0.758908	-0.031141	26.861342	0.218760	-800.390810	
4.204000	15.737976	0.726523	-0.019822	27.153973	0.261593	-800.386136	
4.205000	15.716835	0.767004	-0.008542	27.447178	0.269381	-800.381624	
4.206000	15.577304	0.888445	0.001571	27.741004	0.323897	-800.377376	
4.207000	15.644956	0.783196	0.009758	28.035699	0.312215	-800.373447	
4.208000	15.674553	0.702235	0.015540	28.331291	0.417352	-800.369846	
4.209000	15.737976	0.807484	0.018716	28.627506	0.335579	-800.366539	
4.210000	15.598445	0.823676	0.019285	28.924088	0.312215	-800.363451	
4.211000	15.598445	0.775100	0.017555	29.221082	0.323897	-800.360470	
4.212000	15.716835	0.815580	0.014311	29.518729	0.308321	-800.357463	
4.213000	15.712607	0.799388	0.010389	29.817049	0.288851	-800.354307	
4.214000	15.780258	0.791292	0.006092	30.115766	0.382306	-800.350898	
4.215000	15.683009	0.920829	0.001497	30.414626	0.284957	-800.347162	
4.216000	15.589989	0.928926	-0.003206	30.713690	0.273275	-800.343071	
4.217000	15.725291	0.823676	-0.007838	31.013211	0.386200	-800.338635	
4.218000	15.721063	0.702235	-0.011881	31.313221	0.397882	-800.333906	
4.219000	15.628043	0.864157	-0.014569	31.613445	0.335579	-800.328983	
4.220000	15.644956	0.912733	-0.015641	31.913640	0.218760	-800.323995	
4.221000	15.526566	0.969406	-0.015422	32.213870	0.405670	-800.319073	
4.222000	15.670325	0.920829	-0.014445	32.514386	0.436822	-800.314337	
4.223000	15.699922	0.880349	-0.013125	32.815201	0.382306	-800.309879	
4.224000	15.814084	0.847965	-0.011607	33.116029	0.460186	-800.305747	
4.225000	15.776030	0.613178	-0.010053	33.416616	0.331685	-800.301940	
4.226000	15.492740	0.799388	-0.008715	33.717023	0.386200	-800.298410	
4.227000	15.729520	0.734620	-0.007693	34.017501	0.335579	-800.295068	
4.228000	15.721063	0.702235	-0.006987	34.318066	0.316109	-800.291792	
4.229000	15.708379	0.864157	-0.006462	34.618435	0.347261	-800.288450	
4.230000	15.784486	0.686043	-0.005878	34.918362	0.261593	-800.284914	
4.231000	15.446230	0.839869	-0.005256	35.217921	0.386200	-800.281073	
4.232000	15.644956	0.783196	-0.004687	35.517368	0.292745	-800.276855	
4.233000	15.598445	0.912733	-0.003836	35.816717	0.222654	-800.272240	
4.234000	15.776030	0.807484	-0.002002	36.115680	0.553641	-800.267254	
4.235000	15.763345	0.775100	0.001247	36.414009	0.308321	-800.261964	
4.236000	15.589989	0.839869	0.005620	36.711779	0.355048	-800.256478	
4.237000	15.729520	0.767004	0.010358	37.009245	0.253805	-800.250934	
4.238000	15.657640	0.896541	0.014725	37.306414	0.316109	-800.245479	
4.239000	15.780258	0.702235	0.018103	37.602995	0.355048	-800.240242	
4.240000	15.750661	0.645563	0.020028	37.898737	0.308321	-800.235308	
4.241000	15.522337	0.912733	0.020572	38.193712	0.343367	-800.230710	
4.242000	15.704150	0.872253	0.020607	38.488171	0.164244	-800.226433	
4.243000	15.661868	0.920829	0.021082	38.782122	0.413458	-800.222418	
4.244000	15.780258	0.888445	0.022055	39.075281	0.405670	-800.218559	
4.245000	15.649184	0.726523	0.022961	39.367406	0.320003	-800.214715	
4.246000	15.501196	0.807484	0.023423	39.658577	0.246017	-800.210740	
4.247000	15.759117	0.839869	0.023362	39.949047	0.397882	-800.206503	
4.248000	15.661868	0.864157	0.022855	40.238819	0.460186	-800.201911	
4.249000	15.776030	1.034175	0.022024	40.527600	0.351155	-800.196916	
4.250000	15.708379	0.847965	0.020829	40.815140	0.323897	-800.191524	
4.251000	15.518109	0.710331	0.019563	41.101509	0.417352	-800.185782	
4.252000	15.788715	0.815580	0.019160	41.386959	0.261593	-800.179780	
4.253000	15.737976	0.621274	0.020171	41.671494	0.347261	-800.173655	
4.254000	15.712607	0.726523	0.022281	41.954830	0.393988	-800.167558	
4.255000	15.708379	0.864157	0.024849	42.236728	0.327791	-800.161628	
4.256000	15.480055	1.001790	0.027169	42.517267	0.386200	-800.155973	
4.257000	15.750661	0.896541	0.028629	42.796702	0.370624	-800.150650	
4.258000	15.674553	0.775100	0.028891	43.075039	0.238229	-800.145668	
4.259000	15.742204	0.791292	0.027936	43.351994	0.386200	-800.140993	
4.260000	15.670325	0.791292	0.025882	43.627327	0.284957	-800.136557	
4.261000	15.484284	0.637467	0.022865	43.901115	0.413458	-800.132246	
4.262000	15.801399	0.864157	0.019178	44.173604	0.230441	-800.127921	
4.263000	15.784486	0.702235	0.015204	44.444796	0.288851	-800.123446	
4.264000	15.725291	0.847965	0.011168	44.714407	0.417352	-800.118714	
4.265000	15.733748	0.791292	0.007134	44.982200	0.277169	-800.113649	
4.266000	15.446230	0.694139	0.003316	45.248256	0.199290	-800.108223	
4.267000	15.784486	0.783196	0.000669	45.512820	0.284957	-800.102454	
4.268000	15.733748	0.791292	0.000725	45.775889	0.460186	-800.096402	
4.269000	15.687238	0.734620	0.004012	46.037185	0.397882	-800.090169	
4.270000	15.666097	0.872253	0.009403	46.296477	0.331685	-800.083888	
4.271000	15.361666	1.042271	0.015251	46.553846	0.277169	-800.077693	
4.272000	15.890192	0.807484	0.020321	46.809527	0.393988	-800.071707	
4.273000	15.661868	0.896541	0.023913	47.063509	0.382306	-800.066023	
4.274000	15.746433	0.880349	0.025837	47.315508	0.378412	-800.060691	
4.275000	15.619586	0.669851	0.026166	47.565292	0.234335	-800.055711	
4.276000	15.522337	0.969406	0.024729	47.812942	0.265487	-800.051040	
4.277000	15.847910	0.758908	0.021282	48.058694	0.218760	-800.046592	
4.278000	15.801399	0.928926	0.016157	48.302542	0.343367	-800.042249	
4.279000	15.763345	0.791292	0.010108	48.544211	0.386200	-800.037876	
4.280000	15.708379	0.823676	0.003704	48.783477	0.203184	-800.033347	
4.281000	15.526566	0.767004	-0.002711	49.020430	0.362836	-800.028553	
4.282000	15.797171	0.823676	-0.008668	49.255311	0.374518	-800.023426	
4.283000	15.615358	0.888445	-0.013606	49.488122	0.409564	-800.017949	
4.284000	15.683009	0.953214	-0.017217	49.718594	0.452398	-800.012146	
4.285000	15.708379	0.823676	-0.019471	49.946502	0.327791	-800.006079	
4.286000	15.594217	0.839869	-0.020475	50.171928	0.300533	-799.999858	
4.287000	15.814084	0.621274	-0.020484	50.395099	0.339473	-799.993622	
4.288000	15.716835	0.516025	-0.019863	50.616006	0.378412	-799.987513	
4.289000	15.712607	0.969406	-0.018974	50.834376	0.390094	-799.981657	
4.290000	15.801399	0.888445	-0.018121	51.049987	0.222654	-799.976137	
4.291000	15.522337	0.847965	-0.017509	51.262920	0.175926	-799.970988	
4.292000	15.869051	0.937022	-0.017218	51.473408	0.436822	-799.966199	
4.293000	15.581532	0.847965	-0.017219	51.681449	0.390094	-799.961718	
4.294000	15.636499	0.888445	-0.017465	51.886782	0.557535	-799.957444	
4.295000	15.721063	0.896541	-0.017937	52.089194	0.292745	-799.953240	
4.296000	15.450458	0.904637	-0.018612	52.288768	0.281063	-799.948967	
4.297000	15.826768	0.718427	-0.019292	52.485730	0.246017	-799.944501	
4.298000	15.725291	0.880349	-0.019429	52.680073	0.448504	-799.939751	
4.299000	15.636499	0.928926	-0.018210	52.871534	0.265487	-799.934671	
4.300000	15.754889	0.540314	-0.014917	53.059901	0.257699	-799.929266	0.000000
4.301000	15.611130	0.661755	-0.009368	53.245258	0.308321	-799.923583	
4.302000	15.970528	0.605082	-0.002084	53.427840	0.417352	-799.917717	
4.303000	15.691466	1.082751	0.005939	53.607654	0.343367	-799.911802	
4.304000	15.704150	0.937022	0.013596	53.784451	0.421246	-799.905988	
4.305000	15.737976	0.945118	0.020023	53.958027	0.265487	-799.900413	
4.306000	15.581532	0.799388	0.024666	54.128464	0.187608	-799.895183	
4.307000	15.860594	0.718427	0.027236	54.295990	0.265487	-799.890360	
4.308000	15.733748	0.726523	0.027944	54.460607	0.316109	-799.885952	
4.309000	15.606902	0.864157	0.027360	54.622074	0.374518	-799.881924	
4.310000	15.611130	1.058463	0.025762	54.780193	0.331685	-799.878200	
4.311000	15.585761	0.847965	0.023131	54.935040	0.284957	-799.874666	
4.312000	15.864822	1.026079	0.019627	55.086837	0.397882	-799.871184	
4.313000	15.716835	0.686043	0.015609	55.235585	0.358942	-799.867619	
4.314000	15.788715	0.839869	0.011364	55.381047	0.421246	-799.863861	
4.315000	15.666097	0.880349	0.006976	55.523027	0.199290	-799.859835	
4.316000	15.606902	0.839869	0.002572	55.661607	0.265487	-799.855513	
4.317000	15.830997	1.066559	-0.001375	55.797008	0.238229	-799.850914	
4.318000	15.725291	0.823676	-0.004320	55.929237	0.273275	-799.846091	
4.319000	15.801399	1.107039	-0.006069	56.058064	0.522489	-799.841147	
4.320000	15.611130	0.702235	-0.006738	56.183307	0.339473	-799.836211	
4.321000	15.598445	0.847965	-0.006645	56.305052	0.335579	-799.831422	
4.322000	15.780258	0.799388	-0.006172	56.423515	0.358942	-799.826899	
4.323000	15.729520	0.872253	-0.005601	56.538699	0.370624	-799.822732	
4.324000	15.737976	1.171808	-0.005044	56.650380	0.234335	-799.818963	
4.325000	15.678781	0.750812	-0.004483	56.758373	0.327791	-799.815589	
4.326000	15.674553	0.750812	-0.004070	56.862756	0.230441	-799.812570	
4.327000	15.801399	0.953214	-0.004247	56.963737	0.238229	-799.809822	
4.328000	15.847910	0.815580	-0.005147	57.061314	0.374518	-799.807222	
4.329000	15.699922	0.993694	-0.006340	57.155271	0.366730	-799.804632	
4.330000	15.746433	0.710331	-0.007358	57.245434	0.160350	-799.801925	
4.331000	15.725291	0.896541	-0.008066	57.331892	0.269381	-799.798997	
4.332000	15.801399	0.856061	-0.008685	57.414858	0.347261	-799.795785	
4.333000	15.632271	0.945118	-0.009545	57.494343	0.370624	-799.792268	
4.334000	15.594217	1.139424	-0.010586	57.570141	0.456292	-799.788468	
4.335000	15.746433	0.823676	-0.011228	57.642088	0.304427	-799.784443	
4.336000	15.687238	0.758908	-0.011028	57.710269	0.296639	-799.780301	
4.337000	15.847910	0.783196	-0.010209	57.774886	0.327791	-799.776180	
4.338000	15.649184	0.969406	-0.009309	57.835945	0.257699	-799.772221	
4.339000	15.725291	0.953214	-0.008702	57.893240	0.440716	-799.768542	
4.340000	15.780258	0.815580	-0.008530	57.946610	0.222654	-799.765228	
4.341000	15.801399	0.880349	-0.008905	57.996138	0.218760	-799.762317	
4.342000	15.856366	0.710331	-0.010189	58.042030	0.234335	-799.759799	
4.343000	15.615358	0.775100	-0.012917	58.084299	0.308321	-799.757619	
4.344000	15.683009	0.985598	-0.017190	58.122753	0.347261	-799.755674	
4.345000	15.653412	0.969406	-0.022354	58.157242	0.417352	-799.753830	
4.346000	15.767574	0.864157	-0.027394	58.187851	0.323897	-799.751945	
4.347000	15.754889	0.831773	-0.031530	58.214790	0.269381	-799.749892	
4.348000	15.653412	0.839869	-0.034436	58.238078	0.374518	-799.747572	
4.349000	15.699922	1.042271	-0.036115	58.257531	0.444610	-799.744932	
4.350000	15.619586	0.669851	-0.036889	58.272997	0.284957	-799.741972	
4.351000	15.699922	0.775100	-0.037130	58.284558	0.382306	-799.738736	
4.352000	15.877507	0.783196	-0.036839	58.292411	0.366730	-799.735313	
4.353000	15.809856	0.799388	-0.036028	58.296572	0.242123	-799.731834	
4.354000	15.716835	1.058463	-0.035150	58.296866	0.378412	-799.728448	
4.355000	15.687238	0.880349	-0.034598	58.293154	0.331685	-799.725293	
4.356000	15.754889	0.831773	-0.034222	58.285523	0.152562	-799.722483	
4.357000	15.784486	0.888445	-0.033564	58.274179	0.323897	-799.720079	
4.358000	15.716835	0.880349	-0.032876	58.259153	0.351155	-799.718085	
4.359000	15.670325	0.920829	-0.033430	58.240281	0.425140	-799.716466	
4.360000	15.623814	0.928926	-0.035928	58.217435	0.234335	-799.715149	
4.361000	15.767574	0.856061	-0.039742	58.190705	0.238229	-799.714020	
4.362000	15.784486	0.928926	-0.043976	58.160293	0.436822	-799.712939	
4.363000	15.695694	0.807484	-0.048034	58.126225	0.452398	-799.711767	
4.364000	15.712607	1.050367	-0.051488	58.088341	0.366730	-799.710391	
4.365000	15.716835	0.823676	-0.053965	58.046516	0.281063	-799.708737	
4.366000	15.852138	1.090847	-0.055108	58.000841	0.148668	-799.706781	
4.367000	15.767574	0.888445	-0.054515	57.951525	0.136986	-799.704540	
4.368000	15.733748	1.017982	-0.051739	57.898603	0.327791	-799.702068	
4.369000	15.788715	0.912733	-0.046768	57.841928	0.522489	-799.699458	
4.370000	15.737976	0.783196	-0.040317	57.781383	0.366730	-799.696845	
4.371000	15.742204	0.864157	-0.033398	57.717067	0.207078	-799.694371	
4.372000	15.716835	0.888445	-0.026870	57.649187	0.409564	-799.692163	
4.373000	15.678781	0.945118	-0.021355	57.577781	0.417352	-799.690311	
4.374000	15.746433	1.066559	-0.017171	57.502701	0.296639	-799.688851	
4.375000	15.771802	0.896541	-0.014232	57.423834	0.327791	-799.687779	
4.376000	15.830997	0.904637	-0.012335	57.341271	0.183714	-799.687057	
4.377000	15.780258	0.694139	-0.011443	57.255209	0.226548	-799.686604	
4.378000	15.674553	1.123232	-0.011383	57.165679	0.261593	-799.686296	
4.379000	15.805627	1.034175	-0.011678	57.072540	0.413458	-799.685990	
4.380000	15.704150	0.823676	-0.011937	56.975685	0.203184	-799.685557	
4.381000	15.847910	0.742716	-0.012052	56.875218	0.125304	-799.684897	
4.382000	15.830997	0.872253	-0.012088	56.771346	0.168138	-799.683955	
4.383000	15.589989	0.953214	-0.012122	56.664118	0.448504	-799.682712	
4.384000	15.687238	0.872253	-0.012049	56.553406	0.323897	-799.681189	
4.385000	15.585761	0.864157	-0.011745	56.439108	0.374518	-799.679441	
4.386000	15.877507	1.026079	-0.011290	56.321322	0.253805	-799.677578	
4.387000	15.843681	0.847965	-0.010872	56.200246	0.347261	-799.675740	
4.388000	15.649184	0.864157	-0.010646	56.075924	0.475762	-799.674068	
4.389000	15.737976	0.985598	-0.010536	55.948226	0.448504	-799.672680	
4.390000	15.729520	0.872253	-0.010282	55.817053	0.343367	-799.671659	
4.391000	15.907104	0.847965	-0.010135	55.682502	0.222654	-799.671042	
4.392000	15.852138	0.953214	-0.011172	55.544775	0.261593	-799.670821	
4.393000	15.691466	0.839869	-0.014230	55.403923	0.405670	-799.670949	
4.394000	15.729520	1.042271	-0.018980	55.259826	0.374518	-799.671326	
4.395000	15.598445	0.856061	-0.024390	55.112396	0.374518	-799.671822	
4.396000	15.814084	0.856061	-0.029436	54.961732	0.183714	-799.672297	
4.397000	15.784486	0.775100	-0.033351	54.808036	0.300533	-799.672629	
4.398000	15.653412	0.783196	-0.035729	54.651365	0.444610	-799.672722	
4.399000	15.644956	1.001790	-0.036588	54.491604	0.456292	-799.672525	
4.400000	15.674553	0.718427	-0.036123	54.328662	0.308321	-799.672037	0.000000
4.401000	15.814084	0.799388	-0.034223	54.162628	0.090259	-799.671301	
4.402000	15.746433	0.669851	-0.030368	53.993689	0.417352	-799.670411	
4.403000	15.725291	0.734620	-0.024417	53.821895	0.296639	-799.669495	
4.404000	15.754889	0.969406	-0.017129	53.647134	0.382306	-799.668703	
4.405000	15.687238	0.694139	-0.009536	53.469322	0.281063	-799.668177	
4.406000	15.805627	0.896541	-0.002401	53.288554	0.214866	-799.668034	
4.407000	15.839453	0.904637	0.003786	53.105022	0.331685	-799.668338	
4.408000	15.708379	0.937022	0.008655	52.918781	0.464080	-799.669095	
4.409000	15.708379	1.107039	0.011755	52.729731	0.327791	-799.670269	
4.410000	15.670325	0.799388	0.012937	52.537793	0.238229	-799.671795	
4.411000	15.750661	1.050367	0.012659	52.343063	0.129198	-799.673567	
4.412000	15.826768	0.847965	0.011683	52.145728	0.374518	-799.675446	
4.413000	15.687238	1.001790	0.010741	51.945838	0.444610	-799.677287	
4.414000	15.742204	0.920829	0.010064	51.743294	0.323897	-799.678966	
4.415000	15.750661	0.783196	0.009417	51.538019	0.323897	-799.680407	
4.416000	15.750661	0.872253	0.008566	51.330108	0.129198	-799.681589	
4.417000	15.830997	0.920829	0.007079	51.119743	0.113622	-799.682532	
4.418000	15.767574	0.888445	0.004765	50.906979	0.265487	-799.683289	
4.419000	15.742204	0.945118	0.002187	50.691725	0.238229	-799.683957	
4.420000	15.678781	0.937022	-0.000155	50.473912	0.203184	-799.684673	
4.421000	15.814084	0.864157	-0.002184	50.253640	0.121410	-799.685583	
4.422000	15.746433	0.920829	-0.003848	50.031099	0.378412	-799.686811	
4.423000	15.594217	0.928926	-0.005049	49.806351	0.374518	-799.688440	
4.424000	15.716835	0.977502	-0.005801	49.579309	0.362836	-799.690504	
4.425000	15.683009	1.082751	-0.006409	49.349903	0.261593	-799.692995	
4.426000	15.822540	0.734620	-0.007210	49.118223	0.203184	-799.695874	
4.427000	15.784486	0.783196	-0.008006	48.884448	0.246017	-799.699053	
4.428000	15.733748	0.969406	-0.008361	48.648631	0.503019	-799.702405	
4.429000	15.716835	1.074655	-0.008047	48.410686	0.362836	-799.705784	
4.430000	15.759117	0.750812	-0.006910	48.170550	0.218760	-799.709057	
4.431000	15.890192	0.580794	-0.004988	47.928319	0.144774	-799.712123	
4.432000	15.763345	0.767004	-0.002754	47.684176	0.351155	-799.714922	
4.433000	15.695694	0.953214	-0.000964	47.438181	0.281063	-799.717434	
4.434000	15.640727	1.188000	6.519983E-5	47.190256	0.358942	-799.719679	
4.435000	15.746433	0.807484	0.001040	46.940343	0.343367	-799.721714	
4.436000	15.809856	1.034175	0.002707	46.688535	0.195396	-799.723648	
4.437000	15.835225	0.807484	0.004841	46.435009	0.312215	-799.725620	
4.438000	15.716835	0.969406	0.006826	46.179820	0.316109	-799.727763	
4.439000	15.670325	1.074655	0.008323	45.922891	0.370624	-799.730190	
4.440000	15.729520	0.831773	0.009206	45.664159	0.308321	-799.732980	
4.441000	15.902876	0.961310	0.009243	45.403710	0.063001	-799.736167	
4.442000	15.792943	0.888445	0.008128	45.141713	0.288851	-799.739741	
4.443000	15.678781	0.920829	0.005903	44.878227	0.339473	-799.743642	
4.444000	15.661868	0.742716	0.002895	44.613184	0.218760	-799.747769	
4.445000	15.674553	0.839869	-0.000613	44.346529	0.160350	-799.751988	
4.446000	15.801399	0.888445	-0.004260	44.078348	0.136986	-799.756163	
4.447000	15.797171	0.791292	-0.007664	43.808813	0.382306	-799.760166	
4.448000	15.644956	1.026079	-0.010733	43.537984	0.429034	-799.763893	
4.449000	15.708379	0.969406	-0.013395	43.265804	0.495231	-799.767288	
4.450000	15.674553	1.155616	-0.015377	42.992218	0.304427	-799.770344	
4.451000	15.763345	0.775100	-0.016594	42.717307	0.113622	-799.773100	
4.452000	15.797171	0.767004	-0.017265	42.441227	0.331685	-799.775638	
4.453000	15.699922	1.123232	-0.017486	42.164032	0.320003	-799.778081	
4.454000	15.776030	0.912733	-0.017231	41.885658	0.452398	-799.780572	
4.455000	15.750661	0.888445	-0.016604	41.606053	0.203184	-799.783254	
4.456000	15.801399	0.807484	-0.015777	41.325298	0.098047	-799.786243	
4.457000	15.801399	0.823676	-0.014957	41.043556	0.312215	-799.789604	
4.458000	15.699922	1.017982	-0.014132	40.760884	0.401776	-799.793342	
4.459000	15.716835	0.847965	-0.012988	40.477230	0.358942	-799.797422	
4.460000	15.632271	0.904637	-0.011707	40.192552	0.249911	-799.801775	
4.461000	15.708379	0.775100	-0.010911	39.906935	0.086365	-799.806296	
4.462000	15.619586	1.009886	-0.010721	39.620534	0.304427	-799.810846	
4.463000	15.716835	1.042271	-0.010736	39.333407	0.300533	-799.815281	
4.464000	15.712607	0.953214	-0.010522	39.045500	0.417352	-799.819477	
4.465000	15.721063	0.767004	-0.009920	38.756770	0.288851	-799.823355	
4.466000	15.873279	0.823676	-0.008886	38.467295	0.183714	-799.826896	
4.467000	15.699922	0.953214	-0.006914	38.177222	0.230441	-799.830120	
4.468000	15.708379	0.961310	-0.003307	37.886605	0.397882	-799.833078	
4.469000	15.687238	1.042271	0.001715	37.595394	0.366730	-799.835868	
4.470000	15.814084	0.880349	0.006954	37.303556	0.094153	-799.838629	
4.471000	15.822540	0.831773	0.011163	37.011169	0.105834	-799.841511	
4.472000	15.691466	0.937022	0.013557	36.718383	0.382306	-799.844641	
4.473000	15.699922	1.034175	0.013816	36.425254	0.358942	-799.848104	
4.474000	15.581532	1.082751	0.012004	36.131736	0.409564	-799.851934	
4.475000	15.716835	0.920829	0.008292	35.837793	0.277169	-799.856122	
4.476000	15.797171	0.702235	0.002511	35.543499	0.152562	-799.860628	
4.477000	15.725291	0.888445	-0.005728	35.248993	0.335579	-799.865368	
4.478000	15.670325	1.082751	-0.016036	34.954325	0.269381	-799.870219	
4.479000	15.653412	0.920829	-0.026981	34.659449	0.378412	-799.875041	
4.480000	15.746433	0.807484	-0.037189	34.364326	0.246017	-799.879706	
4.481000	15.818312	0.815580	-0.045958	34.069025	0.113622	-799.884119	
4.482000	15.754889	0.791292	-0.052881	33.773684	0.335579	-799.888225	
4.483000	15.687238	1.236577	-0.057658	33.478363	0.238229	-799.892010	
4.484000	15.606902	1.017982	-0.060120	33.183039	0.335579	-799.895497	
4.485000	15.708379	0.864157	-0.060144	32.887698	0.234335	-799.898747	
4.486000	15.670325	0.880349	-0.057893	32.592414	0.253805	-799.901869	
4.487000	15.729520	0.548410	-0.054062	32.297321	0.281063	-799.904997	
4.488000	15.683009	1.042271	-0.049573	32.002477	0.331685	-799.908266	
4.489000	15.649184	1.009886	-0.045178	31.707856	0.444610	-799.911789	
4.490000	15.683009	0.904637	-0.041453	31.413434	0.098047	-799.915647	
4.491000	15.818312	0.847965	-0.038702	31.119271	0.101940	-799.919874	
4.492000	15.907104	0.750812	-0.036776	30.825483	0.444610	-799.924462	
4.493000	15.750661	0.807484	-0.035312	30.532120	0.320003	-799.929354	
4.494000	15.606902	0.839869	-0.034092	30.239160	0.292745	-799.934455	
4.495000	15.632271	0.872253	-0.033058	29.946580	0.140880	-799.939637	
4.496000	15.839453	0.872253	-0.032131	29.654436	0.269381	-799.944770	
4.497000	15.780258	0.920829	-0.031274	29.362845	0.452398	-799.949728	
4.498000	15.674553	0.985598	-0.030741	29.071860	0.390094	-799.954410	
4.499000	15.560391	0.888445	-0.030824	28.781465	0.417352	-799.958761	
4.500000	15.623814	1.034175	-0.031390	28.491641	0.156456	-799.962783	0.000000
4.501000	15.788715	0.831773	-0.031569	28.202441	0.160350	-799.966519	
4.502000	15.750661	0.807484	-0.029957	27.913966	0.343367	-799.970055	
4.503000	15.801399	1.098943	-0.026013	27.626261	0.413458	-799.973510	
4.504000	15.759117	0.839869	-0.020717	27.339302	0.355048	-799.977027	
4.505000	15.712607	0.815580	-0.015374	27.053067	0.152562	-799.980751	
4.506000	15.776030	0.742716	-0.010705	26.767603	0.098047	-799.984804	
4.507000	15.704150	0.791292	-0.006920	26.483006	0.199290	-799.989252	
4.508000	15.721063	0.920829	-0.004367	26.199317	0.335579	-799.994098	
4.509000	15.729520	1.082751	-0.003889	25.916533	0.312215	-799.999308	
4.510000	15.636499	0.799388	-0.005853	25.634650	0.179820	-800.004819	
4.511000	15.729520	0.783196	-0.009530	25.353718	0.281063	-800.010527	
4.512000	15.606902	0.864157	-0.013812	25.073829	0.316109	-800.016291	
4.513000	15.704150	1.017982	-0.017773	24.795025	0.479655	-800.021960	
4.514000	15.716835	0.969406	-0.020796	24.517308	0.234335	-800.027405	
4.515000	15.699922	0.750812	-0.022493	24.240680	0.144774	-800.032545	
4.516000	15.814084	0.888445	-0.022579	23.965183	0.078577	-800.037359	
4.517000	15.729520	0.702235	-0.021198	23.690894	0.284957	-800.041868	
4.518000	15.729520	0.977502	-0.018976	23.417846	0.308321	-800.046121	
4.519000	15.628043	0.710331	-0.016392	23.146045	0.327791	-800.050213	
4.520000	15.733748	0.710331	-0.013660	22.875494	0.179820	-800.054279	
4.521000	15.805627	0.718427	-0.011078	22.606235	0.160350	-800.058469	
4.522000	15.754889	0.767004	-0.008824	22.338346	0.323897	-800.062918	
4.523000	15.598445	1.131328	-0.006670	22.071866	0.401776	-800.067714	
4.524000	15.644956	1.098943	-0.004301	21.806801	0.366730	-800.072893	
4.525000	15.746433	0.718427	-0.002064	21.543154	0.140880	-800.078444	
4.526000	15.830997	0.799388	-0.001125	21.280959	0.203184	-800.084322	
4.527000	15.742204	0.775100	-0.002233	21.020281	0.339473	-800.090442	
4.528000	15.581532	1.220385	-0.004993	20.761162	0.370624	-800.096674	
4.529000	15.636499	0.823676	-0.008452	20.503636	0.370624	-800.102871	
4.530000	15.699922	0.839869	-0.011637	20.247732	0.066895	-800.108901	
4.531000	15.869051	0.783196	-0.013919	19.993483	0.191502	-800.114664	
4.532000	15.754889	0.880349	-0.015249	19.740950	0.214866	-800.120101	
4.533000	15.712607	0.945118	-0.015809	19.490172	0.273275	-800.125200	
4.534000	15.695694	0.864157	-0.015080	19.241195	0.281063	-800.129992	
4.535000	15.632271	0.856061	-0.011851	18.994053	0.195396	-800.134542	
4.536000	15.873279	0.880349	-0.005729	18.748780	0.179820	-800.138958	
4.537000	15.721063	0.912733	0.002244	18.505423	0.249911	-800.143375	
4.538000	15.742204	0.945118	0.010514	18.264006	0.436822	-800.147928	
4.539000	15.666097	0.823676	0.017869	18.024546	0.273275	-800.152734	
4.540000	15.623814	0.750812	0.023849	17.787051	0.140880	-800.157875	
4.541000	15.788715	0.799388	0.028720	17.551535	0.261593	-800.163384	
4.542000	15.771802	0.694139	0.032728	17.318033	0.300533	-800.169246	
4.543000	15.737976	0.799388	0.035418	17.086573	0.296639	-800.175407	
4.544000	15.708379	0.864157	0.036211	16.857199	0.312215	-800.181770	
4.545000	15.670325	0.872253	0.035180	16.629946	0.094153	-800.188209	
4.546000	15.742204	0.839869	0.032813	16.404833	0.292745	-800.194586	
4.547000	15.742204	0.847965	0.029618	16.181890	0.269381	-800.200768	
4.548000	15.699922	1.082751	0.025995	15.961137	0.370624	-800.206647	
4.549000	15.716835	0.758908	0.022271	15.742606	0.374518	-800.212163	
4.550000	15.611130	0.767004	0.018886	15.526320	0.281063	-800.217318	
4.551000	15.716835	1.026079	0.016206	15.312282	0.257699	-800.222157	
4.552000	15.729520	0.920829	0.014085	15.100507	0.234335	-800.226763	
4.553000	15.729520	1.066559	0.012006	14.891007	0.362836	-800.231246	
4.554000	15.729520	0.742716	0.009644	14.683825	0.320003	-800.235743	
4.555000	15.822540	0.621274	0.006929	14.478998	0.242123	-800.240398	
4.556000	15.788715	0.815580	0.003930	14.276528	0.183714	-800.245337	
4.557000	15.750661	0.799388	0.000990	14.076426	0.133092	-800.250628	
4.558000	15.619586	1.074655	-0.001558	13.878716	0.308321	-800.256279	
4.559000	15.737976	0.791292	-0.003768	13.683474	0.257699	-800.262251	
4.560000	15.784486	0.847965	-0.005761	13.490765	0.191502	-800.268480	
4.561000	15.725291	0.783196	-0.007389	13.300601	0.331685	-800.274866	
4.562000	15.687238	0.613178	-0.008304	13.112985	0.382306	-800.281272	
4.563000	15.560391	1.082751	-0.008201	12.927937	0.397882	-800.287553	
4.564000	15.695694	0.904637	-0.007121	12.745530	0.300533	-800.293581	
4.565000	15.683009	0.953214	-0.005671	12.565824	0.253805	-800.299271	
4.566000	15.860594	0.694139	-0.004782	12.388816	0.284957	-800.304600	
4.567000	15.687238	0.629370	-0.004921	12.214493	0.339473	-800.309584	
4.568000	15.649184	1.026079	-0.005803	12.042872	0.378412	-800.314275	
4.569000	15.644956	0.985598	-0.006866	11.874050	0.323897	-800.318763	
4.570000	15.683009	0.888445	-0.007743	11.708107	0.218760	-800.323186	
4.571000	15.852138	0.839869	-0.008341	11.545041	0.320003	-800.327692	
4.572000	15.750661	0.847965	-0.008700	11.384833	0.300533	-800.332413	
4.573000	15.666097	0.993694	-0.008816	11.227493	0.355048	-800.337439	
4.574000	15.577304	1.042271	-0.008570	11.073110	0.323897	-800.342808	
4.575000	15.568848	0.767004	-0.007966	10.921759	0.234335	-800.348512	
4.576000	15.780258	0.953214	-0.007476	10.773423	0.234335	-800.354510	
4.577000	15.759117	0.912733	-0.007874	10.628062	0.417352	-800.360715	
4.578000	15.649184	0.977502	-0.009377	10.485678	0.487443	-800.366998	
4.579000	15.585761	1.163712	-0.011395	10.346359	0.335579	-800.373217	
4.580000	15.699922	0.969406	-0.013296	10.210173	0.109728	-800.379240	
4.581000	15.797171	0.880349	-0.014923	10.077093	0.308321	-800.384967	
4.582000	15.759117	0.880349	-0.016418	9.947071	0.214866	-800.390334	
4.583000	15.729520	0.823676	-0.017764	9.820109	0.320003	-800.395325	
4.584000	15.619586	0.896541	-0.018339	9.696312	0.374518	-800.399968	
4.585000	15.678781	1.026079	-0.017140	9.575764	0.148668	-800.404328	
4.586000	15.674553	1.188000	-0.013815	9.458433	0.331685	-800.408511	
4.587000	15.691466	0.839869	-0.009080	9.344265	0.191502	-800.412649	
4.588000	15.683009	0.937022	-0.004102	9.233258	0.362836	-800.416868	
4.589000	15.598445	0.912733	9.983656E-5	9.125519	0.405670	-800.421281	
4.590000	15.670325	0.807484	0.002949	9.021125	0.199290	-800.425970	
4.591000	15.792943	0.977502	0.004127	8.920030	0.320003	-800.430969	
4.592000	15.771802	0.864157	0.003547	8.822156	0.323897	-800.436258	
4.593000	15.674553	1.082751	0.001842	8.727501	0.386200	-800.441779	
4.594000	15.674553	0.888445	-0.000155	8.636201	0.261593	-800.447432	
4.595000	15.733748	0.920829	-0.002059	8.548363	0.043531	-800.453099	
4.596000	15.691466	0.937022	-0.003550	8.463950	0.355048	-800.458656	
4.597000	15.721063	0.856061	-0.004383	8.382877	0.265487	-800.463978	
4.598000	15.699922	1.050367	-0.004742	8.305132	0.405670	-800.468963	
4.599000	15.594217	1.115135	-0.005121	8.230843	0.397882	-800.473554	
4.600000	15.653412	0.726523	-0.005763	8.160109	0.125304	-800.477751	0.000000
4.601000	15.683009	0.750812	-0.006311	8.092879	0.366730	-800.481597	
4.602000	15.742204	0.856061	-0.006243	8.029059	0.390094	-800.485168	
4.603000	15.687238	1.171808	-0.005593	7.968635	0.444610	-800.488571	
4.604000	15.611130	1.001790	-0.004962	7.911736	0.327791	-800.491936	
4.605000	15.750661	0.856061	-0.004917	7.858454	0.133092	-800.495405	
4.606000	15.809856	0.767004	-0.005647	7.808724	0.366730	-800.499099	
4.607000	15.737976	0.888445	-0.006949	7.762438	0.257699	-800.503092	
4.608000	15.670325	1.001790	-0.008664	7.719576	0.308321	-800.507391	
4.609000	15.644956	0.702235	-0.011198	7.680262	0.312215	-800.511963	
4.610000	15.725291	0.726523	-0.015060	7.644583	0.230441	-800.516740	
4.611000	15.809856	0.702235	-0.020045	7.612467	0.366730	-800.521620	
4.612000	15.623814	0.831773	-0.025292	7.583799	0.351155	-800.526466	
4.613000	15.581532	1.042271	-0.029864	7.558566	0.351155	-800.531129	
4.614000	15.513881	1.009886	-0.033183	7.536917	0.413458	-800.535477	
4.615000	15.721063	0.823676	-0.035075	7.518956	0.172032	-800.539424	
4.616000	15.708379	0.758908	-0.035263	7.504604	0.386200	-800.542941	
4.617000	15.759117	0.823676	-0.033112	7.493729	0.187608	-800.546043	
4.618000	15.750661	0.783196	-0.028351	7.486305	0.386200	-800.548783	
4.619000	15.442002	0.880349	-0.021541	7.482471	0.269381	-800.551259	
4.620000	15.754889	0.799388	-0.013646	7.482325	0.175926	-800.553606	
4.621000	15.771802	0.937022	-0.005637	7.485780	0.234335	-800.555969	
4.622000	15.788715	0.661755	0.001535	7.492701	0.090259	-800.558477	
4.623000	15.737976	0.750812	0.006991	7.503066	0.253805	-800.561220	
4.624000	15.336296	0.920829	0.010203	7.517029	0.331685	-800.564242	
4.625000	15.649184	0.937022	0.011220	7.534692	0.133092	-800.567533	
4.626000	15.632271	1.098943	0.010331	7.555961	0.222654	-800.571047	
4.627000	15.754889	0.839869	0.007554	7.580685	0.312215	-800.574699	
4.628000	15.699922	1.090847	0.003018	7.608831	0.440716	-800.578362	
4.629000	15.480055	0.823676	-0.002495	7.640554	0.460186	-800.581895	
4.630000	15.661868	0.856061	-0.007959	7.675955	0.331685	-800.585167	
4.631000	15.776030	0.839869	-0.012731	7.714921	0.401776	-800.588075	
4.632000	15.822540	0.823676	-0.016663	7.757290	0.288851	-800.590555	
4.633000	15.733748	0.718427	-0.019554	7.803037	0.230441	-800.592593	
4.634000	15.496968	0.758908	-0.020684	7.852328	0.284957	-800.594220	
4.635000	15.716835	0.758908	-0.019506	7.905272	0.078577	-800.595508	
4.636000	15.699922	0.856061	-0.016350	7.961759	0.370624	-800.596571	
4.637000	15.754889	0.920829	-0.012246	8.021621	0.281063	-800.597540	
4.638000	15.674553	0.888445	-0.008429	8.084828	0.358942	-800.598542	
4.639000	15.505425	0.734620	-0.005641	8.151546	0.405670	-800.599688	
4.640000	15.704150	0.880349	-0.003842	8.221876	0.308321	-800.601060	
4.641000	15.683009	0.831773	-0.002615	8.295693	0.386200	-800.602693	
4.642000	15.704150	1.082751	-0.001669	8.372819	0.440716	-800.604570	
4.643000	15.695694	0.896541	-0.001174	8.453225	0.370624	-800.606629	
4.644000	15.539250	0.783196	-0.001519	8.537084	0.257699	-800.608769	
4.645000	15.737976	0.677947	-0.002664	8.624498	0.172032	-800.610868	
4.646000	15.695694	0.783196	-0.004075	8.715337	0.261593	-800.612796	
4.647000	15.649184	0.807484	-0.005194	8.809415	0.222654	-800.614429	
4.648000	15.670325	0.920829	-0.005743	8.906704	0.374518	-800.615663	
4.649000	15.505425	0.847965	-0.005720	9.007377	0.432928	-800.616441	
4.650000	15.670325	0.661755	-0.005317	9.111536	0.238229	-800.616762	
4.651000	15.721063	0.750812	-0.004761	9.219043	0.343367	-800.616671	
4.652000	15.691466	0.839869	-0.004146	9.329709	0.374518	-800.616250	
4.653000	15.661868	1.188000	-0.003415	9.443506	0.355048	-800.615612	
4.654000	15.429317	0.993694	-0.002575	9.560611	0.479655	-800.614890	
4.655000	15.704150	0.953214	-0.001849	9.681116	0.195396	-800.614217	
4.656000	15.818312	0.694139	-0.001499	9.804868	0.316109	-800.613714	
4.657000	15.725291	0.669851	-0.001716	9.931666	0.304427	-800.613454	
4.658000	15.716835	0.831773	-0.002654	10.061484	0.304427	-800.613451	
4.659000	15.416632	0.896541	-0.003943	10.194507	0.281063	-800.613674	
4.660000	15.729520	0.839869	-0.004499	10.330831	0.234335	-800.614056	
4.661000	15.885963	0.945118	-0.003703	10.470300	0.382306	-800.614492	
4.662000	15.725291	0.872253	-0.001980	10.612712	0.234335	-800.614848	
4.663000	15.666097	0.888445	3.963200E-5	10.758058	0.378412	-800.614983	
4.664000	15.344753	0.791292	0.001896	10.906539	0.413458	-800.614769	
4.665000	15.712607	0.775100	0.003147	11.058252	0.320003	-800.614122	
4.666000	15.691466	0.791292	0.003566	11.213027	0.358942	-800.613007	
4.667000	15.869051	0.742716	0.003507	11.370649	0.281063	-800.611435	
4.668000	15.708379	0.896541	0.003762	11.531100	0.195396	-800.609457	
4.669000	15.442002	1.001790	0.004657	11.694577	0.300533	-800.607174	
4.670000	15.683009	0.856061	0.005634	11.861167	0.281063	-800.604727	
4.671000	15.776030	0.767004	0.005959	12.030692	0.401776	-800.602265	
4.672000	15.771802	0.661755	0.005210	12.202936	0.308321	-800.599919	
4.673000	15.683009	0.864157	0.003239	12.377898	0.355048	-800.597788	
4.674000	15.518109	0.823676	0.000118	12.555793	0.331685	-800.595918	
4.675000	15.606902	1.001790	-0.004125	12.736713	0.300533	-800.594306	
4.676000	15.687238	0.904637	-0.009699	12.920471	0.467974	-800.592906	
4.677000	15.674553	0.791292	-0.016561	13.106838	0.405670	-800.591628	
4.678000	15.683009	0.928926	-0.024072	13.295806	0.320003	-800.590343	
4.679000	15.526566	0.815580	-0.031289	13.487582	0.432928	-800.588906	
4.680000	15.640727	0.993694	-0.037358	13.682249	0.292745	-800.587190	
4.681000	15.691466	0.823676	-0.041845	13.879610	0.386200	-800.585093	
4.682000	15.767574	0.864157	-0.044713	14.079434	0.335579	-800.582553	
4.683000	15.687238	1.017982	-0.045912	14.281719	0.413458	-800.579557	
4.684000	15.513881	0.726523	-0.045559	14.486683	0.242123	-800.576138	
4.685000	15.754889	0.694139	-0.044395	14.694411	0.195396	-800.572370	
4.686000	15.708379	0.742716	-0.043131	14.904702	0.499125	-800.568374	
4.687000	15.661868	0.686043	-0.041911	15.117324	0.323897	-800.564284	
4.688000	15.683009	1.009886	-0.040797	15.332283	0.475762	-800.560232	
4.689000	15.446230	0.953214	-0.039889	15.549802	0.436822	-800.556328	
4.690000	15.704150	0.856061	-0.039051	15.769956	0.343367	-800.552654	
4.691000	15.721063	0.524121	-0.038257	15.992534	0.577005	-800.549246	
4.692000	15.589989	0.904637	-0.038226	16.217297	0.417352	-800.546089	
4.693000	15.704150	0.896541	-0.039937	16.444248	0.358942	-800.543124	
4.694000	15.518109	0.864157	-0.043544	16.673610	0.277169	-800.540255	
4.695000	15.742204	0.815580	-0.048267	16.905452	0.187608	-800.537357	
4.696000	15.754889	0.847965	-0.052942	17.139552	0.277169	-800.534305	
4.697000	15.699922	0.767004	-0.056539	17.375670	0.226548	-800.530980	
4.698000	15.632271	0.831773	-0.058604	17.613814	0.222654	-800.527287	
4.699000	15.522337	0.799388	-0.059194	17.854210	0.390094	-800.523176	
4.700000	15.835225	0.815580	-0.058374	18.096924	0.358942	-800.518647	0.000000
4.701000	15.653412	0.823676	-0.056129	18.341734	0.351155	-800.513744	
4.702000	15.623814	0.912733	-0.052488	18.588400	0.401776	-800.508545	
4.703000	15.556163	1.268961	-0.047589	18.836936	0.362836	-800.503164	
4.704000	15.530794	0.937022	-0.041851	19.087561	0.300533	-800.497733	
4.705000	15.733748	0.888445	-0.035838	19.340327	0.172032	-800.492384	
4.706000	15.759117	0.807484	-0.029963	19.594999	0.397882	-800.487233	
4.707000	15.797171	0.588890	-0.024547	19.851328	0.253805	-800.482356	
4.708000	15.636499	1.026079	-0.019663	20.109332	0.358942	-800.477770	
4.709000	15.539250	0.621274	-0.014856	20.369239	0.335579	-800.473453	
4.710000	15.644956	0.945118	-0.009777	20.631106	0.195396	-800.469344	
4.711000	15.721063	0.856061	-0.004743	20.894692	0.308321	-800.465343	
4.712000	15.725291	0.710331	-0.000111	21.159752	0.308321	-800.461319	
4.713000	15.539250	0.799388	0.004083	21.426310	0.351155	-800.457132	
4.714000	15.518109	0.856061	0.007639	21.694601	0.405670	-800.452661	
4.715000	15.568848	1.050367	0.010203	21.964674	0.425140	-800.447823	
4.716000	15.801399	0.928926	0.011817	22.236281	0.456292	-800.442587	
4.717000	15.776030	1.050367	0.013048	22.509172	0.288851	-800.436967	
4.718000	15.644956	0.831773	0.014574	22.783375	0.292745	-800.431014	
4.719000	15.594217	0.750812	0.016715	23.059126	0.218760	-800.424828	
4.720000	15.712607	0.677947	0.019205	23.336469	0.362836	-800.418544	
4.721000	15.771802	0.904637	0.021380	23.615145	0.483549	-800.412312	
4.722000	15.750661	0.928926	0.022673	23.894905	0.203184	-800.406262	
4.723000	15.670325	0.864157	0.022947	24.175782	0.210972	-800.400495	
4.724000	15.623814	0.726523	0.022415	24.458015	0.214866	-800.395059	
4.725000	15.628043	0.807484	0.021360	24.741643	0.292745	-800.389959	
4.726000	15.602673	0.823676	0.020029	25.026410	0.397882	-800.385153	
4.727000	15.628043	0.823676	0.018616	25.312067	0.343367	-800.380552	
4.728000	15.526566	0.937022	0.017104	25.598662	0.355048	-800.376029	
4.729000	15.636499	0.928926	0.015420	25.886435	0.339473	-800.371438	
4.730000	15.670325	0.815580	0.013606	26.175417	0.230441	-800.366649	
4.731000	15.691466	0.880349	0.011799	26.465338	0.421246	-800.361556	
4.732000	15.704150	0.775100	0.010376	26.755943	0.327791	-800.356094	
4.733000	15.657640	0.775100	0.009548	27.047281	0.242123	-800.350248	
4.734000	15.746433	0.710331	0.008922	27.339601	0.277169	-800.344049	
4.735000	15.704150	0.799388	0.008167	27.632940	0.320003	-800.337570	
4.736000	15.699922	0.839869	0.007500	27.927032	0.331685	-800.330929	
4.737000	15.729520	0.872253	0.007158	28.221626	0.207078	-800.324269	
4.738000	15.551935	0.880349	0.007028	28.516772	0.429034	-800.317724	
4.739000	15.678781	0.823676	0.006828	28.812722	0.203184	-800.311412	
4.740000	15.661868	0.847965	0.006319	29.109508	0.296639	-800.305412	
4.741000	15.716835	0.718427	0.005365	29.406861	0.421246	-800.299756	
4.742000	15.636499	0.888445	0.004013	29.704526	0.265487	-800.294428	
4.743000	15.484284	1.066559	0.002567	30.002553	0.222654	-800.289369	
4.744000	15.691466	0.993694	0.001448	30.301182	0.335579	-800.284480	
4.745000	15.708379	0.783196	0.000972	30.600430	0.308321	-800.279633	
4.746000	15.780258	0.767004	0.001331	30.900016	0.284957	-800.274699	
4.747000	15.797171	0.677947	0.002488	31.199690	0.308321	-800.269562	
4.748000	15.505425	0.912733	0.004113	31.499513	0.413458	-800.264127	
4.749000	15.657640	1.050367	0.005901	31.799739	0.339473	-800.258342	
4.750000	15.699922	1.058463	0.007849	32.100387	0.362836	-800.252206	
4.751000	15.721063	1.009886	0.010125	32.401179	0.390094	-800.245757	
4.752000	15.797171	0.726523	0.012738	32.701868	0.358942	-800.239074	
4.753000	15.467371	0.831773	0.015321	33.002519	0.210972	-800.232276	
4.754000	15.691466	0.791292	0.017305	33.303382	0.277169	-800.225496	
4.755000	15.678781	0.985598	0.018258	33.604469	0.335579	-800.218869	
4.756000	15.750661	0.872253	0.018072	33.905491	0.308321	-800.212506	
4.757000	15.754889	0.823676	0.016976	34.206193	0.382306	-800.206474	
4.758000	15.556163	0.912733	0.015282	34.506638	0.335579	-800.200786	
4.759000	15.805627	0.856061	0.012940	34.807075	0.284957	-800.195418	
4.760000	15.649184	0.888445	0.009515	35.107517	0.339473	-800.190312	
4.761000	15.784486	0.726523	0.004863	35.407675	0.347261	-800.185368	
4.762000	15.657640	0.872253	-0.000510	35.707299	0.238229	-800.180456	
4.763000	15.539250	0.864157	-0.005877	36.006462	0.370624	-800.175437	
4.764000	15.699922	0.880349	-0.010739	36.305422	0.230441	-800.170190	
4.765000	15.628043	0.880349	-0.014861	36.604199	0.382306	-800.164628	
4.766000	15.687238	0.767004	-0.018426	36.902510	0.288851	-800.158718	
4.767000	15.683009	1.050367	-0.022242	37.200104	0.386200	-800.152467	
4.768000	15.573076	0.896541	-0.026963	37.497053	0.327791	-800.145922	
4.769000	15.767574	0.847965	-0.032329	37.793611	0.432928	-800.139180	
4.770000	15.780258	0.613178	-0.037798	38.089788	0.320003	-800.132383	
4.771000	15.729520	0.847965	-0.043085	38.385296	0.417352	-800.125682	
4.772000	15.750661	0.993694	-0.047986	38.679885	0.187608	-800.119211	
4.773000	15.513881	0.888445	-0.052384	38.973629	0.284957	-800.113066	
4.774000	15.750661	0.864157	-0.056388	39.266788	0.246017	-800.107298	
4.775000	15.678781	1.107039	-0.060161	39.559375	0.358942	-800.101912	
4.776000	15.683009	0.977502	-0.063281	39.851107	0.405670	-800.096866	
4.777000	15.632271	1.017982	-0.064724	40.141740	0.370624	-800.092072	
4.778000	15.395491	1.074655	-0.063917	40.431352	0.366730	-800.087397	
4.779000	15.712607	1.034175	-0.061080	40.720200	0.429034	-800.082694	
4.780000	15.746433	0.847965	-0.056667	41.008288	0.327791	-800.077825	
4.781000	15.678781	0.767004	-0.051166	41.295327	0.421246	-800.072683	
4.782000	15.691466	0.799388	-0.045213	41.581072	0.249911	-800.067203	
4.783000	15.492740	0.726523	-0.039367	41.865594	0.339473	-800.061373	
4.784000	15.847910	0.888445	-0.033688	42.149134	0.312215	-800.055221	
4.785000	15.763345	0.912733	-0.028218	42.431688	0.300533	-800.048817	
4.786000	15.750661	0.677947	-0.023329	42.712967	0.390094	-800.042276	
4.787000	15.716835	0.718427	-0.019230	42.992732	0.203184	-800.035746	
4.788000	15.450458	0.880349	-0.016070	43.271065	0.405670	-800.029369	
4.789000	15.754889	0.799388	-0.014064	43.548214	0.358942	-800.023261	
4.790000	15.687238	1.050367	-0.013297	43.824179	0.409564	-800.017498	
4.791000	15.666097	0.661755	-0.013958	44.098676	0.452398	-800.012108	
4.792000	15.716835	0.839869	-0.016502	44.371465	0.172032	-800.007070	
4.793000	15.530794	0.969406	-0.021218	44.642627	0.397882	-800.002330	
4.794000	15.784486	0.823676	-0.027719	44.912407	0.316109	-799.997790	
4.795000	15.661868	0.969406	-0.034943	45.180804	0.393988	-799.993319	
4.796000	15.746433	0.750812	-0.041644	45.447528	0.413458	-799.988782	
4.797000	15.771802	0.823676	-0.046921	45.712343	0.292745	-799.984057	
4.798000	15.496968	0.815580	-0.050329	45.975328	0.273275	-799.979053	
4.799000	15.788715	0.904637	-0.051806	46.236729	0.358942	-799.973727	
4.800000	15.683009	0.750812	-0.051717	46.496541	0.335579	-799.968085	0.000000
4.801000	15.759117	0.928926	-0.050227	46.754481	0.541959	-799.962166	
4.802000	15.691466	0.928926	-0.046804	47.010315	0.269381	-799.956046	
4.803000	15.480055	1.066559	-0.041315	47.264127	0.292745	-799.949843	
4.804000	15.784486	0.807484	-0.034733	47.516161	0.335579	-799.943697	
4.805000	15.670325	0.864157	-0.028187	47.766411	0.405670	-799.937745	
4.806000	15.666097	0.888445	-0.022311	48.014598	0.487443	-799.932098	
4.807000	15.678781	0.831773	-0.017458	48.260486	0.242123	-799.926821	
4.808000	15.649184	1.017982	-0.013613	48.504153	0.210972	-799.921927	
4.809000	15.898648	0.742716	-0.010474	48.745831	0.308321	-799.917392	
4.810000	15.750661	0.750812	-0.008090	48.985508	0.370624	-799.913162	
4.811000	15.704150	0.750812	-0.006638	49.222906	0.386200	-799.909138	
4.812000	15.611130	0.904637	-0.005855	49.457799	0.148668	-799.905186	
4.813000	15.522337	0.961310	-0.005393	49.690268	0.269381	-799.901165	
4.814000	15.780258	0.856061	-0.005127	49.920547	0.308321	-799.896952	
4.815000	15.737976	0.742716	-0.004945	50.148632	0.448504	-799.892461	
4.816000	15.628043	0.726523	-0.004526	50.374257	0.425140	-799.887657	
4.817000	15.716835	0.767004	-0.003768	50.597198	0.261593	-799.882547	
4.818000	15.556163	0.977502	-0.003329	50.817533	0.386200	-799.877173	
4.819000	15.894420	0.758908	-0.003858	51.035491	0.432928	-799.871626	
4.820000	15.767574	0.831773	-0.005231	51.251067	0.448504	-799.866039	
4.821000	15.750661	0.661755	-0.007123	51.463994	0.273275	-799.860558	
4.822000	15.750661	0.710331	-0.009372	51.674053	0.218760	-799.855317	
4.823000	15.535022	0.872253	-0.011869	51.881322	0.327791	-799.850417	
4.824000	15.860594	0.694139	-0.014569	52.086023	0.269381	-799.845908	
4.825000	15.708379	0.993694	-0.017425	52.288147	0.296639	-799.841789	
4.826000	15.801399	0.677947	-0.020428	52.487438	0.320003	-799.838023	
4.827000	15.725291	0.839869	-0.023604	52.683690	0.327791	-799.834532	
4.828000	15.518109	0.864157	-0.026699	52.876991	0.382306	-799.831196	
4.829000	15.725291	0.750812	-0.029084	53.067567	0.378412	-799.827868	
4.830000	15.683009	0.864157	-0.030104	53.255415	0.440716	-799.824406	
4.831000	15.759117	0.880349	-0.029322	53.440281	0.429034	-799.820696	
4.832000	15.754889	0.880349	-0.026557	53.621960	0.249911	-799.816670	
4.833000	15.547707	0.791292	-0.021526	53.800537	0.292745	-799.812317	
4.834000	15.869051	0.491737	-0.013319	53.976238	0.300533	-799.807669	
4.835000	15.687238	1.001790	-0.001308	54.149058	0.401776	-799.802795	
4.836000	15.759117	0.864157	0.013437	54.318747	0.374518	-799.797801	
4.837000	15.771802	0.734620	0.028758	54.485108	0.253805	-799.792828	
4.838000	15.636499	0.831773	0.042696	54.648233	0.238229	-799.788021	
4.839000	15.852138	0.839869	0.053782	54.808354	0.429034	-799.783506	
4.840000	15.611130	0.864157	0.061124	54.965478	0.323897	-799.779364	
4.841000	15.695694	0.953214	0.064408	55.119369	0.355048	-799.775623	
4.842000	15.683009	0.767004	0.063744	55.269832	0.358942	-799.772261	
4.843000	15.649184	0.758908	0.059618	55.416956	0.378412	-799.769220	
4.844000	15.814084	0.605082	0.052679	55.560968	0.405670	-799.766401	
4.845000	15.598445	0.823676	0.043752	55.701873	0.393988	-799.763674	
4.846000	15.699922	0.912733	0.034047	55.839435	0.382306	-799.760901	
4.847000	15.733748	0.937022	0.024746	55.973467	0.261593	-799.757954	
4.848000	15.695694	0.807484	0.016551	56.104056	0.246017	-799.754737	
4.849000	15.818312	0.718427	0.009768	56.231432	0.246017	-799.751205	
4.850000	15.742204	0.686043	0.004272	56.355606	0.351155	-799.747367	
4.851000	15.661868	0.993694	-0.000562	56.476355	0.339473	-799.743269	
4.852000	15.619586	0.888445	-0.005059	56.593499	0.195396	-799.738992	
4.853000	15.619586	0.847965	-0.008932	56.707134	0.362836	-799.734647	
4.854000	15.826768	0.847965	-0.012097	56.817492	0.308321	-799.730368	
4.855000	15.737976	0.767004	-0.014737	56.924591	0.370624	-799.726286	
4.856000	15.708379	0.961310	-0.016899	57.028211	0.284957	-799.722511	
4.857000	15.666097	0.839869	-0.018468	57.128171	0.327791	-799.719111	
4.858000	15.619586	0.872253	-0.019324	57.224561	0.308321	-799.716096	
4.859000	15.907104	0.791292	-0.019682	57.317599	0.292745	-799.713440	
4.860000	15.767574	0.896541	-0.019977	57.407299	0.323897	-799.711080	
4.861000	15.754889	1.115135	-0.020363	57.493450	0.390094	-799.708916	
4.862000	15.649184	0.847965	-0.020668	57.575883	0.257699	-799.706820	
4.863000	15.623814	0.904637	-0.020615	57.654697	0.195396	-799.704662	
4.864000	15.839453	0.815580	-0.020150	57.730119	0.327791	-799.702322	
4.865000	15.678781	0.937022	-0.019692	57.802172	0.436822	-799.699712	
4.866000	15.721063	1.212288	-0.019786	57.870653	0.409564	-799.696796	
4.867000	15.636499	0.847965	-0.020529	57.935401	0.393988	-799.693582	
4.868000	15.644956	0.920829	-0.021418	57.996503	0.265487	-799.690122	
4.869000	15.814084	0.888445	-0.021762	58.054172	0.429034	-799.686507	
4.870000	15.683009	1.017982	-0.021212	58.108419	0.397882	-799.682865	
4.871000	15.776030	0.945118	-0.019891	58.159041	0.320003	-799.679331	
4.872000	15.725291	0.839869	-0.018233	58.205877	0.214866	-799.676041	
4.873000	15.763345	0.904637	-0.016635	58.249020	0.257699	-799.673099	
4.874000	15.852138	0.896541	-0.015205	58.288691	0.269381	-799.670560	
4.875000	15.666097	0.937022	-0.014162	58.324914	0.323897	-799.668423	
4.876000	15.742204	1.009886	-0.014131	58.357497	0.304427	-799.666645	
4.877000	15.733748	0.977502	-0.015439	58.386292	0.269381	-799.665144	
4.878000	15.776030	0.896541	-0.017740	58.411397	0.292745	-799.663799	
4.879000	15.771802	0.799388	-0.020494	58.433034	0.409564	-799.662474	
4.880000	15.594217	0.912733	-0.023276	58.451229	0.495231	-799.661030	
4.881000	15.716835	1.115135	-0.025882	58.465795	0.483549	-799.659353	
4.882000	15.704150	0.775100	-0.028197	58.476585	0.409564	-799.657368	
4.883000	15.708379	1.001790	-0.029892	58.483692	0.242123	-799.655062	
4.884000	15.826768	0.799388	-0.030117	58.487325	0.273275	-799.652467	
4.885000	15.712607	0.807484	-0.027631	58.487506	0.370624	-799.649652	
4.886000	15.687238	1.366114	-0.022021	58.484052	0.471868	-799.646726	
4.887000	15.666097	0.953214	-0.014324	58.476822	0.300533	-799.643829	
4.888000	15.801399	1.042271	-0.006102	58.465911	0.249911	-799.641112	
4.889000	15.830997	0.928926	0.001456	58.451531	0.347261	-799.638702	
4.890000	15.712607	0.823676	0.007651	58.433712	0.444610	-799.636687	
4.891000	15.661868	1.034175	0.011984	58.412286	0.397882	-799.635096	
4.892000	15.708379	0.896541	0.014105	58.387120	0.331685	-799.633910	
4.893000	15.704150	0.985598	0.013979	58.358310	0.362836	-799.633066	
4.894000	15.742204	0.985598	0.011836	58.326066	0.195396	-799.632461	
4.895000	15.674553	0.920829	0.008108	58.290418	0.538065	-799.631963	
4.896000	15.712607	0.961310	0.003359	58.251199	0.351155	-799.631435	
4.897000	15.708379	0.734620	-0.001848	58.208279	0.358942	-799.630751	
4.898000	15.704150	0.928926	-0.006886	58.161754	0.191502	-799.629821	
4.899000	15.873279	1.050367	-0.011142	58.111830	0.249911	-799.628595	
4.900000	15.716835	0.928926	-0.014395	58.058541	0.246017	-799.627077	0.000000
4.901000	15.746433	1.017982	-0.016821	58.001730	0.355048	-799.625311	
4.902000	15.699922	0.856061	-0.018670	57.941276	0.316109	-799.623382	
4.903000	15.699922	1.026079	-0.020129	57.877277	0.351155	-799.621412	
4.904000	15.776030	0.961310	-0.021300	57.809943	0.323897	-799.619535	
4.905000	15.611130	0.945118	-0.022223	57.739311	0.444610	-799.617881	
4.906000	15.729520	1.034175	-0.022876	57.665228	0.471868	-799.616556	
4.907000	15.729520	0.880349	-0.023286	57.587574	0.378412	-799.615629	
4.908000	15.780258	0.661755	-0.023676	57.506442	0.199290	-799.615120	
4.909000	15.809856	0.847965	-0.024480	57.422032	0.222654	-799.615002	
4.910000	15.678781	0.872253	-0.026218	57.334371	0.362836	-799.615213	
4.911000	15.737976	1.066559	-0.029109	57.243308	0.351155	-799.615647	
4.912000	15.695694	0.807484	-0.032764	57.148731	0.273275	-799.616173	
4.913000	15.797171	0.807484	-0.036486	57.050738	0.098047	-799.616663	
4.914000	15.763345	0.945118	-0.039741	56.949531	0.246017	-799.617004	
4.915000	15.653412	0.847965	-0.042236	56.845149	0.417352	-799.617110	
4.916000	15.754889	1.090847	-0.043752	56.737454	0.308321	-799.616939	
4.917000	15.678781	1.058463	-0.043895	56.626343	0.347261	-799.616498	
4.918000	15.835225	0.815580	-0.042162	56.511918	0.273275	-799.615841	
4.919000	15.830997	0.710331	-0.038404	56.394379	0.370624	-799.615065	
4.920000	15.678781	0.734620	-0.032893	56.273766	0.436822	-799.614297	
4.921000	15.661868	1.244673	-0.026082	56.149940	0.444610	-799.613672	
4.922000	15.742204	0.880349	-0.018646	56.022792	0.300533	-799.613317	
4.923000	15.860594	0.839869	-0.011406	55.892417	0.175926	-799.613341	
4.924000	15.936702	0.783196	-0.004948	55.759016	0.374518	-799.613801	
4.925000	15.708379	0.734620	0.000353	55.622636	0.175926	-799.614704	
4.926000	15.695694	0.856061	0.003865	55.483153	0.397882	-799.616006	
4.927000	15.640727	0.758908	0.004851	55.340473	0.374518	-799.617624	
4.928000	15.788715	1.212288	0.003366	55.194693	0.218760	-799.619437	
4.929000	15.801399	0.847965	0.000422	55.046017	0.269381	-799.621303	
4.930000	15.661868	0.791292	-0.002819	54.894498	0.487443	-799.623080	
4.931000	15.649184	0.937022	-0.005525	54.740018	0.530277	-799.624648	
4.932000	15.691466	0.856061	-0.007108	54.582485	0.351155	-799.625937	
4.933000	15.733748	0.888445	-0.007034	54.421991	0.390094	-799.626928	
4.934000	15.843681	0.896541	-0.004810	54.258730	0.390094	-799.627647	
4.935000	15.716835	0.799388	-0.000396	54.092749	0.393988	-799.628157	
4.936000	15.767574	0.969406	0.005567	53.923935	0.362836	-799.628569	
4.937000	15.788715	0.742716	0.012154	53.752198	0.351155	-799.629026	
4.938000	15.763345	0.742716	0.018544	53.577629	0.265487	-799.629674	
4.939000	15.835225	0.653659	0.024125	53.400419	0.351155	-799.630637	
4.940000	15.704150	0.880349	0.028646	53.220617	0.378412	-799.631994	
4.941000	15.725291	1.090847	0.031867	53.038116	0.378412	-799.633773	
4.942000	15.649184	0.645563	0.033353	52.852835	0.300533	-799.635961	
4.943000	15.699922	0.783196	0.033419	52.664873	0.269381	-799.638506	
4.944000	15.797171	0.702235	0.032940	52.474421	0.339473	-799.641309	
4.945000	15.564620	0.945118	0.032249	52.281526	0.460186	-799.644231	
4.946000	15.708379	0.937022	0.031332	52.086078	0.339473	-799.647129	
4.947000	15.695694	0.750812	0.030088	51.887992	0.351155	-799.649878	
4.948000	15.877507	0.702235	0.028163	51.687359	0.218760	-799.652392	
4.949000	15.826768	0.961310	0.025343	51.484366	0.366730	-799.654630	
4.950000	15.746433	0.993694	0.021787	51.279065	0.339473	-799.656591	
4.951000	15.708379	1.026079	0.017747	51.071353	0.327791	-799.658313	
4.952000	15.725291	0.734620	0.013628	50.861150	0.195396	-799.659879	
4.953000	15.894420	0.613178	0.009931	50.648550	0.277169	-799.661413	
4.954000	15.737976	0.856061	0.006823	50.433742	0.269381	-799.663058	
4.955000	15.674553	0.888445	0.004189	50.216783	0.425140	-799.664941	
4.956000	15.594217	1.098943	0.001934	49.997578	0.440716	-799.667163	
4.957000	15.737976	0.831773	9.037211E-5	49.776052	0.246017	-799.669780	
4.958000	15.932474	0.880349	-0.001430	49.552295	0.168138	-799.672806	
4.959000	15.708379	0.637467	-0.003030	49.326488	0.269381	-799.676211	
4.960000	15.661868	0.839869	-0.004971	49.098681	0.288851	-799.679932	
4.961000	15.657640	0.969406	-0.007037	48.868780	0.308321	-799.683862	
4.962000	15.742204	0.888445	-0.008825	48.636712	0.172032	-799.687871	
4.963000	15.826768	0.791292	-0.009977	48.402573	0.121410	-799.691828	
4.964000	15.792943	0.726523	-0.010162	48.166547	0.277169	-799.695619	
4.965000	15.699922	0.880349	-0.009081	47.928693	0.374518	-799.699159	
4.966000	15.615358	1.009886	-0.006587	47.688930	0.343367	-799.702409	
4.967000	15.636499	0.677947	-0.002689	47.447194	0.203184	-799.705375	
4.968000	15.746433	0.880349	0.002387	47.203576	0.210972	-799.708108	
4.969000	15.805627	0.856061	0.007971	46.958256	0.347261	-799.710702	
4.970000	15.716835	1.082751	0.013094	46.711289	0.448504	-799.713283	
4.971000	15.712607	0.888445	0.016961	46.462594	0.409564	-799.715990	
4.972000	15.657640	0.864157	0.019252	46.212102	0.320003	-799.718952	
4.973000	15.801399	0.726523	0.020084	45.959901	0.288851	-799.722273	
4.974000	15.801399	0.621274	0.019806	45.706161	0.292745	-799.726003	
4.975000	15.699922	0.961310	0.018647	45.450941	0.370624	-799.730142	
4.976000	15.725291	0.799388	0.016291	45.194164	0.417352	-799.734648	
4.977000	15.674553	0.839869	0.011989	44.935769	0.277169	-799.739444	
4.978000	15.822540	0.767004	0.005617	44.675845	0.156456	-799.744415	
4.979000	15.780258	0.767004	-0.001859	44.414564	0.355048	-799.749421	
4.980000	15.691466	0.880349	-0.009275	44.151987	0.432928	-799.754316	
4.981000	15.628043	1.082751	-0.015887	43.888045	0.370624	-799.758978	
4.982000	15.691466	0.856061	-0.021178	43.622684	0.312215	-799.763337	
4.983000	15.780258	0.888445	-0.024737	43.355985	0.288851	-799.767380	
4.984000	15.695694	0.864157	-0.026326	43.088107	0.413458	-799.771133	
4.985000	15.649184	0.953214	-0.025959	42.819102	0.393988	-799.774652	
4.986000	15.788715	1.009886	-0.023949	42.548899	0.358942	-799.778036	
4.987000	15.712607	0.791292	-0.020827	42.277443	0.281063	-799.781424	
4.988000	15.852138	0.880349	-0.017364	42.004818	0.098047	-799.784963	
4.989000	15.750661	0.856061	-0.014482	41.731187	0.281063	-799.788779	
4.990000	15.687238	1.026079	-0.012743	41.456608	0.320003	-799.792951	
4.991000	15.721063	1.252769	-0.012215	41.181018	0.277169	-799.797502	
4.992000	15.666097	0.888445	-0.012956	40.904366	0.323897	-799.802411	
4.993000	15.860594	0.815580	-0.014966	40.626737	0.203184	-799.807627	
4.994000	15.636499	0.937022	-0.017901	40.348291	0.390094	-799.813053	
4.995000	15.589989	0.969406	-0.021284	40.069082	0.300533	-799.818554	
4.996000	15.636499	1.074655	-0.024560	39.789047	0.417352	-799.823984	
4.997000	15.716835	1.001790	-0.027148	39.508135	0.257699	-799.829213	
4.998000	15.839453	0.888445	-0.028912	39.226419	0.129198	-799.834151	
4.999000	15.809856	0.807484	-0.030265	38.944048	0.358942	-799.838758	
5.000000	15.674553	0.977502	-0.031472	38.661073	0.358942	-799.843037	0.000000
5.001000	15.623814	1.017982	-0.031918	38.377440	0.242123	-799.847028	
5.002000	15.733748	0.928926	-0.030658	38.093104	0.234335	-799.850816	
5.003000	15.797171	1.139424	-0.027604	37.808140	0.113622	-799.854527	
5.004000	15.830997	0.815580	-0.023573	37.522699	0.214866	-799.858306	
5.005000	15.670325	1.155616	-0.019536	37.236839	0.382306	-799.862283	
5.006000	15.649184	0.993694	-0.016163	36.950512	0.351155	-799.866560	
5.007000	15.653412	0.937022	-0.013738	36.663679	0.355048	-799.871199	
5.008000	15.776030	1.115135	-0.012243	36.376411	0.261593	-799.876212	
5.009000	15.792943	0.969406	-0.011564	36.088850	0.378412	-799.881569	
5.010000	15.699922	1.074655	-0.011712	35.801051	0.351155	-799.887201	
5.011000	15.746433	0.767004	-0.012740	35.512968	0.413458	-799.893004	
5.012000	15.649184	0.912733	-0.014407	35.224563	0.300533	-799.898851	
5.013000	15.814084	0.831773	-0.016167	34.935904	0.210972	-799.904615	
5.014000	15.759117	0.783196	-0.017513	34.647126	0.304427	-799.910178	
5.015000	15.733748	0.912733	-0.018362	34.358283	0.374518	-799.915453	
5.016000	15.750661	0.839869	-0.019051	34.069335	0.339473	-799.920404	
5.017000	15.606902	0.937022	-0.019759	33.780251	0.327791	-799.925040	
5.018000	15.784486	0.977502	-0.020135	33.491099	0.125304	-799.929413	
5.019000	15.712607	0.896541	-0.019740	33.202015	0.277169	-799.933616	
5.020000	15.687238	1.042271	-0.018629	32.913048	0.312215	-799.937770	
5.021000	15.742204	0.977502	-0.017287	32.624161	0.316109	-799.942013	
5.022000	15.670325	0.791292	-0.016164	32.335318	0.172032	-799.946479	
5.023000	15.822540	0.937022	-0.015431	32.046581	0.199290	-799.951278	
5.024000	15.763345	0.677947	-0.015048	31.758069	0.397882	-799.956465	
5.025000	15.763345	1.090847	-0.014921	31.469826	0.308321	-799.962036	
5.026000	15.776030	0.977502	-0.014825	31.181819	0.413458	-799.967944	
5.027000	15.708379	0.742716	-0.014316	30.894021	0.156456	-799.974115	
5.028000	15.809856	0.823676	-0.013061	30.606495	0.121410	-799.980436	
5.029000	15.746433	0.767004	-0.011042	30.319361	0.374518	-799.986770	
5.030000	15.657640	1.171808	-0.008426	30.032669	0.413458	-799.992972	
5.031000	15.674553	1.042271	-0.005463	29.746395	0.304427	-799.998916	
5.032000	15.666097	0.937022	-0.002268	29.460520	0.292745	-800.004532	
5.033000	15.869051	0.718427	0.001038	29.175102	0.308321	-800.009806	
5.034000	15.759117	0.726523	0.004172	28.890247	0.370624	-800.014766	
5.035000	15.644956	1.196096	0.007073	28.605995	0.327791	-800.019470	
5.036000	15.691466	0.815580	0.009837	28.322319	0.382306	-800.024020	
5.037000	15.750661	0.904637	0.012284	28.039196	0.257699	-800.028559	
5.038000	15.847910	0.847965	0.014082	27.756677	0.175926	-800.033238	
5.039000	15.818312	0.742716	0.015100	27.474866	0.281063	-800.038194	
5.040000	15.653412	1.026079	0.015444	27.193810	0.409564	-800.043511	
5.041000	15.678781	0.961310	0.014874	26.913492	0.265487	-800.049219	
5.042000	15.670325	0.823676	0.012520	26.633895	0.203184	-800.055304	
5.043000	15.814084	0.799388	0.007936	26.355074	0.246017	-800.061712	
5.044000	15.750661	0.839869	0.001723	26.077128	0.355048	-800.068343	
5.045000	15.623814	1.147520	-0.005159	25.800104	0.382306	-800.075057	
5.046000	15.674553	0.953214	-0.011721	25.523996	0.358942	-800.081704	
5.047000	15.657640	0.758908	-0.017200	25.248793	0.249911	-800.088153	
5.048000	15.835225	0.734620	-0.021559	24.974539	0.113622	-800.094303	
5.049000	15.822540	0.839869	-0.025230	24.701319	0.257699	-800.100105	
5.050000	15.661868	0.985598	-0.028295	24.429178	0.452398	-800.105553	
5.051000	15.750661	0.823676	-0.030289	24.158120	0.401776	-800.110688	
5.052000	15.585761	0.928926	-0.030742	23.888148	0.195396	-800.115598	
5.053000	15.788715	0.791292	-0.029589	23.619305	0.222654	-800.120414	
5.054000	15.771802	0.775100	-0.027171	23.351672	0.378412	-800.125280	
5.055000	15.712607	0.928926	-0.024014	23.085283	0.300533	-800.130330	
5.056000	15.729520	0.767004	-0.020629	22.820143	0.390094	-800.135674	
5.057000	15.611130	0.920829	-0.017435	22.556247	0.168138	-800.141381	
5.058000	15.788715	0.864157	-0.014541	22.293629	0.456292	-800.147464	
5.059000	15.733748	1.090847	-0.011665	22.032357	0.277169	-800.153888	
5.060000	15.657640	1.026079	-0.008681	21.772469	0.316109	-800.160573	
5.061000	15.729520	0.653659	-0.005959	21.513991	0.409564	-800.167406	
5.062000	15.699922	0.483641	-0.003892	21.256941	0.183714	-800.174256	
5.063000	15.776030	0.742716	-0.002587	21.001351	0.210972	-800.180992	
5.064000	15.737976	0.872253	-0.002116	20.747276	0.246017	-800.187493	
5.065000	15.695694	1.050367	-0.002553	20.494747	0.386200	-800.193665	
5.066000	15.695694	1.074655	-0.003556	20.243799	0.284957	-800.199469	
5.067000	15.704150	0.532217	-0.004398	19.994461	0.144774	-800.204920	
5.068000	15.729520	0.953214	-0.004572	19.746765	0.238229	-800.210076	
5.069000	15.687238	0.726523	-0.004035	19.500761	0.327791	-800.215031	
5.070000	15.683009	1.147520	-0.003049	19.256486	0.510807	-800.219905	
5.071000	15.699922	0.912733	-0.002022	19.013990	0.331685	-800.224827	
5.072000	15.776030	0.767004	-0.001227	18.773313	0.175926	-800.229925	
5.073000	15.733748	0.847965	-0.000573	18.534482	0.168138	-800.235307	
5.074000	15.776030	0.767004	0.000195	18.297536	0.226548	-800.241025	
5.075000	15.678781	1.034175	0.000877	18.062504	0.409564	-800.247076	
5.076000	15.695694	0.823676	0.000985	17.829436	0.370624	-800.253415	
5.077000	15.704150	0.775100	0.000559	17.598370	0.043531	-800.259963	
5.078000	15.814084	0.775100	-0.000132	17.369330	0.222654	-800.266608	
5.079000	15.742204	0.718427	-0.001068	17.142344	0.160350	-800.273211	
5.080000	15.585761	1.066559	-0.002146	16.917444	0.390094	-800.279632	
5.081000	15.598445	0.896541	-0.003191	16.694702	0.413458	-800.285751	
5.082000	15.657640	0.888445	-0.004180	16.474177	0.183714	-800.291493	
5.083000	15.729520	0.718427	-0.005157	16.255888	0.152562	-800.296843	
5.084000	15.830997	0.847965	-0.005899	16.039853	0.506913	-800.301826	
5.085000	15.678781	1.139424	-0.005840	15.826097	0.432928	-800.306498	
5.086000	15.644956	0.807484	-0.004696	15.614687	0.386200	-800.310960	
5.087000	15.687238	0.694139	-0.002823	15.405675	0.175926	-800.315353	
5.088000	15.826768	0.823676	-0.000750	15.199065	0.191502	-800.319826	
5.089000	15.809856	0.791292	0.001111	14.994861	0.214866	-800.324508	
5.090000	15.683009	0.823676	0.002354	14.793085	0.284957	-800.329483	
5.091000	15.666097	0.904637	0.002769	14.593819	0.269381	-800.334786	
5.092000	15.585761	0.815580	0.002843	14.397127	0.090259	-800.340403	
5.093000	15.712607	0.945118	0.003495	14.203009	0.269381	-800.346284	
5.094000	15.695694	0.920829	0.004975	14.011458	0.284957	-800.352324	
5.095000	15.628043	0.888445	0.006759	13.822494	0.358942	-800.358382	
5.096000	15.636499	0.831773	0.008371	13.636211	0.355048	-800.364309	
5.097000	15.678781	0.912733	0.009689	13.452682	0.203184	-800.369976	
5.098000	15.704150	0.896541	0.010735	13.271895	0.277169	-800.375289	
5.099000	15.721063	0.904637	0.011377	13.093827	0.343367	-800.380195	
5.100000	15.746433	0.880349	0.011136	12.918489	0.417352	-800.384688	0.000000
5.101000	15.699922	0.734620	0.009671	12.745982	0.323897	-800.388813	
5.102000	15.792943	0.661755	0.007601	12.576390	0.191502	-800.392659	
5.103000	15.750661	0.758908	0.005849	12.409702	0.351155	-800.396359	
5.104000	15.729520	0.669851	0.004413	12.245883	0.362836	-800.400054	
5.105000	15.759117	0.977502	0.002712	12.084939	0.393988	-800.403874	
5.106000	15.598445	0.896541	0.000485	11.926967	0.370624	-800.407925	
5.107000	15.708379	0.831773	-0.002093	11.772044	0.094153	-800.412275	
5.108000	15.687238	0.904637	-0.004933	11.620150	0.308321	-800.416944	
5.109000	15.733748	0.864157	-0.008285	11.471238	0.234335	-800.421900	
5.110000	15.754889	1.001790	-0.012441	11.325308	0.347261	-800.427073	
5.111000	15.577304	0.750812	-0.017305	11.182466	0.378412	-800.432349	
5.112000	15.691466	0.799388	-0.022255	11.042795	0.366730	-800.437598	
5.113000	15.750661	0.928926	-0.026624	10.906267	0.382306	-800.442696	
5.114000	15.771802	0.888445	-0.030189	10.772827	0.308321	-800.447530	
5.115000	15.678781	0.969406	-0.032995	10.642479	0.405670	-800.452015	
5.116000	15.640727	0.767004	-0.035195	10.515354	0.351155	-800.456114	
5.117000	15.670325	0.872253	-0.036966	10.391557	0.086365	-800.459843	
5.118000	15.750661	0.645563	-0.038020	10.271064	0.432928	-800.463263	
5.119000	15.822540	0.937022	-0.037811	10.153812	0.308321	-800.466469	
5.120000	15.649184	0.888445	-0.036288	10.039807	0.534171	-800.469581	
5.121000	15.568848	0.985598	-0.033809	9.929180	0.374518	-800.472731	
5.122000	15.729520	0.896541	-0.030942	9.822034	0.168138	-800.476047	
5.123000	15.797171	0.791292	-0.028378	9.718324	0.390094	-800.479631	
5.124000	15.797171	0.775100	-0.026516	9.617969	0.238229	-800.483533	
5.125000	15.729520	0.799388	-0.025455	9.520966	0.331685	-800.487749	
5.126000	15.636499	0.904637	-0.025316	9.427450	0.393988	-800.492236	
5.127000	15.683009	1.034175	-0.026090	9.337524	0.136986	-800.496918	
5.128000	15.729520	0.775100	-0.027459	9.251135	0.210972	-800.501682	
5.129000	15.763345	0.791292	-0.028898	9.168190	0.292745	-800.506395	
5.130000	15.721063	0.775100	-0.029811	9.088688	0.440716	-800.510923	
5.131000	15.526566	0.896541	-0.029746	9.012775	0.253805	-800.515149	
5.132000	15.585761	0.961310	-0.028682	8.940561	0.253805	-800.518998	
5.133000	15.721063	1.147520	-0.027046	8.871987	0.358942	-800.522452	
5.134000	15.721063	0.669851	-0.025251	8.806945	0.405670	-800.525527	
5.135000	15.767574	0.945118	-0.023422	8.745420	0.460186	-800.528280	
5.136000	15.518109	0.815580	-0.021509	8.687554	0.393988	-800.530813	
5.137000	15.721063	0.694139	-0.019479	8.633453	0.164244	-800.533270	
5.138000	15.784486	0.783196	-0.017460	8.583041	0.417352	-800.535796	
5.139000	15.776030	0.896541	-0.015670	8.536196	0.214866	-800.538516	
5.140000	15.788715	0.847965	-0.014341	8.492900	0.277169	-800.541511	
5.141000	15.513881	0.977502	-0.013506	8.453299	0.288851	-800.544816	
5.142000	15.763345	0.799388	-0.013297	8.417495	0.179820	-800.548423	
5.143000	15.683009	0.856061	-0.014531	8.385408	0.246017	-800.552281	
5.144000	15.784486	0.702235	-0.017718	8.356912	0.269381	-800.556291	
5.145000	15.737976	0.945118	-0.022105	8.331993	0.323897	-800.560310	
5.146000	15.480055	0.864157	-0.026465	8.310810	0.397882	-800.564190	
5.147000	15.721063	0.937022	-0.030021	8.293475	0.265487	-800.567802	
5.148000	15.733748	0.872253	-0.032632	8.279900	0.323897	-800.571047	
5.149000	15.708379	0.912733	-0.034306	8.269941	0.335579	-800.573873	
5.150000	15.661868	0.961310	-0.034525	8.263572	0.265487	-800.576273	
5.151000	15.594217	0.758908	-0.032808	8.260947	0.207078	-800.578283	
5.152000	15.788715	0.839869	-0.029886	8.262173	0.129198	-800.579994	
5.153000	15.835225	0.791292	-0.026845	8.267153	0.281063	-800.581538	
5.154000	15.767574	0.815580	-0.023908	8.275745	0.257699	-800.583069	
5.155000	15.653412	0.953214	-0.020927	8.287932	0.339473	-800.584726	
5.156000	15.543479	0.823676	-0.017824	8.303886	0.331685	-800.586616	
5.157000	15.678781	0.880349	-0.014727	8.323717	0.269381	-800.588808	
5.158000	15.708379	0.726523	-0.011692	8.347323	0.331685	-800.591316	
5.159000	15.653412	1.009886	-0.008007	8.374546	0.273275	-800.594107	
5.160000	15.568848	0.953214	-0.003075	8.405364	0.366730	-800.597103	
5.161000	15.454686	0.896541	0.002603	8.439945	0.339473	-800.600186	
5.162000	15.623814	0.783196	0.008330	8.478392	0.284957	-800.603219	
5.163000	15.792943	0.726523	0.013968	8.520585	0.378412	-800.606071	
5.164000	15.754889	0.750812	0.019641	8.566353	0.292745	-800.608623	
5.165000	15.754889	0.864157	0.025295	8.615676	0.366730	-800.610789	
5.166000	15.437773	0.945118	0.030611	8.668728	0.242123	-800.612534	
5.167000	15.636499	0.985598	0.035509	8.725615	0.156456	-800.613874	
5.168000	15.742204	0.896541	0.040356	8.786211	0.281063	-800.614865	
5.169000	15.742204	0.945118	0.045193	8.850336	0.316109	-800.615602	
5.170000	15.661868	0.977502	0.049253	8.917961	0.281063	-800.616209	
5.171000	15.420861	0.815580	0.051579	8.989255	0.374518	-800.616822	
5.172000	15.653412	0.807484	0.051774	9.064309	0.312215	-800.617565	
5.173000	15.746433	0.888445	0.050058	9.142986	0.374518	-800.618534	
5.174000	15.699922	0.904637	0.046741	9.225093	0.253805	-800.619773	
5.175000	15.725291	1.042271	0.042021	9.310603	0.152562	-800.621275	
5.176000	15.530794	0.783196	0.036598	9.399692	0.327791	-800.622999	
5.177000	15.716835	0.831773	0.031774	9.492459	0.273275	-800.624873	
5.178000	15.721063	1.009886	0.028230	9.588759	0.386200	-800.626786	
5.179000	15.678781	0.815580	0.025620	9.688400	0.238229	-800.628600	
5.180000	15.729520	0.864157	0.023461	9.791368	0.175926	-800.630175	
5.181000	15.501196	0.864157	0.021465	9.897856	0.246017	-800.631397	
5.182000	15.708379	0.856061	0.019302	10.007969	0.249911	-800.632198	
5.183000	15.712607	0.928926	0.016538	10.121555	0.378412	-800.632563	
5.184000	15.653412	0.847965	0.013277	10.238410	0.378412	-800.632510	
5.185000	15.636499	1.058463	0.010678	10.358505	0.397882	-800.632088	
5.186000	15.560391	0.953214	0.009666	10.482018	0.417352	-800.631388	
5.187000	15.721063	0.904637	0.009827	10.609042	0.257699	-800.630548	
5.188000	15.737976	0.856061	0.010210	10.739413	0.405670	-800.629715	
5.189000	15.759117	0.888445	0.010127	10.872922	0.300533	-800.629018	
5.190000	15.666097	1.001790	0.009320	11.009544	0.277169	-800.628539	
5.191000	15.492740	1.001790	0.007891	11.149472	0.249911	-800.628310	
5.192000	15.716835	0.702235	0.005764	11.292797	0.296639	-800.628320	
5.193000	15.754889	0.904637	0.002508	11.439356	0.253805	-800.628525	
5.194000	15.754889	0.807484	-0.002007	11.588936	0.358942	-800.628832	
5.195000	15.556163	1.123232	-0.007251	11.741527	0.417352	-800.629105	
5.196000	15.437773	0.880349	-0.012376	11.897329	0.351155	-800.629198	
5.197000	15.640727	0.953214	-0.016791	12.056435	0.401776	-800.628979	
5.198000	15.754889	0.815580	-0.020529	12.218665	0.429034	-800.628349	
5.199000	15.687238	0.847965	-0.023987	12.383800	0.343367	-800.627256	
5.200000	15.674553	0.912733	-0.027346	12.551829	0.401776	-800.625697	0.000000
5.201000	15.420861	0.904637	-0.030676	12.722954	0.421246	-800.623710	
5.202000	15.716835	0.945118	-0.034414	12.897257	0.129198	-800.621379	
5.203000	15.847910	0.937022	-0.038801	13.074548	0.358942	-800.618834	
5.204000	15.678781	0.783196	-0.043429	13.254600	0.265487	-800.616223	
5.205000	15.712607	0.928926	-0.047766	13.437397	0.382306	-800.613689	
5.206000	15.450458	0.864157	-0.051442	13.623142	0.273275	-800.611344	
5.207000	15.606902	0.945118	-0.054318	13.811915	0.288851	-800.609256	
5.208000	15.742204	1.017982	-0.056767	14.003521	0.429034	-800.607439	
5.209000	15.678781	0.937022	-0.059622	14.197733	0.323897	-800.605861	
5.210000	15.699922	0.961310	-0.063396	14.394544	0.238229	-800.604451	
5.211000	15.463143	0.928926	-0.067638	14.594161	0.335579	-800.603103	
5.212000	15.628043	0.807484	-0.071225	14.796659	0.234335	-800.601685	
5.213000	15.683009	0.912733	-0.073048	15.001834	0.425140	-800.600064	
5.214000	15.763345	0.799388	-0.072567	15.209448	0.284957	-800.598120	
5.215000	15.784486	0.880349	-0.069987	15.419487	0.273275	-800.595767	
5.216000	15.505425	0.742716	-0.065729	15.632160	0.249911	-800.592972	
5.217000	15.780258	0.872253	-0.059905	15.847541	0.249911	-800.589753	
5.218000	15.636499	0.896541	-0.052624	16.065419	0.421246	-800.586165	
5.219000	15.733748	0.621274	-0.044263	16.285553	0.261593	-800.582302	
5.220000	15.729520	0.937022	-0.035324	16.507947	0.452398	-800.578289	
5.221000	15.501196	0.783196	-0.026492	16.732819	0.327791	-800.574261	
5.222000	15.644956	0.864157	-0.018529	16.960243	0.355048	-800.570350	
5.223000	15.716835	0.993694	-0.011948	17.189999	0.440716	-800.566656	
5.224000	15.716835	0.977502	-0.006980	17.421845	0.393988	-800.563228	
5.225000	15.632271	0.872253	-0.003667	17.655778	0.308321	-800.560061	
5.226000	15.594217	0.839869	-0.001874	17.892008	0.390094	-800.557115	
5.227000	15.725291	0.718427	-0.001445	18.130598	0.355048	-800.554323	
5.228000	15.750661	0.653659	-0.002162	18.371322	0.514701	-800.551584	
5.229000	15.750661	0.742716	-0.003470	18.613934	0.284957	-800.548769	
5.230000	15.623814	1.001790	-0.004758	18.858444	0.323897	-800.545744	
5.231000	15.581532	0.831773	-0.005720	19.105076	0.331685	-800.542397	
5.232000	15.704150	0.783196	-0.006313	19.353890	0.288851	-800.538660	
5.233000	15.754889	0.564602	-0.006559	19.604656	0.296639	-800.534521	
5.234000	15.704150	0.645563	-0.006330	19.857132	0.183714	-800.530003	
5.235000	15.518109	0.928926	-0.005483	20.111336	0.362836	-800.525162	
5.236000	15.547707	0.880349	-0.004198	20.367496	0.312215	-800.520095	
5.237000	15.725291	0.880349	-0.002960	20.625662	0.222654	-800.514940	
5.238000	15.763345	0.856061	-0.002216	20.885594	0.429034	-800.509849	
5.239000	15.729520	0.669851	-0.002119	21.147042	0.355048	-800.504951	
5.240000	15.644956	0.799388	-0.002591	21.410024	0.300533	-800.500339	
5.241000	15.623814	0.767004	-0.003293	21.674767	0.370624	-800.496051	
5.242000	15.691466	0.904637	-0.003875	21.941319	0.335579	-800.492079	
5.243000	15.729520	0.856061	-0.004541	22.209435	0.273275	-800.488378	
5.244000	15.759117	0.621274	-0.005660	22.478870	0.246017	-800.484856	
5.245000	15.695694	0.920829	-0.006972	22.749654	0.320003	-800.481378	
5.246000	15.480055	0.839869	-0.007875	23.022031	0.425140	-800.477798	
5.247000	15.615358	0.815580	-0.008070	23.296052	0.358942	-800.473981	
5.248000	15.733748	0.985598	-0.007758	23.571469	0.405670	-800.469824	
5.249000	15.763345	0.937022	-0.007307	23.848030	0.405670	-800.465272	
5.250000	15.661868	1.050367	-0.006857	24.125768	0.327791	-800.460323	
5.251000	15.551935	0.896541	-0.006606	24.404921	0.397882	-800.455013	
5.252000	15.704150	0.831773	-0.007055	24.685528	0.312215	-800.449423	
5.253000	15.754889	0.791292	-0.008365	24.967325	0.331685	-800.443679	
5.254000	15.839453	0.839869	-0.010141	25.250057	0.207078	-800.437927	
5.255000	15.589989	0.815580	-0.012036	25.533765	0.312215	-800.432308	
5.256000	15.598445	0.686043	-0.013855	25.818700	0.257699	-800.426943	
5.257000	15.670325	0.920829	-0.015308	26.104909	0.335579	-800.421908	
5.258000	15.573076	0.904637	-0.016205	26.392130	0.538065	-800.417220	
5.259000	15.661868	0.799388	-0.016807	26.680112	0.327791	-800.412848	
5.260000	15.551935	0.920829	-0.017616	26.968905	0.300533	-800.408715	
5.261000	15.704150	0.588890	-0.018782	27.258755	0.339473	-800.404708	
5.262000	15.754889	0.815580	-0.020006	27.549696	0.362836	-800.400688	
5.263000	15.636499	0.847965	-0.020822	27.841454	0.382306	-800.396518	
5.264000	15.742204	0.888445	-0.020881	28.133773	0.226548	-800.392072	
5.265000	15.602673	0.904637	-0.020140	28.426696	0.316109	-800.387260	
5.266000	15.856366	0.621274	-0.018905	28.720470	0.355048	-800.382046	
5.267000	15.661868	0.726523	-0.017735	29.015127	0.210972	-800.376446	
5.268000	15.729520	0.605082	-0.017183	29.310396	0.355048	-800.370522	
5.269000	15.712607	0.669851	-0.017478	29.606024	0.203184	-800.364370	
5.270000	15.632271	0.961310	-0.018411	29.902062	0.444610	-800.358117	
5.271000	15.661868	0.928926	-0.019569	30.198761	0.347261	-800.351896	
5.272000	15.699922	0.847965	-0.020638	30.496150	0.366730	-800.345836	
5.273000	15.704150	0.799388	-0.021424	30.793957	0.432928	-800.340041	
5.274000	15.678781	0.831773	-0.021927	31.091927	0.421246	-800.334563	
5.275000	15.513881	0.807484	-0.022666	31.390114	0.304427	-800.329399	
5.276000	15.606902	1.123232	-0.024716	31.688760	0.296639	-800.324502	
5.277000	15.649184	0.791292	-0.028781	31.987882	0.292745	-800.319799	
5.278000	15.780258	0.758908	-0.034326	32.287202	0.390094	-800.315182	
5.279000	15.784486	0.920829	-0.039997	32.586469	0.246017	-800.310526	
5.280000	15.543479	0.758908	-0.044600	32.885749	0.316109	-800.305703	
5.281000	15.640727	0.799388	-0.047614	33.185292	0.374518	-800.300605	
5.282000	15.729520	0.823676	-0.048991	33.485114	0.378412	-800.295164	
5.283000	15.704150	0.734620	-0.048972	33.784932	0.292745	-800.289365	
5.284000	15.759117	0.758908	-0.048344	34.084499	0.397882	-800.283229	
5.285000	15.454686	1.058463	-0.047955	34.383881	0.405670	-800.276808	
5.286000	15.628043	0.807484	-0.047796	34.683324	0.409564	-800.270199	
5.287000	15.759117	0.750812	-0.047392	34.982830	0.417352	-800.263529	
5.288000	15.699922	0.799388	-0.046639	35.282105	0.545853	-800.256934	
5.289000	15.742204	0.677947	-0.045835	35.580899	0.320003	-800.250534	
5.290000	15.585761	0.791292	-0.045400	35.879282	0.246017	-800.244416	
5.291000	15.792943	0.847965	-0.045449	36.177503	0.366730	-800.238620	
5.292000	15.708379	1.017982	-0.045398	36.475570	0.238229	-800.233139	
5.293000	15.708379	0.758908	-0.044536	36.773192	0.413458	-800.227926	
5.294000	15.776030	0.677947	-0.042824	37.070119	0.327791	-800.222889	
5.295000	15.535022	0.823676	-0.040755	37.366425	0.261593	-800.217903	
5.296000	15.725291	0.807484	-0.038700	37.662364	0.440716	-800.212835	
5.297000	15.649184	0.937022	-0.036704	37.957944	0.393988	-800.207559	
5.298000	15.615358	0.953214	-0.034930	38.252880	0.401776	-800.201975	
5.299000	15.721063	0.839869	-0.033828	38.546922	0.316109	-800.196024	
5.300000	15.530794	0.928926	-0.033403	38.840145	0.374518	-800.189698	0.000000
5.301000	15.826768	0.572698	-0.033067	39.132799	0.421246	-800.183034	
5.302000	15.670325	0.775100	-0.032611	39.424883	0.448504	-800.176115	
5.303000	15.716835	0.694139	-0.032326	39.716106	0.483549	-800.169067	
5.304000	15.670325	0.864157	-0.032395	40.006219	0.214866	-800.162032	
5.305000	15.577304	0.896541	-0.032890	40.295295	0.347261	-800.155145	
5.306000	15.839453	0.896541	-0.033862	40.583579	0.246017	-800.148520	
5.307000	15.725291	0.791292	-0.035389	40.871068	0.339473	-800.142233	
5.308000	15.780258	0.750812	-0.037646	41.157475	0.479655	-800.136305	
5.309000	15.695694	0.985598	-0.040931	41.442560	0.405670	-800.130713	
5.310000	15.496968	0.937022	-0.045630	41.726401	0.425140	-800.125385	
5.311000	15.712607	0.758908	-0.051607	42.009244	0.355048	-800.120210	
5.312000	15.733748	0.734620	-0.057818	42.291084	0.483549	-800.115049	
5.313000	15.721063	0.872253	-0.063140	42.571633	0.518595	-800.109770	
5.314000	15.653412	0.847965	-0.067085	42.850648	0.339473	-800.104254	
5.315000	15.484284	0.920829	-0.069596	43.128206	0.257699	-800.098415	
5.316000	15.771802	1.050367	-0.070627	43.404547	0.281063	-800.092218	
5.317000	15.729520	0.750812	-0.070049	43.679663	0.331685	-800.085676	
5.318000	15.754889	0.775100	-0.067936	43.953269	0.339473	-800.078847	
5.319000	15.911333	0.750812	-0.064611	44.225133	0.292745	-800.071835	
5.320000	15.501196	0.969406	-0.060402	44.495338	0.300533	-800.064777	
5.321000	15.759117	0.856061	-0.055680	44.764125	0.316109	-800.057814	
5.322000	15.678781	0.888445	-0.050843	45.031490	0.355048	-800.051075	
5.323000	15.687238	0.880349	-0.046198	45.297150	0.409564	-800.044660	
5.324000	15.704150	0.823676	-0.042059	45.560871	0.370624	-800.038622	
5.325000	15.458914	0.945118	-0.038445	45.822732	0.397882	-800.032962	
5.326000	15.767574	0.718427	-0.034778	46.082971	0.530277	-800.027637	
5.327000	15.653412	0.928926	-0.030809	46.341578	0.429034	-800.022568	
5.328000	15.750661	0.572698	-0.026885	46.598268	0.339473	-800.017637	
5.329000	15.750661	0.775100	-0.023006	46.852806	0.300533	-800.012708	
5.330000	15.535022	0.775100	-0.018882	47.105271	0.261593	-800.007646	
5.331000	15.839453	0.702235	-0.014514	47.355905	0.335579	-800.002345	
5.332000	15.649184	0.969406	-0.010273	47.604707	0.425140	-799.996740	
5.333000	15.708379	0.977502	-0.006989	47.851401	0.409564	-799.990814	
5.334000	15.716835	0.807484	-0.005829	48.095762	0.386200	-799.984590	
5.335000	15.581532	0.823676	-0.007174	48.337872	0.382306	-799.978125	
5.336000	15.835225	0.702235	-0.010134	48.577968	0.339473	-799.971525	
5.337000	15.619586	0.677947	-0.013669	48.816045	0.405670	-799.964927	
5.338000	15.678781	0.888445	-0.017157	49.051825	0.417352	-799.958469	
5.339000	15.619586	0.904637	-0.020140	49.285082	0.183714	-799.952269	
5.340000	15.568848	0.945118	-0.022267	49.515896	0.316109	-799.946414	
5.341000	15.839453	0.904637	-0.023091	49.744505	0.323897	-799.940941	
5.342000	15.721063	0.596986	-0.022037	49.970902	0.409564	-799.935847	
5.343000	15.725291	0.880349	-0.019170	50.194817	0.292745	-799.931088	
5.344000	15.636499	0.807484	-0.015302	50.416029	0.331685	-799.926573	
5.345000	15.505425	0.847965	-0.011031	50.634621	0.242123	-799.922176	
5.346000	15.835225	0.823676	-0.006492	50.850829	0.300533	-799.917758	
5.347000	15.691466	0.726523	-0.001876	51.064652	0.370624	-799.913193	
5.348000	15.687238	0.896541	0.002431	51.275830	0.421246	-799.908379	
5.349000	15.602673	0.888445	0.006165	51.484152	0.300533	-799.903258	
5.350000	15.564620	0.904637	0.009706	51.689697	0.378412	-799.897822	
5.351000	15.792943	1.026079	0.014023	51.892693	0.304427	-799.892102	
5.352000	15.742204	0.799388	0.019458	52.093134	0.277169	-799.886179	
5.353000	15.721063	0.969406	0.025237	52.290758	0.351155	-799.880179	
5.354000	15.721063	0.750812	0.030346	52.485355	0.327791	-799.874252	
5.355000	15.522337	0.888445	0.034152	52.677008	0.284957	-799.868544	
5.356000	15.809856	0.702235	0.036479	52.865949	0.312215	-799.863171	
5.357000	15.716835	0.783196	0.037346	53.052175	0.253805	-799.858207	
5.358000	15.712607	0.767004	0.037196	53.235436	0.257699	-799.853670	
5.359000	15.670325	0.750812	0.037169	53.415531	0.288851	-799.849535	
5.360000	15.488512	0.920829	0.037922	53.592551	0.312215	-799.845739	
5.361000	15.877507	0.799388	0.039020	53.766737	0.312215	-799.842169	
5.362000	15.611130	0.928926	0.039988	53.938094	0.425140	-799.838681	
5.363000	15.716835	0.920829	0.040712	54.106376	0.347261	-799.835126	
5.364000	15.729520	0.872253	0.041096	54.271382	0.331685	-799.831373	
5.365000	15.526566	0.799388	0.041132	54.433201	0.300533	-799.827336	
5.366000	15.860594	0.742716	0.041078	54.592058	0.253805	-799.822978	
5.367000	15.602673	0.815580	0.041335	54.747952	0.292745	-799.818313	
5.368000	15.767574	0.969406	0.042123	54.900640	0.362836	-799.813394	
5.369000	15.708379	0.734620	0.043306	55.049928	0.238229	-799.808320	
5.370000	15.615358	0.548410	0.044472	55.195904	0.358942	-799.803231	
5.371000	15.885963	0.661755	0.044969	55.338798	0.261593	-799.798275	
5.372000	15.623814	0.880349	0.044280	55.478618	0.413458	-799.793584	
5.373000	15.666097	0.985598	0.042452	55.615134	0.429034	-799.789253	
5.374000	15.619586	0.928926	0.039769	55.748158	0.234335	-799.785326	
5.375000	15.687238	1.058463	0.036189	55.877779	0.343367	-799.781798	
5.376000	15.873279	0.864157	0.031085	56.004221	0.312215	-799.778622	
5.377000	15.606902	0.661755	0.023662	56.127497	0.429034	-799.775721	
5.378000	15.721063	1.115135	0.013967	56.247377	0.343367	-799.772977	
5.379000	15.573076	0.807484	0.003094	56.363677	0.370624	-799.770252	
5.380000	15.657640	0.823676	-0.007575	56.476482	0.187608	-799.767410	
5.381000	15.902876	0.880349	-0.016971	56.586014	0.129198	-799.764343	
5.382000	15.721063	0.799388	-0.024476	56.692284	0.308321	-799.760987	
5.383000	15.640727	0.734620	-0.029888	56.795075	0.347261	-799.757327	
5.384000	15.666097	0.856061	-0.033474	56.894213	0.292745	-799.753386	
5.385000	15.551935	0.896541	-0.035766	56.989790	0.242123	-799.749217	
5.386000	15.805627	1.050367	-0.037003	57.082028	0.421246	-799.744916	
5.387000	15.729520	0.920829	-0.037128	57.170940	0.358942	-799.740611	
5.388000	15.699922	1.042271	-0.036247	57.256314	0.448504	-799.736441	
5.389000	15.733748	0.839869	-0.034694	57.337983	0.417352	-799.732527	
5.390000	15.577304	0.945118	-0.032816	57.416035	0.370624	-799.728955	
5.391000	15.818312	0.726523	-0.030832	57.490685	0.273275	-799.725761	
5.392000	15.674553	0.767004	-0.028552	57.561942	0.421246	-799.722932	
5.393000	15.759117	1.001790	-0.025631	57.629596	0.327791	-799.720423	
5.394000	15.737976	0.653659	-0.022218	57.693483	0.284957	-799.718149	
5.395000	15.619586	0.904637	-0.018783	57.753700	0.238229	-799.715995	
5.396000	15.797171	0.847965	-0.015557	57.810467	0.199290	-799.713829	
5.397000	15.704150	0.920829	-0.012555	57.863803	0.366730	-799.711522	
5.398000	15.687238	0.945118	-0.009817	57.913514	0.323897	-799.708971	
5.399000	15.729520	0.807484	-0.007510	57.959445	0.335579	-799.706122	
5.400000	15.678781	0.880349	-0.005648	58.001692	0.390094	-799.702971	0.000000
5.401000	15.847910	1.017982	-0.003550	58.040470	0.417352	-799.699555	
5.402000	15.636499	0.993694	-0.000286	58.075790	0.464080	-799.695948	
5.403000	15.708379	1.090847	0.004179	58.107457	0.409564	-799.692258	
5.404000	15.750661	0.831773	0.008964	58.135317	0.339473	-799.688625	
5.405000	15.759117	0.799388	0.013028	58.159466	0.230441	-799.685190	
5.406000	15.881735	0.799388	0.015768	58.180123	0.323897	-799.682072	
5.407000	15.683009	0.888445	0.017118	58.197314	0.323897	-799.679345	
5.408000	15.687238	1.009886	0.016818	58.210856	0.487443	-799.677029	
5.409000	15.674553	0.945118	0.014127	58.220607	0.378412	-799.675098	
5.410000	15.721063	0.831773	0.008936	58.226666	0.281063	-799.673496	
5.411000	15.797171	1.026079	0.002145	58.229258	0.269381	-799.672118	
5.412000	15.640727	0.669851	-0.005101	58.228416	0.452398	-799.670829	
5.413000	15.687238	1.107039	-0.011833	58.223963	0.499125	-799.669486	
5.414000	15.699922	0.888445	-0.017325	58.215760	0.265487	-799.667963	
5.415000	15.733748	0.969406	-0.021049	58.203901	0.366730	-799.666173	
5.416000	15.776030	1.042271	-0.022790	58.188598	0.296639	-799.664080	
5.417000	15.797171	0.710331	-0.022777	58.169880	0.374518	-799.661698	
5.418000	15.708379	1.034175	-0.021478	58.147577	0.487443	-799.659079	
5.419000	15.776030	0.734620	-0.019232	58.121556	0.277169	-799.656319	
5.420000	15.797171	0.864157	-0.016305	58.091916	0.203184	-799.653551	
5.421000	15.869051	0.945118	-0.013204	58.058875	0.199290	-799.650922	
5.422000	15.784486	0.799388	-0.010546	58.022475	0.382306	-799.648564	
5.423000	15.649184	1.090847	-0.008898	57.982555	0.261593	-799.646579	
5.424000	15.678781	0.864157	-0.008740	57.938992	0.312215	-799.645020	
5.425000	15.674553	0.791292	-0.010192	57.891885	0.191502	-799.643885	
5.426000	15.822540	0.799388	-0.012984	57.841453	0.331685	-799.643131	
5.427000	15.729520	0.872253	-0.016797	57.787733	0.347261	-799.642676	
5.428000	15.683009	1.244673	-0.021180	57.730569	0.347261	-799.642402	
5.429000	15.708379	0.775100	-0.025276	57.669833	0.366730	-799.642175	
5.430000	15.746433	0.977502	-0.028235	57.605625	0.226548	-799.641866	
5.431000	15.830997	0.791292	-0.029709	57.538153	0.253805	-799.641369	
5.432000	15.737976	0.839869	-0.029728	57.467454	0.347261	-799.640611	
5.433000	15.767574	0.856061	-0.028678	57.393375	0.312215	-799.639572	
5.434000	15.746433	0.516025	-0.027338	57.315803	0.242123	-799.638279	
5.435000	15.835225	0.872253	-0.025990	57.234840	0.207078	-799.636795	
5.436000	15.666097	0.847965	-0.024202	57.150697	0.284957	-799.635225	
5.437000	15.606902	1.058463	-0.021770	57.063414	0.561429	-799.633698	
5.438000	15.695694	0.977502	-0.018863	56.972843	0.522489	-799.632352	
5.439000	15.737976	0.847965	-0.015809	56.878870	0.456292	-799.631310	
5.440000	15.818312	0.661755	-0.013218	56.781592	0.456292	-799.630662	
5.441000	15.797171	0.775100	-0.011690	56.681217	0.288851	-799.630449	
5.442000	15.687238	1.001790	-0.011279	56.577783	0.370624	-799.630660	
5.443000	15.776030	0.977502	-0.011518	56.471149	0.421246	-799.631239	
5.444000	15.683009	0.904637	-0.011933	56.361203	0.308321	-799.632093	
5.445000	15.809856	0.742716	-0.012270	56.248043	0.140880	-799.633102	
5.446000	15.788715	0.669851	-0.012345	56.131875	0.246017	-799.634138	
5.447000	15.687238	0.815580	-0.012017	56.012747	0.464080	-799.635074	
5.448000	15.670325	0.993694	-0.011222	55.890527	0.409564	-799.635802	
5.449000	15.666097	0.977502	-0.009874	55.765114	0.366730	-799.636261	
5.450000	15.792943	0.904637	-0.007906	55.636609	0.242123	-799.636442	
5.451000	15.830997	0.839869	-0.005415	55.505216	0.214866	-799.636383	
5.452000	15.699922	0.742716	-0.002654	55.370982	0.374518	-799.636158	
5.453000	15.666097	1.026079	6.628863E-5	55.233773	0.351155	-799.635881	
5.454000	15.737976	0.815580	0.002314	55.093487	0.273275	-799.635695	
5.455000	15.885963	0.767004	0.003575	54.950215	0.101940	-799.635744	
5.456000	15.864822	0.839869	0.003554	54.804151	0.358942	-799.636149	
5.457000	15.754889	0.823676	0.002288	54.655342	0.421246	-799.636986	
5.458000	15.678781	1.107039	0.000363	54.503663	0.421246	-799.638274	
5.459000	15.619586	0.613178	-0.001084	54.349020	0.218760	-799.639994	
5.460000	15.826768	0.880349	-0.001420	54.191510	0.117516	-799.642082	
5.461000	15.869051	0.856061	-0.000987	54.031335	0.370624	-799.644433	
5.462000	15.712607	0.904637	-0.000223	53.868550	0.292745	-799.646902	
5.463000	15.636499	1.074655	0.000755	53.703044	0.327791	-799.649346	
5.464000	15.687238	0.767004	0.001918	53.534726	0.444610	-799.651638	
5.465000	15.763345	0.937022	0.003256	53.363693	0.078577	-799.653690	
5.466000	15.830997	0.621274	0.004774	53.190140	0.300533	-799.655458	
5.467000	15.687238	0.807484	0.006798	53.014114	0.393988	-799.656948	
5.468000	15.733748	0.564602	0.010082	52.835500	0.378412	-799.658209	
5.469000	15.657640	0.718427	0.014879	52.654207	0.238229	-799.659342	
5.470000	15.847910	0.767004	0.020370	52.470329	0.187608	-799.660485	
5.471000	15.792943	0.791292	0.025333	52.284058	0.261593	-799.661784	
5.472000	15.699922	0.888445	0.028840	52.095441	0.320003	-799.663368	
5.473000	15.746433	0.969406	0.030501	51.904371	0.374518	-799.665333	
5.474000	15.695694	0.807484	0.030451	51.710766	0.343367	-799.667726	
5.475000	15.835225	0.694139	0.029056	51.514725	0.136986	-799.670550	
5.476000	15.623814	0.880349	0.026570	51.316440	0.374518	-799.673760	
5.477000	15.644956	1.147520	0.023088	51.115963	0.413458	-799.677269	
5.478000	15.742204	0.945118	0.018719	50.913186	0.456292	-799.680952	
5.479000	15.602673	0.694139	0.013736	50.708024	0.320003	-799.684669	
5.480000	15.864822	0.694139	0.008606	50.500564	0.183714	-799.688293	
5.481000	15.826768	0.726523	0.003834	50.290985	0.300533	-799.691717	
5.482000	15.691466	0.920829	-0.000370	50.079332	0.409564	-799.694871	
5.483000	15.674553	1.017982	-0.003966	49.865503	0.343367	-799.697734	
5.484000	15.699922	0.953214	-0.006474	49.649422	0.281063	-799.700326	
5.485000	15.915561	0.742716	-0.007094	49.431184	0.090259	-799.702714	
5.486000	15.826768	0.799388	-0.005664	49.210976	0.351155	-799.705002	
5.487000	15.678781	0.888445	-0.002890	48.988855	0.503019	-799.707322	
5.488000	15.619586	1.034175	0.000342	48.764731	0.366730	-799.709801	
5.489000	15.695694	0.791292	0.003485	48.538529	0.401776	-799.712554	
5.490000	15.847910	0.904637	0.006431	48.310336	0.183714	-799.715664	
5.491000	15.742204	1.017982	0.009165	48.080329	0.265487	-799.719168	
5.492000	15.733748	0.856061	0.011320	47.848560	0.393988	-799.723052	
5.493000	15.742204	0.872253	0.012279	47.614938	0.300533	-799.727266	
5.494000	15.695694	0.718427	0.011687	47.379389	0.117516	-799.731720	
5.495000	15.881735	0.928926	0.009744	47.142002	0.207078	-799.736292	
5.496000	15.809856	0.702235	0.007035	46.902957	0.249911	-799.740851	
5.497000	15.721063	0.864157	0.004010	46.662316	0.296639	-799.745269	
5.498000	15.666097	0.961310	0.000753	46.419999	0.362836	-799.749442	
5.499000	15.619586	0.872253	-0.002617	46.175944	0.343367	-799.753314	
5.500000	15.780258	0.791292	-0.005307	45.930239	0.366730	-799.756878	0.000000
5.501000	15.699922	1.098943	-0.005984	45.683055	0.401776	-799.760165	
5.502000	15.788715	0.985598	-0.004245	45.434444	0.378412	-799.763238	
5.503000	15.725291	0.985598	-0.001024	45.184325	0.366730	-799.766206	
5.504000	15.712607	0.928926	0.002637	44.932630	0.374518	-799.769208	
5.505000	15.763345	0.896541	0.006066	44.679444	0.129198	-799.772388	
5.506000	15.780258	0.839869	0.008772	44.424931	0.374518	-799.775866	
5.507000	15.699922	0.961310	0.010372	44.169139	0.281063	-799.779708	
5.508000	15.780258	0.937022	0.010450	43.911987	0.374518	-799.783931	
5.509000	15.742204	0.767004	0.008457	43.653414	0.175926	-799.788516	
5.510000	15.767574	0.896541	0.003996	43.393505	0.179820	-799.793413	
5.511000	15.628043	0.823676	-0.002723	43.132428	0.358942	-799.798522	
5.512000	15.547707	1.115135	-0.010827	42.870236	0.386200	-799.803703	
5.513000	15.708379	1.042271	-0.019273	42.606853	0.382306	-799.808810	
5.514000	15.649184	0.815580	-0.027509	42.342222	0.269381	-799.813717	
5.515000	15.818312	0.726523	-0.035278	42.076426	0.168138	-799.818340	
5.516000	15.666097	1.017982	-0.041887	41.809625	0.370624	-799.822638	
5.517000	15.653412	1.090847	-0.046400	41.541868	0.374518	-799.826612	
5.518000	15.776030	1.001790	-0.048381	41.273084	0.362836	-799.830306	
5.519000	15.792943	0.904637	-0.048165	41.003212	0.284957	-799.833816	
5.520000	15.919789	0.686043	-0.046453	40.732330	0.113622	-799.837281	
5.521000	15.742204	0.807484	-0.043877	40.460596	0.288851	-799.840851	
5.522000	15.666097	0.823676	-0.040873	40.188065	0.405670	-799.844655	
5.523000	15.725291	0.888445	-0.037645	39.914672	0.370624	-799.848788	
5.524000	15.666097	0.872253	-0.034270	39.640363	0.261593	-799.853303	
5.525000	15.835225	0.767004	-0.030733	39.365222	0.175926	-799.858202	
5.526000	15.776030	0.872253	-0.026847	39.089407	0.327791	-799.863447	
5.527000	15.695694	0.928926	-0.022639	38.812976	0.417352	-799.868953	
5.528000	15.674553	1.066559	-0.018449	38.535869	0.432928	-799.874594	
5.529000	15.674553	0.750812	-0.014467	38.258036	0.238229	-799.880227	
5.530000	15.839453	0.831773	-0.010664	37.979553	0.051319	-799.885723	
5.531000	15.805627	0.783196	-0.007132	37.700570	0.261593	-799.890974	
5.532000	15.729520	0.969406	-0.004266	37.421143	0.386200	-799.895908	
5.533000	15.670325	1.147520	-0.002383	37.141216	0.281063	-799.900507	
5.534000	15.683009	0.726523	-0.001006	36.860744	0.156456	-799.904797	
5.535000	15.797171	0.920829	0.000976	36.579798	0.094153	-799.908846	
5.536000	15.847910	0.783196	0.004002	36.298526	0.323897	-799.912758	
5.537000	15.704150	1.220385	0.007408	36.016982	0.401776	-799.916663	
5.538000	15.674553	1.026079	0.010370	35.735118	0.382306	-799.920695	
5.539000	15.606902	0.945118	0.012314	35.452892	0.281063	-799.924978	
5.540000	15.759117	1.001790	0.012675	35.170372	0.339473	-799.929602	
5.541000	15.869051	0.702235	0.011095	34.887690	0.436822	-799.934601	
5.542000	15.699922	1.155616	0.007826	34.604892	0.393988	-799.939957	
5.543000	15.792943	0.937022	0.003848	34.321930	0.312215	-799.945618	
5.544000	15.712607	0.823676	0.000415	34.038767	0.175926	-799.951496	
5.545000	15.767574	0.969406	-0.001655	33.755464	0.222654	-799.957478	
5.546000	15.801399	0.831773	-0.002150	33.472146	0.304427	-799.963428	
5.547000	15.699922	1.139424	-0.001343	33.188861	0.358942	-799.969216	
5.548000	15.708379	0.880349	0.000217	32.905567	0.265487	-799.974737	
5.549000	15.704150	0.767004	0.002066	32.622233	0.281063	-799.979936	
5.550000	15.771802	0.904637	0.004008	32.338921	0.273275	-799.984812	
5.551000	15.830997	0.928926	0.006030	32.055760	0.343367	-799.989396	
5.552000	15.640727	1.171808	0.008161	31.772798	0.514701	-799.993751	
5.553000	15.640727	0.945118	0.010351	31.490000	0.234335	-799.997986	
5.554000	15.712607	0.856061	0.012365	31.207332	0.210972	-800.002239	
5.555000	15.818312	0.799388	0.013818	30.924852	0.179820	-800.006655	
5.556000	15.733748	0.880349	0.014340	30.642674	0.374518	-800.011351	
5.557000	15.716835	0.985598	0.013580	30.360841	0.366730	-800.016394	
5.558000	15.767574	0.880349	0.010934	30.079322	0.242123	-800.021801	
5.559000	15.742204	0.783196	0.005778	29.798095	0.238229	-800.027553	
5.560000	15.826768	0.799388	-0.001484	29.517218	0.070789	-800.033600	
5.561000	15.771802	0.896541	-0.009456	29.236806	0.261593	-800.039843	
5.562000	15.666097	0.985598	-0.016837	28.956904	0.491337	-800.046140	
5.563000	15.661868	0.985598	-0.022593	28.677489	0.347261	-800.052346	
5.564000	15.678781	0.767004	-0.025901	28.398542	0.203184	-800.058331	
5.565000	15.780258	0.823676	-0.026386	28.120118	0.164244	-800.064007	
5.566000	15.788715	0.718427	-0.024102	27.842324	0.312215	-800.069332	
5.567000	15.695694	1.026079	-0.019493	27.565198	0.429034	-800.074305	
5.568000	15.657640	0.953214	-0.013275	27.288711	0.273275	-800.078969	
5.569000	15.759117	0.718427	-0.006203	27.012835	0.148668	-800.083418	
5.570000	15.784486	0.726523	0.000951	26.737617	0.152562	-800.087794	
5.571000	15.869051	0.621274	0.007443	26.463154	0.316109	-800.092248	
5.572000	15.691466	1.026079	0.012774	26.189489	0.343367	-800.096916	
5.573000	15.657640	0.945118	0.016838	25.916602	0.300533	-800.101898	
5.574000	15.725291	0.896541	0.019816	25.644473	0.191502	-800.107248	
5.575000	15.852138	0.815580	0.021609	25.373150	0.253805	-800.112967	
5.576000	15.729520	0.815580	0.021898	25.102735	0.269381	-800.119010	
5.577000	15.564620	0.977502	0.020973	24.833276	0.436822	-800.125287	
5.578000	15.704150	0.872253	0.019554	24.564776	0.386200	-800.131673	
5.579000	15.670325	1.179904	0.018104	24.297231	0.312215	-800.138030	
5.580000	15.780258	0.872253	0.016857	24.030684	0.156456	-800.144226	
5.581000	15.805627	0.807484	0.015996	23.765218	0.249911	-800.150148	
5.582000	15.733748	1.026079	0.015676	23.500869	0.308321	-800.155720	
5.583000	15.788715	0.702235	0.016006	23.237638	0.378412	-800.160919	
5.584000	15.678781	0.920829	0.017177	22.975524	0.179820	-800.165776	
5.585000	15.708379	0.767004	0.019362	22.714570	0.230441	-800.170358	
5.586000	15.788715	0.775100	0.022348	22.454855	0.214866	-800.174767	
5.587000	15.683009	1.277057	0.025578	22.196419	0.405670	-800.179132	
5.588000	15.704150	0.856061	0.028423	21.939268	0.355048	-800.183588	
5.589000	15.678781	0.807484	0.030326	21.683407	0.175926	-800.188262	
5.590000	15.687238	0.856061	0.031037	21.428875	0.281063	-800.193243	
5.591000	15.644956	0.831773	0.030565	21.175741	0.386200	-800.198565	
5.592000	15.759117	1.017982	0.028794	20.924041	0.288851	-800.204205	
5.593000	15.695694	0.993694	0.025503	20.673794	0.386200	-800.210109	
5.594000	15.737976	0.799388	0.020597	20.425012	0.281063	-800.216189	
5.595000	15.759117	0.945118	0.014344	20.177726	0.195396	-800.222327	
5.596000	15.754889	0.807484	0.007446	19.931996	0.230441	-800.228388	
5.597000	15.708379	0.937022	0.000596	19.687857	0.269381	-800.234241	
5.598000	15.687238	0.896541	-0.005933	19.445347	0.390094	-800.239778	
5.599000	15.729520	0.847965	-0.012148	19.204499	0.113622	-800.244949	
