LabVIEW Measurement	
Writer_Version	2
Reader_Version	2
Separator	Tab
Decimal_Separator	.
Multi_Headings	No
X_Columns	One
Time_Pref	Absolute
Operator	twtn4
Date	2023/08/15
Time	16:28:02.9127757499429284137
***End_of_Header***	
	
Notes	X values guaranteed valid only for Dev1/ai2							
Channels	7							
Samples	100	100	100	100	100	100	1	
Date	2023/08/15	2023/08/15	2023/08/15	2023/08/15	2023/08/15	2023/08/15	2023/08/15	
Time	16:28:02.9127757499429284137	16:28:02.9127897495838700336	16:28:02.9128317487395255369	16:28:02.912817749098583917	16:28:02.9128037494576422971	16:28:02.9128457483804671567	16:28:03.0157752037048339844	
Y_Unit_Label	Volts	Volts	Volts	Volts	Volts	Volts		
X_Dimension	Time	Time	Time	Time	Time	Time	Time	
X0	0.0000000000000000E+0	0.0000000000000000E+0	0.0000000000000000E+0	0.0000000000000000E+0	0.0000000000000000E+0	0.0000000000000000E+0	0.0000000000000000E+0	
Delta_X	0.001000	0.001000	0.001000	0.001000	0.001000	0.001000	1.000000	
***End_of_Header***								
X_Value	Dev1/ai2	Dev1/ai3	Dev1/ai17 (Filtered)	Dev1/ai1 (Filtered)	Dev1/ai16	Dev1/ai12 (Filtered)	Untitled	Comment
0.000000	-12.946156	-24.921862	-4.413856	-250.000000	-0.038242	-249.999950	0.000000
0.001000	-12.920786	-24.889478	-4.379937	-250.000000	-0.081076	-249.999644	
0.002000	-12.958840	-25.043303	-4.289179	-250.000001	-0.026560	-249.998710	
0.003000	-12.958840	-25.075688	-4.123336	-250.000001	-0.088864	-249.996688	
0.004000	-12.954612	-24.824709	-3.879477	-250.000000	-0.038242	-249.993075	
0.005000	-12.941927	-24.897574	-3.565174	-249.999999	-0.022667	-249.987325	
0.006000	-12.891189	-24.986631	-3.194360	-249.999996	-0.034348	-249.978865	
0.007000	-12.937699	-24.897574	-2.784212	-249.999991	0.027955	-249.967117	
0.008000	-12.975753	-24.897574	-2.353015	-249.999986	0.039637	-249.951513	
0.009000	-12.895417	-24.938054	-1.918565	-249.999982	0.020167	-249.931517	
0.010000	-12.895417	-24.946150	-1.496927	-249.999978	-0.003197	-249.906649	
0.011000	-12.925015	-24.848997	-1.101593	-249.999975	-0.038242	-249.876497	
0.012000	-12.895417	-24.768036	-0.742916	-249.999971	-0.003197	-249.840717	
0.013000	-12.908102	-24.978535	-0.427894	-249.999966	-0.018773	-249.799041	
0.014000	-12.899645	-25.035207	-0.160615	-249.999959	-0.088864	-249.751268	
0.015000	-12.954612	-24.889478	0.057171	-249.999950	-0.057712	-249.697243	
0.016000	-12.908102	-24.881382	0.226018	-249.999940	-0.057712	-249.636828	
0.017000	-12.950384	-24.873285	0.348720	-249.999929	-0.053818	-249.569890	
0.018000	-12.912330	-24.986631	0.429710	-249.999917	-0.065500	-249.496271	
0.019000	-12.933471	-24.824709	0.474347	-249.999905	-0.057712	-249.415773	
0.020000	-12.975753	-24.857093	0.488424	-249.999893	-0.034348	-249.328150	
0.021000	-12.925015	-24.970438	0.477870	-249.999878	-0.030454	-249.233104	
0.022000	-12.891189	-24.994727	0.448606	-249.999862	0.004591	-249.130301	
0.023000	-12.933471	-24.962342	0.406392	-249.999845	0.004591	-249.019380	
0.024000	-12.933471	-24.962342	0.356411	-249.999828	0.012379	-248.899974	
0.025000	-12.899645	-24.865189	0.302878	-249.999811	-0.026560	-248.771730	
0.026000	-12.950384	-24.986631	0.249186	-249.999794	0.016273	-248.634333	
0.027000	-12.988438	-24.954246	0.198293	-249.999778	0.059107	-248.487523	
0.028000	-12.941927	-24.792325	0.152736	-249.999765	-0.007091	-248.331103	
0.029000	-12.954612	-24.873285	0.114413	-249.999755	-0.046030	-248.164949	
0.030000	-12.899645	-25.027111	0.084340	-249.999747	-0.069394	-247.989011	
0.031000	-12.992666	-24.816613	0.062510	-249.999742	-0.057712	-247.803295	
0.032000	-12.958840	-24.865189	0.048145	-249.999742	-0.010985	-247.607836	
0.033000	-12.861592	-24.946150	0.040248	-249.999747	-0.061606	-247.402685	
0.034000	-12.912330	-25.002823	0.037917	-249.999759	-0.092758	-247.187883	
0.035000	-13.018035	-24.954246	0.040220	-249.999776	-0.049924	-246.963440	
0.036000	-12.903874	-25.019015	0.046038	-249.999800	-0.046030	-246.729319	
0.037000	-12.908102	-24.994727	0.053877	-249.999830	-0.116122	-246.485433	
0.038000	-12.950384	-24.946150	0.061928	-249.999870	-0.022667	-246.231650	
0.039000	-12.941927	-25.002823	0.069021	-249.999919	-0.042136	-245.967797	
0.040000	-12.925015	-24.889478	0.075186	-249.999978	0.008485	-245.693673	
0.041000	-12.908102	-24.929958	0.080869	-250.000047	0.004591	-245.409071	
0.042000	-12.925015	-25.027111	0.086270	-250.000124	-0.007091	-245.113809	
0.043000	-12.954612	-24.946150	0.091446	-250.000210	-0.003197	-244.807743	
0.044000	-12.967297	-25.027111	0.096418	-250.000307	-0.018773	-244.490780	
0.045000	-12.903874	-25.002823	0.100963	-250.000416	-0.014879	-244.162893	
0.046000	-12.886961	-25.059495	0.104588	-250.000537	-0.018773	-243.824121	
0.047000	-13.009579	-24.865189	0.107131	-250.000672	-0.046030	-243.474569	
0.048000	-13.034948	-24.881382	0.108893	-250.000820	-0.053818	-243.114385	
0.049000	-12.903874	-24.970438	0.110016	-250.000984	-0.065500	-242.743741	
0.050000	-12.950384	-25.027111	0.110349	-250.001164	-0.046030	-242.362815	
0.051000	-12.929243	-25.067591	0.109835	-250.001360	-0.057712	-241.971762	
0.052000	-12.988438	-24.994727	0.108742	-250.001575	-0.104440	-241.570693	
0.053000	-12.963068	-25.221417	0.107530	-250.001809	-0.116122	-241.159670	
0.054000	-12.933471	-24.913766	0.106724	-250.002063	-0.112228	-240.738708	
0.055000	-12.971525	-24.962342	0.106744	-250.002339	-0.014879	-240.307772	
0.056000	-12.925015	-24.954246	0.107624	-250.002637	-0.042136	-239.866786	
0.057000	-12.886961	-25.010919	0.109202	-250.002957	-0.034348	-239.415651	
0.058000	-12.920786	-25.002823	0.111320	-250.003295	-0.007091	-238.954270	
0.059000	-12.971525	-25.035207	0.113606	-250.003650	0.027955	-238.482572	
0.060000	-12.903874	-25.035207	0.115587	-250.004019	0.000697	-238.000530	
0.061000	-12.903874	-24.994727	0.117318	-250.004404	-0.084970	-237.508175	
0.062000	-12.941927	-24.889478	0.119057	-250.004804	0.148668	-237.005598	
0.063000	-12.963068	-24.929958	0.120181	-250.005218	-0.003197	-236.492954	
0.064000	-12.865820	-24.970438	0.119903	-250.005648	-0.034348	-235.970454	
0.065000	-12.916558	-24.954246	0.118346	-250.006094	-0.022667	-235.438344	
0.066000	-12.886961	-25.075688	0.116003	-250.006553	-0.038242	-234.896885	
0.067000	-12.958840	-24.986631	0.113249	-250.007024	-0.049924	-234.346332	
0.068000	-12.954612	-24.881382	0.110270	-250.007507	-0.069394	-233.786906	
0.069000	-12.895417	-25.124264	0.107088	-250.008001	-0.084970	-233.218776	
0.070000	-12.941927	-24.994727	0.103570	-250.008506	-0.084970	-232.642064	
0.071000	-13.034948	-24.897574	0.099277	-250.009023	-0.065500	-232.056834	
0.072000	-12.950384	-24.986631	0.094031	-250.009556	0.020167	-231.463100	
0.073000	-12.882733	-24.889478	0.088458	-250.010104	0.020167	-230.860836	
0.074000	-12.963068	-24.986631	0.083498	-250.010665	0.016273	-230.250009	
0.075000	-12.979981	-24.938054	0.079888	-250.011241	0.024061	-229.630586	
0.076000	-12.903874	-24.938054	0.078029	-250.011830	0.016273	-229.002561	
0.077000	-12.933471	-25.027111	0.077957	-250.012434	0.008485	-228.365974	
0.078000	-12.941927	-25.099976	0.079615	-250.013048	-0.038242	-227.720921	
0.079000	-12.933471	-24.938054	0.083133	-250.013671	-0.010985	-227.067560	
0.080000	-12.941927	-24.921862	0.088604	-250.014299	-0.042136	-226.406110	
0.081000	-12.891189	-24.994727	0.095510	-250.014934	-0.061606	-225.736843	
0.082000	-12.933471	-25.027111	0.102701	-250.015574	-0.081076	-225.060065	
0.083000	-13.013807	-24.913766	0.109115	-250.016219	-0.077182	-224.376088	
0.084000	-12.925015	-24.929958	0.114272	-250.016870	-0.049924	-223.685203	
0.085000	-12.899645	-24.889478	0.118066	-250.017527	-0.073288	-222.987658	
0.086000	-13.009579	-24.946150	0.120528	-250.018188	-0.030454	-222.283654	
0.087000	-13.013807	-24.881382	0.121741	-250.018854	0.000697	-221.573335	
0.088000	-12.946156	-24.889478	0.121624	-250.019523	0.000697	-220.856789	
0.089000	-12.886961	-24.873285	0.120111	-250.020196	0.024061	-220.134054	
0.090000	-12.899645	-25.075688	0.117612	-250.020873	0.020167	-219.405142	
0.091000	-12.958840	-25.010919	0.114761	-250.021554	0.031849	-218.670050	
0.092000	-12.950384	-24.962342	0.111864	-250.022237	0.016273	-217.928786	
0.093000	-12.899645	-25.010919	0.108903	-250.022924	0.035743	-217.181390	
0.094000	-12.937699	-24.994727	0.106114	-250.023613	0.008485	-216.427952	
0.095000	-13.047632	-24.946150	0.104124	-250.024306	0.020167	-215.668616	
0.096000	-12.937699	-24.897574	0.103042	-250.025004	-0.084970	-214.903587	
0.097000	-12.903874	-24.970438	0.102348	-250.025706	-0.061606	-214.133128	
0.098000	-12.929243	-24.938054	0.101633	-250.026412	-0.057712	-213.357546	
0.099000	-12.971525	-24.954246	0.100679	-250.027121	-0.069394	-212.577165	
0.100000	-12.946156	-24.865189	0.099503	-250.027831	-0.030454	-211.792306	0.000000
0.101000	-12.920786	-24.954246	0.098514	-250.028541	-0.057712	-211.003266	
0.102000	-12.941927	-24.986631	0.098175	-250.029252	-0.049924	-210.210299	
0.103000	-12.988438	-24.897574	0.098576	-250.029965	-0.046030	-209.413606	
0.104000	-12.963068	-24.938054	0.099392	-250.030681	-0.077182	-208.613328	
0.105000	-12.882733	-24.986631	0.100225	-250.031402	-0.034348	-207.809553	
0.106000	-12.899645	-24.978535	0.100894	-250.032127	-0.010985	-207.002320	
0.107000	-12.975753	-24.970438	0.101451	-250.032854	0.016273	-206.191646	
0.108000	-12.933471	-24.889478	0.102070	-250.033583	0.043531	-205.377539	
0.109000	-12.908102	-24.938054	0.102726	-250.034315	0.000697	-204.560024	
0.110000	-12.912330	-24.889478	0.103149	-250.035049	0.074683	-203.739172	
0.111000	-12.925015	-24.881382	0.103261	-250.035787	0.027955	-202.915098	
0.112000	-12.929243	-24.743748	0.103361	-250.036530	-0.030454	-202.087973	
0.113000	-12.933471	-24.865189	0.103958	-250.037273	0.008485	-201.258028	
0.114000	-12.908102	-24.970438	0.105303	-250.038014	-0.057712	-200.425550	
0.115000	-12.971525	-24.808517	0.106989	-250.038752	0.035743	-199.590852	
0.116000	-12.925015	-24.889478	0.108379	-250.039487	-0.034348	-198.754261	
0.117000	-12.899645	-24.962342	0.109066	-250.040218	-0.018773	-197.916090	
0.118000	-12.933471	-24.954246	0.108751	-250.040945	-0.042136	-197.076617	
0.119000	-13.001122	-24.889478	0.107284	-250.041666	-0.026560	-196.236070	
0.120000	-12.916558	-25.099976	0.104886	-250.042381	-0.053818	-195.394618	
0.121000	-12.865820	-25.180937	0.102070	-250.043087	-0.096652	-194.552367	
0.122000	-12.886961	-24.970438	0.099375	-250.043779	-0.030454	-193.709375	
0.123000	-12.988438	-24.913766	0.097313	-250.044457	0.004591	-192.865654	
0.124000	-12.925015	-24.848997	0.096423	-250.045123	-0.022667	-192.021196	
0.125000	-12.895417	-24.913766	0.096994	-250.045774	0.020167	-191.175991	
0.126000	-12.920786	-24.986631	0.098970	-250.046412	0.004591	-190.330056	
0.127000	-12.975753	-24.938054	0.102122	-250.047037	0.051319	-189.483451	
0.128000	-12.916558	-24.800421	0.106344	-250.047649	-0.049924	-188.636290	
0.129000	-12.823538	-25.019015	0.111857	-250.048249	-0.026560	-187.788743	
0.130000	-12.933471	-24.921862	0.118739	-250.048834	-0.003197	-186.941042	
0.131000	-12.984209	-24.840901	0.126450	-250.049402	-0.010985	-186.093464	
0.132000	-12.895417	-24.905670	0.134067	-250.049954	-0.061606	-185.246311	
0.133000	-12.874276	-24.938054	0.140726	-250.050491	-0.069394	-184.399886	
0.134000	-12.958840	-24.954246	0.145774	-250.051011	-0.088864	-183.554480	
0.135000	-12.929243	-24.954246	0.148736	-250.051513	-0.073288	-182.710337	
0.136000	-12.916558	-24.865189	0.149454	-250.051999	0.016273	-181.867644	
0.137000	-12.916558	-24.970438	0.147836	-250.052471	-0.166743	-181.026535	
0.138000	-12.958840	-24.913766	0.143590	-250.052931	-0.065500	-180.187086	
0.139000	-12.941927	-24.921862	0.136926	-250.053379	-0.100546	-179.349319	
0.140000	-12.929243	-24.800421	0.128974	-250.053815	-0.030454	-178.513219	
0.141000	-12.886961	-24.962342	0.121073	-250.054239	-0.030454	-177.678755	
0.142000	-12.967297	-24.929958	0.114163	-250.054648	-0.034348	-176.845911	
0.143000	-12.992666	-24.978535	0.108742	-250.055043	0.043531	-176.014695	
0.144000	-12.958840	-25.002823	0.104701	-250.055426	0.008485	-175.185164	
0.145000	-12.925015	-24.986631	0.101823	-250.055799	0.039637	-174.357426	
0.146000	-12.937699	-24.994727	0.100972	-250.056164	-0.022667	-173.531652	
0.147000	-12.963068	-24.994727	0.103187	-250.056523	-0.042136	-172.708066	
0.148000	-12.903874	-24.784229	0.108135	-250.056876	-0.034348	-171.886930	
0.149000	-12.903874	-24.970438	0.114702	-250.057223	-0.057712	-171.068523	
0.150000	-12.878504	-25.043303	0.121852	-250.057565	-0.049924	-170.253121	
0.151000	-12.967297	-24.840901	0.128760	-250.057900	-0.061606	-169.440970	
0.152000	-12.967297	-24.840901	0.134870	-250.058229	-0.077182	-168.632270	
0.153000	-12.802397	-25.099976	0.140038	-250.058552	-0.018773	-167.827162	
0.154000	-12.967297	-24.840901	0.144421	-250.058867	-0.053818	-167.025738	
0.155000	-12.996894	-24.905670	0.148027	-250.059176	-0.038242	-166.228027	
0.156000	-12.908102	-24.897574	0.150724	-250.059481	-0.046030	-165.434013	
0.157000	-12.899645	-25.027111	0.152597	-250.059780	-0.018773	-164.643651	
0.158000	-12.954612	-25.002823	0.153867	-250.060074	0.000697	-163.856893	
0.159000	-12.954612	-25.027111	0.154590	-250.060363	0.008485	-163.073705	
0.160000	-12.916558	-24.962342	0.154749	-250.060648	0.012379	-162.294086	
0.161000	-12.946156	-25.002823	0.154645	-250.060930	0.043531	-161.518087	
0.162000	-12.920786	-25.019015	0.154698	-250.061207	-0.038242	-160.745812	
0.163000	-12.946156	-24.921862	0.154621	-250.061480	-0.022667	-159.977420	
0.164000	-12.988438	-24.921862	0.153780	-250.061753	-0.026560	-159.213120	
0.165000	-12.874276	-25.059495	0.152003	-250.062024	-0.057712	-158.453151	
0.166000	-12.941927	-24.929958	0.149270	-250.062293	-0.049924	-157.697763	
0.167000	-12.975753	-24.921862	0.145490	-250.062560	-0.061606	-156.947194	
0.168000	-12.912330	-24.970438	0.140763	-250.062824	-0.077182	-156.201647	
0.169000	-12.857363	-25.035207	0.135494	-250.063087	-0.003197	-155.461272	
0.170000	-12.963068	-24.946150	0.129799	-250.063349	-0.022667	-154.726163	
0.171000	-12.929243	-24.905670	0.123004	-250.063611	-0.030454	-153.996352	
0.172000	-12.916558	-24.889478	0.114695	-250.063874	-0.034348	-153.271810	
0.173000	-12.929243	-24.816613	0.105646	-250.064139	-0.007091	-152.552471	
0.174000	-12.933471	-25.019015	0.097176	-250.064404	-0.010985	-151.838248	
0.175000	-12.963068	-24.881382	0.090391	-250.064670	0.008485	-151.129056	
0.176000	-12.958840	-24.873285	0.085871	-250.064936	0.004591	-150.424826	
0.177000	-12.903874	-25.019015	0.083605	-250.065200	-0.034348	-149.725531	
0.178000	-12.853135	-24.832805	0.083326	-250.065463	-0.014879	-149.031201	
0.179000	-13.073002	-25.002823	0.084557	-250.065724	-0.030454	-148.341919	
0.180000	-12.903874	-25.043303	0.086352	-250.065985	-0.038242	-147.657825	
0.181000	-12.865820	-24.978535	0.087886	-250.066248	-0.069394	-146.979108	
0.182000	-12.984209	-24.978535	0.088948	-250.066511	-0.049924	-146.305986	
0.183000	-12.958840	-24.986631	0.089622	-250.066774	-0.069394	-145.638681	
0.184000	-12.925015	-24.986631	0.090105	-250.067036	-0.084970	-144.977392	
0.185000	-12.941927	-25.043303	0.090590	-250.067295	-0.057712	-144.322279	
0.186000	-13.009579	-25.229513	0.090891	-250.067553	-0.010985	-143.673443	
0.187000	-12.963068	-24.759940	0.090521	-250.067808	-0.131698	-143.030928	
0.188000	-12.946156	-24.832805	0.089471	-250.068060	-0.003197	-142.394719	
0.189000	-12.937699	-25.010919	0.088156	-250.068309	-0.084970	-141.764749	
0.190000	-12.908102	-25.172840	0.086873	-250.068554	-0.010985	-141.140918	
0.191000	-12.996894	-24.913766	0.086024	-250.068796	0.059107	-140.523108	
0.192000	-12.937699	-24.921862	0.086072	-250.069034	-0.014879	-139.911204	
0.193000	-12.891189	-25.002823	0.087159	-250.069268	-0.018773	-139.305120	
0.194000	-13.039176	-24.897574	0.089120	-250.069499	0.000697	-138.704817	
0.195000	-12.963068	-24.727556	0.092032	-250.069728	-0.010985	-138.110309	
0.196000	-12.874276	-24.889478	0.096497	-250.069954	-0.018773	-137.521665	
0.197000	-12.950384	-24.889478	0.102769	-250.070178	-0.046030	-136.939020	
0.198000	-12.971525	-24.962342	0.110116	-250.070398	-0.026560	-136.362544	
0.199000	-12.971525	-24.889478	0.117415	-250.070614	-0.030454	-135.792425	
0.200000	-12.950384	-24.938054	0.123732	-250.070826	-0.022667	-135.228848	0.000000
0.201000	-12.891189	-25.035207	0.128426	-250.071034	-0.104440	-134.671974	
0.202000	-12.950384	-24.889478	0.131089	-250.071238	-0.057712	-134.121913	
0.203000	-13.001122	-24.857093	0.131654	-250.071436	-0.084970	-133.578722	
0.204000	-12.848907	-24.905670	0.130682	-250.071629	-0.049924	-133.042398	
0.205000	-12.916558	-24.921862	0.129097	-250.071815	-0.053818	-132.512883	
0.206000	-12.954612	-25.043303	0.127444	-250.071995	-0.034348	-131.990070	
0.207000	-12.971525	-24.970438	0.125845	-250.072169	-0.007091	-131.473823	
0.208000	-12.891189	-24.897574	0.124459	-250.072339	0.020167	-130.963993	
0.209000	-12.912330	-24.994727	0.123543	-250.072504	0.027955	-130.460452	
0.210000	-12.933471	-25.002823	0.123256	-250.072663	0.035743	-129.963116	
0.211000	-12.975753	-25.027111	0.123582	-250.072817	0.020167	-129.471944	
0.212000	-12.895417	-24.970438	0.124724	-250.072967	0.004591	-128.986946	
0.213000	-12.908102	-25.027111	0.127166	-250.073113	-0.049924	-128.508192	
0.214000	-12.941927	-24.978535	0.130851	-250.073255	-0.073288	-128.035809	
0.215000	-13.013807	-24.776133	0.134841	-250.073393	-0.010985	-127.569955	
0.216000	-12.916558	-24.946150	0.138049	-250.073529	-0.018773	-127.110793	
0.217000	-12.912330	-24.921862	0.140008	-250.073662	-0.073288	-126.658478	
0.218000	-12.950384	-24.938054	0.140769	-250.073793	-0.038242	-126.213128	
0.219000	-13.005350	-24.889478	0.140546	-250.073922	-0.088864	-125.774814	
0.220000	-12.882733	-24.735652	0.139999	-250.074049	-0.096652	-125.343548	
0.221000	-12.844679	-24.986631	0.139896	-250.074175	-0.042136	-124.919285	
0.222000	-12.925015	-24.938054	0.140206	-250.074300	-0.026560	-124.501923	
0.223000	-13.022263	-24.784229	0.140423	-250.074425	0.016273	-124.091315	
0.224000	-12.950384	-24.946150	0.140308	-250.074552	-0.034348	-123.687295	
0.225000	-12.882733	-25.043303	0.139935	-250.074678	-0.003197	-123.289696	
0.226000	-12.967297	-24.946150	0.139457	-250.074804	0.027955	-122.898375	
0.227000	-12.963068	-24.913766	0.138891	-250.074930	0.039637	-122.513230	
0.228000	-12.895417	-25.002823	0.138108	-250.075054	-0.092758	-122.134209	
0.229000	-12.891189	-24.946150	0.137063	-250.075178	0.000697	-121.761314	
0.230000	-12.967297	-24.994727	0.135975	-250.075298	0.004591	-121.394613	
0.231000	-12.937699	-24.743748	0.135009	-250.075416	0.012379	-121.034216	
0.232000	-12.912330	-24.913766	0.133881	-250.075530	-0.042136	-120.680262	
0.233000	-12.916558	-25.002823	0.132157	-250.075641	-0.061606	-120.332894	
0.234000	-12.933471	-25.002823	0.129511	-250.075750	-0.053818	-119.992240	
0.235000	-12.979981	-24.938054	0.125770	-250.075856	-0.049924	-119.658383	
0.236000	-12.971525	-25.051399	0.121143	-250.075959	-0.081076	-119.331352	
0.237000	-12.865820	-24.970438	0.115954	-250.076058	-0.081076	-119.011121	
0.238000	-12.996894	-24.768036	0.110253	-250.076149	-0.010985	-118.697605	
0.239000	-13.034948	-24.929958	0.104240	-250.076230	0.004591	-118.390668	
0.240000	-12.920786	-24.800421	0.098584	-250.076299	-0.018773	-118.090139	
0.241000	-12.899645	-24.970438	0.093953	-250.076358	-0.014879	-117.795836	
0.242000	-12.979981	-24.978535	0.090817	-250.076405	0.004591	-117.507581	
0.243000	-12.933471	-25.002823	0.089663	-250.076444	0.016273	-117.225227	
0.244000	-12.992666	-24.889478	0.090634	-250.076477	0.004591	-116.948665	
0.245000	-12.920786	-25.091880	0.092972	-250.076503	-0.026560	-116.677842	
0.246000	-12.992666	-25.083784	0.095537	-250.076524	-0.030454	-116.412764	
0.247000	-12.908102	-24.913766	0.097891	-250.076539	-0.018773	-116.153493	
0.248000	-12.925015	-24.954246	0.100249	-250.076548	-0.100546	-115.900131	
0.249000	-12.916558	-25.051399	0.102681	-250.076547	-0.077182	-115.652804	
0.250000	-12.929243	-25.010919	0.105155	-250.076536	-0.073288	-115.411634	
0.251000	-12.963068	-24.938054	0.107915	-250.076516	-0.057712	-115.176718	
0.252000	-12.916558	-24.897574	0.111297	-250.076487	-0.112228	-114.948107	
0.253000	-12.891189	-24.897574	0.115256	-250.076448	0.000697	-114.725802	
0.254000	-13.005350	-25.043303	0.119056	-250.076398	-0.022667	-114.509751	
0.255000	-12.954612	-24.970438	0.121637	-250.076338	-0.042136	-114.299845	
0.256000	-12.916558	-25.002823	0.122533	-250.076268	-0.034348	-114.095923	
0.257000	-12.912330	-24.954246	0.122173	-250.076185	0.008485	-113.897795	
0.258000	-12.920786	-25.067591	0.121305	-250.076090	-0.007091	-113.705267	
0.259000	-12.963068	-24.929958	0.120253	-250.075984	0.008485	-113.518158	
0.260000	-12.925015	-25.002823	0.118833	-250.075868	0.012379	-113.336325	
0.261000	-12.861592	-25.124264	0.117121	-250.075743	-0.018773	-113.159671	
0.262000	-12.950384	-24.881382	0.115739	-250.075605	0.031849	-112.988155	
0.263000	-13.009579	-24.978535	0.115332	-250.075453	-0.046030	-112.821789	
0.264000	-12.878504	-25.108072	0.116093	-250.075283	0.016273	-112.660641	
0.265000	-12.937699	-24.889478	0.117563	-250.075096	-0.073288	-112.504816	
0.266000	-12.954612	-24.946150	0.119118	-250.074890	-0.053818	-112.354434	
0.267000	-12.937699	-24.962342	0.120571	-250.074666	-0.073288	-112.209605	
0.268000	-12.916558	-24.954246	0.121895	-250.074424	-0.077182	-112.070405	
0.269000	-12.908102	-25.035207	0.122892	-250.074165	-0.069394	-111.936861	
0.270000	-12.874276	-25.051399	0.123314	-250.073888	-0.053818	-111.808946	
0.271000	-13.030720	-24.994727	0.122950	-250.073593	-0.046030	-111.686570	
0.272000	-12.916558	-25.027111	0.121749	-250.073282	-0.034348	-111.569585	
0.273000	-12.891189	-24.962342	0.120039	-250.072953	-0.003197	-111.457804	
0.274000	-12.950384	-24.970438	0.118434	-250.072606	0.039637	-111.351022	
0.275000	-13.005350	-24.913766	0.117387	-250.072240	0.024061	-111.249034	
0.276000	-12.891189	-24.970438	0.116909	-250.071855	-0.014879	-111.151650	
0.277000	-12.895417	-25.010919	0.116819	-250.071450	0.008485	-111.058724	
0.278000	-12.963068	-24.889478	0.116861	-250.071025	0.000697	-110.970164	
0.279000	-12.984209	-24.881382	0.116663	-250.070583	0.043531	-110.885933	
0.280000	-12.912330	-24.938054	0.116102	-250.070123	-0.034348	-110.806053	
0.281000	-12.912330	-24.938054	0.115392	-250.069647	0.004591	-110.730600	
0.282000	-12.925015	-25.002823	0.114613	-250.069154	-0.034348	-110.659680	
0.283000	-12.971525	-24.865189	0.113609	-250.068646	-0.018773	-110.593408	
0.284000	-12.929243	-24.954246	0.112163	-250.068124	-0.084970	-110.531879	
0.285000	-12.853135	-25.075688	0.110066	-250.067589	-0.084970	-110.475149	
0.286000	-12.848907	-25.075688	0.107003	-250.067044	-0.116122	-110.423220	
0.287000	-12.929243	-25.019015	0.102453	-250.066489	-0.042136	-110.376038	
0.288000	-12.882733	-25.027111	0.096212	-250.065928	-0.065500	-110.333487	
0.289000	-12.941927	-25.043303	0.088883	-250.065363	0.070789	-110.295403	
0.290000	-13.001122	-24.946150	0.081540	-250.064793	0.031849	-110.261590	
0.291000	-12.929243	-24.978535	0.075263	-250.064222	0.016273	-110.231838	
0.292000	-12.967297	-24.897574	0.070908	-250.063650	-0.014879	-110.205937	
0.293000	-12.903874	-25.027111	0.068928	-250.063078	0.004591	-110.183707	
0.294000	-12.878504	-24.962342	0.069355	-250.062505	-0.069394	-110.165020	
0.295000	-13.018035	-25.019015	0.071923	-250.061930	-0.061606	-110.149795	
0.296000	-12.946156	-24.857093	0.076203	-250.061351	0.008485	-110.138014	
0.297000	-12.899645	-24.994727	0.081740	-250.060769	-0.014879	-110.129718	
0.298000	-12.933471	-24.946150	0.088000	-250.060183	-0.049924	-110.124998	
0.299000	-12.979981	-24.913766	0.094280	-250.059595	-0.018773	-110.123965	
0.300000	-12.903874	-24.946150	0.099970	-250.059007	-0.057712	-110.126727	0.000000
0.301000	-12.925015	-24.970438	0.104732	-250.058419	-0.057712	-110.133363	
0.302000	-12.979981	-24.913766	0.108267	-250.057829	-0.065500	-110.143914	
0.303000	-12.933471	-24.873285	0.110312	-250.057238	-0.116122	-110.158365	
0.304000	-12.971525	-24.792325	0.110749	-250.056647	-0.003197	-110.176645	
0.305000	-12.941927	-25.067591	0.109533	-250.056057	-0.053818	-110.198630	
0.306000	-12.857363	-24.986631	0.106906	-250.055467	-0.018773	-110.224152	
0.307000	-12.979981	-24.913766	0.103576	-250.054875	0.016273	-110.253008	
0.308000	-12.963068	-24.978535	0.100406	-250.054280	-0.003197	-110.284986	
0.309000	-12.941927	-24.986631	0.098024	-250.053680	-0.018773	-110.319892	
0.310000	-12.941927	-24.921862	0.096550	-250.053074	0.020167	-110.357572	
0.311000	-12.963068	-24.840901	0.095934	-250.052462	0.012379	-110.397921	
0.312000	-12.899645	-24.897574	0.096478	-250.051845	-0.112228	-110.440885	
0.313000	-12.920786	-24.881382	0.098406	-250.051222	-0.034348	-110.486470	
0.314000	-12.958840	-24.954246	0.101410	-250.050590	0.020167	-110.534738	
0.315000	-12.971525	-24.978535	0.104922	-250.049949	-0.026560	-110.585785	
0.316000	-12.950384	-24.938054	0.108389	-250.049297	-0.053818	-110.639721	
0.317000	-12.899645	-24.986631	0.111398	-250.048635	-0.077182	-110.696646	
0.318000	-12.895417	-25.067591	0.113660	-250.047964	-0.084970	-110.756634	
0.319000	-12.950384	-24.954246	0.114900	-250.047284	0.000697	-110.819709	
0.320000	-12.988438	-24.840901	0.114789	-250.046595	-0.038242	-110.885839	
0.321000	-12.941927	-24.857093	0.112995	-250.045898	-0.069394	-110.954934	
0.322000	-12.920786	-24.994727	0.109516	-250.045195	-0.026560	-111.026855	
0.323000	-12.984209	-24.946150	0.104944	-250.044484	0.043531	-111.101416	
0.324000	-12.886961	-24.970438	0.100320	-250.043769	-0.007091	-111.178410	
0.325000	-12.895417	-24.962342	0.096558	-250.043048	-0.014879	-111.257630	
0.326000	-12.941927	-24.962342	0.094099	-250.042322	0.047425	-111.338892	
0.327000	-12.954612	-24.938054	0.093137	-250.041589	0.000697	-111.422054	
0.328000	-12.954612	-24.978535	0.093810	-250.040850	-0.010985	-111.507026	
0.329000	-12.941927	-25.075688	0.096213	-250.040107	0.043531	-111.593776	
0.330000	-12.908102	-25.002823	0.100245	-250.039359	0.000697	-111.682331	
0.331000	-12.903874	-24.905670	0.105420	-250.038611	-0.065500	-111.772772	
0.332000	-12.963068	-24.816613	0.110993	-250.037867	-0.034348	-111.865205	
0.333000	-12.870048	-25.043303	0.116229	-250.037130	-0.038242	-111.959743	
0.334000	-12.895417	-24.994727	0.120654	-250.036402	-0.026560	-112.056489	
0.335000	-13.005350	-24.873285	0.124148	-250.035685	-0.077182	-112.155503	
0.336000	-12.937699	-24.938054	0.126391	-250.034978	-0.010985	-112.256792	
0.337000	-12.895417	-24.970438	0.126542	-250.034281	-0.088864	-112.360310	
0.338000	-12.967297	-25.083784	0.124314	-250.033589	0.008485	-112.465954	
0.339000	-12.912330	-24.905670	0.120487	-250.032903	-0.038242	-112.573575	
0.340000	-12.937699	-24.832805	0.116056	-250.032220	0.051319	-112.682979	
0.341000	-12.933471	-24.970438	0.111807	-250.031541	0.004591	-112.793963	
0.342000	-12.912330	-25.051399	0.108419	-250.030865	0.004591	-112.906325	
0.343000	-12.946156	-24.938054	0.106610	-250.030193	-0.026560	-113.019898	
0.344000	-12.891189	-24.808517	0.106987	-250.029526	-0.014879	-113.134557	
0.345000	-12.861592	-25.002823	0.109505	-250.028863	0.012379	-113.250229	
0.346000	-12.954612	-24.800421	0.113466	-250.028203	-0.014879	-113.366904	
0.347000	-13.001122	-24.873285	0.118224	-250.027546	-0.022667	-113.484628	
0.348000	-12.925015	-25.002823	0.123355	-250.026893	-0.073288	-113.603493	
0.349000	-12.925015	-24.962342	0.128301	-250.026245	-0.042136	-113.723616	
0.350000	-12.979981	-24.929958	0.132502	-250.025601	-0.069394	-113.845118	
0.351000	-12.967297	-24.921862	0.135638	-250.024961	-0.081076	-113.968095	
0.352000	-12.903874	-25.010919	0.137621	-250.024326	-0.069394	-114.092598	
0.353000	-12.886961	-24.913766	0.138506	-250.023696	-0.077182	-114.218624	
0.354000	-12.933471	-25.027111	0.138222	-250.023071	-0.127804	-114.346120	
0.355000	-12.992666	-25.019015	0.136499	-250.022449	-0.010985	-114.474977	
0.356000	-12.975753	-25.067591	0.133400	-250.021830	-0.038242	-114.605039	
0.357000	-12.878504	-24.978535	0.129544	-250.021213	-0.007091	-114.736116	
0.358000	-12.920786	-24.978535	0.125743	-250.020597	0.020167	-114.868014	
0.359000	-12.992666	-24.897574	0.122844	-250.019982	0.035743	-115.000554	
0.360000	-12.950384	-24.929958	0.121541	-250.019368	-0.022667	-115.133593	
0.361000	-12.903874	-24.978535	0.122010	-250.018758	-0.026560	-115.267031	
0.362000	-12.920786	-24.978535	0.123970	-250.018152	-0.049924	-115.400827	
0.363000	-12.958840	-24.970438	0.126844	-250.017553	-0.069394	-115.534996	
0.364000	-12.891189	-24.857093	0.129977	-250.016963	-0.010985	-115.669607	
0.365000	-12.933471	-25.035207	0.132886	-250.016386	0.008485	-115.804770	
0.366000	-12.878504	-25.083784	0.135200	-250.015824	-0.077182	-115.940613	
0.367000	-12.967297	-24.962342	0.136731	-250.015280	-0.042136	-116.077258	
0.368000	-12.971525	-24.905670	0.137509	-250.014754	-0.057712	-116.214792	
0.369000	-12.925015	-25.043303	0.137476	-250.014247	-0.081076	-116.353253	
0.370000	-12.857363	-24.873285	0.136343	-250.013758	-0.127804	-116.492628	
0.371000	-13.009579	-24.905670	0.133924	-250.013285	-0.010985	-116.632851	
0.372000	-12.946156	-24.962342	0.130416	-250.012827	-0.030454	-116.773796	
0.373000	-12.933471	-24.840901	0.126246	-250.012386	-0.038242	-116.915296	
0.374000	-12.950384	-25.010919	0.121960	-250.011960	-0.007091	-117.057164	
0.375000	-12.937699	-25.019015	0.118162	-250.011547	-0.007091	-117.199212	
0.376000	-12.925015	-24.873285	0.115309	-250.011147	0.051319	-117.341272	
0.377000	-12.920786	-24.978535	0.113552	-250.010758	0.004591	-117.483215	
0.378000	-12.878504	-25.027111	0.112835	-250.010379	-0.034348	-117.624966	
0.379000	-12.988438	-24.962342	0.113269	-250.010011	0.082471	-117.766505	
0.380000	-12.958840	-24.946150	0.115281	-250.009656	-0.007091	-117.907876	
0.381000	-12.908102	-25.099976	0.118879	-250.009314	0.000697	-118.049176	
0.382000	-12.903874	-24.929958	0.123167	-250.008983	-0.049924	-118.190530	
0.383000	-12.988438	-24.938054	0.127152	-250.008662	-0.073288	-118.332076	
0.384000	-12.933471	-24.994727	0.130436	-250.008350	-0.069394	-118.473935	
0.385000	-12.912330	-24.970438	0.132945	-250.008045	-0.081076	-118.616189	
0.386000	-12.920786	-24.905670	0.134401	-250.007748	-0.135592	-118.758871	
0.387000	-12.958840	-25.067591	0.134256	-250.007455	-0.084970	-118.901956	
0.388000	-12.891189	-24.929958	0.132279	-250.007166	-0.061606	-119.045355	
0.389000	-13.018035	-24.881382	0.128791	-250.006877	-0.007091	-119.188930	
0.390000	-12.937699	-25.002823	0.124388	-250.006589	0.035743	-119.332509	
0.391000	-12.920786	-24.881382	0.119755	-250.006302	0.035743	-119.475906	
0.392000	-12.992666	-24.889478	0.115283	-250.006019	-0.014879	-119.618941	
0.393000	-12.874276	-25.043303	0.110961	-250.005740	0.000697	-119.761456	
0.394000	-12.937699	-24.938054	0.106822	-250.005466	-0.007091	-119.903344	
0.395000	-13.022263	-25.099976	0.102915	-250.005196	0.016273	-120.044554	
0.396000	-12.920786	-25.132360	0.099113	-250.004935	-0.003197	-120.185095	
0.397000	-12.886961	-24.994727	0.095562	-250.004689	-0.034348	-120.325037	
0.398000	-12.963068	-25.124264	0.092567	-250.004457	-0.010985	-120.464500	
0.399000	-12.937699	-25.035207	0.090058	-250.004239	-0.057712	-120.603629	
0.400000	-12.908102	-24.946150	0.087937	-250.004034	-0.061606	-120.742563	0.000000
0.401000	-12.920786	-24.921862	0.086419	-250.003840	-0.046030	-120.881423	
0.402000	-12.882733	-25.043303	0.085647	-250.003656	-0.104440	-121.020285	
0.403000	-12.967297	-24.897574	0.085353	-250.003483	-0.010985	-121.159173	
0.404000	-13.047632	-24.881382	0.084805	-250.003324	-0.073288	-121.298052	
0.405000	-12.895417	-25.019015	0.083133	-250.003181	-0.065500	-121.436832	
0.406000	-12.958840	-24.897574	0.080244	-250.003054	-0.022667	-121.575371	
0.407000	-13.013807	-24.897574	0.077136	-250.002940	0.008485	-121.713503	
0.408000	-12.920786	-24.994727	0.074897	-250.002840	0.027955	-121.851048	
0.409000	-12.908102	-24.954246	0.073914	-250.002752	-0.003197	-121.987844	
0.410000	-12.941927	-24.978535	0.074033	-250.002676	0.004591	-122.123766	
0.411000	-12.929243	-24.897574	0.074949	-250.002609	0.035743	-122.258744	
0.412000	-12.979981	-24.719460	0.076566	-250.002549	0.024061	-122.392756	
0.413000	-12.967297	-24.881382	0.079066	-250.002493	-0.010985	-122.525844	
0.414000	-12.908102	-25.010919	0.082461	-250.002437	-0.069394	-122.658105	
0.415000	-12.950384	-25.027111	0.086288	-250.002378	-0.018773	-122.789674	
0.416000	-12.967297	-24.905670	0.089789	-250.002316	-0.049924	-122.920697	
0.417000	-12.895417	-24.921862	0.092410	-250.002249	-0.065500	-123.051312	
0.418000	-12.925015	-24.986631	0.094117	-250.002176	-0.073288	-123.181630	
0.419000	-12.950384	-24.962342	0.095237	-250.002096	-0.010985	-123.311715	
0.420000	-12.882733	-25.108072	0.096174	-250.002010	0.004591	-123.441575	
0.421000	-12.882733	-25.091880	0.097213	-250.001918	-0.010985	-123.571155	
0.422000	-12.925015	-25.010919	0.098285	-250.001820	-0.014879	-123.700350	
0.423000	-12.958840	-24.889478	0.099156	-250.001714	-0.046030	-123.829015	
0.424000	-12.950384	-24.905670	0.099906	-250.001599	0.012379	-123.956980	
0.425000	-12.929243	-24.954246	0.100806	-250.001474	0.031849	-124.084075	
0.426000	-12.903874	-25.067591	0.102119	-250.001338	0.000697	-124.210153	
0.427000	-12.975753	-24.897574	0.104161	-250.001194	0.024061	-124.335108	
0.428000	-12.992666	-24.840901	0.107499	-250.001041	-0.026560	-124.458885	
0.429000	-12.937699	-24.954246	0.112901	-250.000880	-0.034348	-124.581487	
0.430000	-12.920786	-24.986631	0.120318	-250.000710	-0.018773	-124.702979	
0.431000	-13.001122	-25.197129	0.128541	-250.000531	-0.049924	-124.823480	
0.432000	-12.937699	-24.921862	0.136234	-250.000343	-0.049924	-124.943138	
0.433000	-12.899645	-24.938054	0.142436	-250.000145	-0.057712	-125.062106	
0.434000	-12.920786	-24.946150	0.146514	-249.999938	-0.053818	-125.180526	
0.435000	-12.916558	-24.994727	0.148321	-249.999720	-0.084970	-125.298505	
0.436000	-12.899645	-24.857093	0.148260	-249.999493	-0.104440	-125.416092	
0.437000	-12.925015	-24.921862	0.146854	-249.999257	-0.038242	-125.533282	
0.438000	-12.908102	-25.148552	0.144285	-249.999012	-0.077182	-125.650016	
0.439000	-12.958840	-24.751844	0.140655	-249.998758	-0.049924	-125.766181	
0.440000	-13.043404	-24.946150	0.136466	-249.998497	-0.010985	-125.881625	
0.441000	-12.903874	-25.010919	0.132401	-249.998231	-0.046030	-125.996183	
0.442000	-12.891189	-24.970438	0.128788	-249.997960	0.024061	-126.109691	
0.443000	-12.992666	-24.938054	0.125553	-249.997685	0.047425	-126.222015	
0.444000	-12.895417	-24.824709	0.122554	-249.997406	-0.014879	-126.333065	
0.445000	-12.899645	-24.889478	0.119795	-249.997124	0.117516	-126.442803	
0.446000	-12.903874	-25.205225	0.117379	-249.996841	0.031849	-126.551253	
0.447000	-12.971525	-24.946150	0.115537	-249.996557	-0.018773	-126.658502	
0.448000	-12.933471	-24.962342	0.114515	-249.996274	0.004591	-126.764680	
0.449000	-12.950384	-24.954246	0.114225	-249.995993	-0.038242	-126.869941	
0.450000	-12.882733	-25.010919	0.114406	-249.995714	-0.096652	-126.974445	
0.451000	-12.941927	-24.929958	0.114899	-249.995437	-0.018773	-127.078327	
0.452000	-12.941927	-24.938054	0.115482	-249.995163	-0.112228	-127.181676	
0.453000	-12.899645	-25.051399	0.115960	-249.994893	-0.077182	-127.284526	
0.454000	-12.870048	-24.954246	0.116411	-249.994627	-0.108334	-127.386861	
0.455000	-12.971525	-24.889478	0.116919	-249.994364	-0.046030	-127.488610	
0.456000	-12.988438	-24.897574	0.117453	-249.994103	-0.022667	-127.589649	
0.457000	-12.891189	-24.986631	0.118184	-249.993845	-0.026560	-127.689825	
0.458000	-12.920786	-24.978535	0.119341	-249.993590	-0.018773	-127.788980	
0.459000	-12.920786	-24.978535	0.120892	-249.993336	0.016273	-127.886971	
0.460000	-12.895417	-24.929958	0.122722	-249.993087	0.035743	-127.983689	
0.461000	-12.886961	-25.010919	0.124843	-249.992843	-0.010985	-128.079073	
0.462000	-12.916558	-24.978535	0.127489	-249.992605	-0.049924	-128.173120	
0.463000	-12.933471	-24.832805	0.131202	-249.992372	-0.034348	-128.265885	
0.464000	-12.988438	-24.913766	0.136245	-249.992144	-0.007091	-128.357476	
0.465000	-12.865820	-25.164744	0.142032	-249.991921	-0.096652	-128.448037	
0.466000	-12.920786	-24.978535	0.147602	-249.991701	-0.092758	-128.537728	
0.467000	-13.009579	-24.897574	0.152181	-249.991485	-0.069394	-128.626704	
0.468000	-12.929243	-24.946150	0.155328	-249.991274	-0.081076	-128.715089	
0.469000	-12.912330	-25.059495	0.156966	-249.991068	-0.120016	-128.802958	
0.470000	-13.001122	-24.938054	0.156990	-249.990868	0.012379	-128.890337	
0.471000	-12.941927	-25.051399	0.154889	-249.990675	0.000697	-128.977195	
0.472000	-12.925015	-24.792325	0.150481	-249.990490	-0.022667	-129.063444	
0.473000	-12.865820	-24.905670	0.144521	-249.990314	0.000697	-129.148954	
0.474000	-12.895417	-25.051399	0.138127	-249.990146	-0.034348	-129.233570	
0.475000	-12.971525	-24.938054	0.132169	-249.989987	-0.010985	-129.317138	
0.476000	-12.967297	-24.921862	0.127205	-249.989837	0.039637	-129.399518	
0.477000	-12.857363	-24.978535	0.123688	-249.989696	0.000697	-129.480614	
0.478000	-12.886961	-24.946150	0.121984	-249.989565	0.043531	-129.560388	
0.479000	-12.967297	-25.027111	0.122112	-249.989443	0.016273	-129.638858	
0.480000	-12.933471	-24.905670	0.123569	-249.989333	-0.018773	-129.716100	
0.481000	-12.861592	-25.091880	0.125682	-249.989237	-0.065500	-129.792241	
0.482000	-12.903874	-24.962342	0.127956	-249.989153	-0.081076	-129.867441	
0.483000	-12.958840	-24.946150	0.130010	-249.989083	-0.049924	-129.941870	
0.484000	-12.937699	-24.840901	0.131575	-249.989025	-0.061606	-130.015680	
0.485000	-12.929243	-24.946150	0.132540	-249.988980	-0.042136	-130.088987	
0.486000	-12.874276	-25.059495	0.132921	-249.988949	-0.073288	-130.161853	
0.487000	-12.958840	-24.840901	0.132816	-249.988928	0.008485	-130.234284	
0.488000	-12.941927	-24.865189	0.132211	-249.988918	-0.046030	-130.306226	
0.489000	-12.874276	-24.970438	0.130971	-249.988918	-0.026560	-130.377569	
0.490000	-12.891189	-24.921862	0.129182	-249.988927	0.008485	-130.448171	
0.491000	-12.967297	-24.905670	0.127274	-249.988944	0.027955	-130.517878	
0.492000	-12.950384	-24.929958	0.125733	-249.988971	0.039637	-130.586536	
0.493000	-12.891189	-24.897574	0.124716	-249.989008	0.016273	-130.654016	
0.494000	-12.908102	-24.929958	0.124003	-249.989052	0.055213	-130.720236	
0.495000	-12.937699	-24.857093	0.123503	-249.989104	0.012379	-130.785171	
0.496000	-12.929243	-24.873285	0.123571	-249.989163	-0.046030	-130.848851	
0.497000	-12.929243	-24.857093	0.124501	-249.989226	-0.007091	-130.911370	
0.498000	-12.891189	-24.905670	0.126077	-249.989295	-0.069394	-130.972870	
0.499000	-12.937699	-24.897574	0.127720	-249.989367	-0.042136	-131.033517	
0.500000	-12.967297	-24.889478	0.128869	-249.989443	-0.053818	-131.093479	0.000000
0.501000	-12.895417	-24.970438	0.129210	-249.989521	-0.084970	-131.152900	
0.502000	-12.920786	-24.938054	0.128568	-249.989602	-0.053818	-131.211880	
0.503000	-13.026491	-24.994727	0.126815	-249.989684	0.024061	-131.270466	
0.504000	-12.975753	-24.865189	0.123954	-249.989768	-0.010985	-131.328647	
0.505000	-12.903874	-24.946150	0.120192	-249.989857	-0.081076	-131.386356	
0.506000	-13.047632	-24.978535	0.115928	-249.989948	0.020167	-131.443477	
0.507000	-12.954612	-24.962342	0.111727	-249.990042	0.016273	-131.499871	
0.508000	-12.958840	-24.889478	0.108108	-249.990139	0.059107	-131.555382	
0.509000	-12.937699	-24.913766	0.105265	-249.990238	0.012379	-131.609871	
0.510000	-12.908102	-25.043303	0.103296	-249.990340	0.027955	-131.663235	
0.511000	-12.979981	-24.678980	0.102340	-249.990444	0.035743	-131.715420	
0.512000	-13.013807	-24.929958	0.102217	-249.990551	-0.030454	-131.766421	
0.513000	-12.895417	-24.921862	0.102583	-249.990664	0.004591	-131.816297	
0.514000	-12.908102	-24.946150	0.103359	-249.990784	-0.053818	-131.865163	
0.515000	-13.056089	-24.857093	0.104546	-249.990911	-0.007091	-131.913174	
0.516000	-12.950384	-24.897574	0.105858	-249.991044	-0.038242	-131.960499	
0.517000	-12.925015	-24.897574	0.106820	-249.991184	-0.046030	-132.007304	
0.518000	-12.958840	-24.929958	0.107168	-249.991330	-0.046030	-132.053726	
0.519000	-12.954612	-24.978535	0.106944	-249.991483	-0.014879	-132.099855	
0.520000	-12.916558	-24.776133	0.106336	-249.991644	-0.030454	-132.145726	
0.521000	-12.975753	-24.978535	0.105506	-249.991812	0.031849	-132.191314	
0.522000	-12.891189	-25.067591	0.104448	-249.991988	-0.014879	-132.236541	
0.523000	-12.958840	-24.727556	0.103189	-249.992172	-0.014879	-132.281285	
0.524000	-12.984209	-24.857093	0.102016	-249.992366	-0.003197	-132.325400	
0.525000	-12.908102	-24.986631	0.101164	-249.992568	-0.007091	-132.368735	
0.526000	-12.937699	-24.986631	0.100591	-249.992780	0.000697	-132.411160	
0.527000	-12.996894	-24.970438	0.100377	-249.992998	0.027955	-132.452588	
0.528000	-12.929243	-24.719460	0.100694	-249.993224	0.035743	-132.492980	
0.529000	-12.823538	-24.986631	0.101315	-249.993459	0.039637	-132.532354	
0.530000	-12.929243	-24.970438	0.102020	-249.993704	0.000697	-132.570792	
0.531000	-12.950384	-24.938054	0.103094	-249.993962	-0.034348	-132.608430	
0.532000	-12.903874	-24.938054	0.104781	-249.994231	-0.042136	-132.645429	
0.533000	-12.899645	-24.938054	0.106773	-249.994509	-0.073288	-132.681963	
0.534000	-12.925015	-24.994727	0.108394	-249.994794	-0.061606	-132.718193	
0.535000	-12.937699	-24.929958	0.109093	-249.995084	-0.065500	-132.754245	
0.536000	-12.963068	-25.010919	0.108630	-249.995379	-0.077182	-132.790187	
0.537000	-12.831994	-24.994727	0.107083	-249.995679	-0.143380	-132.826033	
0.538000	-12.933471	-24.921862	0.105090	-249.995987	-0.053818	-132.861737	
0.539000	-12.984209	-24.938054	0.103381	-249.996304	-0.030454	-132.897200	
0.540000	-12.941927	-24.994727	0.102258	-249.996634	-0.007091	-132.932284	
0.541000	-12.882733	-24.986631	0.102002	-249.996978	-0.010985	-132.966837	
0.542000	-12.946156	-25.059495	0.102905	-249.997335	-0.026560	-133.000715	
0.543000	-12.954612	-24.962342	0.104938	-249.997703	-0.007091	-133.033795	
0.544000	-12.891189	-25.002823	0.107920	-249.998083	0.043531	-133.065995	
0.545000	-12.963068	-24.962342	0.111927	-249.998473	-0.057712	-133.097289	
0.546000	-12.878504	-25.075688	0.117359	-249.998872	0.008485	-133.127714	
0.547000	-12.967297	-24.938054	0.124277	-249.999283	-0.030454	-133.157371	
0.548000	-12.988438	-24.905670	0.131941	-249.999703	-0.057712	-133.186405	
0.549000	-12.895417	-25.067591	0.139240	-250.000137	-0.073288	-133.214983	
0.550000	-12.929243	-25.002823	0.145251	-250.000582	-0.077182	-133.243273	
0.551000	-12.988438	-24.978535	0.149370	-250.001040	-0.007091	-133.271426	
0.552000	-12.946156	-24.946150	0.151212	-250.001512	-0.069394	-133.299545	
0.553000	-12.891189	-24.978535	0.150718	-250.001996	-0.116122	-133.327682	
0.554000	-12.823538	-25.091880	0.148335	-250.002490	-0.010985	-133.355835	
0.555000	-12.946156	-25.172840	0.144777	-250.002991	0.004591	-133.383944	
0.556000	-12.857363	-24.873285	0.140637	-250.003499	0.000697	-133.411894	
0.557000	-12.937699	-25.019015	0.136417	-250.004015	-0.030454	-133.439545	
0.558000	-12.891189	-25.059495	0.132656	-250.004540	-0.026560	-133.466748	
0.559000	-12.967297	-25.019015	0.129672	-250.005073	0.000697	-133.493367	
0.560000	-12.946156	-24.946150	0.127466	-250.005616	0.004591	-133.519298	
0.561000	-12.844679	-24.954246	0.126216	-250.006167	-0.073288	-133.544483	
0.562000	-12.865820	-25.019015	0.126646	-250.006728	0.063001	-133.568922	
0.563000	-12.992666	-24.881382	0.129454	-250.007296	-0.026560	-133.592671	
0.564000	-12.857363	-25.035207	0.134418	-250.007873	-0.038242	-133.615841	
0.565000	-12.836222	-25.051399	0.140414	-250.008459	-0.088864	-133.638584	
0.566000	-12.920786	-25.059495	0.146190	-250.009052	-0.042136	-133.661070	
0.567000	-12.950384	-25.010919	0.150915	-250.009652	-0.096652	-133.683464	
0.568000	-12.937699	-24.913766	0.154130	-250.010259	-0.081076	-133.705896	
0.569000	-12.925015	-25.083784	0.155492	-250.010876	-0.092758	-133.728455	
0.570000	-12.954612	-25.027111	0.154769	-250.011503	0.004591	-133.751176	
0.571000	-12.975753	-25.019015	0.151969	-250.012142	-0.081076	-133.774042	
0.572000	-12.916558	-24.873285	0.147373	-250.012793	0.012379	-133.796976	
0.573000	-12.925015	-24.873285	0.141566	-250.013455	-0.014879	-133.819858	
0.574000	-12.929243	-25.043303	0.135359	-250.014128	0.004591	-133.842542	
0.575000	-12.988438	-24.921862	0.129547	-250.014810	0.027955	-133.864880	
0.576000	-12.912330	-24.954246	0.124767	-250.015502	-0.014879	-133.886742	
0.577000	-12.908102	-25.059495	0.121409	-250.016203	-0.026560	-133.908033	
0.578000	-12.941927	-25.083784	0.119698	-250.016913	0.039637	-133.928715	
0.579000	-12.950384	-25.019015	0.119729	-250.017629	-0.030454	-133.948798	
0.580000	-12.891189	-24.978535	0.121091	-250.018350	0.016273	-133.968351	
0.581000	-12.916558	-25.132360	0.122966	-250.019077	-0.022667	-133.987500	
0.582000	-12.903874	-25.051399	0.124594	-250.019807	-0.081076	-134.006404	
0.583000	-12.971525	-24.929958	0.125570	-250.020541	-0.065500	-134.025234	
0.584000	-12.988438	-24.905670	0.126004	-250.021276	-0.088864	-134.044143	
0.585000	-12.857363	-25.067591	0.126130	-250.022013	-0.123910	-134.063252	
0.586000	-13.064545	-25.051399	0.125884	-250.022750	-0.030454	-134.082629	
0.587000	-12.971525	-24.929958	0.125163	-250.023488	-0.034348	-134.102289	
0.588000	-12.882733	-25.124264	0.124050	-250.024223	-0.046030	-134.122188	
0.589000	-12.920786	-24.970438	0.122629	-250.024956	0.000697	-134.142227	
0.590000	-12.950384	-25.124264	0.120984	-250.025685	0.078577	-134.162272	
0.591000	-12.963068	-24.978535	0.119371	-250.026412	-0.026560	-134.182170	
0.592000	-12.941927	-24.938054	0.118105	-250.027136	-0.018773	-134.201768	
0.593000	-12.895417	-24.970438	0.117352	-250.027856	-0.030454	-134.220934	
0.594000	-12.920786	-25.051399	0.117115	-250.028572	0.031849	-134.239585	
0.595000	-12.967297	-24.824709	0.117561	-250.029283	0.043531	-134.257690	
0.596000	-12.975753	-24.994727	0.119234	-250.029991	0.043531	-134.275278	
0.597000	-12.895417	-25.002823	0.122448	-250.030695	-0.057712	-134.292438	
0.598000	-12.950384	-24.970438	0.126720	-250.031395	-0.053818	-134.309310	
0.599000	-12.979981	-24.962342	0.131142	-250.032092	-0.049924	-134.326058	
0.600000	-12.925015	-24.978535	0.134945	-250.032790	-0.061606	-134.342845	0.000000
0.601000	-12.882733	-24.970438	0.137601	-250.033489	-0.092758	-134.359819	
0.602000	-12.933471	-24.978535	0.138781	-250.034188	-0.065500	-134.377084	
0.603000	-12.992666	-24.986631	0.138510	-250.034887	-0.003197	-134.394690	
0.604000	-12.853135	-24.986631	0.137042	-250.035586	-0.061606	-134.412628	
0.605000	-12.929243	-24.889478	0.134464	-250.036285	-0.018773	-134.430838	
0.606000	-12.967297	-25.010919	0.130873	-250.036986	-0.014879	-134.449209	
0.607000	-12.984209	-24.840901	0.126728	-250.037690	0.000697	-134.467597	
0.608000	-12.950384	-24.873285	0.122549	-250.038400	-0.003197	-134.485848	
0.609000	-12.899645	-24.986631	0.118353	-250.039116	-0.026560	-134.503816	
0.610000	-12.941927	-24.986631	0.113953	-250.039839	0.066895	-134.521393	
0.611000	-13.047632	-24.994727	0.109967	-250.040570	-0.018773	-134.538516	
0.612000	-12.920786	-25.019015	0.107701	-250.041309	-0.018773	-134.555176	
0.613000	-12.895417	-24.978535	0.107964	-250.042054	-0.026560	-134.571423	
0.614000	-12.920786	-24.986631	0.110496	-250.042803	-0.018773	-134.587369	
0.615000	-12.920786	-25.051399	0.114271	-250.043555	-0.022667	-134.603164	
0.616000	-12.925015	-24.913766	0.118169	-250.044309	-0.073288	-134.618974	
0.617000	-12.920786	-24.938054	0.121495	-250.045062	-0.049924	-134.634959	
0.618000	-12.903874	-24.978535	0.124069	-250.045812	-0.065500	-134.651255	
0.619000	-12.954612	-25.019015	0.126056	-250.046560	-0.057712	-134.667951	
0.620000	-12.979981	-24.881382	0.127601	-250.047305	0.024061	-134.685077	
0.621000	-12.891189	-25.075688	0.128591	-250.048049	-0.022667	-134.702612	
0.622000	-12.963068	-24.897574	0.128851	-250.048794	0.000697	-134.720473	
0.623000	-12.946156	-24.873285	0.128467	-250.049541	0.016273	-134.738536	
0.624000	-12.903874	-24.905670	0.127747	-250.050289	-0.003197	-134.756648	
0.625000	-12.882733	-24.994727	0.126978	-250.051039	-0.003197	-134.774655	
0.626000	-12.979981	-24.913766	0.126421	-250.051790	0.008485	-134.792425	
0.627000	-12.992666	-24.873285	0.126340	-250.052542	0.008485	-134.809866	
0.628000	-12.996894	-24.873285	0.126884	-250.053295	0.012379	-134.826932	
0.629000	-12.920786	-25.002823	0.128202	-250.054051	-0.018773	-134.843635	
0.630000	-12.950384	-24.913766	0.130410	-250.054810	-0.003197	-134.860043	
0.631000	-12.941927	-24.881382	0.133271	-250.055572	0.016273	-134.876280	
0.632000	-12.963068	-24.865189	0.136250	-250.056336	-0.030454	-134.892497	
0.633000	-12.899645	-25.010919	0.138757	-250.057105	-0.081076	-134.908860	
0.634000	-12.920786	-24.840901	0.140351	-250.057876	-0.049924	-134.925525	
0.635000	-13.005350	-24.832805	0.140931	-250.058648	-0.053818	-134.942611	
0.636000	-12.963068	-24.865189	0.140544	-250.059422	-0.131698	-134.960184	
0.637000	-12.925015	-24.946150	0.138984	-250.060196	-0.151167	-134.978254	
0.638000	-13.022263	-24.824709	0.135864	-250.060969	0.008485	-134.996776	
0.639000	-12.954612	-24.929958	0.131190	-250.061741	0.016273	-135.015650	
0.640000	-12.891189	-24.832805	0.125722	-250.062511	-0.065500	-135.034734	
0.641000	-12.933471	-24.929958	0.120661	-250.063279	0.004591	-135.053877	
0.642000	-12.946156	-24.962342	0.116999	-250.064045	0.012379	-135.072927	
0.643000	-12.954612	-24.897574	0.115062	-250.064810	0.008485	-135.091750	
0.644000	-12.916558	-24.881382	0.114635	-250.065573	0.035743	-135.110255	
0.645000	-12.903874	-25.059495	0.115135	-250.066335	0.024061	-135.128406	
0.646000	-12.878504	-25.019015	0.115674	-250.067096	-0.046030	-135.146228	
0.647000	-12.975753	-24.873285	0.115787	-250.067856	0.000697	-135.163811	
0.648000	-12.908102	-24.938054	0.115643	-250.068614	-0.046030	-135.181290	
0.649000	-12.882733	-25.002823	0.115274	-250.069371	-0.049924	-135.198831	
0.650000	-12.958840	-24.873285	0.114546	-250.070124	-0.030454	-135.216608	
0.651000	-12.941927	-24.921862	0.113574	-250.070876	-0.073288	-135.234770	
0.652000	-12.920786	-24.929958	0.112611	-250.071624	-0.104440	-135.253422	
0.653000	-12.874276	-24.946150	0.111845	-250.072370	-0.065500	-135.272614	
0.654000	-12.903874	-25.002823	0.111207	-250.073112	0.027955	-135.292344	
0.655000	-12.941927	-24.905670	0.110274	-250.073853	-0.018773	-135.312550	
0.656000	-12.958840	-24.897574	0.108776	-250.074593	-0.010985	-135.333119	
0.657000	-12.878504	-24.978535	0.107056	-250.075334	0.008485	-135.353902	
0.658000	-12.946156	-24.938054	0.105785	-250.076073	0.004591	-135.374740	
0.659000	-12.971525	-24.873285	0.105486	-250.076812	0.066895	-135.395479	
0.660000	-12.899645	-24.946150	0.106323	-250.077551	-0.030454	-135.415997	
0.661000	-12.925015	-25.027111	0.108141	-250.078290	0.027955	-135.436224	
0.662000	-13.039176	-24.921862	0.110694	-250.079028	0.082471	-135.456147	
0.663000	-12.937699	-24.889478	0.113860	-250.079767	-0.007091	-135.475810	
0.664000	-12.908102	-24.840901	0.117607	-250.080511	-0.018773	-135.495321	
0.665000	-12.979981	-24.954246	0.121678	-250.081259	-0.096652	-135.514830	
0.666000	-12.937699	-24.986631	0.125545	-250.082010	-0.049924	-135.534505	
0.667000	-12.954612	-24.889478	0.128712	-250.082759	-0.081076	-135.554507	
0.668000	-12.903874	-24.970438	0.130861	-250.083507	-0.042136	-135.574968	
0.669000	-12.891189	-25.043303	0.131858	-250.084250	-0.081076	-135.595974	
0.670000	-12.912330	-25.010919	0.131575	-250.084986	-0.022667	-135.617556	
0.671000	-12.925015	-24.954246	0.129624	-250.085716	-0.007091	-135.639689	
0.672000	-12.912330	-25.027111	0.125766	-250.086437	-0.053818	-135.662290	
0.673000	-12.925015	-25.067591	0.120551	-250.087150	0.016273	-135.685230	
0.674000	-12.979981	-24.970438	0.115139	-250.087853	0.004591	-135.708351	
0.675000	-12.946156	-24.962342	0.110551	-250.088546	-0.014879	-135.731489	
0.676000	-12.886961	-24.929958	0.107276	-250.089230	-0.007091	-135.754504	
0.677000	-12.937699	-24.848997	0.105427	-250.089905	0.047425	-135.777297	
0.678000	-12.895417	-25.010919	0.104632	-250.090572	-0.003197	-135.799821	
0.679000	-12.891189	-24.889478	0.104016	-250.091231	0.004591	-135.822078	
0.680000	-12.967297	-24.946150	0.103129	-250.091881	-0.049924	-135.844131	
0.681000	-12.870048	-25.099976	0.102351	-250.092522	-0.073288	-135.866100	
0.682000	-12.975753	-24.897574	0.102121	-250.093153	-0.030454	-135.888139	
0.683000	-12.971525	-24.929958	0.102453	-250.093774	-0.026560	-135.910411	
0.684000	-12.908102	-25.019015	0.103069	-250.094386	-0.077182	-135.933063	
0.685000	-12.916558	-25.043303	0.103703	-250.094988	-0.049924	-135.956211	
0.686000	-12.950384	-25.172840	0.104090	-250.095579	-0.010985	-135.979923	
0.687000	-12.925015	-25.027111	0.103765	-250.096158	-0.116122	-136.004212	
0.688000	-12.882733	-24.986631	0.102380	-250.096724	-0.042136	-136.029026	
0.689000	-12.933471	-24.978535	0.100032	-250.097275	-0.030454	-136.054265	
0.690000	-12.929243	-25.294282	0.097249	-250.097812	-0.007091	-136.079789	
0.691000	-12.946156	-24.905670	0.094846	-250.098337	-0.003197	-136.105439	
0.692000	-12.933471	-24.946150	0.093384	-250.098852	0.031849	-136.131055	
0.693000	-12.903874	-25.083784	0.092753	-250.099356	0.043531	-136.156503	
0.694000	-12.979981	-24.986631	0.092521	-250.099850	0.016273	-136.181692	
0.695000	-12.984209	-24.840901	0.092520	-250.100334	0.000697	-136.206581	
0.696000	-12.903874	-25.091880	0.092868	-250.100811	0.008485	-136.231184	
0.697000	-12.899645	-25.075688	0.093543	-250.101280	-0.003197	-136.255576	
0.698000	-13.073002	-25.075688	0.094297	-250.101743	-0.026560	-136.279889	
0.699000	-12.933471	-25.027111	0.094909	-250.102199	-0.010985	-136.304279	
0.700000	-12.878504	-25.019015	0.095282	-250.102651	-0.065500	-136.328907	0.000000
0.701000	-12.929243	-25.059495	0.095502	-250.103095	-0.069394	-136.353918	
0.702000	-12.937699	-25.019015	0.095788	-250.103531	-0.061606	-136.379414	
0.703000	-12.946156	-24.897574	0.096036	-250.103957	-0.077182	-136.405445	
0.704000	-12.975753	-25.067591	0.095819	-250.104370	0.047425	-136.432001	
0.705000	-12.870048	-25.043303	0.095319	-250.104770	-0.018773	-136.459022	
0.706000	-12.920786	-24.921862	0.095141	-250.105153	-0.073288	-136.486399	
0.707000	-12.958840	-24.913766	0.095473	-250.105521	0.027955	-136.513988	
0.708000	-12.916558	-25.010919	0.096338	-250.105873	-0.018773	-136.541631	
0.709000	-12.912330	-25.059495	0.097793	-250.106208	0.004591	-136.569177	
0.710000	-13.001122	-24.994727	0.099774	-250.106525	0.031849	-136.596509	
0.711000	-12.874276	-25.043303	0.102138	-250.106825	0.027955	-136.623553	
0.712000	-12.963068	-24.832805	0.104636	-250.107108	0.024061	-136.650288	
0.713000	-12.899645	-25.099976	0.107015	-250.107376	0.008485	-136.676753	
0.714000	-12.941927	-25.019015	0.109267	-250.107632	-0.007091	-136.703045	
0.715000	-12.916558	-24.962342	0.111365	-250.107877	-0.046030	-136.729305	
0.716000	-12.950384	-24.954246	0.112995	-250.108114	-0.088864	-136.755693	
0.717000	-12.874276	-25.067591	0.113882	-250.108341	-0.069394	-136.782365	
0.718000	-12.933471	-25.027111	0.113994	-250.108558	-0.046030	-136.809456	
0.719000	-12.992666	-25.051399	0.113404	-250.108764	-0.010985	-136.837049	
0.720000	-12.865820	-24.751844	0.112554	-250.108960	-0.120016	-136.865175	
0.721000	-12.946156	-24.921862	0.112349	-250.109145	-0.038242	-136.893810	
0.722000	-12.958840	-24.832805	0.113258	-250.109317	-0.046030	-136.922879	
0.723000	-13.060317	-25.043303	0.114895	-250.109473	0.035743	-136.952255	
0.724000	-12.903874	-24.905670	0.116795	-250.109611	0.024061	-136.981785	
0.725000	-12.903874	-25.035207	0.118803	-250.109729	-0.007091	-137.011312	
0.726000	-12.946156	-25.099976	0.120809	-250.109825	0.027955	-137.040700	
0.727000	-12.971525	-24.921862	0.122629	-250.109901	0.016273	-137.069852	
0.728000	-13.018035	-24.986631	0.123972	-250.109956	0.039637	-137.098716	
0.729000	-12.916558	-25.083784	0.124403	-250.109994	0.051319	-137.127294	
0.730000	-12.925015	-24.986631	0.123778	-250.110016	-0.014879	-137.155646	
0.731000	-12.861592	-24.905670	0.122491	-250.110021	-0.010985	-137.183889	
0.732000	-12.899645	-25.148552	0.120853	-250.110013	-0.030454	-137.212172	
0.733000	-12.865820	-24.962342	0.118804	-250.109993	-0.081076	-137.240657	
0.734000	-12.984209	-24.962342	0.116340	-250.109959	-0.049924	-137.269501	
0.735000	-12.929243	-24.970438	0.113648	-250.109911	-0.073288	-137.298820	
0.736000	-12.891189	-24.727556	0.110726	-250.109848	0.024061	-137.328681	
0.737000	-12.920786	-25.116168	0.107390	-250.109770	-0.053818	-137.359095	
0.738000	-12.916558	-24.978535	0.103759	-250.109677	-0.018773	-137.390015	
0.739000	-12.963068	-24.905670	0.100213	-250.109567	0.000697	-137.421338	
0.740000	-12.912330	-25.075688	0.097103	-250.109441	0.016273	-137.452921	
0.741000	-12.891189	-25.002823	0.094838	-250.109299	-0.034348	-137.484604	
0.742000	-12.929243	-24.954246	0.093796	-250.109142	0.008485	-137.516229	
0.743000	-13.001122	-24.954246	0.094120	-250.108968	0.035743	-137.547659	
0.744000	-12.899645	-24.816613	0.095726	-250.108778	-0.034348	-137.578801	
0.745000	-12.874276	-25.051399	0.098476	-250.108571	0.059107	-137.609618	
0.746000	-12.996894	-24.946150	0.102197	-250.108343	-0.049924	-137.640132	
0.747000	-12.988438	-24.994727	0.106475	-250.108095	-0.034348	-137.670423	
0.748000	-12.853135	-24.816613	0.110782	-250.107826	-0.049924	-137.700617	
0.749000	-12.912330	-24.946150	0.114720	-250.107534	-0.038242	-137.730869	
0.750000	-12.916558	-24.954246	0.118094	-250.107216	-0.010985	-137.761341	
0.751000	-12.950384	-24.848997	0.121035	-250.106874	-0.077182	-137.792179	
0.752000	-12.929243	-24.921862	0.123709	-250.106508	-0.104440	-137.823488	
0.753000	-12.840451	-25.067591	0.125613	-250.106119	-0.030454	-137.855319	
0.754000	-12.958840	-24.840901	0.125544	-250.105706	-0.092758	-137.887664	
0.755000	-12.963068	-24.881382	0.122913	-250.105271	-0.049924	-137.920456	
0.756000	-12.865820	-24.962342	0.118459	-250.104815	-0.077182	-137.953573	
0.757000	-12.908102	-25.019015	0.113412	-250.104340	-0.018773	-137.986863	
0.758000	-12.975753	-24.946150	0.108792	-250.103846	0.004591	-138.020166	
0.759000	-13.001122	-24.921862	0.105162	-250.103333	0.024061	-138.053325	
0.760000	-12.916558	-24.905670	0.102741	-250.102805	-0.030454	-138.086213	
0.761000	-12.933471	-24.946150	0.101841	-250.102260	0.000697	-138.118750	
0.762000	-12.920786	-24.929958	0.103213	-250.101698	-0.038242	-138.150915	
0.763000	-13.013807	-24.905670	0.107776	-250.101115	-0.061606	-138.182749	
0.764000	-12.941927	-24.938054	0.115651	-250.100512	-0.022667	-138.214353	
0.765000	-12.823538	-24.986631	0.125753	-250.099890	-0.081076	-138.245868	
0.766000	-12.920786	-24.986631	0.136459	-250.099250	-0.084970	-138.277456	
0.767000	-12.984209	-24.946150	0.146357	-250.098593	-0.104440	-138.309278	
0.768000	-12.908102	-24.921862	0.154597	-250.097919	-0.096652	-138.341465	
0.769000	-12.946156	-24.946150	0.160902	-250.097228	-0.077182	-138.374104	
0.770000	-13.001122	-25.010919	0.165093	-250.096520	-0.065500	-138.407232	
0.771000	-12.946156	-24.784229	0.166481	-250.095797	-0.131698	-138.440825	
0.772000	-12.958840	-24.808517	0.164284	-250.095061	-0.014879	-138.474803	
0.773000	-12.954612	-25.002823	0.158746	-250.094316	-0.003197	-138.509037	
0.774000	-12.933471	-24.962342	0.151202	-250.093560	-0.007091	-138.543374	
0.775000	-12.996894	-24.881382	0.143011	-250.092795	0.024061	-138.577654	
0.776000	-12.954612	-24.921862	0.134885	-250.092023	-0.007091	-138.611734	
0.777000	-12.886961	-24.929958	0.127163	-250.091245	-0.014879	-138.645511	
0.778000	-12.903874	-24.938054	0.120295	-250.090463	0.098047	-138.678932	
0.779000	-12.988438	-24.905670	0.114767	-250.089676	0.090259	-138.711996	
0.780000	-12.933471	-24.962342	0.110849	-250.088889	-0.053818	-138.744758	
0.781000	-12.857363	-24.897574	0.108671	-250.088101	-0.022667	-138.777330	
0.782000	-12.946156	-24.857093	0.108050	-250.087312	-0.046030	-138.809862	
0.783000	-12.941927	-24.938054	0.108485	-250.086520	-0.065500	-138.842517	
0.784000	-12.967297	-24.857093	0.109781	-250.085724	-0.084970	-138.875446	
0.785000	-12.886961	-25.059495	0.112112	-250.084925	-0.069394	-138.908768	
0.786000	-12.933471	-25.019015	0.115642	-250.084124	-0.042136	-138.942554	
0.787000	-13.030720	-24.946150	0.120334	-250.083323	-0.065500	-138.976815	
0.788000	-12.891189	-24.897574	0.125563	-250.082523	-0.065500	-139.011503	
0.789000	-12.865820	-24.938054	0.130349	-250.081725	-0.018773	-139.046513	
0.790000	-12.946156	-24.954246	0.134183	-250.080928	-0.026560	-139.081708	
0.791000	-12.967297	-24.905670	0.137147	-250.080134	-0.007091	-139.116933	
0.792000	-12.886961	-24.905670	0.139460	-250.079344	-0.026560	-139.152027	
0.793000	-12.916558	-24.938054	0.141248	-250.078556	0.000697	-139.186851	
0.794000	-12.988438	-24.921862	0.142591	-250.077768	0.024061	-139.221314	
0.795000	-13.001122	-24.938054	0.143340	-250.076979	-0.030454	-139.255375	
0.796000	-12.925015	-25.067591	0.142945	-250.076188	-0.018773	-139.289047	
0.797000	-12.870048	-25.027111	0.141052	-250.075396	-0.010985	-139.322404	
0.798000	-12.929243	-25.019015	0.137931	-250.074603	-0.057712	-139.355575	
0.799000	-12.984209	-24.938054	0.134070	-250.073812	-0.034348	-139.388717	
0.800000	-12.937699	-24.921862	0.129863	-250.073025	-0.053818	-139.421998	0.000000
0.801000	-12.878504	-24.962342	0.125660	-250.072242	-0.049924	-139.455560	
0.802000	-12.941927	-25.019015	0.121757	-250.071465	-0.073288	-139.489508	
0.803000	-12.971525	-24.881382	0.118221	-250.070691	-0.155061	-139.523889	
0.804000	-12.933471	-24.800421	0.114402	-250.069921	-0.081076	-139.558694	
0.805000	-12.937699	-24.913766	0.109079	-250.069153	-0.018773	-139.593860	
0.806000	-12.984209	-24.832805	0.101908	-250.068386	0.020167	-139.629277	
0.807000	-12.882733	-24.840901	0.093959	-250.067617	0.059107	-139.664800	
0.808000	-12.954612	-24.840901	0.086412	-250.066848	-0.007091	-139.700268	
0.809000	-12.886961	-25.002823	0.079800	-250.066076	-0.007091	-139.735525	
0.810000	-12.941927	-25.027111	0.074482	-250.065302	0.020167	-139.770447	
0.811000	-13.005350	-24.703268	0.070729	-250.064526	0.035743	-139.804953	
0.812000	-12.777028	-24.913766	0.068407	-250.063750	0.012379	-139.839018	
0.813000	-12.958840	-25.002823	0.067353	-250.062976	-0.030454	-139.872675	
0.814000	-12.975753	-24.938054	0.067586	-250.062202	-0.010985	-139.906020	
0.815000	-12.992666	-24.735652	0.068899	-250.061428	-0.014879	-139.939194	
0.816000	-12.895417	-24.954246	0.070832	-250.060655	-0.061606	-139.972353	
0.817000	-12.933471	-24.962342	0.073014	-250.059884	-0.069394	-140.005657	
0.818000	-12.954612	-24.978535	0.075333	-250.059112	-0.038242	-140.039243	
0.819000	-12.996894	-25.043303	0.077876	-250.058341	-0.022667	-140.073201	
0.820000	-12.954612	-24.881382	0.080963	-250.057571	-0.108334	-140.107566	
0.821000	-12.870048	-24.889478	0.085119	-250.056801	-0.069394	-140.142319	
0.822000	-12.882733	-25.002823	0.090425	-250.056029	-0.038242	-140.177385	
0.823000	-13.005350	-24.832805	0.096279	-250.055255	0.004591	-140.212643	
0.824000	-12.946156	-24.913766	0.102129	-250.054480	0.012379	-140.247944	
0.825000	-12.870048	-24.978535	0.107749	-250.053705	0.012379	-140.283134	
0.826000	-12.967297	-24.986631	0.112790	-250.052930	0.020167	-140.318076	
0.827000	-12.988438	-24.913766	0.116575	-250.052158	0.024061	-140.352669	
0.828000	-12.950384	-24.978535	0.118583	-250.051390	-0.007091	-140.386856	
0.829000	-12.925015	-24.832805	0.119196	-250.050630	-0.014879	-140.420637	
0.830000	-12.946156	-24.946150	0.119776	-250.049876	-0.003197	-140.454071	
0.831000	-12.984209	-24.986631	0.121249	-250.049130	-0.026560	-140.487271	
0.832000	-12.979981	-24.727556	0.123069	-250.048391	-0.022667	-140.520386	
0.833000	-12.874276	-25.083784	0.124206	-250.047662	-0.088864	-140.553577	
0.834000	-12.954612	-24.929958	0.124030	-250.046944	-0.061606	-140.586999	
0.835000	-12.975753	-24.905670	0.122226	-250.046236	-0.053818	-140.620774	
0.836000	-12.950384	-24.889478	0.118887	-250.045539	-0.030454	-140.654972	
0.837000	-12.895417	-25.010919	0.114459	-250.044855	-0.077182	-140.689609	
0.838000	-12.941927	-24.978535	0.109340	-250.044186	-0.010985	-140.724645	
0.839000	-12.967297	-24.946150	0.103841	-250.043534	-0.014879	-140.759981	
0.840000	-12.929243	-24.889478	0.098513	-250.042898	-0.022667	-140.795480	
0.841000	-12.916558	-25.002823	0.094149	-250.042282	0.008485	-140.830987	
0.842000	-12.899645	-25.059495	0.091210	-250.041683	0.047425	-140.866348	
0.843000	-12.984209	-24.954246	0.089510	-250.041105	0.035743	-140.901425	
0.844000	-13.009579	-24.881382	0.088718	-250.040547	0.031849	-140.936124	
0.845000	-12.882733	-25.108072	0.088780	-250.040011	0.031849	-140.970402	
0.846000	-12.920786	-25.019015	0.089848	-250.039498	-0.010985	-141.004273	
0.847000	-12.992666	-24.905670	0.092142	-250.039007	-0.003197	-141.037815	
0.848000	-12.925015	-25.027111	0.095638	-250.038540	-0.100546	-141.071153	
0.849000	-12.865820	-25.067591	0.099847	-250.038096	-0.053818	-141.104438	
0.850000	-12.971525	-24.946150	0.104161	-250.037675	-0.053818	-141.137836	
0.851000	-12.958840	-24.978535	0.108283	-250.037276	-0.038242	-141.171496	
0.852000	-12.903874	-24.954246	0.112250	-250.036899	-0.084970	-141.205525	
0.853000	-12.853135	-25.083784	0.116165	-250.036545	-0.139486	-141.239977	
0.854000	-12.941927	-25.010919	0.120049	-250.036215	0.016273	-141.274846	
0.855000	-12.937699	-24.946150	0.123758	-250.035912	-0.014879	-141.310070	
0.856000	-12.925015	-24.848997	0.126911	-250.035636	-0.053818	-141.345529	
0.857000	-12.798169	-25.067591	0.129220	-250.035385	-0.069394	-141.381073	
0.858000	-12.908102	-24.938054	0.130855	-250.035156	-0.007091	-141.416537	
0.859000	-12.971525	-24.946150	0.132272	-250.034947	-0.014879	-141.451762	
0.860000	-12.899645	-24.938054	0.133923	-250.034756	-0.003197	-141.486615	
0.861000	-12.857363	-25.035207	0.136099	-250.034581	0.020167	-141.521016	
0.862000	-12.958840	-24.881382	0.138513	-250.034425	-0.065500	-141.554941	
0.863000	-12.954612	-25.035207	0.140322	-250.034286	-0.034348	-141.588424	
0.864000	-12.903874	-24.946150	0.141021	-250.034169	-0.038242	-141.621560	
0.865000	-12.870048	-24.978535	0.140693	-250.034072	-0.049924	-141.654489	
0.866000	-12.903874	-25.083784	0.139435	-250.033997	-0.049924	-141.687375	
0.867000	-12.950384	-25.002823	0.137404	-250.033942	-0.046030	-141.720382	
0.868000	-12.958840	-24.946150	0.134968	-250.033908	-0.088864	-141.753646	
0.869000	-12.848907	-25.197129	0.132408	-250.033893	-0.061606	-141.787257	
0.870000	-12.886961	-24.946150	0.129984	-250.033897	-0.069394	-141.821249	
0.871000	-12.971525	-24.727556	0.127610	-250.033918	-0.104440	-141.855601	
0.872000	-12.929243	-24.986631	0.124340	-250.033955	-0.046030	-141.890236	
0.873000	-12.950384	-25.027111	0.119573	-250.034007	-0.018773	-141.925033	
0.874000	-12.954612	-24.970438	0.114080	-250.034075	0.008485	-141.959842	
0.875000	-12.925015	-24.929958	0.109097	-250.034161	-0.026560	-141.994505	
0.876000	-12.891189	-24.978535	0.105352	-250.034265	-0.018773	-142.028877	
0.877000	-12.895417	-24.970438	0.102935	-250.034386	0.004591	-142.062851	
0.878000	-12.937699	-25.010919	0.101908	-250.034523	0.000697	-142.096371	
0.879000	-12.988438	-24.816613	0.103163	-250.034675	-0.007091	-142.129432	
0.880000	-12.912330	-25.002823	0.107964	-250.034838	-0.010985	-142.162092	
0.881000	-12.891189	-25.019015	0.116372	-250.035012	-0.038242	-142.194466	
0.882000	-12.895417	-24.921862	0.126940	-250.035194	-0.069394	-142.226706	
0.883000	-12.992666	-24.913766	0.137837	-250.035385	-0.007091	-142.258976	
0.884000	-12.882733	-24.970438	0.147654	-250.035585	-0.065500	-142.291429	
0.885000	-12.878504	-25.002823	0.155557	-250.035795	-0.108334	-142.324186	
0.886000	-12.941927	-25.099976	0.161256	-250.036015	-0.034348	-142.357323	
0.887000	-12.895417	-24.929958	0.164914	-250.036245	-0.123910	-142.390859	
0.888000	-12.903874	-24.962342	0.166729	-250.036489	-0.057712	-142.424749	
0.889000	-12.925015	-25.002823	0.166667	-250.036748	-0.030454	-142.458896	
0.890000	-12.937699	-25.124264	0.164777	-250.037023	-0.049924	-142.493163	
0.891000	-12.963068	-24.881382	0.161490	-250.037313	-0.003197	-142.527391	
0.892000	-12.950384	-24.962342	0.157434	-250.037620	0.066895	-142.561418	
0.893000	-12.870048	-24.954246	0.153064	-250.037943	0.004591	-142.595107	
0.894000	-12.861592	-25.002823	0.148583	-250.038284	0.004591	-142.628363	
0.895000	-13.005350	-24.946150	0.144356	-250.038641	-0.049924	-142.661143	
0.896000	-12.874276	-24.816613	0.141006	-250.039014	-0.046030	-142.693460	
0.897000	-12.853135	-25.124264	0.138752	-250.039400	-0.034348	-142.725386	
0.898000	-13.089914	-24.978535	0.137232	-250.039798	-0.081076	-142.757049	
0.899000	-12.929243	-25.002823	0.135987	-250.040207	-0.038242	-142.788605	
0.900000	-12.899645	-24.929958	0.134736	-250.040626	-0.038242	-142.820213	0.000000
0.901000	-12.950384	-25.027111	0.133476	-250.041055	-0.053818	-142.852022	
0.902000	-12.929243	-24.962342	0.132323	-250.041493	-0.042136	-142.884143	
0.903000	-13.009579	-24.857093	0.131198	-250.041938	-0.061606	-142.916629	
0.904000	-12.925015	-24.881382	0.130099	-250.042391	-0.038242	-142.949478	
0.905000	-12.861592	-25.027111	0.129521	-250.042850	-0.065500	-142.982627	
0.906000	-12.958840	-24.865189	0.129829	-250.043316	-0.053818	-143.015965	
0.907000	-12.992666	-24.711364	0.130787	-250.043788	-0.007091	-143.049348	
0.908000	-12.916558	-24.978535	0.132096	-250.044265	0.031849	-143.082615	
0.909000	-12.874276	-24.970438	0.133474	-250.044749	0.016273	-143.115614	
0.910000	-13.001122	-24.913766	0.134354	-250.045237	0.035743	-143.148223	
0.911000	-13.009579	-25.035207	0.134323	-250.045729	0.027955	-143.180358	
0.912000	-12.865820	-25.035207	0.133546	-250.046225	-0.010985	-143.211992	
0.913000	-12.882733	-25.075688	0.132432	-250.046724	0.000697	-143.243156	
0.914000	-12.975753	-24.954246	0.131292	-250.047224	-0.022667	-143.273944	
0.915000	-12.958840	-25.067591	0.130226	-250.047726	-0.026560	-143.304491	
0.916000	-12.937699	-24.865189	0.129061	-250.048228	-0.049924	-143.334954	
0.917000	-12.886961	-24.970438	0.127546	-250.048732	-0.084970	-143.365493	
0.918000	-12.971525	-24.929958	0.125622	-250.049235	-0.038242	-143.396247	
0.919000	-13.047632	-24.970438	0.123406	-250.049738	-0.014879	-143.427308	
0.920000	-12.857363	-24.962342	0.121294	-250.050240	-0.018773	-143.458715	
0.921000	-12.916558	-25.261897	0.119938	-250.050743	-0.084970	-143.490454	
0.922000	-13.005350	-24.929958	0.119390	-250.051246	-0.018773	-143.522456	
0.923000	-12.929243	-24.776133	0.119024	-250.051749	0.051319	-143.554602	
0.924000	-12.882733	-24.921862	0.118495	-250.052252	-0.010985	-143.586737	
0.925000	-12.908102	-25.019015	0.117822	-250.052755	-0.003197	-143.618703	
0.926000	-12.946156	-24.938054	0.117079	-250.053255	0.027955	-143.650361	
0.927000	-12.971525	-24.986631	0.116593	-250.053752	0.008485	-143.681603	
0.928000	-12.963068	-24.776133	0.116957	-250.054242	0.066895	-143.712368	
0.929000	-12.840451	-25.002823	0.118781	-250.054725	-0.057712	-143.742648	
0.930000	-13.009579	-24.921862	0.122436	-250.055202	0.008485	-143.772497	
0.931000	-12.992666	-24.824709	0.127609	-250.055673	-0.034348	-143.802024	
0.932000	-12.912330	-24.865189	0.133295	-250.056139	-0.007091	-143.831375	
0.933000	-12.903874	-24.946150	0.138351	-250.056601	-0.038242	-143.860716	
0.934000	-13.022263	-24.881382	0.142004	-250.057058	-0.030454	-143.890206	
0.935000	-12.946156	-24.929958	0.144006	-250.057511	-0.057712	-143.919970	
0.936000	-12.870048	-24.865189	0.144224	-250.057960	-0.057712	-143.950084	
0.937000	-12.979981	-24.986631	0.142224	-250.058404	0.035743	-143.980573	
0.938000	-12.920786	-24.905670	0.137691	-250.058842	-0.026560	-144.011403	
0.939000	-12.937699	-24.889478	0.130993	-250.059276	0.016273	-144.042484	
0.940000	-12.979981	-24.808517	0.123063	-250.059705	-0.007091	-144.073684	
0.941000	-12.886961	-24.994727	0.114984	-250.060129	-0.018773	-144.104852	
0.942000	-12.992666	-24.913766	0.107720	-250.060549	0.024061	-144.135836	
0.943000	-12.975753	-24.832805	0.102074	-250.060966	0.035743	-144.166499	
0.944000	-12.870048	-25.027111	0.098616	-250.061380	-0.010985	-144.196747	
0.945000	-12.925015	-24.824709	0.097541	-250.061790	-0.061606	-144.226539	
0.946000	-12.971525	-24.857093	0.099037	-250.062195	0.012379	-144.255889	
0.947000	-12.891189	-24.929958	0.103467	-250.062595	-0.049924	-144.284873	
0.948000	-12.874276	-25.043303	0.110694	-250.062989	0.012379	-144.313616	
0.949000	-12.937699	-24.905670	0.119770	-250.063377	-0.049924	-144.342276	
0.950000	-12.963068	-24.921862	0.129525	-250.063758	-0.049924	-144.371021	
0.951000	-12.908102	-24.881382	0.138995	-250.064133	-0.081076	-144.400001	
0.952000	-12.937699	-24.921862	0.147282	-250.064502	-0.065500	-144.429327	
0.953000	-12.925015	-24.929958	0.153295	-250.064866	-0.088864	-144.459055	
0.954000	-12.979981	-25.099976	0.155961	-250.065223	-0.018773	-144.489186	
0.955000	-12.967297	-24.848997	0.155099	-250.065576	-0.034348	-144.519655	
0.956000	-12.882733	-24.840901	0.151564	-250.065923	-0.034348	-144.550349	
0.957000	-12.895417	-25.019015	0.146472	-250.066264	-0.034348	-144.581124	
0.958000	-12.988438	-24.954246	0.140877	-250.066601	-0.007091	-144.611821	
0.959000	-12.933471	-24.938054	0.135600	-250.066935	-0.010985	-144.642284	
0.960000	-12.912330	-24.986631	0.130987	-250.067268	-0.018773	-144.672382	
0.961000	-12.946156	-24.921862	0.127189	-250.067600	0.055213	-144.702031	
0.962000	-13.005350	-25.059495	0.124538	-250.067930	-0.007091	-144.731207	
0.963000	-12.920786	-24.986631	0.123439	-250.068257	-0.022667	-144.759939	
0.964000	-12.903874	-24.946150	0.123988	-250.068581	-0.065500	-144.788318	
0.965000	-12.878504	-24.962342	0.125790	-250.068902	-0.135592	-144.816481	
0.966000	-12.946156	-24.921862	0.128176	-250.069220	-0.073288	-144.844587	
0.967000	-12.950384	-24.897574	0.130512	-250.069538	-0.030454	-144.872799	
0.968000	-12.916558	-25.010919	0.132294	-250.069857	-0.084970	-144.901255	
0.969000	-12.908102	-24.881382	0.133189	-250.070177	-0.084970	-144.930052	
0.970000	-12.963068	-24.865189	0.132774	-250.070499	-0.112228	-144.959231	
0.971000	-12.891189	-24.873285	0.130346	-250.070826	-0.061606	-144.988777	
0.972000	-12.886961	-25.002823	0.125637	-250.071160	-0.057712	-145.018618	
0.973000	-12.992666	-25.043303	0.119409	-250.071502	-0.049924	-145.048637	
0.974000	-12.971525	-24.978535	0.112905	-250.071853	-0.022667	-145.078686	
0.975000	-12.929243	-24.913766	0.107067	-250.072214	0.016273	-145.108604	
0.976000	-12.933471	-24.954246	0.102374	-250.072586	-0.026560	-145.138247	
0.977000	-12.916558	-24.986631	0.099233	-250.072968	-0.014879	-145.167505	
0.978000	-12.958840	-24.962342	0.098189	-250.073362	0.016273	-145.196318	
0.979000	-12.958840	-24.946150	0.099772	-250.073770	0.012379	-145.224677	
0.980000	-12.925015	-24.986631	0.104111	-250.074193	-0.046030	-145.252630	
0.981000	-12.882733	-24.994727	0.110632	-250.074630	-0.014879	-145.280284	
0.982000	-12.975753	-24.994727	0.118320	-250.075081	-0.014879	-145.307788	
0.983000	-12.937699	-24.970438	0.126148	-250.075543	-0.034348	-145.335301	
0.984000	-12.886961	-24.994727	0.133407	-250.076017	-0.049924	-145.362980	
0.985000	-12.916558	-25.027111	0.139848	-250.076502	-0.077182	-145.390952	
0.986000	-13.005350	-24.994727	0.145397	-250.076996	-0.065500	-145.419296	
0.987000	-12.963068	-24.962342	0.149698	-250.077500	-0.061606	-145.448034	
0.988000	-12.946156	-25.067591	0.152051	-250.078016	-0.061606	-145.477129	
0.989000	-12.895417	-25.067591	0.151996	-250.078543	-0.007091	-145.506491	
0.990000	-12.941927	-24.905670	0.149818	-250.079082	0.016273	-145.535986	
0.991000	-12.975753	-24.889478	0.146303	-250.079632	0.027955	-145.565458	
0.992000	-12.886961	-25.002823	0.142272	-250.080199	-0.026560	-145.594747	
0.993000	-12.903874	-24.986631	0.138257	-250.080780	-0.018773	-145.623717	
0.994000	-13.005350	-24.954246	0.134483	-250.081377	0.043531	-145.652273	
0.995000	-12.925015	-24.954246	0.131385	-250.081988	0.133092	-145.680368	
0.996000	-12.899645	-25.108072	0.129838	-250.082614	0.059107	-145.708011	
0.997000	-12.937699	-25.051399	0.130446	-250.083253	-0.022667	-145.735273	
0.998000	-12.929243	-25.148552	0.132995	-250.083905	0.016273	-145.762280	
0.999000	-12.941927	-25.019015	0.136692	-250.084571	-0.022667	-145.789183	
1.000000	-12.950384	-25.002823	0.140611	-250.085250	-0.057712	-145.816146	0.000000
1.001000	-12.916558	-25.108072	0.144094	-250.085940	-0.084970	-145.843319	
1.002000	-12.967297	-24.978535	0.146983	-250.086642	-0.061606	-145.870814	
1.003000	-12.967297	-25.027111	0.149408	-250.087352	-0.042136	-145.898687	
1.004000	-12.895417	-25.108072	0.151073	-250.088073	-0.155061	-145.926939	
1.005000	-12.857363	-24.994727	0.150893	-250.088802	-0.042136	-145.955519	
1.006000	-13.018035	-25.019015	0.148006	-250.089542	0.027955	-145.984319	
1.007000	-12.971525	-24.711364	0.142639	-250.090294	-0.049924	-146.013194	
1.008000	-12.895417	-24.978535	0.135588	-250.091060	-0.010985	-146.041981	
1.009000	-12.954612	-24.978535	0.127711	-250.091839	-0.010985	-146.070526	
1.010000	-12.958840	-25.019015	0.119951	-250.092630	-0.010985	-146.098698	
1.011000	-12.903874	-25.043303	0.113148	-250.093432	0.039637	-146.126413	
1.012000	-12.844679	-24.816613	0.107843	-250.094244	0.039637	-146.153639	
1.013000	-12.941927	-25.156648	0.104366	-250.095066	-0.026560	-146.180405	
1.014000	-12.992666	-24.938054	0.102786	-250.095898	-0.003197	-146.206799	
1.015000	-13.009579	-24.938054	0.102769	-250.096739	-0.007091	-146.232953	
1.016000	-12.916558	-24.986631	0.103654	-250.097589	-0.061606	-146.259024	
1.017000	-12.920786	-24.978535	0.104789	-250.098444	-0.049924	-146.285173	
1.018000	-12.988438	-24.962342	0.105788	-250.099303	-0.030454	-146.311542	
1.019000	-12.937699	-24.897574	0.106465	-250.100164	-0.034348	-146.338228	
1.020000	-12.920786	-24.994727	0.106736	-250.101027	-0.065500	-146.365274	
1.021000	-12.882733	-24.832805	0.106525	-250.101886	-0.061606	-146.392670	
1.022000	-12.954612	-24.881382	0.105667	-250.102737	-0.061606	-146.420349	
1.023000	-12.916558	-25.059495	0.104175	-250.103578	-0.038242	-146.448196	
1.024000	-12.933471	-24.897574	0.102432	-250.104407	0.008485	-146.476063	
1.025000	-12.916558	-24.929958	0.100892	-250.105223	-0.022667	-146.503794	
1.026000	-12.967297	-24.897574	0.099708	-250.106026	-0.007091	-146.531247	
1.027000	-13.001122	-24.954246	0.098660	-250.106814	-0.007091	-146.558314	
1.028000	-12.874276	-24.978535	0.097239	-250.107588	0.059107	-146.584932	
1.029000	-12.963068	-24.889478	0.094869	-250.108347	-0.030454	-146.611095	
1.030000	-13.013807	-25.075688	0.091497	-250.109092	-0.007091	-146.636858	
1.031000	-12.971525	-24.938054	0.087800	-250.109827	-0.022667	-146.662331	
1.032000	-12.899645	-24.938054	0.084474	-250.110552	-0.077182	-146.687660	
1.033000	-12.912330	-25.002823	0.081800	-250.111264	-0.053818	-146.713011	
1.034000	-12.946156	-25.010919	0.079749	-250.111963	-0.077182	-146.738545	
1.035000	-12.954612	-24.905670	0.078098	-250.112646	-0.042136	-146.764389	
1.036000	-12.891189	-24.832805	0.076722	-250.113314	-0.112228	-146.790621	
1.037000	-12.933471	-25.059495	0.075431	-250.113966	-0.038242	-146.817271	
1.038000	-12.946156	-25.002823	0.073472	-250.114602	-0.049924	-146.844313	
1.039000	-12.971525	-24.897574	0.070280	-250.115223	-0.014879	-146.871662	
1.040000	-12.882733	-24.962342	0.066402	-250.115830	-0.073288	-146.899186	
1.041000	-12.908102	-24.970438	0.062980	-250.116423	0.012379	-146.926732	
1.042000	-13.009579	-24.873285	0.060881	-250.116999	0.027955	-146.954144	
1.043000	-12.925015	-24.954246	0.060505	-250.117560	-0.003197	-146.981285	
1.044000	-12.916558	-24.962342	0.061942	-250.118104	0.012379	-147.008056	
1.045000	-12.840451	-24.994727	0.065122	-250.118631	-0.007091	-147.034415	
1.046000	-12.950384	-24.768036	0.070070	-250.119141	0.027955	-147.060374	
1.047000	-12.954612	-24.824709	0.076964	-250.119635	-0.069394	-147.086002	
1.048000	-12.891189	-24.816613	0.085557	-250.120112	-0.081076	-147.111423	
1.049000	-12.874276	-24.994727	0.094898	-250.120569	-0.065500	-147.136791	
1.050000	-12.958840	-24.921862	0.103856	-250.121007	-0.053818	-147.162275	
1.051000	-12.954612	-24.913766	0.111525	-250.121424	-0.061606	-147.188028	
1.052000	-12.920786	-24.946150	0.117283	-250.121820	-0.081076	-147.214164	
1.053000	-12.870048	-24.873285	0.120775	-250.122194	-0.061606	-147.240744	
1.054000	-12.984209	-24.873285	0.122098	-250.122549	0.020167	-147.267775	
1.055000	-12.929243	-24.824709	0.121962	-250.122883	-0.057712	-147.295200	
1.056000	-12.806625	-24.954246	0.121151	-250.123199	-0.007091	-147.322906	
1.057000	-12.958840	-25.051399	0.120161	-250.123492	0.043531	-147.350745	
1.058000	-12.941927	-24.921862	0.119429	-250.123762	-0.034348	-147.378560	
1.059000	-12.946156	-24.857093	0.119236	-250.124007	-0.003197	-147.406196	
1.060000	-12.912330	-24.954246	0.119565	-250.124230	0.000697	-147.433519	
1.061000	-12.865820	-25.051399	0.120272	-250.124430	-0.014879	-147.460444	
1.062000	-12.971525	-24.808517	0.121063	-250.124610	0.004591	-147.486942	
1.063000	-12.996894	-24.848997	0.121592	-250.124769	-0.003197	-147.513041	
1.064000	-12.861592	-25.010919	0.121873	-250.124909	-0.030454	-147.538828	
1.065000	-12.899645	-24.970438	0.122180	-250.125030	-0.100546	-147.564439	
1.066000	-12.950384	-25.019015	0.122552	-250.125134	-0.049924	-147.590034	
1.067000	-12.929243	-24.938054	0.122908	-250.125218	-0.096652	-147.615773	
1.068000	-12.903874	-24.938054	0.123320	-250.125283	-0.081076	-147.641797	
1.069000	-12.946156	-24.954246	0.123873	-250.125329	-0.065500	-147.668202	
1.070000	-12.937699	-24.889478	0.124611	-250.125354	-0.049924	-147.695033	
1.071000	-12.903874	-24.857093	0.125475	-250.125360	0.024061	-147.722280	
1.072000	-12.925015	-24.962342	0.125872	-250.125346	-0.053818	-147.749874	
1.073000	-12.785484	-25.010919	0.125127	-250.125313	-0.034348	-147.777699	
1.074000	-12.958840	-24.921862	0.123398	-250.125258	-0.022667	-147.805608	
1.075000	-12.946156	-25.010919	0.121434	-250.125183	-0.038242	-147.833441	
1.076000	-12.857363	-24.978535	0.119994	-250.125088	-0.010985	-147.861052	
1.077000	-12.899645	-25.010919	0.119587	-250.124973	-0.007091	-147.888330	
1.078000	-12.967297	-24.929958	0.120330	-250.124839	0.016273	-147.915211	
1.079000	-12.895417	-24.938054	0.122250	-250.124685	-0.022667	-147.941682	
1.080000	-12.899645	-24.970438	0.125319	-250.124510	0.043531	-147.967789	
1.081000	-12.920786	-24.929958	0.129206	-250.124314	-0.030454	-147.993639	
1.082000	-12.899645	-24.865189	0.133322	-250.124097	-0.030454	-148.019378	
1.083000	-12.984209	-24.873285	0.136929	-250.123859	-0.026560	-148.045166	
1.084000	-12.933471	-24.962342	0.139346	-250.123601	-0.088864	-148.071156	
1.085000	-12.899645	-24.986631	0.140158	-250.123323	-0.123910	-148.097473	
1.086000	-13.026491	-24.946150	0.139375	-250.123025	-0.057712	-148.124196	
1.087000	-12.975753	-24.938054	0.137716	-250.122708	-0.046030	-148.151350	
1.088000	-12.916558	-24.865189	0.136396	-250.122373	-0.046030	-148.178902	
1.089000	-12.925015	-25.010919	0.135979	-250.122018	-0.057712	-148.206761	
1.090000	-12.954612	-25.197129	0.136060	-250.121643	0.008485	-148.234799	
1.091000	-12.933471	-24.986631	0.136205	-250.121249	-0.026560	-148.262858	
1.092000	-12.941927	-24.929958	0.136273	-250.120837	-0.049924	-148.290781	
1.093000	-12.946156	-25.043303	0.136293	-250.120409	0.012379	-148.318429	
1.094000	-12.963068	-24.962342	0.136489	-250.119963	0.016273	-148.345705	
1.095000	-12.979981	-25.140456	0.136979	-250.119502	0.004591	-148.372562	
1.096000	-12.903874	-24.946150	0.137664	-250.119025	0.031849	-148.399006	
1.097000	-12.920786	-25.043303	0.138605	-250.118532	-0.057712	-148.425104	
1.098000	-13.013807	-25.027111	0.139908	-250.118021	-0.046030	-148.450980	
1.099000	-12.992666	-24.938054	0.141370	-250.117491	0.004591	-148.476788	
1.100000	-12.882733	-24.954246	0.142657	-250.116943	-0.069394	-148.502690	0.000000
1.101000	-12.933471	-24.978535	0.143586	-250.116375	-0.088864	-148.528833	
1.102000	-12.967297	-24.954246	0.144204	-250.115786	-0.081076	-148.555329	
1.103000	-12.925015	-25.051399	0.144588	-250.115175	-0.077182	-148.582240	
1.104000	-12.979981	-24.938054	0.144640	-250.114543	-0.046030	-148.609568	
1.105000	-12.937699	-25.059495	0.144208	-250.113889	-0.038242	-148.637261	
1.106000	-12.912330	-25.019015	0.143230	-250.113211	-0.049924	-148.665216	
1.107000	-12.920786	-24.897574	0.141751	-250.112509	-0.046030	-148.693292	
1.108000	-12.933471	-25.002823	0.139934	-250.111779	-0.003197	-148.721330	
1.109000	-12.874276	-25.051399	0.137928	-250.111020	-0.010985	-148.749171	
1.110000	-12.954612	-24.897574	0.135824	-250.110230	0.059107	-148.776682	
1.111000	-12.979981	-24.986631	0.133785	-250.109411	-0.010985	-148.803773	
1.112000	-12.916558	-25.156648	0.132031	-250.108566	-0.022667	-148.830407	
1.113000	-12.958840	-25.067591	0.130725	-250.107695	0.004591	-148.856607	
1.114000	-12.958840	-24.962342	0.129931	-250.106800	-0.022667	-148.882457	
1.115000	-12.882733	-24.994727	0.129521	-250.105882	-0.061606	-148.908089	
1.116000	-12.912330	-24.946150	0.129147	-250.104940	-0.026560	-148.933660	
1.117000	-12.954612	-25.002823	0.128491	-250.103976	-0.049924	-148.959333	
1.118000	-12.912330	-24.954246	0.127427	-250.102989	-0.057712	-148.985252	
1.119000	-12.963068	-24.889478	0.125925	-250.101982	-0.042136	-149.011518	
1.120000	-12.954612	-24.946150	0.123721	-250.100957	-0.061606	-149.038174	
1.121000	-12.781256	-24.832805	0.120270	-250.099914	-0.061606	-149.065211	
1.122000	-12.963068	-24.840901	0.115421	-250.098854	-0.034348	-149.092566	
1.123000	-12.950384	-24.873285	0.109715	-250.097777	0.043531	-149.120123	
1.124000	-12.903874	-24.897574	0.103968	-250.096682	-0.014879	-149.147733	
1.125000	-12.937699	-24.986631	0.098906	-250.095570	0.016273	-149.175239	
1.126000	-12.971525	-24.946150	0.094878	-250.094439	0.004591	-149.202494	
1.127000	-12.946156	-24.970438	0.091888	-250.093293	0.043531	-149.229384	
1.128000	-12.899645	-24.768036	0.089962	-250.092132	0.035743	-149.255841	
1.129000	-12.963068	-24.986631	0.089404	-250.090956	0.047425	-149.281856	
1.130000	-12.882733	-25.043303	0.090801	-250.089766	0.047425	-149.307477	
1.131000	-12.984209	-24.857093	0.094402	-250.088563	0.004591	-149.332811	
1.132000	-12.937699	-24.865189	0.099556	-250.087349	-0.053818	-149.358004	
1.133000	-12.874276	-24.994727	0.105213	-250.086127	-0.049924	-149.383217	
1.134000	-12.979981	-24.954246	0.110541	-250.084897	-0.030454	-149.408610	
1.135000	-12.954612	-24.929958	0.114974	-250.083661	-0.057712	-149.434314	
1.136000	-12.895417	-24.970438	0.118140	-250.082421	-0.061606	-149.460409	
1.137000	-12.895417	-24.865189	0.119918	-250.081174	-0.034348	-149.486925	
1.138000	-12.963068	-25.019015	0.120385	-250.079921	0.004591	-149.513837	
1.139000	-13.018035	-24.913766	0.119682	-250.078660	0.012379	-149.541058	
1.140000	-12.937699	-24.889478	0.118046	-250.077394	-0.030454	-149.568455	
1.141000	-12.946156	-24.954246	0.115901	-250.076126	0.008485	-149.595871	
1.142000	-12.929243	-24.970438	0.113774	-250.074856	0.035743	-149.623145	
1.143000	-12.979981	-24.913766	0.112123	-250.073586	0.063001	-149.650138	
1.144000	-12.941927	-24.978535	0.111229	-250.072318	-0.007091	-149.676753	
1.145000	-12.882733	-25.116168	0.111074	-250.071052	0.031849	-149.702941	
1.146000	-12.996894	-24.954246	0.111496	-250.069790	0.000697	-149.728714	
1.147000	-12.958840	-25.002823	0.112531	-250.068534	-0.018773	-149.754140	
1.148000	-12.916558	-24.832805	0.114271	-250.067284	-0.065500	-149.779337	
1.149000	-12.920786	-25.002823	0.116487	-250.066042	-0.038242	-149.804457	
1.150000	-12.954612	-24.954246	0.118708	-250.064806	-0.022667	-149.829663	
1.151000	-12.954612	-24.921862	0.120503	-250.063577	-0.065500	-149.855106	
1.152000	-12.929243	-24.905670	0.121609	-250.062358	-0.069394	-149.880902	
1.153000	-12.882733	-25.156648	0.122074	-250.061149	-0.026560	-149.907113	
1.154000	-12.954612	-24.970438	0.122226	-250.059951	-0.018773	-149.933749	
1.155000	-12.954612	-24.946150	0.122277	-250.058764	0.020167	-149.960759	
1.156000	-12.878504	-25.027111	0.122167	-250.057589	-0.022667	-149.988039	
1.157000	-12.937699	-25.002823	0.121957	-250.056427	-0.073288	-150.015447	
1.158000	-12.988438	-24.938054	0.121991	-250.055279	0.004591	-150.042825	
1.159000	-12.937699	-24.913766	0.122463	-250.054147	0.024061	-150.070016	
1.160000	-12.903874	-25.027111	0.123179	-250.053031	-0.030454	-150.096883	
1.161000	-12.929243	-25.035207	0.123931	-250.051931	0.051319	-150.123338	
1.162000	-12.937699	-24.897574	0.124739	-250.050846	-0.053818	-150.149349	
1.163000	-12.929243	-24.938054	0.125876	-250.049776	0.020167	-150.174939	
1.164000	-12.937699	-24.946150	0.127651	-250.048720	-0.010985	-150.200193	
1.165000	-12.912330	-24.954246	0.129985	-250.047676	-0.088864	-150.225245	
1.166000	-12.954612	-24.921862	0.132422	-250.046644	-0.069394	-150.250253	
1.167000	-12.975753	-24.913766	0.134560	-250.045626	-0.073288	-150.275379	
1.168000	-12.920786	-24.994727	0.136342	-250.044620	-0.108334	-150.300768	
1.169000	-12.908102	-25.027111	0.137924	-250.043629	-0.065500	-150.326523	
1.170000	-13.085686	-24.897574	0.139172	-250.042649	-0.096652	-150.352691	
1.171000	-12.937699	-24.970438	0.139572	-250.041681	-0.104440	-150.379263	
1.172000	-12.870048	-25.002823	0.138825	-250.040725	-0.046030	-150.406172	
1.173000	-12.895417	-24.938054	0.137116	-250.039779	-0.007091	-150.433302	
1.174000	-12.988438	-24.994727	0.134953	-250.038842	-0.010985	-150.460502	
1.175000	-12.916558	-24.946150	0.132822	-250.037914	-0.034348	-150.487609	
1.176000	-12.870048	-24.986631	0.130802	-250.036996	-0.010985	-150.514470	
1.177000	-12.891189	-25.075688	0.128842	-250.036089	0.059107	-150.540968	
1.178000	-12.874276	-24.913766	0.127359	-250.035193	0.020167	-150.567032	
1.179000	-12.874276	-24.848997	0.127377	-250.034308	0.016273	-150.592647	
1.180000	-12.903874	-24.994727	0.129973	-250.033434	-0.038242	-150.617855	
1.181000	-12.874276	-25.019015	0.135240	-250.032569	-0.010985	-150.642761	
1.182000	-12.933471	-24.905670	0.142121	-250.031712	0.020167	-150.667511	
1.183000	-12.941927	-24.929958	0.149252	-250.030862	-0.073288	-150.692264	
1.184000	-12.878504	-25.002823	0.155549	-250.030018	-0.061606	-150.717178	
1.185000	-12.941927	-25.010919	0.160352	-250.029180	-0.073288	-150.742382	
1.186000	-12.941927	-25.035207	0.163474	-250.028349	-0.010985	-150.767964	
1.187000	-12.903874	-24.865189	0.164994	-250.027523	0.000697	-150.793950	
1.188000	-12.950384	-24.986631	0.164741	-250.026704	-0.088864	-150.820314	
1.189000	-12.882733	-25.019015	0.162192	-250.025890	-0.046030	-150.846973	
1.190000	-12.912330	-24.897574	0.157283	-250.025081	0.000697	-150.873800	
1.191000	-12.941927	-24.962342	0.150944	-250.024276	-0.007091	-150.900640	
1.192000	-12.899645	-25.132360	0.144429	-250.023474	-0.003197	-150.927334	
1.193000	-12.925015	-25.027111	0.138510	-250.022675	0.012379	-150.953746	
1.194000	-12.954612	-24.986631	0.133334	-250.021878	0.020167	-150.979779	
1.195000	-12.950384	-24.776133	0.128957	-250.021082	-0.018773	-151.005381	
1.196000	-12.929243	-24.929958	0.125893	-250.020287	-0.049924	-151.030558	
1.197000	-12.967297	-25.010919	0.124818	-250.019489	-0.042136	-151.055376	
1.198000	-13.005350	-24.873285	0.125750	-250.018686	-0.046030	-151.079954	
1.199000	-13.005350	-24.897574	0.127843	-250.017881	-0.053818	-151.104444	
1.200000	-12.903874	-24.946150	0.130062	-250.017075	-0.069394	-151.129006	0.000000
1.201000	-12.891189	-25.051399	0.131655	-250.016268	-0.088864	-151.153795	
1.202000	-12.937699	-24.946150	0.132098	-250.015461	-0.096652	-151.178927	
1.203000	-12.950384	-25.229513	0.130951	-250.014653	-0.120016	-151.204465	
1.204000	-12.891189	-25.002823	0.127694	-250.013847	-0.100546	-151.230417	
1.205000	-12.899645	-25.019015	0.122027	-250.013042	-0.049924	-151.256735	
1.206000	-12.975753	-24.938054	0.114386	-250.012242	-0.030454	-151.283316	
1.207000	-12.908102	-24.970438	0.105827	-250.011448	-0.065500	-151.310018	
1.208000	-12.878504	-25.027111	0.097551	-250.010663	-0.018773	-151.336684	
1.209000	-12.967297	-24.929958	0.090451	-250.009887	-0.030454	-151.363157	
1.210000	-12.954612	-24.970438	0.084979	-250.009121	0.047425	-151.389301	
1.211000	-12.916558	-24.962342	0.081363	-250.008367	-0.026560	-151.415025	
1.212000	-12.891189	-24.994727	0.079464	-250.007624	-0.096652	-151.440289	
1.213000	-12.946156	-24.978535	0.078593	-250.006891	-0.057712	-151.465115	
1.214000	-12.975753	-24.873285	0.078180	-250.006167	-0.034348	-151.489590	
1.215000	-12.971525	-24.848997	0.078163	-250.005451	-0.030454	-151.513845	
1.216000	-12.895417	-24.962342	0.078495	-250.004741	-0.038242	-151.538038	
1.217000	-12.916558	-24.962342	0.078979	-250.004036	-0.014879	-151.562330	
1.218000	-13.022263	-24.865189	0.079590	-250.003336	-0.069394	-151.586868	
1.219000	-12.925015	-24.978535	0.080482	-250.002642	-0.073288	-151.611752	
1.220000	-12.895417	-24.832805	0.081532	-250.001954	-0.065500	-151.637030	
1.221000	-12.865820	-24.929958	0.082118	-250.001272	-0.053818	-151.662695	
1.222000	-13.001122	-24.921862	0.081670	-250.000598	-0.030454	-151.688682	
1.223000	-12.958840	-24.873285	0.080268	-249.999933	0.008485	-151.714870	
1.224000	-12.886961	-24.938054	0.078584	-249.999278	0.024061	-151.741105	
1.225000	-12.925015	-25.027111	0.077407	-249.998632	0.000697	-151.767225	
1.226000	-12.950384	-24.921862	0.077412	-249.997995	-0.030454	-151.793079	
1.227000	-12.933471	-24.954246	0.079149	-249.997371	-0.026560	-151.818546	
1.228000	-12.895417	-24.913766	0.082767	-249.996758	-0.030454	-151.843551	
1.229000	-12.963068	-24.954246	0.088099	-249.996155	-0.010985	-151.868078	
1.230000	-12.971525	-24.978535	0.095159	-249.995564	0.008485	-151.892171	
1.231000	-12.903874	-25.010919	0.103763	-249.994984	-0.026560	-151.915932	
1.232000	-12.895417	-25.140456	0.113026	-249.994418	-0.084970	-151.939505	
1.233000	-12.958840	-24.929958	0.121875	-249.993865	-0.018773	-151.963051	
1.234000	-12.920786	-25.075688	0.129403	-249.993326	-0.022667	-151.986732	
1.235000	-12.937699	-24.873285	0.134847	-249.992802	-0.049924	-152.010681	
1.236000	-12.886961	-24.978535	0.137853	-249.992291	-0.057712	-152.034985	
1.237000	-12.903874	-25.067591	0.138521	-249.991792	-0.018773	-152.059679	
1.238000	-13.009579	-25.051399	0.137380	-249.991304	-0.038242	-152.084741	
1.239000	-12.950384	-24.873285	0.135405	-249.990827	-0.007091	-152.110087	
1.240000	-12.899645	-24.946150	0.133457	-249.990361	-0.049924	-152.135591	
1.241000	-12.941927	-24.962342	0.131943	-249.989904	-0.014879	-152.161105	
1.242000	-13.018035	-24.929958	0.131001	-249.989458	0.043531	-152.186476	
1.243000	-12.941927	-24.954246	0.130381	-249.989024	0.027955	-152.211565	
1.244000	-12.878504	-24.962342	0.129512	-249.988601	0.012379	-152.236272	
1.245000	-12.937699	-24.824709	0.128043	-249.988191	0.078577	-152.260546	
1.246000	-12.992666	-25.164744	0.126124	-249.987792	0.012379	-152.284394	
1.247000	-12.984209	-24.889478	0.124275	-249.987405	0.016273	-152.307878	
1.248000	-12.950384	-24.881382	0.122902	-249.987032	-0.030454	-152.331116	
1.249000	-12.916558	-24.865189	0.121934	-249.986674	-0.038242	-152.354262	
1.250000	-13.001122	-24.889478	0.121122	-249.986328	-0.061606	-152.377483	
1.251000	-13.018035	-24.921862	0.120345	-249.985996	-0.030454	-152.400931	
1.252000	-12.886961	-24.954246	0.119413	-249.985677	-0.088864	-152.424726	
1.253000	-12.963068	-25.124264	0.118112	-249.985372	-0.108334	-152.448936	
1.254000	-12.971525	-24.946150	0.116518	-249.985080	-0.135592	-152.473577	
1.255000	-12.941927	-24.986631	0.114719	-249.984804	-0.053818	-152.498602	
1.256000	-12.908102	-24.905670	0.112644	-249.984543	-0.010985	-152.523907	
1.257000	-12.954612	-25.002823	0.110517	-249.984297	0.004591	-152.549353	
1.258000	-12.937699	-24.986631	0.108894	-249.984067	0.000697	-152.574784	
1.259000	-12.950384	-24.881382	0.108268	-249.983853	-0.022667	-152.600041	
1.260000	-12.925015	-25.019015	0.108913	-249.983655	0.000697	-152.624991	
1.261000	-12.925015	-24.970438	0.110949	-249.983472	-0.003197	-152.649542	
1.262000	-12.963068	-25.019015	0.114314	-249.983300	-0.026560	-152.673655	
1.263000	-12.950384	-24.921862	0.118849	-249.983138	-0.018773	-152.697353	
1.264000	-12.929243	-24.986631	0.124488	-249.982986	-0.049924	-152.720714	
1.265000	-12.895417	-25.002823	0.130999	-249.982842	-0.003197	-152.743872	
1.266000	-12.963068	-24.913766	0.137709	-249.982708	-0.049924	-152.766988	
1.267000	-12.937699	-24.962342	0.143809	-249.982585	-0.065500	-152.790226	
1.268000	-12.878504	-24.962342	0.148789	-249.982472	-0.038242	-152.813728	
1.269000	-12.929243	-24.962342	0.152579	-249.982371	-0.057712	-152.837600	
1.270000	-12.950384	-24.970438	0.155328	-249.982280	0.039637	-152.861896	
1.271000	-12.916558	-25.019015	0.157025	-249.982196	-0.077182	-152.886610	
1.272000	-12.870048	-25.059495	0.157356	-249.982120	-0.049924	-152.911680	
1.273000	-12.899645	-25.019015	0.156192	-249.982052	-0.116122	-152.936993	
1.274000	-12.958840	-24.929958	0.154112	-249.981990	-0.010985	-152.962406	
1.275000	-12.946156	-24.946150	0.151919	-249.981936	-0.007091	-152.987761	
1.276000	-12.886961	-24.954246	0.149968	-249.981893	-0.053818	-153.012906	
1.277000	-12.899645	-24.986631	0.148358	-249.981858	-0.007091	-153.037718	
1.278000	-12.984209	-24.946150	0.147301	-249.981834	-0.018773	-153.062120	
1.279000	-12.937699	-24.808517	0.147076	-249.981820	-0.014879	-153.086091	
1.280000	-12.899645	-24.873285	0.147882	-249.981820	0.012379	-153.109665	
1.281000	-12.950384	-25.010919	0.149744	-249.981834	-0.018773	-153.132941	
1.282000	-12.895417	-24.938054	0.152337	-249.981862	-0.046030	-153.156057	
1.283000	-12.950384	-24.921862	0.155017	-249.981904	-0.030454	-153.179172	
1.284000	-12.925015	-25.002823	0.157126	-249.981961	-0.038242	-153.202443	
1.285000	-12.886961	-25.035207	0.158351	-249.982034	-0.073288	-153.226003	
1.286000	-12.946156	-25.075688	0.158801	-249.982122	-0.053818	-153.249940	
1.287000	-12.963068	-25.002823	0.158712	-249.982227	0.016273	-153.274291	
1.288000	-12.925015	-24.938054	0.158088	-249.982348	0.004591	-153.299034	
1.289000	-12.925015	-24.962342	0.156570	-249.982483	-0.053818	-153.324093	
1.290000	-12.916558	-24.905670	0.153904	-249.982631	-0.049924	-153.349348	
1.291000	-12.920786	-24.889478	0.150464	-249.982792	-0.018773	-153.374644	
1.292000	-12.878504	-24.954246	0.146908	-249.982964	-0.026560	-153.399823	
1.293000	-12.929243	-24.978535	0.143689	-249.983146	0.024061	-153.424750	
1.294000	-12.937699	-25.019015	0.141016	-249.983337	0.008485	-153.449325	
1.295000	-12.988438	-24.921862	0.139136	-249.983537	0.043531	-153.473495	
1.296000	-12.933471	-25.043303	0.139110	-249.983746	-0.104440	-153.497260	
1.297000	-12.891189	-25.002823	0.142519	-249.983963	0.031849	-153.520681	
1.298000	-13.022263	-25.051399	0.149477	-249.984190	-0.010985	-153.543870	
1.299000	-12.848907	-24.921862	0.158236	-249.984425	-0.007091	-153.566971	
1.300000	-12.891189	-24.994727	0.166845	-249.984669	-0.026560	-153.590140	0.000000
1.301000	-12.937699	-25.059495	0.174115	-249.984919	-0.038242	-153.613530	
1.302000	-12.954612	-24.954246	0.179495	-249.985174	-0.065500	-153.637261	
1.303000	-12.941927	-24.889478	0.182786	-249.985434	-0.046030	-153.661402	
1.304000	-12.975753	-25.002823	0.184160	-249.985698	0.051319	-153.685963	
1.305000	-12.979981	-25.132360	0.184074	-249.985967	-0.127804	-153.710906	
1.306000	-12.933471	-24.986631	0.182768	-249.986243	-0.053818	-153.736135	
1.307000	-12.950384	-24.719460	0.180306	-249.986524	0.024061	-153.761513	
1.308000	-12.882733	-24.954246	0.176997	-249.986812	0.008485	-153.786882	
1.309000	-12.908102	-25.010919	0.173194	-249.987104	0.004591	-153.812085	
1.310000	-13.001122	-24.905670	0.169001	-249.987401	-0.018773	-153.836988	
1.311000	-12.988438	-24.921862	0.164422	-249.987702	0.004591	-153.861497	
1.312000	-12.874276	-24.994727	0.159576	-249.988007	-0.034348	-153.885567	
1.313000	-12.979981	-24.678980	0.154769	-249.988317	0.016273	-153.909213	
1.314000	-12.975753	-24.994727	0.150352	-249.988632	0.024061	-153.932511	
1.315000	-12.878504	-24.832805	0.146486	-249.988953	-0.010985	-153.955588	
1.316000	-12.925015	-24.954246	0.143074	-249.989282	-0.042136	-153.978597	
1.317000	-12.933471	-25.002823	0.139846	-249.989616	-0.061606	-154.001702	
1.318000	-12.984209	-24.929958	0.136622	-249.989955	-0.069394	-154.025047	
1.319000	-12.971525	-24.857093	0.133573	-249.990298	-0.026560	-154.048734	
1.320000	-13.009579	-24.954246	0.130961	-249.990646	-0.038242	-154.072812	
1.321000	-12.857363	-25.116168	0.128556	-249.990997	-0.026560	-154.097276	
1.322000	-12.950384	-24.929958	0.125624	-249.991351	-0.007091	-154.122070	
1.323000	-12.946156	-24.938054	0.121741	-249.991710	0.016273	-154.147083	
1.324000	-12.895417	-25.010919	0.117268	-249.992072	-0.014879	-154.172175	
1.325000	-12.916558	-24.994727	0.112854	-249.992437	0.035743	-154.197190	
1.326000	-12.946156	-24.905670	0.108872	-249.992801	0.008485	-154.221978	
1.327000	-12.937699	-24.929958	0.105451	-249.993166	0.027955	-154.246415	
1.328000	-12.946156	-24.865189	0.102695	-249.993532	-0.018773	-154.270422	
1.329000	-12.967297	-24.913766	0.100875	-249.993899	0.027955	-154.293976	
1.330000	-12.912330	-24.889478	0.100492	-249.994268	0.055213	-154.317113	
1.331000	-12.958840	-24.897574	0.101817	-249.994642	-0.010985	-154.339926	
1.332000	-12.895417	-25.124264	0.104374	-249.995023	-0.030454	-154.362554	
1.333000	-12.891189	-24.986631	0.107199	-249.995413	-0.014879	-154.385159	
1.334000	-12.988438	-24.913766	0.109492	-249.995813	-0.049924	-154.407902	
1.335000	-12.946156	-24.978535	0.110804	-249.996223	-0.100546	-154.430917	
1.336000	-12.891189	-24.954246	0.110911	-249.996642	-0.057712	-154.454290	
1.337000	-13.001122	-24.881382	0.109629	-249.997068	-0.053818	-154.478060	
1.338000	-12.925015	-25.164744	0.106680	-249.997501	0.000697	-154.502214	
1.339000	-12.925015	-24.970438	0.102123	-249.997944	-0.081076	-154.526680	
1.340000	-12.933471	-24.824709	0.096602	-249.998395	-0.042136	-154.551336	
1.341000	-12.941927	-24.994727	0.090912	-249.998855	-0.010985	-154.576034	
1.342000	-12.967297	-24.889478	0.085780	-249.999322	0.012379	-154.600619	
1.343000	-12.958840	-24.889478	0.081718	-249.999798	-0.007091	-154.624951	
1.344000	-12.929243	-25.019015	0.078941	-250.000280	0.031849	-154.648925	
1.345000	-12.984209	-25.002823	0.077675	-250.000766	0.000697	-154.672488	
1.346000	-13.018035	-24.938054	0.078379	-250.001254	0.078577	-154.695638	
1.347000	-12.971525	-24.889478	0.081618	-250.001744	-0.030454	-154.718428	
1.348000	-12.802397	-24.905670	0.087437	-250.002235	-0.038242	-154.740969	
1.349000	-12.903874	-24.897574	0.094941	-250.002730	-0.010985	-154.763410	
1.350000	-12.992666	-24.954246	0.102821	-250.003230	-0.042136	-154.785914	
1.351000	-12.941927	-24.881382	0.110010	-250.003735	-0.100546	-154.808633	
1.352000	-12.971525	-24.905670	0.115836	-250.004247	-0.061606	-154.831683	
1.353000	-12.899645	-25.059495	0.119910	-250.004765	-0.077182	-154.855139	
1.354000	-12.946156	-25.059495	0.121931	-250.005290	-0.069394	-154.879018	
1.355000	-12.899645	-24.824709	0.121667	-250.005825	-0.057712	-154.903279	
1.356000	-12.908102	-24.929958	0.119191	-250.006370	-0.057712	-154.927826	
1.357000	-12.882733	-25.278090	0.115088	-250.006924	-0.014879	-154.952526	
1.358000	-13.026491	-24.929958	0.110276	-250.007487	0.012379	-154.977231	
1.359000	-12.937699	-25.027111	0.105595	-250.008058	0.035743	-155.001782	
1.360000	-12.865820	-24.921862	0.101528	-250.008637	-0.010985	-155.026043	
1.361000	-12.963068	-24.994727	0.098251	-250.009223	0.016273	-155.049917	
1.362000	-12.979981	-24.881382	0.095910	-250.009815	-0.003197	-155.073364	
1.363000	-12.937699	-24.938054	0.095141	-250.010414	-0.030454	-155.096397	
1.364000	-12.925015	-24.962342	0.097156	-250.011019	-0.042136	-155.119087	
1.365000	-12.946156	-25.140456	0.102376	-250.011628	0.000697	-155.141561	
1.366000	-12.967297	-24.921862	0.109651	-250.012242	-0.069394	-155.163978	
1.367000	-12.963068	-24.921862	0.117309	-250.012862	-0.065500	-155.186501	
1.368000	-12.920786	-24.986631	0.124054	-250.013487	-0.088864	-155.209278	
1.369000	-12.908102	-25.059495	0.129266	-250.014118	-0.100546	-155.232420	
1.370000	-13.005350	-24.946150	0.132910	-250.014754	-0.049924	-155.255985	
1.371000	-12.937699	-24.719460	0.134970	-250.015396	-0.046030	-155.279973	
1.372000	-12.878504	-25.051399	0.135218	-250.016043	-0.073288	-155.304329	
1.373000	-12.950384	-24.808517	0.133628	-250.016694	0.000697	-155.328944	
1.374000	-12.963068	-25.027111	0.130713	-250.017349	0.004591	-155.353675	
1.375000	-12.908102	-24.929958	0.127263	-250.018008	0.004591	-155.378356	
1.376000	-12.933471	-24.970438	0.123895	-250.018671	0.012379	-155.402831	
1.377000	-12.954612	-25.019015	0.120881	-250.019337	-0.022667	-155.426973	
1.378000	-12.975753	-25.075688	0.118366	-250.020007	0.027955	-155.450703	
1.379000	-12.937699	-24.913766	0.116689	-250.020680	-0.010985	-155.473991	
1.380000	-12.925015	-25.083784	0.116405	-250.021353	-0.084970	-155.496872	
1.381000	-12.929243	-25.027111	0.117758	-250.022025	-0.049924	-155.519440	
1.382000	-12.963068	-25.019015	0.120257	-250.022694	-0.034348	-155.541835	
1.383000	-12.920786	-24.946150	0.123019	-250.023361	-0.073288	-155.564217	
1.384000	-12.874276	-24.929958	0.125353	-250.024028	-0.088864	-155.586744	
1.385000	-12.954612	-25.035207	0.126903	-250.024693	-0.069394	-155.609553	
1.386000	-12.988438	-24.897574	0.127529	-250.025356	-0.069394	-155.632736	
1.387000	-12.979981	-24.873285	0.127286	-250.026017	-0.057712	-155.656329	
1.388000	-12.840451	-25.043303	0.126437	-250.026675	0.035743	-155.680317	
1.389000	-12.937699	-24.994727	0.125354	-250.027329	-0.026560	-155.704625	
1.390000	-13.022263	-24.857093	0.124332	-250.027979	-0.007091	-155.729130	
1.391000	-12.963068	-24.946150	0.123552	-250.028625	-0.003197	-155.753681	
1.392000	-12.916558	-25.043303	0.123026	-250.029264	-0.022667	-155.778121	
1.393000	-12.941927	-24.978535	0.122252	-250.029899	-0.065500	-155.802311	
1.394000	-13.009579	-24.954246	0.120466	-250.030528	-0.007091	-155.826150	
1.395000	-12.874276	-25.189033	0.117648	-250.031154	0.066895	-155.849578	
1.396000	-12.954612	-25.108072	0.114790	-250.031776	-0.003197	-155.872590	
1.397000	-12.979981	-24.978535	0.112895	-250.032395	-0.026560	-155.895245	
1.398000	-13.060317	-25.019015	0.112273	-250.033014	-0.038242	-155.917653	
1.399000	-12.882733	-25.035207	0.112701	-250.033633	-0.061606	-155.939964	
1.400000	-12.908102	-24.978535	0.113608	-250.034252	-0.100546	-155.962337	0.000000
1.401000	-12.933471	-25.010919	0.114398	-250.034869	-0.049924	-155.984930	
1.402000	-12.941927	-24.954246	0.114919	-250.035486	-0.088864	-156.007863	
1.403000	-13.009579	-25.027111	0.115385	-250.036100	-0.042136	-156.031210	
1.404000	-12.903874	-25.051399	0.115939	-250.036713	-0.077182	-156.054987	
1.405000	-12.941927	-24.986631	0.116487	-250.037322	-0.061606	-156.079157	
1.406000	-13.001122	-25.002823	0.116781	-250.037930	0.000697	-156.103625	
1.407000	-12.865820	-24.962342	0.116690	-250.038537	-0.003197	-156.128253	
1.408000	-12.861592	-25.035207	0.116435	-250.039146	-0.010985	-156.152884	
1.409000	-12.958840	-24.962342	0.116326	-250.039758	-0.026560	-156.177360	
1.410000	-12.971525	-24.913766	0.116458	-250.040375	-0.003197	-156.201546	
1.411000	-12.870048	-24.913766	0.116878	-250.040998	-0.003197	-156.225344	
1.412000	-12.903874	-24.946150	0.118127	-250.041629	0.000697	-156.248712	
1.413000	-12.925015	-25.019015	0.121221	-250.042267	-0.061606	-156.271669	
1.414000	-12.979981	-24.905670	0.126438	-250.042914	-0.053818	-156.294292	
1.415000	-12.946156	-24.905670	0.132855	-250.043571	-0.049924	-156.316708	
1.416000	-12.916558	-25.019015	0.139207	-250.044238	-0.073288	-156.339072	
1.417000	-12.933471	-25.019015	0.144620	-250.044916	-0.084970	-156.361548	
1.418000	-13.009579	-24.897574	0.149003	-250.045603	-0.057712	-156.384288	
1.419000	-12.925015	-24.962342	0.152649	-250.046300	-0.038242	-156.407399	
1.420000	-12.891189	-25.051399	0.155180	-250.047007	-0.049924	-156.430939	
1.421000	-12.954612	-25.059495	0.155440	-250.047723	-0.053818	-156.454908	
1.422000	-12.946156	-24.978535	0.152537	-250.048447	-0.034348	-156.479246	
1.423000	-12.925015	-24.873285	0.146662	-250.049179	0.000697	-156.503834	
1.424000	-12.958840	-25.019015	0.138925	-250.049916	0.066895	-156.528524	
1.425000	-12.899645	-25.002823	0.130570	-250.050659	0.024061	-156.553153	
1.426000	-12.937699	-24.946150	0.122384	-250.051413	-0.003197	-156.577565	
1.427000	-12.967297	-24.857093	0.114853	-250.052180	0.039637	-156.601629	
1.428000	-12.857363	-25.051399	0.108445	-250.052959	0.063001	-156.625262	
1.429000	-12.916558	-24.970438	0.103445	-250.053749	-0.038242	-156.648438	
1.430000	-12.992666	-24.865189	0.099914	-250.054551	-0.022667	-156.671191	
1.431000	-12.899645	-24.970438	0.097884	-250.055364	-0.081076	-156.693608	
1.432000	-12.899645	-24.946150	0.097168	-250.056187	-0.092758	-156.715825	
1.433000	-12.954612	-24.938054	0.097171	-250.057017	-0.053818	-156.738003	
1.434000	-12.971525	-24.970438	0.097269	-250.057852	-0.038242	-156.760305	
1.435000	-12.908102	-24.905670	0.097014	-250.058692	-0.084970	-156.782868	
1.436000	-12.941927	-24.946150	0.096092	-250.059536	-0.053818	-156.805783	
1.437000	-12.933471	-24.921862	0.094399	-250.060383	-0.104440	-156.829093	
1.438000	-12.937699	-24.776133	0.091673	-250.061233	-0.057712	-156.852783	
1.439000	-12.979981	-24.905670	0.087395	-250.062085	-0.073288	-156.876784	
1.440000	-12.840451	-24.994727	0.081682	-250.062941	-0.057712	-156.900973	
1.441000	-12.941927	-24.905670	0.075676	-250.063797	0.012379	-156.925200	
1.442000	-13.018035	-24.881382	0.070810	-250.064652	0.016273	-156.949308	
1.443000	-12.941927	-24.978535	0.068240	-250.065508	0.043531	-156.973152	
1.444000	-12.865820	-24.946150	0.068556	-250.066364	0.008485	-156.996626	
1.445000	-12.903874	-25.019015	0.071148	-250.067222	0.047425	-157.019674	
1.446000	-12.895417	-25.035207	0.074491	-250.068081	-0.018773	-157.042295	
1.447000	-12.903874	-24.929958	0.077863	-250.068937	-0.022667	-157.064544	
1.448000	-12.916558	-24.929958	0.081624	-250.069789	-0.018773	-157.086529	
1.449000	-12.844679	-25.002823	0.085823	-250.070634	-0.065500	-157.108402	
1.450000	-12.975753	-24.897574	0.089901	-250.071469	-0.010985	-157.130329	
1.451000	-12.937699	-24.905670	0.093240	-250.072294	-0.049924	-157.152465	
1.452000	-12.865820	-25.043303	0.095471	-250.073107	-0.046030	-157.174935	
1.453000	-12.870048	-24.921862	0.096600	-250.073908	-0.100546	-157.197815	
1.454000	-13.022263	-24.848997	0.097192	-250.074696	0.027955	-157.221131	
1.455000	-12.946156	-24.816613	0.098281	-250.075471	-0.057712	-157.244846	
1.456000	-12.899645	-24.889478	0.100456	-250.076233	-0.026560	-157.268866	
1.457000	-12.979981	-24.905670	0.103454	-250.076981	-0.014879	-157.293058	
1.458000	-12.963068	-24.897574	0.106819	-250.077718	-0.007091	-157.317264	
1.459000	-12.946156	-24.897574	0.110340	-250.078442	-0.007091	-157.341324	
1.460000	-12.916558	-24.929958	0.113931	-250.079156	-0.010985	-157.365098	
1.461000	-12.886961	-25.067591	0.117509	-250.079857	0.016273	-157.388491	
1.462000	-13.001122	-24.994727	0.120989	-250.080544	0.031849	-157.411461	
1.463000	-12.958840	-24.897574	0.124317	-250.081217	-0.018773	-157.434017	
1.464000	-12.903874	-24.954246	0.127530	-250.081874	-0.014879	-157.456232	
1.465000	-12.836222	-24.792325	0.130587	-250.082515	-0.046030	-157.478231	
1.466000	-12.984209	-24.946150	0.133132	-250.083140	-0.022667	-157.500174	
1.467000	-12.950384	-24.889478	0.134704	-250.083749	-0.069394	-157.522227	
1.468000	-12.882733	-25.059495	0.134992	-250.084343	-0.073288	-157.544538	
1.469000	-12.908102	-24.954246	0.133880	-250.084922	-0.049924	-157.567222	
1.470000	-12.908102	-24.905670	0.131525	-250.085485	-0.100546	-157.590339	
1.471000	-12.954612	-24.881382	0.128092	-250.086030	-0.053818	-157.613888	
1.472000	-12.925015	-24.897574	0.123389	-250.086555	-0.088864	-157.637809	
1.473000	-12.929243	-25.124264	0.117403	-250.087059	-0.014879	-157.661993	
1.474000	-12.958840	-24.962342	0.110900	-250.087538	-0.007091	-157.686294	
1.475000	-12.975753	-24.889478	0.104934	-250.087995	-0.014879	-157.710552	
1.476000	-12.891189	-24.946150	0.100161	-250.088428	-0.026560	-157.734607	
1.477000	-12.903874	-25.035207	0.096802	-250.088837	0.016273	-157.758329	
1.478000	-12.963068	-24.816613	0.094994	-250.089224	-0.018773	-157.781636	
1.479000	-12.929243	-25.148552	0.094981	-250.089588	-0.010985	-157.804500	
1.480000	-12.899645	-24.938054	0.096977	-250.089930	-0.030454	-157.826951	
1.481000	-12.912330	-24.994727	0.100859	-250.090248	-0.026560	-157.849082	
1.482000	-13.039176	-25.010919	0.106002	-250.090546	-0.069394	-157.871031	
1.483000	-12.984209	-24.913766	0.111481	-250.090826	-0.046030	-157.892957	
1.484000	-12.916558	-24.905670	0.116539	-250.091089	-0.065500	-157.915018	
1.485000	-12.857363	-25.083784	0.120786	-250.091337	-0.077182	-157.937351	
1.486000	-12.925015	-25.116168	0.123931	-250.091567	-0.057712	-157.960054	
1.487000	-12.979981	-24.905670	0.125734	-250.091779	-0.057712	-157.983166	
1.488000	-12.831994	-24.986631	0.126060	-250.091974	-0.077182	-158.006675	
1.489000	-12.971525	-24.921862	0.124780	-250.092153	-0.077182	-158.030514	
1.490000	-12.929243	-24.929958	0.122039	-250.092319	0.004591	-158.054566	
1.491000	-12.950384	-24.954246	0.118478	-250.092473	-0.010985	-158.078680	
1.492000	-12.908102	-24.954246	0.114824	-250.092616	0.020167	-158.102698	
1.493000	-12.916558	-25.002823	0.111579	-250.092748	0.012379	-158.126478	
1.494000	-12.954612	-24.970438	0.109231	-250.092870	0.035743	-158.149914	
1.495000	-12.916558	-24.970438	0.108235	-250.092982	0.055213	-158.172941	
1.496000	-12.984209	-25.019015	0.108680	-250.093083	-0.030454	-158.195548	
1.497000	-12.886961	-25.027111	0.110186	-250.093172	-0.057712	-158.217782	
1.498000	-12.958840	-24.970438	0.112137	-250.093248	-0.007091	-158.239756	
1.499000	-13.077230	-25.043303	0.113895	-250.093310	-0.053818	-158.261618	
1.500000	-12.903874	-24.970438	0.114899	-250.093360	-0.065500	-158.283527	0.000000
1.501000	-12.937699	-24.986631	0.114860	-250.093402	-0.104440	-158.305640	
1.502000	-12.988438	-24.938054	0.113781	-250.093437	-0.081076	-158.328083	
1.503000	-13.001122	-24.865189	0.111783	-250.093465	-0.073288	-158.350930	
1.504000	-12.958840	-25.002823	0.108882	-250.093487	-0.014879	-158.374198	
1.505000	-12.899645	-25.091880	0.104861	-250.093503	-0.053818	-158.397852	
1.506000	-12.946156	-24.970438	0.099612	-250.093513	-0.018773	-158.421804	
1.507000	-12.979981	-25.124264	0.093580	-250.093519	-0.022667	-158.445919	
1.508000	-12.925015	-24.946150	0.087604	-250.093520	-0.022667	-158.470045	
1.509000	-12.878504	-24.986631	0.082437	-250.093516	-0.026560	-158.494022	
1.510000	-12.967297	-24.938054	0.078505	-250.093505	0.031849	-158.517715	
1.511000	-12.946156	-24.986631	0.076010	-250.093486	0.024061	-158.541026	
1.512000	-12.933471	-25.035207	0.074863	-250.093459	-0.046030	-158.563906	
1.513000	-12.967297	-24.824709	0.074823	-250.093422	-0.127804	-158.586368	
1.514000	-12.950384	-25.002823	0.076219	-250.093374	-0.046030	-158.608485	
1.515000	-12.933471	-24.938054	0.079469	-250.093319	0.035743	-158.630381	
1.516000	-12.941927	-24.921862	0.084063	-250.093257	-0.046030	-158.652210	
1.517000	-12.937699	-25.010919	0.089111	-250.093190	-0.077182	-158.674132	
1.518000	-12.958840	-24.954246	0.094039	-250.093119	-0.053818	-158.696295	
1.519000	-12.967297	-24.897574	0.098437	-250.093042	-0.077182	-158.718808	
1.520000	-12.878504	-25.083784	0.101676	-250.092960	-0.081076	-158.741726	
1.521000	-12.925015	-25.091880	0.102928	-250.092874	-0.046030	-158.765050	
1.522000	-12.954612	-24.905670	0.101877	-250.092786	-0.038242	-158.788725	
1.523000	-13.001122	-25.140456	0.099047	-250.092694	-0.022667	-158.812642	
1.524000	-12.929243	-24.970438	0.095382	-250.092598	-0.038242	-158.836649	
1.525000	-12.929243	-24.962342	0.091873	-250.092499	0.004591	-158.860583	
1.526000	-12.933471	-25.051399	0.089195	-250.092396	-0.003197	-158.884289	
1.527000	-12.946156	-24.929958	0.087428	-250.092291	0.027955	-158.907638	
1.528000	-12.946156	-24.840901	0.086340	-250.092185	-0.018773	-158.930541	
1.529000	-12.827766	-25.140456	0.085890	-250.092079	-0.034348	-158.952968	
1.530000	-12.946156	-25.043303	0.086409	-250.091975	0.008485	-158.974947	
1.531000	-13.022263	-24.913766	0.088239	-250.091874	-0.038242	-158.996568	
1.532000	-12.840451	-24.970438	0.091230	-250.091775	-0.057712	-159.017964	
1.533000	-12.878504	-25.027111	0.094779	-250.091678	-0.069394	-159.039289	
1.534000	-12.996894	-25.010919	0.098268	-250.091583	-0.061606	-159.060703	
1.535000	-12.971525	-24.978535	0.101370	-250.091488	-0.053818	-159.082343	
1.536000	-12.920786	-24.848997	0.103928	-250.091394	-0.057712	-159.104300	
1.537000	-12.903874	-25.051399	0.106054	-250.091298	-0.065500	-159.126615	
1.538000	-12.912330	-24.962342	0.108513	-250.091203	-0.026560	-159.149280	
1.539000	-12.996894	-24.848997	0.112020	-250.091107	-0.057712	-159.172229	
1.540000	-12.941927	-24.848997	0.116392	-250.091011	-0.010985	-159.195347	
1.541000	-12.861592	-25.019015	0.121031	-250.090915	0.016273	-159.218488	
1.542000	-12.920786	-24.954246	0.125396	-250.090820	0.035743	-159.241502	
1.543000	-13.005350	-24.929958	0.129081	-250.090723	-0.010985	-159.264249	
1.544000	-12.920786	-24.962342	0.132236	-250.090626	0.004591	-159.286622	
1.545000	-12.996894	-25.075688	0.135402	-250.090529	-0.046030	-159.308558	
1.546000	-12.895417	-24.889478	0.139209	-250.090431	0.039637	-159.330052	
1.547000	-13.043404	-25.091880	0.144454	-250.090332	0.039637	-159.351153	
1.548000	-12.933471	-24.938054	0.151234	-250.090232	-0.038242	-159.371967	
1.549000	-12.908102	-24.840901	0.158375	-250.090132	-0.061606	-159.392641	
1.550000	-12.886961	-25.083784	0.164374	-250.090030	-0.081076	-159.413340	
1.551000	-12.954612	-24.921862	0.168259	-250.089928	-0.046030	-159.434221	
1.552000	-12.963068	-24.889478	0.169638	-250.089825	-0.049924	-159.455409	
1.553000	-12.912330	-25.148552	0.168570	-250.089723	-0.053818	-159.476982	
1.554000	-12.908102	-25.067591	0.165463	-250.089622	0.094153	-159.498966	
1.555000	-12.958840	-25.075688	0.160719	-250.089522	-0.003197	-159.521335	
1.556000	-12.886961	-24.970438	0.154552	-250.089424	-0.026560	-159.544001	
1.557000	-12.827766	-24.897574	0.147374	-250.089327	0.004591	-159.566835	
1.558000	-12.933471	-25.002823	0.140043	-250.089234	0.016273	-159.589685	
1.559000	-12.937699	-24.962342	0.133456	-250.089144	0.027955	-159.612397	
1.560000	-12.920786	-24.905670	0.128199	-250.089060	0.020167	-159.634830	
1.561000	-12.958840	-24.929958	0.124569	-250.088980	-0.014879	-159.656887	
1.562000	-12.836222	-25.002823	0.122651	-250.088906	0.000697	-159.678521	
1.563000	-12.950384	-25.083784	0.122657	-250.088839	0.047425	-159.699742	
1.564000	-12.929243	-24.897574	0.125013	-250.088782	-0.010985	-159.720617	
1.565000	-12.937699	-25.051399	0.129586	-250.088734	-0.034348	-159.741268	
1.566000	-12.933471	-25.027111	0.135329	-250.088691	-0.084970	-159.761849	
1.567000	-12.967297	-24.897574	0.141005	-250.088651	-0.034348	-159.782524	
1.568000	-12.925015	-24.946150	0.145754	-250.088612	-0.073288	-159.803439	
1.569000	-12.891189	-24.978535	0.149194	-250.088576	-0.081076	-159.824705	
1.570000	-12.886961	-24.913766	0.151172	-250.088540	-0.046030	-159.846385	
1.571000	-12.967297	-24.840901	0.151477	-250.088504	0.000697	-159.868483	
1.572000	-12.958840	-24.897574	0.150130	-250.088467	-0.026560	-159.890944	
1.573000	-12.916558	-25.083784	0.147558	-250.088428	-0.092758	-159.913657	
1.574000	-12.895417	-25.156648	0.144352	-250.088388	0.004591	-159.936478	
1.575000	-12.967297	-24.889478	0.141113	-250.088345	0.039637	-159.959249	
1.576000	-12.992666	-24.816613	0.138256	-250.088300	-0.014879	-159.981813	
1.577000	-12.878504	-25.083784	0.136020	-250.088255	-0.018773	-160.004033	
1.578000	-12.891189	-25.002823	0.134663	-250.088209	0.051319	-160.025823	
1.579000	-13.018035	-25.059495	0.134419	-250.088162	0.012379	-160.047151	
1.580000	-12.895417	-24.994727	0.135325	-250.088116	-0.030454	-160.068043	
1.581000	-12.920786	-24.921862	0.137213	-250.088071	-0.046030	-160.088585	
1.582000	-12.891189	-24.978535	0.139770	-250.088026	-0.077182	-160.108915	
1.583000	-12.933471	-24.986631	0.142526	-250.087982	-0.057712	-160.129194	
1.584000	-12.971525	-24.881382	0.144985	-250.087944	-0.053818	-160.149585	
1.585000	-12.908102	-25.010919	0.146734	-250.087911	-0.065500	-160.170229	
1.586000	-12.925015	-25.035207	0.147431	-250.087883	-0.081076	-160.191227	
1.587000	-12.979981	-24.857093	0.146968	-250.087861	-0.057712	-160.212627	
1.588000	-12.984209	-24.994727	0.145343	-250.087842	0.039637	-160.234418	
1.589000	-12.865820	-25.010919	0.142251	-250.087828	-0.049924	-160.256532	
1.590000	-12.891189	-25.237609	0.137552	-250.087817	-0.003197	-160.278850	
1.591000	-12.929243	-24.946150	0.131858	-250.087810	0.020167	-160.301227	
1.592000	-12.912330	-24.986631	0.126161	-250.087805	-0.018773	-160.323504	
1.593000	-12.929243	-24.905670	0.121331	-250.087803	0.016273	-160.345532	
1.594000	-12.908102	-25.043303	0.117837	-250.087803	-0.010985	-160.367201	
1.595000	-12.941927	-25.083784	0.115703	-250.087802	-0.084970	-160.388446	
1.596000	-12.933471	-24.840901	0.114829	-250.087802	0.000697	-160.409253	
1.597000	-12.903874	-24.938054	0.115128	-250.087800	-0.034348	-160.429667	
1.598000	-12.941927	-25.083784	0.116469	-250.087799	-0.049924	-160.449795	
1.599000	-12.925015	-24.929958	0.118602	-250.087800	-0.030454	-160.469782	
1.600000	-12.984209	-24.954246	0.121096	-250.087804	-0.073288	-160.489791	0.000000
1.601000	-12.886961	-24.962342	0.123521	-250.087813	-0.081076	-160.509978	
1.602000	-12.963068	-24.954246	0.125601	-250.087827	-0.057712	-160.530469	
1.603000	-12.912330	-24.970438	0.127191	-250.087845	-0.042136	-160.551346	
1.604000	-12.979981	-24.938054	0.127880	-250.087867	0.024061	-160.572635	
1.605000	-12.899645	-25.067591	0.126659	-250.087892	-0.042136	-160.594306	
1.606000	-12.886961	-24.978535	0.122837	-250.087920	0.000697	-160.616275	
1.607000	-12.903874	-24.962342	0.117009	-250.087953	-0.034348	-160.638411	
1.608000	-12.963068	-24.897574	0.110542	-250.087989	0.047425	-160.660553	
1.609000	-12.891189	-24.962342	0.104709	-250.088031	-0.003197	-160.682539	
1.610000	-12.891189	-25.035207	0.100187	-250.088076	0.020167	-160.704230	
1.611000	-13.001122	-24.921862	0.096964	-250.088123	0.039637	-160.725531	
1.612000	-13.030720	-24.905670	0.095125	-250.088172	0.035743	-160.746396	
1.613000	-12.933471	-24.881382	0.095875	-250.088224	-0.010985	-160.766836	
1.614000	-12.937699	-24.986631	0.100820	-250.088279	-0.014879	-160.786921	
1.615000	-12.916558	-24.889478	0.109970	-250.088337	-0.003197	-160.806779	
1.616000	-12.950384	-24.913766	0.121462	-250.088397	-0.038242	-160.826563	
1.617000	-12.933471	-24.897574	0.133018	-250.088458	-0.053818	-160.846439	
1.618000	-12.878504	-25.027111	0.142831	-250.088521	-0.057712	-160.866556	
1.619000	-12.895417	-24.921862	0.149882	-250.088585	-0.049924	-160.887030	
1.620000	-13.005350	-24.800421	0.153926	-250.088649	0.000697	-160.907926	
1.621000	-13.030720	-24.889478	0.155000	-250.088713	-0.049924	-160.929247	
1.622000	-12.937699	-25.027111	0.153232	-250.088777	-0.007091	-160.950936	
1.623000	-12.933471	-25.164744	0.149013	-250.088839	-0.007091	-160.972886	
1.624000	-13.089914	-24.929958	0.142994	-250.088900	-0.007091	-160.994954	
1.625000	-12.912330	-24.954246	0.135995	-250.088965	0.024061	-161.016974	
1.626000	-12.912330	-24.970438	0.128861	-250.089033	0.039637	-161.038786	
1.627000	-12.929243	-24.994727	0.122237	-250.089105	0.004591	-161.060254	
1.628000	-12.937699	-24.816613	0.116510	-250.089180	0.027955	-161.081288	
1.629000	-13.018035	-25.043303	0.112077	-250.089259	0.024061	-161.101855	
1.630000	-12.950384	-24.865189	0.109398	-250.089337	-0.026560	-161.121979	
1.631000	-12.929243	-24.865189	0.108513	-250.089411	-0.046030	-161.141748	
1.632000	-13.001122	-24.938054	0.108923	-250.089480	-0.022667	-161.161296	
1.633000	-12.912330	-24.946150	0.110072	-250.089543	-0.038242	-161.180783	
1.634000	-12.861592	-24.970438	0.111462	-250.089599	-0.053818	-161.200373	
1.635000	-12.958840	-24.954246	0.112513	-250.089646	-0.069394	-161.220213	
1.636000	-12.971525	-24.889478	0.112747	-250.089682	-0.038242	-161.240402	
1.637000	-12.988438	-24.978535	0.111890	-250.089708	0.024061	-161.260983	
1.638000	-12.933471	-25.083784	0.109646	-250.089726	-0.061606	-161.281946	
1.639000	-12.929243	-24.913766	0.105900	-250.089737	-0.034348	-161.303227	
1.640000	-12.958840	-24.678980	0.100969	-250.089742	-0.003197	-161.324708	
1.641000	-12.963068	-24.889478	0.095415	-250.089743	0.008485	-161.346237	
1.642000	-12.882733	-24.978535	0.089966	-250.089738	-0.026560	-161.367655	
1.643000	-12.929243	-24.970438	0.085472	-250.089727	-0.022667	-161.388815	
1.644000	-12.996894	-24.848997	0.082547	-250.089708	0.020167	-161.409603	
1.645000	-12.937699	-24.848997	0.081249	-250.089683	-0.034348	-161.429950	
1.646000	-12.886961	-24.873285	0.081419	-250.089651	-0.088864	-161.449840	
1.647000	-12.992666	-24.921862	0.083107	-250.089609	0.043531	-161.469322	
1.648000	-12.975753	-24.929958	0.086321	-250.089558	-0.038242	-161.488506	
1.649000	-12.937699	-24.873285	0.090562	-250.089500	-0.096652	-161.507538	
1.650000	-12.937699	-24.889478	0.094946	-250.089434	-0.053818	-161.526579	
1.651000	-12.916558	-24.978535	0.098807	-250.089361	-0.073288	-161.545791	
1.652000	-12.958840	-24.929958	0.102043	-250.089281	-0.077182	-161.565305	
1.653000	-13.060317	-24.938054	0.104889	-250.089196	-0.077182	-161.585202	
1.654000	-12.899645	-24.994727	0.107555	-250.089104	-0.069394	-161.605506	
1.655000	-12.908102	-24.840901	0.109974	-250.089004	-0.046030	-161.626193	
1.656000	-13.026491	-24.840901	0.111614	-250.088896	-0.030454	-161.647179	
1.657000	-12.992666	-24.905670	0.111980	-250.088780	0.004591	-161.668338	
1.658000	-12.912330	-24.905670	0.111299	-250.088657	0.008485	-161.689514	
1.659000	-12.937699	-25.043303	0.110258	-250.088527	0.047425	-161.710552	
1.660000	-12.950384	-24.986631	0.109423	-250.088388	0.004591	-161.731317	
1.661000	-12.954612	-24.897574	0.109024	-250.088241	0.008485	-161.751712	
1.662000	-12.882733	-24.881382	0.109220	-250.088088	0.055213	-161.771687	
1.663000	-12.903874	-25.156648	0.110229	-250.087927	0.008485	-161.791247	
1.664000	-12.933471	-24.970438	0.111893	-250.087756	0.027955	-161.810461	
1.665000	-13.001122	-25.083784	0.113752	-250.087575	0.031849	-161.829448	
1.666000	-12.886961	-24.921862	0.115474	-250.087386	-0.046030	-161.848361	
1.667000	-12.861592	-25.051399	0.116830	-250.087189	-0.081076	-161.867362	
1.668000	-13.030720	-24.970438	0.117699	-250.086982	-0.022667	-161.886604	
1.669000	-12.946156	-24.994727	0.118079	-250.086765	-0.092758	-161.906202	
1.670000	-12.925015	-24.970438	0.117884	-250.086537	-0.112228	-161.926221	
1.671000	-12.916558	-25.221417	0.117013	-250.086299	-0.061606	-161.946668	
1.672000	-12.967297	-24.929958	0.115575	-250.086050	-0.049924	-161.967495	
1.673000	-12.958840	-24.905670	0.113784	-250.085791	0.012379	-161.988596	
1.674000	-12.963068	-24.784229	0.111902	-250.085522	-0.018773	-162.009831	
1.675000	-12.878504	-25.043303	0.110336	-250.085244	-0.034348	-162.031042	
1.676000	-12.988438	-24.929958	0.109403	-250.084958	-0.003197	-162.052076	
1.677000	-12.996894	-24.929958	0.109053	-250.084663	0.004591	-162.072798	
1.678000	-12.967297	-24.913766	0.109081	-250.084360	-0.018773	-162.093118	
1.679000	-12.895417	-25.148552	0.109495	-250.084050	-0.018773	-162.112998	
1.680000	-12.886961	-25.067591	0.110520	-250.083734	0.000697	-162.132463	
1.681000	-12.984209	-25.002823	0.112401	-250.083412	-0.014879	-162.151594	
1.682000	-12.925015	-25.059495	0.115137	-250.083086	-0.042136	-162.170524	
1.683000	-12.895417	-25.019015	0.118352	-250.082755	-0.061606	-162.189408	
1.684000	-12.916558	-25.091880	0.121534	-250.082417	-0.084970	-162.208409	
1.685000	-12.988438	-24.889478	0.124392	-250.082073	-0.057712	-162.227669	
1.686000	-12.941927	-24.978535	0.126987	-250.081722	-0.057712	-162.247283	
1.687000	-12.886961	-25.116168	0.129169	-250.081366	-0.092758	-162.267297	
1.688000	-12.937699	-25.035207	0.130096	-250.081005	0.016273	-162.287703	
1.689000	-13.013807	-24.938054	0.129104	-250.080638	0.027955	-162.308436	
1.690000	-12.848907	-25.083784	0.126648	-250.080267	-0.014879	-162.329380	
1.691000	-12.916558	-25.019015	0.123818	-250.079892	-0.007091	-162.350388	
1.692000	-12.958840	-25.035207	0.121465	-250.079511	0.012379	-162.371303	
1.693000	-12.954612	-25.067591	0.120076	-250.079124	0.000697	-162.391975	
1.694000	-12.946156	-24.946150	0.119968	-250.078732	0.043531	-162.412284	
1.695000	-12.886961	-25.140456	0.121112	-250.078335	-0.007091	-162.432158	
1.696000	-12.954612	-24.897574	0.123035	-250.077932	-0.038242	-162.451577	
1.697000	-13.009579	-25.019015	0.125222	-250.077525	-0.014879	-162.470586	
1.698000	-12.895417	-24.913766	0.127488	-250.077115	-0.034348	-162.489283	
1.699000	-12.933471	-24.986631	0.129751	-250.076703	-0.100546	-162.507807	
1.700000	-12.925015	-25.051399	0.131715	-250.076292	-0.081076	-162.526319	0.000000
1.701000	-12.954612	-25.043303	0.133131	-250.075881	-0.065500	-162.544978	
1.702000	-12.920786	-24.994727	0.133940	-250.075472	-0.096652	-162.563910	
1.703000	-12.971525	-24.897574	0.133990	-250.075064	-0.081076	-162.583199	
1.704000	-12.925015	-25.172840	0.133108	-250.074658	-0.084970	-162.602877	
1.705000	-12.941927	-25.019015	0.131337	-250.074254	-0.065500	-162.622924	
1.706000	-12.929243	-24.905670	0.128934	-250.073851	-0.022667	-162.643258	
1.707000	-12.933471	-24.865189	0.126261	-250.073448	0.024061	-162.663754	
1.708000	-12.870048	-25.027111	0.123685	-250.073043	-0.018773	-162.684262	
1.709000	-12.933471	-25.002823	0.121654	-250.072636	0.031849	-162.704629	
1.710000	-12.971525	-24.986631	0.120669	-250.072225	0.020167	-162.724718	
1.711000	-12.886961	-25.010919	0.120830	-250.071811	-0.018773	-162.744428	
1.712000	-12.891189	-25.051399	0.122081	-250.071393	0.035743	-162.763706	
1.713000	-12.992666	-24.986631	0.125025	-250.070970	0.117516	-162.782556	
1.714000	-12.874276	-25.010919	0.130130	-250.070543	0.008485	-162.801036	
1.715000	-12.895417	-24.986631	0.136704	-250.070110	-0.042136	-162.819258	
1.716000	-13.009579	-25.027111	0.143467	-250.069673	-0.026560	-162.837375	
1.717000	-12.920786	-25.035207	0.149301	-250.069233	-0.057712	-162.855552	
1.718000	-12.992666	-24.929958	0.153624	-250.068790	-0.084970	-162.873942	
1.719000	-12.895417	-25.002823	0.156354	-250.068346	-0.081076	-162.892663	
1.720000	-12.882733	-25.075688	0.157623	-250.067901	-0.073288	-162.911784	
1.721000	-12.899645	-24.865189	0.157452	-250.067453	-0.042136	-162.931314	
1.722000	-13.009579	-24.954246	0.155470	-250.067001	-0.003197	-162.951203	
1.723000	-12.878504	-24.986631	0.151428	-250.066544	-0.014879	-162.971342	
1.724000	-12.954612	-24.954246	0.145899	-250.066083	0.000697	-162.991588	
1.725000	-12.916558	-25.027111	0.139948	-250.065614	0.024061	-163.011785	
1.726000	-12.946156	-24.905670	0.134469	-250.065140	0.004591	-163.031777	
1.727000	-12.946156	-24.938054	0.129949	-250.064659	0.008485	-163.051428	
1.728000	-12.967297	-25.051399	0.126504	-250.064171	-0.022667	-163.070644	
1.729000	-12.954612	-24.954246	0.124265	-250.063678	-0.084970	-163.089390	
1.730000	-12.984209	-24.865189	0.123657	-250.063179	0.004591	-163.107683	
1.731000	-12.920786	-24.929958	0.124841	-250.062678	-0.042136	-163.125602	
1.732000	-12.912330	-24.800421	0.127276	-250.062175	-0.053818	-163.143273	
1.733000	-12.971525	-24.889478	0.130141	-250.061671	-0.053818	-163.160855	
1.734000	-12.996894	-24.889478	0.132746	-250.061167	-0.026560	-163.178512	
1.735000	-12.929243	-24.921862	0.134587	-250.060663	-0.065500	-163.196390	
1.736000	-12.925015	-24.921862	0.135418	-250.060161	-0.057712	-163.214594	
1.737000	-12.857363	-24.759940	0.135208	-250.059660	-0.061606	-163.233177	
1.738000	-13.034948	-24.824709	0.133927	-250.059160	-0.057712	-163.252137	
1.739000	-12.950384	-24.816613	0.131545	-250.058663	0.008485	-163.271410	
1.740000	-12.903874	-24.905670	0.128206	-250.058172	0.024061	-163.290879	
1.741000	-12.937699	-24.897574	0.124371	-250.057686	0.024061	-163.310401	
1.742000	-12.988438	-24.881382	0.120789	-250.057204	0.059107	-163.329821	
1.743000	-12.958840	-24.865189	0.118040	-250.056729	0.031849	-163.348986	
1.744000	-12.891189	-24.962342	0.116145	-250.056261	0.047425	-163.367775	
1.745000	-12.946156	-25.002823	0.115096	-250.055799	0.117516	-163.386116	
1.746000	-13.047632	-24.962342	0.115150	-250.055344	-0.069394	-163.403995	
1.747000	-12.899645	-24.848997	0.116170	-250.054900	-0.018773	-163.421456	
1.748000	-12.912330	-24.970438	0.117618	-250.054468	-0.073288	-163.438601	
1.749000	-12.937699	-25.027111	0.119024	-250.054046	-0.026560	-163.455581	
1.750000	-12.975753	-24.921862	0.120024	-250.053633	-0.038242	-163.472560	
1.751000	-12.971525	-24.881382	0.120409	-250.053225	-0.065500	-163.489698	
1.752000	-12.891189	-24.938054	0.120121	-250.052821	-0.084970	-163.507127	
1.753000	-12.899645	-25.010919	0.119138	-250.052422	-0.112228	-163.524934	
1.754000	-12.988438	-24.768036	0.117116	-250.052028	-0.084970	-163.543154	
1.755000	-13.005350	-24.840901	0.112948	-250.051640	-0.018773	-163.561762	
1.756000	-12.874276	-25.043303	0.105686	-250.051263	-0.022667	-163.580677	
1.757000	-12.967297	-25.019015	0.095931	-250.050896	0.020167	-163.599776	
1.758000	-12.958840	-24.889478	0.085470	-250.050538	-0.007091	-163.618909	
1.759000	-12.920786	-24.816613	0.075932	-250.050190	0.016273	-163.637917	
1.760000	-12.929243	-24.881382	0.068300	-250.049848	0.047425	-163.656660	
1.761000	-12.933471	-24.954246	0.063184	-250.049514	0.012379	-163.675041	
1.762000	-12.954612	-25.099976	0.060874	-250.049187	0.078577	-163.693011	
1.763000	-12.996894	-24.905670	0.061044	-250.048870	-0.018773	-163.710572	
1.764000	-12.895417	-25.083784	0.062902	-250.048565	-0.077182	-163.727790	
1.765000	-12.946156	-24.938054	0.065873	-250.048271	-0.061606	-163.744784	
1.766000	-12.971525	-24.946150	0.069755	-250.047985	-0.046030	-163.761709	
1.767000	-12.950384	-24.921862	0.074406	-250.047706	-0.088864	-163.778731	
1.768000	-12.882733	-24.881382	0.079681	-250.047431	-0.073288	-163.796002	
1.769000	-12.963068	-24.938054	0.085217	-250.047159	-0.061606	-163.813643	
1.770000	-12.925015	-24.881382	0.090473	-250.046891	-0.007091	-163.831727	
1.771000	-12.929243	-24.832805	0.094948	-250.046625	-0.046030	-163.850264	
1.772000	-12.971525	-24.986631	0.098028	-250.046359	-0.053818	-163.869207	
1.773000	-12.933471	-25.035207	0.099338	-250.046094	-0.061606	-163.888453	
1.774000	-12.941927	-25.108072	0.099193	-250.045829	0.027955	-163.907859	
1.775000	-12.996894	-24.905670	0.098254	-250.045563	0.027955	-163.927263	
1.776000	-12.908102	-25.010919	0.097087	-250.045298	0.024061	-163.946500	
1.777000	-12.937699	-24.954246	0.096078	-250.045034	-0.022667	-163.965431	
1.778000	-12.979981	-24.889478	0.095513	-250.044771	0.024061	-163.983963	
1.779000	-12.878504	-24.946150	0.096017	-250.044511	0.082471	-164.002052	
1.780000	-12.882733	-24.986631	0.098879	-250.044255	-0.053818	-164.019714	
1.781000	-12.933471	-24.954246	0.105222	-250.044004	-0.007091	-164.037029	
1.782000	-12.933471	-24.978535	0.114716	-250.043759	-0.014879	-164.054135	
1.783000	-12.963068	-24.905670	0.125785	-250.043521	-0.065500	-164.071192	
1.784000	-12.920786	-24.994727	0.136791	-250.043290	-0.069394	-164.088365	
1.785000	-12.895417	-25.051399	0.146541	-250.043067	-0.073288	-164.105803	
1.786000	-12.954612	-24.970438	0.154209	-250.042850	-0.065500	-164.123613	
1.787000	-13.119512	-24.994727	0.159319	-250.042639	-0.100546	-164.141845	
1.788000	-12.844679	-24.848997	0.161494	-250.042436	-0.073288	-164.160493	
1.789000	-12.874276	-25.010919	0.160308	-250.042238	-0.057712	-164.179493	
1.790000	-12.975753	-24.840901	0.155896	-250.042046	-0.038242	-164.198730	
1.791000	-12.891189	-24.881382	0.149215	-250.041860	-0.010985	-164.218057	
1.792000	-12.929243	-24.946150	0.141463	-250.041682	-0.014879	-164.237309	
1.793000	-12.920786	-24.954246	0.133540	-250.041512	0.008485	-164.256333	
1.794000	-12.954612	-24.994727	0.125767	-250.041351	0.063001	-164.275008	
1.795000	-12.971525	-24.986631	0.118035	-250.041200	0.000697	-164.293258	
1.796000	-12.861592	-24.921862	0.110866	-250.041061	-0.077182	-164.311060	
1.797000	-12.870048	-25.083784	0.105937	-250.040937	-0.061606	-164.328451	
1.798000	-12.937699	-24.921862	0.104454	-250.040832	-0.018773	-164.345529	
1.799000	-12.903874	-24.929958	0.105875	-250.040744	-0.014879	-164.362437	
1.800000	-12.899645	-25.002823	0.108873	-250.040673	-0.065500	-164.379336	0.000000
1.801000	-12.853135	-25.002823	0.112348	-250.040617	-0.084970	-164.396384	
1.802000	-12.958840	-25.002823	0.115489	-250.040574	-0.061606	-164.413717	
1.803000	-12.908102	-25.051399	0.117682	-250.040545	-0.053818	-164.431421	
1.804000	-12.878504	-25.035207	0.118616	-250.040529	0.047425	-164.449528	
1.805000	-12.865820	-24.970438	0.118461	-250.040526	-0.018773	-164.468021	
1.806000	-12.946156	-24.978535	0.117728	-250.040536	-0.057712	-164.486828	
1.807000	-12.958840	-24.857093	0.116801	-250.040558	-0.026560	-164.505827	
1.808000	-12.950384	-24.913766	0.115845	-250.040593	0.024061	-164.524866	
1.809000	-12.891189	-25.132360	0.115029	-250.040641	0.016273	-164.543789	
1.810000	-12.946156	-24.970438	0.114558	-250.040701	-0.010985	-164.562458	
1.811000	-12.975753	-24.954246	0.114745	-250.040775	0.004591	-164.580774	
1.812000	-12.912330	-25.059495	0.115901	-250.040864	0.008485	-164.598683	
1.813000	-12.937699	-24.978535	0.117743	-250.040968	-0.073288	-164.616185	
1.814000	-12.984209	-24.929958	0.119444	-250.041088	-0.026560	-164.633343	
1.815000	-12.870048	-24.905670	0.120525	-250.041226	-0.049924	-164.650272	
1.816000	-12.958840	-24.994727	0.120973	-250.041379	-0.034348	-164.667116	
1.817000	-12.933471	-25.035207	0.120778	-250.041546	-0.057712	-164.684034	
1.818000	-12.950384	-25.051399	0.120009	-250.041726	-0.042136	-164.701177	
1.819000	-12.992666	-24.921862	0.118916	-250.041919	-0.042136	-164.718665	
1.820000	-12.946156	-24.840901	0.117728	-250.042126	-0.014879	-164.736567	
1.821000	-12.865820	-25.010919	0.116347	-250.042343	-0.049924	-164.754897	
1.822000	-12.908102	-25.083784	0.114330	-250.042569	-0.018773	-164.773611	
1.823000	-13.034948	-24.954246	0.111439	-250.042798	-0.003197	-164.792609	
1.824000	-12.895417	-24.938054	0.107997	-250.043030	0.012379	-164.811751	
1.825000	-12.903874	-24.994727	0.104650	-250.043267	-0.026560	-164.830877	
1.826000	-12.946156	-25.035207	0.102003	-250.043506	-0.003197	-164.849832	
1.827000	-12.941927	-24.970438	0.100386	-250.043748	0.004591	-164.868477	
1.828000	-12.912330	-25.083784	0.099806	-250.043993	0.059107	-164.886717	
1.829000	-12.992666	-25.002823	0.100110	-250.044239	0.000697	-164.904506	
1.830000	-12.886961	-24.905670	0.101357	-250.044486	0.039637	-164.921863	
1.831000	-12.958840	-24.954246	0.103967	-250.044735	-0.057712	-164.938865	
1.832000	-12.929243	-25.067591	0.108091	-250.044985	-0.034348	-164.955638	
1.833000	-12.886961	-25.043303	0.113136	-250.045237	-0.069394	-164.972337	
1.834000	-12.941927	-24.954246	0.118177	-250.045489	-0.065500	-164.989125	
1.835000	-12.996894	-24.913766	0.122581	-250.045742	-0.061606	-165.006148	
1.836000	-12.916558	-25.010919	0.126298	-250.045995	-0.073288	-165.023508	
1.837000	-12.865820	-25.043303	0.129114	-250.046248	-0.057712	-165.041261	
1.838000	-12.878504	-25.019015	0.129742	-250.046501	-0.049924	-165.059407	
1.839000	-12.963068	-24.897574	0.126768	-250.046755	0.024061	-165.077887	
1.840000	-12.933471	-25.083784	0.120281	-250.047013	0.008485	-165.096589	
1.841000	-12.874276	-24.962342	0.111786	-250.047273	-0.030454	-165.115366	
1.842000	-12.903874	-25.027111	0.102872	-250.047535	-0.026560	-165.134064	
1.843000	-12.975753	-24.970438	0.094686	-250.047795	0.008485	-165.152534	
1.844000	-12.912330	-24.921862	0.088298	-250.048054	0.020167	-165.170652	
1.845000	-12.861592	-24.784229	0.084588	-250.048310	0.008485	-165.188341	
1.846000	-12.954612	-24.929958	0.083927	-250.048561	0.035743	-165.205581	
1.847000	-12.958840	-24.865189	0.086280	-250.048805	0.016273	-165.222411	
1.848000	-12.908102	-24.962342	0.091128	-250.049039	-0.026560	-165.238928	
1.849000	-12.933471	-24.792325	0.097447	-250.049260	-0.069394	-165.255270	
1.850000	-12.933471	-24.986631	0.104077	-250.049467	-0.065500	-165.271598	
1.851000	-12.958840	-24.946150	0.110034	-250.049659	-0.069394	-165.288073	
1.852000	-12.912330	-24.954246	0.114686	-250.049835	-0.088864	-165.304827	
1.853000	-12.886961	-24.832805	0.117832	-250.049994	-0.077182	-165.321952	
1.854000	-12.899645	-24.727556	0.119413	-250.050138	-0.042136	-165.339487	
1.855000	-12.950384	-24.873285	0.119129	-250.050269	0.008485	-165.357421	
1.856000	-12.929243	-24.962342	0.116723	-250.050391	0.000697	-165.375680	
1.857000	-12.984209	-25.083784	0.112605	-250.050504	-0.065500	-165.394147	
1.858000	-12.954612	-24.938054	0.107811	-250.050605	-0.007091	-165.412674	
1.859000	-12.963068	-24.938054	0.103392	-250.050695	0.047425	-165.431107	
1.860000	-12.899645	-24.970438	0.100037	-250.050772	-0.007091	-165.449303	
1.861000	-12.882733	-24.889478	0.098019	-250.050838	0.027955	-165.467161	
1.862000	-12.996894	-24.962342	0.096900	-250.050891	0.027955	-165.484630	
1.863000	-12.908102	-24.857093	0.095742	-250.050930	-0.022667	-165.501712	
1.864000	-12.975753	-24.913766	0.094272	-250.050952	0.016273	-165.518468	
1.865000	-12.937699	-25.002823	0.093038	-250.050957	-0.084970	-165.535014	
1.866000	-12.874276	-25.237609	0.092484	-250.050945	-0.049924	-165.551503	
1.867000	-12.971525	-24.938054	0.092729	-250.050915	-0.038242	-165.568100	
1.868000	-12.954612	-24.929958	0.093727	-250.050870	-0.038242	-165.584961	
1.869000	-12.870048	-25.019015	0.095325	-250.050811	-0.108334	-165.602209	
1.870000	-12.925015	-24.929958	0.097637	-250.050736	0.016273	-165.619915	
1.871000	-13.001122	-24.824709	0.101185	-250.050646	-0.081076	-165.638099	
1.872000	-12.882733	-24.938054	0.106198	-250.050540	-0.030454	-165.656719	
1.873000	-12.903874	-24.889478	0.112136	-250.050418	-0.022667	-165.675679	
1.874000	-12.903874	-25.221417	0.118250	-250.050281	-0.007091	-165.694845	
1.875000	-12.963068	-24.938054	0.124219	-250.050128	0.031849	-165.714063	
1.876000	-12.963068	-24.857093	0.129986	-250.049961	0.024061	-165.733172	
1.877000	-12.891189	-25.019015	0.135525	-250.049781	0.035743	-165.752035	
1.878000	-12.891189	-25.132360	0.140901	-250.049587	0.016273	-165.770557	
1.879000	-12.988438	-24.808517	0.146033	-250.049380	0.008485	-165.788698	
1.880000	-12.946156	-24.832805	0.150533	-250.049159	-0.042136	-165.806474	
1.881000	-12.874276	-24.929958	0.154180	-250.048925	-0.049924	-165.823962	
1.882000	-12.979981	-24.938054	0.156995	-250.048675	-0.014879	-165.841294	
1.883000	-12.963068	-24.946150	0.158822	-250.048409	-0.065500	-165.858631	
1.884000	-12.929243	-24.905670	0.159399	-250.048125	-0.077182	-165.876134	
1.885000	-12.886961	-24.970438	0.158590	-250.047823	-0.123910	-165.893950	
1.886000	-12.891189	-25.019015	0.156381	-250.047504	-0.084970	-165.912189	
1.887000	-12.954612	-25.059495	0.152908	-250.047168	-0.030454	-165.930909	
1.888000	-12.963068	-25.027111	0.148568	-250.046819	0.027955	-165.950108	
1.889000	-12.946156	-24.929958	0.143913	-250.046457	-0.077182	-165.969722	
1.890000	-12.798169	-25.010919	0.139360	-250.046086	0.000697	-165.989636	
1.891000	-12.971525	-24.913766	0.135210	-250.045704	0.024061	-166.009702	
1.892000	-12.954612	-24.938054	0.131932	-250.045312	-0.022667	-166.029755	
1.893000	-12.916558	-24.954246	0.130135	-250.044910	-0.061606	-166.049634	
1.894000	-12.920786	-24.938054	0.130179	-250.044498	-0.014879	-166.069207	
1.895000	-12.929243	-24.970438	0.131915	-250.044078	0.024061	-166.088391	
1.896000	-12.903874	-25.027111	0.134848	-250.043650	0.024061	-166.107159	
1.897000	-12.929243	-24.929958	0.138351	-250.043218	-0.053818	-166.125542	
1.898000	-12.886961	-25.059495	0.141822	-250.042782	-0.053818	-166.143638	
1.899000	-12.958840	-24.962342	0.144701	-250.042343	-0.104440	-166.161590	
1.900000	-12.958840	-24.848997	0.146398	-250.041900	-0.030454	-166.179558	0.000000
1.901000	-12.895417	-24.946150	0.146642	-250.041453	-0.057712	-166.197706	
1.902000	-12.903874	-24.954246	0.145619	-250.041004	-0.104440	-166.216171	
1.903000	-12.933471	-24.889478	0.143458	-250.040554	-0.030454	-166.235047	
1.904000	-12.929243	-24.978535	0.140260	-250.040105	-0.030454	-166.254370	
1.905000	-12.950384	-24.848997	0.136364	-250.039659	-0.127804	-166.274117	
1.906000	-12.891189	-25.010919	0.131974	-250.039216	-0.046030	-166.294207	
1.907000	-12.950384	-25.132360	0.127117	-250.038775	0.000697	-166.314519	
1.908000	-12.925015	-24.954246	0.122017	-250.038338	-0.030454	-166.334896	
1.909000	-12.941927	-24.889478	0.117128	-250.037905	-0.022667	-166.355174	
1.910000	-12.891189	-25.043303	0.112907	-250.037477	-0.026560	-166.375210	
1.911000	-12.920786	-25.027111	0.109728	-250.037052	0.035743	-166.394898	
1.912000	-12.996894	-24.921862	0.107744	-250.036633	0.094153	-166.414184	
1.913000	-12.971525	-24.921862	0.106598	-250.036219	-0.003197	-166.433064	
1.914000	-12.937699	-24.913766	0.105828	-250.035812	-0.034348	-166.451600	
1.915000	-12.861592	-24.913766	0.105377	-250.035412	0.063001	-166.469907	
1.916000	-13.068773	-25.002823	0.105282	-250.035018	-0.018773	-166.488133	
1.917000	-12.899645	-24.946150	0.105287	-250.034630	-0.084970	-166.506437	
1.918000	-12.916558	-24.986631	0.105077	-250.034248	-0.108334	-166.524973	
1.919000	-12.946156	-24.978535	0.104643	-250.033872	-0.046030	-166.543867	
1.920000	-12.996894	-24.881382	0.104118	-250.033500	-0.038242	-166.563190	
1.921000	-12.992666	-24.946150	0.103593	-250.033134	-0.049924	-166.582957	
1.922000	-12.895417	-25.002823	0.103123	-250.032771	-0.143380	-166.603127	
1.923000	-12.933471	-24.946150	0.102546	-250.032413	-0.053818	-166.623604	
1.924000	-12.958840	-25.010919	0.101689	-250.032060	0.012379	-166.644247	
1.925000	-12.916558	-24.929958	0.100815	-250.031712	0.020167	-166.664896	
1.926000	-12.865820	-25.043303	0.100414	-250.031371	-0.034348	-166.685386	
1.927000	-12.979981	-24.905670	0.100751	-250.031036	0.031849	-166.705581	
1.928000	-12.967297	-24.784229	0.101722	-250.030709	0.024061	-166.725385	
1.929000	-12.929243	-24.832805	0.102994	-250.030389	-0.010985	-166.744752	
1.930000	-12.988438	-24.970438	0.104246	-250.030079	-0.014879	-166.763695	
1.931000	-12.979981	-25.035207	0.105230	-250.029780	0.008485	-166.782291	
1.932000	-12.979981	-24.759940	0.105836	-250.029496	-0.026560	-166.800664	
1.933000	-12.946156	-24.905670	0.106056	-250.029228	-0.061606	-166.818969	
1.934000	-12.925015	-25.035207	0.105915	-250.028977	-0.073288	-166.837369	
1.935000	-12.925015	-24.873285	0.105605	-250.028743	-0.038242	-166.856011	
1.936000	-13.005350	-24.857093	0.105365	-250.028527	-0.096652	-166.875004	
1.937000	-12.878504	-24.970438	0.105319	-250.028329	-0.022667	-166.894403	
1.938000	-12.950384	-24.978535	0.105622	-250.028152	-0.049924	-166.914205	
1.939000	-12.899645	-25.043303	0.106216	-250.027997	0.000697	-166.934355	
1.940000	-12.971525	-24.743748	0.106706	-250.027866	-0.069394	-166.954742	
1.941000	-12.941927	-25.010919	0.106869	-250.027759	0.008485	-166.975219	
1.942000	-12.954612	-24.986631	0.106839	-250.027677	0.012379	-166.995626	
1.943000	-12.899645	-24.962342	0.106806	-250.027616	-0.018773	-167.015810	
1.944000	-12.950384	-24.905670	0.106768	-250.027578	0.000697	-167.035642	
1.945000	-12.912330	-24.816613	0.106608	-250.027560	0.031849	-167.055039	
1.946000	-12.925015	-24.978535	0.106468	-250.027564	0.000697	-167.073966	
1.947000	-12.899645	-24.978535	0.106776	-250.027587	-0.053818	-167.092457	
1.948000	-13.009579	-24.857093	0.107759	-250.027629	-0.007091	-167.110603	
1.949000	-12.920786	-24.897574	0.109170	-250.027690	-0.053818	-167.128543	
1.950000	-12.903874	-24.938054	0.110473	-250.027771	-0.053818	-167.146434	
1.951000	-12.963068	-24.978535	0.111267	-250.027870	-0.026560	-167.164438	
1.952000	-12.979981	-24.921862	0.111617	-250.027987	-0.030454	-167.182694	
1.953000	-12.916558	-24.881382	0.111918	-250.028126	-0.092758	-167.201293	
1.954000	-12.891189	-24.873285	0.112566	-250.028287	-0.143380	-167.220271	
1.955000	-12.899645	-25.051399	0.113712	-250.028469	-0.026560	-167.239614	
1.956000	-12.992666	-24.816613	0.115076	-250.028670	-0.038242	-167.259252	
1.957000	-13.013807	-24.929958	0.116256	-250.028891	0.012379	-167.279067	
1.958000	-12.891189	-25.010919	0.117207	-250.029132	-0.010985	-167.298910	
1.959000	-12.899645	-25.002823	0.118054	-250.029398	0.000697	-167.318628	
1.960000	-13.022263	-24.929958	0.118763	-250.029686	0.101940	-167.338083	
1.961000	-12.929243	-24.929958	0.119260	-250.029999	0.004591	-167.357171	
1.962000	-12.933471	-24.865189	0.119564	-250.030334	0.012379	-167.375835	
1.963000	-12.912330	-25.002823	0.119734	-250.030692	-0.010985	-167.394072	
1.964000	-12.963068	-24.800421	0.119916	-250.031073	0.020167	-167.411939	
1.965000	-12.937699	-24.962342	0.120262	-250.031478	-0.022667	-167.429541	
1.966000	-12.967297	-24.970438	0.120654	-250.031908	0.000697	-167.447026	
1.967000	-12.912330	-25.035207	0.120791	-250.032362	-0.069394	-167.464555	
1.968000	-12.963068	-24.929958	0.120456	-250.032843	-0.065500	-167.482283	
1.969000	-12.950384	-25.035207	0.119480	-250.033348	-0.038242	-167.500332	
1.970000	-12.865820	-24.954246	0.117790	-250.033877	-0.018773	-167.518777	
1.971000	-12.908102	-25.019015	0.115501	-250.034431	-0.081076	-167.537642	
1.972000	-12.958840	-24.954246	0.112749	-250.035009	-0.057712	-167.556897	
1.973000	-12.899645	-24.994727	0.109664	-250.035610	-0.030454	-167.576453	
1.974000	-12.899645	-24.954246	0.106545	-250.036235	0.051319	-167.596179	
1.975000	-12.925015	-25.027111	0.103889	-250.036882	-0.003197	-167.615927	
1.976000	-12.946156	-25.002823	0.102179	-250.037552	0.031849	-167.635543	
1.977000	-12.937699	-24.889478	0.101592	-250.038245	0.047425	-167.654892	
1.978000	-12.941927	-24.881382	0.102006	-250.038960	-0.003197	-167.673874	
1.979000	-12.853135	-25.067591	0.103272	-250.039696	-0.049924	-167.692447	
1.980000	-12.954612	-24.994727	0.105706	-250.040453	0.027955	-167.710621	
1.981000	-12.933471	-24.938054	0.110249	-250.041229	-0.018773	-167.728465	
1.982000	-12.903874	-25.059495	0.117293	-250.042026	-0.081076	-167.746101	
1.983000	-12.861592	-25.075688	0.125876	-250.042844	-0.042136	-167.763681	
1.984000	-12.984209	-24.946150	0.134595	-250.043683	-0.026560	-167.781370	
1.985000	-12.929243	-24.978535	0.142383	-250.044543	-0.084970	-167.799318	
1.986000	-12.891189	-25.010919	0.148608	-250.045424	-0.073288	-167.817632	
1.987000	-12.891189	-25.027111	0.153274	-250.046322	-0.046030	-167.836369	
1.988000	-12.853135	-24.921862	0.157032	-250.047235	-0.182319	-167.855532	
1.989000	-12.937699	-24.929958	0.160320	-250.048160	-0.049924	-167.875064	
1.990000	-12.908102	-25.108072	0.162811	-250.049098	0.000697	-167.894854	
1.991000	-12.925015	-25.132360	0.164189	-250.050046	0.027955	-167.914759	
1.992000	-12.954612	-24.848997	0.164689	-250.051002	0.012379	-167.934618	
1.993000	-12.967297	-24.954246	0.164701	-250.051963	0.024061	-167.954276	
1.994000	-12.912330	-25.002823	0.164372	-250.052927	-0.038242	-167.973599	
1.995000	-12.929243	-25.051399	0.163642	-250.053895	0.004591	-167.992501	
1.996000	-12.971525	-24.938054	0.162915	-250.054866	-0.073288	-168.010950	
1.997000	-12.878504	-24.889478	0.163376	-250.055839	-0.018773	-168.028978	
1.998000	-12.891189	-24.994727	0.165723	-250.056815	-0.042136	-168.046674	
1.999000	-12.920786	-25.213321	0.169194	-250.057793	-0.069394	-168.064176	
2.000000	-12.933471	-24.986631	0.172382	-250.058773	-0.053818	-168.081648	0.000000
2.001000	-12.937699	-24.929958	0.174218	-250.059755	-0.049924	-168.099252	
2.002000	-12.903874	-24.978535	0.174110	-250.060738	-0.096652	-168.117128	
2.003000	-12.848907	-25.027111	0.171797	-250.061722	-0.100546	-168.135372	
2.004000	-12.946156	-24.808517	0.167648	-250.062706	-0.010985	-168.154028	
2.005000	-13.030720	-25.010919	0.162616	-250.063689	-0.026560	-168.173084	
2.006000	-12.937699	-24.978535	0.157111	-250.064670	-0.018773	-168.192468	
2.007000	-12.937699	-25.043303	0.150889	-250.065648	-0.003197	-168.212058	
2.008000	-12.950384	-24.962342	0.144117	-250.066623	0.020167	-168.231706	
2.009000	-12.933471	-24.938054	0.137361	-250.067595	0.024061	-168.251254	
2.010000	-12.920786	-24.929958	0.131038	-250.068564	-0.010985	-168.270553	
2.011000	-12.916558	-25.051399	0.125321	-250.069528	0.012379	-168.289495	
2.012000	-12.929243	-24.808517	0.120330	-250.070485	0.024061	-168.308015	
2.013000	-12.941927	-24.897574	0.116520	-250.071433	-0.018773	-168.326100	
2.014000	-12.925015	-25.010919	0.114532	-250.072373	0.008485	-168.343798	
2.015000	-12.886961	-24.986631	0.114509	-250.073303	-0.088864	-168.361216	
2.016000	-12.908102	-25.180937	0.115976	-250.074221	-0.046030	-168.378505	
2.017000	-12.975753	-24.921862	0.118234	-250.075127	-0.026560	-168.395825	
2.018000	-12.891189	-24.978535	0.120619	-250.076020	-0.069394	-168.413330	
2.019000	-12.916558	-24.848997	0.122542	-250.076899	-0.092758	-168.431149	
2.020000	-12.958840	-24.881382	0.123657	-250.077764	-0.057712	-168.449361	
2.021000	-12.950384	-24.889478	0.123888	-250.078612	-0.123910	-168.467987	
2.022000	-12.933471	-24.857093	0.123052	-250.079442	-0.038242	-168.486990	
2.023000	-12.937699	-24.946150	0.120959	-250.080253	-0.046030	-168.506274	
2.024000	-12.903874	-25.019015	0.117879	-250.081041	-0.057712	-168.525703	
2.025000	-12.971525	-24.865189	0.114439	-250.081806	0.020167	-168.545120	
2.026000	-12.963068	-24.921862	0.111311	-250.082548	-0.007091	-168.564363	
2.027000	-12.908102	-25.051399	0.108995	-250.083266	0.016273	-168.583293	
2.028000	-12.925015	-24.929958	0.107588	-250.083961	0.035743	-168.601814	
2.029000	-12.933471	-24.800421	0.107349	-250.084632	0.074683	-168.619884	
2.030000	-12.958840	-25.091880	0.109001	-250.085279	-0.088864	-168.637512	
2.031000	-12.908102	-24.970438	0.112368	-250.085901	-0.034348	-168.654769	
2.032000	-12.941927	-24.873285	0.116159	-250.086498	-0.046030	-168.671780	
2.033000	-12.950384	-24.929958	0.119299	-250.087070	-0.053818	-168.688703	
2.034000	-12.946156	-24.857093	0.121342	-250.087617	-0.077182	-168.705699	
2.035000	-12.916558	-24.938054	0.122260	-250.088139	-0.069394	-168.722918	
2.036000	-12.874276	-24.938054	0.122178	-250.088636	-0.077182	-168.740476	
2.037000	-12.958840	-25.019015	0.121204	-250.089108	0.016273	-168.758435	
2.038000	-12.946156	-24.751844	0.119609	-250.089555	-0.139486	-168.776797	
2.039000	-12.857363	-25.059495	0.117725	-250.089979	-0.057712	-168.795503	
2.040000	-12.912330	-25.019015	0.115621	-250.090379	0.027955	-168.814443	
2.041000	-12.979981	-24.848997	0.113301	-250.090755	0.035743	-168.833471	
2.042000	-12.941927	-24.929958	0.111090	-250.091106	0.004591	-168.852428	
2.043000	-12.908102	-24.929958	0.109541	-250.091434	-0.018773	-168.871155	
2.044000	-12.963068	-24.962342	0.109086	-250.091737	0.008485	-168.889518	
2.045000	-12.992666	-24.905670	0.109805	-250.092014	0.012379	-168.907431	
2.046000	-12.954612	-24.954246	0.111478	-250.092268	0.051319	-168.924859	
2.047000	-12.933471	-25.019015	0.113878	-250.092499	-0.018773	-168.941830	
2.048000	-12.878504	-25.035207	0.116891	-250.092710	-0.022667	-168.958433	
2.049000	-12.941927	-24.873285	0.120212	-250.092901	-0.007091	-168.974810	
2.050000	-12.950384	-24.889478	0.123273	-250.093075	-0.046030	-168.991119	
2.051000	-12.899645	-24.946150	0.125528	-250.093236	-0.049924	-169.007524	
2.052000	-12.916558	-25.002823	0.126544	-250.093385	-0.049924	-169.024165	
2.053000	-12.984209	-24.840901	0.126060	-250.093521	-0.046030	-169.041141	
2.054000	-12.988438	-24.832805	0.124095	-250.093646	-0.084970	-169.058493	
2.055000	-12.895417	-24.808517	0.120835	-250.093760	-0.077182	-169.076207	
2.056000	-12.903874	-24.938054	0.116607	-250.093863	-0.030454	-169.094217	
2.057000	-12.933471	-24.938054	0.111875	-250.093956	-0.018773	-169.112410	
2.058000	-12.979981	-24.938054	0.107212	-250.094038	0.012379	-169.130638	
2.059000	-12.908102	-24.954246	0.103166	-250.094108	0.000697	-169.148744	
2.060000	-12.903874	-24.994727	0.099884	-250.094166	-0.042136	-169.166585	
2.061000	-12.967297	-24.938054	0.097175	-250.094212	-0.003197	-169.184053	
2.062000	-12.933471	-24.905670	0.094940	-250.094246	-0.010985	-169.201085	
2.063000	-12.903874	-24.832805	0.093288	-250.094271	-0.014879	-169.217667	
2.064000	-12.971525	-24.946150	0.092419	-250.094286	-0.022667	-169.233848	
2.065000	-12.941927	-24.889478	0.092508	-250.094293	-0.010985	-169.249735	
2.066000	-12.984209	-24.962342	0.093572	-250.094296	-0.046030	-169.265476	
2.067000	-12.941927	-24.873285	0.095373	-250.094298	-0.065500	-169.281230	
2.068000	-12.925015	-24.946150	0.097503	-250.094299	-0.069394	-169.297152	
2.069000	-12.925015	-24.994727	0.099627	-250.094299	-0.077182	-169.313370	
2.070000	-12.971525	-24.873285	0.101667	-250.094297	-0.061606	-169.329961	
2.071000	-12.984209	-24.921862	0.103794	-250.094295	-0.049924	-169.346952	
2.072000	-12.861592	-24.938054	0.106260	-250.094293	-0.038242	-169.364312	
2.073000	-12.963068	-24.848997	0.109089	-250.094295	0.008485	-169.381957	
2.074000	-12.979981	-24.921862	0.112095	-250.094299	0.043531	-169.399761	
2.075000	-12.916558	-24.881382	0.115219	-250.094307	-0.010985	-169.417569	
2.076000	-12.933471	-24.978535	0.118481	-250.094320	-0.003197	-169.435224	
2.077000	-12.920786	-24.986631	0.121785	-250.094336	0.031849	-169.452591	
2.078000	-12.988438	-24.865189	0.124879	-250.094355	0.004591	-169.469575	
2.079000	-12.937699	-24.865189	0.127982	-250.094377	-0.049924	-169.486128	
2.080000	-12.916558	-25.091880	0.131789	-250.094401	0.051319	-169.502261	
2.081000	-12.916558	-25.035207	0.136029	-250.094426	0.027955	-169.518041	
2.082000	-13.001122	-24.808517	0.139712	-250.094451	-0.073288	-169.533592	
2.083000	-12.941927	-24.962342	0.142477	-250.094476	-0.034348	-169.549067	
2.084000	-12.895417	-24.978535	0.144300	-250.094501	-0.057712	-169.564629	
2.085000	-12.937699	-24.946150	0.145232	-250.094527	-0.018773	-169.580435	
2.086000	-13.005350	-24.905670	0.145633	-250.094553	-0.046030	-169.596601	
2.087000	-12.823538	-25.108072	0.145834	-250.094581	-0.065500	-169.613190	
2.088000	-12.912330	-24.857093	0.145896	-250.094610	-0.088864	-169.630210	
2.089000	-12.929243	-24.848997	0.145725	-250.094638	-0.010985	-169.647613	
2.090000	-12.925015	-25.083784	0.145251	-250.094668	-0.049924	-169.665296	
2.091000	-12.963068	-24.832805	0.144654	-250.094702	-0.022667	-169.683115	
2.092000	-12.895417	-24.970438	0.144283	-250.094738	-0.018773	-169.700910	
2.093000	-12.937699	-24.994727	0.144199	-250.094777	0.000697	-169.718527	
2.094000	-12.975753	-24.929958	0.144132	-250.094818	0.035743	-169.735832	
2.095000	-12.933471	-24.970438	0.143890	-250.094861	0.012379	-169.752737	
2.096000	-12.853135	-25.221417	0.143337	-250.094905	-0.061606	-169.769202	
2.097000	-12.963068	-25.027111	0.142182	-250.094949	-0.026560	-169.785251	
2.098000	-12.988438	-24.978535	0.140392	-250.094992	-0.049924	-169.800969	
2.099000	-12.874276	-24.921862	0.138349	-250.095036	-0.073288	-169.816485	
2.100000	-12.933471	-24.962342	0.136365	-250.095081	-0.034348	-169.831953	0.000000
2.101000	-12.908102	-25.043303	0.134496	-250.095128	-0.046030	-169.847537	
2.102000	-12.971525	-24.848997	0.132656	-250.095179	-0.073288	-169.863380	
2.103000	-13.018035	-24.889478	0.130686	-250.095234	-0.069394	-169.879580	
2.104000	-12.916558	-25.019015	0.128472	-250.095294	-0.096652	-169.896179	
2.105000	-12.878504	-25.067591	0.125758	-250.095356	-0.077182	-169.913165	
2.106000	-12.971525	-24.905670	0.122037	-250.095420	-0.018773	-169.930471	
2.107000	-12.941927	-24.848997	0.117278	-250.095484	0.012379	-169.947981	
2.108000	-12.908102	-24.921862	0.112306	-250.095549	0.020167	-169.965545	
2.109000	-12.933471	-25.010919	0.107939	-250.095615	0.020167	-169.983007	
2.110000	-13.013807	-25.002823	0.104409	-250.095682	-0.010985	-170.000221	
2.111000	-12.979981	-24.929958	0.101760	-250.095748	-0.026560	-170.017071	
2.112000	-12.954612	-24.768036	0.100401	-250.095817	-0.014879	-170.033488	
2.113000	-12.929243	-25.035207	0.101267	-250.095886	0.008485	-170.049456	
2.114000	-12.916558	-25.027111	0.104852	-250.095958	-0.042136	-170.065020	
2.115000	-12.992666	-25.035207	0.110501	-250.096033	-0.026560	-170.080285	
2.116000	-12.937699	-24.913766	0.117081	-250.096112	-0.077182	-170.095395	
2.117000	-12.865820	-25.002823	0.123543	-250.096195	-0.049924	-170.110511	
2.118000	-12.941927	-24.921862	0.129064	-250.096283	-0.038242	-170.125798	
2.119000	-12.975753	-25.002823	0.133231	-250.096378	-0.081076	-170.141388	
2.120000	-12.861592	-24.881382	0.136011	-250.096478	-0.073288	-170.157362	
2.121000	-12.925015	-24.865189	0.137439	-250.096584	-0.042136	-170.173750	
2.122000	-12.941927	-25.148552	0.137488	-250.096695	-0.038242	-170.190524	
2.123000	-12.954612	-24.954246	0.136332	-250.096813	-0.003197	-170.207598	
2.124000	-12.929243	-25.099976	0.134335	-250.096936	0.004591	-170.224841	
2.125000	-12.916558	-25.067591	0.131791	-250.097065	-0.003197	-170.242101	
2.126000	-12.903874	-25.035207	0.128941	-250.097197	-0.018773	-170.259226	
2.127000	-12.984209	-24.929958	0.125972	-250.097333	0.000697	-170.276078	
2.128000	-12.929243	-24.954246	0.123021	-250.097472	0.020167	-170.292558	
2.129000	-12.844679	-25.051399	0.120299	-250.097616	0.020167	-170.308616	
2.130000	-12.929243	-25.116168	0.118172	-250.097763	0.020167	-170.324261	
2.131000	-13.009579	-25.002823	0.117058	-250.097916	-0.038242	-170.339562	
2.132000	-12.954612	-24.865189	0.117014	-250.098073	-0.065500	-170.354639	
2.133000	-12.950384	-25.091880	0.117461	-250.098236	-0.049924	-170.369648	
2.134000	-12.920786	-25.067591	0.117633	-250.098405	-0.065500	-170.384759	
2.135000	-12.958840	-24.889478	0.117025	-250.098577	-0.038242	-170.400129	
2.136000	-12.963068	-24.905670	0.115402	-250.098753	-0.049924	-170.415872	
2.137000	-12.895417	-24.865189	0.112764	-250.098932	-0.030454	-170.432054	
2.138000	-12.891189	-25.075688	0.108940	-250.099114	-0.116122	-170.448683	
2.139000	-12.937699	-24.897574	0.103375	-250.099300	-0.007091	-170.465709	
2.140000	-12.925015	-24.954246	0.095966	-250.099490	-0.030454	-170.483025	
2.141000	-12.963068	-25.051399	0.087553	-250.099685	0.000697	-170.500483	
2.142000	-12.920786	-25.002823	0.079344	-250.099886	0.012379	-170.517924	
2.143000	-12.984209	-24.970438	0.072421	-250.100092	0.020167	-170.535191	
2.144000	-12.946156	-24.897574	0.067502	-250.100306	0.027955	-170.552147	
2.145000	-12.925015	-24.897574	0.064769	-250.100524	0.008485	-170.568699	
2.146000	-12.946156	-25.099976	0.064109	-250.100747	-0.018773	-170.584811	
2.147000	-12.971525	-24.865189	0.065590	-250.100973	0.008485	-170.600506	
2.148000	-12.967297	-24.881382	0.069383	-250.101201	-0.010985	-170.615866	
2.149000	-12.903874	-24.962342	0.075267	-250.101432	-0.049924	-170.631021	
2.150000	-12.912330	-24.978535	0.082556	-250.101663	-0.046030	-170.646128	
2.151000	-12.996894	-24.929958	0.090432	-250.101893	-0.042136	-170.661349	
2.152000	-12.903874	-24.929958	0.098174	-250.102120	-0.049924	-170.676826	
2.153000	-12.891189	-24.994727	0.105126	-250.102346	-0.069394	-170.692656	
2.154000	-12.878504	-25.116168	0.110881	-250.102570	-0.026560	-170.708890	
2.155000	-12.958840	-25.083784	0.115562	-250.102789	0.012379	-170.725521	
2.156000	-12.937699	-24.929958	0.119596	-250.103002	-0.030454	-170.742484	
2.157000	-12.946156	-24.792325	0.123200	-250.103208	0.008485	-170.759660	
2.158000	-12.899645	-24.986631	0.126307	-250.103407	-0.007091	-170.776898	
2.159000	-12.941927	-24.897574	0.128781	-250.103600	-0.018773	-170.794039	
2.160000	-12.984209	-24.873285	0.130354	-250.103789	0.016273	-170.810934	
2.161000	-12.903874	-24.921862	0.130664	-250.103971	-0.003197	-170.827462	
2.162000	-12.899645	-24.946150	0.129463	-250.104147	0.055213	-170.843554	
2.163000	-12.954612	-25.019015	0.126303	-250.104315	-0.034348	-170.859201	
2.164000	-12.933471	-24.946150	0.120623	-250.104471	-0.030454	-170.874450	
2.165000	-12.891189	-24.889478	0.112785	-250.104614	-0.057712	-170.889407	
2.166000	-12.886961	-24.929958	0.104013	-250.104738	-0.065500	-170.904220	
2.167000	-12.933471	-24.938054	0.095375	-250.104844	-0.042136	-170.919053	
2.168000	-12.925015	-24.897574	0.087547	-250.104930	-0.026560	-170.934066	
2.169000	-12.933471	-24.905670	0.081019	-250.104997	-0.081076	-170.949390	
2.170000	-12.895417	-25.059495	0.076220	-250.105043	-0.034348	-170.965110	
2.171000	-12.920786	-24.962342	0.073425	-250.105067	-0.096652	-170.981260	
2.172000	-12.963068	-24.848997	0.072787	-250.105069	-0.077182	-170.997818	
2.173000	-12.937699	-25.010919	0.074483	-250.105048	-0.010985	-171.014703	
2.174000	-12.878504	-24.962342	0.078398	-250.105005	-0.034348	-171.031790	
2.175000	-12.963068	-24.938054	0.084034	-250.104940	0.008485	-171.048926	
2.176000	-12.958840	-25.035207	0.090759	-250.104855	0.020167	-171.065951	
2.177000	-12.874276	-24.962342	0.097847	-250.104751	-0.018773	-171.082721	
2.178000	-12.916558	-25.010919	0.104805	-250.104626	-0.007091	-171.099141	
2.179000	-13.026491	-24.970438	0.111582	-250.104482	-0.061606	-171.115166	
2.180000	-12.954612	-24.994727	0.118246	-250.104317	-0.007091	-171.130803	
2.181000	-12.933471	-24.865189	0.124723	-250.104131	-0.018773	-171.146114	
2.182000	-12.912330	-25.043303	0.130779	-250.103925	-0.010985	-171.161215	
2.183000	-12.933471	-25.002823	0.135961	-250.103701	-0.038242	-171.176260	
2.184000	-12.996894	-24.873285	0.139610	-250.103458	-0.042136	-171.191412	
2.185000	-12.899645	-24.986631	0.141146	-250.103196	-0.100546	-171.206819	
2.186000	-12.916558	-24.913766	0.140280	-250.102915	-0.108334	-171.222596	
2.187000	-12.963068	-24.954246	0.136810	-250.102616	-0.120016	-171.238809	
2.188000	-12.870048	-24.857093	0.130595	-250.102299	-0.010985	-171.255468	
2.189000	-12.895417	-24.857093	0.122152	-250.101968	-0.088864	-171.272520	
2.190000	-12.946156	-25.002823	0.112665	-250.101623	0.012379	-171.289861	
2.191000	-12.925015	-24.970438	0.103339	-250.101266	-0.065500	-171.307349	
2.192000	-12.971525	-24.889478	0.095171	-250.100899	0.008485	-171.324823	
2.193000	-12.958840	-24.881382	0.088804	-250.100525	0.027955	-171.342123	
2.194000	-12.908102	-25.002823	0.084459	-250.100144	0.012379	-171.359114	
2.195000	-12.954612	-24.994727	0.082270	-250.099758	0.039637	-171.375703	
2.196000	-12.984209	-24.840901	0.082498	-250.099369	-0.073288	-171.391849	
2.197000	-12.933471	-24.719460	0.085271	-250.098979	-0.034348	-171.407568	
2.198000	-12.891189	-24.938054	0.090211	-250.098587	-0.073288	-171.422935	
2.199000	-12.886961	-24.962342	0.096544	-250.098193	-0.018773	-171.438085	
2.200000	-12.950384	-24.962342	0.103469	-250.097795	-0.061606	-171.453174	0.000000
2.201000	-12.912330	-24.905670	0.110323	-250.097393	-0.034348	-171.468364	
2.202000	-12.925015	-24.978535	0.116522	-250.096988	-0.077182	-171.483799	
2.203000	-12.899645	-25.059495	0.121401	-250.096580	-0.077182	-171.499580	
2.204000	-12.992666	-24.946150	0.124219	-250.096167	-0.116122	-171.515754	
2.205000	-12.941927	-24.962342	0.124300	-250.095752	0.059107	-171.532310	
2.206000	-12.891189	-25.116168	0.121388	-250.095333	-0.049924	-171.549182	
2.207000	-12.933471	-25.010919	0.116058	-250.094912	-0.065500	-171.566257	
2.208000	-13.009579	-25.043303	0.109565	-250.094490	0.020167	-171.583390	
2.209000	-12.916558	-24.978535	0.103341	-250.094068	-0.014879	-171.600423	
2.210000	-12.886961	-25.002823	0.098535	-250.093648	-0.007091	-171.617204	
2.211000	-12.984209	-24.962342	0.095655	-250.093230	-0.014879	-171.633617	
2.212000	-13.060317	-25.035207	0.095062	-250.092813	0.059107	-171.649591	
2.213000	-12.967297	-24.808517	0.097348	-250.092399	-0.112228	-171.665107	
2.214000	-12.916558	-24.929958	0.102234	-250.091987	0.004591	-171.680199	
2.215000	-12.899645	-25.099976	0.108474	-250.091580	-0.018773	-171.694969	
2.216000	-12.946156	-24.994727	0.115004	-250.091179	-0.010985	-171.709558	
2.217000	-12.988438	-24.905670	0.121055	-250.090784	-0.073288	-171.724124	
2.218000	-12.891189	-24.986631	0.126051	-250.090398	-0.057712	-171.738825	
2.219000	-12.903874	-25.010919	0.129869	-250.090023	-0.104440	-171.753789	
2.220000	-13.001122	-24.897574	0.132742	-250.089658	-0.088864	-171.769102	
2.221000	-12.950384	-25.083784	0.134740	-250.089303	-0.065500	-171.784794	
2.222000	-12.937699	-24.897574	0.135809	-250.088958	-0.061606	-171.800840	
2.223000	-12.929243	-24.913766	0.136344	-250.088622	-0.046030	-171.817165	
2.224000	-12.908102	-24.954246	0.136809	-250.088294	0.012379	-171.833649	
2.225000	-12.971525	-24.946150	0.137190	-250.087973	0.008485	-171.850141	
2.226000	-12.933471	-24.938054	0.137255	-250.087660	-0.010985	-171.866489	
2.227000	-12.916558	-25.027111	0.136717	-250.087354	-0.026560	-171.882558	
2.228000	-12.954612	-24.921862	0.135410	-250.087054	0.024061	-171.898251	
2.229000	-12.984209	-24.978535	0.133548	-250.086761	0.043531	-171.913517	
2.230000	-12.933471	-25.059495	0.131826	-250.086476	-0.018773	-171.928355	
2.231000	-12.882733	-24.994727	0.131188	-250.086200	-0.053818	-171.942827	
2.232000	-13.013807	-25.043303	0.132011	-250.085931	-0.026560	-171.957051	
2.233000	-12.912330	-25.124264	0.133768	-250.085672	-0.049924	-171.971176	
2.234000	-12.908102	-24.921862	0.135672	-250.085424	-0.046030	-171.985361	
2.235000	-12.937699	-25.002823	0.137335	-250.085190	-0.057712	-171.999759	
2.236000	-12.941927	-25.035207	0.138754	-250.084968	-0.061606	-172.014489	
2.237000	-12.979981	-25.010919	0.139861	-250.084759	-0.014879	-172.029619	
2.238000	-12.954612	-24.881382	0.140134	-250.084564	-0.081076	-172.045160	
2.239000	-12.857363	-25.051399	0.138650	-250.084382	-0.084970	-172.061067	
2.240000	-12.958840	-24.970438	0.135006	-250.084217	0.020167	-172.077244	
2.241000	-12.988438	-24.832805	0.129970	-250.084070	0.020167	-172.093555	
2.242000	-12.916558	-24.946150	0.124724	-250.083943	-0.014879	-172.109843	
2.243000	-12.886961	-24.905670	0.120037	-250.083837	0.035743	-172.125950	
2.244000	-12.984209	-24.889478	0.116253	-250.083750	0.031849	-172.141743	
2.245000	-12.992666	-24.978535	0.113463	-250.083685	0.031849	-172.157130	
2.246000	-12.925015	-25.197129	0.111879	-250.083642	0.043531	-172.172066	
2.247000	-12.933471	-24.978535	0.112069	-250.083623	-0.034348	-172.186572	
2.248000	-12.967297	-24.986631	0.114140	-250.083630	-0.018773	-172.200725	
2.249000	-12.933471	-24.962342	0.117352	-250.083665	-0.018773	-172.214656	
2.250000	-12.933471	-24.938054	0.120854	-250.083726	-0.053818	-172.228523	
2.251000	-12.899645	-25.043303	0.123938	-250.083811	-0.053818	-172.242490	
2.252000	-12.933471	-24.962342	0.125907	-250.083920	-0.057712	-172.256708	
2.253000	-12.992666	-24.905670	0.126325	-250.084051	-0.018773	-172.271282	
2.254000	-12.886961	-24.913766	0.125477	-250.084205	-0.123910	-172.286265	
2.255000	-12.815081	-24.808517	0.124160	-250.084380	-0.026560	-172.301655	
2.256000	-12.967297	-24.921862	0.122755	-250.084576	-0.014879	-172.317393	
2.257000	-12.971525	-24.848997	0.121172	-250.084794	-0.007091	-172.333365	
2.258000	-12.870048	-24.970438	0.119625	-250.085033	-0.010985	-172.349423	
2.259000	-12.929243	-24.970438	0.118511	-250.085292	-0.014879	-172.365406	
2.260000	-12.908102	-24.946150	0.117877	-250.085570	-0.026560	-172.381163	
2.261000	-12.967297	-24.929958	0.117526	-250.085866	0.039637	-172.396572	
2.262000	-12.963068	-24.816613	0.117351	-250.086179	-0.049924	-172.411554	
2.263000	-12.798169	-25.067591	0.117358	-250.086509	-0.007091	-172.426091	
2.264000	-12.937699	-24.994727	0.117426	-250.086854	0.000697	-172.440225	
2.265000	-12.988438	-24.840901	0.117440	-250.087214	-0.026560	-172.454058	
2.266000	-12.903874	-25.002823	0.117495	-250.087592	-0.003197	-172.467732	
2.267000	-12.874276	-24.970438	0.117599	-250.087985	-0.073288	-172.481411	
2.268000	-12.958840	-24.881382	0.117613	-250.088393	-0.042136	-172.495257	
2.269000	-12.967297	-24.929958	0.117521	-250.088813	-0.061606	-172.509407	
2.270000	-12.925015	-24.873285	0.117406	-250.089244	-0.046030	-172.523949	
2.271000	-12.903874	-24.946150	0.117194	-250.089685	-0.022667	-172.538918	
2.272000	-12.912330	-24.865189	0.116436	-250.090133	-0.104440	-172.554293	
2.273000	-12.967297	-24.865189	0.114503	-250.090588	-0.003197	-172.569999	
2.274000	-13.047632	-24.913766	0.111345	-250.091054	-0.014879	-172.585909	
2.275000	-12.878504	-24.978535	0.107729	-250.091531	-0.007091	-172.601874	
2.276000	-12.916558	-24.962342	0.104691	-250.092018	0.012379	-172.617738	
2.277000	-12.996894	-24.865189	0.103055	-250.092516	0.027955	-172.633363	
2.278000	-12.933471	-24.913766	0.103008	-250.093024	0.016273	-172.648646	
2.279000	-12.903874	-24.840901	0.104193	-250.093539	0.031849	-172.663531	
2.280000	-12.946156	-24.986631	0.106675	-250.094059	0.027955	-172.678019	
2.281000	-12.979981	-24.994727	0.111297	-250.094581	-0.003197	-172.692169	
2.282000	-12.903874	-25.035207	0.118332	-250.095107	-0.014879	-172.706093	
2.283000	-12.882733	-24.905670	0.126650	-250.095636	-0.022667	-172.719938	
2.284000	-12.941927	-24.946150	0.134861	-250.096167	-0.046030	-172.733868	
2.285000	-12.958840	-24.873285	0.142153	-250.096701	-0.100546	-172.748037	
2.286000	-12.958840	-24.897574	0.147979	-250.097237	-0.073288	-172.762566	
2.287000	-12.878504	-24.824709	0.151511	-250.097775	-0.069394	-172.777524	
2.288000	-12.916558	-25.221417	0.151274	-250.098314	-0.123910	-172.792921	
2.289000	-13.005350	-24.962342	0.146028	-250.098856	-0.007091	-172.808709	
2.290000	-12.916558	-24.970438	0.136231	-250.099402	-0.038242	-172.824784	
2.291000	-12.840451	-25.269993	0.123814	-250.099952	-0.018773	-172.841001	
2.292000	-12.941927	-24.986631	0.110838	-250.100506	0.012379	-172.857204	
2.293000	-12.975753	-24.962342	0.098885	-250.101063	0.016273	-172.873235	
2.294000	-12.895417	-24.905670	0.088983	-250.101623	0.039637	-172.888955	
2.295000	-12.899645	-24.889478	0.081651	-250.102186	0.000697	-172.904269	
2.296000	-12.946156	-24.978535	0.077169	-250.102753	-0.007091	-172.919136	
2.297000	-12.984209	-24.840901	0.075721	-250.103321	-0.127804	-172.933572	
2.298000	-12.941927	-24.873285	0.077218	-250.103888	-0.034348	-172.947652	
2.299000	-12.815081	-24.970438	0.081140	-250.104456	-0.042136	-172.961506	
2.300000	-12.912330	-25.035207	0.086592	-250.105025	-0.053818	-172.975293	0.000000
2.301000	-12.996894	-24.873285	0.092710	-250.105594	-0.053818	-172.989183	
2.302000	-12.903874	-25.010919	0.099107	-250.106164	-0.065500	-173.003324	
2.303000	-12.844679	-24.994727	0.105603	-250.106732	-0.100546	-173.017820	
2.304000	-12.941927	-25.156648	0.111696	-250.107297	-0.030454	-173.032727	
2.305000	-12.874276	-24.897574	0.116734	-250.107860	-0.030454	-173.048042	
2.306000	-12.899645	-25.010919	0.120383	-250.108423	-0.030454	-173.063704	
2.307000	-12.886961	-24.946150	0.122584	-250.108986	-0.007091	-173.079600	
2.308000	-12.882733	-25.027111	0.123505	-250.109548	-0.007091	-173.095583	
2.309000	-12.912330	-24.913766	0.123646	-250.110106	0.016273	-173.111494	
2.310000	-12.971525	-24.889478	0.123579	-250.110657	0.000697	-173.127174	
2.311000	-12.878504	-24.962342	0.123742	-250.111201	-0.003197	-173.142497	
2.312000	-12.933471	-24.978535	0.124594	-250.111735	-0.042136	-173.157385	
2.313000	-13.026491	-25.027111	0.126484	-250.112258	-0.030454	-173.171816	
2.314000	-12.937699	-24.970438	0.129352	-250.112771	-0.042136	-173.185826	
2.315000	-12.895417	-24.889478	0.132832	-250.113274	-0.057712	-173.199513	
2.316000	-12.984209	-24.832805	0.136470	-250.113769	-0.081076	-173.213023	
2.317000	-12.950384	-25.035207	0.139842	-250.114258	-0.057712	-173.226520	
2.318000	-12.925015	-24.946150	0.142554	-250.114741	-0.049924	-173.240161	
2.319000	-12.920786	-25.002823	0.144224	-250.115218	-0.108334	-173.254082	
2.320000	-12.920786	-25.051399	0.144601	-250.115687	-0.108334	-173.268372	
2.321000	-12.899645	-25.002823	0.143617	-250.116147	-0.018773	-173.283069	
2.322000	-12.975753	-24.913766	0.141431	-250.116597	0.012379	-173.298149	
2.323000	-12.895417	-25.059495	0.138486	-250.117037	-0.053818	-173.313535	
2.324000	-12.886961	-25.132360	0.135161	-250.117468	-0.003197	-173.329099	
2.325000	-12.992666	-24.978535	0.131605	-250.117891	-0.010985	-173.344688	
2.326000	-12.916558	-24.946150	0.128072	-250.118305	0.008485	-173.360140	
2.327000	-12.895417	-25.099976	0.125013	-250.118709	-0.018773	-173.375313	
2.328000	-12.958840	-25.043303	0.122856	-250.119104	-0.003197	-173.390105	
2.329000	-13.013807	-24.905670	0.122035	-250.119486	-0.030454	-173.404461	
2.330000	-12.929243	-24.873285	0.123151	-250.119857	-0.034348	-173.418379	
2.331000	-12.903874	-24.929958	0.126513	-250.120215	-0.034348	-173.431915	
2.332000	-12.912330	-25.116168	0.131459	-250.120557	-0.034348	-173.445184	
2.333000	-13.018035	-24.994727	0.136558	-250.120882	-0.022667	-173.458338	
2.334000	-12.954612	-24.897574	0.140485	-250.121191	-0.042136	-173.471540	
2.335000	-12.903874	-25.035207	0.142492	-250.121485	-0.053818	-173.484941	
2.336000	-12.891189	-25.010919	0.142220	-250.121763	-0.049924	-173.498661	
2.337000	-12.925015	-24.986631	0.139719	-250.122027	-0.030454	-173.512773	
2.338000	-12.920786	-25.172840	0.135506	-250.122275	0.016273	-173.527293	
2.339000	-12.908102	-25.140456	0.130052	-250.122505	-0.100546	-173.542179	
2.340000	-12.958840	-24.962342	0.123522	-250.122717	-0.077182	-173.557339	
2.341000	-12.950384	-25.156648	0.116227	-250.122910	-0.014879	-173.572640	
2.342000	-12.950384	-24.929958	0.108920	-250.123085	-0.007091	-173.587927	
2.343000	-12.941927	-24.873285	0.102395	-250.123244	-0.007091	-173.603041	
2.344000	-12.912330	-25.067591	0.097115	-250.123385	0.055213	-173.617848	
2.345000	-12.967297	-24.946150	0.093359	-250.123508	0.012379	-173.632257	
2.346000	-12.967297	-24.970438	0.091332	-250.123614	0.012379	-173.646224	
2.347000	-12.996894	-24.938054	0.091230	-250.123701	0.004591	-173.659764	
2.348000	-12.853135	-25.035207	0.093271	-250.123767	-0.038242	-173.672950	
2.349000	-13.022263	-24.776133	0.097252	-250.123811	-0.084970	-173.685913	
2.350000	-12.963068	-25.027111	0.102352	-250.123831	-0.038242	-173.698810	
2.351000	-12.920786	-24.946150	0.107717	-250.123827	-0.057712	-173.711805	
2.352000	-12.963068	-24.857093	0.112727	-250.123799	-0.061606	-173.725047	
2.353000	-12.967297	-24.962342	0.116728	-250.123745	-0.034348	-173.738645	
2.354000	-12.984209	-24.946150	0.119283	-250.123667	-0.143380	-173.752652	
2.355000	-12.954612	-25.051399	0.120331	-250.123565	-0.135592	-173.767065	
2.356000	-12.882733	-25.002823	0.119825	-250.123440	-0.053818	-173.781825	
2.357000	-13.009579	-24.978535	0.117862	-250.123291	-0.077182	-173.796823	
2.358000	-12.979981	-25.027111	0.114995	-250.123114	0.027955	-173.811911	
2.359000	-12.933471	-24.938054	0.111968	-250.122910	-0.003197	-173.826931	
2.360000	-12.916558	-25.002823	0.109292	-250.122679	0.004591	-173.841729	
2.361000	-12.979981	-24.929958	0.107088	-250.122420	0.027955	-173.856183	
2.362000	-12.967297	-25.091880	0.105259	-250.122135	0.016273	-173.870214	
2.363000	-12.996894	-24.946150	0.103807	-250.121826	-0.030454	-173.883795	
2.364000	-12.958840	-24.913766	0.102867	-250.121498	0.020167	-173.896962	
2.365000	-12.971525	-24.978535	0.102632	-250.121152	-0.038242	-173.909811	
2.366000	-12.958840	-25.124264	0.103186	-250.120790	-0.038242	-173.922479	
2.367000	-12.958840	-24.889478	0.104283	-250.120415	-0.053818	-173.935123	
2.368000	-12.920786	-25.035207	0.105505	-250.120027	-0.053818	-173.947901	
2.369000	-12.937699	-24.946150	0.106469	-250.119625	-0.049924	-173.960951	
2.370000	-13.034948	-24.962342	0.106933	-250.119211	-0.061606	-173.974365	
2.371000	-12.946156	-24.865189	0.106853	-250.118786	-0.030454	-173.988180	
2.372000	-12.937699	-24.913766	0.106186	-250.118350	-0.026560	-174.002384	
2.373000	-12.988438	-24.929958	0.104874	-250.117907	-0.034348	-174.016909	
2.374000	-12.937699	-24.978535	0.103110	-250.117457	-0.018773	-174.031635	
2.375000	-12.916558	-24.929958	0.101312	-250.117000	0.012379	-174.046409	
2.376000	-12.891189	-24.978535	0.099887	-250.116537	0.008485	-174.061078	
2.377000	-12.937699	-25.002823	0.099040	-250.116066	-0.003197	-174.075504	
2.378000	-12.967297	-24.962342	0.098765	-250.115588	-0.007091	-174.089586	
2.379000	-12.941927	-25.099976	0.098856	-250.115104	0.047425	-174.103266	
2.380000	-12.941927	-24.905670	0.099287	-250.114614	0.012379	-174.116545	
2.381000	-12.916558	-25.002823	0.100653	-250.114121	-0.007091	-174.129482	
2.382000	-12.963068	-24.848997	0.103457	-250.113624	-0.003197	-174.142190	
2.383000	-12.941927	-25.108072	0.107344	-250.113125	-0.057712	-174.154815	
2.384000	-12.891189	-24.946150	0.111541	-250.112625	-0.065500	-174.167520	
2.385000	-12.941927	-25.019015	0.115464	-250.112125	-0.038242	-174.180464	
2.386000	-12.967297	-25.019015	0.118903	-250.111626	-0.042136	-174.193770	
2.387000	-12.908102	-24.897574	0.121920	-250.111128	-0.100546	-174.207512	
2.388000	-12.929243	-25.099976	0.124522	-250.110633	-0.081076	-174.221710	
2.389000	-12.929243	-24.994727	0.126528	-250.110138	-0.030454	-174.236330	
2.390000	-12.971525	-24.848997	0.127784	-250.109644	-0.022667	-174.251278	
2.391000	-13.013807	-24.929958	0.128391	-250.109151	-0.038242	-174.266419	
2.392000	-12.882733	-25.019015	0.128688	-250.108657	-0.003197	-174.281601	
2.393000	-12.916558	-24.946150	0.129046	-250.108163	0.031849	-174.296667	
2.394000	-13.001122	-24.897574	0.129723	-250.107668	0.024061	-174.311480	
2.395000	-12.899645	-24.994727	0.130906	-250.107175	-0.038242	-174.325944	
2.396000	-12.895417	-25.156648	0.132738	-250.106685	-0.038242	-174.340016	
2.397000	-12.958840	-24.946150	0.135209	-250.106198	-0.030454	-174.353707	
2.398000	-12.996894	-24.962342	0.138132	-250.105714	0.004591	-174.367094	
2.399000	-12.979981	-24.929958	0.141217	-250.105234	-0.018773	-174.380300	
2.400000	-12.950384	-24.970438	0.144072	-250.104757	-0.073288	-174.393480	0.000000
2.401000	-12.925015	-24.970438	0.146282	-250.104280	-0.049924	-174.406801	
2.402000	-12.996894	-24.857093	0.147667	-250.103803	-0.046030	-174.420411	
2.403000	-12.958840	-24.921862	0.148321	-250.103326	-0.073288	-174.434417	
2.404000	-12.899645	-25.140456	0.148335	-250.102849	-0.123910	-174.448875	
2.405000	-12.937699	-25.156648	0.147609	-250.102373	-0.081076	-174.463783	
2.406000	-12.920786	-24.946150	0.145938	-250.101898	-0.026560	-174.479080	
2.407000	-12.925015	-24.929958	0.143236	-250.101423	-0.014879	-174.494649	
2.408000	-12.823538	-24.929958	0.139663	-250.100949	0.024061	-174.510340	
2.409000	-12.929243	-25.010919	0.135713	-250.100476	0.039637	-174.525993	
2.410000	-12.971525	-24.994727	0.132064	-250.100006	0.027955	-174.541455	
2.411000	-12.912330	-24.921862	0.129264	-250.099540	0.020167	-174.556595	
2.412000	-12.920786	-24.913766	0.127783	-250.099078	0.020167	-174.571332	
2.413000	-12.950384	-24.873285	0.127946	-250.098623	-0.049924	-174.585635	
2.414000	-12.925015	-24.905670	0.129734	-250.098173	-0.038242	-174.599532	
2.415000	-12.967297	-24.913766	0.132848	-250.097729	-0.026560	-174.613116	
2.416000	-12.861592	-24.954246	0.136776	-250.097287	-0.077182	-174.626526	
2.417000	-12.912330	-24.946150	0.140851	-250.096848	-0.100546	-174.639922	
2.418000	-12.971525	-24.938054	0.144309	-250.096409	-0.038242	-174.653471	
2.419000	-12.916558	-24.938054	0.146370	-250.095971	-0.034348	-174.667308	
2.420000	-12.870048	-24.921862	0.146474	-250.095533	-0.088864	-174.681527	
2.421000	-12.925015	-25.099976	0.144421	-250.095097	-0.026560	-174.696170	
2.422000	-12.920786	-24.938054	0.140126	-250.094664	-0.096652	-174.711222	
2.423000	-12.920786	-24.986631	0.133544	-250.094238	-0.057712	-174.726613	
2.424000	-13.005350	-24.954246	0.125173	-250.093817	0.020167	-174.742221	
2.425000	-12.916558	-25.002823	0.116237	-250.093401	-0.010985	-174.757898	
2.426000	-12.903874	-24.938054	0.108050	-250.092989	0.012379	-174.773487	
2.427000	-12.937699	-24.913766	0.101599	-250.092581	0.051319	-174.788842	
2.428000	-12.912330	-24.962342	0.097439	-250.092176	0.027955	-174.803857	
2.429000	-12.984209	-24.848997	0.095649	-250.091773	0.043531	-174.818473	
2.430000	-13.005350	-25.051399	0.095979	-250.091370	-0.034348	-174.832688	
2.431000	-12.929243	-24.994727	0.097956	-250.090968	-0.030454	-174.846558	
2.432000	-12.882733	-24.946150	0.101008	-250.090565	-0.069394	-174.860195	
2.433000	-12.912330	-24.994727	0.104646	-250.090161	-0.026560	-174.873749	
2.434000	-12.967297	-24.921862	0.108424	-250.089755	-0.038242	-174.887384	
2.435000	-12.950384	-24.881382	0.111855	-250.089346	-0.084970	-174.901256	
2.436000	-12.916558	-24.929958	0.114444	-250.088938	-0.046030	-174.915489	
2.437000	-12.912330	-25.010919	0.115882	-250.088527	-0.081076	-174.930162	
2.438000	-12.967297	-24.662787	0.116099	-250.088114	-0.057712	-174.945296	
2.439000	-13.013807	-24.881382	0.114922	-250.087698	-0.014879	-174.960854	
2.440000	-12.891189	-24.946150	0.112207	-250.087281	-0.030454	-174.976738	
2.441000	-12.874276	-25.180937	0.108442	-250.086865	-0.022667	-174.992812	
2.442000	-12.967297	-24.954246	0.104620	-250.086449	-0.014879	-175.008920	
2.443000	-12.946156	-24.946150	0.101478	-250.086033	0.035743	-175.024903	
2.444000	-12.886961	-24.954246	0.099193	-250.085617	0.039637	-175.040617	
2.445000	-12.925015	-24.938054	0.097716	-250.085201	0.000697	-175.055966	
2.446000	-12.950384	-24.897574	0.097108	-250.084786	0.074683	-175.070906	
2.447000	-12.975753	-24.857093	0.097487	-250.084374	-0.092758	-175.085451	
2.448000	-12.929243	-24.913766	0.098662	-250.083965	0.000697	-175.099671	
2.449000	-12.925015	-24.978535	0.100173	-250.083562	-0.061606	-175.113688	
2.450000	-12.941927	-24.946150	0.101596	-250.083163	-0.042136	-175.127658	
2.451000	-12.988438	-24.832805	0.102684	-250.082765	-0.042136	-175.141743	
2.452000	-12.912330	-24.921862	0.103550	-250.082369	-0.026560	-175.156091	
2.453000	-12.861592	-24.929958	0.104439	-250.081975	-0.092758	-175.170812	
2.454000	-13.005350	-25.051399	0.105209	-250.081580	-0.057712	-175.185969	
2.455000	-12.933471	-24.954246	0.105305	-250.081184	-0.046030	-175.201559	
2.456000	-12.886961	-24.929958	0.104169	-250.080789	-0.042136	-175.217522	
2.457000	-12.967297	-24.954246	0.101708	-250.080395	0.008485	-175.233746	
2.458000	-12.950384	-24.873285	0.098388	-250.080001	-0.057712	-175.250085	
2.459000	-12.941927	-24.897574	0.094927	-250.079608	-0.010985	-175.266379	
2.460000	-12.971525	-24.832805	0.091948	-250.079217	0.016273	-175.282472	
2.461000	-12.916558	-24.970438	0.089792	-250.078828	0.020167	-175.298231	
2.462000	-12.891189	-25.019015	0.088560	-250.078440	-0.018773	-175.313571	
2.463000	-13.022263	-24.905670	0.088356	-250.078054	0.016273	-175.328465	
2.464000	-12.912330	-24.929958	0.089319	-250.077671	0.024061	-175.342941	
2.465000	-12.891189	-24.929958	0.091381	-250.077289	-0.038242	-175.357092	
2.466000	-12.908102	-25.059495	0.094179	-250.076909	-0.022667	-175.371058	
2.467000	-12.988438	-24.905670	0.097169	-250.076532	-0.018773	-175.385000	
2.468000	-12.925015	-24.929958	0.099748	-250.076160	-0.049924	-175.399080	
2.469000	-12.937699	-24.938054	0.101401	-250.075796	-0.049924	-175.413439	
2.470000	-12.916558	-24.921862	0.101895	-250.075437	-0.042136	-175.428174	
2.471000	-13.056089	-24.889478	0.101055	-250.075084	-0.104440	-175.443330	
2.472000	-12.958840	-24.824709	0.098357	-250.074735	-0.061606	-175.458892	
2.473000	-12.870048	-25.035207	0.093625	-250.074391	-0.065500	-175.474792	
2.474000	-12.996894	-24.986631	0.087643	-250.074050	-0.022667	-175.490913	
2.475000	-13.022263	-24.938054	0.081626	-250.073713	0.012379	-175.507105	
2.476000	-12.916558	-24.873285	0.076519	-250.073381	0.008485	-175.523209	
2.477000	-12.878504	-25.051399	0.072769	-250.073054	0.000697	-175.539078	
2.478000	-12.971525	-24.954246	0.070797	-250.072732	0.051319	-175.554605	
2.479000	-12.941927	-24.873285	0.071151	-250.072414	-0.010985	-175.569732	
2.480000	-12.933471	-24.978535	0.074011	-250.072100	-0.003197	-175.584448	
2.481000	-12.916558	-25.059495	0.079131	-250.071789	-0.038242	-175.598803	
2.482000	-12.891189	-25.002823	0.085956	-250.071480	-0.014879	-175.612903	
2.483000	-13.009579	-24.921862	0.093647	-250.071170	0.020167	-175.626896	
2.484000	-12.975753	-24.913766	0.101256	-250.070862	-0.034348	-175.640944	
2.485000	-12.916558	-24.913766	0.107952	-250.070556	-0.069394	-175.655201	
2.486000	-12.929243	-25.019015	0.113267	-250.070254	-0.069394	-175.669796	
2.487000	-12.975753	-24.921862	0.117238	-250.069956	-0.061606	-175.684810	
2.488000	-13.005350	-24.946150	0.119876	-250.069666	-0.053818	-175.700266	
2.489000	-12.920786	-24.873285	0.120682	-250.069382	-0.053818	-175.716130	
2.490000	-12.941927	-24.840901	0.119248	-250.069105	-0.030454	-175.732314	
2.491000	-12.971525	-24.986631	0.115982	-250.068834	-0.007091	-175.748686	
2.492000	-12.908102	-24.881382	0.111874	-250.068570	-0.046030	-175.765089	
2.493000	-12.937699	-24.994727	0.107854	-250.068312	0.039637	-175.781364	
2.494000	-12.878504	-25.116168	0.104510	-250.068060	-0.018773	-175.797375	
2.495000	-12.971525	-24.978535	0.102178	-250.067812	0.016273	-175.813029	
2.496000	-12.954612	-24.857093	0.101217	-250.067568	-0.007091	-175.828280	
2.497000	-12.886961	-24.857093	0.101788	-250.067329	-0.034348	-175.843137	
2.498000	-12.954612	-25.019015	0.103244	-250.067094	-0.053818	-175.857671	
2.499000	-13.034948	-24.897574	0.104795	-250.066862	-0.022667	-175.872003	
2.500000	-12.984209	-25.059495	0.106342	-250.066635	-0.026560	-175.886287	0.000000
2.501000	-12.874276	-24.994727	0.108021	-250.066413	-0.081076	-175.900680	
2.502000	-12.929243	-24.994727	0.109932	-250.066192	-0.042136	-175.915331	
2.503000	-12.967297	-24.978535	0.112186	-250.065973	-0.073288	-175.930350	
2.504000	-12.937699	-24.857093	0.115065	-250.065756	-0.026560	-175.945797	
2.505000	-12.946156	-25.108072	0.119142	-250.065540	-0.053818	-175.961676	
2.506000	-12.899645	-25.035207	0.124462	-250.065326	-0.030454	-175.977934	
2.507000	-12.954612	-25.075688	0.130204	-250.065113	-0.022667	-175.994465	
2.508000	-13.018035	-24.986631	0.135557	-250.064902	-0.038242	-176.011122	
2.509000	-12.908102	-25.035207	0.140167	-250.064688	-0.007091	-176.027743	
2.510000	-12.903874	-24.994727	0.143969	-250.064471	-0.007091	-176.044169	
2.511000	-13.005350	-24.954246	0.147035	-250.064249	0.016273	-176.060270	
2.512000	-12.941927	-24.824709	0.149431	-250.064024	0.027955	-176.075956	
2.513000	-12.941927	-25.124264	0.151144	-250.063798	-0.010985	-176.091190	
2.514000	-12.979981	-25.059495	0.152202	-250.063570	-0.010985	-176.105997	
2.515000	-12.933471	-25.010919	0.152770	-250.063339	0.004591	-176.120466	
2.516000	-12.941927	-24.865189	0.153056	-250.063108	-0.120016	-176.134730	
2.517000	-12.925015	-25.019015	0.153135	-250.062876	-0.065500	-176.148945	
2.518000	-12.912330	-25.083784	0.152865	-250.062644	-0.042136	-176.163275	
2.519000	-12.963068	-24.962342	0.152041	-250.062411	-0.053818	-176.177858	
2.520000	-12.979981	-24.865189	0.150667	-250.062180	-0.065500	-176.192789	
2.521000	-12.848907	-25.035207	0.148707	-250.061951	-0.081076	-176.208109	
2.522000	-12.950384	-25.059495	0.145585	-250.061728	0.035743	-176.223811	
2.523000	-13.001122	-25.059495	0.140642	-250.061510	-0.069394	-176.239833	
2.524000	-12.933471	-25.002823	0.134089	-250.061299	-0.022667	-176.256062	
2.525000	-12.874276	-24.978535	0.126945	-250.061095	-0.010985	-176.272348	
2.526000	-12.946156	-24.986631	0.120330	-250.060896	0.016273	-176.288536	
2.527000	-12.950384	-24.986631	0.115000	-250.060704	0.031849	-176.304483	
2.528000	-12.975753	-24.921862	0.111220	-250.060519	-0.010985	-176.320077	
2.529000	-12.882733	-25.124264	0.109017	-250.060342	0.051319	-176.335256	
2.530000	-12.899645	-25.172840	0.108449	-250.060172	-0.030454	-176.350010	
2.531000	-12.971525	-24.881382	0.109535	-250.060008	-0.018773	-176.364389	
2.532000	-12.958840	-24.897574	0.112029	-250.059852	-0.030454	-176.378498	
2.533000	-12.903874	-24.970438	0.115365	-250.059702	-0.092758	-176.392480	
2.534000	-12.878504	-24.994727	0.118925	-250.059558	-0.065500	-176.406494	
2.535000	-13.001122	-24.994727	0.122190	-250.059422	-0.046030	-176.420695	
2.536000	-12.933471	-24.921862	0.124621	-250.059294	-0.049924	-176.435207	
2.537000	-12.848907	-24.913766	0.125844	-250.059172	-0.084970	-176.450107	
2.538000	-12.950384	-25.059495	0.125798	-250.059057	-0.084970	-176.465423	
2.539000	-13.005350	-24.832805	0.124488	-250.058951	-0.038242	-176.481133	
2.540000	-12.916558	-24.832805	0.121982	-250.058855	-0.046030	-176.497154	
2.541000	-12.878504	-24.832805	0.118626	-250.058769	0.000697	-176.513358	
2.542000	-12.916558	-25.010919	0.114982	-250.058692	0.008485	-176.529592	
2.543000	-12.933471	-24.889478	0.111601	-250.058623	0.024061	-176.545699	
2.544000	-12.958840	-24.889478	0.108758	-250.058564	0.074683	-176.561540	
2.545000	-12.882733	-24.921862	0.106434	-250.058516	0.012379	-176.577016	
2.546000	-12.886961	-24.873285	0.104923	-250.058476	-0.003197	-176.592083	
2.547000	-12.963068	-24.994727	0.105311	-250.058442	0.024061	-176.606750	
2.548000	-12.958840	-24.913766	0.108644	-250.058412	-0.018773	-176.621082	
2.549000	-12.916558	-24.824709	0.114702	-250.058385	-0.007091	-176.635196	
2.550000	-12.903874	-24.978535	0.122119	-250.058363	-0.034348	-176.649243	
2.551000	-12.937699	-24.994727	0.129457	-250.058343	-0.034348	-176.663387	
2.552000	-12.941927	-24.905670	0.135829	-250.058326	-0.069394	-176.677778	
2.553000	-12.979981	-24.889478	0.140801	-250.058311	-0.022667	-176.692527	
2.554000	-12.899645	-24.929958	0.144123	-250.058296	-0.069394	-176.707699	
2.555000	-12.908102	-25.091880	0.145636	-250.058280	-0.022667	-176.723300	
2.556000	-12.958840	-24.986631	0.145278	-250.058263	-0.007091	-176.739279	
2.557000	-12.874276	-25.051399	0.143117	-250.058244	-0.003197	-176.755528	
2.558000	-12.903874	-24.946150	0.139464	-250.058225	-0.034348	-176.771901	
2.559000	-12.988438	-24.938054	0.134883	-250.058204	0.004591	-176.788242	
2.560000	-12.903874	-24.897574	0.129888	-250.058181	0.012379	-176.804393	
2.561000	-12.895417	-24.873285	0.124774	-250.058157	0.031849	-176.820218	
2.562000	-12.933471	-24.946150	0.119851	-250.058130	0.027955	-176.835631	
2.563000	-12.954612	-24.913766	0.115665	-250.058098	0.027955	-176.850596	
2.564000	-12.937699	-24.751844	0.112930	-250.058062	-0.018773	-176.865139	
2.565000	-12.912330	-24.865189	0.112056	-250.058020	-0.057712	-176.879343	
2.566000	-12.870048	-25.075688	0.112724	-250.057972	0.035743	-176.893345	
2.567000	-12.941927	-24.913766	0.114098	-250.057917	-0.034348	-176.907304	
2.568000	-12.996894	-24.840901	0.115434	-250.057855	-0.057712	-176.921382	
2.569000	-12.903874	-24.889478	0.116287	-250.057785	-0.081076	-176.935721	
2.570000	-12.882733	-24.938054	0.116363	-250.057707	-0.057712	-176.950419	
2.571000	-13.030720	-24.759940	0.115642	-250.057619	-0.042136	-176.965522	
2.572000	-12.950384	-24.905670	0.114415	-250.057521	-0.049924	-176.981017	
2.573000	-12.891189	-24.897574	0.112838	-250.057415	-0.022667	-176.996831	
2.574000	-12.899645	-24.962342	0.110886	-250.057301	-0.092758	-177.012839	
2.575000	-12.925015	-24.921862	0.108793	-250.057178	0.016273	-177.028894	
2.576000	-12.967297	-24.857093	0.107223	-250.057046	-0.034348	-177.044832	
2.577000	-12.895417	-24.954246	0.106978	-250.056905	0.012379	-177.060503	
2.578000	-12.920786	-24.994727	0.108352	-250.056754	0.012379	-177.075796	
2.579000	-12.933471	-24.913766	0.111108	-250.056592	-0.077182	-177.090646	
2.580000	-13.043404	-24.970438	0.115275	-250.056419	-0.003197	-177.105045	
2.581000	-12.903874	-24.889478	0.121155	-250.056235	-0.026560	-177.119040	
2.582000	-12.895417	-24.978535	0.128475	-250.056039	-0.046030	-177.132736	
2.583000	-12.963068	-24.994727	0.136241	-250.055830	-0.049924	-177.146280	
2.584000	-12.958840	-24.913766	0.143406	-250.055611	-0.042136	-177.159834	
2.585000	-12.916558	-24.865189	0.149248	-250.055381	-0.053818	-177.173554	
2.586000	-12.929243	-24.978535	0.153258	-250.055141	-0.084970	-177.187568	
2.587000	-12.882733	-24.784229	0.155211	-250.054891	-0.053818	-177.201961	
2.588000	-12.971525	-24.824709	0.155371	-250.054631	-0.018773	-177.216765	
2.589000	-12.925015	-24.848997	0.154169	-250.054362	-0.057712	-177.231950	
2.590000	-12.865820	-24.946150	0.151640	-250.054085	-0.022667	-177.247430	
2.591000	-12.891189	-25.002823	0.147772	-250.053800	0.016273	-177.263074	
2.592000	-12.996894	-24.921862	0.143161	-250.053512	0.004591	-177.278729	
2.593000	-12.933471	-24.970438	0.138612	-250.053223	0.008485	-177.294237	
2.594000	-12.878504	-24.978535	0.134519	-250.052934	0.012379	-177.309459	
2.595000	-12.967297	-24.921862	0.131007	-250.052645	0.035743	-177.324299	
2.596000	-12.954612	-24.800421	0.128186	-250.052357	0.047425	-177.338710	
2.597000	-12.946156	-24.994727	0.126226	-250.052071	0.027955	-177.352695	
2.598000	-12.958840	-24.905670	0.125343	-250.051791	-0.018773	-177.366319	
2.599000	-12.950384	-24.946150	0.125517	-250.051516	-0.038242	-177.379702	
2.600000	-12.933471	-24.994727	0.126303	-250.051245	-0.046030	-177.392998	0.000000
2.601000	-12.967297	-24.881382	0.127170	-250.050979	-0.030454	-177.406372	
2.602000	-12.899645	-25.002823	0.127886	-250.050718	-0.057712	-177.419978	
2.603000	-12.908102	-24.970438	0.128473	-250.050462	-0.084970	-177.433933	
2.604000	-13.056089	-24.905670	0.129055	-250.050208	0.008485	-177.448306	
2.605000	-12.950384	-24.881382	0.129685	-250.049956	-0.038242	-177.463101	
2.606000	-12.831994	-25.051399	0.130123	-250.049705	-0.042136	-177.478263	
2.607000	-12.916558	-24.978535	0.130012	-250.049452	-0.010985	-177.493686	
2.608000	-12.963068	-24.921862	0.129357	-250.049199	-0.034348	-177.509223	
2.609000	-12.929243	-24.921862	0.128578	-250.048947	-0.007091	-177.524710	
2.610000	-12.925015	-25.010919	0.128179	-250.048696	0.008485	-177.539987	
2.611000	-12.929243	-25.010919	0.128491	-250.048445	0.016273	-177.554923	
2.612000	-12.903874	-24.986631	0.129494	-250.048196	0.000697	-177.569427	
2.613000	-12.882733	-25.035207	0.130673	-250.047950	0.063001	-177.583458	
2.614000	-12.844679	-25.059495	0.131287	-250.047705	0.031849	-177.597039	
2.615000	-12.937699	-24.994727	0.131156	-250.047462	-0.053818	-177.610255	
2.616000	-13.022263	-24.970438	0.130658	-250.047220	-0.010985	-177.623243	
2.617000	-12.933471	-24.978535	0.129955	-250.046980	-0.046030	-177.636159	
2.618000	-12.882733	-25.002823	0.128908	-250.046739	-0.084970	-177.649167	
2.619000	-12.946156	-25.027111	0.127369	-250.046497	-0.014879	-177.662409	
2.620000	-12.979981	-24.962342	0.125392	-250.046255	-0.053818	-177.675985	
2.621000	-12.920786	-25.027111	0.123358	-250.046013	-0.120016	-177.689938	
2.622000	-12.878504	-24.784229	0.121714	-250.045774	-0.053818	-177.704257	
2.623000	-12.925015	-24.954246	0.120631	-250.045538	-0.014879	-177.718879	
2.624000	-12.916558	-25.010919	0.120041	-250.045308	-0.053818	-177.733685	
2.625000	-12.967297	-24.962342	0.119912	-250.045083	-0.007091	-177.748524	
2.626000	-12.903874	-25.027111	0.120327	-250.044864	-0.053818	-177.763234	
2.627000	-12.925015	-25.067591	0.121386	-250.044649	0.027955	-177.777669	
2.628000	-13.009579	-24.954246	0.123268	-250.044437	0.020167	-177.791713	
2.629000	-12.870048	-24.946150	0.125914	-250.044229	-0.034348	-177.805298	
2.630000	-12.895417	-25.067591	0.128385	-250.044028	0.008485	-177.818410	
2.631000	-12.979981	-25.067591	0.129476	-250.043835	0.008485	-177.831096	
2.632000	-12.958840	-24.938054	0.128946	-250.043654	-0.003197	-177.843463	
2.633000	-12.899645	-24.881382	0.127217	-250.043487	-0.026560	-177.855655	
2.634000	-12.895417	-25.027111	0.124471	-250.043334	-0.065500	-177.867832	
2.635000	-12.946156	-25.035207	0.120834	-250.043195	-0.014879	-177.880152	
2.636000	-12.979981	-24.913766	0.116691	-250.043070	-0.038242	-177.892744	
2.637000	-12.967297	-24.978535	0.112462	-250.042961	-0.096652	-177.905689	
2.638000	-12.899645	-25.229513	0.108431	-250.042868	-0.049924	-177.919017	
2.639000	-12.941927	-25.067591	0.104545	-250.042792	-0.053818	-177.932706	
2.640000	-12.979981	-24.986631	0.100482	-250.042733	-0.034348	-177.946676	
2.641000	-12.992666	-25.002823	0.096286	-250.042693	-0.049924	-177.960802	
2.642000	-12.886961	-24.986631	0.092520	-250.042673	0.020167	-177.974930	
2.643000	-12.941927	-25.019015	0.089805	-250.042674	0.039637	-177.988904	
2.644000	-13.009579	-24.986631	0.088580	-250.042697	0.074683	-178.002590	
2.645000	-12.929243	-25.010919	0.088942	-250.042742	0.027955	-178.015892	
2.646000	-12.933471	-25.099976	0.090554	-250.042809	-0.049924	-178.028761	
2.647000	-12.941927	-24.857093	0.093084	-250.042900	-0.038242	-178.041205	
2.648000	-12.925015	-24.986631	0.096454	-250.043013	-0.007091	-178.053292	
2.649000	-13.013807	-24.929958	0.100419	-250.043150	-0.061606	-178.065140	
2.650000	-12.950384	-25.124264	0.104402	-250.043313	-0.049924	-178.076900	
2.651000	-12.929243	-24.986631	0.107880	-250.043501	-0.049924	-178.088735	
2.652000	-13.001122	-24.954246	0.110590	-250.043715	-0.046030	-178.100801	
2.653000	-12.929243	-24.962342	0.112302	-250.043954	-0.026560	-178.113211	
2.654000	-12.925015	-25.059495	0.112595	-250.044219	-0.073288	-178.126028	
2.655000	-12.857363	-24.938054	0.111020	-250.044506	-0.073288	-178.139259	
2.656000	-12.925015	-25.019015	0.107443	-250.044815	-0.034348	-178.152859	
2.657000	-12.916558	-24.954246	0.102219	-250.045143	-0.030454	-178.166723	
2.658000	-12.920786	-24.970438	0.096142	-250.045487	-0.018773	-178.180712	
2.659000	-12.933471	-25.010919	0.090229	-250.045847	-0.003197	-178.194667	
2.660000	-12.933471	-24.913766	0.085362	-250.046220	0.012379	-178.208433	
2.661000	-12.979981	-24.881382	0.082069	-250.046607	0.043531	-178.221874	
2.662000	-12.857363	-24.970438	0.080464	-250.047008	0.004591	-178.234901	
2.663000	-12.861592	-25.124264	0.080535	-250.047424	-0.007091	-178.247478	
2.664000	-12.937699	-25.075688	0.082495	-250.047855	0.000697	-178.259629	
2.665000	-12.979981	-24.921862	0.086368	-250.048300	-0.034348	-178.271437	
2.666000	-12.912330	-24.954246	0.091544	-250.048757	-0.069394	-178.283038	
2.667000	-12.954612	-24.970438	0.097038	-250.049225	-0.081076	-178.294592	
2.668000	-12.984209	-24.929958	0.101975	-250.049703	-0.057712	-178.306267	
2.669000	-12.937699	-24.970438	0.105891	-250.050190	-0.042136	-178.318207	
2.670000	-12.912330	-24.889478	0.108664	-250.050688	-0.073288	-178.330511	
2.671000	-12.903874	-24.978535	0.110163	-250.051196	-0.069394	-178.343231	
2.672000	-12.941927	-24.921862	0.110033	-250.051714	-0.042136	-178.356360	
2.673000	-12.920786	-24.873285	0.108089	-250.052244	-0.030454	-178.369834	
2.674000	-12.937699	-24.938054	0.104759	-250.052788	-0.007091	-178.383539	
2.675000	-12.920786	-24.986631	0.100946	-250.053342	-0.022667	-178.397327	
2.676000	-13.009579	-24.962342	0.097646	-250.053906	0.027955	-178.411036	
2.677000	-12.975753	-24.897574	0.095614	-250.054478	0.000697	-178.424512	
2.678000	-12.870048	-24.954246	0.095214	-250.055055	0.016273	-178.437635	
2.679000	-12.874276	-24.938054	0.096382	-250.055636	0.074683	-178.450334	
2.680000	-12.903874	-25.091880	0.098597	-250.056217	0.035743	-178.462598	
2.681000	-12.916558	-24.946150	0.101239	-250.056794	-0.014879	-178.474472	
2.682000	-12.882733	-24.978535	0.104086	-250.057365	-0.069394	-178.486058	
2.683000	-12.925015	-25.091880	0.107195	-250.057926	0.000697	-178.497500	
2.684000	-12.958840	-24.938054	0.110470	-250.058475	-0.061606	-178.508955	
2.685000	-12.946156	-24.897574	0.113575	-250.059013	-0.030454	-178.520579	
2.686000	-12.912330	-24.938054	0.115981	-250.059538	-0.073288	-178.532502	
2.687000	-12.882733	-24.905670	0.117130	-250.060050	-0.057712	-178.544811	
2.688000	-13.068773	-25.002823	0.116702	-250.060547	-0.088864	-178.557541	
2.689000	-12.979981	-24.897574	0.114305	-250.061031	-0.030454	-178.570669	
2.690000	-12.895417	-24.986631	0.109414	-250.061501	-0.030454	-178.584112	
2.691000	-12.925015	-24.986631	0.102377	-250.061958	-0.053818	-178.597743	
2.692000	-12.971525	-24.905670	0.094633	-250.062402	-0.022667	-178.611411	
2.693000	-12.912330	-24.978535	0.087754	-250.062830	0.024061	-178.624957	
2.694000	-12.929243	-24.873285	0.083019	-250.063244	0.020167	-178.638241	
2.695000	-12.933471	-24.905670	0.081273	-250.063641	0.027955	-178.651163	
2.696000	-12.975753	-24.986631	0.082574	-250.064024	0.047425	-178.663679	
2.697000	-12.929243	-24.929958	0.086340	-250.064391	-0.026560	-178.675794	
2.698000	-12.899645	-24.938054	0.091900	-250.064743	-0.049924	-178.687574	
2.699000	-12.882733	-25.002823	0.098690	-250.065080	-0.042136	-178.699140	
2.700000	-12.954612	-24.913766	0.106090	-250.065400	-0.046030	-178.710643	0.000000
2.701000	-12.963068	-24.913766	0.113366	-250.065705	-0.065500	-178.722244	
2.702000	-12.891189	-24.970438	0.120008	-250.065996	-0.096652	-178.734094	
2.703000	-12.903874	-25.002823	0.126024	-250.066271	-0.038242	-178.746312	
2.704000	-13.005350	-24.938054	0.131623	-250.066530	-0.073288	-178.758964	
2.705000	-12.937699	-24.808517	0.136519	-250.066774	-0.057712	-178.772060	
2.706000	-12.941927	-24.946150	0.139786	-250.067002	-0.084970	-178.785551	
2.707000	-12.946156	-24.954246	0.140805	-250.067216	-0.038242	-178.799331	
2.708000	-12.933471	-25.035207	0.139941	-250.067417	-0.073288	-178.813258	
2.709000	-12.979981	-24.848997	0.137983	-250.067607	-0.030454	-178.827168	
2.710000	-12.912330	-24.946150	0.135617	-250.067787	-0.034348	-178.840898	
2.711000	-12.878504	-25.059495	0.133375	-250.067957	-0.007091	-178.854311	
2.712000	-12.963068	-24.832805	0.131595	-250.068116	0.004591	-178.867314	
2.713000	-12.984209	-25.002823	0.130057	-250.068262	0.020167	-178.879867	
2.714000	-12.840451	-24.962342	0.127902	-250.068394	-0.030454	-178.891985	
2.715000	-12.886961	-25.019015	0.124642	-250.068508	-0.038242	-178.903747	
2.716000	-12.941927	-24.784229	0.120782	-250.068605	-0.026560	-178.915284	
2.717000	-12.912330	-25.019015	0.117098	-250.068684	-0.030454	-178.926753	
2.718000	-12.929243	-24.913766	0.113987	-250.068748	-0.053818	-178.938314	
2.719000	-12.920786	-24.954246	0.111405	-250.068797	-0.088864	-178.950110	
2.720000	-12.886961	-25.019015	0.109187	-250.068831	-0.069394	-178.962248	
2.721000	-13.001122	-24.857093	0.107205	-250.068853	-0.077182	-178.974778	
2.722000	-12.937699	-24.938054	0.104980	-250.068866	-0.092758	-178.987695	
2.723000	-12.882733	-25.091880	0.101837	-250.068868	-0.088864	-179.000934	
2.724000	-13.030720	-24.970438	0.097793	-250.068860	-0.038242	-179.014385	
2.725000	-13.034948	-24.946150	0.093744	-250.068841	-0.010985	-179.027900	
2.726000	-12.882733	-24.889478	0.090760	-250.068810	0.024061	-179.041320	
2.727000	-12.895417	-25.059495	0.089387	-250.068768	0.012379	-179.054494	
2.728000	-12.967297	-24.946150	0.089493	-250.068714	-0.018773	-179.067304	
2.729000	-12.937699	-24.994727	0.090763	-250.068647	0.035743	-179.079675	
2.730000	-12.920786	-24.848997	0.093071	-250.068570	-0.034348	-179.091583	
2.731000	-12.937699	-25.116168	0.096282	-250.068481	-0.030454	-179.103067	
2.732000	-12.891189	-25.067591	0.100190	-250.068383	-0.010985	-179.114227	
2.733000	-12.946156	-24.751844	0.104565	-250.068275	-0.053818	-179.125206	
2.734000	-12.950384	-24.970438	0.109037	-250.068158	-0.049924	-179.136158	
2.735000	-12.882733	-24.978535	0.113170	-250.068031	-0.034348	-179.147237	
2.736000	-12.950384	-24.905670	0.116740	-250.067895	-0.084970	-179.158576	
2.737000	-13.064545	-24.889478	0.119870	-250.067749	-0.100546	-179.170260	
2.738000	-12.908102	-24.986631	0.122876	-250.067595	-0.092758	-179.182322	
2.739000	-12.836222	-24.994727	0.126217	-250.067435	-0.057712	-179.194742	
2.740000	-12.937699	-24.881382	0.130278	-250.067269	0.008485	-179.207448	
2.741000	-12.975753	-25.067591	0.134857	-250.067100	0.004591	-179.220318	
2.742000	-12.941927	-24.929958	0.139329	-250.066930	0.012379	-179.233202	
2.743000	-12.886961	-25.019015	0.143222	-250.066758	-0.030454	-179.245943	
2.744000	-12.912330	-24.978535	0.146278	-250.066584	0.012379	-179.258408	
2.745000	-13.001122	-24.865189	0.148236	-250.066406	0.004591	-179.270498	
2.746000	-12.929243	-24.970438	0.148908	-250.066225	0.086365	-179.282160	
2.747000	-12.861592	-25.019015	0.148529	-250.066041	0.070789	-179.293394	
2.748000	-12.958840	-24.905670	0.147694	-250.065856	0.004591	-179.304259	
2.749000	-12.992666	-24.873285	0.146622	-250.065671	-0.014879	-179.314867	
2.750000	-12.878504	-25.148552	0.144869	-250.065488	-0.042136	-179.325365	
2.751000	-12.912330	-25.002823	0.141952	-250.065304	-0.069394	-179.335912	
2.752000	-12.954612	-24.978535	0.137842	-250.065119	-0.049924	-179.346661	
2.753000	-12.971525	-24.938054	0.132941	-250.064931	-0.042136	-179.357731	
2.754000	-12.925015	-24.954246	0.127921	-250.064743	-0.018773	-179.369189	
2.755000	-12.912330	-24.840901	0.123193	-250.064555	-0.034348	-179.381050	
2.756000	-12.979981	-24.954246	0.118272	-250.064366	-0.026560	-179.393273	
2.757000	-12.979981	-24.824709	0.112506	-250.064176	0.008485	-179.405762	
2.758000	-12.979981	-24.881382	0.106232	-250.063987	0.012379	-179.418378	
2.759000	-12.895417	-25.019015	0.100393	-250.063799	-0.014879	-179.430967	
2.760000	-12.950384	-24.921862	0.095675	-250.063611	0.024061	-179.443371	
2.761000	-12.984209	-24.905670	0.092354	-250.063422	0.066895	-179.455456	
2.762000	-12.899645	-24.808517	0.090524	-250.063234	-0.003197	-179.467123	
2.763000	-12.874276	-24.954246	0.089793	-250.063047	0.031849	-179.478333	
2.764000	-13.009579	-24.848997	0.088954	-250.062863	0.012379	-179.489105	
2.765000	-12.967297	-24.905670	0.087073	-250.062681	0.008485	-179.499518	
2.766000	-12.979981	-25.051399	0.084357	-250.062507	-0.065500	-179.509702	
2.767000	-12.937699	-24.970438	0.081440	-250.062338	-0.057712	-179.519818	
2.768000	-12.916558	-25.075688	0.078818	-250.062173	-0.038242	-179.530034	
2.769000	-13.001122	-24.962342	0.076847	-250.062013	-0.030454	-179.540499	
2.770000	-12.954612	-24.946150	0.075662	-250.061857	-0.038242	-179.551318	
2.771000	-12.925015	-25.189033	0.075205	-250.061707	-0.030454	-179.562546	
2.772000	-12.920786	-24.824709	0.075348	-250.061563	0.004591	-179.574181	
2.773000	-12.958840	-24.889478	0.075930	-250.061424	0.020167	-179.586163	
2.774000	-12.878504	-24.954246	0.076825	-250.061292	-0.018773	-179.598379	
2.775000	-12.865820	-24.978535	0.078099	-250.061169	0.008485	-179.610682	
2.776000	-12.992666	-24.929958	0.079939	-250.061056	0.004591	-179.622914	
2.777000	-12.908102	-24.978535	0.082392	-250.060954	0.031849	-179.634922	
2.778000	-12.954612	-24.873285	0.085536	-250.060863	0.027955	-179.646584	
2.779000	-12.933471	-24.970438	0.089678	-250.060784	0.000697	-179.657822	
2.780000	-12.908102	-25.027111	0.095125	-250.060717	0.000697	-179.668614	
2.781000	-12.963068	-24.938054	0.102003	-250.060665	-0.007091	-179.678996	
2.782000	-12.984209	-24.929958	0.110044	-250.060628	-0.053818	-179.689066	
2.783000	-12.899645	-24.994727	0.118444	-250.060607	-0.061606	-179.698964	
2.784000	-12.920786	-25.019015	0.126195	-250.060602	-0.042136	-179.708857	
2.785000	-13.013807	-24.865189	0.132592	-250.060612	-0.049924	-179.718908	
2.786000	-12.903874	-24.938054	0.137434	-250.060638	-0.081076	-179.729254	
2.787000	-12.899645	-25.002823	0.140835	-250.060680	-0.081076	-179.739986	
2.788000	-12.933471	-25.043303	0.142636	-250.060739	-0.081076	-179.751142	
2.789000	-12.988438	-24.929958	0.142023	-250.060815	-0.084970	-179.762704	
2.790000	-12.903874	-25.043303	0.138322	-250.060904	-0.010985	-179.774596	
2.791000	-12.831994	-24.913766	0.131922	-250.061008	-0.057712	-179.786696	
2.792000	-12.929243	-25.027111	0.124040	-250.061125	-0.010985	-179.798857	
2.793000	-12.958840	-24.929958	0.116002	-250.061257	0.004591	-179.810921	
2.794000	-12.963068	-24.889478	0.108755	-250.061404	-0.014879	-179.822747	
2.795000	-12.912330	-25.059495	0.102768	-250.061566	-0.003197	-179.834232	
2.796000	-12.992666	-25.083784	0.098306	-250.061742	-0.049924	-179.845324	
2.797000	-13.056089	-24.962342	0.095437	-250.061935	0.000697	-179.856025	
2.798000	-12.916558	-25.035207	0.093821	-250.062147	-0.030454	-179.866392	
2.799000	-13.013807	-25.043303	0.093099	-250.062379	-0.104440	-179.876540	
2.800000	-12.971525	-24.848997	0.093133	-250.062629	-0.026560	-179.886620	0.000000
2.801000	-12.971525	-24.929958	0.093706	-250.062895	-0.081076	-179.896793	
2.802000	-12.891189	-24.889478	0.094392	-250.063176	-0.096652	-179.907213	
2.803000	-12.912330	-24.994727	0.094763	-250.063470	-0.061606	-179.918001	
2.804000	-13.013807	-25.043303	0.094736	-250.063775	-0.092758	-179.929232	
2.805000	-12.946156	-25.075688	0.094199	-250.064088	-0.069394	-179.940921	
2.806000	-12.971525	-24.784229	0.092493	-250.064409	-0.061606	-179.953025	
2.807000	-12.895417	-25.075688	0.089262	-250.064738	-0.034348	-179.965442	
2.808000	-12.908102	-25.002823	0.085273	-250.065077	-0.014879	-179.978036	
2.809000	-12.984209	-24.978535	0.081865	-250.065424	0.012379	-179.990648	
2.810000	-12.912330	-25.010919	0.080046	-250.065780	-0.003197	-180.003116	
2.811000	-12.886961	-25.059495	0.080145	-250.066145	0.000697	-180.015299	
2.812000	-12.975753	-24.954246	0.082105	-250.066518	-0.003197	-180.027106	
2.813000	-12.933471	-24.954246	0.085835	-250.066899	0.024061	-180.038493	
2.814000	-12.908102	-25.051399	0.091364	-250.067284	-0.046030	-180.049472	
2.815000	-12.891189	-24.986631	0.098751	-250.067672	-0.042136	-180.060114	
2.816000	-12.954612	-25.075688	0.107631	-250.068057	-0.014879	-180.070548	
2.817000	-12.946156	-24.954246	0.117026	-250.068438	-0.046030	-180.080929	
2.818000	-12.963068	-24.921862	0.125926	-250.068813	-0.081076	-180.091424	
2.819000	-12.886961	-25.019015	0.133723	-250.069182	-0.092758	-180.102181	
2.820000	-12.937699	-24.970438	0.139907	-250.069543	-0.069394	-180.113311	
2.821000	-12.992666	-24.986631	0.144101	-250.069898	-0.131698	-180.124871	
2.822000	-12.933471	-25.035207	0.146235	-250.070247	-0.096652	-180.136857	
2.823000	-12.806625	-25.010919	0.146166	-250.070588	-0.081076	-180.149207	
2.824000	-12.933471	-24.994727	0.143944	-250.070921	-0.018773	-180.161812	
2.825000	-12.941927	-24.921862	0.140319	-250.071244	-0.022667	-180.174526	
2.826000	-12.920786	-24.946150	0.136198	-250.071559	0.031849	-180.187190	
2.827000	-12.950384	-24.986631	0.132075	-250.071864	-0.007091	-180.199651	
2.828000	-12.916558	-25.002823	0.128171	-250.072161	-0.018773	-180.211782	
2.829000	-12.946156	-25.019015	0.124807	-250.072449	-0.007091	-180.223502	
2.830000	-12.996894	-24.986631	0.122157	-250.072728	-0.003197	-180.234782	
2.831000	-12.857363	-25.067591	0.119735	-250.072997	-0.038242	-180.245654	
2.832000	-12.946156	-24.986631	0.117030	-250.073255	-0.069394	-180.256214	
2.833000	-12.979981	-24.881382	0.114153	-250.073503	-0.014879	-180.266597	
2.834000	-12.878504	-24.986631	0.111351	-250.073741	-0.042136	-180.276966	
2.835000	-12.908102	-24.994727	0.108836	-250.073970	-0.084970	-180.287483	
2.836000	-12.971525	-24.921862	0.107017	-250.074189	-0.092758	-180.298290	
2.837000	-12.916558	-24.962342	0.106240	-250.074398	-0.049924	-180.309479	
2.838000	-12.912330	-24.889478	0.106449	-250.074600	-0.100546	-180.321087	
2.839000	-12.891189	-24.743748	0.107336	-250.074793	-0.092758	-180.333095	
2.840000	-12.937699	-25.002823	0.108525	-250.074980	-0.034348	-180.345429	
2.841000	-12.946156	-24.970438	0.109689	-250.075160	-0.018773	-180.357963	
2.842000	-12.899645	-24.921862	0.110781	-250.075335	0.004591	-180.370540	
2.843000	-12.882733	-25.043303	0.111901	-250.075505	0.012379	-180.382998	
2.844000	-12.941927	-24.913766	0.112871	-250.075669	0.016273	-180.395196	
2.845000	-12.971525	-24.881382	0.113225	-250.075827	0.008485	-180.407028	
2.846000	-12.933471	-25.108072	0.112893	-250.075979	0.008485	-180.418438	
2.847000	-12.950384	-24.889478	0.112529	-250.076123	0.035743	-180.429421	
2.848000	-12.988438	-24.921862	0.112841	-250.076257	-0.046030	-180.440035	
2.849000	-12.996894	-25.083784	0.113944	-250.076379	-0.007091	-180.450393	
2.850000	-12.861592	-24.978535	0.115324	-250.076490	-0.061606	-180.460641	
2.851000	-12.929243	-25.019015	0.116316	-250.076589	-0.026560	-180.470946	
2.852000	-12.963068	-24.962342	0.116676	-250.076680	-0.069394	-180.481466	
2.853000	-12.925015	-24.994727	0.116534	-250.076762	-0.057712	-180.492322	
2.854000	-12.946156	-24.929958	0.115854	-250.076835	-0.100546	-180.503586	
2.855000	-13.005350	-25.051399	0.114444	-250.076898	-0.018773	-180.515277	
2.856000	-12.967297	-24.865189	0.112490	-250.076949	-0.061606	-180.527356	
2.857000	-12.992666	-24.881382	0.110391	-250.076986	-0.010985	-180.539726	
2.858000	-12.848907	-25.132360	0.108346	-250.077011	-0.042136	-180.552253	
2.859000	-12.874276	-25.027111	0.106458	-250.077023	-0.014879	-180.564782	
2.860000	-13.001122	-24.946150	0.104818	-250.077020	-0.003197	-180.577159	
2.861000	-12.933471	-24.848997	0.103546	-250.077004	0.047425	-180.589249	
2.862000	-12.925015	-24.913766	0.102842	-250.076974	0.012379	-180.600955	
2.863000	-12.912330	-25.067591	0.102873	-250.076931	0.016273	-180.612237	
2.864000	-12.992666	-24.897574	0.104043	-250.076876	-0.057712	-180.623109	
2.865000	-12.933471	-24.865189	0.107253	-250.076812	-0.046030	-180.633646	
2.866000	-12.941927	-24.921862	0.112796	-250.076743	-0.038242	-180.643971	
2.867000	-12.895417	-24.994727	0.119644	-250.076668	-0.026560	-180.654237	
2.868000	-12.916558	-24.962342	0.126426	-250.076587	-0.022667	-180.664608	
2.869000	-12.971525	-24.865189	0.132246	-250.076501	-0.026560	-180.675230	
2.870000	-12.886961	-24.921862	0.136641	-250.076409	-0.084970	-180.686209	
2.871000	-12.920786	-24.832805	0.139109	-250.076309	-0.026560	-180.697598	
2.872000	-13.018035	-24.808517	0.138611	-250.076201	0.012379	-180.709398	
2.873000	-12.937699	-24.905670	0.134139	-250.076087	-0.022667	-180.721550	
2.874000	-12.874276	-25.172840	0.125950	-250.075968	-0.038242	-180.733945	
2.875000	-12.920786	-24.881382	0.115602	-250.075844	-0.010985	-180.746442	
2.876000	-12.967297	-24.938054	0.104958	-250.075716	0.004591	-180.758886	
2.877000	-12.937699	-24.873285	0.095331	-250.075581	-0.003197	-180.771124	
2.878000	-12.946156	-24.881382	0.087172	-250.075439	0.047425	-180.783028	
2.879000	-12.840451	-25.010919	0.080599	-250.075292	-0.010985	-180.794519	
2.880000	-12.861592	-24.938054	0.076107	-250.075139	-0.010985	-180.805571	
2.881000	-12.950384	-24.889478	0.074332	-250.074984	0.027955	-180.816218	
2.882000	-12.912330	-25.002823	0.075389	-250.074826	-0.010985	-180.826553	
2.883000	-12.857363	-25.083784	0.078841	-250.074668	-0.061606	-180.836714	
2.884000	-13.001122	-24.938054	0.083973	-250.074509	-0.038242	-180.846865	
2.885000	-12.941927	-24.881382	0.090049	-250.074352	-0.030454	-180.857165	
2.886000	-12.882733	-24.938054	0.096479	-250.074197	-0.081076	-180.867750	
2.887000	-12.933471	-24.929958	0.102710	-250.074044	-0.123910	-180.878713	
2.888000	-12.929243	-25.075688	0.108238	-250.073894	-0.007091	-180.890099	
2.889000	-12.920786	-24.913766	0.112778	-250.073750	-0.018773	-180.901898	
2.890000	-12.963068	-24.905670	0.116186	-250.073610	-0.034348	-180.914042	
2.891000	-12.941927	-25.164744	0.118457	-250.073472	-0.022667	-180.926417	
2.892000	-12.954612	-24.938054	0.119919	-250.073336	0.027955	-180.938875	
2.893000	-12.958840	-24.800421	0.121038	-250.073202	-0.010985	-180.951259	
2.894000	-12.929243	-24.954246	0.122111	-250.073070	0.066895	-180.963430	
2.895000	-12.895417	-24.897574	0.123218	-250.072940	0.035743	-180.975282	
2.896000	-12.912330	-24.954246	0.123933	-250.072813	0.086365	-180.986761	
2.897000	-12.946156	-24.986631	0.123425	-250.072689	-0.007091	-180.997863	
2.898000	-12.853135	-24.970438	0.121549	-250.072568	-0.046030	-181.008640	
2.899000	-12.967297	-24.994727	0.119069	-250.072451	-0.053818	-181.019205	
2.900000	-13.001122	-24.808517	0.116665	-250.072337	-0.053818	-181.029707	0.000000
2.901000	-12.971525	-24.921862	0.114603	-250.072229	-0.065500	-181.040306	
2.902000	-12.929243	-24.962342	0.112999	-250.072128	-0.077182	-181.051157	
2.903000	-12.878504	-25.035207	0.111894	-250.072035	-0.077182	-181.062380	
2.904000	-12.886961	-24.962342	0.111247	-250.071947	-0.053818	-181.074053	
2.905000	-12.967297	-24.873285	0.110890	-250.071867	-0.046030	-181.086195	
2.906000	-12.903874	-24.946150	0.110448	-250.071796	-0.034348	-181.098768	
2.907000	-12.870048	-24.970438	0.109583	-250.071732	-0.034348	-181.111677	
2.908000	-12.988438	-24.889478	0.108419	-250.071674	0.012379	-181.124791	
2.909000	-12.963068	-24.921862	0.107499	-250.071621	-0.007091	-181.137953	
2.910000	-12.925015	-24.929958	0.107347	-250.071573	-0.018773	-181.151005	
2.911000	-12.941927	-24.946150	0.108156	-250.071530	-0.007091	-181.163811	
2.912000	-12.958840	-24.994727	0.109824	-250.071490	-0.003197	-181.176279	
2.913000	-12.937699	-24.824709	0.111837	-250.071456	0.016273	-181.188360	
2.914000	-12.899645	-24.832805	0.113012	-250.071427	-0.073288	-181.200064	
2.915000	-12.937699	-25.075688	0.112323	-250.071404	0.004591	-181.211461	
2.916000	-12.916558	-25.027111	0.109896	-250.071388	-0.030454	-181.222677	
2.917000	-13.005350	-24.865189	0.106483	-250.071379	-0.042136	-181.233869	
2.918000	-12.912330	-24.986631	0.102671	-250.071377	-0.088864	-181.245200	
2.919000	-12.870048	-25.019015	0.098859	-250.071382	-0.096652	-181.256817	
2.920000	-12.954612	-25.027111	0.095370	-250.071394	-0.018773	-181.268834	
2.921000	-13.026491	-24.905670	0.092461	-250.071411	-0.084970	-181.281306	
2.922000	-12.912330	-24.832805	0.090483	-250.071434	0.012379	-181.294231	
2.923000	-12.895417	-24.929958	0.089818	-250.071459	-0.042136	-181.307548	
2.924000	-12.958840	-24.832805	0.090509	-250.071489	-0.026560	-181.321144	
2.925000	-12.988438	-25.051399	0.092390	-250.071524	-0.007091	-181.334872	
2.926000	-12.937699	-24.962342	0.095390	-250.071568	-0.022667	-181.348566	
2.927000	-12.891189	-25.002823	0.099369	-250.071622	0.016273	-181.362065	
2.928000	-12.954612	-24.929958	0.103917	-250.071684	0.020167	-181.375237	
2.929000	-12.988438	-24.881382	0.108508	-250.071756	0.063001	-181.387995	
2.930000	-12.963068	-24.848997	0.112943	-250.071836	0.039637	-181.400308	
2.931000	-12.912330	-25.019015	0.117475	-250.071925	-0.018773	-181.412208	
2.932000	-12.984209	-24.978535	0.122287	-250.072021	-0.014879	-181.423787	
2.933000	-12.941927	-24.832805	0.127032	-250.072126	-0.010985	-181.435183	
2.934000	-12.895417	-24.946150	0.131010	-250.072241	-0.061606	-181.446553	
2.935000	-12.899645	-25.002823	0.133703	-250.072365	-0.081076	-181.458057	
2.936000	-12.941927	-24.986631	0.135128	-250.072496	-0.053818	-181.469838	
2.937000	-12.954612	-24.946150	0.135630	-250.072634	-0.022667	-181.481992	
2.938000	-12.967297	-24.751844	0.135133	-250.072778	-0.049924	-181.494560	
2.939000	-12.865820	-24.824709	0.132890	-250.072926	-0.088864	-181.507528	
2.940000	-12.941927	-25.010919	0.128307	-250.073077	-0.022667	-181.520825	
2.941000	-12.937699	-24.889478	0.121664	-250.073232	0.008485	-181.534333	
2.942000	-12.929243	-25.027111	0.113926	-250.073389	0.020167	-181.547897	
2.943000	-12.882733	-25.002823	0.106266	-250.073547	0.020167	-181.561357	
2.944000	-12.937699	-24.938054	0.099672	-250.073703	0.043531	-181.574566	
2.945000	-13.001122	-24.921862	0.094703	-250.073858	0.047425	-181.587414	
2.946000	-12.903874	-24.784229	0.091470	-250.074012	0.024061	-181.599835	
2.947000	-12.958840	-25.019015	0.090033	-250.074164	-0.026560	-181.611822	
2.948000	-12.967297	-24.913766	0.090752	-250.074311	-0.038242	-181.623431	
2.949000	-12.963068	-24.840901	0.093729	-250.074454	-0.014879	-181.634775	
2.950000	-12.903874	-25.075688	0.098184	-250.074591	-0.034348	-181.646006	
2.951000	-12.903874	-24.946150	0.102897	-250.074723	-0.077182	-181.657288	
2.952000	-12.899645	-25.027111	0.106851	-250.074852	-0.022667	-181.668780	
2.953000	-12.992666	-24.873285	0.109404	-250.074978	-0.014879	-181.680612	
2.954000	-12.937699	-24.929958	0.110330	-250.075103	-0.104440	-181.692860	
2.955000	-12.916558	-24.881382	0.109746	-250.075224	-0.088864	-181.705542	
2.956000	-12.954612	-25.019015	0.107924	-250.075341	-0.018773	-181.718623	
2.957000	-12.971525	-24.905670	0.105180	-250.075452	-0.007091	-181.732012	
2.958000	-12.971525	-24.873285	0.101872	-250.075558	0.000697	-181.745575	
2.959000	-12.916558	-24.938054	0.098490	-250.075660	0.016273	-181.759155	
2.960000	-12.933471	-24.978535	0.095563	-250.075763	-0.018773	-181.772595	
2.961000	-12.933471	-24.913766	0.093248	-250.075866	0.035743	-181.785755	
2.962000	-12.925015	-24.921862	0.091330	-250.075971	0.012379	-181.798539	
2.963000	-12.882733	-24.986631	0.090007	-250.076077	-0.014879	-181.810900	
2.964000	-12.967297	-24.978535	0.089986	-250.076184	-0.088864	-181.822853	
2.965000	-12.958840	-24.848997	0.091487	-250.076289	-0.030454	-181.834471	
2.966000	-12.912330	-24.768036	0.093962	-250.076393	-0.053818	-181.845880	
2.967000	-12.891189	-25.010919	0.096597	-250.076494	-0.049924	-181.857234	
2.968000	-12.950384	-24.881382	0.098728	-250.076591	-0.010985	-181.868701	
2.969000	-13.009579	-24.865189	0.100091	-250.076684	-0.081076	-181.880433	
2.970000	-12.929243	-24.994727	0.100691	-250.076773	-0.061606	-181.892538	
2.971000	-12.958840	-24.873285	0.100623	-250.076859	-0.030454	-181.905077	
2.972000	-12.988438	-24.800421	0.099574	-250.076944	0.016273	-181.918051	
2.973000	-12.975753	-24.832805	0.096524	-250.077031	-0.010985	-181.931402	
2.974000	-12.916558	-24.954246	0.091093	-250.077121	0.039637	-181.945019	
2.975000	-12.954612	-25.172840	0.084389	-250.077213	-0.010985	-181.958756	
2.976000	-12.941927	-24.970438	0.077924	-250.077307	0.027955	-181.972454	
2.977000	-12.963068	-24.897574	0.072799	-250.077405	0.024061	-181.985954	
2.978000	-12.903874	-24.905670	0.069593	-250.077508	0.012379	-181.999124	
2.979000	-12.912330	-24.986631	0.068365	-250.077616	-0.014879	-182.011879	
2.980000	-12.984209	-24.938054	0.069099	-250.077728	0.031849	-182.024189	
2.981000	-12.975753	-24.857093	0.072006	-250.077840	0.027955	-182.036090	
2.982000	-12.916558	-24.897574	0.076978	-250.077951	-0.053818	-182.047672	
2.983000	-12.840451	-24.929958	0.083263	-250.078059	0.000697	-182.059072	
2.984000	-12.971525	-24.946150	0.089953	-250.078160	-0.046030	-182.070452	
2.985000	-12.929243	-24.921862	0.096333	-250.078254	-0.084970	-182.081971	
2.986000	-12.908102	-24.840901	0.101863	-250.078340	-0.073288	-182.093768	
2.987000	-12.891189	-25.043303	0.106281	-250.078415	-0.073288	-182.105937	
2.988000	-12.950384	-24.865189	0.109759	-250.078476	0.035743	-182.118524	
2.989000	-12.903874	-25.051399	0.112915	-250.078526	-0.049924	-182.131519	
2.990000	-12.912330	-25.019015	0.116350	-250.078565	-0.081076	-182.144854	
2.991000	-12.874276	-25.059495	0.120067	-250.078593	-0.042136	-182.158415	
2.992000	-12.984209	-24.921862	0.123707	-250.078609	0.000697	-182.172057	
2.993000	-12.954612	-24.881382	0.127201	-250.078615	-0.026560	-182.185620	
2.994000	-12.878504	-24.938054	0.130759	-250.078608	-0.030454	-182.198958	
2.995000	-12.886961	-25.010919	0.134294	-250.078589	0.020167	-182.211962	
2.996000	-13.060317	-24.776133	0.137440	-250.078559	-0.053818	-182.224569	
2.997000	-12.920786	-24.873285	0.140234	-250.078519	0.109728	-182.236772	
2.998000	-12.908102	-24.954246	0.142992	-250.078471	-0.018773	-182.248616	
2.999000	-12.929243	-24.986631	0.145694	-250.078416	-0.026560	-182.260209	
3.000000	-12.920786	-24.881382	0.148009	-250.078351	-0.108334	-182.271695	0.000000
3.001000	-12.954612	-24.938054	0.149620	-250.078276	-0.049924	-182.283237	
3.002000	-12.920786	-24.938054	0.150348	-250.078189	-0.057712	-182.294986	
3.003000	-12.865820	-25.010919	0.150233	-250.078092	-0.053818	-182.307067	
3.004000	-12.908102	-24.840901	0.149533	-250.077984	-0.073288	-182.319557	
3.005000	-12.984209	-24.921862	0.148333	-250.077865	-0.053818	-182.332480	
3.006000	-12.925015	-24.808517	0.146224	-250.077735	-0.007091	-182.345806	
3.007000	-12.971525	-25.019015	0.142854	-250.077594	-0.061606	-182.359452	
3.008000	-12.950384	-24.994727	0.138563	-250.077440	-0.049924	-182.373288	
3.009000	-12.929243	-25.019015	0.134238	-250.077275	0.000697	-182.387159	
3.010000	-12.941927	-24.913766	0.130712	-250.077097	0.012379	-182.400905	
3.011000	-12.886961	-24.978535	0.128397	-250.076906	-0.003197	-182.414391	
3.012000	-12.929243	-24.978535	0.127457	-250.076702	0.016273	-182.427521	
3.013000	-13.009579	-24.897574	0.127940	-250.076486	0.012379	-182.440246	
3.014000	-12.925015	-24.929958	0.129656	-250.076259	-0.092758	-182.452575	
3.015000	-12.865820	-25.083784	0.132323	-250.076023	-0.073288	-182.464577	
3.016000	-12.975753	-25.180937	0.135824	-250.075779	-0.007091	-182.476376	
3.017000	-13.001122	-24.946150	0.140037	-250.075528	-0.038242	-182.488124	
3.018000	-12.895417	-24.978535	0.144546	-250.075271	-0.084970	-182.499982	
3.019000	-12.903874	-24.970438	0.148922	-250.075008	-0.084970	-182.512096	
3.020000	-12.979981	-24.970438	0.153129	-250.074738	-0.069394	-182.524578	
3.021000	-12.912330	-24.921862	0.157130	-250.074462	-0.034348	-182.537487	
3.022000	-12.882733	-25.075688	0.160053	-250.074181	-0.034348	-182.550830	
3.023000	-12.950384	-25.035207	0.160489	-250.073895	-0.042136	-182.564555	
3.024000	-12.933471	-25.002823	0.157984	-250.073605	-0.022667	-182.578556	
3.025000	-13.051861	-25.027111	0.153464	-250.073312	-0.014879	-182.592683	
3.026000	-12.937699	-24.938054	0.148242	-250.073017	-0.038242	-182.606774	
3.027000	-12.891189	-25.043303	0.143336	-250.072724	-0.049924	-182.620673	
3.028000	-12.984209	-24.897574	0.139443	-250.072432	0.012379	-182.634249	
3.029000	-12.958840	-24.938054	0.136950	-250.072141	0.000697	-182.647412	
3.030000	-12.912330	-24.954246	0.135839	-250.071852	-0.014879	-182.660127	
3.031000	-12.933471	-24.986631	0.135745	-250.071566	-0.038242	-182.672417	
3.032000	-12.971525	-24.986631	0.136284	-250.071285	-0.034348	-182.684366	
3.033000	-12.941927	-25.051399	0.137196	-250.071012	-0.053818	-182.696103	
3.034000	-12.920786	-25.002823	0.138240	-250.070747	-0.065500	-182.707787	
3.035000	-12.950384	-24.978535	0.139261	-250.070489	-0.049924	-182.719577	
3.036000	-12.946156	-25.059495	0.140221	-250.070237	-0.049924	-182.731615	
3.037000	-12.929243	-24.970438	0.140933	-250.069990	-0.030454	-182.743994	
3.038000	-12.920786	-25.059495	0.141436	-250.069750	-0.010985	-182.756757	
3.039000	-12.933471	-24.800421	0.142530	-250.069516	-0.030454	-182.769894	
3.040000	-12.908102	-24.889478	0.144865	-250.069287	-0.042136	-182.783341	
3.041000	-12.967297	-24.848997	0.148053	-250.069065	-0.018773	-182.796981	
3.042000	-12.886961	-25.059495	0.151277	-250.068848	0.012379	-182.810666	
3.043000	-12.916558	-25.035207	0.154038	-250.068636	0.016273	-182.824235	
3.044000	-12.984209	-25.019015	0.156275	-250.068430	0.059107	-182.837545	
3.045000	-12.937699	-24.978535	0.158104	-250.068229	0.012379	-182.850479	
3.046000	-12.853135	-24.994727	0.159439	-250.068032	0.004591	-182.862972	
3.047000	-12.929243	-25.132360	0.160013	-250.067836	-0.069394	-182.875013	
3.048000	-12.992666	-24.824709	0.159715	-250.067640	-0.022667	-182.886651	
3.049000	-12.933471	-24.929958	0.158694	-250.067446	-0.026560	-182.897989	
3.050000	-12.895417	-24.848997	0.157014	-250.067253	-0.018773	-182.909168	
3.051000	-12.891189	-25.035207	0.154465	-250.067061	-0.069394	-182.920350	
3.052000	-12.975753	-24.962342	0.150924	-250.066872	-0.038242	-182.931688	
3.053000	-12.967297	-24.881382	0.146567	-250.066684	-0.034348	-182.943309	
3.054000	-12.929243	-25.043303	0.141719	-250.066498	-0.042136	-182.955290	
3.055000	-12.929243	-25.051399	0.136366	-250.066317	0.024061	-182.967661	
3.056000	-12.929243	-24.873285	0.129968	-250.066141	-0.026560	-182.980395	
3.057000	-12.933471	-24.929958	0.122300	-250.065971	-0.026560	-182.993406	
3.058000	-12.861592	-24.857093	0.113994	-250.065806	-0.003197	-183.006563	
3.059000	-12.925015	-24.986631	0.106065	-250.065645	0.004591	-183.019711	
3.060000	-12.979981	-24.946150	0.099326	-250.065488	0.055213	-183.032691	
3.061000	-12.979981	-24.857093	0.094044	-250.065334	0.027955	-183.045365	
3.062000	-12.912330	-24.946150	0.090048	-250.065185	0.024061	-183.057633	
3.063000	-12.848907	-25.140456	0.087354	-250.065039	-0.014879	-183.069447	
3.064000	-13.001122	-24.881382	0.086332	-250.064898	-0.010985	-183.080816	
3.065000	-13.034948	-24.857093	0.086980	-250.064759	0.008485	-183.091807	
3.066000	-12.848907	-24.970438	0.088776	-250.064620	-0.100546	-183.102541	
3.067000	-12.908102	-24.986631	0.091146	-250.064481	-0.034348	-183.113177	
3.068000	-13.009579	-24.929958	0.093542	-250.064341	-0.034348	-183.123882	
3.069000	-12.912330	-24.929958	0.095550	-250.064202	0.012379	-183.134809	
3.070000	-12.895417	-24.954246	0.096996	-250.064061	-0.042136	-183.146074	
3.071000	-12.933471	-24.929958	0.097790	-250.063919	-0.053818	-183.157743	
3.072000	-13.013807	-25.035207	0.097914	-250.063772	0.000697	-183.169822	
3.073000	-12.916558	-24.840901	0.097534	-250.063620	-0.018773	-183.182250	
3.074000	-12.920786	-24.913766	0.096886	-250.063460	-0.003197	-183.194916	
3.075000	-12.882733	-24.881382	0.096246	-250.063291	0.047425	-183.207677	
3.076000	-12.992666	-24.897574	0.096072	-250.063114	0.012379	-183.220379	
3.077000	-12.992666	-24.889478	0.096706	-250.062931	0.035743	-183.232866	
3.078000	-12.870048	-25.010919	0.098129	-250.062740	-0.010985	-183.245003	
3.079000	-12.920786	-25.027111	0.100247	-250.062543	0.016273	-183.256697	
3.080000	-13.005350	-24.857093	0.102999	-250.062340	0.016273	-183.267914	
3.081000	-12.916558	-24.913766	0.106212	-250.062132	0.000697	-183.278681	
3.082000	-12.929243	-24.857093	0.109665	-250.061921	-0.018773	-183.289083	
3.083000	-12.958840	-24.921862	0.113074	-250.061705	-0.010985	-183.299257	
3.084000	-12.963068	-24.954246	0.115981	-250.061485	-0.046030	-183.309364	
3.085000	-12.963068	-24.857093	0.118094	-250.061261	-0.065500	-183.319568	
3.086000	-12.971525	-24.848997	0.119599	-250.061033	-0.057712	-183.330015	
3.087000	-12.925015	-25.019015	0.120774	-250.060801	-0.053818	-183.340805	
3.088000	-13.030720	-24.946150	0.121462	-250.060565	-0.096652	-183.351987	
3.089000	-12.984209	-24.873285	0.120827	-250.060325	0.031849	-183.363549	
3.090000	-12.912330	-25.002823	0.117906	-250.060080	-0.077182	-183.375424	
3.091000	-12.912330	-24.816613	0.112748	-250.059828	-0.010985	-183.387498	
3.092000	-12.996894	-24.848997	0.106507	-250.059569	-0.026560	-183.399629	
3.093000	-12.941927	-24.913766	0.100509	-250.059304	-0.010985	-183.411659	
3.094000	-12.865820	-25.002823	0.095554	-250.059033	0.008485	-183.423442	
3.095000	-12.916558	-24.970438	0.091794	-250.058757	0.039637	-183.434867	
3.096000	-12.958840	-24.954246	0.088705	-250.058477	-0.026560	-183.445868	
3.097000	-12.950384	-25.140456	0.085287	-250.058196	0.008485	-183.456434	
3.098000	-12.975753	-24.938054	0.081170	-250.057913	-0.014879	-183.466608	
3.099000	-12.912330	-24.994727	0.077104	-250.057629	-0.057712	-183.476493	
3.100000	-13.068773	-24.954246	0.073866	-250.057346	-0.049924	-183.486232	0.000000
3.101000	-13.001122	-24.848997	0.071628	-250.057065	-0.038242	-183.495983	
3.102000	-12.891189	-24.946150	0.070304	-250.056789	-0.049924	-183.505901	
3.103000	-12.857363	-24.978535	0.069856	-250.056518	-0.081076	-183.516117	
3.104000	-12.967297	-25.067591	0.070350	-250.056252	-0.046030	-183.526715	
3.105000	-12.967297	-24.824709	0.071717	-250.055989	-0.030454	-183.537729	
3.106000	-12.895417	-24.938054	0.073773	-250.055731	-0.104440	-183.549133	
3.107000	-12.933471	-24.978535	0.076613	-250.055476	-0.049924	-183.560848	
3.108000	-12.984209	-25.019015	0.080456	-250.055226	-0.014879	-183.572750	
3.109000	-12.908102	-24.962342	0.085245	-250.054981	-0.003197	-183.584685	
3.110000	-12.954612	-24.921862	0.090743	-250.054744	-0.014879	-183.596497	
3.111000	-12.908102	-25.019015	0.096560	-250.054514	0.027955	-183.608051	
3.112000	-12.925015	-24.921862	0.102098	-250.054292	0.000697	-183.619252	
3.113000	-12.954612	-24.929958	0.106855	-250.054078	0.000697	-183.630052	
3.114000	-12.929243	-24.986631	0.110792	-250.053872	0.000697	-183.640455	
3.115000	-12.899645	-24.986631	0.114371	-250.053673	-0.034348	-183.650526	
3.116000	-12.963068	-24.881382	0.118038	-250.053480	-0.065500	-183.660386	
3.117000	-12.958840	-24.897574	0.121687	-250.053296	-0.057712	-183.670186	
3.118000	-12.870048	-25.019015	0.124839	-250.053121	-0.084970	-183.680087	
3.119000	-12.941927	-25.019015	0.127038	-250.052955	-0.077182	-183.690241	
3.120000	-12.967297	-24.962342	0.128122	-250.052796	-0.073288	-183.700764	
3.121000	-12.937699	-24.921862	0.128360	-250.052646	-0.100546	-183.711718	
3.122000	-12.967297	-24.978535	0.127730	-250.052506	-0.084970	-183.723110	
3.123000	-12.840451	-25.091880	0.125406	-250.052379	-0.042136	-183.734887	
3.124000	-12.941927	-24.962342	0.121020	-250.052265	-0.061606	-183.746945	
3.125000	-12.912330	-24.921862	0.115505	-250.052167	0.012379	-183.759138	
3.126000	-12.908102	-24.986631	0.110102	-250.052085	-0.018773	-183.771306	
3.127000	-12.891189	-24.938054	0.105570	-250.052017	-0.053818	-183.783292	
3.128000	-12.988438	-24.938054	0.102186	-250.051962	-0.014879	-183.794961	
3.129000	-12.908102	-24.954246	0.100038	-250.051919	0.008485	-183.806221	
3.130000	-12.908102	-25.043303	0.099574	-250.051889	-0.104440	-183.817031	
3.131000	-12.941927	-24.929958	0.101616	-250.051872	-0.007091	-183.827411	
3.132000	-12.979981	-24.954246	0.106413	-250.051867	-0.026560	-183.837443	
3.133000	-12.912330	-24.865189	0.113234	-250.051876	-0.057712	-183.847252	
3.134000	-12.933471	-24.994727	0.121001	-250.051897	-0.069394	-183.856993	
3.135000	-12.908102	-25.035207	0.128701	-250.051931	-0.053818	-183.866822	
3.136000	-12.929243	-25.010919	0.135481	-250.051975	-0.077182	-183.876879	
3.137000	-12.941927	-25.002823	0.140867	-250.052032	-0.081076	-183.887265	
3.138000	-12.878504	-25.027111	0.144757	-250.052102	-0.046030	-183.898022	
3.139000	-12.908102	-24.848997	0.147116	-250.052188	-0.104440	-183.909146	
3.140000	-12.954612	-24.986631	0.147804	-250.052291	-0.026560	-183.920576	
3.141000	-12.967297	-25.059495	0.146860	-250.052413	-0.069394	-183.932198	
3.142000	-12.925015	-24.921862	0.144734	-250.052556	-0.057712	-183.943864	
3.143000	-12.925015	-25.035207	0.142006	-250.052718	-0.018773	-183.955418	
3.144000	-12.958840	-24.938054	0.139103	-250.052897	-0.030454	-183.966714	
3.145000	-12.946156	-24.970438	0.136447	-250.053093	-0.014879	-183.977635	
3.146000	-12.958840	-24.865189	0.134470	-250.053305	0.012379	-183.988114	
3.147000	-12.844679	-25.027111	0.133508	-250.053533	-0.049924	-183.998136	
3.148000	-12.899645	-25.083784	0.133944	-250.053775	-0.007091	-184.007748	
3.149000	-12.979981	-24.832805	0.136007	-250.054031	-0.007091	-184.017053	
3.150000	-12.920786	-25.051399	0.139371	-250.054299	-0.049924	-184.026190	
3.151000	-12.899645	-25.027111	0.143254	-250.054575	-0.096652	-184.035320	
3.152000	-12.971525	-24.946150	0.146819	-250.054858	-0.084970	-184.044597	
3.153000	-12.937699	-25.010919	0.149512	-250.055146	-0.065500	-184.054150	
3.154000	-12.857363	-24.994727	0.151150	-250.055439	-0.100546	-184.064062	
3.155000	-12.903874	-25.156648	0.151694	-250.055737	-0.065500	-184.074363	
3.156000	-12.954612	-24.921862	0.151024	-250.056038	-0.057712	-184.085031	
3.157000	-12.929243	-24.913766	0.149121	-250.056347	0.016273	-184.095986	
3.158000	-12.882733	-24.800421	0.146341	-250.056664	0.020167	-184.107102	
3.159000	-12.920786	-25.035207	0.143295	-250.056990	0.000697	-184.118229	
3.160000	-12.950384	-24.938054	0.140378	-250.057324	0.031849	-184.129212	
3.161000	-12.979981	-24.889478	0.137668	-250.057668	0.055213	-184.139914	
3.162000	-12.971525	-24.929958	0.135376	-250.058022	0.000697	-184.150235	
3.163000	-12.886961	-24.986631	0.133519	-250.058385	-0.046030	-184.160126	
3.164000	-12.916558	-24.986631	0.131403	-250.058756	0.136986	-184.169592	
3.165000	-12.963068	-24.897574	0.128579	-250.059134	-0.018773	-184.178694	
3.166000	-12.831994	-24.994727	0.125331	-250.059516	-0.026560	-184.187548	
3.167000	-12.937699	-24.929958	0.121906	-250.059899	-0.010985	-184.196303	
3.168000	-12.988438	-24.970438	0.118436	-250.060283	-0.034348	-184.205125	
3.169000	-12.954612	-24.929958	0.115274	-250.060668	-0.073288	-184.214166	
3.170000	-12.899645	-24.929958	0.112789	-250.061054	-0.084970	-184.223543	
3.171000	-12.916558	-24.986631	0.111049	-250.061440	-0.007091	-184.233321	
3.172000	-12.929243	-24.986631	0.109930	-250.061825	-0.003197	-184.243510	
3.173000	-12.996894	-24.938054	0.109252	-250.062207	0.008485	-184.254059	
3.174000	-12.967297	-24.946150	0.108755	-250.062585	-0.010985	-184.264866	
3.175000	-12.891189	-24.978535	0.108315	-250.062958	0.016273	-184.275788	
3.176000	-12.975753	-24.921862	0.108122	-250.063324	0.008485	-184.286669	
3.177000	-12.971525	-24.873285	0.108440	-250.063684	0.012379	-184.297353	
3.178000	-12.912330	-25.010919	0.109366	-250.064038	0.000697	-184.307703	
3.179000	-12.912330	-25.035207	0.110945	-250.064386	0.012379	-184.317628	
3.180000	-12.975753	-25.124264	0.113064	-250.064727	0.004591	-184.327094	
3.181000	-13.030720	-24.938054	0.115215	-250.065062	-0.010985	-184.336125	
3.182000	-12.937699	-24.848997	0.116960	-250.065389	-0.018773	-184.344805	
3.183000	-12.925015	-25.108072	0.118315	-250.065710	-0.030454	-184.353268	
3.184000	-12.941927	-25.002823	0.119416	-250.066022	-0.046030	-184.361674	
3.185000	-12.984209	-24.921862	0.120278	-250.066324	-0.053818	-184.370187	
3.186000	-12.954612	-24.929958	0.120917	-250.066618	-0.073288	-184.378955	
3.187000	-12.857363	-24.921862	0.121408	-250.066901	-0.100546	-184.388085	
3.188000	-12.996894	-24.929958	0.121851	-250.067175	-0.038242	-184.397630	
3.189000	-13.013807	-25.116168	0.122544	-250.067439	0.051319	-184.407591	
3.190000	-12.878504	-25.043303	0.123948	-250.067691	-0.073288	-184.417905	
3.191000	-12.941927	-25.019015	0.126143	-250.067932	-0.038242	-184.428458	
3.192000	-12.937699	-24.784229	0.128814	-250.068162	0.047425	-184.439101	
3.193000	-12.937699	-24.994727	0.131651	-250.068382	0.031849	-184.449672	
3.194000	-12.925015	-24.897574	0.134469	-250.068594	0.004591	-184.460013	
3.195000	-12.920786	-24.938054	0.137198	-250.068798	0.031849	-184.470002	
3.196000	-12.937699	-24.889478	0.139507	-250.068995	0.008485	-184.479571	
3.197000	-12.941927	-25.019015	0.140893	-250.069184	0.039637	-184.488704	
3.198000	-12.916558	-24.889478	0.141514	-250.069363	-0.053818	-184.497448	
3.199000	-12.899645	-24.986631	0.141970	-250.069530	-0.038242	-184.505909	
3.200000	-12.975753	-24.954246	0.142408	-250.069683	-0.053818	-184.514232	0.000000
3.201000	-12.992666	-24.873285	0.142532	-250.069823	-0.065500	-184.522582	
3.202000	-12.891189	-24.873285	0.141993	-250.069952	-0.073288	-184.531117	
3.203000	-12.912330	-24.962342	0.140513	-250.070070	-0.061606	-184.539975	
3.204000	-12.933471	-24.921862	0.138065	-250.070178	-0.022667	-184.549247	
3.205000	-13.005350	-24.994727	0.134867	-250.070276	-0.049924	-184.558974	
3.206000	-12.925015	-24.970438	0.130961	-250.070367	-0.077182	-184.569136	
3.207000	-12.916558	-24.954246	0.126157	-250.070453	-0.007091	-184.579653	
3.208000	-12.908102	-25.051399	0.120641	-250.070534	0.000697	-184.590401	
3.209000	-12.967297	-25.002823	0.115210	-250.070615	-0.014879	-184.601230	
3.210000	-12.946156	-24.946150	0.110681	-250.070698	-0.018773	-184.611982	
3.211000	-12.870048	-24.978535	0.107315	-250.070785	0.078577	-184.622514	
3.212000	-12.886961	-24.986631	0.104986	-250.070877	0.012379	-184.632727	
3.213000	-12.984209	-24.970438	0.103563	-250.070975	-0.007091	-184.642569	
3.214000	-12.925015	-25.027111	0.102979	-250.071080	-0.003197	-184.652041	
3.215000	-12.870048	-24.954246	0.103286	-250.071191	-0.065500	-184.661204	
3.216000	-12.929243	-25.002823	0.104545	-250.071309	-0.026560	-184.670178	
3.217000	-12.950384	-24.873285	0.106521	-250.071433	-0.061606	-184.679114	
3.218000	-12.954612	-24.881382	0.108723	-250.071565	-0.065500	-184.688174	
3.219000	-12.937699	-24.938054	0.110694	-250.071705	-0.081076	-184.697511	
3.220000	-12.933471	-24.946150	0.112187	-250.071853	-0.084970	-184.707246	
3.221000	-13.039176	-24.857093	0.113135	-250.072008	-0.042136	-184.717448	
3.222000	-12.920786	-24.962342	0.113734	-250.072171	0.024061	-184.728129	
3.223000	-12.870048	-24.978535	0.114503	-250.072339	-0.026560	-184.739244	
3.224000	-12.933471	-24.913766	0.115692	-250.072511	-0.042136	-184.750692	
3.225000	-12.963068	-24.994727	0.117136	-250.072686	-0.026560	-184.762333	
3.226000	-12.891189	-25.010919	0.118798	-250.072865	0.004591	-184.774002	
3.227000	-12.908102	-24.962342	0.120712	-250.073049	0.004591	-184.785539	
3.228000	-12.929243	-24.954246	0.122725	-250.073238	-0.007091	-184.796808	
3.229000	-13.005350	-24.921862	0.124697	-250.073431	0.043531	-184.807712	
3.230000	-12.929243	-24.857093	0.126509	-250.073630	-0.026560	-184.818209	
3.231000	-12.908102	-25.124264	0.128038	-250.073835	0.008485	-184.828314	
3.232000	-12.946156	-24.986631	0.129502	-250.074046	-0.026560	-184.838103	
3.233000	-13.022263	-24.962342	0.131182	-250.074263	-0.042136	-184.847703	
3.234000	-12.963068	-24.905670	0.132866	-250.074486	-0.046030	-184.857269	
3.235000	-12.874276	-24.970438	0.134068	-250.074715	-0.084970	-184.866960	
3.236000	-12.895417	-25.010919	0.134473	-250.074948	-0.061606	-184.876926	
3.237000	-12.988438	-24.857093	0.134007	-250.075185	-0.065500	-184.887270	
3.238000	-12.878504	-24.832805	0.132646	-250.075424	-0.096652	-184.898044	
3.239000	-12.903874	-24.962342	0.130222	-250.075666	-0.049924	-184.909238	
3.240000	-12.975753	-24.986631	0.126439	-250.075911	-0.042136	-184.920789	
3.241000	-12.946156	-24.978535	0.121375	-250.076159	0.035743	-184.932579	
3.242000	-12.925015	-25.124264	0.115784	-250.076410	0.004591	-184.944459	
3.243000	-12.950384	-24.897574	0.110611	-250.076663	-0.007091	-184.956268	
3.244000	-12.899645	-24.978535	0.106549	-250.076918	-0.007091	-184.967856	
3.245000	-12.950384	-24.840901	0.103955	-250.077171	0.035743	-184.979097	
3.246000	-12.996894	-24.848997	0.102876	-250.077423	0.004591	-184.989916	
3.247000	-12.798169	-24.994727	0.103139	-250.077672	0.027955	-185.000285	
3.248000	-12.967297	-25.067591	0.104429	-250.077916	-0.049924	-185.010241	
3.249000	-13.013807	-24.897574	0.106452	-250.078155	0.004591	-185.019884	
3.250000	-12.916558	-24.865189	0.108975	-250.078388	-0.034348	-185.029353	
3.251000	-12.912330	-24.970438	0.111673	-250.078615	-0.046030	-185.038811	
3.252000	-12.929243	-24.994727	0.114215	-250.078832	-0.026560	-185.048419	
3.253000	-12.963068	-24.962342	0.116507	-250.079041	-0.034348	-185.058309	
3.254000	-12.929243	-25.027111	0.118571	-250.079241	-0.092758	-185.068568	
3.255000	-12.819310	-24.865189	0.120176	-250.079432	-0.057712	-185.079230	
3.256000	-12.882733	-25.140456	0.120855	-250.079614	-0.053818	-185.090280	
3.257000	-12.979981	-24.865189	0.120323	-250.079786	-0.018773	-185.101642	
3.258000	-13.005350	-24.857093	0.118742	-250.079951	-0.003197	-185.113190	
3.259000	-12.886961	-24.978535	0.116561	-250.080109	-0.010985	-185.124769	
3.260000	-12.937699	-25.019015	0.114244	-250.080260	-0.007091	-185.136225	
3.261000	-12.975753	-24.881382	0.112146	-250.080403	0.000697	-185.147420	
3.262000	-12.916558	-24.921862	0.110454	-250.080536	0.027955	-185.158254	
3.263000	-12.874276	-24.897574	0.109194	-250.080658	-0.003197	-185.168673	
3.264000	-12.895417	-25.043303	0.108358	-250.080764	-0.026560	-185.178680	
3.265000	-12.967297	-24.824709	0.107867	-250.080854	0.016273	-185.188334	
3.266000	-12.772799	-24.905670	0.107526	-250.080928	-0.022667	-185.197748	
3.267000	-12.895417	-25.002823	0.107160	-250.080989	-0.057712	-185.207069	
3.268000	-12.886961	-24.978535	0.106636	-250.081039	-0.065500	-185.216458	
3.269000	-12.979981	-24.921862	0.105879	-250.081079	-0.073288	-185.226066	
3.270000	-12.933471	-24.962342	0.104931	-250.081108	-0.065500	-185.236009	
3.271000	-12.908102	-24.776133	0.103928	-250.081123	-0.014879	-185.246358	
3.272000	-12.853135	-24.832805	0.103306	-250.081126	-0.026560	-185.257129	
3.273000	-13.034948	-24.824709	0.103661	-250.081116	-0.081076	-185.268284	
3.274000	-12.903874	-25.043303	0.104933	-250.081095	-0.010985	-185.279728	
3.275000	-12.895417	-25.010919	0.106551	-250.081061	-0.053818	-185.291324	
3.276000	-12.963068	-24.946150	0.108295	-250.081013	-0.007091	-185.302918	
3.277000	-12.958840	-24.986631	0.110183	-250.080947	0.020167	-185.314352	
3.278000	-12.929243	-24.889478	0.112127	-250.080863	0.027955	-185.325490	
3.279000	-12.912330	-24.921862	0.113990	-250.080759	-0.038242	-185.336238	
3.280000	-12.971525	-24.970438	0.115364	-250.080637	-0.003197	-185.346555	
3.281000	-12.946156	-24.913766	0.115461	-250.080495	-0.034348	-185.356458	
3.282000	-12.963068	-24.938054	0.114035	-250.080335	0.024061	-185.366023	
3.283000	-13.005350	-25.059495	0.111685	-250.080159	-0.065500	-185.375377	
3.284000	-12.908102	-25.043303	0.108979	-250.079970	-0.061606	-185.384677	
3.285000	-12.984209	-24.962342	0.106217	-250.079769	-0.049924	-185.394086	
3.286000	-12.903874	-24.994727	0.103668	-250.079557	-0.049924	-185.403749	
3.287000	-12.886961	-25.010919	0.101525	-250.079333	-0.053818	-185.413772	
3.288000	-12.946156	-24.938054	0.099808	-250.079096	-0.049924	-185.424212	
3.289000	-12.882733	-24.946150	0.098298	-250.078848	-0.061606	-185.435066	
3.290000	-12.946156	-24.938054	0.096758	-250.078588	-0.030454	-185.446273	
3.291000	-12.929243	-25.010919	0.095271	-250.078318	-0.061606	-185.457724	
3.292000	-12.958840	-25.099976	0.094208	-250.078036	0.031849	-185.469279	
3.293000	-12.996894	-24.881382	0.093872	-250.077745	0.004591	-185.480786	
3.294000	-12.984209	-24.881382	0.094157	-250.077444	-0.007091	-185.492092	
3.295000	-12.891189	-25.043303	0.094693	-250.077135	0.012379	-185.503072	
3.296000	-12.941927	-24.962342	0.095389	-250.076816	0.027955	-185.513652	
3.297000	-13.039176	-24.784229	0.096715	-250.076488	0.043531	-185.523808	
3.298000	-12.916558	-24.986631	0.099334	-250.076154	-0.069394	-185.533575	
3.299000	-12.886961	-25.002823	0.103432	-250.075815	-0.057712	-185.543047	
3.300000	-13.018035	-25.043303	0.108554	-250.075469	-0.042136	-185.552362	0.000000
3.301000	-12.967297	-24.954246	0.113975	-250.075118	-0.053818	-185.561680	
3.302000	-12.895417	-24.881382	0.119083	-250.074760	-0.073288	-185.571161	
3.303000	-12.925015	-24.954246	0.123480	-250.074395	-0.061606	-185.580941	
3.304000	-12.891189	-24.938054	0.126996	-250.074025	-0.034348	-185.591111	
3.305000	-12.908102	-24.994727	0.129622	-250.073650	-0.049924	-185.601706	
3.306000	-12.950384	-24.962342	0.131166	-250.073272	-0.084970	-185.612706	
3.307000	-12.895417	-25.027111	0.131229	-250.072892	-0.061606	-185.624035	
3.308000	-12.992666	-25.051399	0.129818	-250.072512	0.012379	-185.635570	
3.309000	-12.992666	-24.954246	0.127649	-250.072131	0.031849	-185.647160	
3.310000	-12.903874	-24.954246	0.125602	-250.071749	-0.003197	-185.658648	
3.311000	-12.848907	-25.059495	0.124257	-250.071368	0.027955	-185.669892	
3.312000	-12.971525	-25.002823	0.124005	-250.070986	0.000697	-185.680790	
3.313000	-12.937699	-25.213321	0.124939	-250.070604	-0.003197	-185.691288	
3.314000	-12.878504	-24.735652	0.126848	-250.070222	-0.003197	-185.701379	
3.315000	-12.925015	-24.929958	0.129627	-250.069839	-0.007091	-185.711122	
3.316000	-12.925015	-25.172840	0.133123	-250.069453	-0.061606	-185.720630	
3.317000	-12.912330	-24.857093	0.136763	-250.069061	-0.034348	-185.730056	
3.318000	-12.925015	-24.929958	0.139776	-250.068664	-0.065500	-185.739562	
3.319000	-12.886961	-25.035207	0.141632	-250.068263	-0.061606	-185.749305	
3.320000	-12.929243	-24.962342	0.142218	-250.067858	-0.081076	-185.759408	
3.321000	-13.009579	-25.002823	0.141633	-250.067450	-0.018773	-185.769946	
3.322000	-12.925015	-25.091880	0.140245	-250.067040	-0.092758	-185.780936	
3.323000	-12.891189	-25.035207	0.138833	-250.066630	-0.073288	-185.792340	
3.324000	-12.963068	-25.002823	0.137947	-250.066224	-0.014879	-185.804064	
3.325000	-12.963068	-25.261897	0.137630	-250.065822	0.016273	-185.815971	
3.326000	-12.895417	-24.938054	0.137961	-250.065429	-0.038242	-185.827903	
3.327000	-12.920786	-25.010919	0.138991	-250.065046	0.020167	-185.839702	
3.328000	-12.925015	-24.986631	0.140544	-250.064674	0.004591	-185.851229	
3.329000	-12.984209	-24.897574	0.142475	-250.064313	-0.014879	-185.862388	
3.330000	-12.920786	-24.938054	0.144798	-250.063963	0.039637	-185.873133	
3.331000	-12.857363	-25.083784	0.147973	-250.063625	-0.042136	-185.883477	
3.332000	-12.946156	-24.929958	0.152856	-250.063295	-0.077182	-185.893498	
3.333000	-12.975753	-24.913766	0.159515	-250.062975	-0.018773	-185.903321	
3.334000	-12.891189	-25.059495	0.166750	-250.062663	-0.073288	-185.913099	
3.335000	-12.895417	-24.954246	0.173249	-250.062358	-0.081076	-185.922993	
3.336000	-12.963068	-25.010919	0.178399	-250.062060	-0.038242	-185.933155	
3.337000	-12.963068	-24.929958	0.181997	-250.061767	-0.073288	-185.943696	
3.338000	-12.941927	-25.124264	0.184021	-250.061482	-0.084970	-185.954670	
3.339000	-12.870048	-24.954246	0.184872	-250.061206	-0.135592	-185.966075	
3.340000	-12.954612	-25.010919	0.185181	-250.060939	-0.010985	-185.977852	
3.341000	-12.870048	-24.865189	0.185130	-250.060685	-0.077182	-185.989888	
3.342000	-12.920786	-24.881382	0.184451	-250.060442	-0.057712	-186.002031	
3.343000	-12.882733	-25.140456	0.182835	-250.060209	-0.018773	-186.014119	
3.344000	-12.937699	-25.002823	0.179856	-250.059986	-0.038242	-186.025996	
3.345000	-12.992666	-24.889478	0.174985	-250.059773	0.031849	-186.037529	
3.346000	-12.908102	-25.059495	0.168040	-250.059571	0.008485	-186.048634	
3.347000	-12.891189	-25.148552	0.159513	-250.059380	0.039637	-186.059280	
3.348000	-12.996894	-24.897574	0.150438	-250.059200	-0.034348	-186.069501	
3.349000	-12.996894	-24.938054	0.141870	-250.059029	-0.010985	-186.079392	
3.350000	-12.920786	-25.075688	0.134341	-250.058867	-0.092758	-186.089084	
3.351000	-12.903874	-24.938054	0.127739	-250.058712	-0.049924	-186.098738	
3.352000	-12.933471	-24.954246	0.121756	-250.058565	-0.065500	-186.108517	
3.353000	-12.954612	-24.865189	0.116303	-250.058423	-0.077182	-186.118559	
3.354000	-12.916558	-24.921862	0.111460	-250.058288	-0.042136	-186.128954	
3.355000	-12.916558	-25.019015	0.107029	-250.058157	-0.104440	-186.139739	
3.356000	-12.882733	-24.784229	0.102267	-250.058033	-0.061606	-186.150896	
3.357000	-12.971525	-24.905670	0.096580	-250.057918	-0.003197	-186.162353	
3.358000	-12.899645	-24.897574	0.090251	-250.057812	0.012379	-186.173985	
3.359000	-12.903874	-24.978535	0.084062	-250.057718	-0.010985	-186.185643	
3.360000	-12.971525	-24.978535	0.078797	-250.057635	0.024061	-186.197168	
3.361000	-12.954612	-25.019015	0.075230	-250.057563	0.035743	-186.208419	
3.362000	-12.908102	-24.954246	0.073938	-250.057504	0.004591	-186.219288	
3.363000	-12.920786	-25.035207	0.075207	-250.057456	0.024061	-186.229716	
3.364000	-12.925015	-24.800421	0.079359	-250.057418	-0.034348	-186.239698	
3.365000	-12.958840	-24.816613	0.086473	-250.057387	-0.010985	-186.249285	
3.366000	-13.005350	-25.002823	0.095719	-250.057363	-0.018773	-186.258584	
3.367000	-12.886961	-24.954246	0.105559	-250.057345	-0.077182	-186.267743	
3.368000	-12.912330	-24.954246	0.114565	-250.057329	-0.053818	-186.276925	
3.369000	-13.009579	-24.857093	0.121893	-250.057312	-0.014879	-186.286286	
3.370000	-12.908102	-24.905670	0.127218	-250.057294	-0.084970	-186.295947	
3.371000	-12.882733	-24.954246	0.130201	-250.057274	-0.010985	-186.305979	
3.372000	-12.979981	-25.156648	0.130434	-250.057251	-0.042136	-186.316405	
3.373000	-12.954612	-24.881382	0.128166	-250.057225	-0.034348	-186.327190	
3.374000	-12.920786	-24.768036	0.124176	-250.057198	-0.030454	-186.338240	
3.375000	-12.996894	-25.010919	0.119141	-250.057172	0.004591	-186.349420	
3.376000	-12.954612	-24.994727	0.113771	-250.057149	0.012379	-186.360576	
3.377000	-12.958840	-24.865189	0.108760	-250.057132	0.027955	-186.371552	
3.378000	-12.941927	-24.873285	0.104452	-250.057122	0.027955	-186.382212	
3.379000	-12.882733	-25.019015	0.100780	-250.057120	0.000697	-186.392459	
3.380000	-12.950384	-24.873285	0.097262	-250.057126	-0.053818	-186.402250	
3.381000	-12.988438	-24.840901	0.093394	-250.057140	0.039637	-186.411603	
3.382000	-12.941927	-24.792325	0.089404	-250.057159	-0.014879	-186.420595	
3.383000	-12.865820	-25.075688	0.085926	-250.057182	-0.057712	-186.429355	
3.384000	-12.967297	-24.921862	0.083060	-250.057210	-0.010985	-186.438042	
3.385000	-12.975753	-24.913766	0.080657	-250.057243	-0.018773	-186.446821	
3.386000	-12.908102	-24.938054	0.078876	-250.057284	-0.088864	-186.455839	
3.387000	-12.920786	-24.954246	0.077879	-250.057334	-0.042136	-186.465205	
3.388000	-12.886961	-24.938054	0.077212	-250.057393	0.016273	-186.474980	
3.389000	-12.958840	-24.711364	0.075796	-250.057460	-0.073288	-186.485163	
3.390000	-13.005350	-24.800421	0.072876	-250.057537	0.000697	-186.495692	
3.391000	-12.878504	-24.905670	0.068752	-250.057623	-0.092758	-186.506455	
3.392000	-12.925015	-24.946150	0.064395	-250.057716	0.008485	-186.517306	
3.393000	-12.992666	-24.857093	0.060825	-250.057814	0.043531	-186.528086	
3.394000	-12.950384	-24.929958	0.058778	-250.057918	-0.026560	-186.538637	
3.395000	-12.891189	-24.978535	0.058678	-250.058027	-0.042136	-186.548830	
3.396000	-12.946156	-24.970438	0.060701	-250.058140	0.024061	-186.558581	
3.397000	-12.975753	-24.824709	0.064786	-250.058255	0.035743	-186.567860	
3.398000	-12.954612	-24.986631	0.070762	-250.058372	0.024061	-186.576696	
3.399000	-12.899645	-24.986631	0.078335	-250.058491	-0.030454	-186.585181	
3.400000	-12.946156	-24.881382	0.086903	-250.058614	-0.022667	-186.593452	0.000000
3.401000	-12.950384	-24.921862	0.095655	-250.058740	-0.057712	-186.601673	
3.402000	-12.958840	-24.913766	0.103792	-250.058868	-0.061606	-186.610002	
3.403000	-12.899645	-24.946150	0.110637	-250.058999	-0.034348	-186.618578	
3.404000	-12.963068	-25.010919	0.115759	-250.059132	-0.038242	-186.627499	
3.405000	-12.963068	-24.938054	0.119000	-250.059268	-0.061606	-186.636808	
3.406000	-13.026491	-24.824709	0.120242	-250.059406	-0.069394	-186.646491	
3.407000	-12.844679	-25.043303	0.119358	-250.059549	-0.104440	-186.656482	
3.408000	-12.886961	-24.832805	0.116636	-250.059697	-0.038242	-186.666669	
3.409000	-12.950384	-24.929958	0.112969	-250.059849	-0.010985	-186.676905	
3.410000	-12.916558	-24.929958	0.109322	-250.060006	0.008485	-186.687033	
3.411000	-12.971525	-24.938054	0.106046	-250.060166	0.016273	-186.696907	
3.412000	-12.958840	-25.002823	0.102966	-250.060329	0.031849	-186.706425	
3.413000	-12.950384	-25.108072	0.100195	-250.060496	0.047425	-186.715528	
3.414000	-13.013807	-24.865189	0.098673	-250.060667	-0.096652	-186.724208	
3.415000	-12.857363	-25.051399	0.099708	-250.060844	-0.018773	-186.732517	
3.416000	-12.925015	-24.994727	0.103759	-250.061028	-0.092758	-186.740568	
3.417000	-13.005350	-25.035207	0.110058	-250.061220	-0.030454	-186.748508	
3.418000	-12.941927	-24.986631	0.117510	-250.061418	-0.046030	-186.756500	
3.419000	-12.878504	-24.978535	0.125232	-250.061624	-0.065500	-186.764698	
3.420000	-12.963068	-24.986631	0.132403	-250.061834	-0.077182	-186.773229	
3.421000	-12.979981	-24.978535	0.138326	-250.062051	-0.088864	-186.782172	
3.422000	-12.886961	-24.994727	0.142634	-250.062275	-0.077182	-186.791547	
3.423000	-12.895417	-24.962342	0.145160	-250.062505	-0.042136	-186.801322	
3.424000	-12.916558	-24.986631	0.145822	-250.062740	-0.018773	-186.811413	
3.425000	-12.857363	-25.002823	0.144825	-250.062981	-0.014879	-186.821692	
3.426000	-12.954612	-24.970438	0.142768	-250.063226	-0.003197	-186.832004	
3.427000	-12.891189	-25.002823	0.140285	-250.063474	0.000697	-186.842191	
3.428000	-12.882733	-25.116168	0.137701	-250.063722	0.035743	-186.852114	
3.429000	-12.975753	-24.954246	0.135257	-250.063971	0.020167	-186.861680	
3.430000	-13.001122	-24.921862	0.133275	-250.064222	0.000697	-186.870844	
3.431000	-12.886961	-25.035207	0.131752	-250.064478	-0.053818	-186.879612	
3.432000	-12.933471	-25.051399	0.130358	-250.064741	-0.026560	-186.888057	
3.433000	-12.954612	-24.889478	0.128908	-250.065014	-0.034348	-186.896301	
3.434000	-12.920786	-24.986631	0.127293	-250.065298	-0.065500	-186.904498	
3.435000	-12.912330	-24.986631	0.125363	-250.065591	-0.057712	-186.912811	
3.436000	-12.925015	-25.035207	0.123193	-250.065894	-0.084970	-186.921391	
3.437000	-12.933471	-25.108072	0.121114	-250.066206	-0.088864	-186.930350	
3.438000	-12.984209	-24.929958	0.119339	-250.066527	-0.018773	-186.939746	
3.439000	-12.899645	-25.002823	0.117977	-250.066856	-0.135592	-186.949581	
3.440000	-12.929243	-25.075688	0.117340	-250.067191	-0.022667	-186.959798	
3.441000	-12.946156	-24.929958	0.117588	-250.067531	0.020167	-186.970289	
3.442000	-12.958840	-24.921862	0.118530	-250.067880	-0.018773	-186.980906	
3.443000	-12.857363	-25.035207	0.120014	-250.068241	-0.007091	-186.991484	
3.444000	-12.941927	-25.019015	0.121958	-250.068613	0.035743	-187.001863	
3.445000	-12.984209	-25.027111	0.124311	-250.068996	0.020167	-187.011911	
3.446000	-12.874276	-25.027111	0.126969	-250.069391	-0.010985	-187.021539	
3.447000	-12.882733	-24.824709	0.129927	-250.069798	0.051319	-187.030713	
3.448000	-12.882733	-25.099976	0.133592	-250.070217	-0.042136	-187.039461	
3.449000	-12.946156	-24.994727	0.138167	-250.070650	-0.046030	-187.047873	
3.450000	-12.865820	-24.913766	0.143094	-250.071096	-0.030454	-187.056082	
3.451000	-12.891189	-24.970438	0.147470	-250.071550	-0.077182	-187.064244	
3.452000	-12.870048	-25.051399	0.150701	-250.072012	-0.100546	-187.072519	
3.453000	-12.975753	-24.929958	0.152727	-250.072477	-0.069394	-187.081048	
3.454000	-12.941927	-24.954246	0.153559	-250.072945	-0.057712	-187.089925	
3.455000	-12.874276	-24.865189	0.152998	-250.073416	-0.096652	-187.099190	
3.456000	-12.967297	-24.946150	0.150855	-250.073890	-0.061606	-187.108829	
3.457000	-12.988438	-24.970438	0.147018	-250.074371	-0.026560	-187.118773	
3.458000	-12.929243	-24.808517	0.141578	-250.074863	-0.010985	-187.128900	
3.459000	-12.916558	-24.938054	0.135036	-250.075367	-0.026560	-187.139058	
3.460000	-12.920786	-25.067591	0.128115	-250.075880	-0.010985	-187.149085	
3.461000	-12.933471	-24.946150	0.121398	-250.076403	0.000697	-187.158834	
3.462000	-12.954612	-24.921862	0.115184	-250.076934	0.051319	-187.168191	
3.463000	-12.912330	-24.946150	0.109645	-250.077474	-0.081076	-187.177095	
3.464000	-12.899645	-25.108072	0.105091	-250.078020	-0.007091	-187.185538	
3.465000	-12.941927	-24.978535	0.102050	-250.078571	-0.030454	-187.193572	
3.466000	-12.988438	-24.913766	0.100895	-250.079125	-0.042136	-187.201304	
3.467000	-12.941927	-25.043303	0.101466	-250.079682	-0.069394	-187.208877	
3.468000	-12.903874	-25.010919	0.103152	-250.080243	-0.042136	-187.216458	
3.469000	-12.958840	-24.962342	0.105301	-250.080807	-0.057712	-187.224207	
3.470000	-12.941927	-24.929958	0.107458	-250.081374	-0.084970	-187.232253	
3.471000	-12.954612	-25.051399	0.109227	-250.081944	-0.073288	-187.240677	
3.472000	-12.950384	-24.994727	0.110158	-250.082515	-0.139486	-187.249508	
3.473000	-12.975753	-25.180937	0.109819	-250.083088	-0.073288	-187.258720	
3.474000	-12.967297	-24.848997	0.108066	-250.083664	-0.010985	-187.268229	
3.475000	-12.925015	-24.857093	0.105241	-250.084247	0.035743	-187.277906	
3.476000	-12.870048	-24.986631	0.102002	-250.084836	-0.018773	-187.287594	
3.477000	-12.963068	-24.857093	0.099061	-250.085431	0.020167	-187.297138	
3.478000	-12.971525	-24.905670	0.097018	-250.086031	0.070789	-187.306399	
3.479000	-12.861592	-24.946150	0.096363	-250.086634	0.008485	-187.315281	
3.480000	-12.857363	-25.164744	0.097179	-250.087240	0.004591	-187.323739	
3.481000	-12.895417	-24.954246	0.098767	-250.087850	0.031849	-187.331788	
3.482000	-12.946156	-24.938054	0.100266	-250.088467	-0.022667	-187.339501	
3.483000	-12.916558	-24.857093	0.101380	-250.089092	-0.030454	-187.347004	
3.484000	-12.933471	-24.994727	0.102073	-250.089724	-0.018773	-187.354452	
3.485000	-12.937699	-24.986631	0.102247	-250.090363	-0.046030	-187.362014	
3.486000	-12.979981	-24.848997	0.101860	-250.091008	-0.077182	-187.369839	
3.487000	-12.946156	-24.865189	0.101031	-250.091659	-0.057712	-187.378041	
3.488000	-12.891189	-25.027111	0.099654	-250.092316	-0.026560	-187.386682	
3.489000	-12.979981	-24.662787	0.096764	-250.092979	-0.014879	-187.395768	
3.490000	-12.920786	-24.954246	0.091388	-250.093649	-0.018773	-187.405245	
3.491000	-12.916558	-24.986631	0.083899	-250.094330	-0.053818	-187.414998	
3.492000	-12.916558	-25.124264	0.075578	-250.095020	0.035743	-187.424885	
3.493000	-12.967297	-24.938054	0.067697	-250.095718	0.051319	-187.434748	
3.494000	-12.903874	-24.962342	0.061307	-250.096424	-0.026560	-187.444428	
3.495000	-12.925015	-24.840901	0.057052	-250.097138	0.024061	-187.453794	
3.496000	-12.946156	-24.994727	0.055070	-250.097859	-0.003197	-187.462758	
3.497000	-12.882733	-25.075688	0.055058	-250.098587	0.043531	-187.471291	
3.498000	-12.988438	-24.857093	0.056393	-250.099321	0.000697	-187.479419	
3.499000	-12.925015	-24.954246	0.058676	-250.100061	-0.014879	-187.487232	
3.500000	-12.870048	-25.083784	0.061962	-250.100804	-0.104440	-187.494865	0.000000
3.501000	-12.967297	-24.881382	0.066279	-250.101548	-0.010985	-187.502479	
3.502000	-12.988438	-24.954246	0.071396	-250.102292	-0.034348	-187.510234	
3.503000	-12.891189	-24.954246	0.076903	-250.103037	-0.088864	-187.518270	
3.504000	-12.903874	-24.938054	0.082369	-250.103783	-0.104440	-187.526685	
3.505000	-12.916558	-24.824709	0.087270	-250.104529	-0.135592	-187.535525	
3.506000	-12.967297	-24.978535	0.090639	-250.105275	-0.073288	-187.544776	
3.507000	-12.920786	-24.954246	0.091462	-250.106018	-0.042136	-187.554371	
3.508000	-12.971525	-24.970438	0.089774	-250.106757	0.012379	-187.564194	
3.509000	-12.925015	-25.075688	0.086736	-250.107492	-0.014879	-187.574103	
3.510000	-12.958840	-24.913766	0.083588	-250.108226	0.035743	-187.583940	
3.511000	-12.908102	-24.865189	0.080910	-250.108959	-0.003197	-187.593561	
3.512000	-12.903874	-25.027111	0.078729	-250.109691	-0.026560	-187.602855	
3.513000	-13.018035	-25.019015	0.076985	-250.110419	0.008485	-187.611760	
3.514000	-13.001122	-24.962342	0.075839	-250.111144	0.059107	-187.620265	
3.515000	-12.865820	-24.889478	0.075537	-250.111865	-0.007091	-187.628414	
3.516000	-12.912330	-24.929958	0.076241	-250.112582	-0.030454	-187.636315	
3.517000	-13.005350	-24.994727	0.078030	-250.113296	-0.003197	-187.644113	
3.518000	-12.933471	-24.905670	0.080774	-250.114007	-0.014879	-187.651971	
3.519000	-12.912330	-24.881382	0.084223	-250.114715	-0.030454	-187.660042	
3.520000	-12.929243	-25.067591	0.088245	-250.115420	-0.046030	-187.668453	
3.521000	-12.903874	-24.986631	0.092644	-250.116123	-0.042136	-187.677285	
3.522000	-12.971525	-24.832805	0.097021	-250.116823	-0.053818	-187.686566	
3.523000	-12.933471	-24.832805	0.100994	-250.117520	-0.046030	-187.696264	
3.524000	-12.929243	-24.986631	0.104337	-250.118213	-0.073288	-187.706292	
3.525000	-12.933471	-24.897574	0.107036	-250.118902	0.016273	-187.716523	
3.526000	-13.005350	-24.857093	0.109372	-250.119586	0.016273	-187.726807	
3.527000	-12.895417	-24.938054	0.111610	-250.120266	-0.018773	-187.736992	
3.528000	-12.886961	-24.921862	0.113642	-250.120941	0.012379	-187.746941	
3.529000	-12.950384	-24.905670	0.115363	-250.121609	0.000697	-187.756560	
3.530000	-12.933471	-25.189033	0.117146	-250.122270	0.008485	-187.765805	
3.531000	-12.895417	-24.832805	0.119709	-250.122924	-0.042136	-187.774679	
3.532000	-12.954612	-24.946150	0.123636	-250.123569	-0.057712	-187.783249	
3.533000	-12.984209	-25.043303	0.128827	-250.124201	-0.018773	-187.791634	
3.534000	-12.950384	-24.954246	0.134497	-250.124819	-0.046030	-187.799982	
3.535000	-12.933471	-24.897574	0.139725	-250.125420	-0.073288	-187.808450	
3.536000	-12.878504	-24.954246	0.143854	-250.126003	-0.077182	-187.817184	
3.537000	-12.929243	-24.970438	0.146605	-250.126569	-0.069394	-187.826296	
3.538000	-12.967297	-24.776133	0.148025	-250.127119	-0.030454	-187.835851	
3.539000	-12.937699	-24.921862	0.148356	-250.127654	-0.073288	-187.845848	
3.540000	-12.891189	-25.010919	0.147780	-250.128174	-0.034348	-187.856233	
3.541000	-12.920786	-24.978535	0.146310	-250.128681	-0.034348	-187.866896	
3.542000	-12.929243	-25.027111	0.144121	-250.129175	-0.003197	-187.877694	
3.543000	-12.916558	-24.905670	0.141709	-250.129659	-0.018773	-187.888463	
3.544000	-12.908102	-24.970438	0.139502	-250.130133	0.035743	-187.899045	
3.545000	-12.912330	-25.019015	0.137691	-250.130597	-0.022667	-187.909308	
3.546000	-12.988438	-24.889478	0.136438	-250.131052	0.074683	-187.919160	
3.547000	-12.870048	-24.938054	0.135744	-250.131499	0.016273	-187.928563	
3.548000	-12.882733	-25.148552	0.135276	-250.131940	-0.014879	-187.937539	
3.549000	-12.950384	-24.929958	0.134811	-250.132375	-0.053818	-187.946171	
3.550000	-12.979981	-24.905670	0.134443	-250.132806	-0.038242	-187.954590	
3.551000	-12.899645	-24.986631	0.134145	-250.133232	-0.069394	-187.962954	
3.552000	-12.870048	-25.019015	0.133653	-250.133655	-0.073288	-187.971426	
3.553000	-12.988438	-24.857093	0.132744	-250.134075	-0.077182	-187.980151	
3.554000	-12.954612	-25.002823	0.131377	-250.134492	-0.038242	-187.989230	
3.555000	-12.933471	-25.002823	0.129639	-250.134904	-0.061606	-187.998708	
3.556000	-12.929243	-25.019015	0.127617	-250.135309	-0.120016	-188.008573	
3.557000	-12.908102	-24.978535	0.125289	-250.135704	0.000697	-188.018762	
3.558000	-12.950384	-24.865189	0.122751	-250.136087	0.055213	-188.029158	
3.559000	-12.979981	-24.978535	0.120520	-250.136459	0.012379	-188.039614	
3.560000	-12.908102	-24.954246	0.119260	-250.136820	-0.018773	-188.049970	
3.561000	-12.937699	-24.962342	0.119427	-250.137170	-0.034348	-188.060079	
3.562000	-13.005350	-24.889478	0.121211	-250.137507	0.039637	-188.069824	
3.563000	-12.929243	-25.051399	0.124416	-250.137831	0.078577	-188.079133	
3.564000	-12.929243	-24.929958	0.128478	-250.138140	-0.026560	-188.087992	
3.565000	-12.925015	-25.027111	0.132785	-250.138431	0.000697	-188.096448	
3.566000	-12.963068	-24.986631	0.136875	-250.138704	-0.026560	-188.104606	
3.567000	-13.051861	-24.978535	0.140293	-250.138959	-0.081076	-188.112609	
3.568000	-12.941927	-24.962342	0.142582	-250.139194	-0.077182	-188.120618	
3.569000	-12.933471	-25.043303	0.143557	-250.139409	-0.038242	-188.128794	
3.570000	-12.963068	-24.938054	0.143410	-250.139601	-0.049924	-188.137267	
3.571000	-12.971525	-24.832805	0.142449	-250.139771	-0.092758	-188.146121	
3.572000	-12.946156	-24.913766	0.140847	-250.139916	-0.014879	-188.155385	
3.573000	-12.941927	-24.881382	0.138584	-250.140038	-0.022667	-188.165033	
3.574000	-13.005350	-24.946150	0.135607	-250.140136	-0.014879	-188.174983	
3.575000	-12.886961	-24.897574	0.132070	-250.140210	0.043531	-188.185103	
3.576000	-12.908102	-24.954246	0.128386	-250.140259	0.016273	-188.195240	
3.577000	-12.975753	-24.905670	0.125073	-250.140284	0.047425	-188.205236	
3.578000	-12.958840	-24.905670	0.122540	-250.140287	0.016273	-188.214954	
3.579000	-12.933471	-24.921862	0.120912	-250.140269	0.020167	-188.224296	
3.580000	-12.899645	-24.954246	0.120155	-250.140228	0.031849	-188.233214	
3.581000	-12.916558	-25.059495	0.120351	-250.140166	-0.034348	-188.241719	
3.582000	-12.958840	-24.897574	0.121550	-250.140082	-0.053818	-188.249877	
3.583000	-12.899645	-24.768036	0.123496	-250.139979	-0.046030	-188.257811	
3.584000	-12.848907	-25.091880	0.125739	-250.139859	-0.053818	-188.265674	
3.585000	-12.950384	-24.962342	0.127808	-250.139720	-0.022667	-188.273633	
3.586000	-12.979981	-24.921862	0.129307	-250.139563	-0.073288	-188.281840	
3.587000	-12.878504	-25.027111	0.130004	-250.139387	-0.057712	-188.290410	
3.588000	-12.916558	-24.921862	0.129973	-250.139193	-0.018773	-188.299407	
3.589000	-12.933471	-24.929958	0.129649	-250.138980	-0.010985	-188.308842	
3.590000	-12.954612	-25.002823	0.129429	-250.138751	0.012379	-188.318666	
3.591000	-12.920786	-25.043303	0.129277	-250.138507	0.000697	-188.328769	
3.592000	-12.954612	-24.938054	0.129024	-250.138248	-0.073288	-188.339009	
3.593000	-12.937699	-25.002823	0.128714	-250.137976	0.031849	-188.349224	
3.594000	-12.992666	-24.913766	0.128372	-250.137693	0.016273	-188.359255	
3.595000	-12.958840	-24.921862	0.127711	-250.137398	-0.014879	-188.368960	
3.596000	-12.916558	-25.075688	0.126401	-250.137092	0.031849	-188.378247	
3.597000	-12.925015	-24.759940	0.124588	-250.136775	-0.010985	-188.387077	
3.598000	-12.946156	-24.954246	0.123012	-250.136444	-0.026560	-188.395476	
3.599000	-12.903874	-24.938054	0.122464	-250.136099	-0.042136	-188.403530	
3.600000	-12.882733	-25.067591	0.123099	-250.135739	-0.073288	-188.411374	0.000000
3.601000	-12.975753	-24.954246	0.124409	-250.135365	-0.053818	-188.419171	
3.602000	-12.975753	-24.921862	0.125812	-250.134981	-0.049924	-188.427089	
3.603000	-12.903874	-24.929958	0.127037	-250.134588	-0.046030	-188.435271	
3.604000	-12.937699	-24.938054	0.128021	-250.134185	-0.065500	-188.443824	
3.605000	-12.992666	-25.278090	0.128801	-250.133774	-0.065500	-188.452799	
3.606000	-12.920786	-24.865189	0.129551	-250.133353	-0.018773	-188.462184	
3.607000	-12.992666	-25.002823	0.130360	-250.132921	-0.038242	-188.471910	
3.608000	-12.857363	-24.913766	0.131125	-250.132477	-0.014879	-188.481859	
3.609000	-12.912330	-25.059495	0.131835	-250.132020	0.020167	-188.491882	
3.610000	-12.967297	-24.897574	0.132585	-250.131547	-0.014879	-188.501818	
3.611000	-12.908102	-24.986631	0.133330	-250.131059	0.055213	-188.511514	
3.612000	-12.878504	-25.002823	0.134091	-250.130557	0.031849	-188.520852	
3.613000	-13.013807	-24.913766	0.135432	-250.130040	-0.018773	-188.529764	
3.614000	-12.963068	-24.743748	0.138137	-250.129510	-0.073288	-188.538238	
3.615000	-12.912330	-24.946150	0.142100	-250.128970	0.008485	-188.546317	
3.616000	-12.929243	-24.938054	0.146347	-250.128419	-0.049924	-188.554108	
3.617000	-12.954612	-25.002823	0.149943	-250.127859	-0.065500	-188.561759	
3.618000	-12.958840	-24.921862	0.152192	-250.127291	-0.081076	-188.569435	
3.619000	-12.946156	-24.889478	0.152763	-250.126715	-0.053818	-188.577298	
3.620000	-12.886961	-25.108072	0.151763	-250.126132	-0.077182	-188.585481	
3.621000	-12.916558	-25.091880	0.149421	-250.125542	-0.057712	-188.594070	
3.622000	-12.958840	-24.962342	0.145518	-250.124947	0.047425	-188.603095	
3.623000	-12.903874	-25.091880	0.139115	-250.124345	-0.018773	-188.612527	
3.624000	-12.882733	-25.140456	0.129669	-250.123739	-0.073288	-188.622281	
3.625000	-12.929243	-24.938054	0.118050	-250.123128	-0.022667	-188.632231	
3.626000	-12.963068	-24.962342	0.105939	-250.122515	-0.046030	-188.642227	
3.627000	-12.903874	-24.986631	0.094872	-250.121901	0.004591	-188.652107	
3.628000	-12.903874	-25.035207	0.085792	-250.121287	0.004591	-188.661736	
3.629000	-12.925015	-25.051399	0.079013	-250.120671	0.012379	-188.671016	
3.630000	-12.963068	-24.954246	0.074447	-250.120054	-0.014879	-188.679900	
3.631000	-12.925015	-24.857093	0.071990	-250.119439	-0.038242	-188.688392	
3.632000	-12.946156	-24.970438	0.071830	-250.118824	-0.116122	-188.696557	
3.633000	-12.958840	-24.792325	0.074097	-250.118210	-0.038242	-188.704513	
3.634000	-12.933471	-24.921862	0.078454	-250.117597	-0.069394	-188.712412	
3.635000	-12.912330	-25.051399	0.084160	-250.116985	-0.084970	-188.720409	
3.636000	-12.878504	-25.059495	0.090238	-250.116373	-0.112228	-188.728656	
3.637000	-12.967297	-25.002823	0.096001	-250.115760	-0.053818	-188.737269	
3.638000	-12.963068	-25.099976	0.101473	-250.115147	-0.069394	-188.746316	
3.639000	-12.848907	-25.156648	0.106903	-250.114532	-0.084970	-188.755806	
3.640000	-12.925015	-24.994727	0.112105	-250.113915	-0.100546	-188.765692	
3.641000	-12.937699	-24.921862	0.116560	-250.113292	-0.014879	-188.775874	
3.642000	-12.920786	-24.954246	0.119990	-250.112665	-0.038242	-188.786213	
3.643000	-12.941927	-24.962342	0.122564	-250.112036	-0.022667	-188.796550	
3.644000	-12.874276	-25.051399	0.124572	-250.111405	-0.026560	-188.806726	
3.645000	-12.937699	-24.986631	0.126225	-250.110772	0.012379	-188.816612	
3.646000	-12.963068	-24.954246	0.127731	-250.110138	0.059107	-188.826115	
3.647000	-12.912330	-25.019015	0.129580	-250.109504	-0.030454	-188.835196	
3.648000	-12.908102	-25.035207	0.132680	-250.108873	-0.018773	-188.843872	
3.649000	-12.946156	-24.994727	0.137510	-250.108244	0.012379	-188.852225	
3.650000	-12.946156	-24.954246	0.143447	-250.107619	0.008485	-188.860386	
3.651000	-12.891189	-24.897574	0.149251	-250.106999	-0.057712	-188.868507	
3.652000	-12.933471	-24.954246	0.153698	-250.106385	-0.026560	-188.876750	
3.653000	-12.950384	-25.067591	0.155902	-250.105776	-0.065500	-188.885257	
3.654000	-12.950384	-24.865189	0.155506	-250.105173	-0.081076	-188.894130	
3.655000	-12.950384	-25.002823	0.152642	-250.104574	-0.038242	-188.903417	
3.656000	-12.912330	-25.091880	0.147651	-250.103978	-0.092758	-188.913114	
3.657000	-12.891189	-24.962342	0.140891	-250.103383	-0.049924	-188.923159	
3.658000	-12.963068	-24.808517	0.132851	-250.102791	0.004591	-188.933443	
3.659000	-12.882733	-25.116168	0.124238	-250.102202	-0.007091	-188.943817	
3.660000	-12.882733	-25.002823	0.115889	-250.101616	-0.007091	-188.954119	
3.661000	-12.996894	-24.978535	0.108497	-250.101031	0.016273	-188.964203	
3.662000	-12.929243	-24.970438	0.102371	-250.100446	-0.030454	-188.973947	
3.663000	-12.916558	-24.824709	0.097430	-250.099864	0.004591	-188.983277	
3.664000	-13.005350	-24.759940	0.093537	-250.099283	0.024061	-188.992169	
3.665000	-12.958840	-25.010919	0.090972	-250.098702	0.012379	-189.000662	
3.666000	-12.950384	-25.002823	0.090096	-250.098121	-0.010985	-189.008850	
3.667000	-12.916558	-24.929958	0.090698	-250.097542	0.008485	-189.016870	
3.668000	-12.903874	-25.019015	0.092169	-250.096964	-0.038242	-189.024881	
3.669000	-12.925015	-24.929958	0.094003	-250.096389	-0.057712	-189.033042	
3.670000	-13.034948	-24.848997	0.095910	-250.095816	-0.084970	-189.041486	
3.671000	-12.984209	-24.865189	0.097661	-250.095246	-0.073288	-189.050295	
3.672000	-12.920786	-25.002823	0.098985	-250.094680	-0.057712	-189.059503	
3.673000	-12.941927	-24.970438	0.099336	-250.094117	0.059107	-189.069090	
3.674000	-12.950384	-24.921862	0.097923	-250.093557	-0.026560	-189.078983	
3.675000	-12.899645	-25.116168	0.094646	-250.093001	0.031849	-189.089059	
3.676000	-12.946156	-24.921862	0.090408	-250.092451	-0.022667	-189.099168	
3.677000	-12.929243	-24.986631	0.086283	-250.091904	-0.003197	-189.109157	
3.678000	-12.941927	-24.865189	0.082923	-250.091360	0.055213	-189.118890	
3.679000	-12.937699	-24.889478	0.080600	-250.090818	0.024061	-189.128266	
3.680000	-12.963068	-24.921862	0.079454	-250.090275	0.051319	-189.137237	
3.681000	-12.916558	-24.857093	0.079460	-250.089732	0.047425	-189.145803	
3.682000	-12.971525	-24.768036	0.080419	-250.089191	0.008485	-189.154026	
3.683000	-12.853135	-24.905670	0.082219	-250.088653	0.016273	-189.162017	
3.684000	-12.891189	-25.051399	0.084734	-250.088118	-0.073288	-189.169928	
3.685000	-12.958840	-24.921862	0.087625	-250.087587	-0.038242	-189.177927	
3.686000	-12.984209	-24.881382	0.090396	-250.087057	-0.046030	-189.186169	
3.687000	-12.878504	-24.873285	0.092511	-250.086529	-0.088864	-189.194771	
3.688000	-12.878504	-24.962342	0.093786	-250.086002	-0.042136	-189.203801	
3.689000	-12.941927	-25.083784	0.094335	-250.085475	-0.010985	-189.213275	
3.690000	-12.954612	-24.751844	0.093795	-250.084949	-0.014879	-189.223146	
3.691000	-12.988438	-24.857093	0.091684	-250.084428	0.008485	-189.233314	
3.692000	-12.857363	-24.978535	0.088409	-250.083910	0.004591	-189.243637	
3.693000	-12.933471	-24.962342	0.085024	-250.083396	0.012379	-189.253959	
3.694000	-12.984209	-24.889478	0.082427	-250.082884	0.043531	-189.264122	
3.695000	-12.933471	-24.881382	0.081019	-250.082374	0.031849	-189.273991	
3.696000	-12.925015	-24.824709	0.080870	-250.081867	0.016273	-189.283473	
3.697000	-13.005350	-25.019015	0.081928	-250.081364	-0.034348	-189.292532	
3.698000	-12.996894	-24.800421	0.083956	-250.080865	0.129198	-189.301188	
3.699000	-12.908102	-24.873285	0.086594	-250.080370	-0.057712	-189.309520	
3.700000	-12.950384	-24.921862	0.089588	-250.079881	-0.092758	-189.317660	0.000000
3.701000	-12.941927	-24.978535	0.092740	-250.079396	-0.061606	-189.325768	
3.702000	-12.967297	-24.905670	0.095862	-250.078916	-0.038242	-189.334011	
3.703000	-12.933471	-24.946150	0.098928	-250.078443	-0.038242	-189.342539	
3.704000	-12.886961	-25.010919	0.102080	-250.077975	-0.065500	-189.351456	
3.705000	-12.920786	-24.865189	0.105399	-250.077514	-0.018773	-189.360818	
3.706000	-12.933471	-24.873285	0.108828	-250.077059	-0.030454	-189.370618	
3.707000	-12.920786	-24.913766	0.112266	-250.076609	-0.022667	-189.380794	
3.708000	-12.912330	-24.978535	0.115601	-250.076165	0.047425	-189.391228	
3.709000	-12.984209	-25.051399	0.118812	-250.075725	-0.003197	-189.401773	
3.710000	-12.984209	-24.938054	0.121979	-250.075290	0.012379	-189.412261	
3.711000	-12.920786	-24.848997	0.124932	-250.074860	0.059107	-189.422536	
3.712000	-12.933471	-24.954246	0.127154	-250.074437	0.059107	-189.432470	
3.713000	-12.963068	-24.743748	0.128341	-250.074020	0.039637	-189.441991	
3.714000	-12.988438	-24.816613	0.128734	-250.073612	-0.010985	-189.451077	
3.715000	-12.946156	-25.019015	0.128698	-250.073216	0.000697	-189.459766	
3.716000	-12.891189	-24.994727	0.128505	-250.072835	-0.053818	-189.468158	
3.717000	-12.916558	-24.873285	0.128373	-250.072468	-0.053818	-189.476395	
3.718000	-12.988438	-24.897574	0.128398	-250.072115	-0.030454	-189.484637	
3.719000	-12.908102	-24.970438	0.128568	-250.071777	-0.104440	-189.493044	
3.720000	-12.861592	-25.019015	0.128745	-250.071452	-0.053818	-189.501746	
3.721000	-12.992666	-24.962342	0.128661	-250.071141	-0.088864	-189.510832	
3.722000	-12.954612	-25.002823	0.128359	-250.070844	-0.053818	-189.520340	
3.723000	-12.950384	-25.027111	0.128300	-250.070560	-0.061606	-189.530247	
3.724000	-12.925015	-24.921862	0.128541	-250.070289	-0.018773	-189.540479	
3.725000	-12.874276	-25.067591	0.128693	-250.070031	0.012379	-189.550914	
3.726000	-12.958840	-24.946150	0.128765	-250.069787	0.020167	-189.561401	
3.727000	-12.916558	-24.929958	0.129101	-250.069557	0.035743	-189.571780	
3.728000	-12.895417	-25.035207	0.129690	-250.069343	-0.018773	-189.581905	
3.729000	-12.899645	-24.978535	0.130089	-250.069144	0.020167	-189.591677	
3.730000	-12.950384	-24.873285	0.130119	-250.068961	-0.026560	-189.601041	
3.731000	-12.996894	-24.938054	0.130279	-250.068792	0.020167	-189.609995	
3.732000	-12.874276	-25.035207	0.131299	-250.068637	-0.034348	-189.618598	
3.733000	-12.958840	-24.929958	0.133440	-250.068493	-0.069394	-189.626967	
3.734000	-12.946156	-24.986631	0.136333	-250.068359	-0.057712	-189.635257	
3.735000	-12.925015	-24.938054	0.139363	-250.068235	-0.081076	-189.643627	
3.736000	-12.920786	-24.946150	0.142016	-250.068122	-0.053818	-189.652232	
3.737000	-12.946156	-25.051399	0.143972	-250.068019	-0.042136	-189.661197	
3.738000	-13.073002	-24.954246	0.145047	-250.067926	-0.096652	-189.670595	
3.739000	-12.958840	-24.954246	0.145074	-250.067846	-0.073288	-189.680439	
3.740000	-12.908102	-25.067591	0.143894	-250.067779	-0.007091	-189.690685	
3.741000	-12.895417	-24.986631	0.141529	-250.067725	-0.018773	-189.701235	
3.742000	-13.102599	-24.929958	0.138334	-250.067682	0.027955	-189.711951	
3.743000	-12.912330	-24.946150	0.134903	-250.067651	0.000697	-189.722673	
3.744000	-12.861592	-25.027111	0.131685	-250.067630	0.004591	-189.733239	
3.745000	-12.950384	-24.994727	0.128729	-250.067620	0.000697	-189.743511	
3.746000	-12.971525	-24.962342	0.125949	-250.067618	0.000697	-189.753395	
3.747000	-12.925015	-24.994727	0.123446	-250.067626	0.063001	-189.762847	
3.748000	-12.895417	-25.148552	0.121344	-250.067644	-0.010985	-189.771883	
3.749000	-12.946156	-25.010919	0.119551	-250.067674	-0.014879	-189.780582	
3.750000	-13.043404	-25.027111	0.117999	-250.067715	-0.069394	-189.789071	
3.751000	-12.963068	-24.962342	0.116728	-250.067764	-0.049924	-189.797507	
3.752000	-12.878504	-25.091880	0.115677	-250.067819	-0.081076	-189.806055	
3.753000	-12.895417	-25.043303	0.114837	-250.067879	-0.061606	-189.814865	
3.754000	-12.996894	-24.954246	0.114501	-250.067944	-0.034348	-189.824043	
3.755000	-12.916558	-24.970438	0.114986	-250.068015	-0.166743	-189.833641	
3.756000	-12.836222	-25.059495	0.116524	-250.068091	-0.046030	-189.843652	
3.757000	-12.941927	-24.962342	0.119630	-250.068172	-0.030454	-189.854018	
3.758000	-12.975753	-24.978535	0.124512	-250.068255	-0.007091	-189.864626	
3.759000	-12.946156	-24.857093	0.130469	-250.068343	-0.022667	-189.875326	
3.760000	-12.941927	-24.921862	0.136605	-250.068436	-0.010985	-189.885952	
3.761000	-12.899645	-25.010919	0.142466	-250.068531	-0.018773	-189.896348	
3.762000	-12.929243	-25.010919	0.147809	-250.068629	-0.022667	-189.906386	
3.763000	-12.941927	-24.954246	0.152256	-250.068729	0.016273	-189.915988	
3.764000	-12.886961	-24.873285	0.155548	-250.068830	0.051319	-189.925127	
3.765000	-12.992666	-25.043303	0.157850	-250.068931	-0.030454	-189.933840	
3.766000	-12.984209	-25.002823	0.159362	-250.069033	-0.026560	-189.942223	
3.767000	-13.060317	-25.027111	0.159917	-250.069137	-0.065500	-189.950417	
3.768000	-12.891189	-25.027111	0.159074	-250.069244	-0.092758	-189.958580	
3.769000	-12.925015	-25.019015	0.156483	-250.069351	-0.088864	-189.966874	
3.770000	-12.975753	-24.970438	0.152147	-250.069459	-0.088864	-189.975435	
3.771000	-12.916558	-24.889478	0.146366	-250.069566	-0.088864	-189.984353	
3.772000	-12.920786	-25.002823	0.139595	-250.069670	-0.069394	-189.993663	
3.773000	-12.984209	-25.164744	0.132331	-250.069768	-0.018773	-190.003348	
3.774000	-12.941927	-24.962342	0.124987	-250.069856	-0.018773	-190.013336	
3.775000	-12.903874	-25.067591	0.117891	-250.069935	0.012379	-190.023504	
3.776000	-12.908102	-25.002823	0.111416	-250.070003	-0.003197	-190.033701	
3.777000	-12.912330	-25.019015	0.105942	-250.070061	0.012379	-190.043771	
3.778000	-12.996894	-24.994727	0.101674	-250.070108	0.035743	-190.053576	
3.779000	-12.929243	-24.938054	0.098682	-250.070141	0.012379	-190.063016	
3.780000	-12.954612	-24.962342	0.097197	-250.070162	-0.030454	-190.072035	
3.781000	-12.946156	-24.865189	0.097591	-250.070168	-0.038242	-190.080631	
3.782000	-12.925015	-24.954246	0.100093	-250.070159	0.000697	-190.088863	
3.783000	-12.916558	-24.954246	0.104419	-250.070134	-0.073288	-190.096839	
3.784000	-12.916558	-24.946150	0.109637	-250.070090	-0.049924	-190.104705	
3.785000	-12.908102	-24.978535	0.114716	-250.070026	-0.084970	-190.112625	
3.786000	-12.929243	-24.954246	0.119126	-250.069941	-0.057712	-190.120754	
3.787000	-12.975753	-24.889478	0.122879	-250.069836	-0.046030	-190.129217	
3.788000	-12.967297	-24.913766	0.125997	-250.069711	-0.084970	-190.138088	
3.789000	-12.810853	-25.156648	0.128044	-250.069565	-0.069394	-190.147387	
3.790000	-13.001122	-25.035207	0.128393	-250.069396	-0.007091	-190.157076	
3.791000	-12.975753	-24.824709	0.126616	-250.069205	-0.014879	-190.167058	
3.792000	-12.831994	-24.954246	0.122678	-250.068992	-0.053818	-190.177193	
3.793000	-12.933471	-25.019015	0.117149	-250.068758	0.016273	-190.187326	
3.794000	-12.979981	-24.986631	0.110970	-250.068505	0.016273	-190.197297	
3.795000	-12.937699	-24.905670	0.104926	-250.068237	0.008485	-190.206967	
3.796000	-12.920786	-24.857093	0.099512	-250.067952	-0.010985	-190.216240	
3.797000	-12.912330	-25.035207	0.095070	-250.067652	0.051319	-190.225075	
3.798000	-12.946156	-24.921862	0.091891	-250.067335	0.012379	-190.233485	
3.799000	-12.950384	-24.905670	0.090225	-250.067001	0.000697	-190.241547	
3.800000	-12.882733	-24.978535	0.090125	-250.066649	-0.057712	-190.249384	0.000000
3.801000	-12.903874	-24.994727	0.091302	-250.066279	-0.084970	-190.257152	
3.802000	-12.975753	-24.954246	0.093274	-250.065890	-0.030454	-190.265018	
3.803000	-12.933471	-24.978535	0.095728	-250.065482	-0.046030	-190.273127	
3.804000	-12.891189	-25.035207	0.098572	-250.065056	-0.061606	-190.281586	
3.805000	-12.933471	-25.051399	0.101760	-250.064612	-0.088864	-190.290451	
3.806000	-13.013807	-24.873285	0.105224	-250.064150	-0.069394	-190.299720	
3.807000	-12.912330	-24.929958	0.108609	-250.063673	-0.088864	-190.309334	
3.808000	-12.975753	-24.889478	0.111329	-250.063183	-0.073288	-190.319181	
3.809000	-12.920786	-24.954246	0.113221	-250.062680	0.000697	-190.329116	
3.810000	-12.992666	-24.921862	0.114636	-250.062165	-0.003197	-190.338978	
3.811000	-12.992666	-24.816613	0.115846	-250.061640	0.020167	-190.348611	
3.812000	-12.903874	-24.865189	0.116740	-250.061106	0.024061	-190.357889	
3.813000	-12.831994	-25.035207	0.117060	-250.060566	-0.007091	-190.366734	
3.814000	-12.920786	-25.027111	0.116775	-250.060019	-0.010985	-190.375120	
3.815000	-12.967297	-24.768036	0.116094	-250.059464	-0.022667	-190.383081	
3.816000	-12.891189	-24.986631	0.115247	-250.058901	-0.053818	-190.390709	
3.817000	-12.929243	-25.124264	0.114294	-250.058328	-0.022667	-190.398144	
3.818000	-12.958840	-24.978535	0.113118	-250.057747	-0.030454	-190.405550	
3.819000	-12.937699	-24.865189	0.111648	-250.057158	-0.092758	-190.413087	
3.820000	-12.899645	-24.978535	0.109951	-250.056564	-0.088864	-190.420891	
3.821000	-12.925015	-25.067591	0.108137	-250.055963	-0.061606	-190.429059	
3.822000	-13.005350	-25.019015	0.106220	-250.055357	-0.127804	-190.437630	
3.823000	-12.958840	-24.759940	0.103921	-250.054744	-0.077182	-190.446586	
3.824000	-12.941927	-24.897574	0.100894	-250.054125	-0.038242	-190.455849	
3.825000	-12.886961	-25.002823	0.097384	-250.053499	-0.084970	-190.465293	
3.826000	-12.992666	-24.929958	0.094254	-250.052865	-0.014879	-190.474771	
3.827000	-12.899645	-24.897574	0.092252	-250.052225	0.035743	-190.484125	
3.828000	-12.895417	-24.986631	0.091607	-250.051581	0.035743	-190.493216	
3.829000	-12.916558	-24.970438	0.092325	-250.050933	-0.010985	-190.501941	
3.830000	-12.984209	-24.962342	0.094567	-250.050283	-0.069394	-190.510246	
3.831000	-12.984209	-24.743748	0.098740	-250.049630	-0.038242	-190.518127	
3.832000	-12.929243	-24.873285	0.104948	-250.048979	-0.038242	-190.525637	
3.833000	-12.916558	-25.059495	0.112564	-250.048328	-0.092758	-190.532889	
3.834000	-12.874276	-24.921862	0.120645	-250.047679	-0.003197	-190.540034	
3.835000	-12.988438	-24.857093	0.128290	-250.047029	-0.069394	-190.547236	
3.836000	-12.920786	-25.002823	0.134745	-250.046379	-0.053818	-190.554648	
3.837000	-12.899645	-25.067591	0.139457	-250.045731	-0.065500	-190.562396	
3.838000	-13.005350	-24.727556	0.142030	-250.045084	-0.042136	-190.570556	
3.839000	-12.950384	-24.938054	0.142443	-250.044441	-0.053818	-190.579150	
3.840000	-12.895417	-24.938054	0.141303	-250.043802	-0.135592	-190.588139	
3.841000	-12.933471	-24.970438	0.139382	-250.043166	-0.065500	-190.597429	
3.842000	-13.039176	-24.978535	0.137229	-250.042533	-0.057712	-190.606882	
3.843000	-12.954612	-24.954246	0.135343	-250.041902	-0.046030	-190.616338	
3.844000	-12.916558	-24.897574	0.134088	-250.041274	-0.014879	-190.625635	
3.845000	-12.941927	-25.035207	0.133524	-250.040647	-0.014879	-190.634638	
3.846000	-12.941927	-24.824709	0.133599	-250.040021	-0.014879	-190.643250	
3.847000	-13.005350	-24.840901	0.134544	-250.039399	0.008485	-190.651424	
3.848000	-12.941927	-25.091880	0.136934	-250.038781	-0.038242	-190.659171	
3.849000	-12.882733	-25.091880	0.141071	-250.038169	-0.014879	-190.666562	
3.850000	-12.929243	-24.808517	0.146479	-250.037565	-0.034348	-190.673726	
3.851000	-12.963068	-24.938054	0.152160	-250.036969	-0.053818	-190.680819	
3.852000	-12.874276	-24.962342	0.157133	-250.036385	-0.053818	-190.688005	
3.853000	-12.937699	-24.873285	0.160683	-250.035813	-0.061606	-190.695434	
3.854000	-12.950384	-24.986631	0.162429	-250.035254	-0.069394	-190.703217	
3.855000	-12.950384	-24.929958	0.162134	-250.034708	-0.073288	-190.711412	
3.856000	-12.916558	-24.848997	0.159736	-250.034175	-0.131698	-190.720016	
3.857000	-12.899645	-25.027111	0.155867	-250.033655	-0.022667	-190.728973	
3.858000	-12.878504	-24.978535	0.151523	-250.033149	-0.049924	-190.738174	
3.859000	-12.975753	-24.784229	0.147331	-250.032653	0.043531	-190.747476	
3.860000	-12.933471	-24.848997	0.143651	-250.032169	0.016273	-190.756722	
3.861000	-12.874276	-24.986631	0.140567	-250.031698	0.024061	-190.765760	
3.862000	-12.958840	-24.929958	0.137793	-250.031239	-0.003197	-190.774462	
3.863000	-13.009579	-24.954246	0.135082	-250.030793	0.035743	-190.782744	
3.864000	-12.819310	-24.938054	0.132542	-250.030361	0.051319	-190.790573	
3.865000	-12.979981	-24.978535	0.130510	-250.029944	-0.042136	-190.797978	
3.866000	-12.992666	-24.954246	0.129260	-250.029539	0.000697	-190.805052	
3.867000	-12.996894	-24.881382	0.128735	-250.029149	-0.030454	-190.811929	
3.868000	-12.929243	-24.913766	0.128481	-250.028774	-0.065500	-190.818768	
3.869000	-12.920786	-24.938054	0.128072	-250.028414	-0.065500	-190.825730	
3.870000	-12.946156	-24.921862	0.127462	-250.028070	-0.061606	-190.832954	
3.871000	-12.971525	-24.881382	0.126729	-250.027742	-0.042136	-190.840531	
3.872000	-12.899645	-24.865189	0.125771	-250.027430	-0.007091	-190.848499	
3.873000	-12.857363	-25.099976	0.124845	-250.027133	0.008485	-190.856845	
3.874000	-12.988438	-24.954246	0.124950	-250.026855	-0.022667	-190.865502	
3.875000	-12.992666	-24.784229	0.126733	-250.026594	-0.010985	-190.874348	
3.876000	-12.874276	-24.962342	0.129849	-250.026352	-0.022667	-190.883232	
3.877000	-12.899645	-24.946150	0.133781	-250.026127	0.020167	-190.891998	
3.878000	-12.975753	-24.954246	0.138481	-250.025918	0.008485	-190.900504	
3.879000	-12.946156	-24.938054	0.144168	-250.025727	0.070789	-190.908644	
3.880000	-12.903874	-24.881382	0.150583	-250.025553	0.047425	-190.916355	
3.881000	-12.950384	-24.857093	0.157094	-250.025394	-0.030454	-190.923633	
3.882000	-12.967297	-24.848997	0.163513	-250.025249	-0.003197	-190.930531	
3.883000	-12.946156	-24.792325	0.169711	-250.025116	-0.010985	-190.937157	
3.884000	-13.034948	-24.938054	0.174968	-250.024997	-0.053818	-190.943658	
3.885000	-12.886961	-24.954246	0.178318	-250.024890	-0.073288	-190.950196	
3.886000	-12.971525	-24.873285	0.179174	-250.024797	-0.049924	-190.956931	
3.887000	-12.992666	-24.881382	0.177526	-250.024720	-0.049924	-190.963989	
3.888000	-12.865820	-24.962342	0.173563	-250.024658	-0.108334	-190.971445	
3.889000	-12.929243	-24.954246	0.167096	-250.024610	-0.014879	-190.979324	
3.890000	-12.958840	-24.857093	0.157624	-250.024576	-0.007091	-190.987594	
3.891000	-12.925015	-24.954246	0.145303	-250.024555	0.000697	-190.996167	
3.892000	-12.950384	-24.970438	0.131428	-250.024549	0.004591	-191.004906	
3.893000	-12.929243	-24.978535	0.117732	-250.024555	0.012379	-191.013659	
3.894000	-12.984209	-24.946150	0.105600	-250.024575	0.039637	-191.022268	
3.895000	-12.975753	-24.954246	0.095810	-250.024609	0.043531	-191.030592	
3.896000	-12.920786	-24.946150	0.088679	-250.024655	0.020167	-191.038535	
3.897000	-12.920786	-24.946150	0.084256	-250.024712	-0.010985	-191.046052	
3.898000	-12.984209	-24.946150	0.082527	-250.024777	0.043531	-191.053158	
3.899000	-12.954612	-24.865189	0.083524	-250.024850	-0.022667	-191.059924	
3.900000	-12.882733	-24.816613	0.086954	-250.024929	-0.069394	-191.066478	0.000000
3.901000	-12.899645	-24.986631	0.091948	-250.025014	-0.065500	-191.072976	
3.902000	-13.001122	-24.938054	0.097472	-250.025103	-0.049924	-191.079585	
3.903000	-12.895417	-24.921862	0.102804	-250.025195	-0.038242	-191.086456	
3.904000	-12.903874	-25.002823	0.107564	-250.025290	-0.069394	-191.093701	
3.905000	-12.912330	-24.921862	0.111643	-250.025389	-0.057712	-191.101380	
3.906000	-12.929243	-24.881382	0.114982	-250.025491	-0.026560	-191.109494	
3.907000	-12.925015	-24.905670	0.117226	-250.025596	-0.018773	-191.117980	
3.908000	-13.018035	-24.970438	0.117997	-250.025704	-0.030454	-191.126726	
3.909000	-12.878504	-25.067591	0.117418	-250.025816	0.024061	-191.135584	
3.910000	-12.988438	-24.921862	0.116041	-250.025932	0.035743	-191.144398	
3.911000	-12.954612	-24.840901	0.114482	-250.026051	-0.003197	-191.153008	
3.912000	-12.882733	-25.035207	0.113179	-250.026174	0.008485	-191.161281	
3.913000	-12.903874	-24.986631	0.112338	-250.026298	-0.018773	-191.169129	
3.914000	-13.018035	-25.027111	0.111876	-250.026423	0.016273	-191.176525	
3.915000	-12.929243	-24.848997	0.111393	-250.026548	-0.030454	-191.183499	
3.916000	-12.916558	-24.921862	0.110632	-250.026675	-0.030454	-191.190144	
3.917000	-12.925015	-24.889478	0.109646	-250.026802	-0.038242	-191.196602	
3.918000	-12.946156	-24.986631	0.108363	-250.026931	-0.038242	-191.203035	
3.919000	-12.912330	-24.848997	0.106657	-250.027062	-0.061606	-191.209608	
3.920000	-12.954612	-24.889478	0.104706	-250.027195	-0.088864	-191.216460	
3.921000	-12.882733	-25.027111	0.102909	-250.027327	-0.077182	-191.223689	
3.922000	-12.937699	-24.881382	0.101460	-250.027457	-0.057712	-191.231338	
3.923000	-12.937699	-24.889478	0.100274	-250.027584	0.027955	-191.239393	
3.924000	-12.916558	-25.002823	0.099340	-250.027710	-0.046030	-191.247781	
3.925000	-12.971525	-24.938054	0.098735	-250.027836	-0.003197	-191.256380	
3.926000	-12.971525	-24.986631	0.098536	-250.027963	-0.003197	-191.265043	
3.927000	-12.920786	-25.019015	0.098881	-250.028091	-0.014879	-191.273611	
3.928000	-12.929243	-24.954246	0.099823	-250.028221	-0.010985	-191.281940	
3.929000	-12.916558	-25.075688	0.101275	-250.028352	0.008485	-191.289927	
3.930000	-12.937699	-24.962342	0.103235	-250.028484	-0.081076	-191.297513	
3.931000	-12.967297	-24.994727	0.105929	-250.028620	-0.034348	-191.304690	
3.932000	-12.886961	-24.946150	0.109409	-250.028757	-0.034348	-191.311508	
3.933000	-12.891189	-25.043303	0.113278	-250.028897	-0.065500	-191.318076	
3.934000	-12.963068	-24.905670	0.117086	-250.029037	-0.104440	-191.324545	
3.935000	-12.996894	-24.881382	0.120607	-250.029179	-0.069394	-191.331080	
3.936000	-12.886961	-25.043303	0.123720	-250.029324	-0.100546	-191.337838	
3.937000	-12.895417	-25.059495	0.126235	-250.029470	-0.088864	-191.344945	
3.938000	-12.992666	-24.905670	0.127797	-250.029616	-0.030454	-191.352480	
3.939000	-12.946156	-25.002823	0.127737	-250.029764	-0.038242	-191.360465	
3.940000	-12.941927	-24.921862	0.125187	-250.029915	-0.018773	-191.368867	
3.941000	-12.912330	-24.954246	0.119994	-250.030070	-0.053818	-191.377596	
3.942000	-12.984209	-24.970438	0.113158	-250.030227	0.004591	-191.386518	
3.943000	-12.950384	-24.938054	0.106079	-250.030388	-0.007091	-191.395475	
3.944000	-12.937699	-25.010919	0.099885	-250.030552	0.008485	-191.404309	
3.945000	-12.925015	-25.083784	0.095137	-250.030721	-0.034348	-191.412883	
3.946000	-12.950384	-25.002823	0.091799	-250.030894	-0.003197	-191.421099	
3.947000	-12.979981	-24.946150	0.089700	-250.031070	-0.007091	-191.428910	
3.948000	-12.899645	-25.075688	0.088733	-250.031253	-0.003197	-191.436324	
3.949000	-12.916558	-25.027111	0.088634	-250.031444	-0.046030	-191.443413	
3.950000	-12.912330	-24.962342	0.089145	-250.031640	-0.061606	-191.450303	
3.951000	-12.937699	-24.970438	0.090112	-250.031839	-0.026560	-191.457146	
3.952000	-12.912330	-24.970438	0.091425	-250.032039	-0.030454	-191.464105	
3.953000	-12.929243	-25.010919	0.093298	-250.032239	-0.042136	-191.471336	
3.954000	-12.937699	-24.994727	0.096099	-250.032439	-0.127804	-191.478952	
3.955000	-12.958840	-24.946150	0.099624	-250.032639	-0.026560	-191.487014	
3.956000	-12.967297	-24.784229	0.103423	-250.032838	-0.018773	-191.495524	
3.957000	-12.891189	-25.051399	0.107575	-250.033036	-0.084970	-191.504427	
3.958000	-12.971525	-25.019015	0.112124	-250.033234	0.020167	-191.513612	
3.959000	-12.941927	-24.954246	0.116706	-250.033435	-0.065500	-191.522933	
3.960000	-12.891189	-25.019015	0.121073	-250.033640	-0.057712	-191.532222	
3.961000	-12.908102	-24.962342	0.124877	-250.033852	-0.046030	-191.541315	
3.962000	-12.984209	-24.921862	0.127439	-250.034069	0.012379	-191.550077	
3.963000	-12.865820	-25.019015	0.128305	-250.034291	0.020167	-191.558415	
3.964000	-12.870048	-24.986631	0.127859	-250.034520	0.000697	-191.566294	
3.965000	-12.908102	-24.994727	0.127241	-250.034758	0.004591	-191.573741	
3.966000	-12.954612	-24.929958	0.127330	-250.035006	-0.057712	-191.580842	
3.967000	-12.967297	-24.921862	0.128079	-250.035266	-0.096652	-191.587731	
3.968000	-12.908102	-24.986631	0.128936	-250.035540	-0.065500	-191.594564	
3.969000	-12.882733	-25.059495	0.129395	-250.035828	-0.073288	-191.601504	
3.970000	-12.971525	-24.970438	0.129152	-250.036130	-0.065500	-191.608694	
3.971000	-12.971525	-24.913766	0.127962	-250.036446	-0.046030	-191.616232	
3.972000	-12.925015	-24.889478	0.125350	-250.036774	-0.186213	-191.624160	
3.973000	-12.912330	-25.027111	0.120588	-250.037114	-0.077182	-191.632467	
3.974000	-12.963068	-24.938054	0.113344	-250.037467	-0.053818	-191.641088	
3.975000	-12.882733	-24.946150	0.104399	-250.037835	0.000697	-191.649903	
3.976000	-12.861592	-24.873285	0.095263	-250.038218	0.000697	-191.658760	
3.977000	-12.899645	-25.019015	0.087092	-250.038614	-0.038242	-191.667502	
3.978000	-12.933471	-24.954246	0.080265	-250.039024	-0.010985	-191.675986	
3.979000	-13.005350	-24.832805	0.074873	-250.039446	-0.018773	-191.684100	
3.980000	-13.034948	-24.970438	0.071304	-250.039880	-0.018773	-191.691777	
3.981000	-12.891189	-25.043303	0.070269	-250.040326	0.024061	-191.699005	
3.982000	-12.984209	-24.881382	0.072069	-250.040786	0.000697	-191.705831	
3.983000	-12.992666	-24.857093	0.076227	-250.041261	-0.018773	-191.712359	
3.984000	-12.865820	-24.986631	0.081922	-250.041748	0.004591	-191.718730	
3.985000	-12.895417	-25.059495	0.088332	-250.042245	-0.069394	-191.725106	
3.986000	-12.992666	-24.873285	0.094746	-250.042749	-0.057712	-191.731644	
3.987000	-12.941927	-24.929958	0.100525	-250.043261	-0.030454	-191.738472	
3.988000	-12.996894	-24.881382	0.105236	-250.043780	-0.104440	-191.745670	
3.989000	-12.933471	-25.002823	0.108935	-250.044307	-0.038242	-191.753271	
3.990000	-12.954612	-24.889478	0.111890	-250.044842	-0.030454	-191.761249	
3.991000	-12.967297	-24.929958	0.114140	-250.045381	-0.003197	-191.769522	
3.992000	-12.941927	-24.824709	0.115635	-250.045922	0.027955	-191.777961	
3.993000	-12.874276	-24.994727	0.116502	-250.046465	0.000697	-191.786419	
3.994000	-12.941927	-24.913766	0.116987	-250.047006	0.027955	-191.794743	
3.995000	-12.988438	-24.889478	0.117291	-250.047547	0.063001	-191.802799	
3.996000	-12.878504	-24.986631	0.117530	-250.048085	0.024061	-191.810491	
3.997000	-12.941927	-24.897574	0.117776	-250.048621	-0.034348	-191.817775	
3.998000	-12.963068	-24.881382	0.118172	-250.049154	0.059107	-191.824662	
3.999000	-12.954612	-24.921862	0.119032	-250.049686	-0.007091	-191.831220	
4.000000	-12.878504	-24.929958	0.120607	-250.050217	-0.018773	-191.837568	0.000000
4.001000	-12.946156	-24.962342	0.122678	-250.050749	-0.073288	-191.843861	
4.002000	-12.946156	-24.946150	0.124712	-250.051284	-0.046030	-191.850265	
4.003000	-12.954612	-24.873285	0.126338	-250.051823	-0.081076	-191.856930	
4.004000	-12.937699	-24.913766	0.127441	-250.052367	-0.026560	-191.863971	
4.005000	-12.870048	-24.816613	0.127884	-250.052916	-0.046030	-191.871451	
4.006000	-12.886961	-24.970438	0.127388	-250.053468	-0.042136	-191.879377	
4.007000	-12.958840	-25.027111	0.125925	-250.054024	0.004591	-191.887696	
4.008000	-12.874276	-25.213321	0.123884	-250.054581	-0.026560	-191.896298	
4.009000	-12.882733	-24.994727	0.121781	-250.055137	-0.022667	-191.905041	
4.010000	-12.992666	-24.889478	0.120132	-250.055692	0.047425	-191.913771	
4.011000	-12.954612	-24.929958	0.119388	-250.056243	0.012379	-191.922331	
4.012000	-12.899645	-24.986631	0.119805	-250.056792	0.035743	-191.930588	
4.013000	-12.937699	-24.857093	0.121400	-250.057337	0.004591	-191.938455	
4.014000	-12.916558	-25.035207	0.123853	-250.057879	0.012379	-191.945899	
4.015000	-12.882733	-24.938054	0.126566	-250.058420	0.047425	-191.952948	
4.016000	-12.920786	-24.881382	0.129110	-250.058961	0.000697	-191.959684	
4.017000	-12.979981	-25.019015	0.131350	-250.059503	-0.053818	-191.966245	
4.018000	-12.967297	-24.897574	0.133074	-250.060046	-0.053818	-191.972792	
4.019000	-13.001122	-24.913766	0.134072	-250.060592	-0.077182	-191.979489	
4.020000	-12.891189	-24.946150	0.134485	-250.061139	-0.092758	-191.986477	
4.021000	-12.903874	-25.051399	0.134604	-250.061688	-0.049924	-191.993852	
4.022000	-12.848907	-24.865189	0.134602	-250.062236	-0.053818	-192.001659	
4.023000	-12.933471	-24.938054	0.134437	-250.062781	-0.077182	-192.009891	
4.024000	-12.912330	-24.921862	0.133757	-250.063322	-0.049924	-192.018481	
4.025000	-12.886961	-24.946150	0.132312	-250.063860	0.000697	-192.027319	
4.026000	-12.950384	-24.865189	0.130448	-250.064392	0.024061	-192.036259	
4.027000	-12.929243	-24.832805	0.128778	-250.064921	0.035743	-192.045142	
4.028000	-12.937699	-24.994727	0.127818	-250.065448	-0.018773	-192.053820	
4.029000	-12.882733	-25.035207	0.127955	-250.065971	0.012379	-192.062174	
4.030000	-12.929243	-24.994727	0.129016	-250.066493	0.109728	-192.070141	
4.031000	-12.933471	-25.067591	0.130424	-250.067014	0.113622	-192.077709	
4.032000	-12.891189	-24.970438	0.132332	-250.067538	-0.046030	-192.084925	
4.033000	-12.886961	-24.994727	0.135320	-250.068067	-0.030454	-192.091899	
4.034000	-13.013807	-24.913766	0.139151	-250.068602	-0.003197	-192.098777	
4.035000	-12.912330	-24.962342	0.142972	-250.069144	-0.046030	-192.105721	
4.036000	-12.908102	-24.954246	0.146044	-250.069695	-0.065500	-192.112885	
4.037000	-12.933471	-24.946150	0.147910	-250.070252	-0.081076	-192.120403	
4.038000	-12.882733	-24.970438	0.148349	-250.070815	-0.077182	-192.128357	
4.039000	-12.954612	-24.768036	0.147494	-250.071387	-0.084970	-192.136776	
4.040000	-12.920786	-25.043303	0.145822	-250.071968	-0.003197	-192.145631	
4.041000	-12.882733	-25.010919	0.143718	-250.072558	-0.038242	-192.154842	
4.042000	-12.984209	-24.889478	0.141268	-250.073159	-0.065500	-192.164282	
4.043000	-12.979981	-24.921862	0.138519	-250.073770	-0.026560	-192.173799	
4.044000	-12.916558	-24.970438	0.135626	-250.074393	0.039637	-192.183231	
4.045000	-12.903874	-25.043303	0.132743	-250.075024	0.000697	-192.192439	
4.046000	-12.941927	-24.954246	0.130040	-250.075664	0.012379	-192.201326	
4.047000	-13.013807	-24.962342	0.127845	-250.076313	-0.065500	-192.209841	
4.048000	-12.941927	-24.905670	0.126666	-250.076969	0.059107	-192.217991	
4.049000	-12.912330	-24.994727	0.126968	-250.077631	-0.007091	-192.225846	
4.050000	-12.899645	-25.059495	0.128773	-250.078301	-0.014879	-192.233533	
4.051000	-12.963068	-24.881382	0.131495	-250.078976	-0.034348	-192.241204	
4.052000	-12.903874	-25.010919	0.134220	-250.079656	-0.057712	-192.249020	
4.053000	-12.912330	-25.010919	0.136010	-250.080340	-0.116122	-192.257131	
4.054000	-12.963068	-24.913766	0.136208	-250.081027	-0.069394	-192.265651	
4.055000	-12.958840	-24.978535	0.135100	-250.081717	-0.038242	-192.274644	
4.056000	-12.920786	-24.946150	0.133720	-250.082412	-0.003197	-192.284113	
4.057000	-12.920786	-24.832805	0.132642	-250.083110	-0.042136	-192.294003	
4.058000	-12.975753	-25.067591	0.131690	-250.083812	-0.057712	-192.304206	
4.059000	-12.941927	-25.116168	0.130543	-250.084517	-0.010985	-192.314575	
4.060000	-12.908102	-24.929958	0.129000	-250.085227	-0.014879	-192.324947	
4.061000	-12.908102	-25.019015	0.126960	-250.085941	0.000697	-192.335164	
4.062000	-12.971525	-24.929958	0.124445	-250.086658	0.000697	-192.345093	
4.063000	-12.975753	-24.873285	0.121604	-250.087378	-0.014879	-192.354642	
4.064000	-12.895417	-24.848997	0.118864	-250.088102	-0.053818	-192.363773	
4.065000	-12.878504	-24.970438	0.116939	-250.088829	-0.014879	-192.372511	
4.066000	-12.988438	-24.897574	0.116300	-250.089561	-0.003197	-192.380939	
4.067000	-12.958840	-25.002823	0.116688	-250.090297	-0.053818	-192.389189	
4.068000	-12.891189	-25.027111	0.117344	-250.091037	-0.057712	-192.397418	
4.069000	-12.958840	-25.075688	0.117524	-250.091780	-0.038242	-192.405788	
4.070000	-12.958840	-24.921862	0.116805	-250.092526	-0.007091	-192.414445	
4.071000	-12.933471	-24.938054	0.115167	-250.093275	-0.065500	-192.423488	
4.072000	-12.920786	-24.954246	0.112676	-250.094028	-0.084970	-192.432961	
4.073000	-12.954612	-25.002823	0.109170	-250.094786	-0.010985	-192.442856	
4.074000	-12.988438	-24.865189	0.104562	-250.095549	-0.014879	-192.453108	
4.075000	-12.950384	-24.986631	0.099158	-250.096318	-0.003197	-192.463601	
4.076000	-12.882733	-25.035207	0.093583	-250.097091	-0.049924	-192.474186	
4.077000	-12.870048	-25.059495	0.088450	-250.097869	0.000697	-192.484704	
4.078000	-12.996894	-24.889478	0.084000	-250.098649	0.012379	-192.495005	
4.079000	-12.916558	-25.010919	0.080337	-250.099430	0.031849	-192.504970	
4.080000	-12.903874	-24.929958	0.077680	-250.100214	0.000697	-192.514526	
4.081000	-12.996894	-24.994727	0.076095	-250.101004	-0.038242	-192.523658	
4.082000	-13.022263	-24.857093	0.075532	-250.101802	0.008485	-192.532408	
4.083000	-12.908102	-25.027111	0.076002	-250.102610	-0.038242	-192.540872	
4.084000	-12.950384	-24.929958	0.077410	-250.103426	-0.088864	-192.549188	
4.085000	-12.933471	-25.035207	0.079414	-250.104246	-0.038242	-192.557519	
4.086000	-12.941927	-24.954246	0.081505	-250.105068	-0.065500	-192.566024	
4.087000	-12.950384	-24.938054	0.083310	-250.105889	-0.077182	-192.574833	
4.088000	-12.933471	-25.108072	0.084719	-250.106709	-0.046030	-192.584030	
4.089000	-12.840451	-25.189033	0.085811	-250.107525	-0.127804	-192.593646	
4.090000	-13.022263	-24.954246	0.086723	-250.108336	-0.065500	-192.603659	
4.091000	-12.925015	-25.002823	0.087269	-250.109144	-0.038242	-192.613988	
4.092000	-12.874276	-25.229513	0.087107	-250.109949	-0.026560	-192.624502	
4.093000	-12.946156	-24.962342	0.086373	-250.110750	0.024061	-192.635048	
4.094000	-12.988438	-24.905670	0.085539	-250.111546	0.039637	-192.645468	
4.095000	-12.941927	-24.897574	0.084980	-250.112339	-0.003197	-192.655621	
4.096000	-12.937699	-25.002823	0.084859	-250.113129	0.012379	-192.665407	
4.097000	-12.958840	-24.938054	0.085244	-250.113913	0.000697	-192.674774	
4.098000	-12.946156	-24.848997	0.086320	-250.114694	0.024061	-192.683723	
4.099000	-12.946156	-25.035207	0.088320	-250.115472	0.008485	-192.692312	
4.100000	-12.963068	-25.019015	0.091155	-250.116247	-0.069394	-192.700658	0.000000
4.101000	-12.882733	-25.124264	0.094274	-250.117016	-0.065500	-192.708911	
4.102000	-13.013807	-24.873285	0.097007	-250.117776	-0.030454	-192.717236	
4.103000	-12.929243	-24.978535	0.098978	-250.118526	-0.065500	-192.725782	
4.104000	-12.912330	-24.962342	0.100121	-250.119266	-0.069394	-192.734665	
4.105000	-12.996894	-24.921862	0.100277	-250.119995	-0.057712	-192.743951	
4.106000	-12.992666	-24.921862	0.099256	-250.120714	-0.131698	-192.753652	
4.107000	-12.933471	-24.905670	0.097331	-250.121423	-0.049924	-192.763717	
4.108000	-12.929243	-24.938054	0.095025	-250.122121	-0.053818	-192.774042	
4.109000	-12.967297	-24.946150	0.092748	-250.122807	-0.069394	-192.784487	
4.110000	-12.988438	-24.832805	0.090958	-250.123481	-0.010985	-192.794897	
4.111000	-12.950384	-24.905670	0.090101	-250.124142	-0.010985	-192.805113	
4.112000	-12.886961	-24.954246	0.090450	-250.124788	0.000697	-192.814997	
4.113000	-12.882733	-25.261897	0.092159	-250.125418	-0.007091	-192.824458	
4.114000	-13.030720	-24.889478	0.095206	-250.126032	-0.003197	-192.833457	
4.115000	-12.903874	-24.970438	0.099408	-250.126631	-0.018773	-192.842016	
4.116000	-12.908102	-25.019015	0.104559	-250.127214	-0.022667	-192.850218	
4.117000	-12.946156	-24.946150	0.110286	-250.127781	-0.061606	-192.858198	
4.118000	-12.975753	-24.954246	0.115924	-250.128335	-0.014879	-192.866116	
4.119000	-12.920786	-24.897574	0.120950	-250.128876	-0.057712	-192.874136	
4.120000	-12.920786	-25.051399	0.125406	-250.129405	-0.049924	-192.882401	
4.121000	-12.937699	-24.978535	0.129513	-250.129923	-0.046030	-192.891017	
4.122000	-12.933471	-24.865189	0.133144	-250.130429	-0.053818	-192.900036	
4.123000	-12.899645	-25.010919	0.135861	-250.130920	-0.018773	-192.909449	
4.124000	-12.895417	-25.124264	0.137097	-250.131397	-0.038242	-192.919193	
4.125000	-12.963068	-25.019015	0.136544	-250.131859	-0.018773	-192.929155	
4.126000	-12.979981	-24.986631	0.134641	-250.132307	0.024061	-192.939190	
4.127000	-12.895417	-24.954246	0.132343	-250.132743	-0.049924	-192.949139	
4.128000	-12.891189	-25.019015	0.130420	-250.133167	0.008485	-192.958848	
4.129000	-12.941927	-24.921862	0.129121	-250.133579	0.012379	-192.968198	
4.130000	-13.051861	-24.978535	0.128604	-250.133977	0.059107	-192.977116	
4.131000	-12.891189	-24.986631	0.129363	-250.134363	0.004591	-192.985581	
4.132000	-12.929243	-24.792325	0.131538	-250.134737	-0.046030	-192.993634	
4.133000	-12.975753	-25.002823	0.134619	-250.135098	-0.038242	-193.001373	
4.134000	-12.963068	-25.075688	0.138132	-250.135447	-0.077182	-193.008939	
4.135000	-12.941927	-24.946150	0.141797	-250.135785	-0.057712	-193.016489	
4.136000	-12.908102	-25.043303	0.145241	-250.136113	-0.073288	-193.024181	
4.137000	-12.870048	-25.010919	0.148040	-250.136431	-0.084970	-193.032149	
4.138000	-12.950384	-24.913766	0.150003	-250.136738	-0.084970	-193.040481	
4.139000	-12.908102	-25.035207	0.151147	-250.137034	-0.096652	-193.049210	
4.140000	-12.916558	-24.986631	0.151356	-250.137316	-0.053818	-193.058316	
4.141000	-12.933471	-24.929958	0.150367	-250.137586	-0.018773	-193.067723	
4.142000	-12.971525	-24.857093	0.148268	-250.137842	-0.010985	-193.077306	
4.143000	-12.882733	-24.978535	0.145751	-250.138085	-0.022667	-193.086908	
4.144000	-12.929243	-24.954246	0.143544	-250.138314	0.024061	-193.096371	
4.145000	-12.950384	-24.913766	0.141842	-250.138530	0.031849	-193.105555	
4.146000	-12.954612	-25.027111	0.140449	-250.138732	-0.018773	-193.114362	
4.147000	-12.984209	-25.059495	0.139274	-250.138922	0.082471	-193.122739	
4.148000	-12.950384	-25.059495	0.138614	-250.139099	0.000697	-193.130691	
4.149000	-12.933471	-24.962342	0.139007	-250.139262	-0.026560	-193.138282	
4.150000	-13.001122	-24.832805	0.140775	-250.139409	-0.049924	-193.145632	
4.151000	-12.895417	-24.938054	0.143729	-250.139542	-0.057712	-193.152891	
4.152000	-12.882733	-25.002823	0.147335	-250.139664	-0.088864	-193.160224	
4.153000	-12.946156	-24.954246	0.151121	-250.139777	-0.088864	-193.167789	
4.154000	-12.971525	-24.978535	0.154825	-250.139882	-0.077182	-193.175705	
4.155000	-12.870048	-24.848997	0.158291	-250.139977	-0.053818	-193.184039	
4.156000	-12.844679	-25.180937	0.161650	-250.140062	-0.026560	-193.192806	
4.157000	-12.916558	-24.905670	0.165225	-250.140132	-0.030454	-193.201960	
4.158000	-12.925015	-24.946150	0.168843	-250.140188	0.000697	-193.211400	
4.159000	-12.903874	-25.019015	0.171930	-250.140229	-0.010985	-193.220983	
4.160000	-12.912330	-24.970438	0.174227	-250.140255	0.035743	-193.230546	
4.161000	-12.908102	-25.035207	0.175759	-250.140267	-0.007091	-193.239932	
4.162000	-12.967297	-24.978535	0.176448	-250.140267	-0.007091	-193.249000	
4.163000	-12.937699	-24.905670	0.176136	-250.140254	-0.007091	-193.257656	
4.164000	-12.920786	-24.946150	0.174727	-250.140227	0.051319	-193.265860	
4.165000	-12.967297	-24.994727	0.172239	-250.140186	-0.038242	-193.273633	
4.166000	-12.954612	-24.994727	0.168893	-250.140132	-0.014879	-193.281053	
4.167000	-12.836222	-24.962342	0.164973	-250.140066	-0.030454	-193.288248	
4.168000	-12.920786	-25.002823	0.160533	-250.139984	-0.084970	-193.295378	
4.169000	-12.988438	-24.929958	0.155529	-250.139886	-0.046030	-193.302608	
4.170000	-12.903874	-25.010919	0.150089	-250.139770	-0.034348	-193.310086	
4.171000	-12.925015	-24.905670	0.144441	-250.139636	-0.061606	-193.317918	
4.172000	-12.912330	-24.962342	0.138864	-250.139483	-0.022667	-193.326157	
4.173000	-12.937699	-24.913766	0.133684	-250.139308	-0.069394	-193.334800	
4.174000	-12.941927	-24.929958	0.129078	-250.139108	0.004591	-193.343781	
4.175000	-12.908102	-24.962342	0.125025	-250.138881	-0.077182	-193.352984	
4.176000	-12.899645	-25.205225	0.121594	-250.138625	-0.034348	-193.362264	
4.177000	-12.941927	-24.921862	0.118953	-250.138342	0.020167	-193.371462	
4.178000	-12.992666	-24.929958	0.117087	-250.138030	-0.010985	-193.380423	
4.179000	-12.895417	-24.962342	0.115880	-250.137690	0.031849	-193.389018	
4.180000	-12.941927	-24.897574	0.115179	-250.137322	-0.034348	-193.397171	
4.181000	-13.009579	-24.865189	0.114614	-250.136925	-0.088864	-193.404860	
4.182000	-12.920786	-24.954246	0.113834	-250.136500	-0.026560	-193.412127	
4.183000	-12.870048	-24.929958	0.112875	-250.136048	-0.038242	-193.419070	
4.184000	-12.933471	-24.986631	0.111855	-250.135568	-0.030454	-193.425831	
4.185000	-12.925015	-24.938054	0.110591	-250.135061	-0.069394	-193.432573	
4.186000	-12.937699	-24.913766	0.108933	-250.134525	-0.030454	-193.439454	
4.187000	-12.908102	-25.002823	0.107101	-250.133961	-0.077182	-193.446607	
4.188000	-12.874276	-25.083784	0.105390	-250.133368	-0.069394	-193.454120	
4.189000	-12.958840	-25.027111	0.103897	-250.132745	-0.049924	-193.462031	
4.190000	-12.912330	-25.035207	0.102731	-250.132092	0.031849	-193.470323	
4.191000	-12.899645	-24.938054	0.102005	-250.131409	-0.053818	-193.478919	
4.192000	-12.933471	-24.962342	0.101612	-250.130692	0.012379	-193.487699	
4.193000	-13.001122	-24.905670	0.101492	-250.129941	-0.007091	-193.496513	
4.194000	-12.941927	-24.938054	0.101695	-250.129156	0.024061	-193.505205	
4.195000	-12.925015	-24.954246	0.102067	-250.128338	-0.010985	-193.513634	
4.196000	-12.950384	-25.002823	0.102422	-250.127487	0.020167	-193.521698	
4.197000	-12.916558	-24.994727	0.102790	-250.126603	-0.022667	-193.529348	
4.198000	-13.022263	-24.913766	0.103300	-250.125689	0.008485	-193.536582	
4.199000	-12.950384	-24.929958	0.104101	-250.124746	-0.046030	-193.543459	
4.200000	-12.886961	-25.010919	0.105212	-250.123776	-0.030454	-193.550092	0.000000
4.201000	-12.967297	-24.946150	0.106431	-250.122782	0.016273	-193.556629	
4.202000	-12.979981	-24.905670	0.107629	-250.121765	-0.010985	-193.563232	
4.203000	-12.878504	-24.946150	0.108917	-250.120728	-0.061606	-193.570052	
4.204000	-12.891189	-24.978535	0.110354	-250.119670	-0.042136	-193.577211	
4.205000	-12.971525	-25.116168	0.111723	-250.118590	-0.034348	-193.584783	
4.206000	-12.903874	-24.865189	0.112483	-250.117490	-0.014879	-193.592781	
4.207000	-12.912330	-24.938054	0.111848	-250.116370	-0.084970	-193.601160	
4.208000	-12.937699	-25.002823	0.109358	-250.115229	-0.003197	-193.609822	
4.209000	-12.941927	-24.768036	0.105386	-250.114066	0.012379	-193.618630	
4.210000	-12.954612	-24.889478	0.100858	-250.112883	0.008485	-193.627426	
4.211000	-12.903874	-24.970438	0.096641	-250.111679	-0.003197	-193.636049	
4.212000	-12.870048	-24.994727	0.093236	-250.110454	0.012379	-193.644362	
4.213000	-12.963068	-24.816613	0.090847	-250.109208	0.051319	-193.652271	
4.214000	-12.992666	-24.978535	0.089731	-250.107942	0.008485	-193.659736	
4.215000	-12.899645	-24.970438	0.090412	-250.106656	-0.049924	-193.666769	
4.216000	-12.933471	-24.986631	0.093018	-250.105349	-0.034348	-193.673446	
4.217000	-12.963068	-24.832805	0.096878	-250.104022	-0.030454	-193.679896	
4.218000	-12.958840	-24.913766	0.101072	-250.102675	-0.042136	-193.686276	
4.219000	-12.908102	-24.946150	0.104835	-250.101309	-0.061606	-193.692749	
4.220000	-12.933471	-25.002823	0.107757	-250.099924	-0.061606	-193.699463	
4.221000	-12.954612	-24.921862	0.109980	-250.098519	-0.049924	-193.706527	
4.222000	-12.946156	-25.043303	0.111807	-250.097096	-0.069394	-193.713994	
4.223000	-12.988438	-25.002823	0.113172	-250.095655	-0.069394	-193.721863	
4.224000	-12.857363	-24.986631	0.113786	-250.094195	-0.077182	-193.730077	
4.225000	-12.954612	-24.759940	0.113573	-250.092716	-0.010985	-193.738527	
4.226000	-12.937699	-24.970438	0.112821	-250.091220	-0.030454	-193.747070	
4.227000	-12.874276	-24.970438	0.111971	-250.089708	-0.053818	-193.755543	
4.228000	-12.903874	-24.962342	0.111402	-250.088178	0.012379	-193.763798	
4.229000	-12.971525	-24.929958	0.111378	-250.086631	-0.007091	-193.771712	
4.230000	-12.933471	-24.848997	0.111974	-250.085065	0.020167	-193.779206	
4.231000	-12.950384	-24.905670	0.113168	-250.083481	-0.010985	-193.786255	
4.232000	-12.920786	-25.010919	0.114997	-250.081879	-0.042136	-193.792892	
4.233000	-12.912330	-24.986631	0.117416	-250.080263	-0.014879	-193.799213	
4.234000	-12.996894	-24.938054	0.120100	-250.078634	-0.010985	-193.805357	
4.235000	-12.925015	-24.986631	0.122557	-250.076995	-0.053818	-193.811484	
4.236000	-12.886961	-25.067591	0.124341	-250.075348	-0.104440	-193.817753	
4.237000	-12.958840	-24.913766	0.125074	-250.073691	-0.096652	-193.824300	
4.238000	-12.916558	-24.986631	0.124481	-250.072027	-0.046030	-193.831214	
4.239000	-12.925015	-25.180937	0.122651	-250.070355	-0.127804	-193.838531	
4.240000	-12.908102	-25.067591	0.120369	-250.068674	-0.014879	-193.846235	
4.241000	-12.984209	-24.929958	0.118865	-250.066982	-0.065500	-193.854256	
4.242000	-12.891189	-24.776133	0.118737	-250.065280	-0.046030	-193.862473	
4.243000	-12.899645	-24.954246	0.119639	-250.063569	-0.046030	-193.870734	
4.244000	-12.929243	-25.027111	0.121147	-250.061848	0.024061	-193.878886	
4.245000	-12.963068	-24.962342	0.123085	-250.060118	0.004591	-193.886792	
4.246000	-12.950384	-24.938054	0.125359	-250.058380	-0.003197	-193.894350	
4.247000	-12.874276	-25.083784	0.127974	-250.056636	-0.034348	-193.901504	
4.248000	-12.903874	-25.197129	0.130698	-250.054886	-0.030454	-193.908251	
4.249000	-12.925015	-25.019015	0.132949	-250.053132	-0.018773	-193.914646	
4.250000	-12.882733	-25.027111	0.134373	-250.051376	-0.042136	-193.920797	
4.251000	-12.836222	-25.002823	0.134962	-250.049622	-0.034348	-193.926843	
4.252000	-12.933471	-25.002823	0.134747	-250.047866	-0.061606	-193.932945	
4.253000	-12.992666	-25.019015	0.133951	-250.046109	-0.084970	-193.939253	
4.254000	-12.903874	-25.010919	0.133143	-250.044349	-0.049924	-193.945886	
4.255000	-12.963068	-24.986631	0.132593	-250.042589	-0.084970	-193.952916	
4.256000	-12.895417	-24.946150	0.132062	-250.040831	-0.127804	-193.960359	
4.257000	-12.975753	-24.865189	0.131610	-250.039075	-0.073288	-193.968173	
4.258000	-12.912330	-24.848997	0.131469	-250.037321	0.004591	-193.976259	
4.259000	-12.899645	-25.172840	0.131603	-250.035568	-0.003197	-193.984479	
4.260000	-12.874276	-25.059495	0.132125	-250.033816	-0.057712	-193.992682	
4.261000	-12.967297	-24.913766	0.133201	-250.032064	0.008485	-194.000712	
4.262000	-12.971525	-24.938054	0.134644	-250.030312	-0.003197	-194.008435	
4.263000	-12.933471	-24.954246	0.136139	-250.028561	-0.042136	-194.015754	
4.264000	-12.950384	-24.897574	0.137765	-250.026813	0.004591	-194.022629	
4.265000	-13.009579	-24.978535	0.140201	-250.025067	-0.018773	-194.029075	
4.266000	-12.971525	-24.954246	0.144059	-250.023325	0.008485	-194.035166	
4.267000	-12.874276	-24.865189	0.149076	-250.021587	-0.049924	-194.041024	
4.268000	-12.937699	-25.027111	0.154272	-250.019853	-0.026560	-194.046806	
4.269000	-12.933471	-24.962342	0.158645	-250.018122	-0.081076	-194.052674	
4.270000	-12.933471	-24.913766	0.161575	-250.016395	-0.104440	-194.058772	
4.271000	-12.920786	-25.002823	0.162855	-250.014673	-0.100546	-194.065206	
4.272000	-12.874276	-24.938054	0.162527	-250.012955	-0.092758	-194.072028	
4.273000	-12.950384	-24.873285	0.161078	-250.011241	-0.077182	-194.079236	
4.274000	-12.941927	-24.897574	0.159527	-250.009530	-0.022667	-194.086770	
4.275000	-12.874276	-25.027111	0.158512	-250.007824	0.012379	-194.094514	
4.276000	-12.912330	-25.010919	0.157988	-250.006123	-0.003197	-194.102320	
4.277000	-12.992666	-24.929958	0.157989	-250.004427	0.000697	-194.110027	
4.278000	-12.933471	-24.913766	0.158562	-250.002737	-0.003197	-194.117476	
4.279000	-12.870048	-24.921862	0.159348	-250.001054	-0.003197	-194.124541	
4.280000	-12.950384	-24.962342	0.159936	-249.999378	0.051319	-194.131143	
4.281000	-12.920786	-24.840901	0.160530	-249.997707	-0.010985	-194.137259	
4.282000	-12.954612	-24.913766	0.161988	-249.996043	-0.022667	-194.142922	
4.283000	-12.908102	-24.978535	0.164810	-249.994386	-0.053818	-194.148228	
4.284000	-12.874276	-24.808517	0.168480	-249.992736	-0.112228	-194.153318	
4.285000	-12.967297	-24.986631	0.171987	-249.991093	-0.034348	-194.158355	
4.286000	-12.971525	-24.857093	0.174491	-249.989456	-0.057712	-194.163500	
4.287000	-12.878504	-24.986631	0.175570	-249.987826	-0.084970	-194.168888	
4.288000	-12.912330	-25.116168	0.175187	-249.986205	-0.042136	-194.174615	
4.289000	-12.920786	-24.857093	0.173514	-249.984593	-0.034348	-194.180719	
4.290000	-12.996894	-24.970438	0.170533	-249.982991	0.051319	-194.187184	
4.291000	-12.929243	-24.994727	0.165820	-249.981400	-0.038242	-194.193934	
4.292000	-12.819310	-24.897574	0.159275	-249.979820	0.008485	-194.200847	
4.293000	-12.963068	-24.905670	0.151681	-249.978249	0.000697	-194.207774	
4.294000	-12.958840	-24.832805	0.144020	-249.976687	0.024061	-194.214557	
4.295000	-12.899645	-24.994727	0.136949	-249.975134	0.012379	-194.221056	
4.296000	-12.891189	-25.027111	0.130855	-249.973590	-0.030454	-194.227171	
4.297000	-13.060317	-24.881382	0.125705	-249.972056	-0.038242	-194.232847	
4.298000	-13.001122	-24.897574	0.121332	-249.970533	-0.007091	-194.238084	
4.299000	-12.886961	-25.059495	0.118026	-249.969021	-0.034348	-194.242942	
4.300000	-13.018035	-24.929958	0.116246	-249.967519	-0.018773	-194.247537	0.000000
4.301000	-12.963068	-24.832805	0.115976	-249.966029	-0.022667	-194.252024	
4.302000	-12.912330	-24.889478	0.116798	-249.964551	-0.046030	-194.256565	
4.303000	-12.908102	-24.938054	0.118356	-249.963085	-0.081076	-194.261316	
4.304000	-12.963068	-24.946150	0.120460	-249.961628	-0.092758	-194.266406	
4.305000	-12.979981	-25.002823	0.122865	-249.960182	-0.030454	-194.271911	
4.306000	-12.878504	-24.913766	0.125188	-249.958747	-0.084970	-194.277854	
4.307000	-12.882733	-24.889478	0.127008	-249.957326	-0.057712	-194.284198	
4.308000	-12.878504	-25.051399	0.128021	-249.955919	0.004591	-194.290851	
4.309000	-13.034948	-24.889478	0.128226	-249.954529	-0.053818	-194.297679	
4.310000	-12.963068	-24.905670	0.128007	-249.953158	0.004591	-194.304525	
4.311000	-12.908102	-24.970438	0.127784	-249.951808	0.000697	-194.311231	
4.312000	-12.929243	-24.873285	0.127621	-249.950480	0.016273	-194.317659	
4.313000	-12.996894	-24.954246	0.127308	-249.949173	0.012379	-194.323715	
4.314000	-12.886961	-24.905670	0.126790	-249.947889	-0.022667	-194.329353	
4.315000	-13.022263	-25.043303	0.126229	-249.946624	0.000697	-194.334587	
4.316000	-12.946156	-24.970438	0.125594	-249.945376	-0.010985	-194.339497	
4.317000	-12.925015	-24.962342	0.124761	-249.944147	-0.046030	-194.344213	
4.318000	-12.920786	-24.921862	0.123746	-249.942934	-0.053818	-194.348891	
4.319000	-12.891189	-24.946150	0.122513	-249.941737	-0.030454	-194.353696	
4.320000	-12.941927	-24.921862	0.120800	-249.940553	-0.061606	-194.358778	
4.321000	-12.963068	-24.905670	0.118172	-249.939382	-0.042136	-194.364251	
4.322000	-12.908102	-24.954246	0.114488	-249.938225	-0.065500	-194.370171	
4.323000	-12.827766	-25.035207	0.110014	-249.937083	-0.081076	-194.376537	
4.324000	-12.912330	-24.865189	0.105006	-249.935956	-0.081076	-194.383292	
4.325000	-12.950384	-24.889478	0.099797	-249.934845	-0.014879	-194.390327	
4.326000	-12.865820	-24.889478	0.095043	-249.933749	-0.057712	-194.397497	
4.327000	-12.886961	-25.002823	0.091457	-249.932665	0.004591	-194.404637	
4.328000	-12.937699	-24.994727	0.089566	-249.931593	0.031849	-194.411593	
4.329000	-12.971525	-24.905670	0.089784	-249.930533	0.027955	-194.418235	
4.330000	-12.899645	-24.889478	0.092324	-249.929485	0.027955	-194.424481	
4.331000	-12.899645	-24.946150	0.097087	-249.928449	0.043531	-194.430301	
4.332000	-12.933471	-25.091880	0.103776	-249.927422	-0.049924	-194.435731	
4.333000	-12.979981	-24.873285	0.111802	-249.926401	-0.022667	-194.440862	
4.334000	-12.958840	-25.051399	0.120221	-249.925388	-0.003197	-194.445831	
4.335000	-12.874276	-24.978535	0.128013	-249.924380	-0.061606	-194.450793	
4.336000	-12.929243	-24.913766	0.134506	-249.923379	-0.049924	-194.455911	
4.337000	-12.996894	-24.946150	0.139600	-249.922387	-0.081076	-194.461323	
4.338000	-12.929243	-24.784229	0.143397	-249.921405	-0.092758	-194.467121	
4.339000	-12.920786	-24.946150	0.145763	-249.920434	-0.084970	-194.473344	
4.340000	-12.967297	-24.986631	0.146499	-249.919475	-0.026560	-194.479984	
4.341000	-12.979981	-24.938054	0.145639	-249.918529	-0.046030	-194.486974	
4.342000	-12.895417	-24.970438	0.143427	-249.917599	0.016273	-194.494196	
4.343000	-12.899645	-24.994727	0.140361	-249.916683	-0.022667	-194.501504	
4.344000	-12.912330	-25.035207	0.137178	-249.915783	-0.038242	-194.508744	
4.345000	-12.979981	-24.905670	0.134516	-249.914897	-0.022667	-194.515775	
4.346000	-12.933471	-24.954246	0.132584	-249.914025	0.020167	-194.522489	
4.347000	-12.840451	-24.970438	0.131105	-249.913168	-0.065500	-194.528826	
4.348000	-12.916558	-24.994727	0.129884	-249.912326	-0.034348	-194.534783	
4.349000	-13.001122	-24.954246	0.129519	-249.911501	0.004591	-194.540414	
4.350000	-12.920786	-24.905670	0.130621	-249.910694	-0.014879	-194.545829	
4.351000	-12.848907	-24.897574	0.132784	-249.909904	-0.053818	-194.551173	
4.352000	-12.946156	-24.962342	0.135114	-249.909130	-0.057712	-194.556608	
4.353000	-12.963068	-24.929958	0.136908	-249.908373	-0.049924	-194.562287	
4.354000	-12.941927	-24.954246	0.137609	-249.907634	-0.088864	-194.568329	
4.355000	-12.996894	-25.019015	0.136772	-249.906911	-0.046030	-194.574810	
4.356000	-12.844679	-24.994727	0.134303	-249.906204	-0.026560	-194.581751	
4.357000	-12.967297	-24.913766	0.130507	-249.905509	-0.049924	-194.589120	
4.358000	-12.925015	-24.938054	0.125767	-249.904827	-0.030454	-194.596827	
4.359000	-12.802397	-24.986631	0.120435	-249.904159	-0.081076	-194.604741	
4.360000	-12.925015	-24.986631	0.115008	-249.903505	-0.030454	-194.612709	
4.361000	-12.992666	-24.962342	0.110039	-249.902863	0.031849	-194.620572	
4.362000	-12.895417	-25.027111	0.105765	-249.902234	0.004591	-194.628191	
4.363000	-12.950384	-24.921862	0.102035	-249.901619	-0.014879	-194.635469	
4.364000	-12.967297	-24.938054	0.098818	-249.901020	0.051319	-194.642363	
4.365000	-13.005350	-25.010919	0.096436	-249.900435	-0.073288	-194.648884	
4.366000	-12.899645	-24.913766	0.095103	-249.899867	-0.022667	-194.655100	
4.367000	-12.925015	-24.994727	0.094729	-249.899317	-0.010985	-194.661130	
4.368000	-12.929243	-25.051399	0.095077	-249.898785	-0.053818	-194.667129	
4.369000	-13.005350	-24.929958	0.095772	-249.898273	-0.007091	-194.673257	
4.370000	-12.916558	-24.954246	0.096584	-249.897782	-0.069394	-194.679659	
4.371000	-12.895417	-25.027111	0.097639	-249.897312	-0.084970	-194.686442	
4.372000	-12.925015	-24.881382	0.098929	-249.896862	-0.007091	-194.693664	
4.373000	-13.005350	-24.986631	0.099921	-249.896431	-0.057712	-194.701327	
4.374000	-12.853135	-24.946150	0.099839	-249.896020	-0.026560	-194.709371	
4.375000	-12.908102	-24.929958	0.098301	-249.895626	0.004591	-194.717689	
4.376000	-12.937699	-25.261897	0.095624	-249.895249	-0.022667	-194.726138	
4.377000	-12.975753	-24.905670	0.092491	-249.894886	-0.049924	-194.734563	
4.378000	-12.937699	-24.897574	0.089538	-249.894538	-0.007091	-194.742811	
4.379000	-12.899645	-25.043303	0.087165	-249.894206	0.035743	-194.750753	
4.380000	-12.992666	-24.978535	0.085554	-249.893892	0.020167	-194.758308	
4.381000	-13.043404	-24.905670	0.084818	-249.893595	0.024061	-194.765446	
4.382000	-12.912330	-25.059495	0.085012	-249.893319	-0.018773	-194.772197	
4.383000	-12.903874	-25.019015	0.086095	-249.893063	-0.034348	-194.778646	
4.384000	-12.979981	-24.970438	0.087897	-249.892827	-0.034348	-194.784929	
4.385000	-12.941927	-24.978535	0.090055	-249.892609	-0.061606	-194.791201	
4.386000	-12.882733	-24.954246	0.092223	-249.892408	-0.081076	-194.797616	
4.387000	-12.933471	-24.905670	0.094207	-249.892223	-0.061606	-194.804308	
4.388000	-12.950384	-24.962342	0.095712	-249.892054	-0.073288	-194.811371	
4.389000	-12.933471	-24.857093	0.096674	-249.891900	-0.010985	-194.818844	
4.390000	-12.954612	-24.848997	0.097438	-249.891761	-0.026560	-194.826712	
4.391000	-12.933471	-25.116168	0.097812	-249.891634	-0.057712	-194.834909	
4.392000	-12.967297	-24.970438	0.097283	-249.891520	-0.007091	-194.843320	
4.393000	-13.030720	-24.905670	0.096127	-249.891422	0.016273	-194.851800	
4.394000	-12.916558	-24.978535	0.095000	-249.891343	-0.034348	-194.860193	
4.395000	-12.886961	-24.978535	0.094243	-249.891285	0.024061	-194.868357	
4.396000	-12.992666	-24.954246	0.094200	-249.891247	0.043531	-194.876186	
4.397000	-12.958840	-25.164744	0.095549	-249.891229	-0.014879	-194.883619	
4.398000	-12.882733	-25.027111	0.099100	-249.891235	-0.026560	-194.890645	
4.399000	-12.920786	-24.962342	0.105169	-249.891264	0.031849	-194.897317	
4.400000	-12.916558	-24.954246	0.113183	-249.891321	-0.042136	-194.903743	0.000000
4.401000	-12.979981	-24.970438	0.122022	-249.891407	-0.096652	-194.910068	
4.402000	-12.950384	-24.889478	0.130494	-249.891522	-0.069394	-194.916450	
4.403000	-12.895417	-24.970438	0.137673	-249.891667	-0.042136	-194.923043	
4.404000	-12.912330	-25.027111	0.143066	-249.891842	-0.073288	-194.929975	
4.405000	-13.030720	-24.873285	0.146541	-249.892044	0.020167	-194.937323	
4.406000	-12.899645	-25.019015	0.147977	-249.892275	-0.030454	-194.945109	
4.407000	-12.886961	-24.929958	0.146979	-249.892535	-0.088864	-194.953303	
4.408000	-12.916558	-24.954246	0.143359	-249.892827	0.008485	-194.961821	
4.409000	-13.056089	-24.938054	0.137739	-249.893151	0.000697	-194.970532	
4.410000	-12.882733	-24.921862	0.131278	-249.893506	0.000697	-194.979282	
4.411000	-12.903874	-24.994727	0.124988	-249.893889	0.012379	-194.987910	
4.412000	-12.950384	-24.986631	0.119396	-249.894301	0.043531	-194.996280	
4.413000	-12.967297	-24.978535	0.114704	-249.894739	-0.003197	-195.004293	
4.414000	-12.979981	-24.719460	0.111238	-249.895204	-0.003197	-195.011904	
4.415000	-12.895417	-24.929958	0.109755	-249.895692	-0.014879	-195.019127	
4.416000	-12.941927	-24.962342	0.110992	-249.896202	-0.030454	-195.026038	
4.417000	-13.106827	-24.905670	0.114827	-249.896733	-0.042136	-195.032763	
4.418000	-12.916558	-24.954246	0.120276	-249.897284	-0.065500	-195.039456	
4.419000	-12.908102	-24.954246	0.126243	-249.897851	-0.057712	-195.046283	
4.420000	-13.018035	-24.840901	0.131979	-249.898434	-0.022667	-195.053398	
4.421000	-12.958840	-24.970438	0.137048	-249.899032	-0.026560	-195.060913	
4.422000	-12.861592	-24.735652	0.141250	-249.899644	-0.108334	-195.068886	
4.423000	-12.848907	-25.294282	0.144259	-249.900271	-0.077182	-195.077322	
4.424000	-12.933471	-25.067591	0.145283	-249.900909	-0.007091	-195.086168	
4.425000	-12.916558	-24.816613	0.143819	-249.901559	0.000697	-195.095315	
4.426000	-13.022263	-24.962342	0.140327	-249.902222	-0.003197	-195.104613	
4.427000	-12.929243	-25.019015	0.135889	-249.902897	-0.022667	-195.113902	
4.428000	-12.937699	-24.954246	0.131770	-249.903586	-0.007091	-195.123026	
4.429000	-12.984209	-24.905670	0.128969	-249.904290	0.043531	-195.131849	
4.430000	-12.946156	-24.921862	0.127860	-249.905010	-0.014879	-195.140284	
4.431000	-12.895417	-24.881382	0.128276	-249.905747	-0.046030	-195.148294	
4.432000	-12.954612	-25.002823	0.129850	-249.906500	-0.003197	-195.155911	
4.433000	-12.984209	-24.889478	0.132298	-249.907272	-0.046030	-195.163222	
4.434000	-12.886961	-24.970438	0.135302	-249.908062	-0.096652	-195.170359	
4.435000	-12.908102	-24.994727	0.138334	-249.908870	-0.038242	-195.177480	
4.436000	-12.946156	-24.881382	0.140998	-249.909696	-0.065500	-195.184744	
4.437000	-12.920786	-24.881382	0.143253	-249.910539	-0.046030	-195.192290	
4.438000	-12.937699	-24.970438	0.145067	-249.911399	-0.061606	-195.200213	
4.439000	-12.886961	-25.091880	0.146090	-249.912274	-0.069394	-195.208558	
4.440000	-12.891189	-24.792325	0.145660	-249.913161	-0.053818	-195.217314	
4.441000	-12.988438	-24.905670	0.143286	-249.914060	-0.014879	-195.226414	
4.442000	-12.870048	-25.019015	0.139198	-249.914972	-0.038242	-195.235735	
4.443000	-12.865820	-24.970438	0.134248	-249.915896	-0.030454	-195.245124	
4.444000	-12.967297	-25.010919	0.129369	-249.916831	0.008485	-195.254423	
4.445000	-12.941927	-24.994727	0.125175	-249.917778	0.008485	-195.263483	
4.446000	-12.899645	-24.857093	0.121894	-249.918738	-0.022667	-195.272192	
4.447000	-12.958840	-24.986631	0.119736	-249.919709	-0.034348	-195.280484	
4.448000	-12.963068	-25.027111	0.119050	-249.920690	0.004591	-195.288353	
4.449000	-12.950384	-24.881382	0.119748	-249.921681	-0.038242	-195.295845	
4.450000	-12.937699	-25.010919	0.121323	-249.922681	-0.042136	-195.303068	
4.451000	-12.895417	-25.051399	0.123365	-249.923687	-0.084970	-195.310171	
4.452000	-12.933471	-24.946150	0.125498	-249.924698	-0.073288	-195.317319	
4.453000	-12.967297	-24.873285	0.127356	-249.925713	-0.073288	-195.324670	
4.454000	-12.912330	-24.986631	0.128689	-249.926730	-0.084970	-195.332350	
4.455000	-12.882733	-24.873285	0.129398	-249.927748	-0.139486	-195.340440	
4.456000	-12.996894	-24.929958	0.129500	-249.928766	-0.026560	-195.348969	
4.457000	-12.925015	-24.905670	0.129047	-249.929781	-0.057712	-195.357906	
4.458000	-12.895417	-24.938054	0.128052	-249.930794	-0.038242	-195.367164	
4.459000	-12.878504	-24.954246	0.126568	-249.931802	-0.057712	-195.376609	
4.460000	-12.963068	-25.002823	0.124866	-249.932804	-0.022667	-195.386085	
4.461000	-12.954612	-24.954246	0.123316	-249.933799	-0.003197	-195.395432	
4.462000	-12.963068	-24.986631	0.122149	-249.934785	0.016273	-195.404507	
4.463000	-12.920786	-25.075688	0.121535	-249.935762	0.000697	-195.413212	
4.464000	-12.874276	-24.946150	0.121691	-249.936731	-0.007091	-195.421499	
4.465000	-12.975753	-24.889478	0.122766	-249.937691	0.051319	-195.429376	
4.466000	-12.882733	-24.994727	0.124667	-249.938642	0.000697	-195.436909	
4.467000	-12.823538	-25.059495	0.127039	-249.939586	-0.053818	-195.444221	
4.468000	-12.963068	-24.929958	0.129360	-249.940523	-0.026560	-195.451468	
4.469000	-12.954612	-24.986631	0.131109	-249.941456	-0.010985	-195.458815	
4.470000	-12.899645	-24.938054	0.131890	-249.942386	-0.046030	-195.466409	
4.471000	-12.916558	-25.010919	0.131355	-249.943312	-0.073288	-195.474368	
4.472000	-12.937699	-24.962342	0.129171	-249.944235	-0.053818	-195.482755	
4.473000	-12.967297	-25.002823	0.125361	-249.945154	-0.096652	-195.491571	
4.474000	-12.941927	-24.938054	0.120386	-249.946068	-0.096652	-195.500759	
4.475000	-12.908102	-25.002823	0.114720	-249.946977	-0.057712	-195.510209	
4.476000	-12.882733	-24.962342	0.108726	-249.947876	-0.010985	-195.519776	
4.477000	-13.001122	-24.905670	0.102965	-249.948764	-0.034348	-195.529298	
4.478000	-12.916558	-24.986631	0.098084	-249.949638	-0.010985	-195.538614	
4.479000	-12.912330	-24.962342	0.094368	-249.950498	-0.034348	-195.547586	
4.480000	-12.988438	-24.824709	0.091843	-249.951344	0.024061	-195.556126	
4.481000	-12.920786	-25.067591	0.090480	-249.952178	-0.038242	-195.564194	
4.482000	-12.861592	-24.954246	0.089995	-249.953004	0.031849	-195.571814	
4.483000	-12.933471	-24.986631	0.090051	-249.953824	-0.042136	-195.579071	
4.484000	-12.937699	-25.124264	0.090614	-249.954639	-0.026560	-195.586102	
4.485000	-12.925015	-24.994727	0.091716	-249.955451	-0.030454	-195.593064	
4.486000	-12.950384	-24.938054	0.093147	-249.956257	-0.073288	-195.600119	
4.487000	-12.903874	-25.019015	0.094574	-249.957059	-0.061606	-195.607406	
4.488000	-12.933471	-24.897574	0.095801	-249.957854	-0.081076	-195.615022	
4.489000	-12.975753	-24.921862	0.096627	-249.958643	-0.061606	-195.623012	
4.490000	-12.903874	-24.970438	0.096709	-249.959424	-0.010985	-195.631367	
4.491000	-12.895417	-25.010919	0.095774	-249.960199	-0.061606	-195.640022	
4.492000	-13.001122	-24.703268	0.093891	-249.960966	-0.014879	-195.648862	
4.493000	-12.996894	-24.986631	0.091603	-249.961723	0.051319	-195.657743	
4.494000	-12.916558	-24.905670	0.089530	-249.962468	-0.053818	-195.666505	
4.495000	-12.925015	-24.970438	0.087865	-249.963198	0.012379	-195.675003	
4.496000	-12.950384	-24.905670	0.086516	-249.963914	0.039637	-195.683126	
4.497000	-12.920786	-24.994727	0.085441	-249.964616	-0.010985	-195.690807	
4.498000	-12.946156	-24.889478	0.085080	-249.965307	0.078577	-195.698029	
4.499000	-12.848907	-25.019015	0.086312	-249.965988	-0.042136	-195.704837	
4.500000	-12.967297	-25.019015	0.089464	-249.966656	-0.042136	-195.711334	0.000000
4.501000	-12.996894	-24.897574	0.093881	-249.967310	0.004591	-195.717660	
4.502000	-12.929243	-24.986631	0.098619	-249.967948	-0.042136	-195.723974	
4.503000	-12.903874	-24.986631	0.102926	-249.968571	-0.046030	-195.730429	
4.504000	-12.996894	-24.905670	0.106193	-249.969177	-0.092758	-195.737152	
4.505000	-12.920786	-24.970438	0.108008	-249.969768	-0.065500	-195.744222	
4.506000	-12.958840	-25.043303	0.108372	-249.970345	-0.069394	-195.751666	
4.507000	-12.912330	-24.889478	0.107501	-249.970906	-0.046030	-195.759459	
4.508000	-13.001122	-24.954246	0.105497	-249.971450	-0.014879	-195.767523	
4.509000	-12.929243	-25.108072	0.102618	-249.971978	-0.038242	-195.775732	
4.510000	-12.920786	-24.889478	0.099523	-249.972490	-0.038242	-195.783934	
4.511000	-12.916558	-25.051399	0.096776	-249.972989	0.020167	-195.791977	
4.512000	-12.967297	-24.905670	0.094459	-249.973473	0.024061	-195.799725	
4.513000	-13.001122	-24.929958	0.092367	-249.973944	0.012379	-195.807082	
4.514000	-12.958840	-25.108072	0.090591	-249.974402	0.063001	-195.813998	
4.515000	-12.912330	-25.221417	0.089892	-249.974846	0.024061	-195.820480	
4.516000	-12.984209	-24.946150	0.091050	-249.975276	0.000697	-195.826597	
4.517000	-12.899645	-24.889478	0.094095	-249.975691	-0.022667	-195.832464	
4.518000	-12.886961	-24.929958	0.098402	-249.976096	-0.081076	-195.838231	
4.519000	-12.929243	-24.978535	0.103122	-249.976491	-0.038242	-195.844065	
4.520000	-12.933471	-24.929958	0.107515	-249.976877	-0.049924	-195.850118	
4.521000	-12.954612	-24.840901	0.111101	-249.977256	-0.077182	-195.856505	
4.522000	-12.967297	-24.848997	0.113403	-249.977629	-0.018773	-195.863290	
4.523000	-12.789712	-25.067591	0.113758	-249.977995	-0.046030	-195.870484	
4.524000	-12.933471	-24.970438	0.111886	-249.978353	-0.049924	-195.878039	
4.525000	-12.979981	-24.889478	0.108266	-249.978701	0.000697	-195.885850	
4.526000	-12.941927	-24.938054	0.103797	-249.979037	-0.061606	-195.893775	
4.527000	-12.912330	-24.946150	0.099471	-249.979361	0.000697	-195.901655	
4.528000	-13.009579	-24.857093	0.096135	-249.979676	0.004591	-195.909334	
4.529000	-12.941927	-24.921862	0.094440	-249.979980	0.012379	-195.916676	
4.530000	-12.831994	-24.938054	0.094773	-249.980277	0.016273	-195.923587	
4.531000	-12.963068	-24.929958	0.097146	-249.980563	0.043531	-195.930034	
4.532000	-13.026491	-24.654691	0.101371	-249.980841	-0.030454	-195.936043	
4.533000	-12.946156	-24.848997	0.107112	-249.981110	-0.057712	-195.941696	
4.534000	-12.908102	-25.164744	0.113730	-249.981374	-0.042136	-195.947125	
4.535000	-12.908102	-25.035207	0.120385	-249.981631	-0.061606	-195.952490	
4.536000	-12.954612	-24.938054	0.126419	-249.981883	-0.077182	-195.957956	
4.537000	-12.950384	-24.921862	0.131618	-249.982129	-0.081076	-195.963666	
4.538000	-12.882733	-24.921862	0.136037	-249.982370	-0.084970	-195.969722	
4.539000	-12.903874	-25.164744	0.139637	-249.982603	0.004591	-195.976173	
4.540000	-13.026491	-24.929958	0.142293	-249.982826	-0.018773	-195.983014	
4.541000	-12.941927	-24.970438	0.143973	-249.983040	-0.049924	-195.990186	
4.542000	-12.891189	-24.978535	0.144692	-249.983244	0.008485	-195.997569	
4.543000	-12.971525	-24.913766	0.144512	-249.983440	-0.018773	-196.005018	
4.544000	-12.958840	-24.994727	0.143663	-249.983627	-0.018773	-196.012370	
4.545000	-12.899645	-24.897574	0.142468	-249.983807	0.012379	-196.019473	
4.546000	-12.933471	-24.986631	0.141098	-249.983980	-0.065500	-196.026205	
4.547000	-12.916558	-24.865189	0.139409	-249.984145	-0.010985	-196.032498	
4.548000	-13.001122	-24.962342	0.137340	-249.984301	0.055213	-196.038341	
4.549000	-12.996894	-24.897574	0.135427	-249.984451	-0.022667	-196.043778	
4.550000	-12.882733	-24.994727	0.134306	-249.984595	-0.057712	-196.048914	
4.551000	-12.937699	-24.978535	0.134035	-249.984734	-0.073288	-196.053894	
4.552000	-12.996894	-24.897574	0.134321	-249.984869	-0.053818	-196.058881	
4.553000	-12.920786	-24.946150	0.134959	-249.985001	-0.084970	-196.064035	
4.554000	-12.908102	-25.027111	0.135903	-249.985129	-0.081076	-196.069486	
4.555000	-12.891189	-25.067591	0.137168	-249.985253	-0.042136	-196.075321	
4.556000	-12.975753	-25.148552	0.138339	-249.985373	-0.069394	-196.081571	
4.557000	-12.950384	-24.857093	0.138545	-249.985491	0.035743	-196.088211	
4.558000	-12.895417	-24.954246	0.137724	-249.985608	0.008485	-196.095157	
4.559000	-12.861592	-25.010919	0.136739	-249.985725	-0.030454	-196.102283	
4.560000	-12.946156	-24.970438	0.136238	-249.985844	-0.007091	-196.109439	
4.561000	-12.988438	-24.905670	0.136468	-249.985968	-0.007091	-196.116465	
4.562000	-12.878504	-24.986631	0.137409	-249.986096	-0.022667	-196.123221	
4.563000	-12.886961	-25.010919	0.138864	-249.986229	0.012379	-196.129607	
4.564000	-13.056089	-25.051399	0.140655	-249.986365	0.047425	-196.135575	
4.565000	-12.958840	-24.938054	0.142225	-249.986503	-0.061606	-196.141130	
4.566000	-12.916558	-24.921862	0.142552	-249.986645	0.024061	-196.146334	
4.567000	-12.891189	-25.148552	0.141221	-249.986789	-0.065500	-196.151313	
4.568000	-12.925015	-24.938054	0.138792	-249.986935	-0.046030	-196.156225	
4.569000	-12.925015	-24.929958	0.135839	-249.987085	-0.049924	-196.161239	
4.570000	-12.920786	-24.929958	0.132532	-249.987237	-0.065500	-196.166508	
4.571000	-12.870048	-25.019015	0.128983	-249.987391	-0.065500	-196.172151	
4.572000	-12.950384	-24.978535	0.125467	-249.987546	-0.077182	-196.178236	
4.573000	-12.984209	-24.889478	0.121963	-249.987698	0.004591	-196.184771	
4.574000	-12.920786	-24.994727	0.117739	-249.987848	-0.065500	-196.191700	
4.575000	-12.899645	-25.043303	0.112266	-249.987995	-0.053818	-196.198918	
4.576000	-13.001122	-24.743748	0.106048	-249.988139	-0.010985	-196.206284	
4.577000	-12.950384	-24.994727	0.100052	-249.988278	0.008485	-196.213635	
4.578000	-12.895417	-24.962342	0.095066	-249.988413	0.024061	-196.220812	
4.579000	-12.903874	-25.002823	0.091661	-249.988545	0.016273	-196.227675	
4.580000	-12.882733	-24.946150	0.090224	-249.988671	0.047425	-196.234135	
4.581000	-12.941927	-24.897574	0.090803	-249.988793	0.035743	-196.240149	
4.582000	-12.975753	-24.832805	0.093145	-249.988909	-0.018773	-196.245735	
4.583000	-12.882733	-25.059495	0.097016	-249.989020	-0.018773	-196.250972	
4.584000	-12.958840	-25.083784	0.102037	-249.989125	-0.003197	-196.255990	
4.585000	-12.975753	-24.857093	0.107416	-249.989225	-0.007091	-196.260950	
4.586000	-12.903874	-24.986631	0.112342	-249.989320	-0.077182	-196.266017	
4.587000	-12.903874	-25.059495	0.116240	-249.989411	-0.061606	-196.271338	
4.588000	-13.001122	-24.913766	0.118617	-249.989498	-0.049924	-196.277018	
4.589000	-12.946156	-25.059495	0.119087	-249.989580	-0.030454	-196.283103	
4.590000	-12.886961	-24.978535	0.117607	-249.989657	-0.046030	-196.289582	
4.591000	-12.920786	-25.051399	0.114717	-249.989725	-0.065500	-196.296392	
4.592000	-12.946156	-24.978535	0.111207	-249.989782	0.008485	-196.303418	
4.593000	-13.026491	-24.865189	0.107650	-249.989826	-0.030454	-196.310510	
4.594000	-12.878504	-25.019015	0.104497	-249.989859	-0.038242	-196.317505	
4.595000	-12.899645	-25.051399	0.102056	-249.989880	-0.003197	-196.324252	
4.596000	-12.979981	-24.865189	0.100344	-249.989889	0.008485	-196.330631	
4.597000	-12.992666	-24.776133	0.099369	-249.989885	-0.003197	-196.336572	
4.598000	-12.908102	-25.010919	0.099515	-249.989871	0.039637	-196.342053	
4.599000	-12.903874	-24.889478	0.101247	-249.989844	0.031849	-196.347115	
